frame_index,timestamp,corner_index,board_col,board_row,board_x_mm,board_y_mm,u_raw_px,v_raw_px,u_undist_px,v_undist_px
1,2026-08-07T21:26:55.598,0,0,0,0.0,0.0,231.79759216308594,249.42042541503906,231.79759216308594,249.42042541503906
1,2026-08-07T21:26:55.598,1,1,0,25.0,0.0,246.7076416015625,244.0627899169922,246.7076416015625,244.0627899169922
1,2026-08-07T21:26:55.598,2,2,0,50.0,0.0,260.8312072753906,238.80740356445312,260.8312072753906,238.80740356445312
1,2026-08-07T21:26:55.598,3,3,0,75.0,0.0,274.7191162109375,234.4805145263672,274.7191162109375,234.4805145263672
1,2026-08-07T21:26:55.598,4,4,0,100.0,0.0,287.4833068847656,229.3373260498047,287.4833068847656,229.3373260498047
1,2026-08-07T21:26:55.598,5,5,0,125.0,0.0,300.5574035644531,225.04910278320312,300.5574035644531,225.04910278320312
1,2026-08-07T21:26:55.598,6,0,1,0.0,25.0,239.1602020263672,257.6365966796875,239.1602020263672,257.6365966796875
1,2026-08-07T21:26:55.598,7,1,1,25.0,25.0,254.34512329101562,251.9346160888672,254.34512329101562,251.9346160888672
1,2026-08-07T21:26:55.598,8,2,1,50.0,25.0,268.9188537597656,246.51455688476562,268.9188537597656,246.51455688476562
1,2026-08-07T21:26:55.598,9,3,1,75.0,25.0,282.7622375488281,241.5706024169922,282.7622375488281,241.5706024169922
1,2026-08-07T21:26:55.598,10,4,1,100.0,25.0,295.9826965332031,236.66224670410156,295.9826965332031,236.66224670410156
1,2026-08-07T21:26:55.598,11,5,1,125.0,25.0,309.18792724609375,231.70420837402344,309.18792724609375,231.70420837402344
1,2026-08-07T21:26:55.598,12,0,2,0.0,50.0,246.84707641601562,266.3711242675781,246.84707641601562,266.3711242675781
1,2026-08-07T21:26:55.598,13,1,2,25.0,50.0,262.17279052734375,260.28485107421875,262.17279052734375,260.28485107421875
1,2026-08-07T21:26:55.598,14,2,2,50.0,50.0,276.9285583496094,254.50131225585938,276.9285583496094,254.50131225585938
1,2026-08-07T21:26:55.598,15,3,2,75.0,50.0,291.0146484375,249.05184936523438,291.0146484375,249.05184936523438
1,2026-08-07T21:26:55.598,16,4,2,100.0,50.0,304.5956726074219,243.97145080566406,304.5956726074219,243.97145080566406
1,2026-08-07T21:26:55.598,17,5,2,125.0,50.0,317.58587646484375,238.67466735839844,317.58587646484375,238.67466735839844
1,2026-08-07T21:26:55.598,18,0,3,0.0,75.0,254.88267517089844,275.4347229003906,254.88267517089844,275.4347229003906
1,2026-08-07T21:26:55.598,19,1,3,25.0,75.0,270.46087646484375,268.89215087890625,270.46087646484375,268.89215087890625
1,2026-08-07T21:26:55.598,20,2,3,50.0,75.0,285.5673522949219,262.83270263671875,285.5673522949219,262.83270263671875
1,2026-08-07T21:26:55.598,21,3,3,75.0,75.0,299.9398193359375,257.1268005371094,299.9398193359375,257.1268005371094
1,2026-08-07T21:26:55.598,22,4,3,100.0,75.0,313.61968994140625,251.58717346191406,313.61968994140625,251.58717346191406
1,2026-08-07T21:26:55.598,23,5,3,125.0,75.0,327.0856018066406,245.8599853515625,327.0856018066406,245.8599853515625
1,2026-08-07T21:26:55.598,24,0,4,0.0,100.0,263.5995178222656,285.399169921875,263.5995178222656,285.399169921875
1,2026-08-07T21:26:55.598,25,1,4,25.0,100.0,279.4432067871094,278.36181640625,279.4432067871094,278.36181640625
1,2026-08-07T21:26:55.598,26,2,4,50.0,100.0,294.8258972167969,271.8966064453125,294.8258972167969,271.8966064453125
1,2026-08-07T21:26:55.598,27,3,4,75.0,100.0,309.4297790527344,265.7703552246094,309.4297790527344,265.7703552246094
1,2026-08-07T21:26:55.598,28,4,4,100.0,100.0,323.29376220703125,259.7029113769531,323.29376220703125,259.7029113769531
1,2026-08-07T21:26:55.598,29,5,4,125.0,100.0,336.5711364746094,253.46246337890625,336.5711364746094,253.46246337890625
1,2026-08-07T21:26:55.598,30,0,5,0.0,125.0,272.90472412109375,295.7651672363281,272.90472412109375,295.7651672363281
1,2026-08-07T21:26:55.598,31,1,5,25.0,125.0,288.9774475097656,288.485107421875,288.9774475097656,288.485107421875
1,2026-08-07T21:26:55.598,32,2,5,50.0,125.0,304.7353210449219,281.614501953125,304.7353210449219,281.614501953125
1,2026-08-07T21:26:55.598,33,3,5,75.0,125.0,319.38702392578125,274.8686828613281,319.38702392578125,274.8686828613281
1,2026-08-07T21:26:55.598,34,4,5,100.0,125.0,333.41375732421875,268.27593994140625,333.41375732421875,268.27593994140625
1,2026-08-07T21:26:55.598,35,5,5,125.0,125.0,347.172607421875,261.69415283203125,347.172607421875,261.69415283203125
1,2026-08-07T21:26:55.598,36,0,6,0.0,150.0,282.62353515625,306.57952880859375,282.62353515625,306.57952880859375
1,2026-08-07T21:26:55.598,37,1,6,25.0,150.0,299.1354064941406,299.0031433105469,299.1354064941406,299.0031433105469
1,2026-08-07T21:26:55.598,38,2,6,50.0,150.0,315.1135559082031,291.5431823730469,315.1135559082031,291.5431823730469
1,2026-08-07T21:26:55.598,39,3,6,75.0,150.0,329.9807434082031,284.44317626953125,329.9807434082031,284.44317626953125
1,2026-08-07T21:26:55.598,40,4,6,100.0,150.0,344.26397705078125,277.30609130859375,344.26397705078125,277.30609130859375
1,2026-08-07T21:26:55.598,41,5,6,125.0,150.0,357.91290283203125,270.3345947265625,357.91290283203125,270.3345947265625
1,2026-08-07T21:26:55.598,42,0,7,0.0,175.0,293.22357177734375,318.22796630859375,293.22357177734375,318.22796630859375
1,2026-08-07T21:26:55.598,43,1,7,25.0,175.0,310.1490173339844,310.0443420410156,310.1490173339844,310.0443420410156
1,2026-08-07T21:26:55.598,44,2,7,50.0,175.0,326.28253173828125,302.1778564453125,326.28253173828125,302.1778564453125
1,2026-08-07T21:26:55.598,45,3,7,75.0,175.0,341.506103515625,294.6476745605469,341.506103515625,294.6476745605469
1,2026-08-07T21:26:55.598,46,4,7,100.0,175.0,355.953857421875,286.93548583984375,355.953857421875,286.93548583984375
1,2026-08-07T21:26:55.598,47,5,7,125.0,175.0,369.9237060546875,279.6249084472656,369.9237060546875,279.6249084472656
2,2026-08-07T21:26:55.624,0,0,0,0.0,0.0,231.8061981201172,249.4242706298828,231.8061981201172,249.4242706298828
2,2026-08-07T21:26:55.624,1,1,0,25.0,0.0,246.70790100097656,244.05929565429688,246.70790100097656,244.05929565429688
2,2026-08-07T21:26:55.624,2,2,0,50.0,0.0,260.8492126464844,238.83241271972656,260.8492126464844,238.83241271972656
2,2026-08-07T21:26:55.624,3,3,0,75.0,0.0,274.683837890625,234.48533630371094,274.683837890625,234.48533630371094
2,2026-08-07T21:26:55.624,4,4,0,100.0,0.0,287.50286865234375,229.39537048339844,287.50286865234375,229.39537048339844
2,2026-08-07T21:26:55.624,5,5,0,125.0,0.0,300.53057861328125,225.04832458496094,300.53057861328125,225.04832458496094
2,2026-08-07T21:26:55.624,6,0,1,0.0,25.0,239.15225219726562,257.6411437988281,239.15225219726562,257.6411437988281
2,2026-08-07T21:26:55.624,7,1,1,25.0,25.0,254.33206176757812,251.93817138671875,254.33206176757812,251.93817138671875
2,2026-08-07T21:26:55.624,8,2,1,50.0,25.0,268.9548645019531,246.51405334472656,268.9548645019531,246.51405334472656
2,2026-08-07T21:26:55.624,9,3,1,75.0,25.0,282.7691955566406,241.56678771972656,282.7691955566406,241.56678771972656
2,2026-08-07T21:26:55.624,10,4,1,100.0,25.0,295.97900390625,236.66571044921875,295.97900390625,236.66571044921875
2,2026-08-07T21:26:55.624,11,5,1,125.0,25.0,309.15966796875,231.69406127929688,309.15966796875,231.69406127929688
2,2026-08-07T21:26:55.624,12,0,2,0.0,50.0,246.8517303466797,266.3642272949219,246.8517303466797,266.3642272949219
2,2026-08-07T21:26:55.624,13,1,2,25.0,50.0,262.1549072265625,260.281005859375,262.1549072265625,260.281005859375
2,2026-08-07T21:26:55.624,14,2,2,50.0,50.0,276.945068359375,254.4978790283203,276.945068359375,254.4978790283203
2,2026-08-07T21:26:55.624,15,3,2,75.0,50.0,291.0157775878906,249.04434204101562,291.0157775878906,249.04434204101562
2,2026-08-07T21:26:55.624,16,4,2,100.0,50.0,304.5954895019531,243.97177124023438,304.5954895019531,243.97177124023438
2,2026-08-07T21:26:55.624,17,5,2,125.0,50.0,317.6018371582031,238.66119384765625,317.6018371582031,238.66119384765625
2,2026-08-07T21:26:55.624,18,0,3,0.0,75.0,254.8773956298828,275.4307556152344,254.8773956298828,275.4307556152344
2,2026-08-07T21:26:55.624,19,1,3,25.0,75.0,270.4749450683594,268.88385009765625,270.4749450683594,268.88385009765625
2,2026-08-07T21:26:55.624,20,2,3,50.0,75.0,285.5453796386719,262.8245849609375,285.5453796386719,262.8245849609375
2,2026-08-07T21:26:55.624,21,3,3,75.0,75.0,299.9465026855469,257.1258239746094,299.9465026855469,257.1258239746094
2,2026-08-07T21:26:55.624,22,4,3,100.0,75.0,313.5895080566406,251.58445739746094,313.5895080566406,251.58445739746094
2,2026-08-07T21:26:55.624,23,5,3,125.0,75.0,327.0336608886719,245.8694610595703,327.0336608886719,245.8694610595703
2,2026-08-07T21:26:55.624,24,0,4,0.0,100.0,263.5888366699219,285.3736877441406,263.5888366699219,285.3736877441406
2,2026-08-07T21:26:55.624,25,1,4,25.0,100.0,279.45574951171875,278.3618469238281,279.45574951171875,278.3618469238281
2,2026-08-07T21:26:55.624,26,2,4,50.0,100.0,294.8243408203125,271.8926696777344,294.8243408203125,271.8926696777344
2,2026-08-07T21:26:55.624,27,3,4,75.0,100.0,309.4418029785156,265.774658203125,309.4418029785156,265.774658203125
2,2026-08-07T21:26:55.624,28,4,4,100.0,100.0,323.2833557128906,259.6883544921875,323.2833557128906,259.6883544921875
2,2026-08-07T21:26:55.624,29,5,4,125.0,100.0,336.571533203125,253.45664978027344,336.571533203125,253.45664978027344
2,2026-08-07T21:26:55.624,30,0,5,0.0,125.0,272.87371826171875,295.7829895019531,272.87371826171875,295.7829895019531
2,2026-08-07T21:26:55.624,31,1,5,25.0,125.0,288.97369384765625,288.4854736328125,288.97369384765625,288.4854736328125
2,2026-08-07T21:26:55.624,32,2,5,50.0,125.0,304.73370361328125,281.6260070800781,304.73370361328125,281.6260070800781
2,2026-08-07T21:26:55.624,33,3,5,75.0,125.0,319.4063720703125,274.875244140625,319.4063720703125,274.875244140625
2,2026-08-07T21:26:55.624,34,4,5,100.0,125.0,333.4139709472656,268.28790283203125,333.4139709472656,268.28790283203125
2,2026-08-07T21:26:55.624,35,5,5,125.0,125.0,347.1541442871094,261.6907958984375,347.1541442871094,261.6907958984375
2,2026-08-07T21:26:55.624,36,0,6,0.0,150.0,282.6341247558594,306.5880432128906,282.6341247558594,306.5880432128906
2,2026-08-07T21:26:55.624,37,1,6,25.0,150.0,299.1520690917969,299.0058288574219,299.1520690917969,299.0058288574219
2,2026-08-07T21:26:55.624,38,2,6,50.0,150.0,315.1121826171875,291.5361328125,315.1121826171875,291.5361328125
2,2026-08-07T21:26:55.624,39,3,6,75.0,150.0,330.0061950683594,284.43438720703125,330.0061950683594,284.43438720703125
2,2026-08-07T21:26:55.624,40,4,6,100.0,150.0,344.2511291503906,277.3115539550781,344.2511291503906,277.3115539550781
2,2026-08-07T21:26:55.624,41,5,6,125.0,150.0,357.9268798828125,270.31842041015625,357.9268798828125,270.31842041015625
2,2026-08-07T21:26:55.624,42,0,7,0.0,175.0,293.2479248046875,318.2377624511719,293.2479248046875,318.2377624511719
2,2026-08-07T21:26:55.624,43,1,7,25.0,175.0,310.1336364746094,310.0472717285156,310.1336364746094,310.0472717285156
2,2026-08-07T21:26:55.624,44,2,7,50.0,175.0,326.2667541503906,302.1685791015625,326.2667541503906,302.1685791015625
2,2026-08-07T21:26:55.624,45,3,7,75.0,175.0,341.5145263671875,294.6557922363281,341.5145263671875,294.6557922363281
2,2026-08-07T21:26:55.624,46,4,7,100.0,175.0,355.94989013671875,286.92645263671875,355.94989013671875,286.92645263671875
2,2026-08-07T21:26:55.624,47,5,7,125.0,175.0,369.9267272949219,279.6288146972656,369.9267272949219,279.6288146972656
3,2026-08-07T21:26:55.651,0,0,0,0.0,0.0,231.8061981201172,249.4242706298828,231.8061981201172,249.4242706298828
3,2026-08-07T21:26:55.651,1,1,0,25.0,0.0,246.70790100097656,244.05929565429688,246.70790100097656,244.05929565429688
3,2026-08-07T21:26:55.651,2,2,0,50.0,0.0,260.8492126464844,238.83241271972656,260.8492126464844,238.83241271972656
3,2026-08-07T21:26:55.651,3,3,0,75.0,0.0,274.683837890625,234.48533630371094,274.683837890625,234.48533630371094
3,2026-08-07T21:26:55.651,4,4,0,100.0,0.0,287.50286865234375,229.39537048339844,287.50286865234375,229.39537048339844
3,2026-08-07T21:26:55.651,5,5,0,125.0,0.0,300.53057861328125,225.04832458496094,300.53057861328125,225.04832458496094
3,2026-08-07T21:26:55.651,6,0,1,0.0,25.0,239.15225219726562,257.6411437988281,239.15225219726562,257.6411437988281
3,2026-08-07T21:26:55.651,7,1,1,25.0,25.0,254.33206176757812,251.93817138671875,254.33206176757812,251.93817138671875
3,2026-08-07T21:26:55.651,8,2,1,50.0,25.0,268.9548645019531,246.51405334472656,268.9548645019531,246.51405334472656
3,2026-08-07T21:26:55.651,9,3,1,75.0,25.0,282.7691955566406,241.56678771972656,282.7691955566406,241.56678771972656
3,2026-08-07T21:26:55.651,10,4,1,100.0,25.0,295.97900390625,236.66571044921875,295.97900390625,236.66571044921875
3,2026-08-07T21:26:55.651,11,5,1,125.0,25.0,309.15966796875,231.69406127929688,309.15966796875,231.69406127929688
3,2026-08-07T21:26:55.651,12,0,2,0.0,50.0,246.8517303466797,266.3642272949219,246.8517303466797,266.3642272949219
3,2026-08-07T21:26:55.651,13,1,2,25.0,50.0,262.1549072265625,260.281005859375,262.1549072265625,260.281005859375
3,2026-08-07T21:26:55.651,14,2,2,50.0,50.0,276.945068359375,254.4978790283203,276.945068359375,254.4978790283203
3,2026-08-07T21:26:55.651,15,3,2,75.0,50.0,291.0157775878906,249.04434204101562,291.0157775878906,249.04434204101562
3,2026-08-07T21:26:55.651,16,4,2,100.0,50.0,304.5954895019531,243.97177124023438,304.5954895019531,243.97177124023438
3,2026-08-07T21:26:55.651,17,5,2,125.0,50.0,317.6018371582031,238.66119384765625,317.6018371582031,238.66119384765625
3,2026-08-07T21:26:55.651,18,0,3,0.0,75.0,254.8773956298828,275.4307556152344,254.8773956298828,275.4307556152344
3,2026-08-07T21:26:55.651,19,1,3,25.0,75.0,270.4749450683594,268.88385009765625,270.4749450683594,268.88385009765625
3,2026-08-07T21:26:55.651,20,2,3,50.0,75.0,285.5453796386719,262.8245849609375,285.5453796386719,262.8245849609375
3,2026-08-07T21:26:55.651,21,3,3,75.0,75.0,299.9465026855469,257.1258239746094,299.9465026855469,257.1258239746094
3,2026-08-07T21:26:55.651,22,4,3,100.0,75.0,313.5895080566406,251.58445739746094,313.5895080566406,251.58445739746094
3,2026-08-07T21:26:55.651,23,5,3,125.0,75.0,327.0336608886719,245.8694610595703,327.0336608886719,245.8694610595703
3,2026-08-07T21:26:55.651,24,0,4,0.0,100.0,263.5888366699219,285.3736877441406,263.5888366699219,285.3736877441406
3,2026-08-07T21:26:55.651,25,1,4,25.0,100.0,279.45574951171875,278.3618469238281,279.45574951171875,278.3618469238281
3,2026-08-07T21:26:55.651,26,2,4,50.0,100.0,294.8243408203125,271.8926696777344,294.8243408203125,271.8926696777344
3,2026-08-07T21:26:55.651,27,3,4,75.0,100.0,309.4418029785156,265.774658203125,309.4418029785156,265.774658203125
3,2026-08-07T21:26:55.651,28,4,4,100.0,100.0,323.2833557128906,259.6883544921875,323.2833557128906,259.6883544921875
3,2026-08-07T21:26:55.651,29,5,4,125.0,100.0,336.571533203125,253.45664978027344,336.571533203125,253.45664978027344
3,2026-08-07T21:26:55.651,30,0,5,0.0,125.0,272.87371826171875,295.7829895019531,272.87371826171875,295.7829895019531
3,2026-08-07T21:26:55.651,31,1,5,25.0,125.0,288.97369384765625,288.4854736328125,288.97369384765625,288.4854736328125
3,2026-08-07T21:26:55.651,32,2,5,50.0,125.0,304.73370361328125,281.6260070800781,304.73370361328125,281.6260070800781
3,2026-08-07T21:26:55.651,33,3,5,75.0,125.0,319.4063720703125,274.875244140625,319.4063720703125,274.875244140625
3,2026-08-07T21:26:55.651,34,4,5,100.0,125.0,333.4139709472656,268.28790283203125,333.4139709472656,268.28790283203125
3,2026-08-07T21:26:55.651,35,5,5,125.0,125.0,347.1541442871094,261.6907958984375,347.1541442871094,261.6907958984375
3,2026-08-07T21:26:55.651,36,0,6,0.0,150.0,282.6341247558594,306.5880432128906,282.6341247558594,306.5880432128906
3,2026-08-07T21:26:55.651,37,1,6,25.0,150.0,299.1520690917969,299.0058288574219,299.1520690917969,299.0058288574219
3,2026-08-07T21:26:55.651,38,2,6,50.0,150.0,315.1121826171875,291.5361328125,315.1121826171875,291.5361328125
3,2026-08-07T21:26:55.651,39,3,6,75.0,150.0,330.0061950683594,284.43438720703125,330.0061950683594,284.43438720703125
3,2026-08-07T21:26:55.651,40,4,6,100.0,150.0,344.2511291503906,277.3115539550781,344.2511291503906,277.3115539550781
3,2026-08-07T21:26:55.651,41,5,6,125.0,150.0,357.9268798828125,270.31842041015625,357.9268798828125,270.31842041015625
3,2026-08-07T21:26:55.651,42,0,7,0.0,175.0,293.2479248046875,318.2377624511719,293.2479248046875,318.2377624511719
3,2026-08-07T21:26:55.651,43,1,7,25.0,175.0,310.1336364746094,310.0472717285156,310.1336364746094,310.0472717285156
3,2026-08-07T21:26:55.651,44,2,7,50.0,175.0,326.2667541503906,302.1685791015625,326.2667541503906,302.1685791015625
3,2026-08-07T21:26:55.651,45,3,7,75.0,175.0,341.5145263671875,294.6557922363281,341.5145263671875,294.6557922363281
3,2026-08-07T21:26:55.651,46,4,7,100.0,175.0,355.94989013671875,286.92645263671875,355.94989013671875,286.92645263671875
3,2026-08-07T21:26:55.651,47,5,7,125.0,175.0,369.9267272949219,279.6288146972656,369.9267272949219,279.6288146972656
4,2026-08-07T21:26:55.677,0,0,0,0.0,0.0,231.80905151367188,249.4252471923828,231.80905151367188,249.4252471923828
4,2026-08-07T21:26:55.677,1,1,0,25.0,0.0,246.70010375976562,244.0690155029297,246.70010375976562,244.0690155029297
4,2026-08-07T21:26:55.677,2,2,0,50.0,0.0,260.8423156738281,238.8076171875,260.8423156738281,238.8076171875
4,2026-08-07T21:26:55.677,3,3,0,75.0,0.0,274.7216491699219,234.48748779296875,274.7216491699219,234.48748779296875
4,2026-08-07T21:26:55.677,4,4,0,100.0,0.0,287.46038818359375,229.34326171875,287.46038818359375,229.34326171875
4,2026-08-07T21:26:55.677,5,5,0,125.0,0.0,300.51873779296875,225.0518798828125,300.51873779296875,225.0518798828125
4,2026-08-07T21:26:55.677,6,0,1,0.0,25.0,239.1383819580078,257.6430358886719,239.1383819580078,257.6430358886719
4,2026-08-07T21:26:55.677,7,1,1,25.0,25.0,254.32577514648438,251.9299774169922,254.32577514648438,251.9299774169922
4,2026-08-07T21:26:55.677,8,2,1,50.0,25.0,268.91497802734375,246.52377319335938,268.91497802734375,246.52377319335938
4,2026-08-07T21:26:55.677,9,3,1,75.0,25.0,282.7860107421875,241.57568359375,282.7860107421875,241.57568359375
4,2026-08-07T21:26:55.677,10,4,1,100.0,25.0,295.9423828125,236.66212463378906,295.9423828125,236.66212463378906
4,2026-08-07T21:26:55.677,11,5,1,125.0,25.0,309.17767333984375,231.69549560546875,309.17767333984375,231.69549560546875
4,2026-08-07T21:26:55.677,12,0,2,0.0,50.0,246.85177612304688,266.36480712890625,246.85177612304688,266.36480712890625
4,2026-08-07T21:26:55.677,13,1,2,25.0,50.0,262.1853942871094,260.27178955078125,262.1853942871094,260.27178955078125
4,2026-08-07T21:26:55.677,14,2,2,50.0,50.0,276.91363525390625,254.50498962402344,276.91363525390625,254.50498962402344
4,2026-08-07T21:26:55.677,15,3,2,75.0,50.0,291.01690673828125,249.0504608154297,291.01690673828125,249.0504608154297
4,2026-08-07T21:26:55.677,16,4,2,100.0,50.0,304.61016845703125,243.97418212890625,304.61016845703125,243.97418212890625
4,2026-08-07T21:26:55.677,17,5,2,125.0,50.0,317.6169128417969,238.67633056640625,317.6169128417969,238.67633056640625
4,2026-08-07T21:26:55.677,18,0,3,0.0,75.0,254.87100219726562,275.43896484375,254.87100219726562,275.43896484375
4,2026-08-07T21:26:55.677,19,1,3,25.0,75.0,270.46112060546875,268.8843688964844,270.46112060546875,268.8843688964844
4,2026-08-07T21:26:55.677,20,2,3,50.0,75.0,285.5600891113281,262.8216247558594,285.5600891113281,262.8216247558594
4,2026-08-07T21:26:55.677,21,3,3,75.0,75.0,299.93731689453125,257.1192932128906,299.93731689453125,257.1192932128906
4,2026-08-07T21:26:55.677,22,4,3,100.0,75.0,313.59796142578125,251.59609985351562,313.59796142578125,251.59609985351562
4,2026-08-07T21:26:55.677,23,5,3,125.0,75.0,327.0693359375,245.87779235839844,327.0693359375,245.87779235839844
4,2026-08-07T21:26:55.677,24,0,4,0.0,100.0,263.5739440917969,285.3739318847656,263.5739440917969,285.3739318847656
4,2026-08-07T21:26:55.677,25,1,4,25.0,100.0,279.497802734375,278.3681335449219,279.497802734375,278.3681335449219
4,2026-08-07T21:26:55.677,26,2,4,50.0,100.0,294.8236389160156,271.8935241699219,294.8236389160156,271.8935241699219
4,2026-08-07T21:26:55.677,27,3,4,75.0,100.0,309.4421081542969,265.78729248046875,309.4421081542969,265.78729248046875
4,2026-08-07T21:26:55.677,28,4,4,100.0,100.0,323.2898254394531,259.6966857910156,323.2898254394531,259.6966857910156
4,2026-08-07T21:26:55.677,29,5,4,125.0,100.0,336.55029296875,253.46412658691406,336.55029296875,253.46412658691406
4,2026-08-07T21:26:55.677,30,0,5,0.0,125.0,272.92523193359375,295.79022216796875,272.92523193359375,295.79022216796875
4,2026-08-07T21:26:55.677,31,1,5,25.0,125.0,288.99395751953125,288.4843444824219,288.99395751953125,288.4843444824219
4,2026-08-07T21:26:55.677,32,2,5,50.0,125.0,304.73199462890625,281.6225891113281,304.73199462890625,281.6225891113281
4,2026-08-07T21:26:55.677,33,3,5,75.0,125.0,319.4339294433594,274.88104248046875,319.4339294433594,274.88104248046875
4,2026-08-07T21:26:55.677,34,4,5,100.0,125.0,333.4000549316406,268.27716064453125,333.4000549316406,268.27716064453125
4,2026-08-07T21:26:55.677,35,5,5,125.0,125.0,347.1769714355469,261.683349609375,347.1769714355469,261.683349609375
4,2026-08-07T21:26:55.677,36,0,6,0.0,150.0,282.640625,306.589599609375,282.640625,306.589599609375
4,2026-08-07T21:26:55.677,37,1,6,25.0,150.0,299.140869140625,299.010498046875,299.140869140625,299.010498046875
4,2026-08-07T21:26:55.677,38,2,6,50.0,150.0,315.092529296875,291.5513916015625,315.092529296875,291.5513916015625
4,2026-08-07T21:26:55.677,39,3,6,75.0,150.0,329.9852600097656,284.45562744140625,329.9852600097656,284.45562744140625
4,2026-08-07T21:26:55.677,40,4,6,100.0,150.0,344.26446533203125,277.31085205078125,344.26446533203125,277.31085205078125
4,2026-08-07T21:26:55.677,41,5,6,125.0,150.0,357.9043884277344,270.3143615722656,357.9043884277344,270.3143615722656
4,2026-08-07T21:26:55.677,42,0,7,0.0,175.0,293.2496643066406,318.2276306152344,293.2496643066406,318.2276306152344
4,2026-08-07T21:26:55.677,43,1,7,25.0,175.0,310.1668395996094,310.0506591796875,310.1668395996094,310.0506591796875
4,2026-08-07T21:26:55.677,44,2,7,50.0,175.0,326.2796630859375,302.1727294921875,326.2796630859375,302.1727294921875
4,2026-08-07T21:26:55.677,45,3,7,75.0,175.0,341.5220947265625,294.6431579589844,341.5220947265625,294.6431579589844
4,2026-08-07T21:26:55.677,46,4,7,100.0,175.0,355.9591979980469,286.92877197265625,355.9591979980469,286.92877197265625
4,2026-08-07T21:26:55.677,47,5,7,125.0,175.0,369.9320068359375,279.6284484863281,369.9320068359375,279.6284484863281
5,2026-08-07T21:26:55.707,0,0,0,0.0,0.0,231.80905151367188,249.4252471923828,231.80905151367188,249.4252471923828
5,2026-08-07T21:26:55.707,1,1,0,25.0,0.0,246.70010375976562,244.0690155029297,246.70010375976562,244.0690155029297
5,2026-08-07T21:26:55.707,2,2,0,50.0,0.0,260.8423156738281,238.8076171875,260.8423156738281,238.8076171875
5,2026-08-07T21:26:55.707,3,3,0,75.0,0.0,274.7216491699219,234.48748779296875,274.7216491699219,234.48748779296875
5,2026-08-07T21:26:55.707,4,4,0,100.0,0.0,287.46038818359375,229.34326171875,287.46038818359375,229.34326171875
5,2026-08-07T21:26:55.707,5,5,0,125.0,0.0,300.51873779296875,225.0518798828125,300.51873779296875,225.0518798828125
5,2026-08-07T21:26:55.707,6,0,1,0.0,25.0,239.1383819580078,257.6430358886719,239.1383819580078,257.6430358886719
5,2026-08-07T21:26:55.707,7,1,1,25.0,25.0,254.32577514648438,251.9299774169922,254.32577514648438,251.9299774169922
5,2026-08-07T21:26:55.707,8,2,1,50.0,25.0,268.91497802734375,246.52377319335938,268.91497802734375,246.52377319335938
5,2026-08-07T21:26:55.707,9,3,1,75.0,25.0,282.7860107421875,241.57568359375,282.7860107421875,241.57568359375
5,2026-08-07T21:26:55.707,10,4,1,100.0,25.0,295.9423828125,236.66212463378906,295.9423828125,236.66212463378906
5,2026-08-07T21:26:55.707,11,5,1,125.0,25.0,309.17767333984375,231.69549560546875,309.17767333984375,231.69549560546875
5,2026-08-07T21:26:55.707,12,0,2,0.0,50.0,246.85177612304688,266.36480712890625,246.85177612304688,266.36480712890625
5,2026-08-07T21:26:55.707,13,1,2,25.0,50.0,262.1853942871094,260.27178955078125,262.1853942871094,260.27178955078125
5,2026-08-07T21:26:55.707,14,2,2,50.0,50.0,276.91363525390625,254.50498962402344,276.91363525390625,254.50498962402344
5,2026-08-07T21:26:55.707,15,3,2,75.0,50.0,291.01690673828125,249.0504608154297,291.01690673828125,249.0504608154297
5,2026-08-07T21:26:55.707,16,4,2,100.0,50.0,304.61016845703125,243.97418212890625,304.61016845703125,243.97418212890625
5,2026-08-07T21:26:55.707,17,5,2,125.0,50.0,317.6169128417969,238.67633056640625,317.6169128417969,238.67633056640625
5,2026-08-07T21:26:55.707,18,0,3,0.0,75.0,254.87100219726562,275.43896484375,254.87100219726562,275.43896484375
5,2026-08-07T21:26:55.707,19,1,3,25.0,75.0,270.46112060546875,268.8843688964844,270.46112060546875,268.8843688964844
5,2026-08-07T21:26:55.707,20,2,3,50.0,75.0,285.5600891113281,262.8216247558594,285.5600891113281,262.8216247558594
5,2026-08-07T21:26:55.707,21,3,3,75.0,75.0,299.93731689453125,257.1192932128906,299.93731689453125,257.1192932128906
5,2026-08-07T21:26:55.707,22,4,3,100.0,75.0,313.59796142578125,251.59609985351562,313.59796142578125,251.59609985351562
5,2026-08-07T21:26:55.707,23,5,3,125.0,75.0,327.0693359375,245.87779235839844,327.0693359375,245.87779235839844
5,2026-08-07T21:26:55.707,24,0,4,0.0,100.0,263.5739440917969,285.3739318847656,263.5739440917969,285.3739318847656
5,2026-08-07T21:26:55.707,25,1,4,25.0,100.0,279.497802734375,278.3681335449219,279.497802734375,278.3681335449219
5,2026-08-07T21:26:55.707,26,2,4,50.0,100.0,294.8236389160156,271.8935241699219,294.8236389160156,271.8935241699219
5,2026-08-07T21:26:55.707,27,3,4,75.0,100.0,309.4421081542969,265.78729248046875,309.4421081542969,265.78729248046875
5,2026-08-07T21:26:55.707,28,4,4,100.0,100.0,323.2898254394531,259.6966857910156,323.2898254394531,259.6966857910156
5,2026-08-07T21:26:55.707,29,5,4,125.0,100.0,336.55029296875,253.46412658691406,336.55029296875,253.46412658691406
5,2026-08-07T21:26:55.707,30,0,5,0.0,125.0,272.92523193359375,295.79022216796875,272.92523193359375,295.79022216796875
5,2026-08-07T21:26:55.707,31,1,5,25.0,125.0,288.99395751953125,288.4843444824219,288.99395751953125,288.4843444824219
5,2026-08-07T21:26:55.707,32,2,5,50.0,125.0,304.73199462890625,281.6225891113281,304.73199462890625,281.6225891113281
5,2026-08-07T21:26:55.707,33,3,5,75.0,125.0,319.4339294433594,274.88104248046875,319.4339294433594,274.88104248046875
5,2026-08-07T21:26:55.707,34,4,5,100.0,125.0,333.4000549316406,268.27716064453125,333.4000549316406,268.27716064453125
5,2026-08-07T21:26:55.707,35,5,5,125.0,125.0,347.1769714355469,261.683349609375,347.1769714355469,261.683349609375
5,2026-08-07T21:26:55.707,36,0,6,0.0,150.0,282.640625,306.589599609375,282.640625,306.589599609375
5,2026-08-07T21:26:55.707,37,1,6,25.0,150.0,299.140869140625,299.010498046875,299.140869140625,299.010498046875
5,2026-08-07T21:26:55.707,38,2,6,50.0,150.0,315.092529296875,291.5513916015625,315.092529296875,291.5513916015625
5,2026-08-07T21:26:55.707,39,3,6,75.0,150.0,329.9852600097656,284.45562744140625,329.9852600097656,284.45562744140625
5,2026-08-07T21:26:55.707,40,4,6,100.0,150.0,344.26446533203125,277.31085205078125,344.26446533203125,277.31085205078125
5,2026-08-07T21:26:55.707,41,5,6,125.0,150.0,357.9043884277344,270.3143615722656,357.9043884277344,270.3143615722656
5,2026-08-07T21:26:55.707,42,0,7,0.0,175.0,293.2496643066406,318.2276306152344,293.2496643066406,318.2276306152344
5,2026-08-07T21:26:55.707,43,1,7,25.0,175.0,310.1668395996094,310.0506591796875,310.1668395996094,310.0506591796875
5,2026-08-07T21:26:55.707,44,2,7,50.0,175.0,326.2796630859375,302.1727294921875,326.2796630859375,302.1727294921875
5,2026-08-07T21:26:55.707,45,3,7,75.0,175.0,341.5220947265625,294.6431579589844,341.5220947265625,294.6431579589844
5,2026-08-07T21:26:55.707,46,4,7,100.0,175.0,355.9591979980469,286.92877197265625,355.9591979980469,286.92877197265625
5,2026-08-07T21:26:55.707,47,5,7,125.0,175.0,369.9320068359375,279.6284484863281,369.9320068359375,279.6284484863281
6,2026-08-07T21:26:55.728,0,0,0,0.0,0.0,231.80320739746094,249.42166137695312,231.80320739746094,249.42166137695312
6,2026-08-07T21:26:55.728,1,1,0,25.0,0.0,246.7250518798828,244.07144165039062,246.7250518798828,244.07144165039062
6,2026-08-07T21:26:55.728,2,2,0,50.0,0.0,260.8410339355469,238.8270721435547,260.8410339355469,238.8270721435547
6,2026-08-07T21:26:55.728,3,3,0,75.0,0.0,274.71441650390625,234.4654083251953,274.71441650390625,234.4654083251953
6,2026-08-07T21:26:55.728,4,4,0,100.0,0.0,287.4469909667969,229.3538818359375,287.4469909667969,229.3538818359375
6,2026-08-07T21:26:55.728,5,5,0,125.0,0.0,300.51739501953125,225.05291748046875,300.51739501953125,225.05291748046875
6,2026-08-07T21:26:55.728,6,0,1,0.0,25.0,239.1968994140625,257.6565856933594,239.1968994140625,257.6565856933594
6,2026-08-07T21:26:55.728,7,1,1,25.0,25.0,254.3313446044922,251.93341064453125,254.3313446044922,251.93341064453125
6,2026-08-07T21:26:55.728,8,2,1,50.0,25.0,268.9183044433594,246.51658630371094,268.9183044433594,246.51658630371094
6,2026-08-07T21:26:55.728,9,3,1,75.0,25.0,282.78900146484375,241.57208251953125,282.78900146484375,241.57208251953125
6,2026-08-07T21:26:55.728,10,4,1,100.0,25.0,295.94085693359375,236.67068481445312,295.94085693359375,236.67068481445312
6,2026-08-07T21:26:55.728,11,5,1,125.0,25.0,309.1651611328125,231.70225524902344,309.1651611328125,231.70225524902344
6,2026-08-07T21:26:55.728,12,0,2,0.0,50.0,246.8408660888672,266.3709411621094,246.8408660888672,266.3709411621094
6,2026-08-07T21:26:55.728,13,1,2,25.0,50.0,262.1466369628906,260.2909240722656,262.1466369628906,260.2909240722656
6,2026-08-07T21:26:55.728,14,2,2,50.0,50.0,276.95458984375,254.50538635253906,276.95458984375,254.50538635253906
6,2026-08-07T21:26:55.728,15,3,2,75.0,50.0,291.0270690917969,249.06900024414062,291.0270690917969,249.06900024414062
6,2026-08-07T21:26:55.728,16,4,2,100.0,50.0,304.569091796875,243.97207641601562,304.569091796875,243.97207641601562
6,2026-08-07T21:26:55.728,17,5,2,125.0,50.0,317.5876159667969,238.66651916503906,317.5876159667969,238.66651916503906
6,2026-08-07T21:26:55.728,18,0,3,0.0,75.0,254.89198303222656,275.4453430175781,254.89198303222656,275.4453430175781
6,2026-08-07T21:26:55.728,19,1,3,25.0,75.0,270.4546203613281,268.89752197265625,270.4546203613281,268.89752197265625
6,2026-08-07T21:26:55.728,20,2,3,50.0,75.0,285.5690612792969,262.8172607421875,285.5690612792969,262.8172607421875
6,2026-08-07T21:26:55.728,21,3,3,75.0,75.0,299.93389892578125,257.1255798339844,299.93389892578125,257.1255798339844
6,2026-08-07T21:26:55.728,22,4,3,100.0,75.0,313.597900390625,251.58587646484375,313.597900390625,251.58587646484375
6,2026-08-07T21:26:55.728,23,5,3,125.0,75.0,327.0641784667969,245.87734985351562,327.0641784667969,245.87734985351562
6,2026-08-07T21:26:55.728,24,0,4,0.0,100.0,263.592041015625,285.3951721191406,263.592041015625,285.3951721191406
6,2026-08-07T21:26:55.728,25,1,4,25.0,100.0,279.48004150390625,278.37274169921875,279.48004150390625,278.37274169921875
6,2026-08-07T21:26:55.728,26,2,4,50.0,100.0,294.8204345703125,271.9043884277344,294.8204345703125,271.9043884277344
6,2026-08-07T21:26:55.728,27,3,4,75.0,100.0,309.44903564453125,265.7685241699219,309.44903564453125,265.7685241699219
6,2026-08-07T21:26:55.728,28,4,4,100.0,100.0,323.2547912597656,259.6952209472656,323.2547912597656,259.6952209472656
6,2026-08-07T21:26:55.728,29,5,4,125.0,100.0,336.5635070800781,253.4622344970703,336.5635070800781,253.4622344970703
6,2026-08-07T21:26:55.728,30,0,5,0.0,125.0,272.9150085449219,295.7788391113281,272.9150085449219,295.7788391113281
6,2026-08-07T21:26:55.728,31,1,5,25.0,125.0,289.00714111328125,288.4866027832031,289.00714111328125,288.4866027832031
6,2026-08-07T21:26:55.728,32,2,5,50.0,125.0,304.7498474121094,281.65069580078125,304.7498474121094,281.65069580078125
6,2026-08-07T21:26:55.728,33,3,5,75.0,125.0,319.44921875,274.8876647949219,319.44921875,274.8876647949219
6,2026-08-07T21:26:55.728,34,4,5,100.0,125.0,333.4017639160156,268.28271484375,333.4017639160156,268.28271484375
6,2026-08-07T21:26:55.728,35,5,5,125.0,125.0,347.1562805175781,261.6922607421875,347.1562805175781,261.6922607421875
6,2026-08-07T21:26:55.728,36,0,6,0.0,150.0,282.64111328125,306.5878601074219,282.64111328125,306.5878601074219
6,2026-08-07T21:26:55.728,37,1,6,25.0,150.0,299.1405944824219,299.01373291015625,299.1405944824219,299.01373291015625
6,2026-08-07T21:26:55.728,38,2,6,50.0,150.0,315.1029968261719,291.5522766113281,315.1029968261719,291.5522766113281
6,2026-08-07T21:26:55.728,39,3,6,75.0,150.0,329.96917724609375,284.4610595703125,329.96917724609375,284.4610595703125
6,2026-08-07T21:26:55.728,40,4,6,100.0,150.0,344.26287841796875,277.3224182128906,344.26287841796875,277.3224182128906
6,2026-08-07T21:26:55.728,41,5,6,125.0,150.0,357.91888427734375,270.3288879394531,357.91888427734375,270.3288879394531
6,2026-08-07T21:26:55.728,42,0,7,0.0,175.0,293.2398986816406,318.2380676269531,293.2398986816406,318.2380676269531
6,2026-08-07T21:26:55.728,43,1,7,25.0,175.0,310.1517333984375,310.0449523925781,310.1517333984375,310.0449523925781
6,2026-08-07T21:26:55.728,44,2,7,50.0,175.0,326.25531005859375,302.1872863769531,326.25531005859375,302.1872863769531
6,2026-08-07T21:26:55.728,45,3,7,75.0,175.0,341.51776123046875,294.6491394042969,341.51776123046875,294.6491394042969
6,2026-08-07T21:26:55.728,46,4,7,100.0,175.0,355.9367980957031,286.93975830078125,355.9367980957031,286.93975830078125
6,2026-08-07T21:26:55.728,47,5,7,125.0,175.0,369.9164733886719,279.6351013183594,369.9164733886719,279.6351013183594
7,2026-08-07T21:26:55.756,0,0,0,0.0,0.0,231.80320739746094,249.42166137695312,231.80320739746094,249.42166137695312
7,2026-08-07T21:26:55.756,1,1,0,25.0,0.0,246.7250518798828,244.07144165039062,246.7250518798828,244.07144165039062
7,2026-08-07T21:26:55.756,2,2,0,50.0,0.0,260.8410339355469,238.8270721435547,260.8410339355469,238.8270721435547
7,2026-08-07T21:26:55.756,3,3,0,75.0,0.0,274.71441650390625,234.4654083251953,274.71441650390625,234.4654083251953
7,2026-08-07T21:26:55.756,4,4,0,100.0,0.0,287.4469909667969,229.3538818359375,287.4469909667969,229.3538818359375
7,2026-08-07T21:26:55.756,5,5,0,125.0,0.0,300.51739501953125,225.05291748046875,300.51739501953125,225.05291748046875
7,2026-08-07T21:26:55.756,6,0,1,0.0,25.0,239.1968994140625,257.6565856933594,239.1968994140625,257.6565856933594
7,2026-08-07T21:26:55.756,7,1,1,25.0,25.0,254.3313446044922,251.93341064453125,254.3313446044922,251.93341064453125
7,2026-08-07T21:26:55.756,8,2,1,50.0,25.0,268.9183044433594,246.51658630371094,268.9183044433594,246.51658630371094
7,2026-08-07T21:26:55.756,9,3,1,75.0,25.0,282.78900146484375,241.57208251953125,282.78900146484375,241.57208251953125
7,2026-08-07T21:26:55.756,10,4,1,100.0,25.0,295.94085693359375,236.67068481445312,295.94085693359375,236.67068481445312
7,2026-08-07T21:26:55.756,11,5,1,125.0,25.0,309.1651611328125,231.70225524902344,309.1651611328125,231.70225524902344
7,2026-08-07T21:26:55.756,12,0,2,0.0,50.0,246.8408660888672,266.3709411621094,246.8408660888672,266.3709411621094
7,2026-08-07T21:26:55.756,13,1,2,25.0,50.0,262.1466369628906,260.2909240722656,262.1466369628906,260.2909240722656
7,2026-08-07T21:26:55.756,14,2,2,50.0,50.0,276.95458984375,254.50538635253906,276.95458984375,254.50538635253906
7,2026-08-07T21:26:55.756,15,3,2,75.0,50.0,291.0270690917969,249.06900024414062,291.0270690917969,249.06900024414062
7,2026-08-07T21:26:55.756,16,4,2,100.0,50.0,304.569091796875,243.97207641601562,304.569091796875,243.97207641601562
7,2026-08-07T21:26:55.756,17,5,2,125.0,50.0,317.5876159667969,238.66651916503906,317.5876159667969,238.66651916503906
7,2026-08-07T21:26:55.756,18,0,3,0.0,75.0,254.89198303222656,275.4453430175781,254.89198303222656,275.4453430175781
7,2026-08-07T21:26:55.756,19,1,3,25.0,75.0,270.4546203613281,268.89752197265625,270.4546203613281,268.89752197265625
7,2026-08-07T21:26:55.756,20,2,3,50.0,75.0,285.5690612792969,262.8172607421875,285.5690612792969,262.8172607421875
7,2026-08-07T21:26:55.756,21,3,3,75.0,75.0,299.93389892578125,257.1255798339844,299.93389892578125,257.1255798339844
7,2026-08-07T21:26:55.756,22,4,3,100.0,75.0,313.597900390625,251.58587646484375,313.597900390625,251.58587646484375
7,2026-08-07T21:26:55.756,23,5,3,125.0,75.0,327.0641784667969,245.87734985351562,327.0641784667969,245.87734985351562
7,2026-08-07T21:26:55.756,24,0,4,0.0,100.0,263.592041015625,285.3951721191406,263.592041015625,285.3951721191406
7,2026-08-07T21:26:55.756,25,1,4,25.0,100.0,279.48004150390625,278.37274169921875,279.48004150390625,278.37274169921875
7,2026-08-07T21:26:55.756,26,2,4,50.0,100.0,294.8204345703125,271.9043884277344,294.8204345703125,271.9043884277344
7,2026-08-07T21:26:55.756,27,3,4,75.0,100.0,309.44903564453125,265.7685241699219,309.44903564453125,265.7685241699219
7,2026-08-07T21:26:55.756,28,4,4,100.0,100.0,323.2547912597656,259.6952209472656,323.2547912597656,259.6952209472656
7,2026-08-07T21:26:55.756,29,5,4,125.0,100.0,336.5635070800781,253.4622344970703,336.5635070800781,253.4622344970703
7,2026-08-07T21:26:55.756,30,0,5,0.0,125.0,272.9150085449219,295.7788391113281,272.9150085449219,295.7788391113281
7,2026-08-07T21:26:55.756,31,1,5,25.0,125.0,289.00714111328125,288.4866027832031,289.00714111328125,288.4866027832031
7,2026-08-07T21:26:55.756,32,2,5,50.0,125.0,304.7498474121094,281.65069580078125,304.7498474121094,281.65069580078125
7,2026-08-07T21:26:55.756,33,3,5,75.0,125.0,319.44921875,274.8876647949219,319.44921875,274.8876647949219
7,2026-08-07T21:26:55.756,34,4,5,100.0,125.0,333.4017639160156,268.28271484375,333.4017639160156,268.28271484375
7,2026-08-07T21:26:55.756,35,5,5,125.0,125.0,347.1562805175781,261.6922607421875,347.1562805175781,261.6922607421875
7,2026-08-07T21:26:55.756,36,0,6,0.0,150.0,282.64111328125,306.5878601074219,282.64111328125,306.5878601074219
7,2026-08-07T21:26:55.756,37,1,6,25.0,150.0,299.1405944824219,299.01373291015625,299.1405944824219,299.01373291015625
7,2026-08-07T21:26:55.756,38,2,6,50.0,150.0,315.1029968261719,291.5522766113281,315.1029968261719,291.5522766113281
7,2026-08-07T21:26:55.756,39,3,6,75.0,150.0,329.96917724609375,284.4610595703125,329.96917724609375,284.4610595703125
7,2026-08-07T21:26:55.756,40,4,6,100.0,150.0,344.26287841796875,277.3224182128906,344.26287841796875,277.3224182128906
7,2026-08-07T21:26:55.756,41,5,6,125.0,150.0,357.91888427734375,270.3288879394531,357.91888427734375,270.3288879394531
7,2026-08-07T21:26:55.756,42,0,7,0.0,175.0,293.2398986816406,318.2380676269531,293.2398986816406,318.2380676269531
7,2026-08-07T21:26:55.756,43,1,7,25.0,175.0,310.1517333984375,310.0449523925781,310.1517333984375,310.0449523925781
7,2026-08-07T21:26:55.756,44,2,7,50.0,175.0,326.25531005859375,302.1872863769531,326.25531005859375,302.1872863769531
7,2026-08-07T21:26:55.756,45,3,7,75.0,175.0,341.51776123046875,294.6491394042969,341.51776123046875,294.6491394042969
7,2026-08-07T21:26:55.756,46,4,7,100.0,175.0,355.9367980957031,286.93975830078125,355.9367980957031,286.93975830078125
7,2026-08-07T21:26:55.756,47,5,7,125.0,175.0,369.9164733886719,279.6351013183594,369.9164733886719,279.6351013183594
8,2026-08-07T21:26:55.784,0,0,0,0.0,0.0,231.81568908691406,249.44032287597656,231.81568908691406,249.44032287597656
8,2026-08-07T21:26:55.784,1,1,0,25.0,0.0,246.7255096435547,244.06687927246094,246.7255096435547,244.06687927246094
8,2026-08-07T21:26:55.784,2,2,0,50.0,0.0,260.8275146484375,238.81468200683594,260.8275146484375,238.81468200683594
8,2026-08-07T21:26:55.784,3,3,0,75.0,0.0,274.700439453125,234.4758758544922,274.700439453125,234.4758758544922
8,2026-08-07T21:26:55.784,4,4,0,100.0,0.0,287.4593200683594,229.36830139160156,287.4593200683594,229.36830139160156
8,2026-08-07T21:26:55.784,5,5,0,125.0,0.0,300.59246826171875,225.05517578125,300.59246826171875,225.05517578125
8,2026-08-07T21:26:55.784,6,0,1,0.0,25.0,239.18385314941406,257.6534423828125,239.18385314941406,257.6534423828125
8,2026-08-07T21:26:55.784,7,1,1,25.0,25.0,254.35067749023438,251.9360809326172,254.35067749023438,251.9360809326172
8,2026-08-07T21:26:55.784,8,2,1,50.0,25.0,268.9190673828125,246.52102661132812,268.9190673828125,246.52102661132812
8,2026-08-07T21:26:55.784,9,3,1,75.0,25.0,282.77294921875,241.57676696777344,282.77294921875,241.57676696777344
8,2026-08-07T21:26:55.784,10,4,1,100.0,25.0,295.9485778808594,236.67135620117188,295.9485778808594,236.67135620117188
8,2026-08-07T21:26:55.784,11,5,1,125.0,25.0,309.197021484375,231.6991424560547,309.197021484375,231.6991424560547
8,2026-08-07T21:26:55.784,12,0,2,0.0,50.0,246.82284545898438,266.36456298828125,246.82284545898438,266.36456298828125
8,2026-08-07T21:26:55.784,13,1,2,25.0,50.0,262.1549377441406,260.2951354980469,262.1549377441406,260.2951354980469
8,2026-08-07T21:26:55.784,14,2,2,50.0,50.0,276.98150634765625,254.51072692871094,276.98150634765625,254.51072692871094
8,2026-08-07T21:26:55.784,15,3,2,75.0,50.0,291.00628662109375,249.05616760253906,291.00628662109375,249.05616760253906
8,2026-08-07T21:26:55.784,16,4,2,100.0,50.0,304.6067810058594,243.96588134765625,304.6067810058594,243.96588134765625
8,2026-08-07T21:26:55.784,17,5,2,125.0,50.0,317.5938720703125,238.68019104003906,317.5938720703125,238.68019104003906
8,2026-08-07T21:26:55.784,18,0,3,0.0,75.0,254.861572265625,275.4402770996094,254.861572265625,275.4402770996094
8,2026-08-07T21:26:55.784,19,1,3,25.0,75.0,270.447509765625,268.89410400390625,270.447509765625,268.89410400390625
8,2026-08-07T21:26:55.784,20,2,3,50.0,75.0,285.57025146484375,262.81634521484375,285.57025146484375,262.81634521484375
8,2026-08-07T21:26:55.784,21,3,3,75.0,75.0,299.90570068359375,257.1319885253906,299.90570068359375,257.1319885253906
8,2026-08-07T21:26:55.784,22,4,3,100.0,75.0,313.6001281738281,251.5878448486328,313.6001281738281,251.5878448486328
8,2026-08-07T21:26:55.784,23,5,3,125.0,75.0,327.06353759765625,245.87379455566406,327.06353759765625,245.87379455566406
8,2026-08-07T21:26:55.784,24,0,4,0.0,100.0,263.6166076660156,285.38348388671875,263.6166076660156,285.38348388671875
8,2026-08-07T21:26:55.784,25,1,4,25.0,100.0,279.5000915527344,278.3913269042969,279.5000915527344,278.3913269042969
8,2026-08-07T21:26:55.784,26,2,4,50.0,100.0,294.8238525390625,271.8994445800781,294.8238525390625,271.8994445800781
8,2026-08-07T21:26:55.784,27,3,4,75.0,100.0,309.4457702636719,265.7702331542969,309.4457702636719,265.7702331542969
8,2026-08-07T21:26:55.784,28,4,4,100.0,100.0,323.2623596191406,259.6943054199219,323.2623596191406,259.6943054199219
8,2026-08-07T21:26:55.784,29,5,4,125.0,100.0,336.55133056640625,253.45965576171875,336.55133056640625,253.45965576171875
8,2026-08-07T21:26:55.784,30,0,5,0.0,125.0,272.92041015625,295.7723693847656,272.92041015625,295.7723693847656
8,2026-08-07T21:26:55.784,31,1,5,25.0,125.0,289.0632629394531,288.5007019042969,289.0632629394531,288.5007019042969
8,2026-08-07T21:26:55.784,32,2,5,50.0,125.0,304.7679443359375,281.6456604003906,304.7679443359375,281.6456604003906
8,2026-08-07T21:26:55.784,33,3,5,75.0,125.0,319.3683166503906,274.8761291503906,319.3683166503906,274.8761291503906
8,2026-08-07T21:26:55.784,34,4,5,100.0,125.0,333.4100036621094,268.28521728515625,333.4100036621094,268.28521728515625
8,2026-08-07T21:26:55.784,35,5,5,125.0,125.0,347.16064453125,261.6907958984375,347.16064453125,261.6907958984375
8,2026-08-07T21:26:55.784,36,0,6,0.0,150.0,282.62249755859375,306.5772705078125,282.62249755859375,306.5772705078125
8,2026-08-07T21:26:55.784,37,1,6,25.0,150.0,299.13739013671875,299.0195007324219,299.13739013671875,299.0195007324219
8,2026-08-07T21:26:55.784,38,2,6,50.0,150.0,315.0896301269531,291.5412902832031,315.0896301269531,291.5412902832031
8,2026-08-07T21:26:55.784,39,3,6,75.0,150.0,329.9949645996094,284.460205078125,329.9949645996094,284.460205078125
8,2026-08-07T21:26:55.784,40,4,6,100.0,150.0,344.22796630859375,277.3133544921875,344.22796630859375,277.3133544921875
8,2026-08-07T21:26:55.784,41,5,6,125.0,150.0,357.94122314453125,270.32257080078125,357.94122314453125,270.32257080078125
8,2026-08-07T21:26:55.784,42,0,7,0.0,175.0,293.2179260253906,318.247314453125,293.2179260253906,318.247314453125
8,2026-08-07T21:26:55.784,43,1,7,25.0,175.0,310.1279296875,310.038330078125,310.1279296875,310.038330078125
8,2026-08-07T21:26:55.784,44,2,7,50.0,175.0,326.282470703125,302.1829528808594,326.282470703125,302.1829528808594
8,2026-08-07T21:26:55.784,45,3,7,75.0,175.0,341.5048522949219,294.639404296875,341.5048522949219,294.639404296875
8,2026-08-07T21:26:55.784,46,4,7,100.0,175.0,355.9531555175781,286.9388122558594,355.9531555175781,286.9388122558594
8,2026-08-07T21:26:55.784,47,5,7,125.0,175.0,369.934326171875,279.6357727050781,369.934326171875,279.6357727050781
9,2026-08-07T21:26:55.809,0,0,0,0.0,0.0,231.81568908691406,249.44032287597656,231.81568908691406,249.44032287597656
9,2026-08-07T21:26:55.809,1,1,0,25.0,0.0,246.7255096435547,244.06687927246094,246.7255096435547,244.06687927246094
9,2026-08-07T21:26:55.809,2,2,0,50.0,0.0,260.8275146484375,238.81468200683594,260.8275146484375,238.81468200683594
9,2026-08-07T21:26:55.809,3,3,0,75.0,0.0,274.700439453125,234.4758758544922,274.700439453125,234.4758758544922
9,2026-08-07T21:26:55.809,4,4,0,100.0,0.0,287.4593200683594,229.36830139160156,287.4593200683594,229.36830139160156
9,2026-08-07T21:26:55.809,5,5,0,125.0,0.0,300.59246826171875,225.05517578125,300.59246826171875,225.05517578125
9,2026-08-07T21:26:55.809,6,0,1,0.0,25.0,239.18385314941406,257.6534423828125,239.18385314941406,257.6534423828125
9,2026-08-07T21:26:55.809,7,1,1,25.0,25.0,254.35067749023438,251.9360809326172,254.35067749023438,251.9360809326172
9,2026-08-07T21:26:55.809,8,2,1,50.0,25.0,268.9190673828125,246.52102661132812,268.9190673828125,246.52102661132812
9,2026-08-07T21:26:55.809,9,3,1,75.0,25.0,282.77294921875,241.57676696777344,282.77294921875,241.57676696777344
9,2026-08-07T21:26:55.809,10,4,1,100.0,25.0,295.9485778808594,236.67135620117188,295.9485778808594,236.67135620117188
9,2026-08-07T21:26:55.809,11,5,1,125.0,25.0,309.197021484375,231.6991424560547,309.197021484375,231.6991424560547
9,2026-08-07T21:26:55.809,12,0,2,0.0,50.0,246.82284545898438,266.36456298828125,246.82284545898438,266.36456298828125
9,2026-08-07T21:26:55.809,13,1,2,25.0,50.0,262.1549377441406,260.2951354980469,262.1549377441406,260.2951354980469
9,2026-08-07T21:26:55.809,14,2,2,50.0,50.0,276.98150634765625,254.51072692871094,276.98150634765625,254.51072692871094
9,2026-08-07T21:26:55.809,15,3,2,75.0,50.0,291.00628662109375,249.05616760253906,291.00628662109375,249.05616760253906
9,2026-08-07T21:26:55.809,16,4,2,100.0,50.0,304.6067810058594,243.96588134765625,304.6067810058594,243.96588134765625
9,2026-08-07T21:26:55.809,17,5,2,125.0,50.0,317.5938720703125,238.68019104003906,317.5938720703125,238.68019104003906
9,2026-08-07T21:26:55.809,18,0,3,0.0,75.0,254.861572265625,275.4402770996094,254.861572265625,275.4402770996094
9,2026-08-07T21:26:55.809,19,1,3,25.0,75.0,270.447509765625,268.89410400390625,270.447509765625,268.89410400390625
9,2026-08-07T21:26:55.809,20,2,3,50.0,75.0,285.57025146484375,262.81634521484375,285.57025146484375,262.81634521484375
9,2026-08-07T21:26:55.809,21,3,3,75.0,75.0,299.90570068359375,257.1319885253906,299.90570068359375,257.1319885253906
9,2026-08-07T21:26:55.809,22,4,3,100.0,75.0,313.6001281738281,251.5878448486328,313.6001281738281,251.5878448486328
9,2026-08-07T21:26:55.809,23,5,3,125.0,75.0,327.06353759765625,245.87379455566406,327.06353759765625,245.87379455566406
9,2026-08-07T21:26:55.809,24,0,4,0.0,100.0,263.6166076660156,285.38348388671875,263.6166076660156,285.38348388671875
9,2026-08-07T21:26:55.809,25,1,4,25.0,100.0,279.5000915527344,278.3913269042969,279.5000915527344,278.3913269042969
9,2026-08-07T21:26:55.809,26,2,4,50.0,100.0,294.8238525390625,271.8994445800781,294.8238525390625,271.8994445800781
9,2026-08-07T21:26:55.809,27,3,4,75.0,100.0,309.4457702636719,265.7702331542969,309.4457702636719,265.7702331542969
9,2026-08-07T21:26:55.809,28,4,4,100.0,100.0,323.2623596191406,259.6943054199219,323.2623596191406,259.6943054199219
9,2026-08-07T21:26:55.809,29,5,4,125.0,100.0,336.55133056640625,253.45965576171875,336.55133056640625,253.45965576171875
9,2026-08-07T21:26:55.809,30,0,5,0.0,125.0,272.92041015625,295.7723693847656,272.92041015625,295.7723693847656
9,2026-08-07T21:26:55.809,31,1,5,25.0,125.0,289.0632629394531,288.5007019042969,289.0632629394531,288.5007019042969
9,2026-08-07T21:26:55.809,32,2,5,50.0,125.0,304.7679443359375,281.6456604003906,304.7679443359375,281.6456604003906
9,2026-08-07T21:26:55.809,33,3,5,75.0,125.0,319.3683166503906,274.8761291503906,319.3683166503906,274.8761291503906
9,2026-08-07T21:26:55.809,34,4,5,100.0,125.0,333.4100036621094,268.28521728515625,333.4100036621094,268.28521728515625
9,2026-08-07T21:26:55.809,35,5,5,125.0,125.0,347.16064453125,261.6907958984375,347.16064453125,261.6907958984375
9,2026-08-07T21:26:55.809,36,0,6,0.0,150.0,282.62249755859375,306.5772705078125,282.62249755859375,306.5772705078125
9,2026-08-07T21:26:55.809,37,1,6,25.0,150.0,299.13739013671875,299.0195007324219,299.13739013671875,299.0195007324219
9,2026-08-07T21:26:55.809,38,2,6,50.0,150.0,315.0896301269531,291.5412902832031,315.0896301269531,291.5412902832031
9,2026-08-07T21:26:55.809,39,3,6,75.0,150.0,329.9949645996094,284.460205078125,329.9949645996094,284.460205078125
9,2026-08-07T21:26:55.809,40,4,6,100.0,150.0,344.22796630859375,277.3133544921875,344.22796630859375,277.3133544921875
9,2026-08-07T21:26:55.809,41,5,6,125.0,150.0,357.94122314453125,270.32257080078125,357.94122314453125,270.32257080078125
9,2026-08-07T21:26:55.809,42,0,7,0.0,175.0,293.2179260253906,318.247314453125,293.2179260253906,318.247314453125
9,2026-08-07T21:26:55.809,43,1,7,25.0,175.0,310.1279296875,310.038330078125,310.1279296875,310.038330078125
9,2026-08-07T21:26:55.809,44,2,7,50.0,175.0,326.282470703125,302.1829528808594,326.282470703125,302.1829528808594
9,2026-08-07T21:26:55.809,45,3,7,75.0,175.0,341.5048522949219,294.639404296875,341.5048522949219,294.639404296875
9,2026-08-07T21:26:55.809,46,4,7,100.0,175.0,355.9531555175781,286.9388122558594,355.9531555175781,286.9388122558594
9,2026-08-07T21:26:55.809,47,5,7,125.0,175.0,369.934326171875,279.6357727050781,369.934326171875,279.6357727050781
10,2026-08-07T21:26:55.838,0,0,0,0.0,0.0,231.81239318847656,249.42413330078125,231.81239318847656,249.42413330078125
10,2026-08-07T21:26:55.838,1,1,0,25.0,0.0,246.73153686523438,244.0604248046875,246.73153686523438,244.0604248046875
10,2026-08-07T21:26:55.838,2,2,0,50.0,0.0,260.8646545410156,238.8106689453125,260.8646545410156,238.8106689453125
10,2026-08-07T21:26:55.838,3,3,0,75.0,0.0,274.70672607421875,234.45986938476562,274.70672607421875,234.45986938476562
10,2026-08-07T21:26:55.838,4,4,0,100.0,0.0,287.46771240234375,229.3474578857422,287.46771240234375,229.3474578857422
10,2026-08-07T21:26:55.838,5,5,0,125.0,0.0,300.5706481933594,225.06141662597656,300.5706481933594,225.06141662597656
10,2026-08-07T21:26:55.838,6,0,1,0.0,25.0,239.16676330566406,257.64483642578125,239.16676330566406,257.64483642578125
10,2026-08-07T21:26:55.838,7,1,1,25.0,25.0,254.3377685546875,251.92965698242188,254.3377685546875,251.92965698242188
10,2026-08-07T21:26:55.838,8,2,1,50.0,25.0,268.9395446777344,246.5104522705078,268.9395446777344,246.5104522705078
10,2026-08-07T21:26:55.838,9,3,1,75.0,25.0,282.7797546386719,241.57522583007812,282.7797546386719,241.57522583007812
10,2026-08-07T21:26:55.838,10,4,1,100.0,25.0,295.96124267578125,236.6762237548828,295.96124267578125,236.6762237548828
10,2026-08-07T21:26:55.838,11,5,1,125.0,25.0,309.19268798828125,231.69398498535156,309.19268798828125,231.69398498535156
10,2026-08-07T21:26:55.838,12,0,2,0.0,50.0,246.8357696533203,266.3679504394531,246.8357696533203,266.3679504394531
10,2026-08-07T21:26:55.838,13,1,2,25.0,50.0,262.1565246582031,260.2876892089844,262.1565246582031,260.2876892089844
10,2026-08-07T21:26:55.838,14,2,2,50.0,50.0,276.93316650390625,254.49850463867188,276.93316650390625,254.49850463867188
10,2026-08-07T21:26:55.838,15,3,2,75.0,50.0,291.01385498046875,249.05337524414062,291.01385498046875,249.05337524414062
10,2026-08-07T21:26:55.838,16,4,2,100.0,50.0,304.6220703125,243.96990966796875,304.6220703125,243.96990966796875
10,2026-08-07T21:26:55.838,17,5,2,125.0,50.0,317.6085510253906,238.67832946777344,317.6085510253906,238.67832946777344
10,2026-08-07T21:26:55.838,18,0,3,0.0,75.0,254.8867950439453,275.4557800292969,254.8867950439453,275.4557800292969
10,2026-08-07T21:26:55.838,19,1,3,25.0,75.0,270.46148681640625,268.8959655761719,270.46148681640625,268.8959655761719
10,2026-08-07T21:26:55.838,20,2,3,50.0,75.0,285.569580078125,262.8199462890625,285.569580078125,262.8199462890625
10,2026-08-07T21:26:55.838,21,3,3,75.0,75.0,299.91375732421875,257.13226318359375,299.91375732421875,257.13226318359375
10,2026-08-07T21:26:55.838,22,4,3,100.0,75.0,313.5994567871094,251.58616638183594,313.5994567871094,251.58616638183594
10,2026-08-07T21:26:55.838,23,5,3,125.0,75.0,327.0513916015625,245.85891723632812,327.0513916015625,245.85891723632812
10,2026-08-07T21:26:55.838,24,0,4,0.0,100.0,263.5802307128906,285.38714599609375,263.5802307128906,285.38714599609375
10,2026-08-07T21:26:55.838,25,1,4,25.0,100.0,279.50701904296875,278.3915710449219,279.50701904296875,278.3915710449219
10,2026-08-07T21:26:55.838,26,2,4,50.0,100.0,294.8286437988281,271.9058532714844,294.8286437988281,271.9058532714844
10,2026-08-07T21:26:55.838,27,3,4,75.0,100.0,309.4440612792969,265.77197265625,309.4440612792969,265.77197265625
10,2026-08-07T21:26:55.838,28,4,4,100.0,100.0,323.2729797363281,259.6936340332031,323.2729797363281,259.6936340332031
10,2026-08-07T21:26:55.838,29,5,4,125.0,100.0,336.5858459472656,253.45436096191406,336.5858459472656,253.45436096191406
10,2026-08-07T21:26:55.838,30,0,5,0.0,125.0,272.9135437011719,295.7800598144531,272.9135437011719,295.7800598144531
10,2026-08-07T21:26:55.838,31,1,5,25.0,125.0,289.0105895996094,288.4775390625,289.0105895996094,288.4775390625
10,2026-08-07T21:26:55.838,32,2,5,50.0,125.0,304.7401428222656,281.6266174316406,304.7401428222656,281.6266174316406
10,2026-08-07T21:26:55.838,33,3,5,75.0,125.0,319.3822937011719,274.8662414550781,319.3822937011719,274.8662414550781
10,2026-08-07T21:26:55.838,34,4,5,100.0,125.0,333.4153747558594,268.28936767578125,333.4153747558594,268.28936767578125
10,2026-08-07T21:26:55.838,35,5,5,125.0,125.0,347.153076171875,261.6826477050781,347.153076171875,261.6826477050781
10,2026-08-07T21:26:55.838,36,0,6,0.0,150.0,282.63531494140625,306.5893859863281,282.63531494140625,306.5893859863281
10,2026-08-07T21:26:55.838,37,1,6,25.0,150.0,299.1359558105469,299.0126953125,299.1359558105469,299.0126953125
10,2026-08-07T21:26:55.838,38,2,6,50.0,150.0,315.11688232421875,291.55816650390625,315.11688232421875,291.55816650390625
10,2026-08-07T21:26:55.838,39,3,6,75.0,150.0,329.9822082519531,284.457763671875,329.9822082519531,284.457763671875
10,2026-08-07T21:26:55.838,40,4,6,100.0,150.0,344.3104248046875,277.3127746582031,344.3104248046875,277.3127746582031
10,2026-08-07T21:26:55.838,41,5,6,125.0,150.0,357.9111633300781,270.3247375488281,357.9111633300781,270.3247375488281
10,2026-08-07T21:26:55.838,42,0,7,0.0,175.0,293.21661376953125,318.2292175292969,293.21661376953125,318.2292175292969
10,2026-08-07T21:26:55.838,43,1,7,25.0,175.0,310.1269836425781,310.0308837890625,310.1269836425781,310.0308837890625
10,2026-08-07T21:26:55.838,44,2,7,50.0,175.0,326.2683410644531,302.1864318847656,326.2683410644531,302.1864318847656
10,2026-08-07T21:26:55.838,45,3,7,75.0,175.0,341.5068054199219,294.6526794433594,341.5068054199219,294.6526794433594
10,2026-08-07T21:26:55.838,46,4,7,100.0,175.0,355.9607849121094,286.93292236328125,355.9607849121094,286.93292236328125
10,2026-08-07T21:26:55.838,47,5,7,125.0,175.0,369.9219055175781,279.638916015625,369.9219055175781,279.638916015625
11,2026-08-07T21:26:55.864,0,0,0,0.0,0.0,231.81239318847656,249.42413330078125,231.81239318847656,249.42413330078125
11,2026-08-07T21:26:55.864,1,1,0,25.0,0.0,246.73153686523438,244.0604248046875,246.73153686523438,244.0604248046875
11,2026-08-07T21:26:55.864,2,2,0,50.0,0.0,260.8646545410156,238.8106689453125,260.8646545410156,238.8106689453125
11,2026-08-07T21:26:55.864,3,3,0,75.0,0.0,274.70672607421875,234.45986938476562,274.70672607421875,234.45986938476562
11,2026-08-07T21:26:55.864,4,4,0,100.0,0.0,287.46771240234375,229.3474578857422,287.46771240234375,229.3474578857422
11,2026-08-07T21:26:55.864,5,5,0,125.0,0.0,300.5706481933594,225.06141662597656,300.5706481933594,225.06141662597656
11,2026-08-07T21:26:55.864,6,0,1,0.0,25.0,239.16676330566406,257.64483642578125,239.16676330566406,257.64483642578125
11,2026-08-07T21:26:55.864,7,1,1,25.0,25.0,254.3377685546875,251.92965698242188,254.3377685546875,251.92965698242188
11,2026-08-07T21:26:55.864,8,2,1,50.0,25.0,268.9395446777344,246.5104522705078,268.9395446777344,246.5104522705078
11,2026-08-07T21:26:55.864,9,3,1,75.0,25.0,282.7797546386719,241.57522583007812,282.7797546386719,241.57522583007812
11,2026-08-07T21:26:55.864,10,4,1,100.0,25.0,295.96124267578125,236.6762237548828,295.96124267578125,236.6762237548828
11,2026-08-07T21:26:55.864,11,5,1,125.0,25.0,309.19268798828125,231.69398498535156,309.19268798828125,231.69398498535156
11,2026-08-07T21:26:55.864,12,0,2,0.0,50.0,246.8357696533203,266.3679504394531,246.8357696533203,266.3679504394531
11,2026-08-07T21:26:55.864,13,1,2,25.0,50.0,262.1565246582031,260.2876892089844,262.1565246582031,260.2876892089844
11,2026-08-07T21:26:55.864,14,2,2,50.0,50.0,276.93316650390625,254.49850463867188,276.93316650390625,254.49850463867188
11,2026-08-07T21:26:55.864,15,3,2,75.0,50.0,291.01385498046875,249.05337524414062,291.01385498046875,249.05337524414062
11,2026-08-07T21:26:55.864,16,4,2,100.0,50.0,304.6220703125,243.96990966796875,304.6220703125,243.96990966796875
11,2026-08-07T21:26:55.864,17,5,2,125.0,50.0,317.6085510253906,238.67832946777344,317.6085510253906,238.67832946777344
11,2026-08-07T21:26:55.864,18,0,3,0.0,75.0,254.8867950439453,275.4557800292969,254.8867950439453,275.4557800292969
11,2026-08-07T21:26:55.864,19,1,3,25.0,75.0,270.46148681640625,268.8959655761719,270.46148681640625,268.8959655761719
11,2026-08-07T21:26:55.864,20,2,3,50.0,75.0,285.569580078125,262.8199462890625,285.569580078125,262.8199462890625
11,2026-08-07T21:26:55.864,21,3,3,75.0,75.0,299.91375732421875,257.13226318359375,299.91375732421875,257.13226318359375
11,2026-08-07T21:26:55.864,22,4,3,100.0,75.0,313.5994567871094,251.58616638183594,313.5994567871094,251.58616638183594
11,2026-08-07T21:26:55.864,23,5,3,125.0,75.0,327.0513916015625,245.85891723632812,327.0513916015625,245.85891723632812
11,2026-08-07T21:26:55.864,24,0,4,0.0,100.0,263.5802307128906,285.38714599609375,263.5802307128906,285.38714599609375
11,2026-08-07T21:26:55.864,25,1,4,25.0,100.0,279.50701904296875,278.3915710449219,279.50701904296875,278.3915710449219
11,2026-08-07T21:26:55.864,26,2,4,50.0,100.0,294.8286437988281,271.9058532714844,294.8286437988281,271.9058532714844
11,2026-08-07T21:26:55.864,27,3,4,75.0,100.0,309.4440612792969,265.77197265625,309.4440612792969,265.77197265625
11,2026-08-07T21:26:55.864,28,4,4,100.0,100.0,323.2729797363281,259.6936340332031,323.2729797363281,259.6936340332031
11,2026-08-07T21:26:55.864,29,5,4,125.0,100.0,336.5858459472656,253.45436096191406,336.5858459472656,253.45436096191406
11,2026-08-07T21:26:55.864,30,0,5,0.0,125.0,272.9135437011719,295.7800598144531,272.9135437011719,295.7800598144531
11,2026-08-07T21:26:55.864,31,1,5,25.0,125.0,289.0105895996094,288.4775390625,289.0105895996094,288.4775390625
11,2026-08-07T21:26:55.864,32,2,5,50.0,125.0,304.7401428222656,281.6266174316406,304.7401428222656,281.6266174316406
11,2026-08-07T21:26:55.864,33,3,5,75.0,125.0,319.3822937011719,274.8662414550781,319.3822937011719,274.8662414550781
11,2026-08-07T21:26:55.864,34,4,5,100.0,125.0,333.4153747558594,268.28936767578125,333.4153747558594,268.28936767578125
11,2026-08-07T21:26:55.864,35,5,5,125.0,125.0,347.153076171875,261.6826477050781,347.153076171875,261.6826477050781
11,2026-08-07T21:26:55.864,36,0,6,0.0,150.0,282.63531494140625,306.5893859863281,282.63531494140625,306.5893859863281
11,2026-08-07T21:26:55.864,37,1,6,25.0,150.0,299.1359558105469,299.0126953125,299.1359558105469,299.0126953125
11,2026-08-07T21:26:55.864,38,2,6,50.0,150.0,315.11688232421875,291.55816650390625,315.11688232421875,291.55816650390625
11,2026-08-07T21:26:55.864,39,3,6,75.0,150.0,329.9822082519531,284.457763671875,329.9822082519531,284.457763671875
11,2026-08-07T21:26:55.864,40,4,6,100.0,150.0,344.3104248046875,277.3127746582031,344.3104248046875,277.3127746582031
11,2026-08-07T21:26:55.864,41,5,6,125.0,150.0,357.9111633300781,270.3247375488281,357.9111633300781,270.3247375488281
11,2026-08-07T21:26:55.864,42,0,7,0.0,175.0,293.21661376953125,318.2292175292969,293.21661376953125,318.2292175292969
11,2026-08-07T21:26:55.864,43,1,7,25.0,175.0,310.1269836425781,310.0308837890625,310.1269836425781,310.0308837890625
11,2026-08-07T21:26:55.864,44,2,7,50.0,175.0,326.2683410644531,302.1864318847656,326.2683410644531,302.1864318847656
11,2026-08-07T21:26:55.864,45,3,7,75.0,175.0,341.5068054199219,294.6526794433594,341.5068054199219,294.6526794433594
11,2026-08-07T21:26:55.864,46,4,7,100.0,175.0,355.9607849121094,286.93292236328125,355.9607849121094,286.93292236328125
11,2026-08-07T21:26:55.864,47,5,7,125.0,175.0,369.9219055175781,279.638916015625,369.9219055175781,279.638916015625
12,2026-08-07T21:26:55.886,0,0,0,0.0,0.0,231.8074188232422,249.43093872070312,231.8074188232422,249.43093872070312
12,2026-08-07T21:26:55.886,1,1,0,25.0,0.0,246.73194885253906,244.0755615234375,246.73194885253906,244.0755615234375
12,2026-08-07T21:26:55.886,2,2,0,50.0,0.0,260.8395080566406,238.81906127929688,260.8395080566406,238.81906127929688
12,2026-08-07T21:26:55.886,3,3,0,75.0,0.0,274.7447509765625,234.46798706054688,274.7447509765625,234.46798706054688
12,2026-08-07T21:26:55.886,4,4,0,100.0,0.0,287.46514892578125,229.3466796875,287.46514892578125,229.3466796875
12,2026-08-07T21:26:55.886,5,5,0,125.0,0.0,300.54913330078125,225.06214904785156,300.54913330078125,225.06214904785156
12,2026-08-07T21:26:55.886,6,0,1,0.0,25.0,239.16091918945312,257.6462707519531,239.16091918945312,257.6462707519531
12,2026-08-07T21:26:55.886,7,1,1,25.0,25.0,254.33062744140625,251.92877197265625,254.33062744140625,251.92877197265625
12,2026-08-07T21:26:55.886,8,2,1,50.0,25.0,268.94915771484375,246.5231475830078,268.94915771484375,246.5231475830078
12,2026-08-07T21:26:55.886,9,3,1,75.0,25.0,282.77508544921875,241.5684356689453,282.77508544921875,241.5684356689453
12,2026-08-07T21:26:55.886,10,4,1,100.0,25.0,295.95196533203125,236.67388916015625,295.95196533203125,236.67388916015625
12,2026-08-07T21:26:55.886,11,5,1,125.0,25.0,309.1767883300781,231.70262145996094,309.1767883300781,231.70262145996094
12,2026-08-07T21:26:55.886,12,0,2,0.0,50.0,246.85794067382812,266.35992431640625,246.85794067382812,266.35992431640625
12,2026-08-07T21:26:55.886,13,1,2,25.0,50.0,262.1908874511719,260.28851318359375,262.1908874511719,260.28851318359375
12,2026-08-07T21:26:55.886,14,2,2,50.0,50.0,276.9169921875,254.5057373046875,276.9169921875,254.5057373046875
12,2026-08-07T21:26:55.886,15,3,2,75.0,50.0,291.0152282714844,249.05508422851562,291.0152282714844,249.05508422851562
12,2026-08-07T21:26:55.886,16,4,2,100.0,50.0,304.6195983886719,243.9740753173828,304.6195983886719,243.9740753173828
12,2026-08-07T21:26:55.886,17,5,2,125.0,50.0,317.6107177734375,238.67254638671875,317.6107177734375,238.67254638671875
12,2026-08-07T21:26:55.886,18,0,3,0.0,75.0,254.8661651611328,275.4431457519531,254.8661651611328,275.4431457519531
12,2026-08-07T21:26:55.886,19,1,3,25.0,75.0,270.4696350097656,268.8866271972656,270.4696350097656,268.8866271972656
12,2026-08-07T21:26:55.886,20,2,3,50.0,75.0,285.5705261230469,262.8274841308594,285.5705261230469,262.8274841308594
12,2026-08-07T21:26:55.886,21,3,3,75.0,75.0,299.9212951660156,257.1216125488281,299.9212951660156,257.1216125488281
12,2026-08-07T21:26:55.886,22,4,3,100.0,75.0,313.615234375,251.58448791503906,313.615234375,251.58448791503906
12,2026-08-07T21:26:55.886,23,5,3,125.0,75.0,327.010986328125,245.8559112548828,327.010986328125,245.8559112548828
12,2026-08-07T21:26:55.886,24,0,4,0.0,100.0,263.5834655761719,285.3907775878906,263.5834655761719,285.3907775878906
12,2026-08-07T21:26:55.886,25,1,4,25.0,100.0,279.46148681640625,278.3506164550781,279.46148681640625,278.3506164550781
12,2026-08-07T21:26:55.886,26,2,4,50.0,100.0,294.8135986328125,271.904541015625,294.8135986328125,271.904541015625
12,2026-08-07T21:26:55.886,27,3,4,75.0,100.0,309.4532470703125,265.7766418457031,309.4532470703125,265.7766418457031
12,2026-08-07T21:26:55.886,28,4,4,100.0,100.0,323.2489929199219,259.70928955078125,323.2489929199219,259.70928955078125
12,2026-08-07T21:26:55.886,29,5,4,125.0,100.0,336.5736389160156,253.45169067382812,336.5736389160156,253.45169067382812
12,2026-08-07T21:26:55.886,30,0,5,0.0,125.0,272.88818359375,295.77593994140625,272.88818359375,295.77593994140625
12,2026-08-07T21:26:55.886,31,1,5,25.0,125.0,289.00238037109375,288.48553466796875,289.00238037109375,288.48553466796875
12,2026-08-07T21:26:55.886,32,2,5,50.0,125.0,304.7431945800781,281.63372802734375,304.7431945800781,281.63372802734375
12,2026-08-07T21:26:55.886,33,3,5,75.0,125.0,319.41412353515625,274.8807373046875,319.41412353515625,274.8807373046875
12,2026-08-07T21:26:55.886,34,4,5,100.0,125.0,333.3896484375,268.28369140625,333.3896484375,268.28369140625
12,2026-08-07T21:26:55.886,35,5,5,125.0,125.0,347.2030944824219,261.68701171875,347.2030944824219,261.68701171875
12,2026-08-07T21:26:55.886,36,0,6,0.0,150.0,282.6422424316406,306.5892333984375,282.6422424316406,306.5892333984375
12,2026-08-07T21:26:55.886,37,1,6,25.0,150.0,299.1462707519531,299.0251770019531,299.1462707519531,299.0251770019531
12,2026-08-07T21:26:55.886,38,2,6,50.0,150.0,315.1074523925781,291.545166015625,315.1074523925781,291.545166015625
12,2026-08-07T21:26:55.886,39,3,6,75.0,150.0,329.9830627441406,284.43011474609375,329.9830627441406,284.43011474609375
12,2026-08-07T21:26:55.886,40,4,6,100.0,150.0,344.2734375,277.3057861328125,344.2734375,277.3057861328125
12,2026-08-07T21:26:55.886,41,5,6,125.0,150.0,357.9190979003906,270.31103515625,357.9190979003906,270.31103515625
12,2026-08-07T21:26:55.886,42,0,7,0.0,175.0,293.2595520019531,318.23089599609375,293.2595520019531,318.23089599609375
12,2026-08-07T21:26:55.886,43,1,7,25.0,175.0,310.15557861328125,310.0440673828125,310.15557861328125,310.0440673828125
12,2026-08-07T21:26:55.886,44,2,7,50.0,175.0,326.2843933105469,302.175048828125,326.2843933105469,302.175048828125
12,2026-08-07T21:26:55.886,45,3,7,75.0,175.0,341.5225830078125,294.63623046875,341.5225830078125,294.63623046875
12,2026-08-07T21:26:55.886,46,4,7,100.0,175.0,355.95098876953125,286.9344177246094,355.95098876953125,286.9344177246094
12,2026-08-07T21:26:55.886,47,5,7,125.0,175.0,369.8992919921875,279.6317138671875,369.8992919921875,279.6317138671875
13,2026-08-07T21:26:55.910,0,0,0,0.0,0.0,231.8074188232422,249.43093872070312,231.8074188232422,249.43093872070312
13,2026-08-07T21:26:55.910,1,1,0,25.0,0.0,246.73194885253906,244.0755615234375,246.73194885253906,244.0755615234375
13,2026-08-07T21:26:55.910,2,2,0,50.0,0.0,260.8395080566406,238.81906127929688,260.8395080566406,238.81906127929688
13,2026-08-07T21:26:55.910,3,3,0,75.0,0.0,274.7447509765625,234.46798706054688,274.7447509765625,234.46798706054688
13,2026-08-07T21:26:55.910,4,4,0,100.0,0.0,287.46514892578125,229.3466796875,287.46514892578125,229.3466796875
13,2026-08-07T21:26:55.910,5,5,0,125.0,0.0,300.54913330078125,225.06214904785156,300.54913330078125,225.06214904785156
13,2026-08-07T21:26:55.910,6,0,1,0.0,25.0,239.16091918945312,257.6462707519531,239.16091918945312,257.6462707519531
13,2026-08-07T21:26:55.910,7,1,1,25.0,25.0,254.33062744140625,251.92877197265625,254.33062744140625,251.92877197265625
13,2026-08-07T21:26:55.910,8,2,1,50.0,25.0,268.94915771484375,246.5231475830078,268.94915771484375,246.5231475830078
13,2026-08-07T21:26:55.910,9,3,1,75.0,25.0,282.77508544921875,241.5684356689453,282.77508544921875,241.5684356689453
13,2026-08-07T21:26:55.910,10,4,1,100.0,25.0,295.95196533203125,236.67388916015625,295.95196533203125,236.67388916015625
13,2026-08-07T21:26:55.910,11,5,1,125.0,25.0,309.1767883300781,231.70262145996094,309.1767883300781,231.70262145996094
13,2026-08-07T21:26:55.910,12,0,2,0.0,50.0,246.85794067382812,266.35992431640625,246.85794067382812,266.35992431640625
13,2026-08-07T21:26:55.910,13,1,2,25.0,50.0,262.1908874511719,260.28851318359375,262.1908874511719,260.28851318359375
13,2026-08-07T21:26:55.910,14,2,2,50.0,50.0,276.9169921875,254.5057373046875,276.9169921875,254.5057373046875
13,2026-08-07T21:26:55.910,15,3,2,75.0,50.0,291.0152282714844,249.05508422851562,291.0152282714844,249.05508422851562
13,2026-08-07T21:26:55.910,16,4,2,100.0,50.0,304.6195983886719,243.9740753173828,304.6195983886719,243.9740753173828
13,2026-08-07T21:26:55.910,17,5,2,125.0,50.0,317.6107177734375,238.67254638671875,317.6107177734375,238.67254638671875
13,2026-08-07T21:26:55.910,18,0,3,0.0,75.0,254.8661651611328,275.4431457519531,254.8661651611328,275.4431457519531
13,2026-08-07T21:26:55.910,19,1,3,25.0,75.0,270.4696350097656,268.8866271972656,270.4696350097656,268.8866271972656
13,2026-08-07T21:26:55.910,20,2,3,50.0,75.0,285.5705261230469,262.8274841308594,285.5705261230469,262.8274841308594
13,2026-08-07T21:26:55.910,21,3,3,75.0,75.0,299.9212951660156,257.1216125488281,299.9212951660156,257.1216125488281
13,2026-08-07T21:26:55.910,22,4,3,100.0,75.0,313.615234375,251.58448791503906,313.615234375,251.58448791503906
13,2026-08-07T21:26:55.910,23,5,3,125.0,75.0,327.010986328125,245.8559112548828,327.010986328125,245.8559112548828
13,2026-08-07T21:26:55.910,24,0,4,0.0,100.0,263.5834655761719,285.3907775878906,263.5834655761719,285.3907775878906
13,2026-08-07T21:26:55.910,25,1,4,25.0,100.0,279.46148681640625,278.3506164550781,279.46148681640625,278.3506164550781
13,2026-08-07T21:26:55.910,26,2,4,50.0,100.0,294.8135986328125,271.904541015625,294.8135986328125,271.904541015625
13,2026-08-07T21:26:55.910,27,3,4,75.0,100.0,309.4532470703125,265.7766418457031,309.4532470703125,265.7766418457031
13,2026-08-07T21:26:55.910,28,4,4,100.0,100.0,323.2489929199219,259.70928955078125,323.2489929199219,259.70928955078125
13,2026-08-07T21:26:55.910,29,5,4,125.0,100.0,336.5736389160156,253.45169067382812,336.5736389160156,253.45169067382812
13,2026-08-07T21:26:55.910,30,0,5,0.0,125.0,272.88818359375,295.77593994140625,272.88818359375,295.77593994140625
13,2026-08-07T21:26:55.910,31,1,5,25.0,125.0,289.00238037109375,288.48553466796875,289.00238037109375,288.48553466796875
13,2026-08-07T21:26:55.910,32,2,5,50.0,125.0,304.7431945800781,281.63372802734375,304.7431945800781,281.63372802734375
13,2026-08-07T21:26:55.910,33,3,5,75.0,125.0,319.41412353515625,274.8807373046875,319.41412353515625,274.8807373046875
13,2026-08-07T21:26:55.910,34,4,5,100.0,125.0,333.3896484375,268.28369140625,333.3896484375,268.28369140625
13,2026-08-07T21:26:55.910,35,5,5,125.0,125.0,347.2030944824219,261.68701171875,347.2030944824219,261.68701171875
13,2026-08-07T21:26:55.910,36,0,6,0.0,150.0,282.6422424316406,306.5892333984375,282.6422424316406,306.5892333984375
13,2026-08-07T21:26:55.910,37,1,6,25.0,150.0,299.1462707519531,299.0251770019531,299.1462707519531,299.0251770019531
13,2026-08-07T21:26:55.910,38,2,6,50.0,150.0,315.1074523925781,291.545166015625,315.1074523925781,291.545166015625
13,2026-08-07T21:26:55.910,39,3,6,75.0,150.0,329.9830627441406,284.43011474609375,329.9830627441406,284.43011474609375
13,2026-08-07T21:26:55.910,40,4,6,100.0,150.0,344.2734375,277.3057861328125,344.2734375,277.3057861328125
13,2026-08-07T21:26:55.910,41,5,6,125.0,150.0,357.9190979003906,270.31103515625,357.9190979003906,270.31103515625
13,2026-08-07T21:26:55.910,42,0,7,0.0,175.0,293.2595520019531,318.23089599609375,293.2595520019531,318.23089599609375
13,2026-08-07T21:26:55.910,43,1,7,25.0,175.0,310.15557861328125,310.0440673828125,310.15557861328125,310.0440673828125
13,2026-08-07T21:26:55.910,44,2,7,50.0,175.0,326.2843933105469,302.175048828125,326.2843933105469,302.175048828125
13,2026-08-07T21:26:55.910,45,3,7,75.0,175.0,341.5225830078125,294.63623046875,341.5225830078125,294.63623046875
13,2026-08-07T21:26:55.910,46,4,7,100.0,175.0,355.95098876953125,286.9344177246094,355.95098876953125,286.9344177246094
13,2026-08-07T21:26:55.910,47,5,7,125.0,175.0,369.8992919921875,279.6317138671875,369.8992919921875,279.6317138671875
14,2026-08-07T21:26:55.940,0,0,0,0.0,0.0,231.8141326904297,249.42056274414062,231.8141326904297,249.42056274414062
14,2026-08-07T21:26:55.940,1,1,0,25.0,0.0,246.70571899414062,244.06698608398438,246.70571899414062,244.06698608398438
14,2026-08-07T21:26:55.940,2,2,0,50.0,0.0,260.8279113769531,238.83157348632812,260.8279113769531,238.83157348632812
14,2026-08-07T21:26:55.940,3,3,0,75.0,0.0,274.7420349121094,234.47117614746094,274.7420349121094,234.47117614746094
14,2026-08-07T21:26:55.940,4,4,0,100.0,0.0,287.49432373046875,229.34347534179688,287.49432373046875,229.34347534179688
14,2026-08-07T21:26:55.940,5,5,0,125.0,0.0,300.5348205566406,225.0696258544922,300.5348205566406,225.0696258544922
14,2026-08-07T21:26:55.940,6,0,1,0.0,25.0,239.14199829101562,257.65386962890625,239.14199829101562,257.65386962890625
14,2026-08-07T21:26:55.940,7,1,1,25.0,25.0,254.33412170410156,251.92727661132812,254.33412170410156,251.92727661132812
14,2026-08-07T21:26:55.940,8,2,1,50.0,25.0,268.94940185546875,246.5280303955078,268.94940185546875,246.5280303955078
14,2026-08-07T21:26:55.940,9,3,1,75.0,25.0,282.7832336425781,241.5623016357422,282.7832336425781,241.5623016357422
14,2026-08-07T21:26:55.940,10,4,1,100.0,25.0,295.9696350097656,236.67213439941406,295.9696350097656,236.67213439941406
14,2026-08-07T21:26:55.940,11,5,1,125.0,25.0,309.1944580078125,231.7008056640625,309.1944580078125,231.7008056640625
14,2026-08-07T21:26:55.940,12,0,2,0.0,50.0,246.85714721679688,266.3641052246094,246.85714721679688,266.3641052246094
14,2026-08-07T21:26:55.940,13,1,2,25.0,50.0,262.1655578613281,260.27874755859375,262.1655578613281,260.27874755859375
14,2026-08-07T21:26:55.940,14,2,2,50.0,50.0,276.90643310546875,254.50242614746094,276.90643310546875,254.50242614746094
14,2026-08-07T21:26:55.940,15,3,2,75.0,50.0,291.02099609375,249.05490112304688,291.02099609375,249.05490112304688
14,2026-08-07T21:26:55.940,16,4,2,100.0,50.0,304.6125793457031,243.97596740722656,304.6125793457031,243.97596740722656
14,2026-08-07T21:26:55.940,17,5,2,125.0,50.0,317.6033935546875,238.6681671142578,317.6033935546875,238.6681671142578
14,2026-08-07T21:26:55.940,18,0,3,0.0,75.0,254.8946533203125,275.4424743652344,254.8946533203125,275.4424743652344
14,2026-08-07T21:26:55.940,19,1,3,25.0,75.0,270.4786071777344,268.8846740722656,270.4786071777344,268.8846740722656
14,2026-08-07T21:26:55.940,20,2,3,50.0,75.0,285.5691833496094,262.8101501464844,285.5691833496094,262.8101501464844
14,2026-08-07T21:26:55.940,21,3,3,75.0,75.0,299.9027404785156,257.130859375,299.9027404785156,257.130859375
14,2026-08-07T21:26:55.940,22,4,3,100.0,75.0,313.6062316894531,251.57818603515625,313.6062316894531,251.57818603515625
14,2026-08-07T21:26:55.940,23,5,3,125.0,75.0,327.062744140625,245.85894775390625,327.062744140625,245.85894775390625
14,2026-08-07T21:26:55.940,24,0,4,0.0,100.0,263.5997619628906,285.3956298828125,263.5997619628906,285.3956298828125
14,2026-08-07T21:26:55.940,25,1,4,25.0,100.0,279.5235900878906,278.3940124511719,279.5235900878906,278.3940124511719
14,2026-08-07T21:26:55.940,26,2,4,50.0,100.0,294.81243896484375,271.8866271972656,294.81243896484375,271.8866271972656
14,2026-08-07T21:26:55.940,27,3,4,75.0,100.0,309.4477233886719,265.77642822265625,309.4477233886719,265.77642822265625
14,2026-08-07T21:26:55.940,28,4,4,100.0,100.0,323.24688720703125,259.69683837890625,323.24688720703125,259.69683837890625
14,2026-08-07T21:26:55.940,29,5,4,125.0,100.0,336.561767578125,253.4627227783203,336.561767578125,253.4627227783203
14,2026-08-07T21:26:55.940,30,0,5,0.0,125.0,272.9085693359375,295.76580810546875,272.9085693359375,295.76580810546875
14,2026-08-07T21:26:55.940,31,1,5,25.0,125.0,289.01226806640625,288.47808837890625,289.01226806640625,288.47808837890625
14,2026-08-07T21:26:55.940,32,2,5,50.0,125.0,304.7628479003906,281.645263671875,304.7628479003906,281.645263671875
14,2026-08-07T21:26:55.940,33,3,5,75.0,125.0,319.4056701660156,274.86724853515625,319.4056701660156,274.86724853515625
14,2026-08-07T21:26:55.940,34,4,5,100.0,125.0,333.42633056640625,268.2894287109375,333.42633056640625,268.2894287109375
14,2026-08-07T21:26:55.940,35,5,5,125.0,125.0,347.1794128417969,261.6789245605469,347.1794128417969,261.6789245605469
14,2026-08-07T21:26:55.940,36,0,6,0.0,150.0,282.64215087890625,306.57977294921875,282.64215087890625,306.57977294921875
14,2026-08-07T21:26:55.940,37,1,6,25.0,150.0,299.1627502441406,299.00799560546875,299.1627502441406,299.00799560546875
14,2026-08-07T21:26:55.940,38,2,6,50.0,150.0,315.0971984863281,291.54168701171875,315.0971984863281,291.54168701171875
14,2026-08-07T21:26:55.940,39,3,6,75.0,150.0,330.0063781738281,284.4522399902344,330.0063781738281,284.4522399902344
14,2026-08-07T21:26:55.940,40,4,6,100.0,150.0,344.2774353027344,277.30859375,344.2774353027344,277.30859375
14,2026-08-07T21:26:55.940,41,5,6,125.0,150.0,357.9203186035156,270.3145751953125,357.9203186035156,270.3145751953125
14,2026-08-07T21:26:55.940,42,0,7,0.0,175.0,293.20550537109375,318.2276306152344,293.20550537109375,318.2276306152344
14,2026-08-07T21:26:55.940,43,1,7,25.0,175.0,310.1460266113281,310.0488586425781,310.1460266113281,310.0488586425781
14,2026-08-07T21:26:55.940,44,2,7,50.0,175.0,326.26641845703125,302.1759948730469,326.26641845703125,302.1759948730469
14,2026-08-07T21:26:55.940,45,3,7,75.0,175.0,341.4921569824219,294.5997314453125,341.4921569824219,294.5997314453125
14,2026-08-07T21:26:55.940,46,4,7,100.0,175.0,355.94879150390625,286.9286193847656,355.94879150390625,286.9286193847656
14,2026-08-07T21:26:55.940,47,5,7,125.0,175.0,369.904541015625,279.6216735839844,369.904541015625,279.6216735839844
15,2026-08-07T21:26:55.964,0,0,0,0.0,0.0,231.8141326904297,249.42056274414062,231.8141326904297,249.42056274414062
15,2026-08-07T21:26:55.964,1,1,0,25.0,0.0,246.70571899414062,244.06698608398438,246.70571899414062,244.06698608398438
15,2026-08-07T21:26:55.964,2,2,0,50.0,0.0,260.8279113769531,238.83157348632812,260.8279113769531,238.83157348632812
15,2026-08-07T21:26:55.964,3,3,0,75.0,0.0,274.7420349121094,234.47117614746094,274.7420349121094,234.47117614746094
15,2026-08-07T21:26:55.964,4,4,0,100.0,0.0,287.49432373046875,229.34347534179688,287.49432373046875,229.34347534179688
15,2026-08-07T21:26:55.964,5,5,0,125.0,0.0,300.5348205566406,225.0696258544922,300.5348205566406,225.0696258544922
15,2026-08-07T21:26:55.964,6,0,1,0.0,25.0,239.14199829101562,257.65386962890625,239.14199829101562,257.65386962890625
15,2026-08-07T21:26:55.964,7,1,1,25.0,25.0,254.33412170410156,251.92727661132812,254.33412170410156,251.92727661132812
15,2026-08-07T21:26:55.964,8,2,1,50.0,25.0,268.94940185546875,246.5280303955078,268.94940185546875,246.5280303955078
15,2026-08-07T21:26:55.964,9,3,1,75.0,25.0,282.7832336425781,241.5623016357422,282.7832336425781,241.5623016357422
15,2026-08-07T21:26:55.964,10,4,1,100.0,25.0,295.9696350097656,236.67213439941406,295.9696350097656,236.67213439941406
15,2026-08-07T21:26:55.964,11,5,1,125.0,25.0,309.1944580078125,231.7008056640625,309.1944580078125,231.7008056640625
15,2026-08-07T21:26:55.964,12,0,2,0.0,50.0,246.85714721679688,266.3641052246094,246.85714721679688,266.3641052246094
15,2026-08-07T21:26:55.964,13,1,2,25.0,50.0,262.1655578613281,260.27874755859375,262.1655578613281,260.27874755859375
15,2026-08-07T21:26:55.964,14,2,2,50.0,50.0,276.90643310546875,254.50242614746094,276.90643310546875,254.50242614746094
15,2026-08-07T21:26:55.964,15,3,2,75.0,50.0,291.02099609375,249.05490112304688,291.02099609375,249.05490112304688
15,2026-08-07T21:26:55.964,16,4,2,100.0,50.0,304.6125793457031,243.97596740722656,304.6125793457031,243.97596740722656
15,2026-08-07T21:26:55.964,17,5,2,125.0,50.0,317.6033935546875,238.6681671142578,317.6033935546875,238.6681671142578
15,2026-08-07T21:26:55.964,18,0,3,0.0,75.0,254.8946533203125,275.4424743652344,254.8946533203125,275.4424743652344
15,2026-08-07T21:26:55.964,19,1,3,25.0,75.0,270.4786071777344,268.8846740722656,270.4786071777344,268.8846740722656
15,2026-08-07T21:26:55.964,20,2,3,50.0,75.0,285.5691833496094,262.8101501464844,285.5691833496094,262.8101501464844
15,2026-08-07T21:26:55.964,21,3,3,75.0,75.0,299.9027404785156,257.130859375,299.9027404785156,257.130859375
15,2026-08-07T21:26:55.964,22,4,3,100.0,75.0,313.6062316894531,251.57818603515625,313.6062316894531,251.57818603515625
15,2026-08-07T21:26:55.964,23,5,3,125.0,75.0,327.062744140625,245.85894775390625,327.062744140625,245.85894775390625
15,2026-08-07T21:26:55.964,24,0,4,0.0,100.0,263.5997619628906,285.3956298828125,263.5997619628906,285.3956298828125
15,2026-08-07T21:26:55.964,25,1,4,25.0,100.0,279.5235900878906,278.3940124511719,279.5235900878906,278.3940124511719
15,2026-08-07T21:26:55.964,26,2,4,50.0,100.0,294.81243896484375,271.8866271972656,294.81243896484375,271.8866271972656
15,2026-08-07T21:26:55.964,27,3,4,75.0,100.0,309.4477233886719,265.77642822265625,309.4477233886719,265.77642822265625
15,2026-08-07T21:26:55.964,28,4,4,100.0,100.0,323.24688720703125,259.69683837890625,323.24688720703125,259.69683837890625
15,2026-08-07T21:26:55.964,29,5,4,125.0,100.0,336.561767578125,253.4627227783203,336.561767578125,253.4627227783203
15,2026-08-07T21:26:55.964,30,0,5,0.0,125.0,272.9085693359375,295.76580810546875,272.9085693359375,295.76580810546875
15,2026-08-07T21:26:55.964,31,1,5,25.0,125.0,289.01226806640625,288.47808837890625,289.01226806640625,288.47808837890625
15,2026-08-07T21:26:55.964,32,2,5,50.0,125.0,304.7628479003906,281.645263671875,304.7628479003906,281.645263671875
15,2026-08-07T21:26:55.964,33,3,5,75.0,125.0,319.4056701660156,274.86724853515625,319.4056701660156,274.86724853515625
15,2026-08-07T21:26:55.964,34,4,5,100.0,125.0,333.42633056640625,268.2894287109375,333.42633056640625,268.2894287109375
15,2026-08-07T21:26:55.964,35,5,5,125.0,125.0,347.1794128417969,261.6789245605469,347.1794128417969,261.6789245605469
15,2026-08-07T21:26:55.964,36,0,6,0.0,150.0,282.64215087890625,306.57977294921875,282.64215087890625,306.57977294921875
15,2026-08-07T21:26:55.964,37,1,6,25.0,150.0,299.1627502441406,299.00799560546875,299.1627502441406,299.00799560546875
15,2026-08-07T21:26:55.964,38,2,6,50.0,150.0,315.0971984863281,291.54168701171875,315.0971984863281,291.54168701171875
15,2026-08-07T21:26:55.964,39,3,6,75.0,150.0,330.0063781738281,284.4522399902344,330.0063781738281,284.4522399902344
15,2026-08-07T21:26:55.964,40,4,6,100.0,150.0,344.2774353027344,277.30859375,344.2774353027344,277.30859375
15,2026-08-07T21:26:55.964,41,5,6,125.0,150.0,357.9203186035156,270.3145751953125,357.9203186035156,270.3145751953125
15,2026-08-07T21:26:55.964,42,0,7,0.0,175.0,293.20550537109375,318.2276306152344,293.20550537109375,318.2276306152344
15,2026-08-07T21:26:55.964,43,1,7,25.0,175.0,310.1460266113281,310.0488586425781,310.1460266113281,310.0488586425781
15,2026-08-07T21:26:55.964,44,2,7,50.0,175.0,326.26641845703125,302.1759948730469,326.26641845703125,302.1759948730469
15,2026-08-07T21:26:55.964,45,3,7,75.0,175.0,341.4921569824219,294.5997314453125,341.4921569824219,294.5997314453125
15,2026-08-07T21:26:55.964,46,4,7,100.0,175.0,355.94879150390625,286.9286193847656,355.94879150390625,286.9286193847656
15,2026-08-07T21:26:55.964,47,5,7,125.0,175.0,369.904541015625,279.6216735839844,369.904541015625,279.6216735839844
16,2026-08-07T21:26:55.989,0,0,0,0.0,0.0,231.80699157714844,249.4253387451172,231.80699157714844,249.4253387451172
16,2026-08-07T21:26:55.989,1,1,0,25.0,0.0,246.70547485351562,244.0728759765625,246.70547485351562,244.0728759765625
16,2026-08-07T21:26:55.989,2,2,0,50.0,0.0,260.8291931152344,238.83726501464844,260.8291931152344,238.83726501464844
16,2026-08-07T21:26:55.989,3,3,0,75.0,0.0,274.71063232421875,234.46734619140625,274.71063232421875,234.46734619140625
16,2026-08-07T21:26:55.989,4,4,0,100.0,0.0,287.4964294433594,229.35415649414062,287.4964294433594,229.35415649414062
16,2026-08-07T21:26:55.989,5,5,0,125.0,0.0,300.5626220703125,225.0687255859375,300.5626220703125,225.0687255859375
16,2026-08-07T21:26:55.989,6,0,1,0.0,25.0,239.14190673828125,257.649658203125,239.14190673828125,257.649658203125
16,2026-08-07T21:26:55.989,7,1,1,25.0,25.0,254.3346710205078,251.9332275390625,254.3346710205078,251.9332275390625
16,2026-08-07T21:26:55.989,8,2,1,50.0,25.0,268.941162109375,246.5255889892578,268.941162109375,246.5255889892578
16,2026-08-07T21:26:55.989,9,3,1,75.0,25.0,282.7471618652344,241.5751495361328,282.7471618652344,241.5751495361328
16,2026-08-07T21:26:55.989,10,4,1,100.0,25.0,295.94683837890625,236.6835479736328,295.94683837890625,236.6835479736328
16,2026-08-07T21:26:55.989,11,5,1,125.0,25.0,309.18365478515625,231.69786071777344,309.18365478515625,231.69786071777344
16,2026-08-07T21:26:55.989,12,0,2,0.0,50.0,246.8577117919922,266.363037109375,246.8577117919922,266.363037109375
16,2026-08-07T21:26:55.989,13,1,2,25.0,50.0,262.172607421875,260.2854309082031,262.172607421875,260.2854309082031
16,2026-08-07T21:26:55.989,14,2,2,50.0,50.0,276.9098815917969,254.50274658203125,276.9098815917969,254.50274658203125
16,2026-08-07T21:26:55.989,15,3,2,75.0,50.0,291.0241394042969,249.0500946044922,291.0241394042969,249.0500946044922
16,2026-08-07T21:26:55.989,16,4,2,100.0,50.0,304.60174560546875,243.9758758544922,304.60174560546875,243.9758758544922
16,2026-08-07T21:26:55.989,17,5,2,125.0,50.0,317.61407470703125,238.67372131347656,317.61407470703125,238.67372131347656
16,2026-08-07T21:26:55.989,18,0,3,0.0,75.0,254.88153076171875,275.4521179199219,254.88153076171875,275.4521179199219
16,2026-08-07T21:26:55.989,19,1,3,25.0,75.0,270.5000915527344,268.9132080078125,270.5000915527344,268.9132080078125
16,2026-08-07T21:26:55.989,20,2,3,50.0,75.0,285.555419921875,262.8258972167969,285.555419921875,262.8258972167969
16,2026-08-07T21:26:55.989,21,3,3,75.0,75.0,299.93792724609375,257.12176513671875,299.93792724609375,257.12176513671875
16,2026-08-07T21:26:55.989,22,4,3,100.0,75.0,313.5894470214844,251.57803344726562,313.5894470214844,251.57803344726562
16,2026-08-07T21:26:55.989,23,5,3,125.0,75.0,327.0544128417969,245.8581085205078,327.0544128417969,245.8581085205078
16,2026-08-07T21:26:55.989,24,0,4,0.0,100.0,263.5899658203125,285.389404296875,263.5899658203125,285.389404296875
16,2026-08-07T21:26:55.989,25,1,4,25.0,100.0,279.4737548828125,278.369384765625,279.4737548828125,278.369384765625
16,2026-08-07T21:26:55.989,26,2,4,50.0,100.0,294.8080749511719,271.89093017578125,294.8080749511719,271.89093017578125
16,2026-08-07T21:26:55.989,27,3,4,75.0,100.0,309.4461669921875,265.7613525390625,309.4461669921875,265.7613525390625
16,2026-08-07T21:26:55.989,28,4,4,100.0,100.0,323.246826171875,259.6983642578125,323.246826171875,259.6983642578125
16,2026-08-07T21:26:55.989,29,5,4,125.0,100.0,336.53167724609375,253.45033264160156,336.53167724609375,253.45033264160156
16,2026-08-07T21:26:55.989,30,0,5,0.0,125.0,272.9454650878906,295.7872314453125,272.9454650878906,295.7872314453125
16,2026-08-07T21:26:55.989,31,1,5,25.0,125.0,288.9986877441406,288.4871520996094,288.9986877441406,288.4871520996094
16,2026-08-07T21:26:55.989,32,2,5,50.0,125.0,304.7272033691406,281.62200927734375,304.7272033691406,281.62200927734375
16,2026-08-07T21:26:55.989,33,3,5,75.0,125.0,319.425048828125,274.8782043457031,319.425048828125,274.8782043457031
16,2026-08-07T21:26:55.989,34,4,5,100.0,125.0,333.410888671875,268.2918701171875,333.410888671875,268.2918701171875
16,2026-08-07T21:26:55.989,35,5,5,125.0,125.0,347.15777587890625,261.69244384765625,347.15777587890625,261.69244384765625
16,2026-08-07T21:26:55.989,36,0,6,0.0,150.0,282.66064453125,306.58477783203125,282.66064453125,306.58477783203125
16,2026-08-07T21:26:55.989,37,1,6,25.0,150.0,299.1521301269531,299.0068054199219,299.1521301269531,299.0068054199219
16,2026-08-07T21:26:55.989,38,2,6,50.0,150.0,315.0948181152344,291.5446472167969,315.0948181152344,291.5446472167969
16,2026-08-07T21:26:55.989,39,3,6,75.0,150.0,330.0106506347656,284.4315185546875,330.0106506347656,284.4315185546875
16,2026-08-07T21:26:55.989,40,4,6,100.0,150.0,344.25299072265625,277.3153076171875,344.25299072265625,277.3153076171875
16,2026-08-07T21:26:55.989,41,5,6,125.0,150.0,357.9275817871094,270.3296813964844,357.9275817871094,270.3296813964844
16,2026-08-07T21:26:55.989,42,0,7,0.0,175.0,293.2167053222656,318.224365234375,293.2167053222656,318.224365234375
16,2026-08-07T21:26:55.989,43,1,7,25.0,175.0,310.1463317871094,310.0475769042969,310.1463317871094,310.0475769042969
16,2026-08-07T21:26:55.989,44,2,7,50.0,175.0,326.2804260253906,302.1842956542969,326.2804260253906,302.1842956542969
16,2026-08-07T21:26:55.989,45,3,7,75.0,175.0,341.5081787109375,294.6558837890625,341.5081787109375,294.6558837890625
16,2026-08-07T21:26:55.989,46,4,7,100.0,175.0,355.95062255859375,286.930419921875,355.95062255859375,286.930419921875
16,2026-08-07T21:26:55.989,47,5,7,125.0,175.0,369.9299621582031,279.6322021484375,369.9299621582031,279.6322021484375
17,2026-08-07T21:26:56.008,0,0,0,0.0,0.0,231.80699157714844,249.4253387451172,231.80699157714844,249.4253387451172
17,2026-08-07T21:26:56.008,1,1,0,25.0,0.0,246.70547485351562,244.0728759765625,246.70547485351562,244.0728759765625
17,2026-08-07T21:26:56.008,2,2,0,50.0,0.0,260.8291931152344,238.83726501464844,260.8291931152344,238.83726501464844
17,2026-08-07T21:26:56.008,3,3,0,75.0,0.0,274.71063232421875,234.46734619140625,274.71063232421875,234.46734619140625
17,2026-08-07T21:26:56.008,4,4,0,100.0,0.0,287.4964294433594,229.35415649414062,287.4964294433594,229.35415649414062
17,2026-08-07T21:26:56.008,5,5,0,125.0,0.0,300.5626220703125,225.0687255859375,300.5626220703125,225.0687255859375
17,2026-08-07T21:26:56.008,6,0,1,0.0,25.0,239.14190673828125,257.649658203125,239.14190673828125,257.649658203125
17,2026-08-07T21:26:56.008,7,1,1,25.0,25.0,254.3346710205078,251.9332275390625,254.3346710205078,251.9332275390625
17,2026-08-07T21:26:56.008,8,2,1,50.0,25.0,268.941162109375,246.5255889892578,268.941162109375,246.5255889892578
17,2026-08-07T21:26:56.008,9,3,1,75.0,25.0,282.7471618652344,241.5751495361328,282.7471618652344,241.5751495361328
17,2026-08-07T21:26:56.008,10,4,1,100.0,25.0,295.94683837890625,236.6835479736328,295.94683837890625,236.6835479736328
17,2026-08-07T21:26:56.008,11,5,1,125.0,25.0,309.18365478515625,231.69786071777344,309.18365478515625,231.69786071777344
17,2026-08-07T21:26:56.008,12,0,2,0.0,50.0,246.8577117919922,266.363037109375,246.8577117919922,266.363037109375
17,2026-08-07T21:26:56.008,13,1,2,25.0,50.0,262.172607421875,260.2854309082031,262.172607421875,260.2854309082031
17,2026-08-07T21:26:56.008,14,2,2,50.0,50.0,276.9098815917969,254.50274658203125,276.9098815917969,254.50274658203125
17,2026-08-07T21:26:56.008,15,3,2,75.0,50.0,291.0241394042969,249.0500946044922,291.0241394042969,249.0500946044922
17,2026-08-07T21:26:56.008,16,4,2,100.0,50.0,304.60174560546875,243.9758758544922,304.60174560546875,243.9758758544922
17,2026-08-07T21:26:56.008,17,5,2,125.0,50.0,317.61407470703125,238.67372131347656,317.61407470703125,238.67372131347656
17,2026-08-07T21:26:56.008,18,0,3,0.0,75.0,254.88153076171875,275.4521179199219,254.88153076171875,275.4521179199219
17,2026-08-07T21:26:56.008,19,1,3,25.0,75.0,270.5000915527344,268.9132080078125,270.5000915527344,268.9132080078125
17,2026-08-07T21:26:56.008,20,2,3,50.0,75.0,285.555419921875,262.8258972167969,285.555419921875,262.8258972167969
17,2026-08-07T21:26:56.008,21,3,3,75.0,75.0,299.93792724609375,257.12176513671875,299.93792724609375,257.12176513671875
17,2026-08-07T21:26:56.008,22,4,3,100.0,75.0,313.5894470214844,251.57803344726562,313.5894470214844,251.57803344726562
17,2026-08-07T21:26:56.008,23,5,3,125.0,75.0,327.0544128417969,245.8581085205078,327.0544128417969,245.8581085205078
17,2026-08-07T21:26:56.008,24,0,4,0.0,100.0,263.5899658203125,285.389404296875,263.5899658203125,285.389404296875
17,2026-08-07T21:26:56.008,25,1,4,25.0,100.0,279.4737548828125,278.369384765625,279.4737548828125,278.369384765625
17,2026-08-07T21:26:56.008,26,2,4,50.0,100.0,294.8080749511719,271.89093017578125,294.8080749511719,271.89093017578125
17,2026-08-07T21:26:56.008,27,3,4,75.0,100.0,309.4461669921875,265.7613525390625,309.4461669921875,265.7613525390625
17,2026-08-07T21:26:56.008,28,4,4,100.0,100.0,323.246826171875,259.6983642578125,323.246826171875,259.6983642578125
17,2026-08-07T21:26:56.008,29,5,4,125.0,100.0,336.53167724609375,253.45033264160156,336.53167724609375,253.45033264160156
17,2026-08-07T21:26:56.008,30,0,5,0.0,125.0,272.9454650878906,295.7872314453125,272.9454650878906,295.7872314453125
17,2026-08-07T21:26:56.008,31,1,5,25.0,125.0,288.9986877441406,288.4871520996094,288.9986877441406,288.4871520996094
17,2026-08-07T21:26:56.008,32,2,5,50.0,125.0,304.7272033691406,281.62200927734375,304.7272033691406,281.62200927734375
17,2026-08-07T21:26:56.008,33,3,5,75.0,125.0,319.425048828125,274.8782043457031,319.425048828125,274.8782043457031
17,2026-08-07T21:26:56.008,34,4,5,100.0,125.0,333.410888671875,268.2918701171875,333.410888671875,268.2918701171875
17,2026-08-07T21:26:56.008,35,5,5,125.0,125.0,347.15777587890625,261.69244384765625,347.15777587890625,261.69244384765625
17,2026-08-07T21:26:56.008,36,0,6,0.0,150.0,282.66064453125,306.58477783203125,282.66064453125,306.58477783203125
17,2026-08-07T21:26:56.008,37,1,6,25.0,150.0,299.1521301269531,299.0068054199219,299.1521301269531,299.0068054199219
17,2026-08-07T21:26:56.008,38,2,6,50.0,150.0,315.0948181152344,291.5446472167969,315.0948181152344,291.5446472167969
17,2026-08-07T21:26:56.008,39,3,6,75.0,150.0,330.0106506347656,284.4315185546875,330.0106506347656,284.4315185546875
17,2026-08-07T21:26:56.008,40,4,6,100.0,150.0,344.25299072265625,277.3153076171875,344.25299072265625,277.3153076171875
17,2026-08-07T21:26:56.008,41,5,6,125.0,150.0,357.9275817871094,270.3296813964844,357.9275817871094,270.3296813964844
17,2026-08-07T21:26:56.008,42,0,7,0.0,175.0,293.2167053222656,318.224365234375,293.2167053222656,318.224365234375
17,2026-08-07T21:26:56.008,43,1,7,25.0,175.0,310.1463317871094,310.0475769042969,310.1463317871094,310.0475769042969
17,2026-08-07T21:26:56.008,44,2,7,50.0,175.0,326.2804260253906,302.1842956542969,326.2804260253906,302.1842956542969
17,2026-08-07T21:26:56.008,45,3,7,75.0,175.0,341.5081787109375,294.6558837890625,341.5081787109375,294.6558837890625
17,2026-08-07T21:26:56.008,46,4,7,100.0,175.0,355.95062255859375,286.930419921875,355.95062255859375,286.930419921875
17,2026-08-07T21:26:56.008,47,5,7,125.0,175.0,369.9299621582031,279.6322021484375,369.9299621582031,279.6322021484375
18,2026-08-07T21:26:56.032,0,0,0,0.0,0.0,231.80657958984375,249.42633056640625,231.80657958984375,249.42633056640625
18,2026-08-07T21:26:56.032,1,1,0,25.0,0.0,246.72396850585938,244.07342529296875,246.72396850585938,244.07342529296875
18,2026-08-07T21:26:56.032,2,2,0,50.0,0.0,260.8080749511719,238.83355712890625,260.8080749511719,238.83355712890625
18,2026-08-07T21:26:56.032,3,3,0,75.0,0.0,274.7340087890625,234.48675537109375,274.7340087890625,234.48675537109375
18,2026-08-07T21:26:56.032,4,4,0,100.0,0.0,287.461669921875,229.34327697753906,287.461669921875,229.34327697753906
18,2026-08-07T21:26:56.032,5,5,0,125.0,0.0,300.55023193359375,225.0709228515625,300.55023193359375,225.0709228515625
18,2026-08-07T21:26:56.032,6,0,1,0.0,25.0,239.13525390625,257.64666748046875,239.13525390625,257.64666748046875
18,2026-08-07T21:26:56.032,7,1,1,25.0,25.0,254.3213653564453,251.93048095703125,254.3213653564453,251.93048095703125
18,2026-08-07T21:26:56.032,8,2,1,50.0,25.0,268.9623718261719,246.53160095214844,268.9623718261719,246.53160095214844
18,2026-08-07T21:26:56.032,9,3,1,75.0,25.0,282.7730712890625,241.57302856445312,282.7730712890625,241.57302856445312
18,2026-08-07T21:26:56.032,10,4,1,100.0,25.0,295.9642028808594,236.66441345214844,295.9642028808594,236.66441345214844
18,2026-08-07T21:26:56.032,11,5,1,125.0,25.0,309.16632080078125,231.7010955810547,309.16632080078125,231.7010955810547
18,2026-08-07T21:26:56.032,12,0,2,0.0,50.0,246.8578643798828,266.36614990234375,246.8578643798828,266.36614990234375
18,2026-08-07T21:26:56.032,13,1,2,25.0,50.0,262.179931640625,260.2792053222656,262.179931640625,260.2792053222656
18,2026-08-07T21:26:56.032,14,2,2,50.0,50.0,276.9042053222656,254.50375366210938,276.9042053222656,254.50375366210938
18,2026-08-07T21:26:56.032,15,3,2,75.0,50.0,291.01910400390625,249.04541015625,291.01910400390625,249.04541015625
18,2026-08-07T21:26:56.032,16,4,2,100.0,50.0,304.5955505371094,243.9662322998047,304.5955505371094,243.9662322998047
18,2026-08-07T21:26:56.032,17,5,2,125.0,50.0,317.6240234375,238.67127990722656,317.6240234375,238.67127990722656
18,2026-08-07T21:26:56.032,18,0,3,0.0,75.0,254.88287353515625,275.45062255859375,254.88287353515625,275.45062255859375
18,2026-08-07T21:26:56.032,19,1,3,25.0,75.0,270.46868896484375,268.891845703125,270.46868896484375,268.891845703125
18,2026-08-07T21:26:56.032,20,2,3,50.0,75.0,285.55804443359375,262.8162536621094,285.55804443359375,262.8162536621094
18,2026-08-07T21:26:56.032,21,3,3,75.0,75.0,299.9372863769531,257.13323974609375,299.9372863769531,257.13323974609375
18,2026-08-07T21:26:56.032,22,4,3,100.0,75.0,313.6021728515625,251.58917236328125,313.6021728515625,251.58917236328125
18,2026-08-07T21:26:56.032,23,5,3,125.0,75.0,327.0616760253906,245.86280822753906,327.0616760253906,245.86280822753906
18,2026-08-07T21:26:56.032,24,0,4,0.0,100.0,263.5665283203125,285.3787841796875,263.5665283203125,285.3787841796875
18,2026-08-07T21:26:56.032,25,1,4,25.0,100.0,279.4542236328125,278.3538818359375,279.4542236328125,278.3538818359375
18,2026-08-07T21:26:56.032,26,2,4,50.0,100.0,294.8220520019531,271.90283203125,294.8220520019531,271.90283203125
18,2026-08-07T21:26:56.032,27,3,4,75.0,100.0,309.45355224609375,265.76763916015625,309.45355224609375,265.76763916015625
18,2026-08-07T21:26:56.032,28,4,4,100.0,100.0,323.2568664550781,259.69024658203125,323.2568664550781,259.69024658203125
18,2026-08-07T21:26:56.032,29,5,4,125.0,100.0,336.580078125,253.46307373046875,336.580078125,253.46307373046875
18,2026-08-07T21:26:56.032,30,0,5,0.0,125.0,272.9336242675781,295.7955627441406,272.9336242675781,295.7955627441406
18,2026-08-07T21:26:56.032,31,1,5,25.0,125.0,288.9832763671875,288.4881591796875,288.9832763671875,288.4881591796875
18,2026-08-07T21:26:56.032,32,2,5,50.0,125.0,304.7168884277344,281.62969970703125,304.7168884277344,281.62969970703125
18,2026-08-07T21:26:56.032,33,3,5,75.0,125.0,319.3722839355469,274.8645324707031,319.3722839355469,274.8645324707031
18,2026-08-07T21:26:56.032,34,4,5,100.0,125.0,333.4117431640625,268.284423828125,333.4117431640625,268.284423828125
18,2026-08-07T21:26:56.032,35,5,5,125.0,125.0,347.1942443847656,261.7040710449219,347.1942443847656,261.7040710449219
18,2026-08-07T21:26:56.032,36,0,6,0.0,150.0,282.6481018066406,306.5813903808594,282.6481018066406,306.5813903808594
18,2026-08-07T21:26:56.032,37,1,6,25.0,150.0,299.15966796875,299.0096130371094,299.15966796875,299.0096130371094
18,2026-08-07T21:26:56.032,38,2,6,50.0,150.0,315.0657043457031,291.5433349609375,315.0657043457031,291.5433349609375
18,2026-08-07T21:26:56.032,39,3,6,75.0,150.0,330.0092468261719,284.44561767578125,330.0092468261719,284.44561767578125
18,2026-08-07T21:26:56.032,40,4,6,100.0,150.0,344.2710876464844,277.310302734375,344.2710876464844,277.310302734375
18,2026-08-07T21:26:56.032,41,5,6,125.0,150.0,357.9172668457031,270.3263244628906,357.9172668457031,270.3263244628906
18,2026-08-07T21:26:56.032,42,0,7,0.0,175.0,293.23309326171875,318.2282409667969,293.23309326171875,318.2282409667969
18,2026-08-07T21:26:56.032,43,1,7,25.0,175.0,310.14239501953125,310.05169677734375,310.14239501953125,310.05169677734375
18,2026-08-07T21:26:56.032,44,2,7,50.0,175.0,326.2783508300781,302.1709899902344,326.2783508300781,302.1709899902344
18,2026-08-07T21:26:56.032,45,3,7,75.0,175.0,341.5216064453125,294.6481628417969,341.5216064453125,294.6481628417969
18,2026-08-07T21:26:56.032,46,4,7,100.0,175.0,355.9544677734375,286.9283752441406,355.9544677734375,286.9283752441406
18,2026-08-07T21:26:56.032,47,5,7,125.0,175.0,369.93255615234375,279.6343078613281,369.93255615234375,279.6343078613281
19,2026-08-07T21:26:56.056,0,0,0,0.0,0.0,231.80657958984375,249.42633056640625,231.80657958984375,249.42633056640625
19,2026-08-07T21:26:56.056,1,1,0,25.0,0.0,246.72396850585938,244.07342529296875,246.72396850585938,244.07342529296875
19,2026-08-07T21:26:56.056,2,2,0,50.0,0.0,260.8080749511719,238.83355712890625,260.8080749511719,238.83355712890625
19,2026-08-07T21:26:56.056,3,3,0,75.0,0.0,274.7340087890625,234.48675537109375,274.7340087890625,234.48675537109375
19,2026-08-07T21:26:56.056,4,4,0,100.0,0.0,287.461669921875,229.34327697753906,287.461669921875,229.34327697753906
19,2026-08-07T21:26:56.056,5,5,0,125.0,0.0,300.55023193359375,225.0709228515625,300.55023193359375,225.0709228515625
19,2026-08-07T21:26:56.056,6,0,1,0.0,25.0,239.13525390625,257.64666748046875,239.13525390625,257.64666748046875
19,2026-08-07T21:26:56.056,7,1,1,25.0,25.0,254.3213653564453,251.93048095703125,254.3213653564453,251.93048095703125
19,2026-08-07T21:26:56.056,8,2,1,50.0,25.0,268.9623718261719,246.53160095214844,268.9623718261719,246.53160095214844
19,2026-08-07T21:26:56.056,9,3,1,75.0,25.0,282.7730712890625,241.57302856445312,282.7730712890625,241.57302856445312
19,2026-08-07T21:26:56.056,10,4,1,100.0,25.0,295.9642028808594,236.66441345214844,295.9642028808594,236.66441345214844
19,2026-08-07T21:26:56.056,11,5,1,125.0,25.0,309.16632080078125,231.7010955810547,309.16632080078125,231.7010955810547
19,2026-08-07T21:26:56.056,12,0,2,0.0,50.0,246.8578643798828,266.36614990234375,246.8578643798828,266.36614990234375
19,2026-08-07T21:26:56.056,13,1,2,25.0,50.0,262.179931640625,260.2792053222656,262.179931640625,260.2792053222656
19,2026-08-07T21:26:56.056,14,2,2,50.0,50.0,276.9042053222656,254.50375366210938,276.9042053222656,254.50375366210938
19,2026-08-07T21:26:56.056,15,3,2,75.0,50.0,291.01910400390625,249.04541015625,291.01910400390625,249.04541015625
19,2026-08-07T21:26:56.056,16,4,2,100.0,50.0,304.5955505371094,243.9662322998047,304.5955505371094,243.9662322998047
19,2026-08-07T21:26:56.056,17,5,2,125.0,50.0,317.6240234375,238.67127990722656,317.6240234375,238.67127990722656
19,2026-08-07T21:26:56.056,18,0,3,0.0,75.0,254.88287353515625,275.45062255859375,254.88287353515625,275.45062255859375
19,2026-08-07T21:26:56.056,19,1,3,25.0,75.0,270.46868896484375,268.891845703125,270.46868896484375,268.891845703125
19,2026-08-07T21:26:56.056,20,2,3,50.0,75.0,285.55804443359375,262.8162536621094,285.55804443359375,262.8162536621094
19,2026-08-07T21:26:56.056,21,3,3,75.0,75.0,299.9372863769531,257.13323974609375,299.9372863769531,257.13323974609375
19,2026-08-07T21:26:56.056,22,4,3,100.0,75.0,313.6021728515625,251.58917236328125,313.6021728515625,251.58917236328125
19,2026-08-07T21:26:56.056,23,5,3,125.0,75.0,327.0616760253906,245.86280822753906,327.0616760253906,245.86280822753906
19,2026-08-07T21:26:56.056,24,0,4,0.0,100.0,263.5665283203125,285.3787841796875,263.5665283203125,285.3787841796875
19,2026-08-07T21:26:56.056,25,1,4,25.0,100.0,279.4542236328125,278.3538818359375,279.4542236328125,278.3538818359375
19,2026-08-07T21:26:56.056,26,2,4,50.0,100.0,294.8220520019531,271.90283203125,294.8220520019531,271.90283203125
19,2026-08-07T21:26:56.056,27,3,4,75.0,100.0,309.45355224609375,265.76763916015625,309.45355224609375,265.76763916015625
19,2026-08-07T21:26:56.056,28,4,4,100.0,100.0,323.2568664550781,259.69024658203125,323.2568664550781,259.69024658203125
19,2026-08-07T21:26:56.056,29,5,4,125.0,100.0,336.580078125,253.46307373046875,336.580078125,253.46307373046875
19,2026-08-07T21:26:56.056,30,0,5,0.0,125.0,272.9336242675781,295.7955627441406,272.9336242675781,295.7955627441406
19,2026-08-07T21:26:56.056,31,1,5,25.0,125.0,288.9832763671875,288.4881591796875,288.9832763671875,288.4881591796875
19,2026-08-07T21:26:56.056,32,2,5,50.0,125.0,304.7168884277344,281.62969970703125,304.7168884277344,281.62969970703125
19,2026-08-07T21:26:56.056,33,3,5,75.0,125.0,319.3722839355469,274.8645324707031,319.3722839355469,274.8645324707031
19,2026-08-07T21:26:56.056,34,4,5,100.0,125.0,333.4117431640625,268.284423828125,333.4117431640625,268.284423828125
19,2026-08-07T21:26:56.056,35,5,5,125.0,125.0,347.1942443847656,261.7040710449219,347.1942443847656,261.7040710449219
19,2026-08-07T21:26:56.056,36,0,6,0.0,150.0,282.6481018066406,306.5813903808594,282.6481018066406,306.5813903808594
19,2026-08-07T21:26:56.056,37,1,6,25.0,150.0,299.15966796875,299.0096130371094,299.15966796875,299.0096130371094
19,2026-08-07T21:26:56.056,38,2,6,50.0,150.0,315.0657043457031,291.5433349609375,315.0657043457031,291.5433349609375
19,2026-08-07T21:26:56.056,39,3,6,75.0,150.0,330.0092468261719,284.44561767578125,330.0092468261719,284.44561767578125
19,2026-08-07T21:26:56.056,40,4,6,100.0,150.0,344.2710876464844,277.310302734375,344.2710876464844,277.310302734375
19,2026-08-07T21:26:56.056,41,5,6,125.0,150.0,357.9172668457031,270.3263244628906,357.9172668457031,270.3263244628906
19,2026-08-07T21:26:56.056,42,0,7,0.0,175.0,293.23309326171875,318.2282409667969,293.23309326171875,318.2282409667969
19,2026-08-07T21:26:56.056,43,1,7,25.0,175.0,310.14239501953125,310.05169677734375,310.14239501953125,310.05169677734375
19,2026-08-07T21:26:56.056,44,2,7,50.0,175.0,326.2783508300781,302.1709899902344,326.2783508300781,302.1709899902344
19,2026-08-07T21:26:56.056,45,3,7,75.0,175.0,341.5216064453125,294.6481628417969,341.5216064453125,294.6481628417969
19,2026-08-07T21:26:56.056,46,4,7,100.0,175.0,355.9544677734375,286.9283752441406,355.9544677734375,286.9283752441406
19,2026-08-07T21:26:56.056,47,5,7,125.0,175.0,369.93255615234375,279.6343078613281,369.93255615234375,279.6343078613281
20,2026-08-07T21:26:56.076,0,0,0,0.0,0.0,231.79588317871094,249.41746520996094,231.79588317871094,249.41746520996094
20,2026-08-07T21:26:56.076,1,1,0,25.0,0.0,246.7245330810547,244.06539916992188,246.7245330810547,244.06539916992188
20,2026-08-07T21:26:56.076,2,2,0,50.0,0.0,260.7933044433594,238.82974243164062,260.7933044433594,238.82974243164062
20,2026-08-07T21:26:56.076,3,3,0,75.0,0.0,274.705810546875,234.49497985839844,274.705810546875,234.49497985839844
20,2026-08-07T21:26:56.076,4,4,0,100.0,0.0,287.4875793457031,229.36477661132812,287.4875793457031,229.36477661132812
20,2026-08-07T21:26:56.076,5,5,0,125.0,0.0,300.544189453125,225.06796264648438,300.544189453125,225.06796264648438
20,2026-08-07T21:26:56.076,6,0,1,0.0,25.0,239.16107177734375,257.6488342285156,239.16107177734375,257.6488342285156
20,2026-08-07T21:26:56.076,7,1,1,25.0,25.0,254.304443359375,251.9292755126953,254.304443359375,251.9292755126953
20,2026-08-07T21:26:56.076,8,2,1,50.0,25.0,268.9281005859375,246.51820373535156,268.9281005859375,246.51820373535156
20,2026-08-07T21:26:56.076,9,3,1,75.0,25.0,282.7879333496094,241.57362365722656,282.7879333496094,241.57362365722656
20,2026-08-07T21:26:56.076,10,4,1,100.0,25.0,295.9644470214844,236.67221069335938,295.9644470214844,236.67221069335938
20,2026-08-07T21:26:56.076,11,5,1,125.0,25.0,309.1680908203125,231.69720458984375,309.1680908203125,231.69720458984375
20,2026-08-07T21:26:56.076,12,0,2,0.0,50.0,246.84591674804688,266.36676025390625,246.84591674804688,266.36676025390625
20,2026-08-07T21:26:56.076,13,1,2,25.0,50.0,262.16424560546875,260.286865234375,262.16424560546875,260.286865234375
20,2026-08-07T21:26:56.076,14,2,2,50.0,50.0,276.9193115234375,254.50192260742188,276.9193115234375,254.50192260742188
20,2026-08-07T21:26:56.076,15,3,2,75.0,50.0,291.02587890625,249.04058837890625,291.02587890625,249.04058837890625
20,2026-08-07T21:26:56.076,16,4,2,100.0,50.0,304.6029968261719,243.9641571044922,304.6029968261719,243.9641571044922
20,2026-08-07T21:26:56.076,17,5,2,125.0,50.0,317.59765625,238.67027282714844,317.59765625,238.67027282714844
20,2026-08-07T21:26:56.076,18,0,3,0.0,75.0,254.88519287109375,275.4447937011719,254.88519287109375,275.4447937011719
20,2026-08-07T21:26:56.076,19,1,3,25.0,75.0,270.4693908691406,268.89154052734375,270.4693908691406,268.89154052734375
20,2026-08-07T21:26:56.076,20,2,3,50.0,75.0,285.5661315917969,262.81292724609375,285.5661315917969,262.81292724609375
20,2026-08-07T21:26:56.076,21,3,3,75.0,75.0,299.945068359375,257.12432861328125,299.945068359375,257.12432861328125
20,2026-08-07T21:26:56.076,22,4,3,100.0,75.0,313.6111755371094,251.5847930908203,313.6111755371094,251.5847930908203
20,2026-08-07T21:26:56.076,23,5,3,125.0,75.0,327.0700378417969,245.87258911132812,327.0700378417969,245.87258911132812
20,2026-08-07T21:26:56.076,24,0,4,0.0,100.0,263.5843200683594,285.3787841796875,263.5843200683594,285.3787841796875
20,2026-08-07T21:26:56.076,25,1,4,25.0,100.0,279.4609375,278.3546447753906,279.4609375,278.3546447753906
20,2026-08-07T21:26:56.076,26,2,4,50.0,100.0,294.8157653808594,271.88482666015625,294.8157653808594,271.88482666015625
20,2026-08-07T21:26:56.076,27,3,4,75.0,100.0,309.4466247558594,265.7742614746094,309.4466247558594,265.7742614746094
20,2026-08-07T21:26:56.076,28,4,4,100.0,100.0,323.2517395019531,259.6922607421875,323.2517395019531,259.6922607421875
20,2026-08-07T21:26:56.076,29,5,4,125.0,100.0,336.5699462890625,253.47479248046875,336.5699462890625,253.47479248046875
20,2026-08-07T21:26:56.076,30,0,5,0.0,125.0,272.9045715332031,295.78070068359375,272.9045715332031,295.78070068359375
20,2026-08-07T21:26:56.076,31,1,5,25.0,125.0,289.01239013671875,288.47979736328125,289.01239013671875,288.47979736328125
20,2026-08-07T21:26:56.076,32,2,5,50.0,125.0,304.7367858886719,281.6201477050781,304.7367858886719,281.6201477050781
20,2026-08-07T21:26:56.076,33,3,5,75.0,125.0,319.38818359375,274.8619689941406,319.38818359375,274.8619689941406
20,2026-08-07T21:26:56.076,34,4,5,100.0,125.0,333.4029541015625,268.28900146484375,333.4029541015625,268.28900146484375
20,2026-08-07T21:26:56.076,35,5,5,125.0,125.0,347.1729736328125,261.6902160644531,347.1729736328125,261.6902160644531
20,2026-08-07T21:26:56.076,36,0,6,0.0,150.0,282.6216735839844,306.57952880859375,282.6216735839844,306.57952880859375
20,2026-08-07T21:26:56.076,37,1,6,25.0,150.0,299.1510314941406,299.01080322265625,299.1510314941406,299.01080322265625
20,2026-08-07T21:26:56.076,38,2,6,50.0,150.0,315.0942687988281,291.5396728515625,315.0942687988281,291.5396728515625
20,2026-08-07T21:26:56.076,39,3,6,75.0,150.0,329.9883117675781,284.4386291503906,329.9883117675781,284.4386291503906
20,2026-08-07T21:26:56.076,40,4,6,100.0,150.0,344.2864074707031,277.3258056640625,344.2864074707031,277.3258056640625
20,2026-08-07T21:26:56.076,41,5,6,125.0,150.0,357.9291687011719,270.3184814453125,357.9291687011719,270.3184814453125
20,2026-08-07T21:26:56.076,42,0,7,0.0,175.0,293.2156066894531,318.23138427734375,293.2156066894531,318.23138427734375
20,2026-08-07T21:26:56.076,43,1,7,25.0,175.0,310.14788818359375,310.0415954589844,310.14788818359375,310.0415954589844
20,2026-08-07T21:26:56.076,44,2,7,50.0,175.0,326.2554016113281,302.1698303222656,326.2554016113281,302.1698303222656
20,2026-08-07T21:26:56.076,45,3,7,75.0,175.0,341.5213928222656,294.6471862792969,341.5213928222656,294.6471862792969
20,2026-08-07T21:26:56.076,46,4,7,100.0,175.0,355.958740234375,286.9263000488281,355.958740234375,286.9263000488281
20,2026-08-07T21:26:56.076,47,5,7,125.0,175.0,369.93609619140625,279.6175231933594,369.93609619140625,279.6175231933594
21,2026-08-07T21:26:56.101,0,0,0,0.0,0.0,231.79588317871094,249.41746520996094,231.79588317871094,249.41746520996094
21,2026-08-07T21:26:56.101,1,1,0,25.0,0.0,246.7245330810547,244.06539916992188,246.7245330810547,244.06539916992188
21,2026-08-07T21:26:56.101,2,2,0,50.0,0.0,260.7933044433594,238.82974243164062,260.7933044433594,238.82974243164062
21,2026-08-07T21:26:56.101,3,3,0,75.0,0.0,274.705810546875,234.49497985839844,274.705810546875,234.49497985839844
21,2026-08-07T21:26:56.101,4,4,0,100.0,0.0,287.4875793457031,229.36477661132812,287.4875793457031,229.36477661132812
21,2026-08-07T21:26:56.101,5,5,0,125.0,0.0,300.544189453125,225.06796264648438,300.544189453125,225.06796264648438
21,2026-08-07T21:26:56.101,6,0,1,0.0,25.0,239.16107177734375,257.6488342285156,239.16107177734375,257.6488342285156
21,2026-08-07T21:26:56.101,7,1,1,25.0,25.0,254.304443359375,251.9292755126953,254.304443359375,251.9292755126953
21,2026-08-07T21:26:56.101,8,2,1,50.0,25.0,268.9281005859375,246.51820373535156,268.9281005859375,246.51820373535156
21,2026-08-07T21:26:56.101,9,3,1,75.0,25.0,282.7879333496094,241.57362365722656,282.7879333496094,241.57362365722656
21,2026-08-07T21:26:56.101,10,4,1,100.0,25.0,295.9644470214844,236.67221069335938,295.9644470214844,236.67221069335938
21,2026-08-07T21:26:56.101,11,5,1,125.0,25.0,309.1680908203125,231.69720458984375,309.1680908203125,231.69720458984375
21,2026-08-07T21:26:56.101,12,0,2,0.0,50.0,246.84591674804688,266.36676025390625,246.84591674804688,266.36676025390625
21,2026-08-07T21:26:56.101,13,1,2,25.0,50.0,262.16424560546875,260.286865234375,262.16424560546875,260.286865234375
21,2026-08-07T21:26:56.101,14,2,2,50.0,50.0,276.9193115234375,254.50192260742188,276.9193115234375,254.50192260742188
21,2026-08-07T21:26:56.101,15,3,2,75.0,50.0,291.02587890625,249.04058837890625,291.02587890625,249.04058837890625
21,2026-08-07T21:26:56.101,16,4,2,100.0,50.0,304.6029968261719,243.9641571044922,304.6029968261719,243.9641571044922
21,2026-08-07T21:26:56.101,17,5,2,125.0,50.0,317.59765625,238.67027282714844,317.59765625,238.67027282714844
21,2026-08-07T21:26:56.101,18,0,3,0.0,75.0,254.88519287109375,275.4447937011719,254.88519287109375,275.4447937011719
21,2026-08-07T21:26:56.101,19,1,3,25.0,75.0,270.4693908691406,268.89154052734375,270.4693908691406,268.89154052734375
21,2026-08-07T21:26:56.101,20,2,3,50.0,75.0,285.5661315917969,262.81292724609375,285.5661315917969,262.81292724609375
21,2026-08-07T21:26:56.101,21,3,3,75.0,75.0,299.945068359375,257.12432861328125,299.945068359375,257.12432861328125
21,2026-08-07T21:26:56.101,22,4,3,100.0,75.0,313.6111755371094,251.5847930908203,313.6111755371094,251.5847930908203
21,2026-08-07T21:26:56.101,23,5,3,125.0,75.0,327.0700378417969,245.87258911132812,327.0700378417969,245.87258911132812
21,2026-08-07T21:26:56.101,24,0,4,0.0,100.0,263.5843200683594,285.3787841796875,263.5843200683594,285.3787841796875
21,2026-08-07T21:26:56.101,25,1,4,25.0,100.0,279.4609375,278.3546447753906,279.4609375,278.3546447753906
21,2026-08-07T21:26:56.101,26,2,4,50.0,100.0,294.8157653808594,271.88482666015625,294.8157653808594,271.88482666015625
21,2026-08-07T21:26:56.101,27,3,4,75.0,100.0,309.4466247558594,265.7742614746094,309.4466247558594,265.7742614746094
21,2026-08-07T21:26:56.101,28,4,4,100.0,100.0,323.2517395019531,259.6922607421875,323.2517395019531,259.6922607421875
21,2026-08-07T21:26:56.101,29,5,4,125.0,100.0,336.5699462890625,253.47479248046875,336.5699462890625,253.47479248046875
21,2026-08-07T21:26:56.101,30,0,5,0.0,125.0,272.9045715332031,295.78070068359375,272.9045715332031,295.78070068359375
21,2026-08-07T21:26:56.101,31,1,5,25.0,125.0,289.01239013671875,288.47979736328125,289.01239013671875,288.47979736328125
21,2026-08-07T21:26:56.101,32,2,5,50.0,125.0,304.7367858886719,281.6201477050781,304.7367858886719,281.6201477050781
21,2026-08-07T21:26:56.101,33,3,5,75.0,125.0,319.38818359375,274.8619689941406,319.38818359375,274.8619689941406
21,2026-08-07T21:26:56.101,34,4,5,100.0,125.0,333.4029541015625,268.28900146484375,333.4029541015625,268.28900146484375
21,2026-08-07T21:26:56.101,35,5,5,125.0,125.0,347.1729736328125,261.6902160644531,347.1729736328125,261.6902160644531
21,2026-08-07T21:26:56.101,36,0,6,0.0,150.0,282.6216735839844,306.57952880859375,282.6216735839844,306.57952880859375
21,2026-08-07T21:26:56.101,37,1,6,25.0,150.0,299.1510314941406,299.01080322265625,299.1510314941406,299.01080322265625
21,2026-08-07T21:26:56.101,38,2,6,50.0,150.0,315.0942687988281,291.5396728515625,315.0942687988281,291.5396728515625
21,2026-08-07T21:26:56.101,39,3,6,75.0,150.0,329.9883117675781,284.4386291503906,329.9883117675781,284.4386291503906
21,2026-08-07T21:26:56.101,40,4,6,100.0,150.0,344.2864074707031,277.3258056640625,344.2864074707031,277.3258056640625
21,2026-08-07T21:26:56.101,41,5,6,125.0,150.0,357.9291687011719,270.3184814453125,357.9291687011719,270.3184814453125
21,2026-08-07T21:26:56.101,42,0,7,0.0,175.0,293.2156066894531,318.23138427734375,293.2156066894531,318.23138427734375
21,2026-08-07T21:26:56.101,43,1,7,25.0,175.0,310.14788818359375,310.0415954589844,310.14788818359375,310.0415954589844
21,2026-08-07T21:26:56.101,44,2,7,50.0,175.0,326.2554016113281,302.1698303222656,326.2554016113281,302.1698303222656
21,2026-08-07T21:26:56.101,45,3,7,75.0,175.0,341.5213928222656,294.6471862792969,341.5213928222656,294.6471862792969
21,2026-08-07T21:26:56.101,46,4,7,100.0,175.0,355.958740234375,286.9263000488281,355.958740234375,286.9263000488281
21,2026-08-07T21:26:56.101,47,5,7,125.0,175.0,369.93609619140625,279.6175231933594,369.93609619140625,279.6175231933594
22,2026-08-07T21:26:56.122,0,0,0,0.0,0.0,231.8133087158203,249.4365234375,231.8133087158203,249.4365234375
22,2026-08-07T21:26:56.122,1,1,0,25.0,0.0,246.71279907226562,244.0579376220703,246.71279907226562,244.0579376220703
22,2026-08-07T21:26:56.122,2,2,0,50.0,0.0,260.8457946777344,238.81495666503906,260.8457946777344,238.81495666503906
22,2026-08-07T21:26:56.122,3,3,0,75.0,0.0,274.73419189453125,234.4871368408203,274.73419189453125,234.4871368408203
22,2026-08-07T21:26:56.122,4,4,0,100.0,0.0,287.4909362792969,229.34353637695312,287.4909362792969,229.34353637695312
22,2026-08-07T21:26:56.122,5,5,0,125.0,0.0,300.54998779296875,225.065185546875,300.54998779296875,225.065185546875
22,2026-08-07T21:26:56.122,6,0,1,0.0,25.0,239.1551513671875,257.64105224609375,239.1551513671875,257.64105224609375
22,2026-08-07T21:26:56.122,7,1,1,25.0,25.0,254.32513427734375,251.93179321289062,254.32513427734375,251.93179321289062
22,2026-08-07T21:26:56.122,8,2,1,50.0,25.0,268.92333984375,246.5168914794922,268.92333984375,246.5168914794922
22,2026-08-07T21:26:56.122,9,3,1,75.0,25.0,282.7789001464844,241.56570434570312,282.7789001464844,241.56570434570312
22,2026-08-07T21:26:56.122,10,4,1,100.0,25.0,295.9747619628906,236.66360473632812,295.9747619628906,236.66360473632812
22,2026-08-07T21:26:56.122,11,5,1,125.0,25.0,309.16552734375,231.6990203857422,309.16552734375,231.6990203857422
22,2026-08-07T21:26:56.122,12,0,2,0.0,50.0,246.84384155273438,266.3707275390625,246.84384155273438,266.3707275390625
22,2026-08-07T21:26:56.122,13,1,2,25.0,50.0,262.1791687011719,260.2873229980469,262.1791687011719,260.2873229980469
22,2026-08-07T21:26:56.122,14,2,2,50.0,50.0,276.92449951171875,254.50289916992188,276.92449951171875,254.50289916992188
22,2026-08-07T21:26:56.122,15,3,2,75.0,50.0,291.0164794921875,249.0489959716797,291.0164794921875,249.0489959716797
22,2026-08-07T21:26:56.122,16,4,2,100.0,50.0,304.59320068359375,243.9661102294922,304.59320068359375,243.9661102294922
22,2026-08-07T21:26:56.122,17,5,2,125.0,50.0,317.61669921875,238.6743621826172,317.61669921875,238.6743621826172
22,2026-08-07T21:26:56.122,18,0,3,0.0,75.0,254.88339233398438,275.4432373046875,254.88339233398438,275.4432373046875
22,2026-08-07T21:26:56.122,19,1,3,25.0,75.0,270.4623718261719,268.8916015625,270.4623718261719,268.8916015625
22,2026-08-07T21:26:56.122,20,2,3,50.0,75.0,285.5696716308594,262.8219299316406,285.5696716308594,262.8219299316406
22,2026-08-07T21:26:56.122,21,3,3,75.0,75.0,299.9398193359375,257.1239929199219,299.9398193359375,257.1239929199219
22,2026-08-07T21:26:56.122,22,4,3,100.0,75.0,313.607666015625,251.59263610839844,313.607666015625,251.59263610839844
22,2026-08-07T21:26:56.122,23,5,3,125.0,75.0,327.0765686035156,245.87559509277344,327.0765686035156,245.87559509277344
22,2026-08-07T21:26:56.122,24,0,4,0.0,100.0,263.5997619628906,285.3921203613281,263.5997619628906,285.3921203613281
22,2026-08-07T21:26:56.122,25,1,4,25.0,100.0,279.4932556152344,278.3652038574219,279.4932556152344,278.3652038574219
22,2026-08-07T21:26:56.122,26,2,4,50.0,100.0,294.81414794921875,271.9005432128906,294.81414794921875,271.9005432128906
22,2026-08-07T21:26:56.122,27,3,4,75.0,100.0,309.4397888183594,265.7708740234375,309.4397888183594,265.7708740234375
22,2026-08-07T21:26:56.122,28,4,4,100.0,100.0,323.2284240722656,259.6978759765625,323.2284240722656,259.6978759765625
22,2026-08-07T21:26:56.122,29,5,4,125.0,100.0,336.5616149902344,253.45864868164062,336.5616149902344,253.45864868164062
22,2026-08-07T21:26:56.122,30,0,5,0.0,125.0,272.8901062011719,295.77947998046875,272.8901062011719,295.77947998046875
22,2026-08-07T21:26:56.122,31,1,5,25.0,125.0,289.01190185546875,288.4883728027344,289.01190185546875,288.4883728027344
22,2026-08-07T21:26:56.122,32,2,5,50.0,125.0,304.7384033203125,281.6206970214844,304.7384033203125,281.6206970214844
22,2026-08-07T21:26:56.122,33,3,5,75.0,125.0,319.4303283691406,274.8688049316406,319.4303283691406,274.8688049316406
22,2026-08-07T21:26:56.122,34,4,5,100.0,125.0,333.3928527832031,268.2921142578125,333.3928527832031,268.2921142578125
22,2026-08-07T21:26:56.122,35,5,5,125.0,125.0,347.18914794921875,261.70196533203125,347.18914794921875,261.70196533203125
22,2026-08-07T21:26:56.122,36,0,6,0.0,150.0,282.6143493652344,306.5845947265625,282.6143493652344,306.5845947265625
22,2026-08-07T21:26:56.122,37,1,6,25.0,150.0,299.1702575683594,299.0117492675781,299.1702575683594,299.0117492675781
22,2026-08-07T21:26:56.122,38,2,6,50.0,150.0,315.0780944824219,291.5471496582031,315.0780944824219,291.5471496582031
22,2026-08-07T21:26:56.122,39,3,6,75.0,150.0,329.97930908203125,284.43463134765625,329.97930908203125,284.43463134765625
22,2026-08-07T21:26:56.122,40,4,6,100.0,150.0,344.3028564453125,277.3085021972656,344.3028564453125,277.3085021972656
22,2026-08-07T21:26:56.122,41,5,6,125.0,150.0,357.9084167480469,270.3169250488281,357.9084167480469,270.3169250488281
22,2026-08-07T21:26:56.122,42,0,7,0.0,175.0,293.21728515625,318.2333984375,293.21728515625,318.2333984375
22,2026-08-07T21:26:56.122,43,1,7,25.0,175.0,310.1460266113281,310.0491943359375,310.1460266113281,310.0491943359375
22,2026-08-07T21:26:56.122,44,2,7,50.0,175.0,326.2781677246094,302.1708984375,326.2781677246094,302.1708984375
22,2026-08-07T21:26:56.122,45,3,7,75.0,175.0,341.50738525390625,294.65594482421875,341.50738525390625,294.65594482421875
22,2026-08-07T21:26:56.122,46,4,7,100.0,175.0,355.95849609375,286.94281005859375,355.95849609375,286.94281005859375
22,2026-08-07T21:26:56.122,47,5,7,125.0,175.0,369.9465026855469,279.610107421875,369.9465026855469,279.610107421875
23,2026-08-07T21:26:56.144,0,0,0,0.0,0.0,231.8133087158203,249.4365234375,231.8133087158203,249.4365234375
23,2026-08-07T21:26:56.144,1,1,0,25.0,0.0,246.71279907226562,244.0579376220703,246.71279907226562,244.0579376220703
23,2026-08-07T21:26:56.144,2,2,0,50.0,0.0,260.8457946777344,238.81495666503906,260.8457946777344,238.81495666503906
23,2026-08-07T21:26:56.144,3,3,0,75.0,0.0,274.73419189453125,234.4871368408203,274.73419189453125,234.4871368408203
23,2026-08-07T21:26:56.144,4,4,0,100.0,0.0,287.4909362792969,229.34353637695312,287.4909362792969,229.34353637695312
23,2026-08-07T21:26:56.144,5,5,0,125.0,0.0,300.54998779296875,225.065185546875,300.54998779296875,225.065185546875
23,2026-08-07T21:26:56.144,6,0,1,0.0,25.0,239.1551513671875,257.64105224609375,239.1551513671875,257.64105224609375
23,2026-08-07T21:26:56.144,7,1,1,25.0,25.0,254.32513427734375,251.93179321289062,254.32513427734375,251.93179321289062
23,2026-08-07T21:26:56.144,8,2,1,50.0,25.0,268.92333984375,246.5168914794922,268.92333984375,246.5168914794922
23,2026-08-07T21:26:56.144,9,3,1,75.0,25.0,282.7789001464844,241.56570434570312,282.7789001464844,241.56570434570312
23,2026-08-07T21:26:56.144,10,4,1,100.0,25.0,295.9747619628906,236.66360473632812,295.9747619628906,236.66360473632812
23,2026-08-07T21:26:56.144,11,5,1,125.0,25.0,309.16552734375,231.6990203857422,309.16552734375,231.6990203857422
23,2026-08-07T21:26:56.144,12,0,2,0.0,50.0,246.84384155273438,266.3707275390625,246.84384155273438,266.3707275390625
23,2026-08-07T21:26:56.144,13,1,2,25.0,50.0,262.1791687011719,260.2873229980469,262.1791687011719,260.2873229980469
23,2026-08-07T21:26:56.144,14,2,2,50.0,50.0,276.92449951171875,254.50289916992188,276.92449951171875,254.50289916992188
23,2026-08-07T21:26:56.144,15,3,2,75.0,50.0,291.0164794921875,249.0489959716797,291.0164794921875,249.0489959716797
23,2026-08-07T21:26:56.144,16,4,2,100.0,50.0,304.59320068359375,243.9661102294922,304.59320068359375,243.9661102294922
23,2026-08-07T21:26:56.144,17,5,2,125.0,50.0,317.61669921875,238.6743621826172,317.61669921875,238.6743621826172
23,2026-08-07T21:26:56.144,18,0,3,0.0,75.0,254.88339233398438,275.4432373046875,254.88339233398438,275.4432373046875
23,2026-08-07T21:26:56.144,19,1,3,25.0,75.0,270.4623718261719,268.8916015625,270.4623718261719,268.8916015625
23,2026-08-07T21:26:56.144,20,2,3,50.0,75.0,285.5696716308594,262.8219299316406,285.5696716308594,262.8219299316406
23,2026-08-07T21:26:56.144,21,3,3,75.0,75.0,299.9398193359375,257.1239929199219,299.9398193359375,257.1239929199219
23,2026-08-07T21:26:56.144,22,4,3,100.0,75.0,313.607666015625,251.59263610839844,313.607666015625,251.59263610839844
23,2026-08-07T21:26:56.144,23,5,3,125.0,75.0,327.0765686035156,245.87559509277344,327.0765686035156,245.87559509277344
23,2026-08-07T21:26:56.144,24,0,4,0.0,100.0,263.5997619628906,285.3921203613281,263.5997619628906,285.3921203613281
23,2026-08-07T21:26:56.144,25,1,4,25.0,100.0,279.4932556152344,278.3652038574219,279.4932556152344,278.3652038574219
23,2026-08-07T21:26:56.144,26,2,4,50.0,100.0,294.81414794921875,271.9005432128906,294.81414794921875,271.9005432128906
23,2026-08-07T21:26:56.144,27,3,4,75.0,100.0,309.4397888183594,265.7708740234375,309.4397888183594,265.7708740234375
23,2026-08-07T21:26:56.144,28,4,4,100.0,100.0,323.2284240722656,259.6978759765625,323.2284240722656,259.6978759765625
23,2026-08-07T21:26:56.144,29,5,4,125.0,100.0,336.5616149902344,253.45864868164062,336.5616149902344,253.45864868164062
23,2026-08-07T21:26:56.144,30,0,5,0.0,125.0,272.8901062011719,295.77947998046875,272.8901062011719,295.77947998046875
23,2026-08-07T21:26:56.144,31,1,5,25.0,125.0,289.01190185546875,288.4883728027344,289.01190185546875,288.4883728027344
23,2026-08-07T21:26:56.144,32,2,5,50.0,125.0,304.7384033203125,281.6206970214844,304.7384033203125,281.6206970214844
23,2026-08-07T21:26:56.144,33,3,5,75.0,125.0,319.4303283691406,274.8688049316406,319.4303283691406,274.8688049316406
23,2026-08-07T21:26:56.144,34,4,5,100.0,125.0,333.3928527832031,268.2921142578125,333.3928527832031,268.2921142578125
23,2026-08-07T21:26:56.144,35,5,5,125.0,125.0,347.18914794921875,261.70196533203125,347.18914794921875,261.70196533203125
23,2026-08-07T21:26:56.144,36,0,6,0.0,150.0,282.6143493652344,306.5845947265625,282.6143493652344,306.5845947265625
23,2026-08-07T21:26:56.144,37,1,6,25.0,150.0,299.1702575683594,299.0117492675781,299.1702575683594,299.0117492675781
23,2026-08-07T21:26:56.144,38,2,6,50.0,150.0,315.0780944824219,291.5471496582031,315.0780944824219,291.5471496582031
23,2026-08-07T21:26:56.144,39,3,6,75.0,150.0,329.97930908203125,284.43463134765625,329.97930908203125,284.43463134765625
23,2026-08-07T21:26:56.144,40,4,6,100.0,150.0,344.3028564453125,277.3085021972656,344.3028564453125,277.3085021972656
23,2026-08-07T21:26:56.144,41,5,6,125.0,150.0,357.9084167480469,270.3169250488281,357.9084167480469,270.3169250488281
23,2026-08-07T21:26:56.144,42,0,7,0.0,175.0,293.21728515625,318.2333984375,293.21728515625,318.2333984375
23,2026-08-07T21:26:56.144,43,1,7,25.0,175.0,310.1460266113281,310.0491943359375,310.1460266113281,310.0491943359375
23,2026-08-07T21:26:56.144,44,2,7,50.0,175.0,326.2781677246094,302.1708984375,326.2781677246094,302.1708984375
23,2026-08-07T21:26:56.144,45,3,7,75.0,175.0,341.50738525390625,294.65594482421875,341.50738525390625,294.65594482421875
23,2026-08-07T21:26:56.144,46,4,7,100.0,175.0,355.95849609375,286.94281005859375,355.95849609375,286.94281005859375
23,2026-08-07T21:26:56.144,47,5,7,125.0,175.0,369.9465026855469,279.610107421875,369.9465026855469,279.610107421875
24,2026-08-07T21:26:56.168,0,0,0,0.0,0.0,231.80740356445312,249.41441345214844,231.80740356445312,249.41441345214844
24,2026-08-07T21:26:56.168,1,1,0,25.0,0.0,246.7092742919922,244.0615234375,246.7092742919922,244.0615234375
24,2026-08-07T21:26:56.168,2,2,0,50.0,0.0,260.8480529785156,238.825927734375,260.8480529785156,238.825927734375
24,2026-08-07T21:26:56.168,3,3,0,75.0,0.0,274.7198791503906,234.4806671142578,274.7198791503906,234.4806671142578
24,2026-08-07T21:26:56.168,4,4,0,100.0,0.0,287.5163269042969,229.39512634277344,287.5163269042969,229.39512634277344
24,2026-08-07T21:26:56.168,5,5,0,125.0,0.0,300.54205322265625,225.07220458984375,300.54205322265625,225.07220458984375
24,2026-08-07T21:26:56.168,6,0,1,0.0,25.0,239.17654418945312,257.6524353027344,239.17654418945312,257.6524353027344
24,2026-08-07T21:26:56.168,7,1,1,25.0,25.0,254.33189392089844,251.92750549316406,254.33189392089844,251.92750549316406
24,2026-08-07T21:26:56.168,8,2,1,50.0,25.0,268.9568786621094,246.51107788085938,268.9568786621094,246.51107788085938
24,2026-08-07T21:26:56.168,9,3,1,75.0,25.0,282.76959228515625,241.56781005859375,282.76959228515625,241.56781005859375
24,2026-08-07T21:26:56.168,10,4,1,100.0,25.0,295.96826171875,236.6709442138672,295.96826171875,236.6709442138672
24,2026-08-07T21:26:56.168,11,5,1,125.0,25.0,309.16796875,231.7020721435547,309.16796875,231.7020721435547
24,2026-08-07T21:26:56.168,12,0,2,0.0,50.0,246.85267639160156,266.3727722167969,246.85267639160156,266.3727722167969
24,2026-08-07T21:26:56.168,13,1,2,25.0,50.0,262.1683349609375,260.288330078125,262.1683349609375,260.288330078125
24,2026-08-07T21:26:56.168,14,2,2,50.0,50.0,276.91448974609375,254.50607299804688,276.91448974609375,254.50607299804688
24,2026-08-07T21:26:56.168,15,3,2,75.0,50.0,291.0127868652344,249.05638122558594,291.0127868652344,249.05638122558594
24,2026-08-07T21:26:56.168,16,4,2,100.0,50.0,304.6090087890625,243.96629333496094,304.6090087890625,243.96629333496094
24,2026-08-07T21:26:56.168,17,5,2,125.0,50.0,317.62078857421875,238.66285705566406,317.62078857421875,238.66285705566406
24,2026-08-07T21:26:56.168,18,0,3,0.0,75.0,254.87887573242188,275.4449157714844,254.87887573242188,275.4449157714844
24,2026-08-07T21:26:56.168,19,1,3,25.0,75.0,270.46929931640625,268.8918151855469,270.46929931640625,268.8918151855469
24,2026-08-07T21:26:56.168,20,2,3,50.0,75.0,285.55889892578125,262.8213806152344,285.55889892578125,262.8213806152344
24,2026-08-07T21:26:56.168,21,3,3,75.0,75.0,299.9354248046875,257.1240539550781,299.9354248046875,257.1240539550781
24,2026-08-07T21:26:56.168,22,4,3,100.0,75.0,313.5828857421875,251.58822631835938,313.5828857421875,251.58822631835938
24,2026-08-07T21:26:56.168,23,5,3,125.0,75.0,327.0639343261719,245.87452697753906,327.0639343261719,245.87452697753906
24,2026-08-07T21:26:56.168,24,0,4,0.0,100.0,263.5888671875,285.3913269042969,263.5888671875,285.3913269042969
24,2026-08-07T21:26:56.168,25,1,4,25.0,100.0,279.4706726074219,278.3705749511719,279.4706726074219,278.3705749511719
24,2026-08-07T21:26:56.168,26,2,4,50.0,100.0,294.81427001953125,271.8983154296875,294.81427001953125,271.8983154296875
24,2026-08-07T21:26:56.168,27,3,4,75.0,100.0,309.4456787109375,265.7633972167969,309.4456787109375,265.7633972167969
24,2026-08-07T21:26:56.168,28,4,4,100.0,100.0,323.25439453125,259.7113037109375,323.25439453125,259.7113037109375
24,2026-08-07T21:26:56.168,29,5,4,125.0,100.0,336.56988525390625,253.46591186523438,336.56988525390625,253.46591186523438
24,2026-08-07T21:26:56.168,30,0,5,0.0,125.0,272.8985290527344,295.7740783691406,272.8985290527344,295.7740783691406
24,2026-08-07T21:26:56.168,31,1,5,25.0,125.0,288.9991455078125,288.48492431640625,288.9991455078125,288.48492431640625
24,2026-08-07T21:26:56.168,32,2,5,50.0,125.0,304.73541259765625,281.6253967285156,304.73541259765625,281.6253967285156
24,2026-08-07T21:26:56.168,33,3,5,75.0,125.0,319.40374755859375,274.85931396484375,319.40374755859375,274.85931396484375
24,2026-08-07T21:26:56.168,34,4,5,100.0,125.0,333.3974304199219,268.28460693359375,333.3974304199219,268.28460693359375
24,2026-08-07T21:26:56.168,35,5,5,125.0,125.0,347.177001953125,261.6920166015625,347.177001953125,261.6920166015625
24,2026-08-07T21:26:56.168,36,0,6,0.0,150.0,282.6220703125,306.57952880859375,282.6220703125,306.57952880859375
24,2026-08-07T21:26:56.168,37,1,6,25.0,150.0,299.14794921875,299.0027160644531,299.14794921875,299.0027160644531
24,2026-08-07T21:26:56.168,38,2,6,50.0,150.0,315.0857238769531,291.5361022949219,315.0857238769531,291.5361022949219
24,2026-08-07T21:26:56.168,39,3,6,75.0,150.0,329.99066162109375,284.4468078613281,329.99066162109375,284.4468078613281
24,2026-08-07T21:26:56.168,40,4,6,100.0,150.0,344.2567443847656,277.3123779296875,344.2567443847656,277.3123779296875
24,2026-08-07T21:26:56.168,41,5,6,125.0,150.0,357.9022216796875,270.32000732421875,357.9022216796875,270.32000732421875
24,2026-08-07T21:26:56.168,42,0,7,0.0,175.0,293.21209716796875,318.2319641113281,293.21209716796875,318.2319641113281
24,2026-08-07T21:26:56.168,43,1,7,25.0,175.0,310.1482238769531,310.045654296875,310.1482238769531,310.045654296875
24,2026-08-07T21:26:56.168,44,2,7,50.0,175.0,326.2493591308594,302.16778564453125,326.2493591308594,302.16778564453125
24,2026-08-07T21:26:56.168,45,3,7,75.0,175.0,341.5085144042969,294.6595153808594,341.5085144042969,294.6595153808594
24,2026-08-07T21:26:56.168,46,4,7,100.0,175.0,355.9410095214844,286.9159851074219,355.9410095214844,286.9159851074219
24,2026-08-07T21:26:56.168,47,5,7,125.0,175.0,369.9212646484375,279.61883544921875,369.9212646484375,279.61883544921875
25,2026-08-07T21:26:56.188,0,0,0,0.0,0.0,231.80740356445312,249.41441345214844,231.80740356445312,249.41441345214844
25,2026-08-07T21:26:56.188,1,1,0,25.0,0.0,246.7092742919922,244.0615234375,246.7092742919922,244.0615234375
25,2026-08-07T21:26:56.188,2,2,0,50.0,0.0,260.8480529785156,238.825927734375,260.8480529785156,238.825927734375
25,2026-08-07T21:26:56.188,3,3,0,75.0,0.0,274.7198791503906,234.4806671142578,274.7198791503906,234.4806671142578
25,2026-08-07T21:26:56.188,4,4,0,100.0,0.0,287.5163269042969,229.39512634277344,287.5163269042969,229.39512634277344
25,2026-08-07T21:26:56.188,5,5,0,125.0,0.0,300.54205322265625,225.07220458984375,300.54205322265625,225.07220458984375
25,2026-08-07T21:26:56.188,6,0,1,0.0,25.0,239.17654418945312,257.6524353027344,239.17654418945312,257.6524353027344
25,2026-08-07T21:26:56.188,7,1,1,25.0,25.0,254.33189392089844,251.92750549316406,254.33189392089844,251.92750549316406
25,2026-08-07T21:26:56.188,8,2,1,50.0,25.0,268.9568786621094,246.51107788085938,268.9568786621094,246.51107788085938
25,2026-08-07T21:26:56.188,9,3,1,75.0,25.0,282.76959228515625,241.56781005859375,282.76959228515625,241.56781005859375
25,2026-08-07T21:26:56.188,10,4,1,100.0,25.0,295.96826171875,236.6709442138672,295.96826171875,236.6709442138672
25,2026-08-07T21:26:56.188,11,5,1,125.0,25.0,309.16796875,231.7020721435547,309.16796875,231.7020721435547
25,2026-08-07T21:26:56.188,12,0,2,0.0,50.0,246.85267639160156,266.3727722167969,246.85267639160156,266.3727722167969
25,2026-08-07T21:26:56.188,13,1,2,25.0,50.0,262.1683349609375,260.288330078125,262.1683349609375,260.288330078125
25,2026-08-07T21:26:56.188,14,2,2,50.0,50.0,276.91448974609375,254.50607299804688,276.91448974609375,254.50607299804688
25,2026-08-07T21:26:56.188,15,3,2,75.0,50.0,291.0127868652344,249.05638122558594,291.0127868652344,249.05638122558594
25,2026-08-07T21:26:56.188,16,4,2,100.0,50.0,304.6090087890625,243.96629333496094,304.6090087890625,243.96629333496094
25,2026-08-07T21:26:56.188,17,5,2,125.0,50.0,317.62078857421875,238.66285705566406,317.62078857421875,238.66285705566406
25,2026-08-07T21:26:56.188,18,0,3,0.0,75.0,254.87887573242188,275.4449157714844,254.87887573242188,275.4449157714844
25,2026-08-07T21:26:56.188,19,1,3,25.0,75.0,270.46929931640625,268.8918151855469,270.46929931640625,268.8918151855469
25,2026-08-07T21:26:56.188,20,2,3,50.0,75.0,285.55889892578125,262.8213806152344,285.55889892578125,262.8213806152344
25,2026-08-07T21:26:56.188,21,3,3,75.0,75.0,299.9354248046875,257.1240539550781,299.9354248046875,257.1240539550781
25,2026-08-07T21:26:56.188,22,4,3,100.0,75.0,313.5828857421875,251.58822631835938,313.5828857421875,251.58822631835938
25,2026-08-07T21:26:56.188,23,5,3,125.0,75.0,327.0639343261719,245.87452697753906,327.0639343261719,245.87452697753906
25,2026-08-07T21:26:56.188,24,0,4,0.0,100.0,263.5888671875,285.3913269042969,263.5888671875,285.3913269042969
25,2026-08-07T21:26:56.188,25,1,4,25.0,100.0,279.4706726074219,278.3705749511719,279.4706726074219,278.3705749511719
25,2026-08-07T21:26:56.188,26,2,4,50.0,100.0,294.81427001953125,271.8983154296875,294.81427001953125,271.8983154296875
25,2026-08-07T21:26:56.188,27,3,4,75.0,100.0,309.4456787109375,265.7633972167969,309.4456787109375,265.7633972167969
25,2026-08-07T21:26:56.188,28,4,4,100.0,100.0,323.25439453125,259.7113037109375,323.25439453125,259.7113037109375
25,2026-08-07T21:26:56.188,29,5,4,125.0,100.0,336.56988525390625,253.46591186523438,336.56988525390625,253.46591186523438
25,2026-08-07T21:26:56.188,30,0,5,0.0,125.0,272.8985290527344,295.7740783691406,272.8985290527344,295.7740783691406
25,2026-08-07T21:26:56.188,31,1,5,25.0,125.0,288.9991455078125,288.48492431640625,288.9991455078125,288.48492431640625
25,2026-08-07T21:26:56.188,32,2,5,50.0,125.0,304.73541259765625,281.6253967285156,304.73541259765625,281.6253967285156
25,2026-08-07T21:26:56.188,33,3,5,75.0,125.0,319.40374755859375,274.85931396484375,319.40374755859375,274.85931396484375
25,2026-08-07T21:26:56.188,34,4,5,100.0,125.0,333.3974304199219,268.28460693359375,333.3974304199219,268.28460693359375
25,2026-08-07T21:26:56.188,35,5,5,125.0,125.0,347.177001953125,261.6920166015625,347.177001953125,261.6920166015625
25,2026-08-07T21:26:56.188,36,0,6,0.0,150.0,282.6220703125,306.57952880859375,282.6220703125,306.57952880859375
25,2026-08-07T21:26:56.188,37,1,6,25.0,150.0,299.14794921875,299.0027160644531,299.14794921875,299.0027160644531
25,2026-08-07T21:26:56.188,38,2,6,50.0,150.0,315.0857238769531,291.5361022949219,315.0857238769531,291.5361022949219
25,2026-08-07T21:26:56.188,39,3,6,75.0,150.0,329.99066162109375,284.4468078613281,329.99066162109375,284.4468078613281
25,2026-08-07T21:26:56.188,40,4,6,100.0,150.0,344.2567443847656,277.3123779296875,344.2567443847656,277.3123779296875
25,2026-08-07T21:26:56.188,41,5,6,125.0,150.0,357.9022216796875,270.32000732421875,357.9022216796875,270.32000732421875
25,2026-08-07T21:26:56.188,42,0,7,0.0,175.0,293.21209716796875,318.2319641113281,293.21209716796875,318.2319641113281
25,2026-08-07T21:26:56.188,43,1,7,25.0,175.0,310.1482238769531,310.045654296875,310.1482238769531,310.045654296875
25,2026-08-07T21:26:56.188,44,2,7,50.0,175.0,326.2493591308594,302.16778564453125,326.2493591308594,302.16778564453125
25,2026-08-07T21:26:56.188,45,3,7,75.0,175.0,341.5085144042969,294.6595153808594,341.5085144042969,294.6595153808594
25,2026-08-07T21:26:56.188,46,4,7,100.0,175.0,355.9410095214844,286.9159851074219,355.9410095214844,286.9159851074219
25,2026-08-07T21:26:56.188,47,5,7,125.0,175.0,369.9212646484375,279.61883544921875,369.9212646484375,279.61883544921875
26,2026-08-07T21:26:56.216,0,0,0,0.0,0.0,231.79269409179688,249.42523193359375,231.79269409179688,249.42523193359375
26,2026-08-07T21:26:56.216,1,1,0,25.0,0.0,246.730224609375,244.06729125976562,246.730224609375,244.06729125976562
26,2026-08-07T21:26:56.216,2,2,0,50.0,0.0,260.8522644042969,238.8322296142578,260.8522644042969,238.8322296142578
26,2026-08-07T21:26:56.216,3,3,0,75.0,0.0,274.73577880859375,234.48878479003906,274.73577880859375,234.48878479003906
26,2026-08-07T21:26:56.216,4,4,0,100.0,0.0,287.5214538574219,229.41790771484375,287.5214538574219,229.41790771484375
26,2026-08-07T21:26:56.216,5,5,0,125.0,0.0,300.5309753417969,225.07611083984375,300.5309753417969,225.07611083984375
26,2026-08-07T21:26:56.216,6,0,1,0.0,25.0,239.16888427734375,257.64874267578125,239.16888427734375,257.64874267578125
26,2026-08-07T21:26:56.216,7,1,1,25.0,25.0,254.33079528808594,251.92611694335938,254.33079528808594,251.92611694335938
26,2026-08-07T21:26:56.216,8,2,1,50.0,25.0,268.9347229003906,246.52565002441406,268.9347229003906,246.52565002441406
26,2026-08-07T21:26:56.216,9,3,1,75.0,25.0,282.74530029296875,241.57949829101562,282.74530029296875,241.57949829101562
26,2026-08-07T21:26:56.216,10,4,1,100.0,25.0,295.96539306640625,236.67349243164062,295.96539306640625,236.67349243164062
26,2026-08-07T21:26:56.216,11,5,1,125.0,25.0,309.16607666015625,231.69918823242188,309.16607666015625,231.69918823242188
26,2026-08-07T21:26:56.216,12,0,2,0.0,50.0,246.84805297851562,266.3546142578125,246.84805297851562,266.3546142578125
26,2026-08-07T21:26:56.216,13,1,2,25.0,50.0,262.1797180175781,260.2813720703125,262.1797180175781,260.2813720703125
26,2026-08-07T21:26:56.216,14,2,2,50.0,50.0,276.93621826171875,254.4947967529297,276.93621826171875,254.4947967529297
26,2026-08-07T21:26:56.216,15,3,2,75.0,50.0,291.028564453125,249.0618438720703,291.028564453125,249.0618438720703
26,2026-08-07T21:26:56.216,16,4,2,100.0,50.0,304.6278076171875,243.96798706054688,304.6278076171875,243.96798706054688
26,2026-08-07T21:26:56.216,17,5,2,125.0,50.0,317.6020202636719,238.6683807373047,317.6020202636719,238.6683807373047
26,2026-08-07T21:26:56.216,18,0,3,0.0,75.0,254.87799072265625,275.4437255859375,254.87799072265625,275.4437255859375
26,2026-08-07T21:26:56.216,19,1,3,25.0,75.0,270.4627685546875,268.8863830566406,270.4627685546875,268.8863830566406
26,2026-08-07T21:26:56.216,20,2,3,50.0,75.0,285.5626220703125,262.8154602050781,285.5626220703125,262.8154602050781
26,2026-08-07T21:26:56.216,21,3,3,75.0,75.0,299.92840576171875,257.1285095214844,299.92840576171875,257.1285095214844
26,2026-08-07T21:26:56.216,22,4,3,100.0,75.0,313.609130859375,251.59234619140625,313.609130859375,251.59234619140625
26,2026-08-07T21:26:56.216,23,5,3,125.0,75.0,327.0410461425781,245.8675079345703,327.0410461425781,245.8675079345703
26,2026-08-07T21:26:56.216,24,0,4,0.0,100.0,263.5960388183594,285.3876953125,263.5960388183594,285.3876953125
26,2026-08-07T21:26:56.216,25,1,4,25.0,100.0,279.50531005859375,278.39056396484375,279.50531005859375,278.39056396484375
26,2026-08-07T21:26:56.216,26,2,4,50.0,100.0,294.79168701171875,271.890869140625,294.79168701171875,271.890869140625
26,2026-08-07T21:26:56.216,27,3,4,75.0,100.0,309.436767578125,265.75579833984375,309.436767578125,265.75579833984375
26,2026-08-07T21:26:56.216,28,4,4,100.0,100.0,323.28485107421875,259.6893005371094,323.28485107421875,259.6893005371094
26,2026-08-07T21:26:56.216,29,5,4,125.0,100.0,336.5821533203125,253.4616241455078,336.5821533203125,253.4616241455078
26,2026-08-07T21:26:56.216,30,0,5,0.0,125.0,272.91259765625,295.7756652832031,272.91259765625,295.7756652832031
26,2026-08-07T21:26:56.216,31,1,5,25.0,125.0,289.01806640625,288.4804382324219,289.01806640625,288.4804382324219
26,2026-08-07T21:26:56.216,32,2,5,50.0,125.0,304.7206115722656,281.6084289550781,304.7206115722656,281.6084289550781
26,2026-08-07T21:26:56.216,33,3,5,75.0,125.0,319.3857727050781,274.8698425292969,319.3857727050781,274.8698425292969
26,2026-08-07T21:26:56.216,34,4,5,100.0,125.0,333.4252014160156,268.28680419921875,333.4252014160156,268.28680419921875
26,2026-08-07T21:26:56.216,35,5,5,125.0,125.0,347.18389892578125,261.6920166015625,347.18389892578125,261.6920166015625
26,2026-08-07T21:26:56.216,36,0,6,0.0,150.0,282.6233825683594,306.5828857421875,282.6233825683594,306.5828857421875
26,2026-08-07T21:26:56.216,37,1,6,25.0,150.0,299.1300354003906,298.9962158203125,299.1300354003906,298.9962158203125
26,2026-08-07T21:26:56.216,38,2,6,50.0,150.0,315.08905029296875,291.54345703125,315.08905029296875,291.54345703125
26,2026-08-07T21:26:56.216,39,3,6,75.0,150.0,329.9856262207031,284.4469299316406,329.9856262207031,284.4469299316406
26,2026-08-07T21:26:56.216,40,4,6,100.0,150.0,344.2721862792969,277.309814453125,344.2721862792969,277.309814453125
26,2026-08-07T21:26:56.216,41,5,6,125.0,150.0,357.8973083496094,270.3105163574219,357.8973083496094,270.3105163574219
26,2026-08-07T21:26:56.216,42,0,7,0.0,175.0,293.22113037109375,318.2236633300781,293.22113037109375,318.2236633300781
26,2026-08-07T21:26:56.216,43,1,7,25.0,175.0,310.1367492675781,310.0464172363281,310.1367492675781,310.0464172363281
26,2026-08-07T21:26:56.216,44,2,7,50.0,175.0,326.268798828125,302.1711120605469,326.268798828125,302.1711120605469
26,2026-08-07T21:26:56.216,45,3,7,75.0,175.0,341.50537109375,294.6520080566406,341.50537109375,294.6520080566406
26,2026-08-07T21:26:56.216,46,4,7,100.0,175.0,355.9391174316406,286.9303283691406,355.9391174316406,286.9303283691406
26,2026-08-07T21:26:56.216,47,5,7,125.0,175.0,369.95001220703125,279.6336364746094,369.95001220703125,279.6336364746094
27,2026-08-07T21:26:56.234,0,0,0,0.0,0.0,231.79269409179688,249.42523193359375,231.79269409179688,249.42523193359375
27,2026-08-07T21:26:56.234,1,1,0,25.0,0.0,246.730224609375,244.06729125976562,246.730224609375,244.06729125976562
27,2026-08-07T21:26:56.234,2,2,0,50.0,0.0,260.8522644042969,238.8322296142578,260.8522644042969,238.8322296142578
27,2026-08-07T21:26:56.234,3,3,0,75.0,0.0,274.73577880859375,234.48878479003906,274.73577880859375,234.48878479003906
27,2026-08-07T21:26:56.234,4,4,0,100.0,0.0,287.5214538574219,229.41790771484375,287.5214538574219,229.41790771484375
27,2026-08-07T21:26:56.234,5,5,0,125.0,0.0,300.5309753417969,225.07611083984375,300.5309753417969,225.07611083984375
27,2026-08-07T21:26:56.234,6,0,1,0.0,25.0,239.16888427734375,257.64874267578125,239.16888427734375,257.64874267578125
27,2026-08-07T21:26:56.234,7,1,1,25.0,25.0,254.33079528808594,251.92611694335938,254.33079528808594,251.92611694335938
27,2026-08-07T21:26:56.234,8,2,1,50.0,25.0,268.9347229003906,246.52565002441406,268.9347229003906,246.52565002441406
27,2026-08-07T21:26:56.234,9,3,1,75.0,25.0,282.74530029296875,241.57949829101562,282.74530029296875,241.57949829101562
27,2026-08-07T21:26:56.234,10,4,1,100.0,25.0,295.96539306640625,236.67349243164062,295.96539306640625,236.67349243164062
27,2026-08-07T21:26:56.234,11,5,1,125.0,25.0,309.16607666015625,231.69918823242188,309.16607666015625,231.69918823242188
27,2026-08-07T21:26:56.234,12,0,2,0.0,50.0,246.84805297851562,266.3546142578125,246.84805297851562,266.3546142578125
27,2026-08-07T21:26:56.234,13,1,2,25.0,50.0,262.1797180175781,260.2813720703125,262.1797180175781,260.2813720703125
27,2026-08-07T21:26:56.234,14,2,2,50.0,50.0,276.93621826171875,254.4947967529297,276.93621826171875,254.4947967529297
27,2026-08-07T21:26:56.234,15,3,2,75.0,50.0,291.028564453125,249.0618438720703,291.028564453125,249.0618438720703
27,2026-08-07T21:26:56.234,16,4,2,100.0,50.0,304.6278076171875,243.96798706054688,304.6278076171875,243.96798706054688
27,2026-08-07T21:26:56.234,17,5,2,125.0,50.0,317.6020202636719,238.6683807373047,317.6020202636719,238.6683807373047
27,2026-08-07T21:26:56.234,18,0,3,0.0,75.0,254.87799072265625,275.4437255859375,254.87799072265625,275.4437255859375
27,2026-08-07T21:26:56.234,19,1,3,25.0,75.0,270.4627685546875,268.8863830566406,270.4627685546875,268.8863830566406
27,2026-08-07T21:26:56.234,20,2,3,50.0,75.0,285.5626220703125,262.8154602050781,285.5626220703125,262.8154602050781
27,2026-08-07T21:26:56.234,21,3,3,75.0,75.0,299.92840576171875,257.1285095214844,299.92840576171875,257.1285095214844
27,2026-08-07T21:26:56.234,22,4,3,100.0,75.0,313.609130859375,251.59234619140625,313.609130859375,251.59234619140625
27,2026-08-07T21:26:56.234,23,5,3,125.0,75.0,327.0410461425781,245.8675079345703,327.0410461425781,245.8675079345703
27,2026-08-07T21:26:56.234,24,0,4,0.0,100.0,263.5960388183594,285.3876953125,263.5960388183594,285.3876953125
27,2026-08-07T21:26:56.234,25,1,4,25.0,100.0,279.50531005859375,278.39056396484375,279.50531005859375,278.39056396484375
27,2026-08-07T21:26:56.234,26,2,4,50.0,100.0,294.79168701171875,271.890869140625,294.79168701171875,271.890869140625
27,2026-08-07T21:26:56.234,27,3,4,75.0,100.0,309.436767578125,265.75579833984375,309.436767578125,265.75579833984375
27,2026-08-07T21:26:56.234,28,4,4,100.0,100.0,323.28485107421875,259.6893005371094,323.28485107421875,259.6893005371094
27,2026-08-07T21:26:56.234,29,5,4,125.0,100.0,336.5821533203125,253.4616241455078,336.5821533203125,253.4616241455078
27,2026-08-07T21:26:56.234,30,0,5,0.0,125.0,272.91259765625,295.7756652832031,272.91259765625,295.7756652832031
27,2026-08-07T21:26:56.234,31,1,5,25.0,125.0,289.01806640625,288.4804382324219,289.01806640625,288.4804382324219
27,2026-08-07T21:26:56.234,32,2,5,50.0,125.0,304.7206115722656,281.6084289550781,304.7206115722656,281.6084289550781
27,2026-08-07T21:26:56.234,33,3,5,75.0,125.0,319.3857727050781,274.8698425292969,319.3857727050781,274.8698425292969
27,2026-08-07T21:26:56.234,34,4,5,100.0,125.0,333.4252014160156,268.28680419921875,333.4252014160156,268.28680419921875
27,2026-08-07T21:26:56.234,35,5,5,125.0,125.0,347.18389892578125,261.6920166015625,347.18389892578125,261.6920166015625
27,2026-08-07T21:26:56.234,36,0,6,0.0,150.0,282.6233825683594,306.5828857421875,282.6233825683594,306.5828857421875
27,2026-08-07T21:26:56.234,37,1,6,25.0,150.0,299.1300354003906,298.9962158203125,299.1300354003906,298.9962158203125
27,2026-08-07T21:26:56.234,38,2,6,50.0,150.0,315.08905029296875,291.54345703125,315.08905029296875,291.54345703125
27,2026-08-07T21:26:56.234,39,3,6,75.0,150.0,329.9856262207031,284.4469299316406,329.9856262207031,284.4469299316406
27,2026-08-07T21:26:56.234,40,4,6,100.0,150.0,344.2721862792969,277.309814453125,344.2721862792969,277.309814453125
27,2026-08-07T21:26:56.234,41,5,6,125.0,150.0,357.8973083496094,270.3105163574219,357.8973083496094,270.3105163574219
27,2026-08-07T21:26:56.234,42,0,7,0.0,175.0,293.22113037109375,318.2236633300781,293.22113037109375,318.2236633300781
27,2026-08-07T21:26:56.234,43,1,7,25.0,175.0,310.1367492675781,310.0464172363281,310.1367492675781,310.0464172363281
27,2026-08-07T21:26:56.234,44,2,7,50.0,175.0,326.268798828125,302.1711120605469,326.268798828125,302.1711120605469
27,2026-08-07T21:26:56.234,45,3,7,75.0,175.0,341.50537109375,294.6520080566406,341.50537109375,294.6520080566406
27,2026-08-07T21:26:56.234,46,4,7,100.0,175.0,355.9391174316406,286.9303283691406,355.9391174316406,286.9303283691406
27,2026-08-07T21:26:56.234,47,5,7,125.0,175.0,369.95001220703125,279.6336364746094,369.95001220703125,279.6336364746094
28,2026-08-07T21:26:56.261,0,0,0,0.0,0.0,231.80616760253906,249.42942810058594,231.80616760253906,249.42942810058594
28,2026-08-07T21:26:56.261,1,1,0,25.0,0.0,246.7377471923828,244.0687713623047,246.7377471923828,244.0687713623047
28,2026-08-07T21:26:56.261,2,2,0,50.0,0.0,260.8788757324219,238.83267211914062,260.8788757324219,238.83267211914062
28,2026-08-07T21:26:56.261,3,3,0,75.0,0.0,274.7153015136719,234.48098754882812,274.7153015136719,234.48098754882812
28,2026-08-07T21:26:56.261,4,4,0,100.0,0.0,287.5003967285156,229.4036407470703,287.5003967285156,229.4036407470703
28,2026-08-07T21:26:56.261,5,5,0,125.0,0.0,300.5428771972656,225.0613555908203,300.5428771972656,225.0613555908203
28,2026-08-07T21:26:56.261,6,0,1,0.0,25.0,239.18373107910156,257.66204833984375,239.18373107910156,257.66204833984375
28,2026-08-07T21:26:56.261,7,1,1,25.0,25.0,254.3440399169922,251.9310760498047,254.3440399169922,251.9310760498047
28,2026-08-07T21:26:56.261,8,2,1,50.0,25.0,268.91143798828125,246.521484375,268.91143798828125,246.521484375
28,2026-08-07T21:26:56.261,9,3,1,75.0,25.0,282.75775146484375,241.56591796875,282.75775146484375,241.56591796875
28,2026-08-07T21:26:56.261,10,4,1,100.0,25.0,295.9530944824219,236.6732177734375,295.9530944824219,236.6732177734375
28,2026-08-07T21:26:56.261,11,5,1,125.0,25.0,309.17303466796875,231.6915283203125,309.17303466796875,231.6915283203125
28,2026-08-07T21:26:56.261,12,0,2,0.0,50.0,246.86203002929688,266.3679504394531,246.86203002929688,266.3679504394531
28,2026-08-07T21:26:56.261,13,1,2,25.0,50.0,262.16815185546875,260.2772216796875,262.16815185546875,260.2772216796875
28,2026-08-07T21:26:56.261,14,2,2,50.0,50.0,276.9519348144531,254.514404296875,276.9519348144531,254.514404296875
28,2026-08-07T21:26:56.261,15,3,2,75.0,50.0,291.013427734375,249.05593872070312,291.013427734375,249.05593872070312
28,2026-08-07T21:26:56.261,16,4,2,100.0,50.0,304.5848388671875,243.97457885742188,304.5848388671875,243.97457885742188
28,2026-08-07T21:26:56.261,17,5,2,125.0,50.0,317.6268615722656,238.6773681640625,317.6268615722656,238.6773681640625
28,2026-08-07T21:26:56.261,18,0,3,0.0,75.0,254.87408447265625,275.44512939453125,254.87408447265625,275.44512939453125
28,2026-08-07T21:26:56.261,19,1,3,25.0,75.0,270.46453857421875,268.885009765625,270.46453857421875,268.885009765625
28,2026-08-07T21:26:56.261,20,2,3,50.0,75.0,285.5732116699219,262.82513427734375,285.5732116699219,262.82513427734375
28,2026-08-07T21:26:56.261,21,3,3,75.0,75.0,299.9306335449219,257.1322326660156,299.9306335449219,257.1322326660156
28,2026-08-07T21:26:56.261,22,4,3,100.0,75.0,313.5696716308594,251.58116149902344,313.5696716308594,251.58116149902344
28,2026-08-07T21:26:56.261,23,5,3,125.0,75.0,327.0653381347656,245.85269165039062,327.0653381347656,245.85269165039062
28,2026-08-07T21:26:56.261,24,0,4,0.0,100.0,263.6102600097656,285.3958740234375,263.6102600097656,285.3958740234375
28,2026-08-07T21:26:56.261,25,1,4,25.0,100.0,279.51416015625,278.3951721191406,279.51416015625,278.3951721191406
28,2026-08-07T21:26:56.261,26,2,4,50.0,100.0,294.8154602050781,271.8888244628906,294.8154602050781,271.8888244628906
28,2026-08-07T21:26:56.261,27,3,4,75.0,100.0,309.44696044921875,265.77569580078125,309.44696044921875,265.77569580078125
28,2026-08-07T21:26:56.261,28,4,4,100.0,100.0,323.2506408691406,259.68231201171875,323.2506408691406,259.68231201171875
28,2026-08-07T21:26:56.261,29,5,4,125.0,100.0,336.6070556640625,253.4638671875,336.6070556640625,253.4638671875
28,2026-08-07T21:26:56.261,30,0,5,0.0,125.0,272.90167236328125,295.77801513671875,272.90167236328125,295.77801513671875
28,2026-08-07T21:26:56.261,31,1,5,25.0,125.0,289.01861572265625,288.4775390625,289.01861572265625,288.4775390625
28,2026-08-07T21:26:56.261,32,2,5,50.0,125.0,304.71148681640625,281.6210632324219,304.71148681640625,281.6210632324219
28,2026-08-07T21:26:56.261,33,3,5,75.0,125.0,319.3823547363281,274.8714599609375,319.3823547363281,274.8714599609375
28,2026-08-07T21:26:56.261,34,4,5,100.0,125.0,333.4200134277344,268.291748046875,333.4200134277344,268.291748046875
28,2026-08-07T21:26:56.261,35,5,5,125.0,125.0,347.18865966796875,261.6883850097656,347.18865966796875,261.6883850097656
28,2026-08-07T21:26:56.261,36,0,6,0.0,150.0,282.6197509765625,306.58294677734375,282.6197509765625,306.58294677734375
28,2026-08-07T21:26:56.261,37,1,6,25.0,150.0,299.1417236328125,299.00982666015625,299.1417236328125,299.00982666015625
28,2026-08-07T21:26:56.261,38,2,6,50.0,150.0,315.0889892578125,291.5392761230469,315.0889892578125,291.5392761230469
28,2026-08-07T21:26:56.261,39,3,6,75.0,150.0,329.9986267089844,284.4386291503906,329.9986267089844,284.4386291503906
28,2026-08-07T21:26:56.261,40,4,6,100.0,150.0,344.28057861328125,277.30718994140625,344.28057861328125,277.30718994140625
28,2026-08-07T21:26:56.261,41,5,6,125.0,150.0,357.8948059082031,270.3272705078125,357.8948059082031,270.3272705078125
28,2026-08-07T21:26:56.261,42,0,7,0.0,175.0,293.220947265625,318.231201171875,293.220947265625,318.231201171875
28,2026-08-07T21:26:56.261,43,1,7,25.0,175.0,310.1513366699219,310.0467529296875,310.1513366699219,310.0467529296875
28,2026-08-07T21:26:56.261,44,2,7,50.0,175.0,326.2633056640625,302.16888427734375,326.2633056640625,302.16888427734375
28,2026-08-07T21:26:56.261,45,3,7,75.0,175.0,341.4911804199219,294.6025390625,341.4911804199219,294.6025390625
28,2026-08-07T21:26:56.261,46,4,7,100.0,175.0,355.9558410644531,286.9294128417969,355.9558410644531,286.9294128417969
28,2026-08-07T21:26:56.261,47,5,7,125.0,175.0,369.9376525878906,279.629150390625,369.9376525878906,279.629150390625
29,2026-08-07T21:26:56.282,0,0,0,0.0,0.0,231.80616760253906,249.42942810058594,231.80616760253906,249.42942810058594
29,2026-08-07T21:26:56.282,1,1,0,25.0,0.0,246.7377471923828,244.0687713623047,246.7377471923828,244.0687713623047
29,2026-08-07T21:26:56.282,2,2,0,50.0,0.0,260.8788757324219,238.83267211914062,260.8788757324219,238.83267211914062
29,2026-08-07T21:26:56.282,3,3,0,75.0,0.0,274.7153015136719,234.48098754882812,274.7153015136719,234.48098754882812
29,2026-08-07T21:26:56.282,4,4,0,100.0,0.0,287.5003967285156,229.4036407470703,287.5003967285156,229.4036407470703
29,2026-08-07T21:26:56.282,5,5,0,125.0,0.0,300.5428771972656,225.0613555908203,300.5428771972656,225.0613555908203
29,2026-08-07T21:26:56.282,6,0,1,0.0,25.0,239.18373107910156,257.66204833984375,239.18373107910156,257.66204833984375
29,2026-08-07T21:26:56.282,7,1,1,25.0,25.0,254.3440399169922,251.9310760498047,254.3440399169922,251.9310760498047
29,2026-08-07T21:26:56.282,8,2,1,50.0,25.0,268.91143798828125,246.521484375,268.91143798828125,246.521484375
29,2026-08-07T21:26:56.282,9,3,1,75.0,25.0,282.75775146484375,241.56591796875,282.75775146484375,241.56591796875
29,2026-08-07T21:26:56.282,10,4,1,100.0,25.0,295.9530944824219,236.6732177734375,295.9530944824219,236.6732177734375
29,2026-08-07T21:26:56.282,11,5,1,125.0,25.0,309.17303466796875,231.6915283203125,309.17303466796875,231.6915283203125
29,2026-08-07T21:26:56.282,12,0,2,0.0,50.0,246.86203002929688,266.3679504394531,246.86203002929688,266.3679504394531
29,2026-08-07T21:26:56.282,13,1,2,25.0,50.0,262.16815185546875,260.2772216796875,262.16815185546875,260.2772216796875
29,2026-08-07T21:26:56.282,14,2,2,50.0,50.0,276.9519348144531,254.514404296875,276.9519348144531,254.514404296875
29,2026-08-07T21:26:56.282,15,3,2,75.0,50.0,291.013427734375,249.05593872070312,291.013427734375,249.05593872070312
29,2026-08-07T21:26:56.282,16,4,2,100.0,50.0,304.5848388671875,243.97457885742188,304.5848388671875,243.97457885742188
29,2026-08-07T21:26:56.282,17,5,2,125.0,50.0,317.6268615722656,238.6773681640625,317.6268615722656,238.6773681640625
29,2026-08-07T21:26:56.282,18,0,3,0.0,75.0,254.87408447265625,275.44512939453125,254.87408447265625,275.44512939453125
29,2026-08-07T21:26:56.282,19,1,3,25.0,75.0,270.46453857421875,268.885009765625,270.46453857421875,268.885009765625
29,2026-08-07T21:26:56.282,20,2,3,50.0,75.0,285.5732116699219,262.82513427734375,285.5732116699219,262.82513427734375
29,2026-08-07T21:26:56.282,21,3,3,75.0,75.0,299.9306335449219,257.1322326660156,299.9306335449219,257.1322326660156
29,2026-08-07T21:26:56.282,22,4,3,100.0,75.0,313.5696716308594,251.58116149902344,313.5696716308594,251.58116149902344
29,2026-08-07T21:26:56.282,23,5,3,125.0,75.0,327.0653381347656,245.85269165039062,327.0653381347656,245.85269165039062
29,2026-08-07T21:26:56.282,24,0,4,0.0,100.0,263.6102600097656,285.3958740234375,263.6102600097656,285.3958740234375
29,2026-08-07T21:26:56.282,25,1,4,25.0,100.0,279.51416015625,278.3951721191406,279.51416015625,278.3951721191406
29,2026-08-07T21:26:56.282,26,2,4,50.0,100.0,294.8154602050781,271.8888244628906,294.8154602050781,271.8888244628906
29,2026-08-07T21:26:56.282,27,3,4,75.0,100.0,309.44696044921875,265.77569580078125,309.44696044921875,265.77569580078125
29,2026-08-07T21:26:56.282,28,4,4,100.0,100.0,323.2506408691406,259.68231201171875,323.2506408691406,259.68231201171875
29,2026-08-07T21:26:56.282,29,5,4,125.0,100.0,336.6070556640625,253.4638671875,336.6070556640625,253.4638671875
29,2026-08-07T21:26:56.282,30,0,5,0.0,125.0,272.90167236328125,295.77801513671875,272.90167236328125,295.77801513671875
29,2026-08-07T21:26:56.282,31,1,5,25.0,125.0,289.01861572265625,288.4775390625,289.01861572265625,288.4775390625
29,2026-08-07T21:26:56.282,32,2,5,50.0,125.0,304.71148681640625,281.6210632324219,304.71148681640625,281.6210632324219
29,2026-08-07T21:26:56.282,33,3,5,75.0,125.0,319.3823547363281,274.8714599609375,319.3823547363281,274.8714599609375
29,2026-08-07T21:26:56.282,34,4,5,100.0,125.0,333.4200134277344,268.291748046875,333.4200134277344,268.291748046875
29,2026-08-07T21:26:56.282,35,5,5,125.0,125.0,347.18865966796875,261.6883850097656,347.18865966796875,261.6883850097656
29,2026-08-07T21:26:56.282,36,0,6,0.0,150.0,282.6197509765625,306.58294677734375,282.6197509765625,306.58294677734375
29,2026-08-07T21:26:56.282,37,1,6,25.0,150.0,299.1417236328125,299.00982666015625,299.1417236328125,299.00982666015625
29,2026-08-07T21:26:56.282,38,2,6,50.0,150.0,315.0889892578125,291.5392761230469,315.0889892578125,291.5392761230469
29,2026-08-07T21:26:56.282,39,3,6,75.0,150.0,329.9986267089844,284.4386291503906,329.9986267089844,284.4386291503906
29,2026-08-07T21:26:56.282,40,4,6,100.0,150.0,344.28057861328125,277.30718994140625,344.28057861328125,277.30718994140625
29,2026-08-07T21:26:56.282,41,5,6,125.0,150.0,357.8948059082031,270.3272705078125,357.8948059082031,270.3272705078125
29,2026-08-07T21:26:56.282,42,0,7,0.0,175.0,293.220947265625,318.231201171875,293.220947265625,318.231201171875
29,2026-08-07T21:26:56.282,43,1,7,25.0,175.0,310.1513366699219,310.0467529296875,310.1513366699219,310.0467529296875
29,2026-08-07T21:26:56.282,44,2,7,50.0,175.0,326.2633056640625,302.16888427734375,326.2633056640625,302.16888427734375
29,2026-08-07T21:26:56.282,45,3,7,75.0,175.0,341.4911804199219,294.6025390625,341.4911804199219,294.6025390625
29,2026-08-07T21:26:56.282,46,4,7,100.0,175.0,355.9558410644531,286.9294128417969,355.9558410644531,286.9294128417969
29,2026-08-07T21:26:56.282,47,5,7,125.0,175.0,369.9376525878906,279.629150390625,369.9376525878906,279.629150390625
30,2026-08-07T21:26:56.303,0,0,0,0.0,0.0,231.8018798828125,249.4398651123047,231.8018798828125,249.4398651123047
30,2026-08-07T21:26:56.303,1,1,0,25.0,0.0,246.74606323242188,244.07009887695312,246.74606323242188,244.07009887695312
30,2026-08-07T21:26:56.303,2,2,0,50.0,0.0,260.8525695800781,238.82504272460938,260.8525695800781,238.82504272460938
30,2026-08-07T21:26:56.303,3,3,0,75.0,0.0,274.7537841796875,234.48712158203125,274.7537841796875,234.48712158203125
30,2026-08-07T21:26:56.303,4,4,0,100.0,0.0,287.4653015136719,229.3462677001953,287.4653015136719,229.3462677001953
30,2026-08-07T21:26:56.303,5,5,0,125.0,0.0,300.5574645996094,225.07659912109375,300.5574645996094,225.07659912109375
30,2026-08-07T21:26:56.303,6,0,1,0.0,25.0,239.1699676513672,257.6580505371094,239.1699676513672,257.6580505371094
30,2026-08-07T21:26:56.303,7,1,1,25.0,25.0,254.31387329101562,251.93386840820312,254.31387329101562,251.93386840820312
30,2026-08-07T21:26:56.303,8,2,1,50.0,25.0,268.9491882324219,246.51605224609375,268.9491882324219,246.51605224609375
30,2026-08-07T21:26:56.303,9,3,1,75.0,25.0,282.76800537109375,241.57008361816406,282.76800537109375,241.57008361816406
30,2026-08-07T21:26:56.303,10,4,1,100.0,25.0,295.99517822265625,236.6656494140625,295.99517822265625,236.6656494140625
30,2026-08-07T21:26:56.303,11,5,1,125.0,25.0,309.18170166015625,231.69325256347656,309.18170166015625,231.69325256347656
30,2026-08-07T21:26:56.303,12,0,2,0.0,50.0,246.85293579101562,266.3688049316406,246.85293579101562,266.3688049316406
30,2026-08-07T21:26:56.303,13,1,2,25.0,50.0,262.1731262207031,260.2809753417969,262.1731262207031,260.2809753417969
30,2026-08-07T21:26:56.303,14,2,2,50.0,50.0,276.9410705566406,254.50559997558594,276.9410705566406,254.50559997558594
30,2026-08-07T21:26:56.303,15,3,2,75.0,50.0,291.0185241699219,249.0562744140625,291.0185241699219,249.0562744140625
30,2026-08-07T21:26:56.303,16,4,2,100.0,50.0,304.5884094238281,243.97134399414062,304.5884094238281,243.97134399414062
30,2026-08-07T21:26:56.303,17,5,2,125.0,50.0,317.6020812988281,238.67373657226562,317.6020812988281,238.67373657226562
30,2026-08-07T21:26:56.303,18,0,3,0.0,75.0,254.88377380371094,275.44122314453125,254.88377380371094,275.44122314453125
30,2026-08-07T21:26:56.303,19,1,3,25.0,75.0,270.4916076660156,268.8853759765625,270.4916076660156,268.8853759765625
30,2026-08-07T21:26:56.303,20,2,3,50.0,75.0,285.5587158203125,262.8216552734375,285.5587158203125,262.8216552734375
30,2026-08-07T21:26:56.303,21,3,3,75.0,75.0,299.91796875,257.1299133300781,299.91796875,257.1299133300781
30,2026-08-07T21:26:56.303,22,4,3,100.0,75.0,313.5890197753906,251.5897979736328,313.5890197753906,251.5897979736328
30,2026-08-07T21:26:56.303,23,5,3,125.0,75.0,327.04217529296875,245.87112426757812,327.04217529296875,245.87112426757812
30,2026-08-07T21:26:56.303,24,0,4,0.0,100.0,263.5985412597656,285.3841857910156,263.5985412597656,285.3841857910156
30,2026-08-07T21:26:56.303,25,1,4,25.0,100.0,279.5052795410156,278.3959655761719,279.5052795410156,278.3959655761719
30,2026-08-07T21:26:56.303,26,2,4,50.0,100.0,294.8257751464844,271.8982849121094,294.8257751464844,271.8982849121094
30,2026-08-07T21:26:56.303,27,3,4,75.0,100.0,309.431884765625,265.7706298828125,309.431884765625,265.7706298828125
30,2026-08-07T21:26:56.303,28,4,4,100.0,100.0,323.2514953613281,259.69329833984375,323.2514953613281,259.69329833984375
30,2026-08-07T21:26:56.303,29,5,4,125.0,100.0,336.5727233886719,253.45860290527344,336.5727233886719,253.45860290527344
30,2026-08-07T21:26:56.303,30,0,5,0.0,125.0,272.8994140625,295.7734069824219,272.8994140625,295.7734069824219
30,2026-08-07T21:26:56.303,31,1,5,25.0,125.0,289.0094299316406,288.4999694824219,289.0094299316406,288.4999694824219
30,2026-08-07T21:26:56.303,32,2,5,50.0,125.0,304.7159423828125,281.5986022949219,304.7159423828125,281.5986022949219
30,2026-08-07T21:26:56.303,33,3,5,75.0,125.0,319.4278564453125,274.8707580566406,319.4278564453125,274.8707580566406
30,2026-08-07T21:26:56.303,34,4,5,100.0,125.0,333.40240478515625,268.28204345703125,333.40240478515625,268.28204345703125
30,2026-08-07T21:26:56.303,35,5,5,125.0,125.0,347.1745910644531,261.68902587890625,347.1745910644531,261.68902587890625
30,2026-08-07T21:26:56.303,36,0,6,0.0,150.0,282.6163635253906,306.5858154296875,282.6163635253906,306.5858154296875
30,2026-08-07T21:26:56.303,37,1,6,25.0,150.0,299.125244140625,299.0080871582031,299.125244140625,299.0080871582031
30,2026-08-07T21:26:56.303,38,2,6,50.0,150.0,315.08392333984375,291.53955078125,315.08392333984375,291.53955078125
30,2026-08-07T21:26:56.303,39,3,6,75.0,150.0,330.018310546875,284.4316711425781,330.018310546875,284.4316711425781
30,2026-08-07T21:26:56.303,40,4,6,100.0,150.0,344.2845458984375,277.3033142089844,344.2845458984375,277.3033142089844
30,2026-08-07T21:26:56.303,41,5,6,125.0,150.0,357.90667724609375,270.3205261230469,357.90667724609375,270.3205261230469
30,2026-08-07T21:26:56.303,42,0,7,0.0,175.0,293.2291564941406,318.22845458984375,293.2291564941406,318.22845458984375
30,2026-08-07T21:26:56.303,43,1,7,25.0,175.0,310.1336364746094,310.0462341308594,310.1336364746094,310.0462341308594
30,2026-08-07T21:26:56.303,44,2,7,50.0,175.0,326.2762756347656,302.1686096191406,326.2762756347656,302.1686096191406
30,2026-08-07T21:26:56.303,45,3,7,75.0,175.0,341.50103759765625,294.6693115234375,341.50103759765625,294.6693115234375
30,2026-08-07T21:26:56.303,46,4,7,100.0,175.0,355.944091796875,286.927490234375,355.944091796875,286.927490234375
30,2026-08-07T21:26:56.303,47,5,7,125.0,175.0,369.9440612792969,279.6190185546875,369.9440612792969,279.6190185546875
31,2026-08-07T21:26:56.326,0,0,0,0.0,0.0,231.8018798828125,249.4398651123047,231.8018798828125,249.4398651123047
31,2026-08-07T21:26:56.326,1,1,0,25.0,0.0,246.74606323242188,244.07009887695312,246.74606323242188,244.07009887695312
31,2026-08-07T21:26:56.326,2,2,0,50.0,0.0,260.8525695800781,238.82504272460938,260.8525695800781,238.82504272460938
31,2026-08-07T21:26:56.326,3,3,0,75.0,0.0,274.7537841796875,234.48712158203125,274.7537841796875,234.48712158203125
31,2026-08-07T21:26:56.326,4,4,0,100.0,0.0,287.4653015136719,229.3462677001953,287.4653015136719,229.3462677001953
31,2026-08-07T21:26:56.326,5,5,0,125.0,0.0,300.5574645996094,225.07659912109375,300.5574645996094,225.07659912109375
31,2026-08-07T21:26:56.326,6,0,1,0.0,25.0,239.1699676513672,257.6580505371094,239.1699676513672,257.6580505371094
31,2026-08-07T21:26:56.326,7,1,1,25.0,25.0,254.31387329101562,251.93386840820312,254.31387329101562,251.93386840820312
31,2026-08-07T21:26:56.326,8,2,1,50.0,25.0,268.9491882324219,246.51605224609375,268.9491882324219,246.51605224609375
31,2026-08-07T21:26:56.326,9,3,1,75.0,25.0,282.76800537109375,241.57008361816406,282.76800537109375,241.57008361816406
31,2026-08-07T21:26:56.326,10,4,1,100.0,25.0,295.99517822265625,236.6656494140625,295.99517822265625,236.6656494140625
31,2026-08-07T21:26:56.326,11,5,1,125.0,25.0,309.18170166015625,231.69325256347656,309.18170166015625,231.69325256347656
31,2026-08-07T21:26:56.326,12,0,2,0.0,50.0,246.85293579101562,266.3688049316406,246.85293579101562,266.3688049316406
31,2026-08-07T21:26:56.326,13,1,2,25.0,50.0,262.1731262207031,260.2809753417969,262.1731262207031,260.2809753417969
31,2026-08-07T21:26:56.326,14,2,2,50.0,50.0,276.9410705566406,254.50559997558594,276.9410705566406,254.50559997558594
31,2026-08-07T21:26:56.326,15,3,2,75.0,50.0,291.0185241699219,249.0562744140625,291.0185241699219,249.0562744140625
31,2026-08-07T21:26:56.326,16,4,2,100.0,50.0,304.5884094238281,243.97134399414062,304.5884094238281,243.97134399414062
31,2026-08-07T21:26:56.326,17,5,2,125.0,50.0,317.6020812988281,238.67373657226562,317.6020812988281,238.67373657226562
31,2026-08-07T21:26:56.326,18,0,3,0.0,75.0,254.88377380371094,275.44122314453125,254.88377380371094,275.44122314453125
31,2026-08-07T21:26:56.326,19,1,3,25.0,75.0,270.4916076660156,268.8853759765625,270.4916076660156,268.8853759765625
31,2026-08-07T21:26:56.326,20,2,3,50.0,75.0,285.5587158203125,262.8216552734375,285.5587158203125,262.8216552734375
31,2026-08-07T21:26:56.326,21,3,3,75.0,75.0,299.91796875,257.1299133300781,299.91796875,257.1299133300781
31,2026-08-07T21:26:56.326,22,4,3,100.0,75.0,313.5890197753906,251.5897979736328,313.5890197753906,251.5897979736328
31,2026-08-07T21:26:56.326,23,5,3,125.0,75.0,327.04217529296875,245.87112426757812,327.04217529296875,245.87112426757812
31,2026-08-07T21:26:56.326,24,0,4,0.0,100.0,263.5985412597656,285.3841857910156,263.5985412597656,285.3841857910156
31,2026-08-07T21:26:56.326,25,1,4,25.0,100.0,279.5052795410156,278.3959655761719,279.5052795410156,278.3959655761719
31,2026-08-07T21:26:56.326,26,2,4,50.0,100.0,294.8257751464844,271.8982849121094,294.8257751464844,271.8982849121094
31,2026-08-07T21:26:56.326,27,3,4,75.0,100.0,309.431884765625,265.7706298828125,309.431884765625,265.7706298828125
31,2026-08-07T21:26:56.326,28,4,4,100.0,100.0,323.2514953613281,259.69329833984375,323.2514953613281,259.69329833984375
31,2026-08-07T21:26:56.326,29,5,4,125.0,100.0,336.5727233886719,253.45860290527344,336.5727233886719,253.45860290527344
31,2026-08-07T21:26:56.326,30,0,5,0.0,125.0,272.8994140625,295.7734069824219,272.8994140625,295.7734069824219
31,2026-08-07T21:26:56.326,31,1,5,25.0,125.0,289.0094299316406,288.4999694824219,289.0094299316406,288.4999694824219
31,2026-08-07T21:26:56.326,32,2,5,50.0,125.0,304.7159423828125,281.5986022949219,304.7159423828125,281.5986022949219
31,2026-08-07T21:26:56.326,33,3,5,75.0,125.0,319.4278564453125,274.8707580566406,319.4278564453125,274.8707580566406
31,2026-08-07T21:26:56.326,34,4,5,100.0,125.0,333.40240478515625,268.28204345703125,333.40240478515625,268.28204345703125
31,2026-08-07T21:26:56.326,35,5,5,125.0,125.0,347.1745910644531,261.68902587890625,347.1745910644531,261.68902587890625
31,2026-08-07T21:26:56.326,36,0,6,0.0,150.0,282.6163635253906,306.5858154296875,282.6163635253906,306.5858154296875
31,2026-08-07T21:26:56.326,37,1,6,25.0,150.0,299.125244140625,299.0080871582031,299.125244140625,299.0080871582031
31,2026-08-07T21:26:56.326,38,2,6,50.0,150.0,315.08392333984375,291.53955078125,315.08392333984375,291.53955078125
31,2026-08-07T21:26:56.326,39,3,6,75.0,150.0,330.018310546875,284.4316711425781,330.018310546875,284.4316711425781
31,2026-08-07T21:26:56.326,40,4,6,100.0,150.0,344.2845458984375,277.3033142089844,344.2845458984375,277.3033142089844
31,2026-08-07T21:26:56.326,41,5,6,125.0,150.0,357.90667724609375,270.3205261230469,357.90667724609375,270.3205261230469
31,2026-08-07T21:26:56.326,42,0,7,0.0,175.0,293.2291564941406,318.22845458984375,293.2291564941406,318.22845458984375
31,2026-08-07T21:26:56.326,43,1,7,25.0,175.0,310.1336364746094,310.0462341308594,310.1336364746094,310.0462341308594
31,2026-08-07T21:26:56.326,44,2,7,50.0,175.0,326.2762756347656,302.1686096191406,326.2762756347656,302.1686096191406
31,2026-08-07T21:26:56.326,45,3,7,75.0,175.0,341.50103759765625,294.6693115234375,341.50103759765625,294.6693115234375
31,2026-08-07T21:26:56.326,46,4,7,100.0,175.0,355.944091796875,286.927490234375,355.944091796875,286.927490234375
31,2026-08-07T21:26:56.326,47,5,7,125.0,175.0,369.9440612792969,279.6190185546875,369.9440612792969,279.6190185546875
32,2026-08-07T21:26:56.353,0,0,0,0.0,0.0,231.8129425048828,249.42506408691406,231.8129425048828,249.42506408691406
32,2026-08-07T21:26:56.353,1,1,0,25.0,0.0,246.7461700439453,244.0716552734375,246.7461700439453,244.0716552734375
32,2026-08-07T21:26:56.353,2,2,0,50.0,0.0,260.85528564453125,238.82888793945312,260.85528564453125,238.82888793945312
32,2026-08-07T21:26:56.353,3,3,0,75.0,0.0,274.5865783691406,234.50399780273438,274.5865783691406,234.50399780273438
32,2026-08-07T21:26:56.353,4,4,0,100.0,0.0,287.5066223144531,229.40570068359375,287.5066223144531,229.40570068359375
32,2026-08-07T21:26:56.353,5,5,0,125.0,0.0,300.5533142089844,225.07781982421875,300.5533142089844,225.07781982421875
32,2026-08-07T21:26:56.353,6,0,1,0.0,25.0,239.1966552734375,257.6643371582031,239.1966552734375,257.6643371582031
32,2026-08-07T21:26:56.353,7,1,1,25.0,25.0,254.336669921875,251.9363555908203,254.336669921875,251.9363555908203
32,2026-08-07T21:26:56.353,8,2,1,50.0,25.0,268.935791015625,246.52542114257812,268.935791015625,246.52542114257812
32,2026-08-07T21:26:56.353,9,3,1,75.0,25.0,282.7598571777344,241.56544494628906,282.7598571777344,241.56544494628906
32,2026-08-07T21:26:56.353,10,4,1,100.0,25.0,295.9770202636719,236.67832946777344,295.9770202636719,236.67832946777344
32,2026-08-07T21:26:56.353,11,5,1,125.0,25.0,309.1474304199219,231.7085418701172,309.1474304199219,231.7085418701172
32,2026-08-07T21:26:56.353,12,0,2,0.0,50.0,246.8462371826172,266.37188720703125,246.8462371826172,266.37188720703125
32,2026-08-07T21:26:56.353,13,1,2,25.0,50.0,262.1850280761719,260.2816162109375,262.1850280761719,260.2816162109375
32,2026-08-07T21:26:56.353,14,2,2,50.0,50.0,276.94586181640625,254.49996948242188,276.94586181640625,254.49996948242188
32,2026-08-07T21:26:56.353,15,3,2,75.0,50.0,291.0054016113281,249.0508575439453,291.0054016113281,249.0508575439453
32,2026-08-07T21:26:56.353,16,4,2,100.0,50.0,304.5922546386719,243.9715118408203,304.5922546386719,243.9715118408203
32,2026-08-07T21:26:56.353,17,5,2,125.0,50.0,317.6033020019531,238.67616271972656,317.6033020019531,238.67616271972656
32,2026-08-07T21:26:56.353,18,0,3,0.0,75.0,254.87147521972656,275.44317626953125,254.87147521972656,275.44317626953125
32,2026-08-07T21:26:56.353,19,1,3,25.0,75.0,270.4531555175781,268.8865051269531,270.4531555175781,268.8865051269531
32,2026-08-07T21:26:56.353,20,2,3,50.0,75.0,285.56634521484375,262.8135070800781,285.56634521484375,262.8135070800781
32,2026-08-07T21:26:56.353,21,3,3,75.0,75.0,299.9132995605469,257.130859375,299.9132995605469,257.130859375
32,2026-08-07T21:26:56.353,22,4,3,100.0,75.0,313.57305908203125,251.59136962890625,313.57305908203125,251.59136962890625
32,2026-08-07T21:26:56.353,23,5,3,125.0,75.0,327.0391540527344,245.8706817626953,327.0391540527344,245.8706817626953
32,2026-08-07T21:26:56.353,24,0,4,0.0,100.0,263.5877685546875,285.40362548828125,263.5877685546875,285.40362548828125
32,2026-08-07T21:26:56.353,25,1,4,25.0,100.0,279.48095703125,278.355224609375,279.48095703125,278.355224609375
32,2026-08-07T21:26:56.353,26,2,4,50.0,100.0,294.81622314453125,271.89056396484375,294.81622314453125,271.89056396484375
32,2026-08-07T21:26:56.353,27,3,4,75.0,100.0,309.4378356933594,265.77606201171875,309.4378356933594,265.77606201171875
32,2026-08-07T21:26:56.353,28,4,4,100.0,100.0,323.2494812011719,259.701171875,323.2494812011719,259.701171875
32,2026-08-07T21:26:56.353,29,5,4,125.0,100.0,336.56982421875,253.4618682861328,336.56982421875,253.4618682861328
32,2026-08-07T21:26:56.353,30,0,5,0.0,125.0,272.8897399902344,295.772705078125,272.8897399902344,295.772705078125
32,2026-08-07T21:26:56.353,31,1,5,25.0,125.0,289.007080078125,288.49188232421875,289.007080078125,288.49188232421875
32,2026-08-07T21:26:56.353,32,2,5,50.0,125.0,304.7259216308594,281.6177062988281,304.7259216308594,281.6177062988281
32,2026-08-07T21:26:56.353,33,3,5,75.0,125.0,319.369873046875,274.87481689453125,319.369873046875,274.87481689453125
32,2026-08-07T21:26:56.353,34,4,5,100.0,125.0,333.41290283203125,268.28460693359375,333.41290283203125,268.28460693359375
32,2026-08-07T21:26:56.353,35,5,5,125.0,125.0,347.178466796875,261.69830322265625,347.178466796875,261.69830322265625
32,2026-08-07T21:26:56.353,36,0,6,0.0,150.0,282.617431640625,306.5733947753906,282.617431640625,306.5733947753906
32,2026-08-07T21:26:56.353,37,1,6,25.0,150.0,299.12200927734375,299.02032470703125,299.12200927734375,299.02032470703125
32,2026-08-07T21:26:56.353,38,2,6,50.0,150.0,315.1029052734375,291.5357971191406,315.1029052734375,291.5357971191406
32,2026-08-07T21:26:56.353,39,3,6,75.0,150.0,330.013427734375,284.4556884765625,330.013427734375,284.4556884765625
32,2026-08-07T21:26:56.353,40,4,6,100.0,150.0,344.2844543457031,277.30596923828125,344.2844543457031,277.30596923828125
32,2026-08-07T21:26:56.353,41,5,6,125.0,150.0,357.9022216796875,270.32196044921875,357.9022216796875,270.32196044921875
32,2026-08-07T21:26:56.353,42,0,7,0.0,175.0,293.21746826171875,318.2276611328125,293.21746826171875,318.2276611328125
32,2026-08-07T21:26:56.353,43,1,7,25.0,175.0,310.14202880859375,310.04315185546875,310.14202880859375,310.04315185546875
32,2026-08-07T21:26:56.353,44,2,7,50.0,175.0,326.27880859375,302.1716613769531,326.27880859375,302.1716613769531
32,2026-08-07T21:26:56.353,45,3,7,75.0,175.0,341.5107116699219,294.6487731933594,341.5107116699219,294.6487731933594
32,2026-08-07T21:26:56.353,46,4,7,100.0,175.0,355.9508361816406,286.927490234375,355.9508361816406,286.927490234375
32,2026-08-07T21:26:56.353,47,5,7,125.0,175.0,369.9408874511719,279.62640380859375,369.9408874511719,279.62640380859375
33,2026-08-07T21:26:56.379,0,0,0,0.0,0.0,231.8129425048828,249.42506408691406,231.8129425048828,249.42506408691406
33,2026-08-07T21:26:56.379,1,1,0,25.0,0.0,246.7461700439453,244.0716552734375,246.7461700439453,244.0716552734375
33,2026-08-07T21:26:56.379,2,2,0,50.0,0.0,260.85528564453125,238.82888793945312,260.85528564453125,238.82888793945312
33,2026-08-07T21:26:56.379,3,3,0,75.0,0.0,274.5865783691406,234.50399780273438,274.5865783691406,234.50399780273438
33,2026-08-07T21:26:56.379,4,4,0,100.0,0.0,287.5066223144531,229.40570068359375,287.5066223144531,229.40570068359375
33,2026-08-07T21:26:56.379,5,5,0,125.0,0.0,300.5533142089844,225.07781982421875,300.5533142089844,225.07781982421875
33,2026-08-07T21:26:56.379,6,0,1,0.0,25.0,239.1966552734375,257.6643371582031,239.1966552734375,257.6643371582031
33,2026-08-07T21:26:56.379,7,1,1,25.0,25.0,254.336669921875,251.9363555908203,254.336669921875,251.9363555908203
33,2026-08-07T21:26:56.379,8,2,1,50.0,25.0,268.935791015625,246.52542114257812,268.935791015625,246.52542114257812
33,2026-08-07T21:26:56.379,9,3,1,75.0,25.0,282.7598571777344,241.56544494628906,282.7598571777344,241.56544494628906
33,2026-08-07T21:26:56.379,10,4,1,100.0,25.0,295.9770202636719,236.67832946777344,295.9770202636719,236.67832946777344
33,2026-08-07T21:26:56.379,11,5,1,125.0,25.0,309.1474304199219,231.7085418701172,309.1474304199219,231.7085418701172
33,2026-08-07T21:26:56.379,12,0,2,0.0,50.0,246.8462371826172,266.37188720703125,246.8462371826172,266.37188720703125
33,2026-08-07T21:26:56.379,13,1,2,25.0,50.0,262.1850280761719,260.2816162109375,262.1850280761719,260.2816162109375
33,2026-08-07T21:26:56.379,14,2,2,50.0,50.0,276.94586181640625,254.49996948242188,276.94586181640625,254.49996948242188
33,2026-08-07T21:26:56.379,15,3,2,75.0,50.0,291.0054016113281,249.0508575439453,291.0054016113281,249.0508575439453
33,2026-08-07T21:26:56.379,16,4,2,100.0,50.0,304.5922546386719,243.9715118408203,304.5922546386719,243.9715118408203
33,2026-08-07T21:26:56.379,17,5,2,125.0,50.0,317.6033020019531,238.67616271972656,317.6033020019531,238.67616271972656
33,2026-08-07T21:26:56.379,18,0,3,0.0,75.0,254.87147521972656,275.44317626953125,254.87147521972656,275.44317626953125
33,2026-08-07T21:26:56.379,19,1,3,25.0,75.0,270.4531555175781,268.8865051269531,270.4531555175781,268.8865051269531
33,2026-08-07T21:26:56.379,20,2,3,50.0,75.0,285.56634521484375,262.8135070800781,285.56634521484375,262.8135070800781
33,2026-08-07T21:26:56.379,21,3,3,75.0,75.0,299.9132995605469,257.130859375,299.9132995605469,257.130859375
33,2026-08-07T21:26:56.379,22,4,3,100.0,75.0,313.57305908203125,251.59136962890625,313.57305908203125,251.59136962890625
33,2026-08-07T21:26:56.379,23,5,3,125.0,75.0,327.0391540527344,245.8706817626953,327.0391540527344,245.8706817626953
33,2026-08-07T21:26:56.379,24,0,4,0.0,100.0,263.5877685546875,285.40362548828125,263.5877685546875,285.40362548828125
33,2026-08-07T21:26:56.379,25,1,4,25.0,100.0,279.48095703125,278.355224609375,279.48095703125,278.355224609375
33,2026-08-07T21:26:56.379,26,2,4,50.0,100.0,294.81622314453125,271.89056396484375,294.81622314453125,271.89056396484375
33,2026-08-07T21:26:56.379,27,3,4,75.0,100.0,309.4378356933594,265.77606201171875,309.4378356933594,265.77606201171875
33,2026-08-07T21:26:56.379,28,4,4,100.0,100.0,323.2494812011719,259.701171875,323.2494812011719,259.701171875
33,2026-08-07T21:26:56.379,29,5,4,125.0,100.0,336.56982421875,253.4618682861328,336.56982421875,253.4618682861328
33,2026-08-07T21:26:56.379,30,0,5,0.0,125.0,272.8897399902344,295.772705078125,272.8897399902344,295.772705078125
33,2026-08-07T21:26:56.379,31,1,5,25.0,125.0,289.007080078125,288.49188232421875,289.007080078125,288.49188232421875
33,2026-08-07T21:26:56.379,32,2,5,50.0,125.0,304.7259216308594,281.6177062988281,304.7259216308594,281.6177062988281
33,2026-08-07T21:26:56.379,33,3,5,75.0,125.0,319.369873046875,274.87481689453125,319.369873046875,274.87481689453125
33,2026-08-07T21:26:56.379,34,4,5,100.0,125.0,333.41290283203125,268.28460693359375,333.41290283203125,268.28460693359375
33,2026-08-07T21:26:56.379,35,5,5,125.0,125.0,347.178466796875,261.69830322265625,347.178466796875,261.69830322265625
33,2026-08-07T21:26:56.379,36,0,6,0.0,150.0,282.617431640625,306.5733947753906,282.617431640625,306.5733947753906
33,2026-08-07T21:26:56.379,37,1,6,25.0,150.0,299.12200927734375,299.02032470703125,299.12200927734375,299.02032470703125
33,2026-08-07T21:26:56.379,38,2,6,50.0,150.0,315.1029052734375,291.5357971191406,315.1029052734375,291.5357971191406
33,2026-08-07T21:26:56.379,39,3,6,75.0,150.0,330.013427734375,284.4556884765625,330.013427734375,284.4556884765625
33,2026-08-07T21:26:56.379,40,4,6,100.0,150.0,344.2844543457031,277.30596923828125,344.2844543457031,277.30596923828125
33,2026-08-07T21:26:56.379,41,5,6,125.0,150.0,357.9022216796875,270.32196044921875,357.9022216796875,270.32196044921875
33,2026-08-07T21:26:56.379,42,0,7,0.0,175.0,293.21746826171875,318.2276611328125,293.21746826171875,318.2276611328125
33,2026-08-07T21:26:56.379,43,1,7,25.0,175.0,310.14202880859375,310.04315185546875,310.14202880859375,310.04315185546875
33,2026-08-07T21:26:56.379,44,2,7,50.0,175.0,326.27880859375,302.1716613769531,326.27880859375,302.1716613769531
33,2026-08-07T21:26:56.379,45,3,7,75.0,175.0,341.5107116699219,294.6487731933594,341.5107116699219,294.6487731933594
33,2026-08-07T21:26:56.379,46,4,7,100.0,175.0,355.9508361816406,286.927490234375,355.9508361816406,286.927490234375
33,2026-08-07T21:26:56.379,47,5,7,125.0,175.0,369.9408874511719,279.62640380859375,369.9408874511719,279.62640380859375
34,2026-08-07T21:26:56.406,0,0,0,0.0,0.0,231.77772521972656,249.42391967773438,231.77772521972656,249.42391967773438
34,2026-08-07T21:26:56.406,1,1,0,25.0,0.0,246.73388671875,244.06764221191406,246.73388671875,244.06764221191406
34,2026-08-07T21:26:56.406,2,2,0,50.0,0.0,260.8547058105469,238.82582092285156,260.8547058105469,238.82582092285156
34,2026-08-07T21:26:56.406,3,3,0,75.0,0.0,274.7304382324219,234.47329711914062,274.7304382324219,234.47329711914062
34,2026-08-07T21:26:56.406,4,4,0,100.0,0.0,287.4750061035156,229.349853515625,287.4750061035156,229.349853515625
34,2026-08-07T21:26:56.406,5,5,0,125.0,0.0,300.5834655761719,225.0772247314453,300.5834655761719,225.0772247314453
34,2026-08-07T21:26:56.406,6,0,1,0.0,25.0,239.17124938964844,257.6289978027344,239.17124938964844,257.6289978027344
34,2026-08-07T21:26:56.406,7,1,1,25.0,25.0,254.32823181152344,251.9376983642578,254.32823181152344,251.9376983642578
34,2026-08-07T21:26:56.406,8,2,1,50.0,25.0,268.9483337402344,246.52076721191406,268.9483337402344,246.52076721191406
34,2026-08-07T21:26:56.406,9,3,1,75.0,25.0,282.7494201660156,241.580810546875,282.7494201660156,241.580810546875
34,2026-08-07T21:26:56.406,10,4,1,100.0,25.0,295.9609069824219,236.67164611816406,295.9609069824219,236.67164611816406
34,2026-08-07T21:26:56.406,11,5,1,125.0,25.0,309.16278076171875,231.69602966308594,309.16278076171875,231.69602966308594
34,2026-08-07T21:26:56.406,12,0,2,0.0,50.0,246.84130859375,266.3525390625,246.84130859375,266.3525390625
34,2026-08-07T21:26:56.406,13,1,2,25.0,50.0,262.1844482421875,260.2831726074219,262.1844482421875,260.2831726074219
34,2026-08-07T21:26:56.406,14,2,2,50.0,50.0,276.95159912109375,254.51351928710938,276.95159912109375,254.51351928710938
34,2026-08-07T21:26:56.406,15,3,2,75.0,50.0,291.0567932128906,249.05308532714844,291.0567932128906,249.05308532714844
34,2026-08-07T21:26:56.406,16,4,2,100.0,50.0,304.5935974121094,243.97439575195312,304.5935974121094,243.97439575195312
34,2026-08-07T21:26:56.406,17,5,2,125.0,50.0,317.5957946777344,238.669677734375,317.5957946777344,238.669677734375
34,2026-08-07T21:26:56.406,18,0,3,0.0,75.0,254.89129638671875,275.447021484375,254.89129638671875,275.447021484375
34,2026-08-07T21:26:56.406,19,1,3,25.0,75.0,270.4781494140625,268.8833923339844,270.4781494140625,268.8833923339844
34,2026-08-07T21:26:56.406,20,2,3,50.0,75.0,285.5683288574219,262.8229675292969,285.5683288574219,262.8229675292969
34,2026-08-07T21:26:56.406,21,3,3,75.0,75.0,299.95269775390625,257.1246337890625,299.95269775390625,257.1246337890625
34,2026-08-07T21:26:56.406,22,4,3,100.0,75.0,313.5738830566406,251.5852508544922,313.5738830566406,251.5852508544922
34,2026-08-07T21:26:56.406,23,5,3,125.0,75.0,327.1009826660156,245.87701416015625,327.1009826660156,245.87701416015625
34,2026-08-07T21:26:56.406,24,0,4,0.0,100.0,263.60540771484375,285.3753662109375,263.60540771484375,285.3753662109375
34,2026-08-07T21:26:56.406,25,1,4,25.0,100.0,279.4697570800781,278.3532409667969,279.4697570800781,278.3532409667969
34,2026-08-07T21:26:56.406,26,2,4,50.0,100.0,294.809326171875,271.8950500488281,294.809326171875,271.8950500488281
34,2026-08-07T21:26:56.406,27,3,4,75.0,100.0,309.4454345703125,265.7658996582031,309.4454345703125,265.7658996582031
34,2026-08-07T21:26:56.406,28,4,4,100.0,100.0,323.2615051269531,259.6981506347656,323.2615051269531,259.6981506347656
34,2026-08-07T21:26:56.406,29,5,4,125.0,100.0,336.5107421875,253.45367431640625,336.5107421875,253.45367431640625
34,2026-08-07T21:26:56.406,30,0,5,0.0,125.0,272.91748046875,295.7948913574219,272.91748046875,295.7948913574219
34,2026-08-07T21:26:56.406,31,1,5,25.0,125.0,289.0064392089844,288.4963684082031,289.0064392089844,288.4963684082031
34,2026-08-07T21:26:56.406,32,2,5,50.0,125.0,304.7334899902344,281.6221618652344,304.7334899902344,281.6221618652344
34,2026-08-07T21:26:56.406,33,3,5,75.0,125.0,319.42401123046875,274.8641357421875,319.42401123046875,274.8641357421875
34,2026-08-07T21:26:56.406,34,4,5,100.0,125.0,333.4102783203125,268.2903137207031,333.4102783203125,268.2903137207031
34,2026-08-07T21:26:56.406,35,5,5,125.0,125.0,347.1962890625,261.6918640136719,347.1962890625,261.6918640136719
34,2026-08-07T21:26:56.406,36,0,6,0.0,150.0,282.6138000488281,306.5890808105469,282.6138000488281,306.5890808105469
34,2026-08-07T21:26:56.406,37,1,6,25.0,150.0,299.12188720703125,299.0206604003906,299.12188720703125,299.0206604003906
34,2026-08-07T21:26:56.406,38,2,6,50.0,150.0,315.0863952636719,291.53973388671875,315.0863952636719,291.53973388671875
34,2026-08-07T21:26:56.406,39,3,6,75.0,150.0,330.031494140625,284.4437255859375,330.031494140625,284.4437255859375
34,2026-08-07T21:26:56.406,40,4,6,100.0,150.0,344.2709045410156,277.3112487792969,344.2709045410156,277.3112487792969
34,2026-08-07T21:26:56.406,41,5,6,125.0,150.0,357.9053955078125,270.31756591796875,357.9053955078125,270.31756591796875
34,2026-08-07T21:26:56.406,42,0,7,0.0,175.0,293.22540283203125,318.220947265625,293.22540283203125,318.220947265625
34,2026-08-07T21:26:56.406,43,1,7,25.0,175.0,310.1573791503906,310.03948974609375,310.1573791503906,310.03948974609375
34,2026-08-07T21:26:56.406,44,2,7,50.0,175.0,326.2818603515625,302.1712951660156,326.2818603515625,302.1712951660156
34,2026-08-07T21:26:56.406,45,3,7,75.0,175.0,341.5060119628906,294.66455078125,341.5060119628906,294.66455078125
34,2026-08-07T21:26:56.406,46,4,7,100.0,175.0,355.9489440917969,286.920654296875,355.9489440917969,286.920654296875
34,2026-08-07T21:26:56.406,47,5,7,125.0,175.0,369.93499755859375,279.615966796875,369.93499755859375,279.615966796875
35,2026-08-07T21:26:56.443,0,0,0,0.0,0.0,231.77772521972656,249.42391967773438,231.77772521972656,249.42391967773438
35,2026-08-07T21:26:56.443,1,1,0,25.0,0.0,246.73388671875,244.06764221191406,246.73388671875,244.06764221191406
35,2026-08-07T21:26:56.443,2,2,0,50.0,0.0,260.8547058105469,238.82582092285156,260.8547058105469,238.82582092285156
35,2026-08-07T21:26:56.443,3,3,0,75.0,0.0,274.7304382324219,234.47329711914062,274.7304382324219,234.47329711914062
35,2026-08-07T21:26:56.443,4,4,0,100.0,0.0,287.4750061035156,229.349853515625,287.4750061035156,229.349853515625
35,2026-08-07T21:26:56.443,5,5,0,125.0,0.0,300.5834655761719,225.0772247314453,300.5834655761719,225.0772247314453
35,2026-08-07T21:26:56.443,6,0,1,0.0,25.0,239.17124938964844,257.6289978027344,239.17124938964844,257.6289978027344
35,2026-08-07T21:26:56.443,7,1,1,25.0,25.0,254.32823181152344,251.9376983642578,254.32823181152344,251.9376983642578
35,2026-08-07T21:26:56.443,8,2,1,50.0,25.0,268.9483337402344,246.52076721191406,268.9483337402344,246.52076721191406
35,2026-08-07T21:26:56.443,9,3,1,75.0,25.0,282.7494201660156,241.580810546875,282.7494201660156,241.580810546875
35,2026-08-07T21:26:56.443,10,4,1,100.0,25.0,295.9609069824219,236.67164611816406,295.9609069824219,236.67164611816406
35,2026-08-07T21:26:56.443,11,5,1,125.0,25.0,309.16278076171875,231.69602966308594,309.16278076171875,231.69602966308594
35,2026-08-07T21:26:56.443,12,0,2,0.0,50.0,246.84130859375,266.3525390625,246.84130859375,266.3525390625
35,2026-08-07T21:26:56.443,13,1,2,25.0,50.0,262.1844482421875,260.2831726074219,262.1844482421875,260.2831726074219
35,2026-08-07T21:26:56.443,14,2,2,50.0,50.0,276.95159912109375,254.51351928710938,276.95159912109375,254.51351928710938
35,2026-08-07T21:26:56.443,15,3,2,75.0,50.0,291.0567932128906,249.05308532714844,291.0567932128906,249.05308532714844
35,2026-08-07T21:26:56.443,16,4,2,100.0,50.0,304.5935974121094,243.97439575195312,304.5935974121094,243.97439575195312
35,2026-08-07T21:26:56.443,17,5,2,125.0,50.0,317.5957946777344,238.669677734375,317.5957946777344,238.669677734375
35,2026-08-07T21:26:56.443,18,0,3,0.0,75.0,254.89129638671875,275.447021484375,254.89129638671875,275.447021484375
35,2026-08-07T21:26:56.443,19,1,3,25.0,75.0,270.4781494140625,268.8833923339844,270.4781494140625,268.8833923339844
35,2026-08-07T21:26:56.443,20,2,3,50.0,75.0,285.5683288574219,262.8229675292969,285.5683288574219,262.8229675292969
35,2026-08-07T21:26:56.443,21,3,3,75.0,75.0,299.95269775390625,257.1246337890625,299.95269775390625,257.1246337890625
35,2026-08-07T21:26:56.443,22,4,3,100.0,75.0,313.5738830566406,251.5852508544922,313.5738830566406,251.5852508544922
35,2026-08-07T21:26:56.443,23,5,3,125.0,75.0,327.1009826660156,245.87701416015625,327.1009826660156,245.87701416015625
35,2026-08-07T21:26:56.443,24,0,4,0.0,100.0,263.60540771484375,285.3753662109375,263.60540771484375,285.3753662109375
35,2026-08-07T21:26:56.443,25,1,4,25.0,100.0,279.4697570800781,278.3532409667969,279.4697570800781,278.3532409667969
35,2026-08-07T21:26:56.443,26,2,4,50.0,100.0,294.809326171875,271.8950500488281,294.809326171875,271.8950500488281
35,2026-08-07T21:26:56.443,27,3,4,75.0,100.0,309.4454345703125,265.7658996582031,309.4454345703125,265.7658996582031
35,2026-08-07T21:26:56.443,28,4,4,100.0,100.0,323.2615051269531,259.6981506347656,323.2615051269531,259.6981506347656
35,2026-08-07T21:26:56.443,29,5,4,125.0,100.0,336.5107421875,253.45367431640625,336.5107421875,253.45367431640625
35,2026-08-07T21:26:56.443,30,0,5,0.0,125.0,272.91748046875,295.7948913574219,272.91748046875,295.7948913574219
35,2026-08-07T21:26:56.443,31,1,5,25.0,125.0,289.0064392089844,288.4963684082031,289.0064392089844,288.4963684082031
35,2026-08-07T21:26:56.443,32,2,5,50.0,125.0,304.7334899902344,281.6221618652344,304.7334899902344,281.6221618652344
35,2026-08-07T21:26:56.443,33,3,5,75.0,125.0,319.42401123046875,274.8641357421875,319.42401123046875,274.8641357421875
35,2026-08-07T21:26:56.443,34,4,5,100.0,125.0,333.4102783203125,268.2903137207031,333.4102783203125,268.2903137207031
35,2026-08-07T21:26:56.443,35,5,5,125.0,125.0,347.1962890625,261.6918640136719,347.1962890625,261.6918640136719
35,2026-08-07T21:26:56.443,36,0,6,0.0,150.0,282.6138000488281,306.5890808105469,282.6138000488281,306.5890808105469
35,2026-08-07T21:26:56.443,37,1,6,25.0,150.0,299.12188720703125,299.0206604003906,299.12188720703125,299.0206604003906
35,2026-08-07T21:26:56.443,38,2,6,50.0,150.0,315.0863952636719,291.53973388671875,315.0863952636719,291.53973388671875
35,2026-08-07T21:26:56.443,39,3,6,75.0,150.0,330.031494140625,284.4437255859375,330.031494140625,284.4437255859375
35,2026-08-07T21:26:56.443,40,4,6,100.0,150.0,344.2709045410156,277.3112487792969,344.2709045410156,277.3112487792969
35,2026-08-07T21:26:56.443,41,5,6,125.0,150.0,357.9053955078125,270.31756591796875,357.9053955078125,270.31756591796875
35,2026-08-07T21:26:56.443,42,0,7,0.0,175.0,293.22540283203125,318.220947265625,293.22540283203125,318.220947265625
35,2026-08-07T21:26:56.443,43,1,7,25.0,175.0,310.1573791503906,310.03948974609375,310.1573791503906,310.03948974609375
35,2026-08-07T21:26:56.443,44,2,7,50.0,175.0,326.2818603515625,302.1712951660156,326.2818603515625,302.1712951660156
35,2026-08-07T21:26:56.443,45,3,7,75.0,175.0,341.5060119628906,294.66455078125,341.5060119628906,294.66455078125
35,2026-08-07T21:26:56.443,46,4,7,100.0,175.0,355.9489440917969,286.920654296875,355.9489440917969,286.920654296875
35,2026-08-07T21:26:56.443,47,5,7,125.0,175.0,369.93499755859375,279.615966796875,369.93499755859375,279.615966796875
36,2026-08-07T21:26:56.464,0,0,0,0.0,0.0,231.8115997314453,249.42398071289062,231.8115997314453,249.42398071289062
36,2026-08-07T21:26:56.464,1,1,0,25.0,0.0,246.7080841064453,244.06460571289062,246.7080841064453,244.06460571289062
36,2026-08-07T21:26:56.464,2,2,0,50.0,0.0,260.8114929199219,238.8270263671875,260.8114929199219,238.8270263671875
36,2026-08-07T21:26:56.464,3,3,0,75.0,0.0,274.71685791015625,234.4932861328125,274.71685791015625,234.4932861328125
36,2026-08-07T21:26:56.464,4,4,0,100.0,0.0,287.48931884765625,229.3426971435547,287.48931884765625,229.3426971435547
36,2026-08-07T21:26:56.464,5,5,0,125.0,0.0,300.5623779296875,225.0617218017578,300.5623779296875,225.0617218017578
36,2026-08-07T21:26:56.464,6,0,1,0.0,25.0,239.18148803710938,257.65716552734375,239.18148803710938,257.65716552734375
36,2026-08-07T21:26:56.464,7,1,1,25.0,25.0,254.3201141357422,251.9294891357422,254.3201141357422,251.9294891357422
36,2026-08-07T21:26:56.464,8,2,1,50.0,25.0,268.9518127441406,246.5283203125,268.9518127441406,246.5283203125
36,2026-08-07T21:26:56.464,9,3,1,75.0,25.0,282.7699279785156,241.5823516845703,282.7699279785156,241.5823516845703
36,2026-08-07T21:26:56.464,10,4,1,100.0,25.0,295.96337890625,236.665283203125,295.96337890625,236.665283203125
36,2026-08-07T21:26:56.464,11,5,1,125.0,25.0,309.1679382324219,231.7007293701172,309.1679382324219,231.7007293701172
36,2026-08-07T21:26:56.464,12,0,2,0.0,50.0,246.82264709472656,266.3692626953125,246.82264709472656,266.3692626953125
36,2026-08-07T21:26:56.464,13,1,2,25.0,50.0,262.16583251953125,260.2769470214844,262.16583251953125,260.2769470214844
36,2026-08-07T21:26:56.464,14,2,2,50.0,50.0,276.94390869140625,254.51046752929688,276.94390869140625,254.51046752929688
36,2026-08-07T21:26:56.464,15,3,2,75.0,50.0,291.0088195800781,249.0513916015625,291.0088195800781,249.0513916015625
36,2026-08-07T21:26:56.464,16,4,2,100.0,50.0,304.552001953125,243.96826171875,304.552001953125,243.96826171875
36,2026-08-07T21:26:56.464,17,5,2,125.0,50.0,317.6007080078125,238.6791229248047,317.6007080078125,238.6791229248047
36,2026-08-07T21:26:56.464,18,0,3,0.0,75.0,254.88026428222656,275.4372863769531,254.88026428222656,275.4372863769531
36,2026-08-07T21:26:56.464,19,1,3,25.0,75.0,270.495361328125,268.8664855957031,270.495361328125,268.8664855957031
36,2026-08-07T21:26:56.464,20,2,3,50.0,75.0,285.5664367675781,262.8201904296875,285.5664367675781,262.8201904296875
36,2026-08-07T21:26:56.464,21,3,3,75.0,75.0,299.9192199707031,257.1293029785156,299.9192199707031,257.1293029785156
36,2026-08-07T21:26:56.464,22,4,3,100.0,75.0,313.582275390625,251.5935516357422,313.582275390625,251.5935516357422
36,2026-08-07T21:26:56.464,23,5,3,125.0,75.0,327.0588684082031,245.87001037597656,327.0588684082031,245.87001037597656
36,2026-08-07T21:26:56.464,24,0,4,0.0,100.0,263.5851135253906,285.3888244628906,263.5851135253906,285.3888244628906
36,2026-08-07T21:26:56.464,25,1,4,25.0,100.0,279.49609375,278.35992431640625,279.49609375,278.35992431640625
36,2026-08-07T21:26:56.464,26,2,4,50.0,100.0,294.81201171875,271.88714599609375,294.81201171875,271.88714599609375
36,2026-08-07T21:26:56.464,27,3,4,75.0,100.0,309.46527099609375,265.7613830566406,309.46527099609375,265.7613830566406
36,2026-08-07T21:26:56.464,28,4,4,100.0,100.0,323.2662048339844,259.6875305175781,323.2662048339844,259.6875305175781
36,2026-08-07T21:26:56.464,29,5,4,125.0,100.0,336.5461120605469,253.4424285888672,336.5461120605469,253.4424285888672
36,2026-08-07T21:26:56.464,30,0,5,0.0,125.0,272.92474365234375,295.7823486328125,272.92474365234375,295.7823486328125
36,2026-08-07T21:26:56.464,31,1,5,25.0,125.0,288.99029541015625,288.46453857421875,288.99029541015625,288.46453857421875
36,2026-08-07T21:26:56.464,32,2,5,50.0,125.0,304.7532653808594,281.61920166015625,304.7532653808594,281.61920166015625
36,2026-08-07T21:26:56.464,33,3,5,75.0,125.0,319.4306945800781,274.8763732910156,319.4306945800781,274.8763732910156
36,2026-08-07T21:26:56.464,34,4,5,100.0,125.0,333.39874267578125,268.27850341796875,333.39874267578125,268.27850341796875
36,2026-08-07T21:26:56.464,35,5,5,125.0,125.0,347.1930236816406,261.6881408691406,347.1930236816406,261.6881408691406
36,2026-08-07T21:26:56.464,36,0,6,0.0,150.0,282.6160888671875,306.57818603515625,282.6160888671875,306.57818603515625
36,2026-08-07T21:26:56.464,37,1,6,25.0,150.0,299.1419677734375,299.0102844238281,299.1419677734375,299.0102844238281
36,2026-08-07T21:26:56.464,38,2,6,50.0,150.0,315.0816345214844,291.5389099121094,315.0816345214844,291.5389099121094
36,2026-08-07T21:26:56.464,39,3,6,75.0,150.0,330.001220703125,284.45062255859375,330.001220703125,284.45062255859375
36,2026-08-07T21:26:56.464,40,4,6,100.0,150.0,344.26763916015625,277.3114929199219,344.26763916015625,277.3114929199219
36,2026-08-07T21:26:56.464,41,5,6,125.0,150.0,357.8996887207031,270.3211669921875,357.8996887207031,270.3211669921875
36,2026-08-07T21:26:56.464,42,0,7,0.0,175.0,293.2162170410156,318.2274169921875,293.2162170410156,318.2274169921875
36,2026-08-07T21:26:56.464,43,1,7,25.0,175.0,310.16046142578125,310.03753662109375,310.16046142578125,310.03753662109375
36,2026-08-07T21:26:56.464,44,2,7,50.0,175.0,326.2809753417969,302.1651306152344,326.2809753417969,302.1651306152344
36,2026-08-07T21:26:56.464,45,3,7,75.0,175.0,341.5060119628906,294.6631774902344,341.5060119628906,294.6631774902344
36,2026-08-07T21:26:56.464,46,4,7,100.0,175.0,355.9654541015625,286.9235534667969,355.9654541015625,286.9235534667969
36,2026-08-07T21:26:56.464,47,5,7,125.0,175.0,369.9245910644531,279.6208190917969,369.9245910644531,279.6208190917969
37,2026-08-07T21:26:56.486,0,0,0,0.0,0.0,231.8115997314453,249.42398071289062,231.8115997314453,249.42398071289062
37,2026-08-07T21:26:56.486,1,1,0,25.0,0.0,246.7080841064453,244.06460571289062,246.7080841064453,244.06460571289062
37,2026-08-07T21:26:56.486,2,2,0,50.0,0.0,260.8114929199219,238.8270263671875,260.8114929199219,238.8270263671875
37,2026-08-07T21:26:56.486,3,3,0,75.0,0.0,274.71685791015625,234.4932861328125,274.71685791015625,234.4932861328125
37,2026-08-07T21:26:56.486,4,4,0,100.0,0.0,287.48931884765625,229.3426971435547,287.48931884765625,229.3426971435547
37,2026-08-07T21:26:56.486,5,5,0,125.0,0.0,300.5623779296875,225.0617218017578,300.5623779296875,225.0617218017578
37,2026-08-07T21:26:56.486,6,0,1,0.0,25.0,239.18148803710938,257.65716552734375,239.18148803710938,257.65716552734375
37,2026-08-07T21:26:56.486,7,1,1,25.0,25.0,254.3201141357422,251.9294891357422,254.3201141357422,251.9294891357422
37,2026-08-07T21:26:56.486,8,2,1,50.0,25.0,268.9518127441406,246.5283203125,268.9518127441406,246.5283203125
37,2026-08-07T21:26:56.486,9,3,1,75.0,25.0,282.7699279785156,241.5823516845703,282.7699279785156,241.5823516845703
37,2026-08-07T21:26:56.486,10,4,1,100.0,25.0,295.96337890625,236.665283203125,295.96337890625,236.665283203125
37,2026-08-07T21:26:56.486,11,5,1,125.0,25.0,309.1679382324219,231.7007293701172,309.1679382324219,231.7007293701172
37,2026-08-07T21:26:56.486,12,0,2,0.0,50.0,246.82264709472656,266.3692626953125,246.82264709472656,266.3692626953125
37,2026-08-07T21:26:56.486,13,1,2,25.0,50.0,262.16583251953125,260.2769470214844,262.16583251953125,260.2769470214844
37,2026-08-07T21:26:56.486,14,2,2,50.0,50.0,276.94390869140625,254.51046752929688,276.94390869140625,254.51046752929688
37,2026-08-07T21:26:56.486,15,3,2,75.0,50.0,291.0088195800781,249.0513916015625,291.0088195800781,249.0513916015625
37,2026-08-07T21:26:56.486,16,4,2,100.0,50.0,304.552001953125,243.96826171875,304.552001953125,243.96826171875
37,2026-08-07T21:26:56.486,17,5,2,125.0,50.0,317.6007080078125,238.6791229248047,317.6007080078125,238.6791229248047
37,2026-08-07T21:26:56.486,18,0,3,0.0,75.0,254.88026428222656,275.4372863769531,254.88026428222656,275.4372863769531
37,2026-08-07T21:26:56.486,19,1,3,25.0,75.0,270.495361328125,268.8664855957031,270.495361328125,268.8664855957031
37,2026-08-07T21:26:56.486,20,2,3,50.0,75.0,285.5664367675781,262.8201904296875,285.5664367675781,262.8201904296875
37,2026-08-07T21:26:56.486,21,3,3,75.0,75.0,299.9192199707031,257.1293029785156,299.9192199707031,257.1293029785156
37,2026-08-07T21:26:56.486,22,4,3,100.0,75.0,313.582275390625,251.5935516357422,313.582275390625,251.5935516357422
37,2026-08-07T21:26:56.486,23,5,3,125.0,75.0,327.0588684082031,245.87001037597656,327.0588684082031,245.87001037597656
37,2026-08-07T21:26:56.486,24,0,4,0.0,100.0,263.5851135253906,285.3888244628906,263.5851135253906,285.3888244628906
37,2026-08-07T21:26:56.486,25,1,4,25.0,100.0,279.49609375,278.35992431640625,279.49609375,278.35992431640625
37,2026-08-07T21:26:56.486,26,2,4,50.0,100.0,294.81201171875,271.88714599609375,294.81201171875,271.88714599609375
37,2026-08-07T21:26:56.486,27,3,4,75.0,100.0,309.46527099609375,265.7613830566406,309.46527099609375,265.7613830566406
37,2026-08-07T21:26:56.486,28,4,4,100.0,100.0,323.2662048339844,259.6875305175781,323.2662048339844,259.6875305175781
37,2026-08-07T21:26:56.486,29,5,4,125.0,100.0,336.5461120605469,253.4424285888672,336.5461120605469,253.4424285888672
37,2026-08-07T21:26:56.486,30,0,5,0.0,125.0,272.92474365234375,295.7823486328125,272.92474365234375,295.7823486328125
37,2026-08-07T21:26:56.486,31,1,5,25.0,125.0,288.99029541015625,288.46453857421875,288.99029541015625,288.46453857421875
37,2026-08-07T21:26:56.486,32,2,5,50.0,125.0,304.7532653808594,281.61920166015625,304.7532653808594,281.61920166015625
37,2026-08-07T21:26:56.486,33,3,5,75.0,125.0,319.4306945800781,274.8763732910156,319.4306945800781,274.8763732910156
37,2026-08-07T21:26:56.486,34,4,5,100.0,125.0,333.39874267578125,268.27850341796875,333.39874267578125,268.27850341796875
37,2026-08-07T21:26:56.486,35,5,5,125.0,125.0,347.1930236816406,261.6881408691406,347.1930236816406,261.6881408691406
37,2026-08-07T21:26:56.486,36,0,6,0.0,150.0,282.6160888671875,306.57818603515625,282.6160888671875,306.57818603515625
37,2026-08-07T21:26:56.486,37,1,6,25.0,150.0,299.1419677734375,299.0102844238281,299.1419677734375,299.0102844238281
37,2026-08-07T21:26:56.486,38,2,6,50.0,150.0,315.0816345214844,291.5389099121094,315.0816345214844,291.5389099121094
37,2026-08-07T21:26:56.486,39,3,6,75.0,150.0,330.001220703125,284.45062255859375,330.001220703125,284.45062255859375
37,2026-08-07T21:26:56.486,40,4,6,100.0,150.0,344.26763916015625,277.3114929199219,344.26763916015625,277.3114929199219
37,2026-08-07T21:26:56.486,41,5,6,125.0,150.0,357.8996887207031,270.3211669921875,357.8996887207031,270.3211669921875
37,2026-08-07T21:26:56.486,42,0,7,0.0,175.0,293.2162170410156,318.2274169921875,293.2162170410156,318.2274169921875
37,2026-08-07T21:26:56.486,43,1,7,25.0,175.0,310.16046142578125,310.03753662109375,310.16046142578125,310.03753662109375
37,2026-08-07T21:26:56.486,44,2,7,50.0,175.0,326.2809753417969,302.1651306152344,326.2809753417969,302.1651306152344
37,2026-08-07T21:26:56.486,45,3,7,75.0,175.0,341.5060119628906,294.6631774902344,341.5060119628906,294.6631774902344
37,2026-08-07T21:26:56.486,46,4,7,100.0,175.0,355.9654541015625,286.9235534667969,355.9654541015625,286.9235534667969
37,2026-08-07T21:26:56.486,47,5,7,125.0,175.0,369.9245910644531,279.6208190917969,369.9245910644531,279.6208190917969
38,2026-08-07T21:26:56.510,0,0,0,0.0,0.0,231.79995727539062,249.4254150390625,231.79995727539062,249.4254150390625
38,2026-08-07T21:26:56.510,1,1,0,25.0,0.0,246.72877502441406,244.06271362304688,246.72877502441406,244.06271362304688
38,2026-08-07T21:26:56.510,2,2,0,50.0,0.0,260.85699462890625,238.81655883789062,260.85699462890625,238.81655883789062
38,2026-08-07T21:26:56.510,3,3,0,75.0,0.0,274.7088317871094,234.4810028076172,274.7088317871094,234.4810028076172
38,2026-08-07T21:26:56.510,4,4,0,100.0,0.0,287.4875183105469,229.3460235595703,287.4875183105469,229.3460235595703
38,2026-08-07T21:26:56.510,5,5,0,125.0,0.0,300.5674743652344,225.05690002441406,300.5674743652344,225.05690002441406
38,2026-08-07T21:26:56.510,6,0,1,0.0,25.0,239.15089416503906,257.6477966308594,239.15089416503906,257.6477966308594
38,2026-08-07T21:26:56.510,7,1,1,25.0,25.0,254.34674072265625,251.9325408935547,254.34674072265625,251.9325408935547
38,2026-08-07T21:26:56.510,8,2,1,50.0,25.0,268.9455871582031,246.53318786621094,268.9455871582031,246.53318786621094
38,2026-08-07T21:26:56.510,9,3,1,75.0,25.0,282.77520751953125,241.58509826660156,282.77520751953125,241.58509826660156
38,2026-08-07T21:26:56.510,10,4,1,100.0,25.0,295.9532470703125,236.67213439941406,295.9532470703125,236.67213439941406
38,2026-08-07T21:26:56.510,11,5,1,125.0,25.0,309.1642761230469,231.68858337402344,309.1642761230469,231.68858337402344
38,2026-08-07T21:26:56.510,12,0,2,0.0,50.0,246.84164428710938,266.3687744140625,246.84164428710938,266.3687744140625
38,2026-08-07T21:26:56.510,13,1,2,25.0,50.0,262.19659423828125,260.27569580078125,262.19659423828125,260.27569580078125
38,2026-08-07T21:26:56.510,14,2,2,50.0,50.0,276.9453430175781,254.49844360351562,276.9453430175781,254.49844360351562
38,2026-08-07T21:26:56.510,15,3,2,75.0,50.0,290.9995422363281,249.05194091796875,290.9995422363281,249.05194091796875
38,2026-08-07T21:26:56.510,16,4,2,100.0,50.0,304.6036376953125,243.9737091064453,304.6036376953125,243.9737091064453
38,2026-08-07T21:26:56.510,17,5,2,125.0,50.0,317.5866394042969,238.6763458251953,317.5866394042969,238.6763458251953
38,2026-08-07T21:26:56.510,18,0,3,0.0,75.0,254.86880493164062,275.43426513671875,254.86880493164062,275.43426513671875
38,2026-08-07T21:26:56.510,19,1,3,25.0,75.0,270.4964904785156,268.8783874511719,270.4964904785156,268.8783874511719
38,2026-08-07T21:26:56.510,20,2,3,50.0,75.0,285.5683898925781,262.8133239746094,285.5683898925781,262.8133239746094
38,2026-08-07T21:26:56.510,21,3,3,75.0,75.0,299.9475402832031,257.1327209472656,299.9475402832031,257.1327209472656
38,2026-08-07T21:26:56.510,22,4,3,100.0,75.0,313.6198425292969,251.597412109375,313.6198425292969,251.597412109375
38,2026-08-07T21:26:56.510,23,5,3,125.0,75.0,327.07159423828125,245.87745666503906,327.07159423828125,245.87745666503906
38,2026-08-07T21:26:56.510,24,0,4,0.0,100.0,263.5828857421875,285.371826171875,263.5828857421875,285.371826171875
38,2026-08-07T21:26:56.510,25,1,4,25.0,100.0,279.4980163574219,278.34735107421875,279.4980163574219,278.34735107421875
38,2026-08-07T21:26:56.510,26,2,4,50.0,100.0,294.8160095214844,271.88812255859375,294.8160095214844,271.88812255859375
38,2026-08-07T21:26:56.510,27,3,4,75.0,100.0,309.46563720703125,265.76470947265625,309.46563720703125,265.76470947265625
38,2026-08-07T21:26:56.510,28,4,4,100.0,100.0,323.26446533203125,259.6994934082031,323.26446533203125,259.6994934082031
38,2026-08-07T21:26:56.510,29,5,4,125.0,100.0,336.55511474609375,253.45303344726562,336.55511474609375,253.45303344726562
38,2026-08-07T21:26:56.510,30,0,5,0.0,125.0,272.89544677734375,295.7919006347656,272.89544677734375,295.7919006347656
38,2026-08-07T21:26:56.510,31,1,5,25.0,125.0,288.98681640625,288.47088623046875,288.98681640625,288.47088623046875
38,2026-08-07T21:26:56.510,32,2,5,50.0,125.0,304.7304992675781,281.6445007324219,304.7304992675781,281.6445007324219
38,2026-08-07T21:26:56.510,33,3,5,75.0,125.0,319.43218994140625,274.8797607421875,319.43218994140625,274.8797607421875
38,2026-08-07T21:26:56.510,34,4,5,100.0,125.0,333.3905944824219,268.2774963378906,333.3905944824219,268.2774963378906
38,2026-08-07T21:26:56.510,35,5,5,125.0,125.0,347.189697265625,261.68743896484375,347.189697265625,261.68743896484375
38,2026-08-07T21:26:56.510,36,0,6,0.0,150.0,282.61590576171875,306.58056640625,282.61590576171875,306.58056640625
38,2026-08-07T21:26:56.510,37,1,6,25.0,150.0,299.15985107421875,298.9994812011719,299.15985107421875,298.9994812011719
38,2026-08-07T21:26:56.510,38,2,6,50.0,150.0,315.09136962890625,291.52880859375,315.09136962890625,291.52880859375
38,2026-08-07T21:26:56.510,39,3,6,75.0,150.0,330.00958251953125,284.4529724121094,330.00958251953125,284.4529724121094
38,2026-08-07T21:26:56.510,40,4,6,100.0,150.0,344.29150390625,277.3084716796875,344.29150390625,277.3084716796875
38,2026-08-07T21:26:56.510,41,5,6,125.0,150.0,357.88775634765625,270.3267517089844,357.88775634765625,270.3267517089844
38,2026-08-07T21:26:56.510,42,0,7,0.0,175.0,293.2292175292969,318.22930908203125,293.2292175292969,318.22930908203125
38,2026-08-07T21:26:56.510,43,1,7,25.0,175.0,310.14697265625,310.042724609375,310.14697265625,310.042724609375
38,2026-08-07T21:26:56.510,44,2,7,50.0,175.0,326.2716979980469,302.174072265625,326.2716979980469,302.174072265625
38,2026-08-07T21:26:56.510,45,3,7,75.0,175.0,341.4931335449219,294.6070556640625,341.4931335449219,294.6070556640625
38,2026-08-07T21:26:56.510,46,4,7,100.0,175.0,355.9635009765625,286.92901611328125,355.9635009765625,286.92901611328125
38,2026-08-07T21:26:56.510,47,5,7,125.0,175.0,369.9348449707031,279.6218566894531,369.9348449707031,279.6218566894531
39,2026-08-07T21:26:56.536,0,0,0,0.0,0.0,231.79995727539062,249.4254150390625,231.79995727539062,249.4254150390625
39,2026-08-07T21:26:56.536,1,1,0,25.0,0.0,246.72877502441406,244.06271362304688,246.72877502441406,244.06271362304688
39,2026-08-07T21:26:56.536,2,2,0,50.0,0.0,260.85699462890625,238.81655883789062,260.85699462890625,238.81655883789062
39,2026-08-07T21:26:56.536,3,3,0,75.0,0.0,274.7088317871094,234.4810028076172,274.7088317871094,234.4810028076172
39,2026-08-07T21:26:56.536,4,4,0,100.0,0.0,287.4875183105469,229.3460235595703,287.4875183105469,229.3460235595703
39,2026-08-07T21:26:56.536,5,5,0,125.0,0.0,300.5674743652344,225.05690002441406,300.5674743652344,225.05690002441406
39,2026-08-07T21:26:56.536,6,0,1,0.0,25.0,239.15089416503906,257.6477966308594,239.15089416503906,257.6477966308594
39,2026-08-07T21:26:56.536,7,1,1,25.0,25.0,254.34674072265625,251.9325408935547,254.34674072265625,251.9325408935547
39,2026-08-07T21:26:56.536,8,2,1,50.0,25.0,268.9455871582031,246.53318786621094,268.9455871582031,246.53318786621094
39,2026-08-07T21:26:56.536,9,3,1,75.0,25.0,282.77520751953125,241.58509826660156,282.77520751953125,241.58509826660156
39,2026-08-07T21:26:56.536,10,4,1,100.0,25.0,295.9532470703125,236.67213439941406,295.9532470703125,236.67213439941406
39,2026-08-07T21:26:56.536,11,5,1,125.0,25.0,309.1642761230469,231.68858337402344,309.1642761230469,231.68858337402344
39,2026-08-07T21:26:56.536,12,0,2,0.0,50.0,246.84164428710938,266.3687744140625,246.84164428710938,266.3687744140625
39,2026-08-07T21:26:56.536,13,1,2,25.0,50.0,262.19659423828125,260.27569580078125,262.19659423828125,260.27569580078125
39,2026-08-07T21:26:56.536,14,2,2,50.0,50.0,276.9453430175781,254.49844360351562,276.9453430175781,254.49844360351562
39,2026-08-07T21:26:56.536,15,3,2,75.0,50.0,290.9995422363281,249.05194091796875,290.9995422363281,249.05194091796875
39,2026-08-07T21:26:56.536,16,4,2,100.0,50.0,304.6036376953125,243.9737091064453,304.6036376953125,243.9737091064453
39,2026-08-07T21:26:56.536,17,5,2,125.0,50.0,317.5866394042969,238.6763458251953,317.5866394042969,238.6763458251953
39,2026-08-07T21:26:56.536,18,0,3,0.0,75.0,254.86880493164062,275.43426513671875,254.86880493164062,275.43426513671875
39,2026-08-07T21:26:56.536,19,1,3,25.0,75.0,270.4964904785156,268.8783874511719,270.4964904785156,268.8783874511719
39,2026-08-07T21:26:56.536,20,2,3,50.0,75.0,285.5683898925781,262.8133239746094,285.5683898925781,262.8133239746094
39,2026-08-07T21:26:56.536,21,3,3,75.0,75.0,299.9475402832031,257.1327209472656,299.9475402832031,257.1327209472656
39,2026-08-07T21:26:56.536,22,4,3,100.0,75.0,313.6198425292969,251.597412109375,313.6198425292969,251.597412109375
39,2026-08-07T21:26:56.536,23,5,3,125.0,75.0,327.07159423828125,245.87745666503906,327.07159423828125,245.87745666503906
39,2026-08-07T21:26:56.536,24,0,4,0.0,100.0,263.5828857421875,285.371826171875,263.5828857421875,285.371826171875
39,2026-08-07T21:26:56.536,25,1,4,25.0,100.0,279.4980163574219,278.34735107421875,279.4980163574219,278.34735107421875
39,2026-08-07T21:26:56.536,26,2,4,50.0,100.0,294.8160095214844,271.88812255859375,294.8160095214844,271.88812255859375
39,2026-08-07T21:26:56.536,27,3,4,75.0,100.0,309.46563720703125,265.76470947265625,309.46563720703125,265.76470947265625
39,2026-08-07T21:26:56.536,28,4,4,100.0,100.0,323.26446533203125,259.6994934082031,323.26446533203125,259.6994934082031
39,2026-08-07T21:26:56.536,29,5,4,125.0,100.0,336.55511474609375,253.45303344726562,336.55511474609375,253.45303344726562
39,2026-08-07T21:26:56.536,30,0,5,0.0,125.0,272.89544677734375,295.7919006347656,272.89544677734375,295.7919006347656
39,2026-08-07T21:26:56.536,31,1,5,25.0,125.0,288.98681640625,288.47088623046875,288.98681640625,288.47088623046875
39,2026-08-07T21:26:56.536,32,2,5,50.0,125.0,304.7304992675781,281.6445007324219,304.7304992675781,281.6445007324219
39,2026-08-07T21:26:56.536,33,3,5,75.0,125.0,319.43218994140625,274.8797607421875,319.43218994140625,274.8797607421875
39,2026-08-07T21:26:56.536,34,4,5,100.0,125.0,333.3905944824219,268.2774963378906,333.3905944824219,268.2774963378906
39,2026-08-07T21:26:56.536,35,5,5,125.0,125.0,347.189697265625,261.68743896484375,347.189697265625,261.68743896484375
39,2026-08-07T21:26:56.536,36,0,6,0.0,150.0,282.61590576171875,306.58056640625,282.61590576171875,306.58056640625
39,2026-08-07T21:26:56.536,37,1,6,25.0,150.0,299.15985107421875,298.9994812011719,299.15985107421875,298.9994812011719
39,2026-08-07T21:26:56.536,38,2,6,50.0,150.0,315.09136962890625,291.52880859375,315.09136962890625,291.52880859375
39,2026-08-07T21:26:56.536,39,3,6,75.0,150.0,330.00958251953125,284.4529724121094,330.00958251953125,284.4529724121094
39,2026-08-07T21:26:56.536,40,4,6,100.0,150.0,344.29150390625,277.3084716796875,344.29150390625,277.3084716796875
39,2026-08-07T21:26:56.536,41,5,6,125.0,150.0,357.88775634765625,270.3267517089844,357.88775634765625,270.3267517089844
39,2026-08-07T21:26:56.536,42,0,7,0.0,175.0,293.2292175292969,318.22930908203125,293.2292175292969,318.22930908203125
39,2026-08-07T21:26:56.536,43,1,7,25.0,175.0,310.14697265625,310.042724609375,310.14697265625,310.042724609375
39,2026-08-07T21:26:56.536,44,2,7,50.0,175.0,326.2716979980469,302.174072265625,326.2716979980469,302.174072265625
39,2026-08-07T21:26:56.536,45,3,7,75.0,175.0,341.4931335449219,294.6070556640625,341.4931335449219,294.6070556640625
39,2026-08-07T21:26:56.536,46,4,7,100.0,175.0,355.9635009765625,286.92901611328125,355.9635009765625,286.92901611328125
39,2026-08-07T21:26:56.536,47,5,7,125.0,175.0,369.9348449707031,279.6218566894531,369.9348449707031,279.6218566894531
40,2026-08-07T21:26:56.559,0,0,0,0.0,0.0,231.81068420410156,249.42495727539062,231.81068420410156,249.42495727539062
40,2026-08-07T21:26:56.559,1,1,0,25.0,0.0,246.70578002929688,244.05303955078125,246.70578002929688,244.05303955078125
40,2026-08-07T21:26:56.559,2,2,0,50.0,0.0,260.8500671386719,238.83267211914062,260.8500671386719,238.83267211914062
40,2026-08-07T21:26:56.559,3,3,0,75.0,0.0,274.7208251953125,234.47305297851562,274.7208251953125,234.47305297851562
40,2026-08-07T21:26:56.559,4,4,0,100.0,0.0,287.5050354003906,229.40087890625,287.5050354003906,229.40087890625
40,2026-08-07T21:26:56.559,5,5,0,125.0,0.0,300.550537109375,225.0580291748047,300.550537109375,225.0580291748047
40,2026-08-07T21:26:56.559,6,0,1,0.0,25.0,239.14187622070312,257.6394348144531,239.14187622070312,257.6394348144531
40,2026-08-07T21:26:56.559,7,1,1,25.0,25.0,254.34815979003906,251.93447875976562,254.34815979003906,251.93447875976562
40,2026-08-07T21:26:56.559,8,2,1,50.0,25.0,268.9349060058594,246.51307678222656,268.9349060058594,246.51307678222656
40,2026-08-07T21:26:56.559,9,3,1,75.0,25.0,282.76171875,241.5663299560547,282.76171875,241.5663299560547
40,2026-08-07T21:26:56.559,10,4,1,100.0,25.0,295.96435546875,236.67599487304688,295.96435546875,236.67599487304688
40,2026-08-07T21:26:56.559,11,5,1,125.0,25.0,309.1617431640625,231.69749450683594,309.1617431640625,231.69749450683594
40,2026-08-07T21:26:56.559,12,0,2,0.0,50.0,246.86474609375,266.3616638183594,246.86474609375,266.3616638183594
40,2026-08-07T21:26:56.559,13,1,2,25.0,50.0,262.1634826660156,260.2803955078125,262.1634826660156,260.2803955078125
40,2026-08-07T21:26:56.559,14,2,2,50.0,50.0,276.9847106933594,254.50819396972656,276.9847106933594,254.50819396972656
40,2026-08-07T21:26:56.559,15,3,2,75.0,50.0,291.0065612792969,249.05502319335938,291.0065612792969,249.05502319335938
40,2026-08-07T21:26:56.559,16,4,2,100.0,50.0,304.57275390625,243.97256469726562,304.57275390625,243.97256469726562
40,2026-08-07T21:26:56.559,17,5,2,125.0,50.0,317.6146545410156,238.66465759277344,317.6146545410156,238.66465759277344
40,2026-08-07T21:26:56.559,18,0,3,0.0,75.0,254.8759765625,275.4302673339844,254.8759765625,275.4302673339844
40,2026-08-07T21:26:56.559,19,1,3,25.0,75.0,270.5036926269531,268.89154052734375,270.5036926269531,268.89154052734375
40,2026-08-07T21:26:56.559,20,2,3,50.0,75.0,285.57379150390625,262.8169860839844,285.57379150390625,262.8169860839844
40,2026-08-07T21:26:56.559,21,3,3,75.0,75.0,299.9566650390625,257.1246337890625,299.9566650390625,257.1246337890625
40,2026-08-07T21:26:56.559,22,4,3,100.0,75.0,313.60980224609375,251.59815979003906,313.60980224609375,251.59815979003906
40,2026-08-07T21:26:56.559,23,5,3,125.0,75.0,327.05755615234375,245.8729248046875,327.05755615234375,245.8729248046875
40,2026-08-07T21:26:56.559,24,0,4,0.0,100.0,263.593994140625,285.3815002441406,263.593994140625,285.3815002441406
40,2026-08-07T21:26:56.559,25,1,4,25.0,100.0,279.4922180175781,278.3603515625,279.4922180175781,278.3603515625
40,2026-08-07T21:26:56.559,26,2,4,50.0,100.0,294.7994079589844,271.8837890625,294.7994079589844,271.8837890625
40,2026-08-07T21:26:56.559,27,3,4,75.0,100.0,309.44964599609375,265.7847595214844,309.44964599609375,265.7847595214844
40,2026-08-07T21:26:56.559,28,4,4,100.0,100.0,323.2715148925781,259.69927978515625,323.2715148925781,259.69927978515625
40,2026-08-07T21:26:56.559,29,5,4,125.0,100.0,336.5535888671875,253.4586944580078,336.5535888671875,253.4586944580078
40,2026-08-07T21:26:56.559,30,0,5,0.0,125.0,272.9086608886719,295.7777099609375,272.9086608886719,295.7777099609375
40,2026-08-07T21:26:56.559,31,1,5,25.0,125.0,288.97027587890625,288.4797058105469,288.97027587890625,288.4797058105469
40,2026-08-07T21:26:56.559,32,2,5,50.0,125.0,304.7571105957031,281.6338806152344,304.7571105957031,281.6338806152344
40,2026-08-07T21:26:56.559,33,3,5,75.0,125.0,319.43951416015625,274.88848876953125,319.43951416015625,274.88848876953125
40,2026-08-07T21:26:56.559,34,4,5,100.0,125.0,333.387451171875,268.2850341796875,333.387451171875,268.2850341796875
40,2026-08-07T21:26:56.559,35,5,5,125.0,125.0,347.192138671875,261.6883850097656,347.192138671875,261.6883850097656
40,2026-08-07T21:26:56.559,36,0,6,0.0,150.0,282.62249755859375,306.56396484375,282.62249755859375,306.56396484375
40,2026-08-07T21:26:56.559,37,1,6,25.0,150.0,299.1545104980469,298.9996337890625,299.1545104980469,298.9996337890625
40,2026-08-07T21:26:56.559,38,2,6,50.0,150.0,315.0844421386719,291.5362243652344,315.0844421386719,291.5362243652344
40,2026-08-07T21:26:56.559,39,3,6,75.0,150.0,329.98126220703125,284.4212341308594,329.98126220703125,284.4212341308594
40,2026-08-07T21:26:56.559,40,4,6,100.0,150.0,344.3063659667969,277.3032531738281,344.3063659667969,277.3032531738281
40,2026-08-07T21:26:56.559,41,5,6,125.0,150.0,357.9020690917969,270.31695556640625,357.9020690917969,270.31695556640625
40,2026-08-07T21:26:56.559,42,0,7,0.0,175.0,293.2302551269531,318.2231750488281,293.2302551269531,318.2231750488281
40,2026-08-07T21:26:56.559,43,1,7,25.0,175.0,310.1443786621094,310.0342712402344,310.1443786621094,310.0342712402344
40,2026-08-07T21:26:56.559,44,2,7,50.0,175.0,326.28009033203125,302.17388916015625,326.28009033203125,302.17388916015625
40,2026-08-07T21:26:56.559,45,3,7,75.0,175.0,341.50018310546875,294.6596374511719,341.50018310546875,294.6596374511719
40,2026-08-07T21:26:56.559,46,4,7,100.0,175.0,355.966552734375,286.9193420410156,355.966552734375,286.9193420410156
40,2026-08-07T21:26:56.559,47,5,7,125.0,175.0,369.9093933105469,279.6209411621094,369.9093933105469,279.6209411621094
41,2026-08-07T21:26:56.582,0,0,0,0.0,0.0,231.81068420410156,249.42495727539062,231.81068420410156,249.42495727539062
41,2026-08-07T21:26:56.582,1,1,0,25.0,0.0,246.70578002929688,244.05303955078125,246.70578002929688,244.05303955078125
41,2026-08-07T21:26:56.582,2,2,0,50.0,0.0,260.8500671386719,238.83267211914062,260.8500671386719,238.83267211914062
41,2026-08-07T21:26:56.582,3,3,0,75.0,0.0,274.7208251953125,234.47305297851562,274.7208251953125,234.47305297851562
41,2026-08-07T21:26:56.582,4,4,0,100.0,0.0,287.5050354003906,229.40087890625,287.5050354003906,229.40087890625
41,2026-08-07T21:26:56.582,5,5,0,125.0,0.0,300.550537109375,225.0580291748047,300.550537109375,225.0580291748047
41,2026-08-07T21:26:56.582,6,0,1,0.0,25.0,239.14187622070312,257.6394348144531,239.14187622070312,257.6394348144531
41,2026-08-07T21:26:56.582,7,1,1,25.0,25.0,254.34815979003906,251.93447875976562,254.34815979003906,251.93447875976562
41,2026-08-07T21:26:56.582,8,2,1,50.0,25.0,268.9349060058594,246.51307678222656,268.9349060058594,246.51307678222656
41,2026-08-07T21:26:56.582,9,3,1,75.0,25.0,282.76171875,241.5663299560547,282.76171875,241.5663299560547
41,2026-08-07T21:26:56.582,10,4,1,100.0,25.0,295.96435546875,236.67599487304688,295.96435546875,236.67599487304688
41,2026-08-07T21:26:56.582,11,5,1,125.0,25.0,309.1617431640625,231.69749450683594,309.1617431640625,231.69749450683594
41,2026-08-07T21:26:56.582,12,0,2,0.0,50.0,246.86474609375,266.3616638183594,246.86474609375,266.3616638183594
41,2026-08-07T21:26:56.582,13,1,2,25.0,50.0,262.1634826660156,260.2803955078125,262.1634826660156,260.2803955078125
41,2026-08-07T21:26:56.582,14,2,2,50.0,50.0,276.9847106933594,254.50819396972656,276.9847106933594,254.50819396972656
41,2026-08-07T21:26:56.582,15,3,2,75.0,50.0,291.0065612792969,249.05502319335938,291.0065612792969,249.05502319335938
41,2026-08-07T21:26:56.582,16,4,2,100.0,50.0,304.57275390625,243.97256469726562,304.57275390625,243.97256469726562
41,2026-08-07T21:26:56.582,17,5,2,125.0,50.0,317.6146545410156,238.66465759277344,317.6146545410156,238.66465759277344
41,2026-08-07T21:26:56.582,18,0,3,0.0,75.0,254.8759765625,275.4302673339844,254.8759765625,275.4302673339844
41,2026-08-07T21:26:56.582,19,1,3,25.0,75.0,270.5036926269531,268.89154052734375,270.5036926269531,268.89154052734375
41,2026-08-07T21:26:56.582,20,2,3,50.0,75.0,285.57379150390625,262.8169860839844,285.57379150390625,262.8169860839844
41,2026-08-07T21:26:56.582,21,3,3,75.0,75.0,299.9566650390625,257.1246337890625,299.9566650390625,257.1246337890625
41,2026-08-07T21:26:56.582,22,4,3,100.0,75.0,313.60980224609375,251.59815979003906,313.60980224609375,251.59815979003906
41,2026-08-07T21:26:56.582,23,5,3,125.0,75.0,327.05755615234375,245.8729248046875,327.05755615234375,245.8729248046875
41,2026-08-07T21:26:56.582,24,0,4,0.0,100.0,263.593994140625,285.3815002441406,263.593994140625,285.3815002441406
41,2026-08-07T21:26:56.582,25,1,4,25.0,100.0,279.4922180175781,278.3603515625,279.4922180175781,278.3603515625
41,2026-08-07T21:26:56.582,26,2,4,50.0,100.0,294.7994079589844,271.8837890625,294.7994079589844,271.8837890625
41,2026-08-07T21:26:56.582,27,3,4,75.0,100.0,309.44964599609375,265.7847595214844,309.44964599609375,265.7847595214844
41,2026-08-07T21:26:56.582,28,4,4,100.0,100.0,323.2715148925781,259.69927978515625,323.2715148925781,259.69927978515625
41,2026-08-07T21:26:56.582,29,5,4,125.0,100.0,336.5535888671875,253.4586944580078,336.5535888671875,253.4586944580078
41,2026-08-07T21:26:56.582,30,0,5,0.0,125.0,272.9086608886719,295.7777099609375,272.9086608886719,295.7777099609375
41,2026-08-07T21:26:56.582,31,1,5,25.0,125.0,288.97027587890625,288.4797058105469,288.97027587890625,288.4797058105469
41,2026-08-07T21:26:56.582,32,2,5,50.0,125.0,304.7571105957031,281.6338806152344,304.7571105957031,281.6338806152344
41,2026-08-07T21:26:56.582,33,3,5,75.0,125.0,319.43951416015625,274.88848876953125,319.43951416015625,274.88848876953125
41,2026-08-07T21:26:56.582,34,4,5,100.0,125.0,333.387451171875,268.2850341796875,333.387451171875,268.2850341796875
41,2026-08-07T21:26:56.582,35,5,5,125.0,125.0,347.192138671875,261.6883850097656,347.192138671875,261.6883850097656
41,2026-08-07T21:26:56.582,36,0,6,0.0,150.0,282.62249755859375,306.56396484375,282.62249755859375,306.56396484375
41,2026-08-07T21:26:56.582,37,1,6,25.0,150.0,299.1545104980469,298.9996337890625,299.1545104980469,298.9996337890625
41,2026-08-07T21:26:56.582,38,2,6,50.0,150.0,315.0844421386719,291.5362243652344,315.0844421386719,291.5362243652344
41,2026-08-07T21:26:56.582,39,3,6,75.0,150.0,329.98126220703125,284.4212341308594,329.98126220703125,284.4212341308594
41,2026-08-07T21:26:56.582,40,4,6,100.0,150.0,344.3063659667969,277.3032531738281,344.3063659667969,277.3032531738281
41,2026-08-07T21:26:56.582,41,5,6,125.0,150.0,357.9020690917969,270.31695556640625,357.9020690917969,270.31695556640625
41,2026-08-07T21:26:56.582,42,0,7,0.0,175.0,293.2302551269531,318.2231750488281,293.2302551269531,318.2231750488281
41,2026-08-07T21:26:56.582,43,1,7,25.0,175.0,310.1443786621094,310.0342712402344,310.1443786621094,310.0342712402344
41,2026-08-07T21:26:56.582,44,2,7,50.0,175.0,326.28009033203125,302.17388916015625,326.28009033203125,302.17388916015625
41,2026-08-07T21:26:56.582,45,3,7,75.0,175.0,341.50018310546875,294.6596374511719,341.50018310546875,294.6596374511719
41,2026-08-07T21:26:56.582,46,4,7,100.0,175.0,355.966552734375,286.9193420410156,355.966552734375,286.9193420410156
41,2026-08-07T21:26:56.582,47,5,7,125.0,175.0,369.9093933105469,279.6209411621094,369.9093933105469,279.6209411621094
42,2026-08-07T21:26:56.609,0,0,0,0.0,0.0,231.7793426513672,249.42320251464844,231.7793426513672,249.42320251464844
42,2026-08-07T21:26:56.609,1,1,0,25.0,0.0,246.7129364013672,244.05557250976562,246.7129364013672,244.05557250976562
42,2026-08-07T21:26:56.609,2,2,0,50.0,0.0,260.87054443359375,238.82984924316406,260.87054443359375,238.82984924316406
42,2026-08-07T21:26:56.609,3,3,0,75.0,0.0,274.72265625,234.45779418945312,274.72265625,234.45779418945312
42,2026-08-07T21:26:56.609,4,4,0,100.0,0.0,287.5256042480469,229.40142822265625,287.5256042480469,229.40142822265625
42,2026-08-07T21:26:56.609,5,5,0,125.0,0.0,300.56634521484375,225.05982971191406,300.56634521484375,225.05982971191406
42,2026-08-07T21:26:56.609,6,0,1,0.0,25.0,239.154296875,257.635009765625,239.154296875,257.635009765625
42,2026-08-07T21:26:56.609,7,1,1,25.0,25.0,254.3340606689453,251.93910217285156,254.3340606689453,251.93910217285156
42,2026-08-07T21:26:56.609,8,2,1,50.0,25.0,268.9120178222656,246.51683044433594,268.9120178222656,246.51683044433594
42,2026-08-07T21:26:56.609,9,3,1,75.0,25.0,282.7618408203125,241.578125,282.7618408203125,241.578125
42,2026-08-07T21:26:56.609,10,4,1,100.0,25.0,295.9770812988281,236.66160583496094,295.9770812988281,236.66160583496094
42,2026-08-07T21:26:56.609,11,5,1,125.0,25.0,309.18878173828125,231.69456481933594,309.18878173828125,231.69456481933594
42,2026-08-07T21:26:56.609,12,0,2,0.0,50.0,246.86097717285156,266.3511962890625,246.86097717285156,266.3511962890625
42,2026-08-07T21:26:56.609,13,1,2,25.0,50.0,262.1665954589844,260.2782287597656,262.1665954589844,260.2782287597656
42,2026-08-07T21:26:56.609,14,2,2,50.0,50.0,276.93231201171875,254.51060485839844,276.93231201171875,254.51060485839844
42,2026-08-07T21:26:56.609,15,3,2,75.0,50.0,291.0291442871094,249.04251098632812,291.0291442871094,249.04251098632812
42,2026-08-07T21:26:56.609,16,4,2,100.0,50.0,304.5854187011719,243.96469116210938,304.5854187011719,243.96469116210938
42,2026-08-07T21:26:56.609,17,5,2,125.0,50.0,317.5899658203125,238.67564392089844,317.5899658203125,238.67564392089844
42,2026-08-07T21:26:56.609,18,0,3,0.0,75.0,254.88037109375,275.43695068359375,254.88037109375,275.43695068359375
42,2026-08-07T21:26:56.609,19,1,3,25.0,75.0,270.4954833984375,268.8756408691406,270.4954833984375,268.8756408691406
42,2026-08-07T21:26:56.609,20,2,3,50.0,75.0,285.56640625,262.82373046875,285.56640625,262.82373046875
42,2026-08-07T21:26:56.609,21,3,3,75.0,75.0,299.957275390625,257.13604736328125,299.957275390625,257.13604736328125
42,2026-08-07T21:26:56.609,22,4,3,100.0,75.0,313.58612060546875,251.5841064453125,313.58612060546875,251.5841064453125
42,2026-08-07T21:26:56.609,23,5,3,125.0,75.0,327.03741455078125,245.8588409423828,327.03741455078125,245.8588409423828
42,2026-08-07T21:26:56.609,24,0,4,0.0,100.0,263.61126708984375,285.38226318359375,263.61126708984375,285.38226318359375
42,2026-08-07T21:26:56.609,25,1,4,25.0,100.0,279.514892578125,278.3789978027344,279.514892578125,278.3789978027344
42,2026-08-07T21:26:56.609,26,2,4,50.0,100.0,294.8172302246094,271.8858337402344,294.8172302246094,271.8858337402344
42,2026-08-07T21:26:56.609,27,3,4,75.0,100.0,309.4573669433594,265.7761535644531,309.4573669433594,265.7761535644531
42,2026-08-07T21:26:56.609,28,4,4,100.0,100.0,323.2498474121094,259.69000244140625,323.2498474121094,259.69000244140625
42,2026-08-07T21:26:56.609,29,5,4,125.0,100.0,336.5546569824219,253.4536590576172,336.5546569824219,253.4536590576172
42,2026-08-07T21:26:56.609,30,0,5,0.0,125.0,272.8721008300781,295.7885437011719,272.8721008300781,295.7885437011719
42,2026-08-07T21:26:56.609,31,1,5,25.0,125.0,289.00128173828125,288.4677429199219,289.00128173828125,288.4677429199219
42,2026-08-07T21:26:56.609,32,2,5,50.0,125.0,304.7439880371094,281.6212158203125,304.7439880371094,281.6212158203125
42,2026-08-07T21:26:56.609,33,3,5,75.0,125.0,319.4382019042969,274.8787536621094,319.4382019042969,274.8787536621094
42,2026-08-07T21:26:56.609,34,4,5,100.0,125.0,333.3970947265625,268.28271484375,333.3970947265625,268.28271484375
42,2026-08-07T21:26:56.609,35,5,5,125.0,125.0,347.1950988769531,261.69256591796875,347.1950988769531,261.69256591796875
42,2026-08-07T21:26:56.609,36,0,6,0.0,150.0,282.63140869140625,306.5860900878906,282.63140869140625,306.5860900878906
42,2026-08-07T21:26:56.609,37,1,6,25.0,150.0,299.1498107910156,299.0062561035156,299.1498107910156,299.0062561035156
42,2026-08-07T21:26:56.609,38,2,6,50.0,150.0,315.1023864746094,291.5357971191406,315.1023864746094,291.5357971191406
42,2026-08-07T21:26:56.609,39,3,6,75.0,150.0,330.00518798828125,284.4330139160156,330.00518798828125,284.4330139160156
42,2026-08-07T21:26:56.609,40,4,6,100.0,150.0,344.26629638671875,277.3101501464844,344.26629638671875,277.3101501464844
42,2026-08-07T21:26:56.609,41,5,6,125.0,150.0,357.92327880859375,270.3233337402344,357.92327880859375,270.3233337402344
42,2026-08-07T21:26:56.609,42,0,7,0.0,175.0,293.22735595703125,318.224365234375,293.22735595703125,318.224365234375
42,2026-08-07T21:26:56.609,43,1,7,25.0,175.0,310.1707763671875,310.0424499511719,310.1707763671875,310.0424499511719
42,2026-08-07T21:26:56.609,44,2,7,50.0,175.0,326.25323486328125,302.16473388671875,326.25323486328125,302.16473388671875
42,2026-08-07T21:26:56.609,45,3,7,75.0,175.0,341.5232849121094,294.6593933105469,341.5232849121094,294.6593933105469
42,2026-08-07T21:26:56.609,46,4,7,100.0,175.0,355.9515686035156,286.9271545410156,355.9515686035156,286.9271545410156
42,2026-08-07T21:26:56.609,47,5,7,125.0,175.0,369.9407653808594,279.62353515625,369.9407653808594,279.62353515625
43,2026-08-07T21:26:56.630,0,0,0,0.0,0.0,231.7793426513672,249.42320251464844,231.7793426513672,249.42320251464844
43,2026-08-07T21:26:56.630,1,1,0,25.0,0.0,246.7129364013672,244.05557250976562,246.7129364013672,244.05557250976562
43,2026-08-07T21:26:56.630,2,2,0,50.0,0.0,260.87054443359375,238.82984924316406,260.87054443359375,238.82984924316406
43,2026-08-07T21:26:56.630,3,3,0,75.0,0.0,274.72265625,234.45779418945312,274.72265625,234.45779418945312
43,2026-08-07T21:26:56.630,4,4,0,100.0,0.0,287.5256042480469,229.40142822265625,287.5256042480469,229.40142822265625
43,2026-08-07T21:26:56.630,5,5,0,125.0,0.0,300.56634521484375,225.05982971191406,300.56634521484375,225.05982971191406
43,2026-08-07T21:26:56.630,6,0,1,0.0,25.0,239.154296875,257.635009765625,239.154296875,257.635009765625
43,2026-08-07T21:26:56.630,7,1,1,25.0,25.0,254.3340606689453,251.93910217285156,254.3340606689453,251.93910217285156
43,2026-08-07T21:26:56.630,8,2,1,50.0,25.0,268.9120178222656,246.51683044433594,268.9120178222656,246.51683044433594
43,2026-08-07T21:26:56.630,9,3,1,75.0,25.0,282.7618408203125,241.578125,282.7618408203125,241.578125
43,2026-08-07T21:26:56.630,10,4,1,100.0,25.0,295.9770812988281,236.66160583496094,295.9770812988281,236.66160583496094
43,2026-08-07T21:26:56.630,11,5,1,125.0,25.0,309.18878173828125,231.69456481933594,309.18878173828125,231.69456481933594
43,2026-08-07T21:26:56.630,12,0,2,0.0,50.0,246.86097717285156,266.3511962890625,246.86097717285156,266.3511962890625
43,2026-08-07T21:26:56.630,13,1,2,25.0,50.0,262.1665954589844,260.2782287597656,262.1665954589844,260.2782287597656
43,2026-08-07T21:26:56.630,14,2,2,50.0,50.0,276.93231201171875,254.51060485839844,276.93231201171875,254.51060485839844
43,2026-08-07T21:26:56.630,15,3,2,75.0,50.0,291.0291442871094,249.04251098632812,291.0291442871094,249.04251098632812
43,2026-08-07T21:26:56.630,16,4,2,100.0,50.0,304.5854187011719,243.96469116210938,304.5854187011719,243.96469116210938
43,2026-08-07T21:26:56.630,17,5,2,125.0,50.0,317.5899658203125,238.67564392089844,317.5899658203125,238.67564392089844
43,2026-08-07T21:26:56.630,18,0,3,0.0,75.0,254.88037109375,275.43695068359375,254.88037109375,275.43695068359375
43,2026-08-07T21:26:56.630,19,1,3,25.0,75.0,270.4954833984375,268.8756408691406,270.4954833984375,268.8756408691406
43,2026-08-07T21:26:56.630,20,2,3,50.0,75.0,285.56640625,262.82373046875,285.56640625,262.82373046875
43,2026-08-07T21:26:56.630,21,3,3,75.0,75.0,299.957275390625,257.13604736328125,299.957275390625,257.13604736328125
43,2026-08-07T21:26:56.630,22,4,3,100.0,75.0,313.58612060546875,251.5841064453125,313.58612060546875,251.5841064453125
43,2026-08-07T21:26:56.630,23,5,3,125.0,75.0,327.03741455078125,245.8588409423828,327.03741455078125,245.8588409423828
43,2026-08-07T21:26:56.630,24,0,4,0.0,100.0,263.61126708984375,285.38226318359375,263.61126708984375,285.38226318359375
43,2026-08-07T21:26:56.630,25,1,4,25.0,100.0,279.514892578125,278.3789978027344,279.514892578125,278.3789978027344
43,2026-08-07T21:26:56.630,26,2,4,50.0,100.0,294.8172302246094,271.8858337402344,294.8172302246094,271.8858337402344
43,2026-08-07T21:26:56.630,27,3,4,75.0,100.0,309.4573669433594,265.7761535644531,309.4573669433594,265.7761535644531
43,2026-08-07T21:26:56.630,28,4,4,100.0,100.0,323.2498474121094,259.69000244140625,323.2498474121094,259.69000244140625
43,2026-08-07T21:26:56.630,29,5,4,125.0,100.0,336.5546569824219,253.4536590576172,336.5546569824219,253.4536590576172
43,2026-08-07T21:26:56.630,30,0,5,0.0,125.0,272.8721008300781,295.7885437011719,272.8721008300781,295.7885437011719
43,2026-08-07T21:26:56.630,31,1,5,25.0,125.0,289.00128173828125,288.4677429199219,289.00128173828125,288.4677429199219
43,2026-08-07T21:26:56.630,32,2,5,50.0,125.0,304.7439880371094,281.6212158203125,304.7439880371094,281.6212158203125
43,2026-08-07T21:26:56.630,33,3,5,75.0,125.0,319.4382019042969,274.8787536621094,319.4382019042969,274.8787536621094
43,2026-08-07T21:26:56.630,34,4,5,100.0,125.0,333.3970947265625,268.28271484375,333.3970947265625,268.28271484375
43,2026-08-07T21:26:56.630,35,5,5,125.0,125.0,347.1950988769531,261.69256591796875,347.1950988769531,261.69256591796875
43,2026-08-07T21:26:56.630,36,0,6,0.0,150.0,282.63140869140625,306.5860900878906,282.63140869140625,306.5860900878906
43,2026-08-07T21:26:56.630,37,1,6,25.0,150.0,299.1498107910156,299.0062561035156,299.1498107910156,299.0062561035156
43,2026-08-07T21:26:56.630,38,2,6,50.0,150.0,315.1023864746094,291.5357971191406,315.1023864746094,291.5357971191406
43,2026-08-07T21:26:56.630,39,3,6,75.0,150.0,330.00518798828125,284.4330139160156,330.00518798828125,284.4330139160156
43,2026-08-07T21:26:56.630,40,4,6,100.0,150.0,344.26629638671875,277.3101501464844,344.26629638671875,277.3101501464844
43,2026-08-07T21:26:56.630,41,5,6,125.0,150.0,357.92327880859375,270.3233337402344,357.92327880859375,270.3233337402344
43,2026-08-07T21:26:56.630,42,0,7,0.0,175.0,293.22735595703125,318.224365234375,293.22735595703125,318.224365234375
43,2026-08-07T21:26:56.630,43,1,7,25.0,175.0,310.1707763671875,310.0424499511719,310.1707763671875,310.0424499511719
43,2026-08-07T21:26:56.630,44,2,7,50.0,175.0,326.25323486328125,302.16473388671875,326.25323486328125,302.16473388671875
43,2026-08-07T21:26:56.630,45,3,7,75.0,175.0,341.5232849121094,294.6593933105469,341.5232849121094,294.6593933105469
43,2026-08-07T21:26:56.630,46,4,7,100.0,175.0,355.9515686035156,286.9271545410156,355.9515686035156,286.9271545410156
43,2026-08-07T21:26:56.630,47,5,7,125.0,175.0,369.9407653808594,279.62353515625,369.9407653808594,279.62353515625
44,2026-08-07T21:26:56.663,0,0,0,0.0,0.0,231.7731475830078,249.42652893066406,231.7731475830078,249.42652893066406
44,2026-08-07T21:26:56.663,1,1,0,25.0,0.0,246.7083740234375,244.05308532714844,246.7083740234375,244.05308532714844
44,2026-08-07T21:26:56.663,2,2,0,50.0,0.0,260.814453125,238.8237762451172,260.814453125,238.8237762451172
44,2026-08-07T21:26:56.663,3,3,0,75.0,0.0,274.7235107421875,234.49197387695312,274.7235107421875,234.49197387695312
44,2026-08-07T21:26:56.663,4,4,0,100.0,0.0,287.5073547363281,229.39881896972656,287.5073547363281,229.39881896972656
44,2026-08-07T21:26:56.663,5,5,0,125.0,0.0,300.6078186035156,225.06655883789062,300.6078186035156,225.06655883789062
44,2026-08-07T21:26:56.663,6,0,1,0.0,25.0,239.1270294189453,257.64306640625,239.1270294189453,257.64306640625
44,2026-08-07T21:26:56.663,7,1,1,25.0,25.0,254.3544464111328,251.93637084960938,254.3544464111328,251.93637084960938
44,2026-08-07T21:26:56.663,8,2,1,50.0,25.0,268.9490966796875,246.52565002441406,268.9490966796875,246.52565002441406
44,2026-08-07T21:26:56.663,9,3,1,75.0,25.0,282.78778076171875,241.5686492919922,282.78778076171875,241.5686492919922
44,2026-08-07T21:26:56.663,10,4,1,100.0,25.0,295.9336853027344,236.67124938964844,295.9336853027344,236.67124938964844
44,2026-08-07T21:26:56.663,11,5,1,125.0,25.0,309.16986083984375,231.6907958984375,309.16986083984375,231.6907958984375
44,2026-08-07T21:26:56.663,12,0,2,0.0,50.0,246.83058166503906,266.3701171875,246.83058166503906,266.3701171875
44,2026-08-07T21:26:56.663,13,1,2,25.0,50.0,262.1810302734375,260.2742614746094,262.1810302734375,260.2742614746094
44,2026-08-07T21:26:56.663,14,2,2,50.0,50.0,276.9143371582031,254.50732421875,276.9143371582031,254.50732421875
44,2026-08-07T21:26:56.663,15,3,2,75.0,50.0,291.00775146484375,249.0428924560547,291.00775146484375,249.0428924560547
44,2026-08-07T21:26:56.663,16,4,2,100.0,50.0,304.6192626953125,243.97393798828125,304.6192626953125,243.97393798828125
44,2026-08-07T21:26:56.663,17,5,2,125.0,50.0,317.6126708984375,238.6690673828125,317.6126708984375,238.6690673828125
44,2026-08-07T21:26:56.663,18,0,3,0.0,75.0,254.8938751220703,275.4404602050781,254.8938751220703,275.4404602050781
44,2026-08-07T21:26:56.663,19,1,3,25.0,75.0,270.5022888183594,268.900634765625,270.5022888183594,268.900634765625
44,2026-08-07T21:26:56.663,20,2,3,50.0,75.0,285.5579528808594,262.8186950683594,285.5579528808594,262.8186950683594
44,2026-08-07T21:26:56.663,21,3,3,75.0,75.0,299.94354248046875,257.1316833496094,299.94354248046875,257.1316833496094
44,2026-08-07T21:26:56.663,22,4,3,100.0,75.0,313.5791015625,251.58621215820312,313.5791015625,251.58621215820312
44,2026-08-07T21:26:56.663,23,5,3,125.0,75.0,327.04315185546875,245.867919921875,327.04315185546875,245.867919921875
44,2026-08-07T21:26:56.663,24,0,4,0.0,100.0,263.5811462402344,285.3753662109375,263.5811462402344,285.3753662109375
44,2026-08-07T21:26:56.663,25,1,4,25.0,100.0,279.48614501953125,278.3541564941406,279.48614501953125,278.3541564941406
44,2026-08-07T21:26:56.663,26,2,4,50.0,100.0,294.8097839355469,271.9031677246094,294.8097839355469,271.9031677246094
44,2026-08-07T21:26:56.663,27,3,4,75.0,100.0,309.4463195800781,265.7741394042969,309.4463195800781,265.7741394042969
44,2026-08-07T21:26:56.663,28,4,4,100.0,100.0,323.2442626953125,259.6851806640625,323.2442626953125,259.6851806640625
44,2026-08-07T21:26:56.663,29,5,4,125.0,100.0,336.5785827636719,253.45631408691406,336.5785827636719,253.45631408691406
44,2026-08-07T21:26:56.663,30,0,5,0.0,125.0,272.89093017578125,295.7825927734375,272.89093017578125,295.7825927734375
44,2026-08-07T21:26:56.663,31,1,5,25.0,125.0,288.9751281738281,288.4647216796875,288.9751281738281,288.4647216796875
44,2026-08-07T21:26:56.663,32,2,5,50.0,125.0,304.75347900390625,281.6294860839844,304.75347900390625,281.6294860839844
44,2026-08-07T21:26:56.663,33,3,5,75.0,125.0,319.42926025390625,274.8675537109375,319.42926025390625,274.8675537109375
44,2026-08-07T21:26:56.663,34,4,5,100.0,125.0,333.398193359375,268.2894287109375,333.398193359375,268.2894287109375
44,2026-08-07T21:26:56.663,35,5,5,125.0,125.0,347.1884765625,261.68634033203125,347.1884765625,261.68634033203125
44,2026-08-07T21:26:56.663,36,0,6,0.0,150.0,282.624267578125,306.581298828125,282.624267578125,306.581298828125
44,2026-08-07T21:26:56.663,37,1,6,25.0,150.0,299.1490478515625,299.0128479003906,299.1490478515625,299.0128479003906
44,2026-08-07T21:26:56.663,38,2,6,50.0,150.0,315.09808349609375,291.53179931640625,315.09808349609375,291.53179931640625
44,2026-08-07T21:26:56.663,39,3,6,75.0,150.0,330.0106506347656,284.4247131347656,330.0106506347656,284.4247131347656
44,2026-08-07T21:26:56.663,40,4,6,100.0,150.0,344.27490234375,277.3088684082031,344.27490234375,277.3088684082031
44,2026-08-07T21:26:56.663,41,5,6,125.0,150.0,357.918701171875,270.31292724609375,357.918701171875,270.31292724609375
44,2026-08-07T21:26:56.663,42,0,7,0.0,175.0,293.2483825683594,318.22479248046875,293.2483825683594,318.22479248046875
44,2026-08-07T21:26:56.663,43,1,7,25.0,175.0,310.1560974121094,310.0484924316406,310.1560974121094,310.0484924316406
44,2026-08-07T21:26:56.663,44,2,7,50.0,175.0,326.2835388183594,302.1713562011719,326.2835388183594,302.1713562011719
44,2026-08-07T21:26:56.663,45,3,7,75.0,175.0,341.5240783691406,294.6611328125,341.5240783691406,294.6611328125
44,2026-08-07T21:26:56.663,46,4,7,100.0,175.0,355.9581298828125,286.92095947265625,355.9581298828125,286.92095947265625
44,2026-08-07T21:26:56.663,47,5,7,125.0,175.0,369.9202575683594,279.6182556152344,369.9202575683594,279.6182556152344
45,2026-08-07T21:26:56.689,0,0,0,0.0,0.0,231.7731475830078,249.42652893066406,231.7731475830078,249.42652893066406
45,2026-08-07T21:26:56.689,1,1,0,25.0,0.0,246.7083740234375,244.05308532714844,246.7083740234375,244.05308532714844
45,2026-08-07T21:26:56.689,2,2,0,50.0,0.0,260.814453125,238.8237762451172,260.814453125,238.8237762451172
45,2026-08-07T21:26:56.689,3,3,0,75.0,0.0,274.7235107421875,234.49197387695312,274.7235107421875,234.49197387695312
45,2026-08-07T21:26:56.689,4,4,0,100.0,0.0,287.5073547363281,229.39881896972656,287.5073547363281,229.39881896972656
45,2026-08-07T21:26:56.689,5,5,0,125.0,0.0,300.6078186035156,225.06655883789062,300.6078186035156,225.06655883789062
45,2026-08-07T21:26:56.689,6,0,1,0.0,25.0,239.1270294189453,257.64306640625,239.1270294189453,257.64306640625
45,2026-08-07T21:26:56.689,7,1,1,25.0,25.0,254.3544464111328,251.93637084960938,254.3544464111328,251.93637084960938
45,2026-08-07T21:26:56.689,8,2,1,50.0,25.0,268.9490966796875,246.52565002441406,268.9490966796875,246.52565002441406
45,2026-08-07T21:26:56.689,9,3,1,75.0,25.0,282.78778076171875,241.5686492919922,282.78778076171875,241.5686492919922
45,2026-08-07T21:26:56.689,10,4,1,100.0,25.0,295.9336853027344,236.67124938964844,295.9336853027344,236.67124938964844
45,2026-08-07T21:26:56.689,11,5,1,125.0,25.0,309.16986083984375,231.6907958984375,309.16986083984375,231.6907958984375
45,2026-08-07T21:26:56.689,12,0,2,0.0,50.0,246.83058166503906,266.3701171875,246.83058166503906,266.3701171875
45,2026-08-07T21:26:56.689,13,1,2,25.0,50.0,262.1810302734375,260.2742614746094,262.1810302734375,260.2742614746094
45,2026-08-07T21:26:56.689,14,2,2,50.0,50.0,276.9143371582031,254.50732421875,276.9143371582031,254.50732421875
45,2026-08-07T21:26:56.689,15,3,2,75.0,50.0,291.00775146484375,249.0428924560547,291.00775146484375,249.0428924560547
45,2026-08-07T21:26:56.689,16,4,2,100.0,50.0,304.6192626953125,243.97393798828125,304.6192626953125,243.97393798828125
45,2026-08-07T21:26:56.689,17,5,2,125.0,50.0,317.6126708984375,238.6690673828125,317.6126708984375,238.6690673828125
45,2026-08-07T21:26:56.689,18,0,3,0.0,75.0,254.8938751220703,275.4404602050781,254.8938751220703,275.4404602050781
45,2026-08-07T21:26:56.689,19,1,3,25.0,75.0,270.5022888183594,268.900634765625,270.5022888183594,268.900634765625
45,2026-08-07T21:26:56.689,20,2,3,50.0,75.0,285.5579528808594,262.8186950683594,285.5579528808594,262.8186950683594
45,2026-08-07T21:26:56.689,21,3,3,75.0,75.0,299.94354248046875,257.1316833496094,299.94354248046875,257.1316833496094
45,2026-08-07T21:26:56.689,22,4,3,100.0,75.0,313.5791015625,251.58621215820312,313.5791015625,251.58621215820312
45,2026-08-07T21:26:56.689,23,5,3,125.0,75.0,327.04315185546875,245.867919921875,327.04315185546875,245.867919921875
45,2026-08-07T21:26:56.689,24,0,4,0.0,100.0,263.5811462402344,285.3753662109375,263.5811462402344,285.3753662109375
45,2026-08-07T21:26:56.689,25,1,4,25.0,100.0,279.48614501953125,278.3541564941406,279.48614501953125,278.3541564941406
45,2026-08-07T21:26:56.689,26,2,4,50.0,100.0,294.8097839355469,271.9031677246094,294.8097839355469,271.9031677246094
45,2026-08-07T21:26:56.689,27,3,4,75.0,100.0,309.4463195800781,265.7741394042969,309.4463195800781,265.7741394042969
45,2026-08-07T21:26:56.689,28,4,4,100.0,100.0,323.2442626953125,259.6851806640625,323.2442626953125,259.6851806640625
45,2026-08-07T21:26:56.689,29,5,4,125.0,100.0,336.5785827636719,253.45631408691406,336.5785827636719,253.45631408691406
45,2026-08-07T21:26:56.689,30,0,5,0.0,125.0,272.89093017578125,295.7825927734375,272.89093017578125,295.7825927734375
45,2026-08-07T21:26:56.689,31,1,5,25.0,125.0,288.9751281738281,288.4647216796875,288.9751281738281,288.4647216796875
45,2026-08-07T21:26:56.689,32,2,5,50.0,125.0,304.75347900390625,281.6294860839844,304.75347900390625,281.6294860839844
45,2026-08-07T21:26:56.689,33,3,5,75.0,125.0,319.42926025390625,274.8675537109375,319.42926025390625,274.8675537109375
45,2026-08-07T21:26:56.689,34,4,5,100.0,125.0,333.398193359375,268.2894287109375,333.398193359375,268.2894287109375
45,2026-08-07T21:26:56.689,35,5,5,125.0,125.0,347.1884765625,261.68634033203125,347.1884765625,261.68634033203125
45,2026-08-07T21:26:56.689,36,0,6,0.0,150.0,282.624267578125,306.581298828125,282.624267578125,306.581298828125
45,2026-08-07T21:26:56.689,37,1,6,25.0,150.0,299.1490478515625,299.0128479003906,299.1490478515625,299.0128479003906
45,2026-08-07T21:26:56.689,38,2,6,50.0,150.0,315.09808349609375,291.53179931640625,315.09808349609375,291.53179931640625
45,2026-08-07T21:26:56.689,39,3,6,75.0,150.0,330.0106506347656,284.4247131347656,330.0106506347656,284.4247131347656
45,2026-08-07T21:26:56.689,40,4,6,100.0,150.0,344.27490234375,277.3088684082031,344.27490234375,277.3088684082031
45,2026-08-07T21:26:56.689,41,5,6,125.0,150.0,357.918701171875,270.31292724609375,357.918701171875,270.31292724609375
45,2026-08-07T21:26:56.689,42,0,7,0.0,175.0,293.2483825683594,318.22479248046875,293.2483825683594,318.22479248046875
45,2026-08-07T21:26:56.689,43,1,7,25.0,175.0,310.1560974121094,310.0484924316406,310.1560974121094,310.0484924316406
45,2026-08-07T21:26:56.689,44,2,7,50.0,175.0,326.2835388183594,302.1713562011719,326.2835388183594,302.1713562011719
45,2026-08-07T21:26:56.689,45,3,7,75.0,175.0,341.5240783691406,294.6611328125,341.5240783691406,294.6611328125
45,2026-08-07T21:26:56.689,46,4,7,100.0,175.0,355.9581298828125,286.92095947265625,355.9581298828125,286.92095947265625
45,2026-08-07T21:26:56.689,47,5,7,125.0,175.0,369.9202575683594,279.6182556152344,369.9202575683594,279.6182556152344
46,2026-08-07T21:26:56.714,0,0,0,0.0,0.0,231.81573486328125,249.43121337890625,231.81573486328125,249.43121337890625
46,2026-08-07T21:26:56.714,1,1,0,25.0,0.0,246.70706176757812,244.04806518554688,246.70706176757812,244.04806518554688
46,2026-08-07T21:26:56.714,2,2,0,50.0,0.0,260.855712890625,238.8128204345703,260.855712890625,238.8128204345703
46,2026-08-07T21:26:56.714,3,3,0,75.0,0.0,274.70526123046875,234.47689819335938,274.70526123046875,234.47689819335938
46,2026-08-07T21:26:56.714,4,4,0,100.0,0.0,287.4981689453125,229.34454345703125,287.4981689453125,229.34454345703125
46,2026-08-07T21:26:56.714,5,5,0,125.0,0.0,300.60894775390625,225.0657501220703,300.60894775390625,225.0657501220703
46,2026-08-07T21:26:56.714,6,0,1,0.0,25.0,239.11990356445312,257.63720703125,239.11990356445312,257.63720703125
46,2026-08-07T21:26:56.714,7,1,1,25.0,25.0,254.33969116210938,251.93724060058594,254.33969116210938,251.93724060058594
46,2026-08-07T21:26:56.714,8,2,1,50.0,25.0,268.9684143066406,246.51393127441406,268.9684143066406,246.51393127441406
46,2026-08-07T21:26:56.714,9,3,1,75.0,25.0,282.778076171875,241.56475830078125,282.778076171875,241.56475830078125
46,2026-08-07T21:26:56.714,10,4,1,100.0,25.0,295.9478759765625,236.67465209960938,295.9478759765625,236.67465209960938
46,2026-08-07T21:26:56.714,11,5,1,125.0,25.0,309.1651611328125,231.69528198242188,309.1651611328125,231.69528198242188
46,2026-08-07T21:26:56.714,12,0,2,0.0,50.0,246.84300231933594,266.35791015625,246.84300231933594,266.35791015625
46,2026-08-07T21:26:56.714,13,1,2,25.0,50.0,262.1658020019531,260.2815246582031,262.1658020019531,260.2815246582031
46,2026-08-07T21:26:56.714,14,2,2,50.0,50.0,276.9337158203125,254.5037841796875,276.9337158203125,254.5037841796875
46,2026-08-07T21:26:56.714,15,3,2,75.0,50.0,291.0149841308594,249.0457000732422,291.0149841308594,249.0457000732422
46,2026-08-07T21:26:56.714,16,4,2,100.0,50.0,304.6022033691406,243.97048950195312,304.6022033691406,243.97048950195312
46,2026-08-07T21:26:56.714,17,5,2,125.0,50.0,317.6170959472656,238.67532348632812,317.6170959472656,238.67532348632812
46,2026-08-07T21:26:56.714,18,0,3,0.0,75.0,254.8907470703125,275.436767578125,254.8907470703125,275.436767578125
46,2026-08-07T21:26:56.714,19,1,3,25.0,75.0,270.4718322753906,268.8876037597656,270.4718322753906,268.8876037597656
46,2026-08-07T21:26:56.714,20,2,3,50.0,75.0,285.5556335449219,262.822998046875,285.5556335449219,262.822998046875
46,2026-08-07T21:26:56.714,21,3,3,75.0,75.0,299.9531555175781,257.12506103515625,299.9531555175781,257.12506103515625
46,2026-08-07T21:26:56.714,22,4,3,100.0,75.0,313.58770751953125,251.5909423828125,313.58770751953125,251.5909423828125
46,2026-08-07T21:26:56.714,23,5,3,125.0,75.0,327.044677734375,245.86924743652344,327.044677734375,245.86924743652344
46,2026-08-07T21:26:56.714,24,0,4,0.0,100.0,263.5840759277344,285.3982849121094,263.5840759277344,285.3982849121094
46,2026-08-07T21:26:56.714,25,1,4,25.0,100.0,279.4573974609375,278.3554992675781,279.4573974609375,278.3554992675781
46,2026-08-07T21:26:56.714,26,2,4,50.0,100.0,294.8054504394531,271.89727783203125,294.8054504394531,271.89727783203125
46,2026-08-07T21:26:56.714,27,3,4,75.0,100.0,309.4380187988281,265.7737731933594,309.4380187988281,265.7737731933594
46,2026-08-07T21:26:56.714,28,4,4,100.0,100.0,323.24822998046875,259.6867370605469,323.24822998046875,259.6867370605469
46,2026-08-07T21:26:56.714,29,5,4,125.0,100.0,336.52691650390625,253.44522094726562,336.52691650390625,253.44522094726562
46,2026-08-07T21:26:56.714,30,0,5,0.0,125.0,272.90216064453125,295.7792053222656,272.90216064453125,295.7792053222656
46,2026-08-07T21:26:56.714,31,1,5,25.0,125.0,288.960693359375,288.4801025390625,288.960693359375,288.4801025390625
46,2026-08-07T21:26:56.714,32,2,5,50.0,125.0,304.7449951171875,281.6214904785156,304.7449951171875,281.6214904785156
46,2026-08-07T21:26:56.714,33,3,5,75.0,125.0,319.4305114746094,274.8655090332031,319.4305114746094,274.8655090332031
46,2026-08-07T21:26:56.714,34,4,5,100.0,125.0,333.3923034667969,268.2861022949219,333.3923034667969,268.2861022949219
46,2026-08-07T21:26:56.714,35,5,5,125.0,125.0,347.20025634765625,261.6853942871094,347.20025634765625,261.6853942871094
46,2026-08-07T21:26:56.714,36,0,6,0.0,150.0,282.62298583984375,306.5787658691406,282.62298583984375,306.5787658691406
46,2026-08-07T21:26:56.714,37,1,6,25.0,150.0,299.1578063964844,299.0147399902344,299.1578063964844,299.0147399902344
46,2026-08-07T21:26:56.714,38,2,6,50.0,150.0,315.0906982421875,291.5331726074219,315.0906982421875,291.5331726074219
46,2026-08-07T21:26:56.714,39,3,6,75.0,150.0,329.97332763671875,284.4283142089844,329.97332763671875,284.4283142089844
46,2026-08-07T21:26:56.714,40,4,6,100.0,150.0,344.2569580078125,277.3060302734375,344.2569580078125,277.3060302734375
46,2026-08-07T21:26:56.714,41,5,6,125.0,150.0,357.899658203125,270.3134460449219,357.899658203125,270.3134460449219
46,2026-08-07T21:26:56.714,42,0,7,0.0,175.0,293.22821044921875,318.23175048828125,293.22821044921875,318.23175048828125
46,2026-08-07T21:26:56.714,43,1,7,25.0,175.0,310.1621398925781,310.05303955078125,310.1621398925781,310.05303955078125
46,2026-08-07T21:26:56.714,44,2,7,50.0,175.0,326.2826843261719,302.1719970703125,326.2826843261719,302.1719970703125
46,2026-08-07T21:26:56.714,45,3,7,75.0,175.0,341.5519714355469,294.6608581542969,341.5519714355469,294.6608581542969
46,2026-08-07T21:26:56.714,46,4,7,100.0,175.0,355.9520263671875,286.9183654785156,355.9520263671875,286.9183654785156
46,2026-08-07T21:26:56.714,47,5,7,125.0,175.0,369.9208068847656,279.6174011230469,369.9208068847656,279.6174011230469
47,2026-08-07T21:26:56.738,0,0,0,0.0,0.0,231.81573486328125,249.43121337890625,231.81573486328125,249.43121337890625
47,2026-08-07T21:26:56.738,1,1,0,25.0,0.0,246.70706176757812,244.04806518554688,246.70706176757812,244.04806518554688
47,2026-08-07T21:26:56.738,2,2,0,50.0,0.0,260.855712890625,238.8128204345703,260.855712890625,238.8128204345703
47,2026-08-07T21:26:56.738,3,3,0,75.0,0.0,274.70526123046875,234.47689819335938,274.70526123046875,234.47689819335938
47,2026-08-07T21:26:56.738,4,4,0,100.0,0.0,287.4981689453125,229.34454345703125,287.4981689453125,229.34454345703125
47,2026-08-07T21:26:56.738,5,5,0,125.0,0.0,300.60894775390625,225.0657501220703,300.60894775390625,225.0657501220703
47,2026-08-07T21:26:56.738,6,0,1,0.0,25.0,239.11990356445312,257.63720703125,239.11990356445312,257.63720703125
47,2026-08-07T21:26:56.738,7,1,1,25.0,25.0,254.33969116210938,251.93724060058594,254.33969116210938,251.93724060058594
47,2026-08-07T21:26:56.738,8,2,1,50.0,25.0,268.9684143066406,246.51393127441406,268.9684143066406,246.51393127441406
47,2026-08-07T21:26:56.738,9,3,1,75.0,25.0,282.778076171875,241.56475830078125,282.778076171875,241.56475830078125
47,2026-08-07T21:26:56.738,10,4,1,100.0,25.0,295.9478759765625,236.67465209960938,295.9478759765625,236.67465209960938
47,2026-08-07T21:26:56.738,11,5,1,125.0,25.0,309.1651611328125,231.69528198242188,309.1651611328125,231.69528198242188
47,2026-08-07T21:26:56.738,12,0,2,0.0,50.0,246.84300231933594,266.35791015625,246.84300231933594,266.35791015625
47,2026-08-07T21:26:56.738,13,1,2,25.0,50.0,262.1658020019531,260.2815246582031,262.1658020019531,260.2815246582031
47,2026-08-07T21:26:56.738,14,2,2,50.0,50.0,276.9337158203125,254.5037841796875,276.9337158203125,254.5037841796875
47,2026-08-07T21:26:56.738,15,3,2,75.0,50.0,291.0149841308594,249.0457000732422,291.0149841308594,249.0457000732422
47,2026-08-07T21:26:56.738,16,4,2,100.0,50.0,304.6022033691406,243.97048950195312,304.6022033691406,243.97048950195312
47,2026-08-07T21:26:56.738,17,5,2,125.0,50.0,317.6170959472656,238.67532348632812,317.6170959472656,238.67532348632812
47,2026-08-07T21:26:56.738,18,0,3,0.0,75.0,254.8907470703125,275.436767578125,254.8907470703125,275.436767578125
47,2026-08-07T21:26:56.738,19,1,3,25.0,75.0,270.4718322753906,268.8876037597656,270.4718322753906,268.8876037597656
47,2026-08-07T21:26:56.738,20,2,3,50.0,75.0,285.5556335449219,262.822998046875,285.5556335449219,262.822998046875
47,2026-08-07T21:26:56.738,21,3,3,75.0,75.0,299.9531555175781,257.12506103515625,299.9531555175781,257.12506103515625
47,2026-08-07T21:26:56.738,22,4,3,100.0,75.0,313.58770751953125,251.5909423828125,313.58770751953125,251.5909423828125
47,2026-08-07T21:26:56.738,23,5,3,125.0,75.0,327.044677734375,245.86924743652344,327.044677734375,245.86924743652344
47,2026-08-07T21:26:56.738,24,0,4,0.0,100.0,263.5840759277344,285.3982849121094,263.5840759277344,285.3982849121094
47,2026-08-07T21:26:56.738,25,1,4,25.0,100.0,279.4573974609375,278.3554992675781,279.4573974609375,278.3554992675781
47,2026-08-07T21:26:56.738,26,2,4,50.0,100.0,294.8054504394531,271.89727783203125,294.8054504394531,271.89727783203125
47,2026-08-07T21:26:56.738,27,3,4,75.0,100.0,309.4380187988281,265.7737731933594,309.4380187988281,265.7737731933594
47,2026-08-07T21:26:56.738,28,4,4,100.0,100.0,323.24822998046875,259.6867370605469,323.24822998046875,259.6867370605469
47,2026-08-07T21:26:56.738,29,5,4,125.0,100.0,336.52691650390625,253.44522094726562,336.52691650390625,253.44522094726562
47,2026-08-07T21:26:56.738,30,0,5,0.0,125.0,272.90216064453125,295.7792053222656,272.90216064453125,295.7792053222656
47,2026-08-07T21:26:56.738,31,1,5,25.0,125.0,288.960693359375,288.4801025390625,288.960693359375,288.4801025390625
47,2026-08-07T21:26:56.738,32,2,5,50.0,125.0,304.7449951171875,281.6214904785156,304.7449951171875,281.6214904785156
47,2026-08-07T21:26:56.738,33,3,5,75.0,125.0,319.4305114746094,274.8655090332031,319.4305114746094,274.8655090332031
47,2026-08-07T21:26:56.738,34,4,5,100.0,125.0,333.3923034667969,268.2861022949219,333.3923034667969,268.2861022949219
47,2026-08-07T21:26:56.738,35,5,5,125.0,125.0,347.20025634765625,261.6853942871094,347.20025634765625,261.6853942871094
47,2026-08-07T21:26:56.738,36,0,6,0.0,150.0,282.62298583984375,306.5787658691406,282.62298583984375,306.5787658691406
47,2026-08-07T21:26:56.738,37,1,6,25.0,150.0,299.1578063964844,299.0147399902344,299.1578063964844,299.0147399902344
47,2026-08-07T21:26:56.738,38,2,6,50.0,150.0,315.0906982421875,291.5331726074219,315.0906982421875,291.5331726074219
47,2026-08-07T21:26:56.738,39,3,6,75.0,150.0,329.97332763671875,284.4283142089844,329.97332763671875,284.4283142089844
47,2026-08-07T21:26:56.738,40,4,6,100.0,150.0,344.2569580078125,277.3060302734375,344.2569580078125,277.3060302734375
47,2026-08-07T21:26:56.738,41,5,6,125.0,150.0,357.899658203125,270.3134460449219,357.899658203125,270.3134460449219
47,2026-08-07T21:26:56.738,42,0,7,0.0,175.0,293.22821044921875,318.23175048828125,293.22821044921875,318.23175048828125
47,2026-08-07T21:26:56.738,43,1,7,25.0,175.0,310.1621398925781,310.05303955078125,310.1621398925781,310.05303955078125
47,2026-08-07T21:26:56.738,44,2,7,50.0,175.0,326.2826843261719,302.1719970703125,326.2826843261719,302.1719970703125
47,2026-08-07T21:26:56.738,45,3,7,75.0,175.0,341.5519714355469,294.6608581542969,341.5519714355469,294.6608581542969
47,2026-08-07T21:26:56.738,46,4,7,100.0,175.0,355.9520263671875,286.9183654785156,355.9520263671875,286.9183654785156
47,2026-08-07T21:26:56.738,47,5,7,125.0,175.0,369.9208068847656,279.6174011230469,369.9208068847656,279.6174011230469
48,2026-08-07T21:26:56.763,0,0,0,0.0,0.0,231.80764770507812,249.42311096191406,231.80764770507812,249.42311096191406
48,2026-08-07T21:26:56.763,1,1,0,25.0,0.0,246.7198944091797,244.0576934814453,246.7198944091797,244.0576934814453
48,2026-08-07T21:26:56.763,2,2,0,50.0,0.0,260.84344482421875,238.82347106933594,260.84344482421875,238.82347106933594
48,2026-08-07T21:26:56.763,3,3,0,75.0,0.0,274.7168884277344,234.48175048828125,274.7168884277344,234.48175048828125
48,2026-08-07T21:26:56.763,4,4,0,100.0,0.0,287.49420166015625,229.33663940429688,287.49420166015625,229.33663940429688
48,2026-08-07T21:26:56.763,5,5,0,125.0,0.0,300.6135559082031,225.06163024902344,300.6135559082031,225.06163024902344
48,2026-08-07T21:26:56.763,6,0,1,0.0,25.0,239.16148376464844,257.6623229980469,239.16148376464844,257.6623229980469
48,2026-08-07T21:26:56.763,7,1,1,25.0,25.0,254.32861328125,251.93540954589844,254.32861328125,251.93540954589844
48,2026-08-07T21:26:56.763,8,2,1,50.0,25.0,268.9365234375,246.50709533691406,268.9365234375,246.50709533691406
48,2026-08-07T21:26:56.763,9,3,1,75.0,25.0,282.74298095703125,241.58819580078125,282.74298095703125,241.58819580078125
48,2026-08-07T21:26:56.763,10,4,1,100.0,25.0,295.96185302734375,236.66094970703125,295.96185302734375,236.66094970703125
48,2026-08-07T21:26:56.763,11,5,1,125.0,25.0,309.178955078125,231.70550537109375,309.178955078125,231.70550537109375
48,2026-08-07T21:26:56.763,12,0,2,0.0,50.0,246.82179260253906,266.36663818359375,246.82179260253906,266.36663818359375
48,2026-08-07T21:26:56.763,13,1,2,25.0,50.0,262.16546630859375,260.2869567871094,262.16546630859375,260.2869567871094
48,2026-08-07T21:26:56.763,14,2,2,50.0,50.0,276.9416809082031,254.49203491210938,276.9416809082031,254.49203491210938
48,2026-08-07T21:26:56.763,15,3,2,75.0,50.0,291.0134582519531,249.0432891845703,291.0134582519531,249.0432891845703
48,2026-08-07T21:26:56.763,16,4,2,100.0,50.0,304.5910949707031,243.97451782226562,304.5910949707031,243.97451782226562
48,2026-08-07T21:26:56.763,17,5,2,125.0,50.0,317.6105651855469,238.665771484375,317.6105651855469,238.665771484375
48,2026-08-07T21:26:56.763,18,0,3,0.0,75.0,254.83802795410156,275.4327392578125,254.83802795410156,275.4327392578125
48,2026-08-07T21:26:56.763,19,1,3,25.0,75.0,270.4696960449219,268.88934326171875,270.4696960449219,268.88934326171875
48,2026-08-07T21:26:56.763,20,2,3,50.0,75.0,285.54083251953125,262.8176574707031,285.54083251953125,262.8176574707031
48,2026-08-07T21:26:56.763,21,3,3,75.0,75.0,299.9239501953125,257.1304626464844,299.9239501953125,257.1304626464844
48,2026-08-07T21:26:56.763,22,4,3,100.0,75.0,313.5845642089844,251.5894012451172,313.5845642089844,251.5894012451172
48,2026-08-07T21:26:56.763,23,5,3,125.0,75.0,327.0478210449219,245.8670654296875,327.0478210449219,245.8670654296875
48,2026-08-07T21:26:56.763,24,0,4,0.0,100.0,263.6255187988281,285.38909912109375,263.6255187988281,285.38909912109375
48,2026-08-07T21:26:56.763,25,1,4,25.0,100.0,279.4856262207031,278.3610534667969,279.4856262207031,278.3610534667969
48,2026-08-07T21:26:56.763,26,2,4,50.0,100.0,294.8289489746094,271.8965148925781,294.8289489746094,271.8965148925781
48,2026-08-07T21:26:56.763,27,3,4,75.0,100.0,309.4568786621094,265.77679443359375,309.4568786621094,265.77679443359375
48,2026-08-07T21:26:56.763,28,4,4,100.0,100.0,323.26031494140625,259.693359375,323.26031494140625,259.693359375
48,2026-08-07T21:26:56.763,29,5,4,125.0,100.0,336.53741455078125,253.4595947265625,336.53741455078125,253.4595947265625
48,2026-08-07T21:26:56.763,30,0,5,0.0,125.0,272.9035339355469,295.7760314941406,272.9035339355469,295.7760314941406
48,2026-08-07T21:26:56.763,31,1,5,25.0,125.0,288.98028564453125,288.483642578125,288.98028564453125,288.483642578125
48,2026-08-07T21:26:56.763,32,2,5,50.0,125.0,304.747802734375,281.624267578125,304.747802734375,281.624267578125
48,2026-08-07T21:26:56.763,33,3,5,75.0,125.0,319.4328308105469,274.8708801269531,319.4328308105469,274.8708801269531
48,2026-08-07T21:26:56.763,34,4,5,100.0,125.0,333.4228820800781,268.2886657714844,333.4228820800781,268.2886657714844
48,2026-08-07T21:26:56.763,35,5,5,125.0,125.0,347.1971435546875,261.7052917480469,347.1971435546875,261.7052917480469
48,2026-08-07T21:26:56.763,36,0,6,0.0,150.0,282.6302490234375,306.57928466796875,282.6302490234375,306.57928466796875
48,2026-08-07T21:26:56.763,37,1,6,25.0,150.0,299.14093017578125,299.00848388671875,299.14093017578125,299.00848388671875
48,2026-08-07T21:26:56.763,38,2,6,50.0,150.0,315.098876953125,291.5178527832031,315.098876953125,291.5178527832031
48,2026-08-07T21:26:56.763,39,3,6,75.0,150.0,329.99267578125,284.4554138183594,329.99267578125,284.4554138183594
48,2026-08-07T21:26:56.763,40,4,6,100.0,150.0,344.2861633300781,277.3165588378906,344.2861633300781,277.3165588378906
48,2026-08-07T21:26:56.763,41,5,6,125.0,150.0,357.9012145996094,270.32330322265625,357.9012145996094,270.32330322265625
48,2026-08-07T21:26:56.763,42,0,7,0.0,175.0,293.2501525878906,318.2261657714844,293.2501525878906,318.2261657714844
48,2026-08-07T21:26:56.763,43,1,7,25.0,175.0,310.15704345703125,310.04803466796875,310.15704345703125,310.04803466796875
48,2026-08-07T21:26:56.763,44,2,7,50.0,175.0,326.28411865234375,302.1714782714844,326.28411865234375,302.1714782714844
48,2026-08-07T21:26:56.763,45,3,7,75.0,175.0,341.5265808105469,294.6636657714844,341.5265808105469,294.6636657714844
48,2026-08-07T21:26:56.763,46,4,7,100.0,175.0,355.9487609863281,286.9222412109375,355.9487609863281,286.9222412109375
48,2026-08-07T21:26:56.763,47,5,7,125.0,175.0,369.92059326171875,279.6130065917969,369.92059326171875,279.6130065917969
49,2026-08-07T21:26:56.785,0,0,0,0.0,0.0,231.80764770507812,249.42311096191406,231.80764770507812,249.42311096191406
49,2026-08-07T21:26:56.785,1,1,0,25.0,0.0,246.7198944091797,244.0576934814453,246.7198944091797,244.0576934814453
49,2026-08-07T21:26:56.785,2,2,0,50.0,0.0,260.84344482421875,238.82347106933594,260.84344482421875,238.82347106933594
49,2026-08-07T21:26:56.785,3,3,0,75.0,0.0,274.7168884277344,234.48175048828125,274.7168884277344,234.48175048828125
49,2026-08-07T21:26:56.785,4,4,0,100.0,0.0,287.49420166015625,229.33663940429688,287.49420166015625,229.33663940429688
49,2026-08-07T21:26:56.785,5,5,0,125.0,0.0,300.6135559082031,225.06163024902344,300.6135559082031,225.06163024902344
49,2026-08-07T21:26:56.785,6,0,1,0.0,25.0,239.16148376464844,257.6623229980469,239.16148376464844,257.6623229980469
49,2026-08-07T21:26:56.785,7,1,1,25.0,25.0,254.32861328125,251.93540954589844,254.32861328125,251.93540954589844
49,2026-08-07T21:26:56.785,8,2,1,50.0,25.0,268.9365234375,246.50709533691406,268.9365234375,246.50709533691406
49,2026-08-07T21:26:56.785,9,3,1,75.0,25.0,282.74298095703125,241.58819580078125,282.74298095703125,241.58819580078125
49,2026-08-07T21:26:56.785,10,4,1,100.0,25.0,295.96185302734375,236.66094970703125,295.96185302734375,236.66094970703125
49,2026-08-07T21:26:56.785,11,5,1,125.0,25.0,309.178955078125,231.70550537109375,309.178955078125,231.70550537109375
49,2026-08-07T21:26:56.785,12,0,2,0.0,50.0,246.82179260253906,266.36663818359375,246.82179260253906,266.36663818359375
49,2026-08-07T21:26:56.785,13,1,2,25.0,50.0,262.16546630859375,260.2869567871094,262.16546630859375,260.2869567871094
49,2026-08-07T21:26:56.785,14,2,2,50.0,50.0,276.9416809082031,254.49203491210938,276.9416809082031,254.49203491210938
49,2026-08-07T21:26:56.785,15,3,2,75.0,50.0,291.0134582519531,249.0432891845703,291.0134582519531,249.0432891845703
49,2026-08-07T21:26:56.785,16,4,2,100.0,50.0,304.5910949707031,243.97451782226562,304.5910949707031,243.97451782226562
49,2026-08-07T21:26:56.785,17,5,2,125.0,50.0,317.6105651855469,238.665771484375,317.6105651855469,238.665771484375
49,2026-08-07T21:26:56.785,18,0,3,0.0,75.0,254.83802795410156,275.4327392578125,254.83802795410156,275.4327392578125
49,2026-08-07T21:26:56.785,19,1,3,25.0,75.0,270.4696960449219,268.88934326171875,270.4696960449219,268.88934326171875
49,2026-08-07T21:26:56.785,20,2,3,50.0,75.0,285.54083251953125,262.8176574707031,285.54083251953125,262.8176574707031
49,2026-08-07T21:26:56.785,21,3,3,75.0,75.0,299.9239501953125,257.1304626464844,299.9239501953125,257.1304626464844
49,2026-08-07T21:26:56.785,22,4,3,100.0,75.0,313.5845642089844,251.5894012451172,313.5845642089844,251.5894012451172
49,2026-08-07T21:26:56.785,23,5,3,125.0,75.0,327.0478210449219,245.8670654296875,327.0478210449219,245.8670654296875
49,2026-08-07T21:26:56.785,24,0,4,0.0,100.0,263.6255187988281,285.38909912109375,263.6255187988281,285.38909912109375
49,2026-08-07T21:26:56.785,25,1,4,25.0,100.0,279.4856262207031,278.3610534667969,279.4856262207031,278.3610534667969
49,2026-08-07T21:26:56.785,26,2,4,50.0,100.0,294.8289489746094,271.8965148925781,294.8289489746094,271.8965148925781
49,2026-08-07T21:26:56.785,27,3,4,75.0,100.0,309.4568786621094,265.77679443359375,309.4568786621094,265.77679443359375
49,2026-08-07T21:26:56.785,28,4,4,100.0,100.0,323.26031494140625,259.693359375,323.26031494140625,259.693359375
49,2026-08-07T21:26:56.785,29,5,4,125.0,100.0,336.53741455078125,253.4595947265625,336.53741455078125,253.4595947265625
49,2026-08-07T21:26:56.785,30,0,5,0.0,125.0,272.9035339355469,295.7760314941406,272.9035339355469,295.7760314941406
49,2026-08-07T21:26:56.785,31,1,5,25.0,125.0,288.98028564453125,288.483642578125,288.98028564453125,288.483642578125
49,2026-08-07T21:26:56.785,32,2,5,50.0,125.0,304.747802734375,281.624267578125,304.747802734375,281.624267578125
49,2026-08-07T21:26:56.785,33,3,5,75.0,125.0,319.4328308105469,274.8708801269531,319.4328308105469,274.8708801269531
49,2026-08-07T21:26:56.785,34,4,5,100.0,125.0,333.4228820800781,268.2886657714844,333.4228820800781,268.2886657714844
49,2026-08-07T21:26:56.785,35,5,5,125.0,125.0,347.1971435546875,261.7052917480469,347.1971435546875,261.7052917480469
49,2026-08-07T21:26:56.785,36,0,6,0.0,150.0,282.6302490234375,306.57928466796875,282.6302490234375,306.57928466796875
49,2026-08-07T21:26:56.785,37,1,6,25.0,150.0,299.14093017578125,299.00848388671875,299.14093017578125,299.00848388671875
49,2026-08-07T21:26:56.785,38,2,6,50.0,150.0,315.098876953125,291.5178527832031,315.098876953125,291.5178527832031
49,2026-08-07T21:26:56.785,39,3,6,75.0,150.0,329.99267578125,284.4554138183594,329.99267578125,284.4554138183594
49,2026-08-07T21:26:56.785,40,4,6,100.0,150.0,344.2861633300781,277.3165588378906,344.2861633300781,277.3165588378906
49,2026-08-07T21:26:56.785,41,5,6,125.0,150.0,357.9012145996094,270.32330322265625,357.9012145996094,270.32330322265625
49,2026-08-07T21:26:56.785,42,0,7,0.0,175.0,293.2501525878906,318.2261657714844,293.2501525878906,318.2261657714844
49,2026-08-07T21:26:56.785,43,1,7,25.0,175.0,310.15704345703125,310.04803466796875,310.15704345703125,310.04803466796875
49,2026-08-07T21:26:56.785,44,2,7,50.0,175.0,326.28411865234375,302.1714782714844,326.28411865234375,302.1714782714844
49,2026-08-07T21:26:56.785,45,3,7,75.0,175.0,341.5265808105469,294.6636657714844,341.5265808105469,294.6636657714844
49,2026-08-07T21:26:56.785,46,4,7,100.0,175.0,355.9487609863281,286.9222412109375,355.9487609863281,286.9222412109375
49,2026-08-07T21:26:56.785,47,5,7,125.0,175.0,369.92059326171875,279.6130065917969,369.92059326171875,279.6130065917969
50,2026-08-07T21:26:56.809,0,0,0,0.0,0.0,231.77883911132812,249.4242401123047,231.77883911132812,249.4242401123047
50,2026-08-07T21:26:56.809,1,1,0,25.0,0.0,246.712890625,244.05245971679688,246.712890625,244.05245971679688
50,2026-08-07T21:26:56.809,2,2,0,50.0,0.0,260.8478698730469,238.81356811523438,260.8478698730469,238.81356811523438
50,2026-08-07T21:26:56.809,3,3,0,75.0,0.0,274.7294616699219,234.46868896484375,274.7294616699219,234.46868896484375
50,2026-08-07T21:26:56.809,4,4,0,100.0,0.0,287.50872802734375,229.40585327148438,287.50872802734375,229.40585327148438
50,2026-08-07T21:26:56.809,5,5,0,125.0,0.0,300.5755615234375,225.0625457763672,300.5755615234375,225.0625457763672
50,2026-08-07T21:26:56.809,6,0,1,0.0,25.0,239.11761474609375,257.64208984375,239.11761474609375,257.64208984375
50,2026-08-07T21:26:56.809,7,1,1,25.0,25.0,254.34521484375,251.93576049804688,254.34521484375,251.93576049804688
50,2026-08-07T21:26:56.809,8,2,1,50.0,25.0,268.9348449707031,246.5076904296875,268.9348449707031,246.5076904296875
50,2026-08-07T21:26:56.809,9,3,1,75.0,25.0,282.77398681640625,241.57254028320312,282.77398681640625,241.57254028320312
50,2026-08-07T21:26:56.809,10,4,1,100.0,25.0,295.9505920410156,236.6765899658203,295.9505920410156,236.6765899658203
50,2026-08-07T21:26:56.809,11,5,1,125.0,25.0,309.1781311035156,231.7056121826172,309.1781311035156,231.7056121826172
50,2026-08-07T21:26:56.809,12,0,2,0.0,50.0,246.83441162109375,266.3625793457031,246.83441162109375,266.3625793457031
50,2026-08-07T21:26:56.809,13,1,2,25.0,50.0,262.1572265625,260.2769470214844,262.1572265625,260.2769470214844
50,2026-08-07T21:26:56.809,14,2,2,50.0,50.0,276.9324645996094,254.4884490966797,276.9324645996094,254.4884490966797
50,2026-08-07T21:26:56.809,15,3,2,75.0,50.0,290.9996643066406,249.03927612304688,290.9996643066406,249.03927612304688
50,2026-08-07T21:26:56.809,16,4,2,100.0,50.0,304.54412841796875,243.96519470214844,304.54412841796875,243.96519470214844
50,2026-08-07T21:26:56.809,17,5,2,125.0,50.0,317.5950622558594,238.65957641601562,317.5950622558594,238.65957641601562
50,2026-08-07T21:26:56.809,18,0,3,0.0,75.0,254.83363342285156,275.4317626953125,254.83363342285156,275.4317626953125
50,2026-08-07T21:26:56.809,19,1,3,25.0,75.0,270.4783630371094,268.89593505859375,270.4783630371094,268.89593505859375
50,2026-08-07T21:26:56.809,20,2,3,50.0,75.0,285.5533447265625,262.8173828125,285.5533447265625,262.8173828125
50,2026-08-07T21:26:56.809,21,3,3,75.0,75.0,299.91204833984375,257.1189270019531,299.91204833984375,257.1189270019531
50,2026-08-07T21:26:56.809,22,4,3,100.0,75.0,313.59185791015625,251.59384155273438,313.59185791015625,251.59384155273438
50,2026-08-07T21:26:56.809,23,5,3,125.0,75.0,327.04351806640625,245.86212158203125,327.04351806640625,245.86212158203125
50,2026-08-07T21:26:56.809,24,0,4,0.0,100.0,263.585693359375,285.3861389160156,263.585693359375,285.3861389160156
50,2026-08-07T21:26:56.809,25,1,4,25.0,100.0,279.47314453125,278.35711669921875,279.47314453125,278.35711669921875
50,2026-08-07T21:26:56.809,26,2,4,50.0,100.0,294.8169250488281,271.8883056640625,294.8169250488281,271.8883056640625
50,2026-08-07T21:26:56.809,27,3,4,75.0,100.0,309.45416259765625,265.7640075683594,309.45416259765625,265.7640075683594
50,2026-08-07T21:26:56.809,28,4,4,100.0,100.0,323.27691650390625,259.6977844238281,323.27691650390625,259.6977844238281
50,2026-08-07T21:26:56.809,29,5,4,125.0,100.0,336.5722351074219,253.45118713378906,336.5722351074219,253.45118713378906
50,2026-08-07T21:26:56.809,30,0,5,0.0,125.0,272.92987060546875,295.78204345703125,272.92987060546875,295.78204345703125
50,2026-08-07T21:26:56.809,31,1,5,25.0,125.0,288.9782409667969,288.4815368652344,288.9782409667969,288.4815368652344
50,2026-08-07T21:26:56.809,32,2,5,50.0,125.0,304.743896484375,281.62664794921875,304.743896484375,281.62664794921875
50,2026-08-07T21:26:56.809,33,3,5,75.0,125.0,319.42889404296875,274.8666076660156,319.42889404296875,274.8666076660156
50,2026-08-07T21:26:56.809,34,4,5,100.0,125.0,333.39971923828125,268.2898864746094,333.39971923828125,268.2898864746094
50,2026-08-07T21:26:56.809,35,5,5,125.0,125.0,347.1942443847656,261.69525146484375,347.1942443847656,261.69525146484375
50,2026-08-07T21:26:56.809,36,0,6,0.0,150.0,282.6328430175781,306.5865478515625,282.6328430175781,306.5865478515625
50,2026-08-07T21:26:56.809,37,1,6,25.0,150.0,299.1380920410156,299.0206298828125,299.1380920410156,299.0206298828125
50,2026-08-07T21:26:56.809,38,2,6,50.0,150.0,315.1026916503906,291.5301208496094,315.1026916503906,291.5301208496094
50,2026-08-07T21:26:56.809,39,3,6,75.0,150.0,329.973388671875,284.43133544921875,329.973388671875,284.43133544921875
50,2026-08-07T21:26:56.809,40,4,6,100.0,150.0,344.2788391113281,277.3055114746094,344.2788391113281,277.3055114746094
50,2026-08-07T21:26:56.809,41,5,6,125.0,150.0,357.91180419921875,270.3253173828125,357.91180419921875,270.3253173828125
50,2026-08-07T21:26:56.809,42,0,7,0.0,175.0,293.227783203125,318.2181091308594,293.227783203125,318.2181091308594
50,2026-08-07T21:26:56.809,43,1,7,25.0,175.0,310.16302490234375,310.04083251953125,310.16302490234375,310.04083251953125
50,2026-08-07T21:26:56.809,44,2,7,50.0,175.0,326.2854919433594,302.168212890625,326.2854919433594,302.168212890625
50,2026-08-07T21:26:56.809,45,3,7,75.0,175.0,341.50811767578125,294.6530456542969,341.50811767578125,294.6530456542969
50,2026-08-07T21:26:56.809,46,4,7,100.0,175.0,355.9492492675781,286.9402160644531,355.9492492675781,286.9402160644531
50,2026-08-07T21:26:56.809,47,5,7,125.0,175.0,369.9510192871094,279.6344909667969,369.9510192871094,279.6344909667969
