run_id,height_gt_mm,marker_id,board_position,model,source,weight_ihawk1,weight_ihawk2,inter_camera_disagreement_mm,disagreement_gate_mm,accepted,pred_x_mm,pred_y_mm,gt_x_mm,gt_y_mm,error_xy_mm
20260808_131913,0.0,0,TL,Affine,ihawk1,,,12.86094280045267,,1,-61.642439934696384,117.67725598678135,-70.0,113.5,9.343354741432993
20260808_131913,0.0,0,TL,Affine,ihawk2,,,12.86094280045267,,1,-71.84558282903129,125.50667006411169,-70.0,113.5,12.147687105257976
20260808_131913,0.0,0,TL,Affine,EqualFusion,0.5477826042006415,0.4522173957993585,12.86094280045267,,1,-66.74401138186383,121.59196302544652,-70.0,113.5,8.722461091150011
20260808_131913,0.0,0,TL,Affine,LOOWeightedFusion,0.5477826042006415,0.4522173957993585,12.86094280045267,,1,-66.25647864334124,121.2178532314665,-70.0,113.5,8.577832514698468
20260808_131913,0.0,0,TL,Affine,LOOWeightedGated,0.5477826042006415,0.4522173957993585,12.86094280045267,15.39378796037687,1,-66.25647864334124,121.2178532314665,-70.0,113.5,8.577832514698468
20260808_131913,0.0,0,TL,Homography,ihawk1,,,0.03974459606751346,,1,-69.91411817372288,113.55286972548808,-70.0,113.5,0.10085085997589578
20260808_131913,0.0,0,TL,Homography,ihawk2,,,0.03974459606751346,,1,-69.9500128489988,113.53580498982043,-70.0,113.5,0.06148749922755511
20260808_131913,0.0,0,TL,Homography,EqualFusion,0.22558389845113672,0.7744161015488633,0.03974459606751346,,1,-69.93206551136083,113.54433735765426,-70.0,113.5,0.08112272203536243
20260808_131913,0.0,0,TL,Homography,LOOWeightedFusion,0.22558389845113672,0.7744161015488633,0.03974459606751346,,1,-69.94191558821642,113.53965451941838,-70.0,113.5,0.0703297931359621
20260808_131913,0.0,0,TL,Homography,LOOWeightedGated,0.22558389845113672,0.7744161015488633,0.03974459606751346,0.4995099461069983,1,-69.94191558821642,113.53965451941838,-70.0,113.5,0.0703297931359621
20260808_131913,0.0,0,TL,PnP,ihawk1,,,3.8392457276450913,,1,-68.93706453998085,116.3579631831883,-70.0,113.5,3.0492270083786703
20260808_131913,0.0,0,TL,PnP,ihawk2,,,3.8392457276450913,,1,-65.25591034586503,115.26759097316798,-70.0,113.5,5.0626835270334025
20260808_131913,0.0,0,TL,PnP,EqualFusion,0.15062905711154223,0.8493709428884577,3.8392457276450913,,1,-67.09648744292295,115.81277707817814,-70.0,113.5,3.712051047931634
20260808_131913,0.0,0,TL,PnP,LOOWeightedFusion,0.15062905711154223,0.8493709428884577,3.8392457276450913,,1,-65.81039913120689,115.43183271106398,-70.0,113.5,4.613538020145574
20260808_131913,0.0,0,TL,PnP,LOOWeightedGated,0.15062905711154223,0.8493709428884577,3.8392457276450913,13.870431873632965,1,-65.81039913120689,115.43183271106398,-70.0,113.5,4.613538020145574
20260808_131913,0.0,1,TR,Affine,ihawk1,,,10.550513959460899,,1,58.78807500536884,102.31373835821682,70.0,113.5,15.837920052950912
20260808_131913,0.0,1,TR,Affine,ihawk2,,,10.550513959460899,,1,68.62844136271826,98.50840857462055,70.0,113.5,15.054201624829293
20260808_131913,0.0,1,TR,Affine,EqualFusion,0.5477826042006415,0.4522173957993585,10.550513959460899,,1,63.70825818404355,100.41107346641869,70.0,113.5,14.522603515903887
20260808_131913,0.0,1,TR,Affine,LOOWeightedFusion,0.5477826042006415,0.4522173957993585,10.550513959460899,,1,63.23805985320102,100.59290203332117,70.0,113.5,14.571101964859647
20260808_131913,0.0,1,TR,Affine,LOOWeightedGated,0.5477826042006415,0.4522173957993585,10.550513959460899,15.39378796037687,1,63.23805985320102,100.59290203332117,70.0,113.5,14.571101964859647
20260808_131913,0.0,1,TR,Homography,ihawk1,,,0.07686422582391225,,1,69.93296307750123,113.54115684763258,70.0,113.5,0.0786627935250057
20260808_131913,0.0,1,TR,Homography,ihawk2,,,0.07686422582391225,,1,69.99247207335911,113.49250719579933,70.0,113.5,0.010621289672169715
20260808_131913,0.0,1,TR,Homography,EqualFusion,0.22558389845113672,0.7744161015488633,0.07686422582391225,,1,69.96271757543016,113.51683202171596,70.0,113.5,0.04090594256158992
20260808_131913,0.0,1,TR,Homography,LOOWeightedFusion,0.22558389845113672,0.7744161015488633,0.07686422582391225,,1,69.97904780208057,113.50348177391817,70.0,113.5,0.02123952323551797
20260808_131913,0.0,1,TR,Homography,LOOWeightedGated,0.22558389845113672,0.7744161015488633,0.07686422582391225,0.4995099461069983,1,69.97904780208057,113.50348177391817,70.0,113.5,0.02123952323551797
20260808_131913,0.0,1,TR,PnP,ihawk1,,,13.103567056610446,,1,78.48012988000453,126.52070787322396,70.0,113.5,15.53870767797573
20260808_131913,0.0,1,TR,PnP,ihawk2,,,13.103567056610446,,1,72.66790349173743,114.77670966057856,70.0,113.5,2.9576505200309615
20260808_131913,0.0,1,TR,PnP,EqualFusion,0.15062905711154223,0.8493709428884577,13.103567056610446,,1,75.57401668587099,120.64870876690125,70.0,113.5,9.064970989933668
20260808_131913,0.0,1,TR,PnP,LOOWeightedFusion,0.15062905711154223,0.8493709428884577,13.103567056610446,,1,73.54339367232093,116.54569703806897,70.0,113.5,4.672462858573205
20260808_131913,0.0,1,TR,PnP,LOOWeightedGated,0.15062905711154223,0.8493709428884577,13.103567056610446,13.870431873632965,1,73.54339367232093,116.54569703806897,70.0,113.5,4.672462858573205
20260808_131913,0.0,2,BL,Affine,ihawk1,,,7.823121955081981,,1,-77.69346129692526,-121.18825349445308,-70.0,-113.5,10.876515458650209
20260808_131913,0.0,2,BL,Affine,ihawk2,,,7.823121955081981,,1,-71.09625718776408,-125.39279093228765,-70.0,-113.5,11.943209618056105
20260808_131913,0.0,2,BL,Affine,EqualFusion,0.5477826042006415,0.4522173957993585,7.823121955081981,,1,-74.39485924234467,-123.29052221337037,-70.0,-113.5,10.731687331008153
20260808_131913,0.0,2,BL,Affine,LOOWeightedFusion,0.5477826042006415,0.4522173957993585,7.823121955081981,,1,-74.71009083512357,-123.08961846513154,-70.0,-113.5,10.683900878513743
20260808_131913,0.0,2,BL,Affine,LOOWeightedGated,0.5477826042006415,0.4522173957993585,7.823121955081981,15.39378796037687,1,-74.71009083512357,-123.08961846513154,-70.0,-113.5,10.683900878513743
20260808_131913,0.0,2,BL,Homography,ihawk1,,,0.0769184502149664,,1,-70.06678797373208,-113.45858762432775,-70.0,-113.5,0.07858510223990413
20260808_131913,0.0,2,BL,Homography,ihawk2,,,0.0769184502149664,,1,-70.00732778023219,-113.50738243319537,-70.0,-113.5,0.010401763457001703
20260808_131913,0.0,2,BL,Homography,EqualFusion,0.22558389845113672,0.7744161015488633,0.0769184502149664,,1,-70.03705787698213,-113.48298502876156,-70.0,-113.5,0.04077738947833387
20260808_131913,0.0,2,BL,Homography,LOOWeightedFusion,0.22558389845113672,0.7744161015488633,0.0769184502149664,,1,-70.02074104248456,-113.49637510998684,-70.0,-113.5,0.021055419040089646
20260808_131913,0.0,2,BL,Homography,LOOWeightedGated,0.22558389845113672,0.7744161015488633,0.0769184502149664,0.4995099461069983,1,-70.02074104248456,-113.49637510998684,-70.0,-113.5,0.021055419040089646
20260808_131913,0.0,2,BL,PnP,ihawk1,,,3.766511677140357,,1,-68.31415984283264,-110.7961482681375,-70.0,-113.5,3.1863570458148467
20260808_131913,0.0,2,BL,PnP,ihawk2,,,3.766511677140357,,1,-67.14333621772337,-114.37606198957279,-70.0,-113.5,2.9879780077077602
20260808_131913,0.0,2,BL,PnP,EqualFusion,0.15062905711154223,0.8493709428884577,3.766511677140357,,1,-67.72874803027801,-112.58610512885514,-70.0,-113.5,2.4482216700027166
20260808_131913,0.0,2,BL,PnP,LOOWeightedFusion,0.15062905711154223,0.8493709428884577,3.766511677140357,,1,-67.3196962764175,-113.83682296117232,-70.0,-113.5,2.7013844150403856
20260808_131913,0.0,2,BL,PnP,LOOWeightedGated,0.15062905711154223,0.8493709428884577,3.766511677140357,13.870431873632965,1,-67.3196962764175,-113.83682296117232,-70.0,-113.5,2.7013844150403856
20260808_131913,0.0,3,BR,Affine,ihawk1,,,15.345804387064865,,1,77.32223794397207,-109.85097256472397,70.0,-113.5,8.181110543901815
20260808_131913,0.0,3,BR,Affine,ihawk2,,,15.345804387064865,,1,67.6146991281334,-97.96579682243708,70.0,-113.5,15.71626955136407
20260808_131913,0.0,3,BR,Affine,EqualFusion,0.5477826042006415,0.4522173957993585,15.345804387064865,,1,72.46846853605274,-103.90838469358053,70.0,-113.5,9.904161807029539
20260808_131913,0.0,3,BR,Affine,LOOWeightedFusion,0.5477826042006415,0.4522173957993585,15.345804387064865,,1,72.9323200210523,-104.47628934192929,70.0,-113.5,9.4881955474391
20260808_131913,0.0,3,BR,Affine,LOOWeightedGated,0.5477826042006415,0.4522173957993585,15.345804387064865,15.39378796037687,1,72.9323200210523,-104.47628934192929,70.0,-113.5,9.4881955474391
20260808_131913,0.0,3,BR,Homography,ihawk1,,,0.039796048363582436,,1,70.08577012708926,-113.44699118113178,70.0,-113.5,0.10082881323665395
20260808_131913,0.0,3,BR,Homography,ihawk2,,,0.039796048363582436,,1,70.049908148045,-113.46424354109747,70.0,-113.5,0.061395012782230494
20260808_131913,0.0,3,BR,Homography,EqualFusion,0.22558389845113672,0.7744161015488633,0.039796048363582436,,1,70.06783913756713,-113.45561736111463,70.0,-113.5,0.08106767062325997
20260808_131913,0.0,3,BR,Homography,LOOWeightedFusion,0.22558389845113672,0.7744161015488633,0.039796048363582436,,1,70.05799803308399,-113.46035168647893,70.0,-113.5,0.07025496855509007
20260808_131913,0.0,3,BR,Homography,LOOWeightedGated,0.22558389845113672,0.7744161015488633,0.039796048363582436,0.4995099461069983,1,70.05799803308399,-113.46035168647893,70.0,-113.5,0.07025496855509007
20260808_131913,0.0,3,BR,PnP,ihawk1,,,3.3731087014486647,,1,72.8587641876292,-111.23578819280982,70.0,-113.5,3.646805148111246
20260808_131913,0.0,3,BR,PnP,ihawk2,,,3.3731087014486647,,1,71.27250523456485,-114.21263969156011,70.0,-113.5,1.4584666269688273
20260808_131913,0.0,3,BR,PnP,EqualFusion,0.15062905711154223,0.8493709428884577,3.3731087014486647,,1,72.06563471109703,-112.72421394218497,70.0,-113.5,2.2065109941237773
20260808_131913,0.0,3,BR,PnP,LOOWeightedFusion,0.15062905711154223,0.8493709428884577,3.3731087014486647,,1,71.51144192499967,-113.76423935714227,70.0,-113.5,1.5343660353741146
20260808_131913,0.0,3,BR,PnP,LOOWeightedGated,0.15062905711154223,0.8493709428884577,3.3731087014486647,13.870431873632965,1,71.51144192499967,-113.76423935714227,70.0,-113.5,1.5343660353741146
20260808_131913,0.0,4,C,Affine,ihawk1,,,12.209137267308762,,1,3.225588282279535,11.04823171417786,0.0,0.0,11.509467571392888
20260808_131913,0.0,4,C,Affine,ihawk2,,,12.209137267308762,,1,6.698699525868733,-0.6564908840575185,0.0,0.0,6.730791604166972
20260808_131913,0.0,4,C,Affine,EqualFusion,0.5477826042006415,0.4522173957993585,12.209137267308762,,1,4.962143904074134,5.1958704150601704,0.0,0.0,7.1847019071662
20260808_131913,0.0,4,C,Affine,LOOWeightedFusion,0.5477826042006415,0.4522173957993585,12.209137267308762,,1,4.796189604176913,5.755152542249956,0.0,0.0,7.491676414780661
20260808_131913,0.0,4,C,Affine,LOOWeightedGated,0.5477826042006415,0.4522173957993585,12.209137267308762,15.39378796037687,1,4.796189604176913,5.755152542249956,0.0,0.0,7.491676414780661
20260808_131913,0.0,4,C,Homography,ihawk1,,,0.13986501751549257,,1,-0.03779413408151178,-0.1883606834077575,0.0,0.0,0.19211492296229551
20260808_131913,0.0,4,C,Homography,ihawk2,,,0.13986501751549257,,1,-0.08502165942358542,-0.05671044993028571,0.0,0.0,0.10219959736924404
20260808_131913,0.0,4,C,Homography,EqualFusion,0.22558389845113672,0.7744161015488633,0.13986501751549257,,1,-0.061407896752548596,-0.1225355666690216,0.0,0.0,0.13706164628542117
20260808_131913,0.0,4,C,Homography,LOOWeightedFusion,0.22558389845113672,0.7744161015488633,0.13986501751549257,,1,-0.07436789014272059,-0.08640862283013614,0.0,0.0,0.11400453141731026
20260808_131913,0.0,4,C,Homography,LOOWeightedGated,0.22558389845113672,0.7744161015488633,0.13986501751549257,0.4995099461069983,1,-0.07436789014272059,-0.08640862283013614,0.0,0.0,0.11400453141731026
20260808_131913,0.0,4,C,PnP,ihawk1,,,7.406258055395937,,1,4.820095597254064,7.0972202373057565,0.0,0.0,8.579269005194464
20260808_131913,0.0,4,C,PnP,ihawk2,,,7.406258055395937,,1,2.0356770312791475,0.23430018585743842,0.0,0.0,2.0491162858096446
20260808_131913,0.0,4,C,PnP,EqualFusion,0.15062905711154223,0.8493709428884577,7.406258055395937,,1,3.4278863142666056,3.6657602115815973,0.0,0.0,5.018784963748801
20260808_131913,0.0,4,C,PnP,LOOWeightedFusion,0.15062905711154223,0.8493709428884577,7.406258055395937,,1,2.4550913744758214,1.2680553622389954,0.0,0.0,2.763229642778292
20260808_131913,0.0,4,C,PnP,LOOWeightedGated,0.15062905711154223,0.8493709428884577,7.406258055395937,13.870431873632965,1,2.4550913744758214,1.2680553622389954,0.0,0.0,2.763229642778292
20260808_131913,5.0,0,TL,Affine,ihawk1,,,8.759438605350311,,1,-58.66123339680912,120.96659939197514,-70.0,113.5,13.576366765886972
20260808_131913,5.0,0,TL,Affine,ihawk2,,,8.759438605350311,,1,-66.67793048273393,124.49651901052542,-70.0,113.5,11.48736593943082
20260808_131913,5.0,0,TL,Affine,EqualFusion,0.5477826042006415,0.4522173957993585,8.759438605350311,,1,-62.669581939771525,122.73155920125028,-70.0,113.5,11.7879902538097
20260808_131913,5.0,0,TL,Affine,LOOWeightedFusion,0.5477826042006415,0.4522173957993585,8.759438605350311,,1,-62.28652327591834,122.562890449257,-70.0,113.5,11.90099602840801
20260808_131913,5.0,0,TL,Affine,LOOWeightedGated,0.5477826042006415,0.4522173957993585,8.759438605350311,15.39378796037687,1,-62.28652327591834,122.562890449257,-70.0,113.5,11.90099602840801
20260808_131913,5.0,0,TL,Homography,ihawk1,,,4.725872608560918,,1,-67.03590353557989,118.10442534755693,-70.0,113.5,5.476002249051082
20260808_131913,5.0,0,TL,Homography,ihawk2,,,4.725872608560918,,1,-65.89110615384179,113.51930693391569,-70.0,113.5,4.108939205767595
20260808_131913,5.0,0,TL,Homography,EqualFusion,0.22558389845113672,0.7744161015488633,4.725872608560918,,1,-66.46350484471084,115.8118661407363,-70.0,113.5,4.225106275120976
20260808_131913,5.0,0,TL,Homography,LOOWeightedFusion,0.22558389845113672,0.7744161015488633,4.725872608560918,,1,-66.14935401015093,114.55363582052496,-70.0,113.5,3.992195258430383
20260808_131913,5.0,0,TL,Homography,LOOWeightedGated,0.22558389845113672,0.7744161015488633,4.725872608560918,0.4995099461069983,0,,,-70.0,113.5,
20260808_131913,5.0,0,TL,PnP,ihawk1,,,7.564282239175535,,1,-65.87656944268058,121.34725073057254,-70.0,113.5,8.864650223754282
20260808_131913,5.0,0,TL,PnP,ihawk2,,,7.564282239175535,,1,-64.50984860906502,113.90746310209364,-70.0,113.5,5.505250991095057
20260808_131913,5.0,0,TL,PnP,EqualFusion,0.15062905711154223,0.8493709428884577,7.564282239175535,,1,-65.19320902587279,117.6273569163331,-70.0,113.5,6.335638451154981
20260808_131913,5.0,0,TL,PnP,LOOWeightedFusion,0.15062905711154223,0.8493709428884577,7.564282239175535,,1,-64.71571647956722,115.02811129768153,-70.0,113.5,5.5007978023573445
20260808_131913,5.0,0,TL,PnP,LOOWeightedGated,0.15062905711154223,0.8493709428884577,7.564282239175535,13.870431873632965,1,-64.71571647956722,115.02811129768153,-70.0,113.5,5.5007978023573445
20260808_131913,5.0,1,TR,Affine,ihawk1,,,13.53164694765344,,1,62.29767164898679,104.82132418866115,70.0,113.5,11.603675101671016
20260808_131913,5.0,1,TR,Affine,ihawk2,,,13.53164694765344,,1,73.28961611359824,96.92938995155322,70.0,113.5,16.893983886358203
20260808_131913,5.0,1,TR,Affine,EqualFusion,0.5477826042006415,0.4522173957993585,13.53164694765344,,1,67.79364388129252,100.87535707010719,70.0,113.5,12.815990653470786
20260808_131913,5.0,1,TR,Affine,LOOWeightedFusion,0.5477826042006415,0.4522173957993585,13.53164694765344,,1,67.26842014954457,101.25245424013642,70.0,113.5,12.548462281067215
20260808_131913,5.0,1,TR,Affine,LOOWeightedGated,0.5477826042006415,0.4522173957993585,13.53164694765344,15.39378796037687,1,67.26842014954457,101.25245424013642,70.0,113.5,12.548462281067215
20260808_131913,5.0,1,TR,Homography,ihawk1,,,5.050452126898028,,1,74.83986147981088,117.62233376115988,70.0,113.5,6.357506962808275
20260808_131913,5.0,1,TR,Homography,ihawk2,,,5.050452126898028,,1,75.99003434645202,112.70459352168695,70.0,113.5,6.042613915965281
20260808_131913,5.0,1,TR,Homography,EqualFusion,0.22558389845113672,0.7744161015488633,5.050452126898028,,1,75.41494791313144,115.16346364142342,70.0,113.5,5.6646952423112955
20260808_131913,5.0,1,TR,Homography,LOOWeightedFusion,0.22558389845113672,0.7744161015488633,5.050452126898028,,1,75.7305738673024,113.81395653647729,70.0,113.5,5.739167670961179
20260808_131913,5.0,1,TR,Homography,LOOWeightedGated,0.22558389845113672,0.7744161015488633,5.050452126898028,0.4995099461069983,0,,,70.0,113.5,
20260808_131913,5.0,1,TR,PnP,ihawk1,,,9.526691130464437,,1,77.33657961952464,121.36034497084657,70.0,113.5,10.752228772414457
20260808_131913,5.0,1,TR,PnP,ihawk2,,,9.526691130464437,,1,73.64013335712255,112.58001872836313,70.0,113.5,3.754588712202561
20260808_131913,5.0,1,TR,PnP,EqualFusion,0.15062905711154223,0.8493709428884577,9.526691130464437,,1,75.4883564883236,116.97018184960484,70.0,113.5,6.493398109792028
20260808_131913,5.0,1,TR,PnP,LOOWeightedFusion,0.15062905711154223,0.8493709428884577,9.526691130464437,,1,74.19692557229166,113.90259099140013,70.0,113.5,4.216190669990178
20260808_131913,5.0,1,TR,PnP,LOOWeightedGated,0.15062905711154223,0.8493709428884577,9.526691130464437,13.870431873632965,1,74.19692557229166,113.90259099140013,70.0,113.5,4.216190669990178
20260808_131913,5.0,2,BL,Affine,ihawk1,,,12.35449056430005,,1,-75.63998359690818,-118.01607963965296,-70.0,-113.5,7.225260568663343
20260808_131913,5.0,2,BL,Affine,ihawk2,,,12.35449056430005,,1,-67.62730736618073,-127.4198265909971,-70.0,-113.5,14.120596398807322
20260808_131913,5.0,2,BL,Affine,EqualFusion,0.5477826042006415,0.4522173957993585,12.35449056430005,,1,-71.63364548154445,-122.71795311532503,-70.0,-113.5,9.361594799803132
20260808_131913,5.0,2,BL,Affine,LOOWeightedFusion,0.5477826042006415,0.4522173957993585,12.35449056430005,,1,-72.01651201846519,-122.26861759674597,-70.0,-113.5,8.997498278887171
20260808_131913,5.0,2,BL,Affine,LOOWeightedGated,0.5477826042006415,0.4522173957993585,12.35449056430005,15.39378796037687,1,-72.01651201846519,-122.26861759674597,-70.0,-113.5,8.997498278887171
20260808_131913,5.0,2,BL,Homography,ihawk1,,,4.959472754989702,,1,-68.6023834206045,-111.24040749691872,-70.0,-113.5,2.656894876163208
20260808_131913,5.0,2,BL,Homography,ihawk2,,,4.959472754989702,,1,-67.2509227227292,-116.01219164853157,-70.0,-113.5,3.724047899176164
20260808_131913,5.0,2,BL,Homography,EqualFusion,0.22558389845113672,0.7744161015488633,4.959472754989702,,1,-67.92665307166685,-113.62629957272515,-70.0,-113.5,2.0771901856351693
20260808_131913,5.0,2,BL,Homography,LOOWeightedFusion,0.22558389845113672,0.7744161015488633,4.959472754989702,,1,-67.5557904955594,-114.93575397704339,-70.0,-113.5,2.8347044968027344
20260808_131913,5.0,2,BL,Homography,LOOWeightedGated,0.22558389845113672,0.7744161015488633,4.959472754989702,0.4995099461069983,0,,,-70.0,-113.5,
20260808_131913,5.0,2,BL,PnP,ihawk1,,,3.8207930388917704,,1,-69.46288950935592,-112.39849516321078,-70.0,-113.5,1.2254797365236063
20260808_131913,5.0,2,BL,PnP,ihawk2,,,3.8207930388917704,,1,-67.81906234011576,-115.8475952898687,-70.0,-113.5,3.2043240662135073
20260808_131913,5.0,2,BL,PnP,EqualFusion,0.15062905711154223,0.8493709428884577,3.8207930388917704,,1,-68.64097592473584,-114.12304522653974,-70.0,-113.5,1.4950357157812535
20260808_131913,5.0,2,BL,PnP,LOOWeightedFusion,0.15062905711154223,0.8493709428884577,3.8207930388917704,,1,-68.06667047667274,-115.32806058990693,-70.0,-113.5,2.6607458665080483
20260808_131913,5.0,2,BL,PnP,LOOWeightedGated,0.15062905711154223,0.8493709428884577,3.8207930388917704,13.870431873632965,1,-68.06667047667274,-115.32806058990693,-70.0,-113.5,2.6607458665080483
20260808_131913,5.0,3,BR,Affine,ihawk1,,,11.564975116365007,,1,80.47124982586801,-107.39345758477145,70.0,-113.5,12.121754542339414
20260808_131913,5.0,3,BR,Affine,ihawk2,,,11.564975116365007,,1,71.39405445613676,-100.2273447150302,70.0,-113.5,13.345664694585713
20260808_131913,5.0,3,BR,Affine,EqualFusion,0.5477826042006415,0.4522173957993585,11.564975116365007,,1,75.9326521410024,-103.81040114990083,70.0,-113.5,11.361544230516532
20260808_131913,5.0,3,BR,Affine,LOOWeightedFusion,0.5477826042006415,0.4522173957993585,11.564975116365007,,1,76.36638417460614,-104.15281668481279,70.0,-113.5,11.309318431558538
20260808_131913,5.0,3,BR,Affine,LOOWeightedGated,0.5477826042006415,0.4522173957993585,11.564975116365007,15.39378796037687,1,76.36638417460614,-104.15281668481279,70.0,-113.5,11.309318431558538
20260808_131913,5.0,3,BR,Homography,ihawk1,,,5.621105988613432,,1,73.57297453226965,-111.5681250496003,70.0,-113.5,4.061808443566659
20260808_131913,5.0,3,BR,Homography,ihawk2,,,5.621105988613432,,1,74.9723418290851,-117.0122598480627,70.0,-113.5,6.087705027806679
20260808_131913,5.0,3,BR,Homography,EqualFusion,0.22558389845113672,0.7744161015488633,5.621105988613432,,1,74.27265818067738,-114.2901924488315,70.0,-113.5,4.345113581380778
20260808_131913,5.0,3,BR,Homography,LOOWeightedFusion,0.22558389845113672,0.7744161015488633,5.621105988613432,,1,74.65666709890445,-115.78415069653207,70.0,-113.5,5.186703468918105
20260808_131913,5.0,3,BR,Homography,LOOWeightedGated,0.22558389845113672,0.7744161015488633,5.621105988613432,0.4995099461069983,0,,,70.0,-113.5,
20260808_131913,5.0,3,BR,PnP,ihawk1,,,4.470428713748919,,1,72.79389156042184,-112.50958968976735,70.0,-113.5,2.964244024032353
20260808_131913,5.0,3,BR,PnP,ihawk2,,,4.470428713748919,,1,71.39436371381447,-116.75529984135346,70.0,-113.5,3.541359516275968
20260808_131913,5.0,3,BR,PnP,EqualFusion,0.15062905711154223,0.8493709428884577,4.470428713748919,,1,72.09412763711816,-114.63244476556041,70.0,-113.5,2.380714537189889
20260808_131913,5.0,3,BR,PnP,LOOWeightedFusion,0.15062905711154223,0.8493709428884577,4.470428713748919,,1,71.60517327375028,-116.11577252445113,70.0,-113.5,3.0690140336003093
20260808_131913,5.0,3,BR,PnP,LOOWeightedGated,0.15062905711154223,0.8493709428884577,4.470428713748919,13.870431873632965,1,71.60517327375028,-116.11577252445113,70.0,-113.5,3.0690140336003093
20260808_131913,5.0,4,C,Affine,ihawk1,,,16.31088973418838,,1,5.884234691943551,13.41979556052263,0.0,0.0,14.65316111957058
20260808_131913,5.0,4,C,Affine,ihawk2,,,16.31088973418838,,1,10.609112932232847,-2.1917594400304097,0.0,0.0,10.833147587466565
20260808_131913,5.0,4,C,Affine,EqualFusion,0.5477826042006415,0.4522173957993585,16.31088973418838,,1,8.246673812088199,5.61401806024611,0.0,0.0,9.976213096348273
20260808_131913,5.0,4,C,Affine,LOOWeightedFusion,0.5477826042006415,0.4522173957993585,16.31088973418838,,1,8.020906825236231,6.359978813794082,0.0,0.0,10.23641914006215
20260808_131913,5.0,4,C,Affine,LOOWeightedGated,0.5477826042006415,0.4522173957993585,16.31088973418838,15.39378796037687,0,,,0.0,0.0,
20260808_131913,5.0,4,C,Homography,ihawk1,,,4.19563259037352,,1,2.7699095626714896,2.367119083286327,0.0,0.0,3.6435767783645323
20260808_131913,5.0,4,C,Homography,ihawk2,,,4.19563259037352,,1,3.9248452123210464,-1.6664223480830054,0.0,0.0,4.263962169493289
20260808_131913,5.0,4,C,Homography,EqualFusion,0.22558389845113672,0.7744161015488633,4.19563259037352,,1,3.347377387496268,0.35034836760166077,0.0,0.0,3.365661800152013
20260808_131913,5.0,4,C,Homography,LOOWeightedFusion,0.22558389845113672,0.7744161015488633,4.19563259037352,,1,3.6643103260129033,-0.7565203474305333,0.0,0.0,3.7415896623495746
20260808_131913,5.0,4,C,Homography,LOOWeightedGated,0.22558389845113672,0.7744161015488633,4.19563259037352,0.4995099461069983,0,,,0.0,0.0,
20260808_131913,5.0,4,C,PnP,ihawk1,,,3.9588767649696854,,1,2.797424240169269,2.4263103378438764,0.0,0.0,3.7030479655298385
20260808_131913,5.0,4,C,PnP,ihawk2,,,3.9588767649696854,,1,3.380835278546229,-1.4893424558186006,0.0,0.0,3.6943454266441487
20260808_131913,5.0,4,C,PnP,EqualFusion,0.15062905711154223,0.8493709428884577,3.9588767649696854,,1,3.089129759357749,0.4684839410126379,0.0,0.0,3.1244519316411954
20260808_131913,5.0,4,C,PnP,LOOWeightedFusion,0.15062905711154223,0.8493709428884577,3.9588767649696854,,1,3.2929566239270414,-0.8995313675330454,0.0,0.0,3.413608063067705
20260808_131913,5.0,4,C,PnP,LOOWeightedGated,0.15062905711154223,0.8493709428884577,3.9588767649696854,13.870431873632965,1,3.2929566239270414,-0.8995313675330454,0.0,0.0,3.413608063067705
20260808_131913,10.0,0,TL,Affine,ihawk1,,,4.618741988256967,,1,-52.1698545190725,125.85581387508898,-70.0,113.5,21.692861138791276
20260808_131913,10.0,0,TL,Affine,ihawk2,,,4.618741988256967,,1,-56.57941916109337,124.48158055358667,-70.0,113.5,17.340908324206683
20260808_131913,10.0,0,TL,Affine,EqualFusion,0.5477826042006415,0.4522173957993585,4.618741988256967,,1,-54.374636840082935,125.16869721433783,-70.0,113.5,19.501550414241137
20260808_131913,10.0,0,TL,Affine,LOOWeightedFusion,0.5477826042006415,0.4522173957993585,4.618741988256967,,1,-54.16393635809611,125.23436166121851,-70.0,113.5,19.709798458297467
20260808_131913,10.0,0,TL,Affine,LOOWeightedGated,0.5477826042006415,0.4522173957993585,4.618741988256967,15.39378796037687,1,-54.16393635809611,125.23436166121851,-70.0,113.5,19.709798458297467
20260808_131913,10.0,0,TL,Homography,ihawk1,,,10.431935111410672,,1,-60.4935129267371,125.3433405407154,-70.0,113.5,15.1867709417594
20260808_131913,10.0,0,TL,Homography,ihawk2,,,10.431935111410672,,1,-57.76314607104438,115.27505533408674,-70.0,113.5,12.364926830259302
20260808_131913,10.0,0,TL,Homography,EqualFusion,0.22558389845113672,0.7744161015488633,10.431935111410672,,1,-59.128329498890736,120.30919793740108,-70.0,113.5,12.828031650857293
20260808_131913,10.0,0,TL,Homography,LOOWeightedFusion,0.22558389845113672,0.7744161015488633,10.431935111410672,,1,-58.37907287055332,117.54629836171596,-70.0,113.5,12.305221565658012
20260808_131913,10.0,0,TL,Homography,LOOWeightedGated,0.22558389845113672,0.7744161015488633,10.431935111410672,0.4995099461069983,0,,,-70.0,113.5,
20260808_131913,10.0,0,TL,PnP,ihawk1,,,3.483924924801023,,1,-65.01374121113172,114.59137336498735,-70.0,113.5,5.104299416312684
20260808_131913,10.0,0,TL,PnP,ihawk2,,,3.483924924801023,,1,-61.67840423060658,113.58476514527558,-70.0,113.5,8.322027474061837
20260808_131913,10.0,0,TL,PnP,EqualFusion,0.15062905711154223,0.8493709428884577,3.483924924801023,,1,-63.346072720869145,114.08806925513147,-70.0,113.5,6.679863298361174
20260808_131913,10.0,0,TL,PnP,LOOWeightedFusion,0.15062905711154223,0.8493709428884577,3.483924924801023,,1,-62.18080289513234,113.73638959229149,-70.0,113.5,7.822769548191648
20260808_131913,10.0,0,TL,PnP,LOOWeightedGated,0.15062905711154223,0.8493709428884577,3.483924924801023,13.870431873632965,1,-62.18080289513234,113.73638959229149,-70.0,113.5,7.822769548191648
20260808_131913,10.0,1,TR,Affine,ihawk1,,,17.90786648514802,,1,68.40416397689101,108.11938421574575,70.0,113.5,5.612282853743051
20260808_131913,10.0,1,TR,Affine,ihawk2,,,17.90786648514802,,1,81.20678871293853,95.598023190768,70.0,113.5,21.120437659639695
20260808_131913,10.0,1,TR,Affine,EqualFusion,0.5477826042006415,0.4522173957993585,17.90786648514802,,1,74.80547634491478,101.85870370325688,70.0,113.5,12.594140795230956
20260808_131913,10.0,1,TR,Affine,LOOWeightedFusion,0.5477826042006415,0.4522173957993585,17.90786648514802,,1,74.19373359442287,102.45700694116672,70.0,113.5,11.812497498769295
20260808_131913,10.0,1,TR,Affine,LOOWeightedGated,0.5477826042006415,0.4522173957993585,17.90786648514802,15.39378796037687,0,,,70.0,113.5,
20260808_131913,10.0,1,TR,Homography,ihawk1,,,10.880048059125592,,1,83.4089895017536,123.36395697023103,70.0,113.5,16.646280262229983
20260808_131913,10.0,1,TR,Homography,ihawk2,,,10.880048059125592,,1,86.42801148391096,112.91116059604803,70.0,113.5,16.438561164504545
20260808_131913,10.0,1,TR,Homography,EqualFusion,0.22558389845113672,0.7744161015488633,10.880048059125592,,1,84.91850049283228,118.13755878313953,70.0,113.5,15.622695299522151
20260808_131913,10.0,1,TR,Homography,LOOWeightedFusion,0.22558389845113672,0.7744161015488633,10.880048059125592,,1,85.74696873566623,115.26914315185213,70.0,113.5,15.846037102499633
20260808_131913,10.0,1,TR,Homography,LOOWeightedGated,0.22558389845113672,0.7744161015488633,10.880048059125592,0.4995099461069983,0,,,70.0,113.5,
20260808_131913,10.0,1,TR,PnP,ihawk1,,,13.817691803566648,,1,83.03136372102766,122.72747570961353,70.0,113.5,15.967552987268386
20260808_131913,10.0,1,TR,PnP,ihawk2,,,13.817691803566648,,1,76.25537817330853,110.68527380815654,70.0,113.5,6.859478087008832
20260808_131913,10.0,1,TR,PnP,EqualFusion,0.15062905711154223,0.8493709428884577,13.817691803566648,,1,79.6433709471681,116.70637475888503,70.0,113.5,10.162452574014834
20260808_131913,10.0,1,TR,PnP,LOOWeightedFusion,0.15062905711154223,0.8493709428884577,13.817691803566648,,1,77.2760384873629,112.49917932611982,70.0,113.5,7.344547507563154
20260808_131913,10.0,1,TR,PnP,LOOWeightedGated,0.15062905711154223,0.8493709428884577,13.817691803566648,13.870431873632965,1,77.2760384873629,112.49917932611982,70.0,113.5,7.344547507563154
20260808_131913,10.0,2,BL,Affine,ihawk1,,,19.011437498089887,,1,-69.48463203523245,-111.3963745009138,-70.0,-113.5,2.165835723113444
20260808_131913,10.0,2,BL,Affine,ihawk2,,,19.011437498089887,,1,-59.872666390236986,-127.79896186337601,-70.0,-113.5,17.522077400060674
20260808_131913,10.0,2,BL,Affine,EqualFusion,0.5477826042006415,0.4522173957993585,19.011437498089887,,1,-64.67864921273471,-119.5976681821449,-70.0,-113.5,8.093103944758846
20260808_131913,10.0,2,BL,Affine,LOOWeightedFusion,0.5477826042006415,0.4522173957993585,19.011437498089887,,1,-65.1379339627397,-118.81390984233792,-70.0,-113.5,7.202591475516015
20260808_131913,10.0,2,BL,Affine,LOOWeightedGated,0.5477826042006415,0.4522173957993585,19.011437498089887,15.39378796037687,0,,,-70.0,-113.5,
20260808_131913,10.0,2,BL,Homography,ihawk1,,,11.59396182747122,,1,-63.99354393851963,-106.63723559820701,-70.0,-113.5,9.120035616871863
20260808_131913,10.0,2,BL,Homography,ihawk2,,,11.59396182747122,,1,-60.96783850189996,-117.82942293883306,-70.0,-113.5,10.01617912734465
20260808_131913,10.0,2,BL,Homography,EqualFusion,0.22558389845113672,0.7744161015488633,11.59396182747122,,1,-62.48069122020979,-112.23332926852004,-70.0,-113.5,7.625251423252751
20260808_131913,10.0,2,BL,Homography,LOOWeightedFusion,0.22558389845113672,0.7744161015488633,11.59396182747122,,1,-61.65038892985743,-115.30464568633917,-70.0,-113.5,8.542408973812362
20260808_131913,10.0,2,BL,Homography,LOOWeightedGated,0.22558389845113672,0.7744161015488633,11.59396182747122,0.4995099461069983,0,,,-70.0,-113.5,
20260808_131913,10.0,2,BL,PnP,ihawk1,,,3.509492930425404,,1,-68.39103894856619,-112.92483894073933,-70.0,-113.5,1.708673728106346
20260808_131913,10.0,2,BL,PnP,ihawk2,,,3.509492930425404,,1,-66.81297141035364,-116.05952289188109,-70.0,-113.5,4.087579805372195
20260808_131913,10.0,2,BL,PnP,EqualFusion,0.15062905711154223,0.8493709428884577,3.509492930425404,,1,-67.60200517945992,-114.49218091631022,-70.0,-113.5,2.5951497317163077
20260808_131913,10.0,2,BL,PnP,LOOWeightedFusion,0.15062905711154223,0.8493709428884577,3.509492930425404,,1,-67.05067423569292,-115.58734840397791,-70.0,-113.5,3.6132458847405693
20260808_131913,10.0,2,BL,PnP,LOOWeightedGated,0.15062905711154223,0.8493709428884577,3.509492930425404,13.870431873632965,1,-67.05067423569292,-115.58734840397791,-70.0,-113.5,3.6132458847405693
20260808_131913,10.0,3,BR,Affine,ihawk1,,,8.793215705954589,,1,86.49307633394584,-103.34572516097876,70.0,-113.5,19.36829534222731
20260808_131913,10.0,3,BR,Affine,ihawk2,,,8.793215705954589,,1,77.88177117544416,-101.56638092261204,70.0,-113.5,14.30152373512208
20260808_131913,10.0,3,BR,Affine,EqualFusion,0.5477826042006415,0.4522173957993585,8.793215705954589,,1,82.187423754695,-102.4560530417954,70.0,-113.5,16.446946895765812
20260808_131913,10.0,3,BR,Affine,LOOWeightedFusion,0.5477826042006415,0.4522173957993585,8.793215705954589,,1,82.59889434073463,-102.54107474327397,70.0,-113.5,16.698208927651578
20260808_131913,10.0,3,BR,Affine,LOOWeightedGated,0.5477826042006415,0.4522173957993585,8.793215705954589,15.39378796037687,1,82.59889434073463,-102.54107474327397,70.0,-113.5,16.698208927651578
20260808_131913,10.0,3,BR,Homography,ihawk1,,,12.170299162665707,,1,80.28143934280853,-108.47686061347628,70.0,-113.5,11.442898420255986
20260808_131913,10.0,3,BR,Homography,ihawk2,,,12.170299162665707,,1,83.58221600951623,-120.19099972419626,70.0,-113.5,15.140874117380193
20260808_131913,10.0,3,BR,Homography,EqualFusion,0.22558389845113672,0.7744161015488633,12.170299162665707,,1,81.93182767616238,-114.33393016883628,70.0,-113.5,11.960934379057933
20260808_131913,10.0,3,BR,Homography,LOOWeightedFusion,0.22558389845113672,0.7744161015488633,12.170299162665707,,1,82.83761394112376,-117.54847855660111,70.0,-113.5,13.460851025273039
20260808_131913,10.0,3,BR,Homography,LOOWeightedGated,0.22558389845113672,0.7744161015488633,12.170299162665707,0.4995099461069983,0,,,70.0,-113.5,
20260808_131913,10.0,3,BR,PnP,ihawk1,,,3.810930863811907,,1,73.23765977637446,-114.90794150168875,70.0,-113.5,3.5305438815755683
20260808_131913,10.0,3,BR,PnP,ihawk2,,,3.810930863811907,,1,74.0083401787723,-118.64013197996208,70.0,-113.5,6.518262633569564
20260808_131913,10.0,3,BR,PnP,EqualFusion,0.15062905711154223,0.8493709428884577,3.810930863811907,,1,73.62299997757339,-116.77403674082541,70.0,-113.5,4.883179846961549
20260808_131913,10.0,3,BR,PnP,LOOWeightedFusion,0.15062905711154223,0.8493709428884577,3.810930863811907,,1,73.89225331642476,-118.07795564725909,70.0,-113.5,6.008936161043059
20260808_131913,10.0,3,BR,PnP,LOOWeightedGated,0.15062905711154223,0.8493709428884577,3.810930863811907,13.870431873632965,1,73.89225331642476,-118.07795564725909,70.0,-113.5,6.008936161043059
20260808_131913,10.0,4,C,Affine,ihawk1,,,22.495128256870824,,1,12.053000718153658,18.607190992541177,0.0,0.0,22.169853020367956
20260808_131913,10.0,4,C,Affine,ihawk2,,,22.495128256870824,,1,18.5517359055126,-2.928761186493091,0.0,0.0,18.78149480726691
20260808_131913,10.0,4,C,Affine,EqualFusion,0.5477826042006415,0.4522173957993585,22.495128256870824,,1,15.30236831183313,7.839214903024043,0.0,0.0,17.193480341303474
20260808_131913,10.0,4,C,Affine,LOOWeightedFusion,0.5477826042006415,0.4522173957993585,22.495128256870824,,1,14.991841820570777,8.868258782078781,0.0,0.0,17.418419417356223
20260808_131913,10.0,4,C,Affine,LOOWeightedGated,0.5477826042006415,0.4522173957993585,22.495128256870824,15.39378796037687,0,,,0.0,0.0,
20260808_131913,10.0,4,C,Homography,ihawk1,,,10.946740209722568,,1,9.390721475251073,8.06856942982865,0.0,0.0,12.38093140558121
20260808_131913,10.0,4,C,Homography,ihawk2,,,10.946740209722568,,1,12.240374670700415,-2.5007540057003372,0.0,0.0,12.493219868238556
20260808_131913,10.0,4,C,Homography,EqualFusion,0.22558389845113672,0.7744161015488633,10.946740209722568,,1,10.815548072975744,2.783907712064156,0.0,0.0,11.168089463652215
20260808_131913,10.0,4,C,Homography,LOOWeightedFusion,0.22558389845113672,0.7744161015488633,10.946740209722568,,1,11.597538793637213,-0.11648482112274694,0.0,0.0,11.598123761344853
20260808_131913,10.0,4,C,Homography,LOOWeightedGated,0.22558389845113672,0.7744161015488633,10.946740209722568,0.4995099461069983,0,,,0.0,0.0,
20260808_131913,10.0,4,C,PnP,ihawk1,,,7.772141689942197,,1,6.889138065434603,4.373510402724028,0.0,0.0,8.160135815496904
20260808_131913,10.0,4,C,PnP,ihawk2,,,7.772141689942197,,1,3.4750292256021527,-2.608613004830115,0.0,0.0,4.345191587002568
20260808_131913,10.0,4,C,PnP,EqualFusion,0.15062905711154223,0.8493709428884577,7.772141689942197,,1,5.182083645518378,0.8824486989469564,0.0,0.0,5.256682091911419
20260808_131913,10.0,4,C,PnP,LOOWeightedFusion,0.15062905711154223,0.8493709428884577,7.772141689942197,,1,3.989293221022296,-1.556902339313806,0.0,0.0,4.282336429737304
20260808_131913,10.0,4,C,PnP,LOOWeightedGated,0.15062905711154223,0.8493709428884577,7.772141689942197,13.870431873632965,1,3.989293221022296,-1.556902339313806,0.0,0.0,4.282336429737304
20260808_131913,15.0,0,TL,Affine,ihawk1,,,6.893874693682829,,1,-49.18719203765558,133.0311287141401,-70.0,113.5,28.541863361135608
20260808_131913,15.0,0,TL,Affine,ihawk2,,,6.893874693682829,,1,-51.20462636412799,126.43905263519719,-70.0,113.5,22.818526534560373
20260808_131913,15.0,0,TL,Affine,EqualFusion,0.5477826042006415,0.4522173957993585,6.893874693682829,,1,-50.19590920089178,129.73509067466864,-70.0,113.5,25.608205356760855
20260808_131913,15.0,0,TL,Affine,LOOWeightedFusion,0.5477826042006415,0.4522173957993585,6.893874693682829,,1,-50.09951093496916,130.05007723680927,-70.0,113.5,25.883093353997786
20260808_131913,15.0,0,TL,Affine,LOOWeightedGated,0.5477826042006415,0.4522173957993585,6.893874693682829,15.39378796037687,1,-50.09951093496916,130.05007723680927,-70.0,113.5,25.883093353997786
20260808_131913,15.0,0,TL,Homography,ihawk1,,,17.60243409078901,,1,-57.703403187436315,135.09173318705314,-70.0,113.5,24.847720925502266
20260808_131913,15.0,0,TL,Homography,ihawk2,,,17.60243409078901,,1,-53.32738293028513,118.0419199144811,-70.0,113.5,17.28019665579381
20260808_131913,15.0,0,TL,Homography,EqualFusion,0.22558389845113672,0.7744161015488633,17.60243409078901,,1,-55.515393058860724,126.56682655076712,-70.0,113.5,19.50758299603343
20260808_131913,15.0,0,TL,Homography,LOOWeightedFusion,0.22558389845113672,0.7744161015488633,17.60243409078901,,1,-54.31454263959444,121.88808326037184,-70.0,113.5,17.787453819701998
20260808_131913,15.0,0,TL,Homography,LOOWeightedGated,0.22558389845113672,0.7744161015488633,17.60243409078901,0.4995099461069983,0,,,-70.0,113.5,
20260808_131913,15.0,0,TL,PnP,ihawk1,,,3.975399716502135,,1,-65.71761033546645,115.69609607531244,-70.0,113.5,4.812660304956761
20260808_131913,15.0,0,TL,PnP,ihawk2,,,3.975399716502135,,1,-61.93798454847764,114.46393057656867,-70.0,113.5,8.119436883000528
20260808_131913,15.0,0,TL,PnP,EqualFusion,0.15062905711154223,0.8493709428884577,3.975399716502135,,1,-63.82779744197204,115.08001332594056,-70.0,113.5,6.371226453947203
20260808_131913,15.0,0,TL,PnP,LOOWeightedFusion,0.15062905711154223,0.8493709428884577,3.975399716502135,,1,-62.50730601700623,114.6495305038498,-70.0,113.5,7.580361699950224
20260808_131913,15.0,0,TL,PnP,LOOWeightedGated,0.15062905711154223,0.8493709428884577,3.975399716502135,13.870431873632965,1,-62.50730601700623,114.6495305038498,-70.0,113.5,7.580361699950224
20260808_131913,15.0,1,TR,Affine,ihawk1,,,23.245975501065825,,1,71.46338272530635,114.64706513968895,70.0,113.5,1.8593674826173157
20260808_131913,15.0,1,TR,Affine,ihawk2,,,23.245975501065825,,1,86.35129429492235,96.79418116842407,70.0,113.5,23.376253077698255
20260808_131913,15.0,1,TR,Affine,EqualFusion,0.5477826042006415,0.4522173957993585,23.245975501065825,,1,78.90733851011436,105.72062315405651,70.0,113.5,11.826215939385174
20260808_131913,15.0,1,TR,Affine,LOOWeightedFusion,0.5477826042006415,0.4522173957993585,23.245975501065825,,1,78.19595532420924,106.57368044269543,70.0,113.5,10.73068433448368
20260808_131913,15.0,1,TR,Affine,LOOWeightedGated,0.5477826042006415,0.4522173957993585,23.245975501065825,15.39378796037687,0,,,70.0,113.5,
20260808_131913,15.0,1,TR,Homography,ihawk1,,,18.454221888039775,,1,88.46785959978277,133.27406801466634,70.0,113.5,27.056895683835183
20260808_131913,15.0,1,TR,Homography,ihawk2,,,18.454221888039775,,1,93.37419240196492,115.48400888246451,70.0,113.5,23.458242936967224
20260808_131913,15.0,1,TR,Homography,EqualFusion,0.22558389845113672,0.7744161015488633,18.454221888039775,,1,90.92102600087384,124.37903844856542,70.0,113.5,23.580559927503927
20260808_131913,15.0,1,TR,Homography,LOOWeightedFusion,0.22558389845113672,0.7744161015488633,18.454221888039775,,1,92.26740272134998,119.49715977518285,70.0,113.5,23.060857514928966
20260808_131913,15.0,1,TR,Homography,LOOWeightedGated,0.22558389845113672,0.7744161015488633,18.454221888039775,0.4995099461069983,0,,,70.0,113.5,
20260808_131913,15.0,1,TR,PnP,ihawk1,,,12.865980268110393,,1,81.36656748235636,122.55894540336192,70.0,113.5,14.534901036885424
20260808_131913,15.0,1,TR,PnP,ihawk2,,,12.865980268110393,,1,75.45715246911189,111.13037320642293,70.0,113.5,5.94942385546469
20260808_131913,15.0,1,TR,PnP,EqualFusion,0.15062905711154223,0.8493709428884577,12.865980268110393,,1,78.41185997573413,116.84465930489242,70.0,113.5,9.052410403708024
20260808_131913,15.0,1,TR,PnP,LOOWeightedFusion,0.15062905711154223,0.8493709428884577,12.865980268110393,,1,76.34728208063768,112.85184826057903,70.0,113.5,6.38028921668122
20260808_131913,15.0,1,TR,PnP,LOOWeightedGated,0.15062905711154223,0.8493709428884577,12.865980268110393,13.870431873632965,1,76.34728208063768,112.85184826057903,70.0,113.5,6.38028921668122
20260808_131913,15.0,2,BL,Affine,ihawk1,,,26.442817974250282,,1,-66.8536979516199,-103.9105836585419,-70.0,-113.5,10.092379419614806
20260808_131913,15.0,2,BL,Affine,ihawk2,,,26.442817974250282,,1,-55.738280403771796,-127.9037100733367,-70.0,-113.5,20.269768368636594
20260808_131913,15.0,2,BL,Affine,EqualFusion,0.5477826042006415,0.4522173957993585,26.442817974250282,,1,-61.29598917769585,-115.9071468659393,-70.0,-113.5,9.030734213173872
20260808_131913,15.0,2,BL,Affine,LOOWeightedFusion,0.5477826042006415,0.4522173957993585,26.442817974250282,,1,-61.82711277490954,-114.7606928029252,-70.0,-113.5,8.269548472401278
20260808_131913,15.0,2,BL,Affine,LOOWeightedGated,0.5477826042006415,0.4522173957993585,26.442817974250282,15.39378796037687,0,,,-70.0,-113.5,
20260808_131913,15.0,2,BL,Homography,ihawk1,,,18.21751923144544,,1,-62.2079299845275,-101.11208325607788,-70.0,-113.5,14.634781733267209
20260808_131913,15.0,2,BL,Homography,ihawk2,,,18.21751923144544,,1,-57.553871659756595,-118.72508266156572,-70.0,-113.5,13.498429519096094
20260808_131913,15.0,2,BL,Homography,EqualFusion,0.22558389845113672,0.7744161015488633,18.21751923144544,,1,-59.88090082214205,-109.9185829588218,-70.0,-113.5,10.734184468051916
20260808_131913,15.0,2,BL,Homography,LOOWeightedFusion,0.22558389845113672,0.7744161015488633,18.21751923144544,,1,-58.603752280277384,-114.75187359225822,-70.0,-113.5,11.464800459679898
20260808_131913,15.0,2,BL,Homography,LOOWeightedGated,0.22558389845113672,0.7744161015488633,18.21751923144544,0.4995099461069983,0,,,-70.0,-113.5,
20260808_131913,15.0,2,BL,PnP,ihawk1,,,4.134104706615047,,1,-69.53070785421957,-111.74499379852263,-70.0,-113.5,1.8166677971812104
20260808_131913,15.0,2,BL,PnP,ihawk2,,,4.134104706615047,,1,-67.9477949673486,-115.56405238904392,-70.0,-113.5,2.9106455917472434
20260808_131913,15.0,2,BL,PnP,EqualFusion,0.15062905711154223,0.8493709428884577,4.134104706615047,,1,-68.73925141078408,-113.65452309378327,-70.0,-113.5,1.270182818228262
20260808_131913,15.0,2,BL,PnP,LOOWeightedFusion,0.15062905711154223,0.8493709428884577,4.134104706615047,,1,-68.18622764298767,-114.98879119449995,-70.0,-113.5,2.346544136359392
20260808_131913,15.0,2,BL,PnP,LOOWeightedGated,0.15062905711154223,0.8493709428884577,4.134104706615047,13.870431873632965,1,-68.18622764298767,-114.98879119449995,-70.0,-113.5,2.346544136359392
20260808_131913,15.0,3,BR,Affine,ihawk1,,,8.929649199391156,,1,89.59933746404646,-97.05257505223017,70.0,-113.5,25.586164551219795
20260808_131913,15.0,3,BR,Affine,ihawk2,,,8.929649199391156,,1,82.04159965611262,-101.80854330808666,70.0,-113.5,16.78363136681025
20260808_131913,15.0,3,BR,Affine,EqualFusion,0.5477826042006415,0.4522173957993585,8.929649199391156,,1,85.82046856007955,-99.43055918015841,70.0,-113.5,21.17159395141259
20260808_131913,15.0,3,BR,Affine,LOOWeightedFusion,0.5477826042006415,0.4522173957993585,8.929649199391156,,1,86.18159695440826,-99.20330663139801,70.0,-113.5,21.592580236524373
20260808_131913,15.0,3,BR,Affine,LOOWeightedGated,0.5477826042006415,0.4522173957993585,8.929649199391156,15.39378796037687,1,86.18159695440826,-99.20330663139801,70.0,-113.5,21.592580236524373
20260808_131913,15.0,3,BR,Homography,ihawk1,,,18.98259590074632,,1,84.24262506430345,-103.21180459446035,70.0,-113.5,17.569841587928224
20260808_131913,15.0,3,BR,Homography,ihawk2,,,18.98259590074632,,1,89.21905122742366,-121.53048712825746,70.0,-113.5,20.829321966867855
20260808_131913,15.0,3,BR,Homography,EqualFusion,0.22558389845113672,0.7744161015488633,18.98259590074632,,1,86.73083814586356,-112.37114586135891,70.0,-113.5,16.768877622828853
20260808_131913,15.0,3,BR,Homography,LOOWeightedFusion,0.22558389845113672,0.7744161015488633,18.98259590074632,,1,88.09644961319277,-117.39808730779477,70.0,-113.5,18.51152541694
20260808_131913,15.0,3,BR,Homography,LOOWeightedGated,0.22558389845113672,0.7744161015488633,18.98259590074632,0.4995099461069983,0,,,70.0,-113.5,
20260808_131913,15.0,3,BR,PnP,ihawk1,,,6.141038837875919,,1,74.03596584152078,-112.4705537823012,70.0,-113.5,4.165186645164523
20260808_131913,15.0,3,BR,PnP,ihawk2,,,6.141038837875919,,1,72.8425542188142,-118.4945164902775,70.0,-113.5,5.746765129927648
20260808_131913,15.0,3,BR,PnP,EqualFusion,0.15062905711154223,0.8493709428884577,6.141038837875919,,1,73.43926003016749,-115.48253513628936,70.0,-113.5,3.9697550455575388
20260808_131913,15.0,3,BR,PnP,LOOWeightedFusion,0.15062905711154223,0.8493709428884577,6.141038837875919,,1,73.02231668628845,-117.58713266749993,70.0,-113.5,5.083212723658403
20260808_131913,15.0,3,BR,PnP,LOOWeightedGated,0.15062905711154223,0.8493709428884577,6.141038837875919,13.870431873632965,1,73.02231668628845,-117.58713266749993,70.0,-113.5,5.083212723658403
20260808_131913,15.0,4,C,Affine,ihawk1,,,28.651654448245676,,1,14.782153059272776,25.095949890022894,0.0,0.0,29.125912002035363
20260808_131913,15.0,4,C,Affine,ihawk2,,,28.651654448245676,,1,23.065251386538876,-2.3322761685926707,0.0,0.0,23.182867243954508
20260808_131913,15.0,4,C,Affine,EqualFusion,0.5477826042006415,0.4522173957993585,28.651654448245676,,1,18.923702222905824,11.381836860715111,0.0,0.0,22.082860234696593
20260808_131913,15.0,4,C,Affine,LOOWeightedFusion,0.5477826042006415,0.4522173957993585,28.651654448245676,,1,18.527914213979074,12.69242893039966,0.0,0.0,22.458436216126316
20260808_131913,15.0,4,C,Affine,LOOWeightedGated,0.5477826042006415,0.4522173957993585,28.651654448245676,15.39378796037687,0,,,0.0,0.0,
20260808_131913,15.0,4,C,Homography,ihawk1,,,17.62283620308934,,1,12.498383405939085,15.110881831921354,0.0,0.0,19.609904066571676
20260808_131913,15.0,4,C,Homography,ihawk2,,,17.62283620308934,,1,17.070416442494842,-1.9085444143878623,0.0,0.0,17.1767767436702
20260808_131913,15.0,4,C,Homography,EqualFusion,0.22558389845113672,0.7744161015488633,17.62283620308934,,1,14.784399924216963,6.601168708766746,0.0,0.0,16.191167636732928
20260808_131913,15.0,4,C,Homography,LOOWeightedFusion,0.22558389845113672,0.7744161015488633,17.62283620308934,,1,16.039039406261207,1.930764107656167,0.0,0.0,16.154833181280864
20260808_131913,15.0,4,C,Homography,LOOWeightedGated,0.22558389845113672,0.7744161015488633,17.62283620308934,0.4995099461069983,0,,,0.0,0.0,
20260808_131913,15.0,4,C,PnP,ihawk1,,,6.371893364853667,,1,5.169315156525943,4.223054827489899,0.0,0.0,6.675028933530894
20260808_131913,15.0,4,C,PnP,ihawk2,,,6.371893364853667,,1,5.773892199311509,-2.1200919982112723,0.0,0.0,6.150822807572151
20260808_131913,15.0,4,C,PnP,EqualFusion,0.15062905711154223,0.8493709428884577,6.371893364853667,,1,5.471603677918726,1.0514814146393134,0.0,0.0,5.571719660351337
20260808_131913,15.0,4,C,PnP,LOOWeightedFusion,0.15062905711154223,0.8493709428884577,6.371893364853667,,1,5.682825329405434,-1.1646297727358326,0.0,0.0,5.800936668510931
20260808_131913,15.0,4,C,PnP,LOOWeightedGated,0.15062905711154223,0.8493709428884577,6.371893364853667,13.870431873632965,1,5.682825329405434,-1.1646297727358326,0.0,0.0,5.800936668510931
20260808_131913,20.0,0,TL,Affine,ihawk1,,,11.530988737062485,,1,-44.021332259969896,137.46241904824535,-70.0,113.5,35.34244904064506
20260808_131913,20.0,0,TL,Affine,ihawk2,,,11.530988737062485,,1,-42.67885307261315,126.00984506307609,-70.0,113.5,30.04898156227643
20260808_131913,20.0,0,TL,Affine,EqualFusion,0.5477826042006415,0.4522173957993585,11.530988737062485,,1,-43.35009266629152,131.73613205566073,-70.0,113.5,32.29201253014042
20260808_131913,20.0,0,TL,Affine,LOOWeightedFusion,0.5477826042006415,0.4522173957993585,11.530988737062485,,1,-43.41423981794859,132.28336586547263,-70.0,113.5,32.55176612249714
20260808_131913,20.0,0,TL,Affine,LOOWeightedGated,0.5477826042006415,0.4522173957993585,11.530988737062485,15.39378796037687,1,-43.41423981794859,132.28336586547263,-70.0,113.5,32.55176612249714
20260808_131913,20.0,0,TL,Homography,ihawk1,,,23.466313133948784,,1,-52.30975819019206,141.87146690375553,-70.0,113.5,33.43478412612189
20260808_131913,20.0,0,TL,Homography,ihawk2,,,23.466313133948784,,1,-46.14003035085211,119.2307445104879,-70.0,113.5,24.538532643635104
20260808_131913,20.0,0,TL,Homography,EqualFusion,0.22558389845113672,0.7744161015488633,23.466313133948784,,1,-49.224894270522086,130.5511057071217,-70.0,113.5,26.876480869087466
20260808_131913,20.0,0,TL,Homography,LOOWeightedFusion,0.22558389845113672,0.7744161015488633,23.466313133948784,,1,-47.53182160923293,124.33812693171117,-70.0,113.5,24.94562157147453
20260808_131913,20.0,0,TL,Homography,LOOWeightedGated,0.22558389845113672,0.7744161015488633,23.466313133948784,0.4995099461069983,0,,,-70.0,113.5,
20260808_131913,20.0,0,TL,PnP,ihawk1,,,4.373186811724616,,1,-62.60670049233238,117.1167892540415,-70.0,113.5,8.23055539548993
20260808_131913,20.0,0,TL,PnP,ihawk2,,,4.373186811724616,,1,-59.879446757942844,113.69818574405377,-70.0,113.5,10.122493542327392
20260808_131913,20.0,0,TL,PnP,EqualFusion,0.15062905711154223,0.8493709428884577,4.373186811724616,,1,-61.24307362513761,115.40748749904765,-70.0,113.5,8.962269137544553
20260808_131913,20.0,0,TL,PnP,LOOWeightedFusion,0.15062905711154223,0.8493709428884577,4.373186811724616,,1,-60.290250416457866,114.21312676740143,-70.0,113.5,9.735901949048227
20260808_131913,20.0,0,TL,PnP,LOOWeightedGated,0.15062905711154223,0.8493709428884577,4.373186811724616,13.870431873632965,1,-60.290250416457866,114.21312676740143,-70.0,113.5,9.735901949048227
20260808_131913,20.0,1,TR,Affine,ihawk1,,,27.52598267270436,,1,76.23478897990104,118.14007607775125,70.0,113.5,7.771930238442368
20260808_131913,20.0,1,TR,Affine,ihawk2,,,27.52598267270436,,1,92.58988348571239,95.99982752892055,70.0,113.5,28.575494263714642
20260808_131913,20.0,1,TR,Affine,EqualFusion,0.5477826042006415,0.4522173957993585,27.52598267270436,,1,84.41233623280672,107.0699518033359,70.0,113.5,15.7816651687614
20260808_131913,20.0,1,TR,Affine,LOOWeightedFusion,0.5477826042006415,0.4522173957993585,27.52598267270436,,1,83.63084722537144,108.12787053664852,70.0,113.5,14.651271994350026
20260808_131913,20.0,1,TR,Affine,LOOWeightedGated,0.5477826042006415,0.4522173957993585,27.52598267270436,15.39378796037687,0,,,70.0,113.5,
20260808_131913,20.0,1,TR,Homography,ihawk1,,,24.22338371104124,,1,95.57642762954443,139.34328202436083,70.0,113.5,36.35971501648459
20260808_131913,20.0,1,TR,Homography,ihawk2,,,24.22338371104124,,1,102.01570928512722,115.99145189967011,70.0,113.5,32.112504941193095
20260808_131913,20.0,1,TR,Homography,EqualFusion,0.22558389845113672,0.7744161015488633,24.22338371104124,,1,98.79606845733582,127.66736696201548,70.0,113.5,32.09248892242512
20260808_131913,20.0,1,TR,Homography,LOOWeightedFusion,0.22558389845113672,0.7744161015488633,24.22338371104124,,1,100.56311102603595,121.25924877516654,70.0,113.5,31.532676656838444
20260808_131913,20.0,1,TR,Homography,LOOWeightedGated,0.22558389845113672,0.7744161015488633,24.22338371104124,0.4995099461069983,0,,,70.0,113.5,
20260808_131913,20.0,1,TR,PnP,ihawk1,,,12.092212959010274,,1,82.9121928556357,120.40731674717978,70.0,113.5,14.643624858176329
20260808_131913,20.0,1,TR,PnP,ihawk2,,,12.092212959010274,,1,77.07358556926837,109.81806374228682,70.0,113.5,7.97447599605295
20260808_131913,20.0,1,TR,PnP,EqualFusion,0.15062905711154223,0.8493709428884577,12.092212959010274,,1,79.99288921245204,115.1126902447333,70.0,113.5,10.122183787987568
20260808_131913,20.0,1,TR,PnP,LOOWeightedFusion,0.15062905711154223,0.8493709428884577,12.092212959010274,,1,77.95304947965846,111.41311293792941,70.0,113.5,8.222292480551474
20260808_131913,20.0,1,TR,PnP,LOOWeightedGated,0.15062905711154223,0.8493709428884577,12.092212959010274,13.870431873632965,1,77.95304947965846,111.41311293792941,70.0,113.5,8.222292480551474
20260808_131913,20.0,2,BL,Affine,ihawk1,,,32.17904466940622,,1,-60.95989249633506,-98.67509716916231,-70.0,-113.5,17.363792432000515
20260808_131913,20.0,2,BL,Affine,ihawk2,,,32.17904466940622,,1,-48.25846947101968,-128.2413747327588,-70.0,-113.5,26.267894448436532
20260808_131913,20.0,2,BL,Affine,EqualFusion,0.5477826042006415,0.4522173957993585,32.17904466940622,,1,-54.60918098367737,-113.45823595096056,-70.0,-113.5,15.390875681032268
20260808_131913,20.0,2,BL,Affine,LOOWeightedFusion,0.5477826042006415,0.4522173957993585,32.17904466940622,,1,-55.216088052880934,-112.04548221245292,-70.0,-113.5,14.85529112654682
20260808_131913,20.0,2,BL,Affine,LOOWeightedGated,0.5477826042006415,0.4522173957993585,32.17904466940622,15.39378796037687,0,,,-70.0,-113.5,
20260808_131913,20.0,2,BL,Homography,ihawk1,,,24.007857929271957,,1,-57.5902952495152,-97.35868029348754,-70.0,-113.5,20.36032843207723
20260808_131913,20.0,2,BL,Homography,ihawk2,,,24.007857929271957,,1,-51.26116550104092,-120.51725017547905,-70.0,-113.5,20.009640636569156
20260808_131913,20.0,2,BL,Homography,EqualFusion,0.22558389845113672,0.7744161015488633,24.007857929271957,,1,-54.425730375278064,-108.9379652344833,-70.0,-113.5,16.228679414706527
20260808_131913,20.0,2,BL,Homography,LOOWeightedFusion,0.22558389845113672,0.7744161015488633,24.007857929271957,,1,-52.68891526350481,-115.29304969894633,-70.0,-113.5,17.403697365129293
20260808_131913,20.0,2,BL,Homography,LOOWeightedGated,0.22558389845113672,0.7744161015488633,24.007857929271957,0.4995099461069983,0,,,-70.0,-113.5,
20260808_131913,20.0,2,BL,PnP,ihawk1,,,2.9912419582325236,,1,-68.40623838566185,-112.97158214569,-70.0,-113.5,1.6790775777465836
20260808_131913,20.0,2,BL,PnP,ihawk2,,,2.9912419582325236,,1,-67.15466549730623,-115.6883989885824,-70.0,-113.5,3.589570805186621
20260808_131913,20.0,2,BL,PnP,EqualFusion,0.15062905711154223,0.8493709428884577,2.9912419582325236,,1,-67.78045194148405,-114.3299905671362,-70.0,-113.5,2.3696577655005426
20260808_131913,20.0,2,BL,PnP,LOOWeightedFusion,0.15062905711154223,0.8493709428884577,2.9912419582325236,,1,-67.3431887413856,-115.27916742919275,-70.0,-113.5,3.197511971048829
20260808_131913,20.0,2,BL,PnP,LOOWeightedGated,0.15062905711154223,0.8493709428884577,2.9912419582325236,13.870431873632965,1,-67.3431887413856,-115.27916742919275,-70.0,-113.5,3.197511971048829
20260808_131913,20.0,3,BR,Affine,ihawk1,,,10.948209819869898,,1,95.12445361473515,-94.11312728200608,70.0,-113.5,31.734665639055898
20260808_131913,20.0,3,BR,Affine,ihawk2,,,10.948209819869898,,1,88.04090574565663,-102.46098017040612,70.0,-113.5,21.150277514061923
20260808_131913,20.0,3,BR,Affine,EqualFusion,0.5477826042006415,0.4522173957993585,10.948209819869898,,1,91.5826796801959,-98.2870537262061,70.0,-113.5,26.40541225785503
20260808_131913,20.0,3,BR,Affine,LOOWeightedFusion,0.5477826042006415,0.4522173957993585,10.948209819869898,,1,91.92115004436036,-97.8881715757145,70.0,-113.5,26.91219065807704
20260808_131913,20.0,3,BR,Affine,LOOWeightedGated,0.5477826042006415,0.4522173957993585,10.948209819869898,15.39378796037687,1,91.92115004436036,-97.8881715757145,70.0,-113.5,26.91219065807704
20260808_131913,20.0,3,BR,Homography,ihawk1,,,23.98948067418769,,1,90.52232188577122,-100.92837097386013,70.0,-113.5,24.066814329156383
20260808_131913,20.0,3,BR,Homography,ihawk2,,,23.98948067418769,,1,97.52338698243486,-123.87352886238865,70.0,-113.5,29.413380153319252
20260808_131913,20.0,3,BR,Homography,EqualFusion,0.22558389845113672,0.7744161015488633,23.98948067418769,,1,94.02285443410304,-112.40094991812438,70.0,-113.5,24.04798216575717
20260808_131913,20.0,3,BR,Homography,LOOWeightedFusion,0.22558389845113672,0.7744161015488633,23.98948067418769,,1,95.9440594246193,-118.69747069531755,70.0,-113.5,26.45955254831158
20260808_131913,20.0,3,BR,Homography,LOOWeightedGated,0.22558389845113672,0.7744161015488633,23.98948067418769,0.4995099461069983,0,,,70.0,-113.5,
20260808_131913,20.0,3,BR,PnP,ihawk1,,,2.277391317896548,,1,70.72470905576577,-118.50501777346408,70.0,-113.5,5.057213276914491
20260808_131913,20.0,3,BR,PnP,ihawk2,,,2.277391317896548,,1,72.94039807482048,-119.03154734117226,70.0,-113.5,6.2644997267170375
20260808_131913,20.0,3,BR,PnP,EqualFusion,0.15062905711154223,0.8493709428884577,2.277391317896548,,1,71.83255356529313,-118.76828255731817,70.0,-113.5,5.577907642961781
20260808_131913,20.0,3,BR,PnP,LOOWeightedFusion,0.15062905711154223,0.8493709428884577,2.277391317896548,,1,72.60665092702787,-118.95223668884702,70.0,-113.5,6.0433032330493575
20260808_131913,20.0,3,BR,PnP,LOOWeightedGated,0.15062905711154223,0.8493709428884577,2.277391317896548,13.870431873632965,1,72.60665092702787,-118.95223668884702,70.0,-113.5,6.0433032330493575
20260808_131913,20.0,4,C,Affine,ihawk1,,,33.69301661075148,,1,20.30431902622603,29.39432830497833,0.0,0.0,35.72522788758127
20260808_131913,20.0,4,C,Affine,ihawk2,,,33.69301661075148,,1,30.08962439024276,-2.8464404089546633,0.0,0.0,30.223959352600083
20260808_131913,20.0,4,C,Affine,EqualFusion,0.5477826042006415,0.4522173957993585,33.69301661075148,,1,25.196971708234393,13.273943948011834,0.0,0.0,28.4795535639259
20260808_131913,20.0,4,C,Affine,LOOWeightedFusion,0.5477826042006415,0.4522173957993585,33.69301661075148,,1,24.72940433504317,14.814491838594119,0.0,0.0,28.827289279462676
20260808_131913,20.0,4,C,Affine,LOOWeightedGated,0.5477826042006415,0.4522173957993585,33.69301661075148,15.39378796037687,0,,,0.0,0.0,
20260808_131913,20.0,4,C,Homography,ihawk1,,,23.413636398390878,,1,18.64412578826386,20.085768600930464,0.0,0.0,27.40513686699502
20260808_131913,20.0,4,C,Homography,ihawk2,,,23.413636398390878,,1,24.751278540654862,-2.5173518618511523,0.0,0.0,24.878964001610825
20260808_131913,20.0,4,C,Homography,EqualFusion,0.22558389845113672,0.7744161015488633,23.413636398390878,,1,21.69770216445936,8.784208369539655,0.0,0.0,23.408387298083458
20260808_131913,20.0,4,C,Homography,LOOWeightedFusion,0.22558389845113672,0.7744161015488633,23.413636398390878,,1,23.37360321433391,2.5815481693037863,0.0,0.0,23.515733417683496
20260808_131913,20.0,4,C,Homography,LOOWeightedGated,0.22558389845113672,0.7744161015488633,23.413636398390878,0.4995099461069983,0,,,0.0,0.0,
20260808_131913,20.0,4,C,PnP,ihawk1,,,8.532569808560273,,1,8.357369945498858,4.931115483061854,0.0,0.0,9.70368653209799
20260808_131913,20.0,4,C,PnP,ihawk2,,,8.532569808560273,,1,5.180240222260978,-2.9878866169298295,0.0,0.0,5.980163475688507
20260808_131913,20.0,4,C,PnP,EqualFusion,0.15062905711154223,0.8493709428884577,8.532569808560273,,1,6.7688050838799185,0.9716144330660121,0.0,0.0,6.838183740592294
20260808_131913,20.0,4,C,PnP,LOOWeightedFusion,0.15062905711154223,0.8493709428884577,8.532569808560273,,1,5.658808276793355,-1.7950547973437592,0.0,0.0,5.936693763280352
20260808_131913,20.0,4,C,PnP,LOOWeightedGated,0.15062905711154223,0.8493709428884577,8.532569808560273,13.870431873632965,1,5.658808276793355,-1.7950547973437592,0.0,0.0,5.936693763280352
20260808_131913,25.0,0,TL,Affine,ihawk1,,,17.296588259774705,,1,-41.79742653789238,143.1210854667969,-70.0,113.5,40.899802617089286
20260808_131913,25.0,0,TL,Affine,ihawk2,,,17.296588259774705,,1,-37.41650054098693,126.38849891128152,-70.0,113.5,35.03994636385178
20260808_131913,25.0,0,TL,Affine,EqualFusion,0.5477826042006415,0.4522173957993585,17.296588259774705,,1,-39.606963539439654,134.75479218903922,-70.0,113.5,37.0877723285208
20260808_131913,25.0,0,TL,Affine,LOOWeightedFusion,0.5477826042006415,0.4522173957993585,17.296588259774705,,1,-39.81629559238209,135.55431874967437,-70.0,113.5,37.38246898318369
20260808_131913,25.0,0,TL,Affine,LOOWeightedGated,0.5477826042006415,0.4522173957993585,17.296588259774705,15.39378796037687,0,,,-70.0,113.5,
20260808_131913,25.0,0,TL,Homography,ihawk1,,,30.483729692441365,,1,-50.12627064672372,149.85469732174028,-70.0,113.5,41.43222339873429
20260808_131913,25.0,0,TL,Homography,ihawk2,,,30.483729692441365,,1,-41.60347634015848,120.58663019782841,-70.0,113.5,29.267437255843102
20260808_131913,25.0,0,TL,Homography,EqualFusion,0.22558389845113672,0.7744161015488633,30.483729692441365,,1,-45.864873493441095,135.22066375978434,-70.0,113.5,32.46985626166539
20260808_131913,25.0,0,TL,Homography,LOOWeightedFusion,0.22558389845113672,0.7744161015488633,30.483729692441365,,1,-43.52608150553063,127.18903487977002,-70.0,113.5,29.803658104188617
20260808_131913,25.0,0,TL,Homography,LOOWeightedGated,0.22558389845113672,0.7744161015488633,30.483729692441365,0.4995099461069983,0,,,-70.0,113.5,
20260808_131913,25.0,0,TL,PnP,ihawk1,,,5.200401726943342,,1,-66.31296095965439,110.58187089702292,-70.0,113.5,4.7020989299114575
20260808_131913,25.0,0,TL,PnP,ihawk2,,,5.200401726943342,,1,-61.533591671464904,112.6317019458429,-70.0,113.5,8.510817322463303
20260808_131913,25.0,0,TL,PnP,EqualFusion,0.15062905711154223,0.8493709428884577,5.200401726943342,,1,-63.92327631555965,111.60678642143291,-70.0,113.5,6.364811732573802
20260808_131913,25.0,0,TL,PnP,LOOWeightedFusion,0.15062905711154223,0.8493709428884577,5.200401726943342,,1,-62.25350356093274,112.32293782772118,-70.0,113.5,7.8354120783715935
20260808_131913,25.0,0,TL,PnP,LOOWeightedGated,0.15062905711154223,0.8493709428884577,5.200401726943342,13.870431873632965,1,-62.25350356093274,112.32293782772118,-70.0,113.5,7.8354120783715935
20260808_131913,25.0,1,TR,Affine,ihawk1,,,31.772764137510705,,1,79.84191467213735,122.95542235507662,70.0,113.5,13.648014373032993
20260808_131913,25.0,1,TR,Affine,ihawk2,,,31.772764137510705,,1,97.42307383732998,96.49013597185285,70.0,113.5,32.27011702711514
20260808_131913,25.0,1,TR,Affine,EqualFusion,0.5477826042006415,0.4522173957993585,31.772764137510705,,1,88.63249425473367,109.72277916346474,70.0,113.5,19.011502818047802
20260808_131913,25.0,1,TR,Affine,LOOWeightedFusion,0.5477826042006415,0.4522173957993585,31.772764137510705,,1,87.79242068495478,110.98735946777094,70.0,113.5,17.968962025520753
20260808_131913,25.0,1,TR,Affine,LOOWeightedGated,0.5477826042006415,0.4522173957993585,31.772764137510705,15.39378796037687,0,,,70.0,113.5,
20260808_131913,25.0,1,TR,Homography,ihawk1,,,30.449587368218562,,1,101.40646962920817,147.2544520583029,70.0,113.5,46.105632717994915
20260808_131913,25.0,1,TR,Homography,ihawk2,,,30.449587368218562,,1,108.854680083723,117.72986007263725,70.0,113.5,39.084240822133815
20260808_131913,25.0,1,TR,Homography,EqualFusion,0.22558389845113672,0.7744161015488633,30.449587368218562,,1,105.13057485646559,132.49215606547006,70.0,113.5,39.93568932372275
20260808_131913,25.0,1,TR,Homography,LOOWeightedFusion,0.22558389845113672,0.7744161015488633,30.449587368218562,,1,107.17448373290902,124.39013263294291,70.0,113.5,38.73676844512724
20260808_131913,25.0,1,TR,Homography,LOOWeightedGated,0.22558389845113672,0.7744161015488633,30.449587368218562,0.4995099461069983,0,,,70.0,113.5,
20260808_131913,25.0,1,TR,PnP,ihawk1,,,16.712103439473836,,1,67.40594886298105,96.62340708806272,70.0,113.5,17.074791056312254
20260808_131913,25.0,1,TR,PnP,ihawk2,,,16.712103439473836,,1,77.593228513155,109.87156676028984,70.0,113.5,8.415619230218512
20260808_131913,25.0,1,TR,PnP,EqualFusion,0.15062905711154223,0.8493709428884577,16.712103439473836,,1,72.49958868806803,103.24748692417629,70.0,113.5,10.552818011292239
20260808_131913,25.0,1,TR,PnP,LOOWeightedFusion,0.15062905711154223,0.8493709428884577,16.712103439473836,,1,76.05872818491768,107.8760089603991,70.0,113.5,8.266647593325064
20260808_131913,25.0,1,TR,PnP,LOOWeightedGated,0.15062905711154223,0.8493709428884577,16.712103439473836,13.870431873632965,0,,,70.0,113.5,
20260808_131913,25.0,2,BL,Affine,ihawk1,,,39.45163087950983,,1,-56.013732499164135,-92.88450673607429,-70.0,-113.5,24.912130401069756
20260808_131913,25.0,2,BL,Affine,ihawk2,,,39.45163087950983,,1,-41.634978824150494,-129.62253365378416,-70.0,-113.5,32.62683738464079
20260808_131913,25.0,2,BL,Affine,EqualFusion,0.5477826042006415,0.4522173957993585,39.45163087950983,,1,-48.824355661657314,-111.25352019492922,-70.0,-113.5,21.294473101219843
20260808_131913,25.0,2,BL,Affine,LOOWeightedFusion,0.5477826042006415,0.4522173957993585,39.45163087950983,,1,-49.51140995740901,-109.49808159560777,-70.0,-113.5,20.875767599031466
20260808_131913,25.0,2,BL,Affine,LOOWeightedGated,0.5477826042006415,0.4522173957993585,39.45163087950983,15.39378796037687,0,,,-70.0,-113.5,
20260808_131913,25.0,2,BL,Homography,ihawk1,,,31.204539248346208,,1,-53.699857769896575,-93.05930537775328,-70.0,-113.5,26.144151035395033
20260808_131913,25.0,2,BL,Homography,ihawk2,,,31.204539248346208,,1,-45.56112527363241,-123.1837855069743,-70.0,-113.5,26.287531257921007
20260808_131913,25.0,2,BL,Homography,EqualFusion,0.22558389845113672,0.7744161015488633,31.204539248346208,,1,-49.6304915217645,-108.12154544236378,-70.0,-113.5,21.06762086884672
20260808_131913,25.0,2,BL,Homography,LOOWeightedFusion,0.22558389845113672,0.7744161015488633,31.204539248346208,,1,-47.397092278590634,-116.38818784061083,-70.0,-113.5,22.786686166821173
20260808_131913,25.0,2,BL,Homography,LOOWeightedGated,0.22558389845113672,0.7744161015488633,31.204539248346208,0.4995099461069983,0,,,-70.0,-113.5,
20260808_131913,25.0,2,BL,PnP,ihawk1,,,3.1671576237495107,,1,-68.20310690454954,-113.94564203621667,-70.0,-113.5,1.8513296899582374
20260808_131913,25.0,2,BL,PnP,ihawk2,,,3.1671576237495107,,1,-66.65900129783671,-116.71089524143905,-70.0,-113.5,4.633801957286555
20260808_131913,25.0,2,BL,PnP,EqualFusion,0.15062905711154223,0.8493709428884577,3.1671576237495107,,1,-67.43105410119313,-115.32826863882786,-70.0,-113.5,3.1531015281335533
20260808_131913,25.0,2,BL,PnP,LOOWeightedFusion,0.15062905711154223,0.8493709428884577,3.1671576237495107,,1,-66.89158846945651,-116.29436775846173,-70.0,-113.5,4.179798250244404
20260808_131913,25.0,2,BL,PnP,LOOWeightedGated,0.15062905711154223,0.8493709428884577,3.1671576237495107,13.870431873632965,1,-66.89158846945651,-116.29436775846173,-70.0,-113.5,4.179798250244404
20260808_131913,25.0,3,BR,Affine,ihawk1,,,16.38907048369576,,1,100.66112201758567,-88.19212656696425,70.0,-113.5,39.75667064883368
20260808_131913,25.0,3,BR,Affine,ihawk2,,,16.38907048369576,,1,93.35776263992886,-102.86395580262331,70.0,-113.5,25.665356255306627
20260808_131913,25.0,3,BR,Affine,EqualFusion,0.5477826042006415,0.4522173957993585,16.38907048369576,,1,97.00944232875727,-95.52804118479378,70.0,-113.5,32.44227610026667
20260808_131913,25.0,3,BR,Affine,LOOWeightedFusion,0.5477826042006415,0.4522173957993585,16.38907048369576,,1,97.3584158592349,-94.82698297552687,70.0,-113.5,33.12347329497767
20260808_131913,25.0,3,BR,Affine,LOOWeightedGated,0.5477826042006415,0.4522173957993585,16.38907048369576,15.39378796037687,0,,,70.0,-113.5,
20260808_131913,25.0,3,BR,Homography,ihawk1,,,30.83546307147103,,1,97.28810618572156,-95.94242184028964,70.0,-113.5,32.44856375924139
20260808_131913,25.0,3,BR,Homography,ihawk2,,,30.83546307147103,,1,105.05709251028799,-125.78314291604036,70.0,-113.5,37.14667327191982
20260808_131913,25.0,3,BR,Homography,EqualFusion,0.22558389845113672,0.7744161015488633,30.83546307147103,,1,101.17259934800478,-110.86278237816501,70.0,-113.5,31.283955422806514
20260808_131913,25.0,3,BR,Homography,LOOWeightedFusion,0.22558389845113672,0.7744161015488633,30.83546307147103,,1,103.30453428817873,-119.05155672317952,70.0,-113.5,33.764060570422394
20260808_131913,25.0,3,BR,Homography,LOOWeightedGated,0.22558389845113672,0.7744161015488633,30.83546307147103,0.4995099461069983,0,,,70.0,-113.5,
20260808_131913,25.0,3,BR,PnP,ihawk1,,,3.206234656567752,,1,69.82307256327712,-120.13443970312466,70.0,-113.5,6.6367984369168616
20260808_131913,25.0,3,BR,PnP,ihawk2,,,3.206234656567752,,1,72.91034262090969,-119.26916271613058,70.0,-113.5,6.4616818721037825
20260808_131913,25.0,3,BR,PnP,EqualFusion,0.15062905711154223,0.8493709428884577,3.206234656567752,,1,71.3667075920934,-119.70180120962762,70.0,-113.5,6.350608465810527
20260808_131913,25.0,3,BR,PnP,LOOWeightedFusion,0.15062905711154223,0.8493709428884577,3.206234656567752,,1,72.44531004307979,-119.39949857282181,70.0,-113.5,6.386205807638325
20260808_131913,25.0,3,BR,PnP,LOOWeightedGated,0.15062905711154223,0.8493709428884577,3.206234656567752,13.870431873632965,1,72.44531004307979,-119.39949857282181,70.0,-113.5,6.386205807638325
20260808_131913,25.0,4,C,Affine,ihawk1,,,39.30342022424665,,1,23.70464637602537,34.467459850726186,0.0,0.0,41.83199790081552
20260808_131913,25.0,4,C,Affine,ihawk2,,,39.30342022424665,,1,35.410072929517355,-3.0524259503330313,0.0,0.0,35.5413923342348
20260808_131913,25.0,4,C,Affine,EqualFusion,0.5477826042006415,0.4522173957993585,39.30342022424665,,1,29.55735965277136,15.707516950196577,0.0,0.0,33.47183291043365
20260808_131913,25.0,4,C,Affine,LOOWeightedFusion,0.5477826042006415,0.4522173957993585,39.30342022424665,,1,28.998043888766176,17.50031480308186,0.0,0.0,33.86956698249589
20260808_131913,25.0,4,C,Affine,LOOWeightedGated,0.5477826042006415,0.4522173957993585,39.30342022424665,15.39378796037687,0,,,0.0,0.0,
20260808_131913,25.0,4,C,Homography,ihawk1,,,29.79303595543343,,1,22.597881087273425,25.879559400520893,0.0,0.0,34.35718009964786
20260808_131913,25.0,4,C,Homography,ihawk2,,,29.79303595543343,,1,30.702301301542406,-2.7899952599948077,0.0,0.0,30.828807611736885
20260808_131913,25.0,4,C,Homography,EqualFusion,0.22558389845113672,0.7744161015488633,29.79303595543343,,1,26.650091194407914,11.544782070263043,0.0,0.0,29.043232494337218
20260808_131913,25.0,4,C,Homography,LOOWeightedFusion,0.22558389845113672,0.7744161015488633,29.79303595543343,,1,28.874074594921414,3.6773946471822794,0.0,0.0,29.107308620073603
20260808_131913,25.0,4,C,Homography,LOOWeightedGated,0.22558389845113672,0.7744161015488633,29.79303595543343,0.4995099461069983,0,,,0.0,0.0,
20260808_131913,25.0,4,C,PnP,ihawk1,,,5.988721569063748,,1,6.705300020285375,2.461019559544962,0.0,0.0,7.142665163263776
20260808_131913,25.0,4,C,PnP,ihawk2,,,5.988721569063748,,1,5.598618087273167,-3.4245595224922276,0.0,0.0,6.56293626437393
20260808_131913,25.0,4,C,PnP,EqualFusion,0.15062905711154223,0.8493709428884577,5.988721569063748,,1,6.1519590537792705,-0.4817699814736327,0.0,0.0,6.170794317948528
20260808_131913,25.0,4,C,PnP,LOOWeightedFusion,0.15062905711154223,0.8493709428884577,5.988721569063748,,1,5.765316543365174,-2.5380202948095496,0.0,0.0,6.299239784455367
20260808_131913,25.0,4,C,PnP,LOOWeightedGated,0.15062905711154223,0.8493709428884577,5.988721569063748,13.870431873632965,1,5.765316543365174,-2.5380202948095496,0.0,0.0,6.299239784455367
20260808_131913,30.0,0,TL,Affine,ihawk1,,,22.745371019784123,,1,-40.98115780310333,149.431775063675,-70.0,113.5,46.18642291491003
20260808_131913,30.0,0,TL,Affine,ihawk2,,,22.745371019784123,,1,-33.38460972889811,127.99245697321501,-70.0,113.5,39.379158368680145
20260808_131913,30.0,0,TL,Affine,EqualFusion,0.5477826042006415,0.4522173957993585,22.745371019784123,,1,-37.18288376600072,138.712116018445,-70.0,113.5,41.38373970587179
20260808_131913,30.0,0,TL,Affine,LOOWeightedFusion,0.5477826042006415,0.4522173957993585,22.745371019784123,,1,-37.54586661592161,139.7365424690931,-70.0,113.5,41.73280405680977
20260808_131913,30.0,0,TL,Affine,LOOWeightedGated,0.5477826042006415,0.4522173957993585,22.745371019784123,15.39378796037687,0,,,-70.0,113.5,
20260808_131913,30.0,0,TL,Homography,ihawk1,,,37.48439633825387,,1,-49.510389615630515,158.582667268195,-70.0,113.5,49.52041015296665
20260808_131913,30.0,0,TL,Homography,ihawk2,,,37.48439633825387,,1,-38.073881640817646,122.88552096508917,-70.0,113.5,33.27709478411012
20260808_131913,30.0,0,TL,Homography,EqualFusion,0.22558389845113672,0.7744161015488633,37.48439633825387,,1,-43.79213562822408,140.7340941166421,-70.0,113.5,37.796137862002794
20260808_131913,30.0,0,TL,Homography,LOOWeightedFusion,0.22558389845113672,0.7744161015488633,37.48439633825387,,1,-40.653773694443444,130.93822239172437,-70.0,113.5,34.13638232971058
20260808_131913,30.0,0,TL,Homography,LOOWeightedGated,0.22558389845113672,0.7744161015488633,37.48439633825387,0.4995099461069983,0,,,-70.0,113.5,
20260808_131913,30.0,0,TL,PnP,ihawk1,,,14.701360874326198,,1,-72.54074066754775,101.91349068099561,-70.0,113.5,11.861811048027473
20260808_131913,30.0,0,TL,PnP,ihawk2,,,14.701360874326198,,1,-62.84343172610655,112.96302509885294,-70.0,113.5,7.176685272697985
20260808_131913,30.0,0,TL,PnP,EqualFusion,0.15062905711154223,0.8493709428884577,14.701360874326198,,1,-67.69208619682715,107.43825788992427,-70.0,113.5,6.4862303021046905
20260808_131913,30.0,0,TL,PnP,LOOWeightedFusion,0.15062905711154223,0.8493709428884577,14.701360874326198,,1,-64.30412822847516,111.29864414796954,-70.0,113.5,6.106465657393171
20260808_131913,30.0,0,TL,PnP,LOOWeightedGated,0.15062905711154223,0.8493709428884577,14.701360874326198,13.870431873632965,0,,,-70.0,113.5,
20260808_131913,30.0,1,TR,Affine,ihawk1,,,36.80709759326053,,1,81.396088350299,130.13031354402028,70.0,113.5,20.16031146238185
20260808_131913,30.0,1,TR,Affine,ihawk2,,,36.80709759326053,,1,101.00249414449684,98.97985150775105,70.0,113.5,34.23433007109267
20260808_131913,30.0,1,TR,Affine,EqualFusion,0.5477826042006415,0.4522173957993585,36.80709759326053,,1,91.19929124739792,114.55508252588567,70.0,113.5,21.225530582966154
20260808_131913,30.0,1,TR,Affine,LOOWeightedFusion,0.5477826042006415,0.4522173957993585,36.80709759326053,,1,90.2624461195366,116.04353272403182,70.0,113.5,20.421466192840924
20260808_131913,30.0,1,TR,Affine,LOOWeightedGated,0.5477826042006415,0.4522173957993585,36.80709759326053,15.39378796037687,0,,,70.0,113.5,
20260808_131913,30.0,1,TR,Homography,ihawk1,,,37.947386611708524,,1,104.82617765119244,158.4534849128074,70.0,113.5,56.86544166361867
20260808_131913,30.0,1,TR,Homography,ihawk2,,,37.947386611708524,,1,113.98606709296108,121.6282140234704,70.0,113.5,44.73077197542889
20260808_131913,30.0,1,TR,Homography,EqualFusion,0.22558389845113672,0.7744161015488633,37.947386611708524,,1,109.40612237207677,140.0408494681389,70.0,113.5,47.510621663934245
20260808_131913,30.0,1,TR,Homography,LOOWeightedFusion,0.22558389845113672,0.7744161015488633,37.947386611708524,,1,111.9197435233055,129.9354021922062,70.0,113.5,45.02651821181924
20260808_131913,30.0,1,TR,Homography,LOOWeightedGated,0.22558389845113672,0.7744161015488633,37.947386611708524,0.4995099461069983,0,,,70.0,113.5,
20260808_131913,30.0,1,TR,PnP,ihawk1,,,13.901050970935405,,1,82.18539902507786,124.35466733381406,70.0,113.5,16.318938455921035
20260808_131913,30.0,1,TR,PnP,ihawk2,,,13.901050970935405,,1,76.16935431413168,111.82285086003658,70.0,113.5,6.393259097750944
20260808_131913,30.0,1,TR,PnP,EqualFusion,0.15062905711154223,0.8493709428884577,13.901050970935405,,1,79.17737666960477,118.08875909692532,70.0,113.5,10.26065069015707
20260808_131913,30.0,1,TR,PnP,LOOWeightedFusion,0.15062905711154223,0.8493709428884577,13.901050970935405,,1,77.07554545648237,113.71050655937657,70.0,113.5,7.078676184025436
20260808_131913,30.0,1,TR,PnP,LOOWeightedGated,0.15062905711154223,0.8493709428884577,13.901050970935405,13.870431873632965,0,,,70.0,113.5,
20260808_131913,30.0,2,BL,Affine,ihawk1,,,47.42183597130825,,1,-50.83173829232824,-85.5011795094905,-70.0,-113.5,33.93164018661005
20260808_131913,30.0,2,BL,Affine,ihawk2,,,47.42183597130825,,1,-34.76996968801177,-130.1201229773838,-70.0,-113.5,38.953607324187196
20260808_131913,30.0,2,BL,Affine,EqualFusion,0.5477826042006415,0.4522173957993585,47.42183597130825,,1,-42.800853990170005,-107.81065124343715,-70.0,-113.5,27.787807271136998
20260808_131913,30.0,2,BL,Affine,LOOWeightedFusion,0.5477826042006415,0.4522173957993585,47.42183597130825,,1,-43.56832712215235,-105.67864192786001,-70.0,-113.5,27.564596373140972
20260808_131913,30.0,2,BL,Affine,LOOWeightedGated,0.5477826042006415,0.4522173957993585,47.42183597130825,15.39378796037687,0,,,-70.0,-113.5,
20260808_131913,30.0,2,BL,Homography,ihawk1,,,39.00542706678565,,1,-49.58974018956194,-87.41644395684368,-70.0,-113.5,33.11994265372541
20260808_131913,30.0,2,BL,Homography,ihawk2,,,39.00542706678565,,1,-39.519186666749356,-125.0994280797406,-70.0,-113.5,32.61329043861636
20260808_131913,30.0,2,BL,Homography,EqualFusion,0.22558389845113672,0.7744161015488633,39.00542706678565,,1,-44.55446342815564,-106.25793601829214,-70.0,-113.5,26.45605454606221
20260808_131913,30.0,2,BL,Homography,LOOWeightedFusion,0.22558389845113672,0.7744161015488633,39.00542706678565,,1,-41.790941389986244,-116.59875361602522,-70.0,-113.5,28.378746653719936
20260808_131913,30.0,2,BL,Homography,LOOWeightedGated,0.22558389845113672,0.7744161015488633,39.00542706678565,0.4995099461069983,0,,,-70.0,-113.5,
20260808_131913,30.0,2,BL,PnP,ihawk1,,,3.6381895761900984,,1,-67.47688085300837,-113.18393824885504,-70.0,-113.5,2.542838032681712
20260808_131913,30.0,2,BL,PnP,ihawk2,,,3.6381895761900984,,1,-66.7444280360991,-116.74763524261026,-70.0,-113.5,4.598465339782588
20260808_131913,30.0,2,BL,PnP,EqualFusion,0.15062905711154223,0.8493709428884577,3.6381895761900984,,1,-67.11065444455373,-114.96578674573266,-70.0,-113.5,3.239884029211947
20260808_131913,30.0,2,BL,PnP,LOOWeightedFusion,0.15062905711154223,0.8493709428884577,3.6381895761900984,,1,-66.85475671328882,-116.21083892460966,-70.0,-113.5,4.15225276299271
20260808_131913,30.0,2,BL,PnP,LOOWeightedGated,0.15062905711154223,0.8493709428884577,3.6381895761900984,13.870431873632965,1,-66.85475671328882,-116.21083892460966,-70.0,-113.5,4.15225276299271
20260808_131913,30.0,3,BR,Affine,ihawk1,,,22.45530310465975,,1,105.17314354882727,-80.15178974053549,70.0,-113.5,48.46909484007168
20260808_131913,30.0,3,BR,Affine,ihawk2,,,22.45530310465975,,1,99.00564344902887,-101.74351454521769,70.0,-113.5,31.29764052034433
20260808_131913,30.0,3,BR,Affine,EqualFusion,0.5477826042006415,0.4522173957993585,22.45530310465975,,1,102.08939349892808,-90.94765214287659,70.0,-113.5,39.22164668901277
20260808_131913,30.0,3,BR,Affine,LOOWeightedFusion,0.5477826042006415,0.4522173957993585,22.45530310465975,,1,102.38409271510415,-89.91594330252529,70.0,-113.5,40.061667355343104
20260808_131913,30.0,3,BR,Affine,LOOWeightedGated,0.5477826042006415,0.4522173957993585,22.45530310465975,15.39378796037687,0,,,70.0,-113.5,
20260808_131913,30.0,3,BR,Homography,ihawk1,,,38.363488562607664,,1,103.34486724673098,-88.85509518111823,70.0,-113.5,41.463857818995265
20260808_131913,30.0,3,BR,Homography,ihawk2,,,38.363488562607664,,1,113.23035442478054,-125.9230651544786,70.0,-113.5,44.979952106739326
20260808_131913,30.0,3,BR,Homography,EqualFusion,0.22558389845113672,0.7744161015488633,38.363488562607664,,1,108.28761083575577,-107.38908016779843,70.0,-113.5,38.7722127909393
20260808_131913,30.0,3,BR,Homography,LOOWeightedFusion,0.22558389845113672,0.7744161015488633,38.363488562607664,,1,111.00034768906741,-117.56112798021829,70.0,-113.5,41.2009862879049
20260808_131913,30.0,3,BR,Homography,LOOWeightedGated,0.22558389845113672,0.7744161015488633,38.363488562607664,0.4995099461069983,0,,,70.0,-113.5,
20260808_131913,30.0,3,BR,PnP,ihawk1,,,5.121658160813467,,1,75.63178419617859,-113.4112520206759,70.0,-113.5,5.632483416412426
20260808_131913,30.0,3,BR,PnP,ihawk2,,,5.121658160813467,,1,72.87202623592643,-117.72577613314208,70.0,-113.5,5.109375561385454
20260808_131913,30.0,3,BR,PnP,EqualFusion,0.15062905711154223,0.8493709428884577,5.121658160813467,,1,74.2519052160525,-115.568514076909,70.0,-113.5,4.7283663619336
20260808_131913,30.0,3,BR,PnP,LOOWeightedFusion,0.15062905711154223,0.8493709428884577,5.121658160813467,,1,73.28772597533528,-117.07588343419629,70.0,-113.5,4.8575800995818605
20260808_131913,30.0,3,BR,PnP,LOOWeightedGated,0.15062905711154223,0.8493709428884577,5.121658160813467,13.870431873632965,1,73.28772597533528,-117.07588343419629,70.0,-113.5,4.8575800995818605
20260808_131913,30.0,4,C,Affine,ihawk1,,,46.00422005703708,,1,27.104571998304028,41.98465686637621,0.0,0.0,49.97368542941973
20260808_131913,30.0,4,C,Affine,ihawk2,,,46.00422005703708,,1,40.60807536147411,-1.9931063779856686,0.0,0.0,40.656958292488234
20260808_131913,30.0,4,C,Affine,EqualFusion,0.5477826042006415,0.4522173957993585,46.00422005703708,,1,33.856323679889066,19.995775244195272,0.0,0.0,39.320245176420116
20260808_131913,30.0,4,C,Affine,LOOWeightedFusion,0.5477826042006415,0.4522173957993585,46.00422005703708,,1,33.21109112336468,22.097147298930135,0.0,0.0,39.89060656790077
20260808_131913,30.0,4,C,Affine,LOOWeightedGated,0.5477826042006415,0.4522173957993585,46.00422005703708,15.39378796037687,0,,,0.0,0.0,
20260808_131913,30.0,4,C,Homography,ihawk1,,,37.54427517656364,,1,26.745722414731055,34.540593031829175,0.0,0.0,43.68508022742196
20260808_131913,30.0,4,C,Homography,ihawk2,,,37.54427517656364,,1,36.62611961919998,-1.6802621432692613,0.0,0.0,36.66464126689432
20260808_131913,30.0,4,C,Homography,EqualFusion,0.22558389845113672,0.7744161015488633,37.54427517656364,,1,31.68592101696552,16.430165444279957,0.0,0.0,35.69240713680976
20260808_131913,30.0,4,C,Homography,LOOWeightedFusion,0.22558389845113672,0.7744161015488633,37.54427517656364,,1,34.39726109957017,6.490579572363474,0.0,0.0,35.00427394386556
20260808_131913,30.0,4,C,Homography,LOOWeightedGated,0.22558389845113672,0.7744161015488633,37.54427517656364,0.4995099461069983,0,,,0.0,0.0,
20260808_131913,30.0,4,C,PnP,ihawk1,,,6.663867857340279,,1,6.1695814515818155,4.054691533742121,0.0,0.0,7.382699961497989
20260808_131913,30.0,4,C,PnP,ihawk2,,,6.663867857340279,,1,5.518059771386981,-2.577250438284551,0.0,0.0,6.0902547945252055
20260808_131913,30.0,4,C,PnP,EqualFusion,0.15062905711154223,0.8493709428884577,6.663867857340279,,1,5.843820611484398,0.7387205477287848,0.0,0.0,5.890326594243023
20260808_131913,30.0,4,C,PnP,LOOWeightedFusion,0.15062905711154223,0.8493709428884577,6.663867857340279,,1,5.616197867762456,-1.5782872722197117,0.0,0.0,5.833752583330073
20260808_131913,30.0,4,C,PnP,LOOWeightedGated,0.15062905711154223,0.8493709428884577,6.663867857340279,13.870431873632965,1,5.616197867762456,-1.5782872722197117,0.0,0.0,5.833752583330073
20260808_131913,35.0,0,TL,Affine,ihawk1,,,28.005121903467135,,1,-38.91277052360893,155.32836523353228,-70.0,113.5,52.115525274409066
20260808_131913,35.0,0,TL,Affine,ihawk2,,,28.005121903467135,,1,-30.784288584609953,128.5288384803334,-70.0,113.5,41.99688093041081
20260808_131913,35.0,0,TL,Affine,EqualFusion,0.5477826042006415,0.4522173957993585,28.005121903467135,,1,-34.84852955410944,141.92860185693286,-70.0,113.5,45.20853103174581
20260808_131913,35.0,0,TL,Affine,LOOWeightedFusion,0.5477826042006415,0.4522173957993585,28.005121903467135,,1,-35.23692958935269,143.20915303654544,-70.0,113.5,45.72859978749076
20260808_131913,35.0,0,TL,Affine,LOOWeightedGated,0.5477826042006415,0.4522173957993585,28.005121903467135,15.39378796037687,0,,,-70.0,113.5,
20260808_131913,35.0,0,TL,Homography,ihawk1,,,44.8128580605666,,1,-47.445189019082825,167.17663948938545,-70.0,113.5,58.222857412345846
20260808_131913,35.0,0,TL,Homography,ihawk2,,,44.8128580605666,,1,-35.77338556729736,123.91047197087998,-70.0,113.5,35.77483839490217
20260808_131913,35.0,0,TL,Homography,EqualFusion,0.22558389845113672,0.7744161015488633,44.8128580605666,,1,-41.60928729319009,145.5435557301327,-70.0,113.5,42.811470797331154
20260808_131913,35.0,0,TL,Homography,LOOWeightedFusion,0.22558389845113672,0.7744161015488633,44.8128580605666,,1,-38.406356491906564,133.6706227107444,-70.0,113.5,37.4834941094836
20260808_131913,35.0,0,TL,Homography,LOOWeightedGated,0.22558389845113672,0.7744161015488633,44.8128580605666,0.4995099461069983,0,,,-70.0,113.5,
20260808_131913,35.0,0,TL,PnP,ihawk1,,,5.870397568626277,,1,-67.5653987440519,117.37786782822249,-70.0,113.5,4.578770814162581
20260808_131913,35.0,0,TL,PnP,ihawk2,,,5.870397568626277,,1,-66.5005516777076,111.60485576007027,-70.0,113.5,3.9796620774299303
20260808_131913,35.0,0,TL,PnP,EqualFusion,0.15062905711154223,0.8493709428884577,5.870397568626277,,1,-67.03297521087975,114.49136179414637,-70.0,113.5,3.128263784617139
20260808_131913,35.0,0,TL,PnP,LOOWeightedFusion,0.15062905711154223,0.8493709428884577,5.870397568626277,,1,-66.66094858727904,112.4744391245896,-70.0,113.5,3.4929986324025974
20260808_131913,35.0,0,TL,PnP,LOOWeightedGated,0.15062905711154223,0.8493709428884577,5.870397568626277,13.870431873632965,1,-66.66094858727904,112.4744391245896,-70.0,113.5,3.4929986324025974
20260808_131913,35.0,1,TR,Affine,ihawk1,,,41.79867809244745,,1,82.6760230518003,134.6052409168184,70.0,113.5,24.619357314250056
20260808_131913,35.0,1,TR,Affine,ihawk2,,,41.79867809244745,,1,104.3989297356905,98.89467083625198,70.0,113.5,37.37113868940042
20260808_131913,35.0,1,TR,Affine,EqualFusion,0.5477826042006415,0.4522173957993585,41.79867809244745,,1,93.53747639374541,116.74995587653518,70.0,113.5,23.76078719625147
20260808_131913,35.0,1,TR,Affine,LOOWeightedFusion,0.5477826042006415,0.4522173957993585,41.79867809244745,,1,92.49949934158161,118.45629991247415,70.0,113.5,23.038931820816316
20260808_131913,35.0,1,TR,Affine,LOOWeightedGated,0.5477826042006415,0.4522173957993585,41.79867809244745,15.39378796037687,0,,,70.0,113.5,
20260808_131913,35.0,1,TR,Homography,ihawk1,,,44.77645209127465,,1,107.45217388932497,165.65575095070656,70.0,113.5,64.20971644750009
20260808_131913,35.0,1,TR,Homography,ihawk2,,,44.77645209127465,,1,118.95259690383206,122.38138287479343,70.0,113.5,49.751740727312665
20260808_131913,35.0,1,TR,Homography,EqualFusion,0.22558389845113672,0.7744161015488633,44.77645209127465,,1,113.2023853965785,144.01856691275,70.0,113.5,52.894508508563526
20260808_131913,35.0,1,TR,Homography,LOOWeightedFusion,0.22558389845113672,0.7744161015488633,44.77645209127465,,1,116.35828664638237,132.14338352836734,70.0,113.5,49.966653782037
20260808_131913,35.0,1,TR,Homography,LOOWeightedGated,0.22558389845113672,0.7744161015488633,44.77645209127465,0.4995099461069983,0,,,70.0,113.5,
20260808_131913,35.0,1,TR,PnP,ihawk1,,,12.787876997927583,,1,78.84708718619704,122.37115345211537,70.0,113.5,12.528699663219255
20260808_131913,35.0,1,TR,PnP,ihawk2,,,12.787876997927583,,1,73.81119228644462,110.6165985616581,70.0,113.5,4.779036565970924
20260808_131913,35.0,1,TR,PnP,EqualFusion,0.15062905711154223,0.8493709428884577,12.787876997927583,,1,76.32913973632083,116.49387600688672,70.0,113.5,7.001521502251296
20260808_131913,35.0,1,TR,PnP,LOOWeightedFusion,0.15062905711154223,0.8493709428884577,12.787876997927583,,1,74.56974438690716,112.38717608157353,70.0,113.5,4.703290426402727
20260808_131913,35.0,1,TR,PnP,LOOWeightedGated,0.15062905711154223,0.8493709428884577,12.787876997927583,13.870431873632965,1,74.56974438690716,112.38717608157353,70.0,113.5,4.703290426402727
20260808_131913,35.0,2,BL,Affine,ihawk1,,,54.58688903487469,,1,-50.08708789680226,-80.31298730290348,-70.0,-113.5,38.702737373303776
20260808_131913,35.0,2,BL,Affine,ihawk2,,,54.58688903487469,,1,-32.69665271424742,-132.05563140491165,-70.0,-113.5,41.66354732324659
20260808_131913,35.0,2,BL,Affine,EqualFusion,0.5477826042006415,0.4522173957993585,54.58688903487469,,1,-41.39187030552484,-106.18430935390757,-70.0,-113.5,29.528704919878145
20260808_131913,35.0,2,BL,Affine,LOOWeightedFusion,0.5477826042006415,0.4522173957993585,54.58688903487469,,1,-42.22283058672977,-103.71191107048665,-70.0,-113.5,29.451278843296038
20260808_131913,35.0,2,BL,Affine,LOOWeightedGated,0.5477826042006415,0.4522173957993585,54.58688903487469,15.39378796037687,0,,,-70.0,-113.5,
20260808_131913,35.0,2,BL,Homography,ihawk1,,,45.6183000106045,,1,-49.13628022059926,-83.27972314182422,-70.0,-113.5,36.72274412973726
20260808_131913,35.0,2,BL,Homography,ihawk2,,,45.6183000106045,,1,-37.66862862671955,-127.43311783327356,-70.0,-113.5,35.20581411404747
20260808_131913,35.0,2,BL,Homography,EqualFusion,0.22558389845113672,0.7744161015488633,45.6183000106045,,1,-43.40245442365941,-105.35642048754889,-70.0,-113.5,27.816313881625806
20260808_131913,35.0,2,BL,Homography,LOOWeightedFusion,0.22558389845113672,0.7744161015488633,45.6183000106045,,1,-40.25554617934633,-117.4728229289247,-70.0,-113.5,30.008596353604883
20260808_131913,35.0,2,BL,Homography,LOOWeightedGated,0.22558389845113672,0.7744161015488633,45.6183000106045,0.4995099461069983,0,,,-70.0,-113.5,
20260808_131913,35.0,2,BL,PnP,ihawk1,,,3.7237533966537,,1,-70.08865140534526,-113.77116809626193,-70.0,-113.5,0.28529144414091634
20260808_131913,35.0,2,BL,PnP,ihawk2,,,3.7237533966537,,1,-69.58566614660062,-117.46079479669865,-70.0,-113.5,3.9824073076002513
20260808_131913,35.0,2,BL,PnP,EqualFusion,0.15062905711154223,0.8493709428884577,3.7237533966537,,1,-69.83715877597294,-115.61598144648029,-70.0,-113.5,2.1222381454708272
20260808_131913,35.0,2,BL,PnP,LOOWeightedFusion,0.15062905711154223,0.8493709428884577,3.7237533966537,,1,-69.66143034186632,-116.90502980571829,-70.0,-113.5,3.4218207713494673
20260808_131913,35.0,2,BL,PnP,LOOWeightedGated,0.15062905711154223,0.8493709428884577,3.7237533966537,13.870431873632965,1,-69.66143034186632,-116.90502980571829,-70.0,-113.5,3.4218207713494673
20260808_131913,35.0,3,BR,Affine,ihawk1,,,25.851007201339424,,1,106.64609315725578,-77.94371888296007,70.0,-113.5,51.06060389932966
20260808_131913,35.0,3,BR,Affine,ihawk2,,,25.851007201339424,,1,102.05167694789219,-103.38317471477455,70.0,-113.5,33.6104172694095
20260808_131913,35.0,3,BR,Affine,EqualFusion,0.5477826042006415,0.4522173957993585,25.851007201339424,,1,104.34888505257399,-90.66344679886731,70.0,-113.5,41.24747345551124
20260808_131913,35.0,3,BR,Affine,LOOWeightedFusion,0.5477826042006415,0.4522173957993585,25.851007201339424,,1,104.56841822383902,-89.44788334977602,70.0,-113.5,42.112704185960645
20260808_131913,35.0,3,BR,Affine,LOOWeightedGated,0.5477826042006415,0.4522173957993585,25.851007201339424,15.39378796037687,0,,,70.0,-113.5,
20260808_131913,35.0,3,BR,Homography,ihawk1,,,43.74605145098573,,1,105.30074684276624,-86.88502762828486,70.0,-113.5,44.20972157799946
20260808_131913,35.0,3,BR,Homography,ihawk2,,,43.74605145098573,,1,117.74498634638383,-128.82376772296217,70.0,-113.5,50.14380897422607
20260808_131913,35.0,3,BR,Homography,EqualFusion,0.22558389845113672,0.7744161015488633,43.74605145098573,,1,111.52286659457504,-107.85439767562352,70.0,-113.5,41.90490753880601
20260808_131913,35.0,3,BR,Homography,LOOWeightedFusion,0.22558389845113672,0.7744161015488633,43.74605145098573,,1,114.93776628589814,-119.36306323627588,70.0,-113.5,45.31863137031582
20260808_131913,35.0,3,BR,Homography,LOOWeightedGated,0.22558389845113672,0.7744161015488633,43.74605145098573,0.4995099461069983,0,,,70.0,-113.5,
20260808_131913,35.0,3,BR,PnP,ihawk1,,,1.1442183966090802,,1,69.50643996646687,-118.50998375058973,70.0,-113.5,5.03423665394013
20260808_131913,35.0,3,BR,PnP,ihawk2,,,1.1442183966090802,,1,70.55170709103442,-118.97544306936737,70.0,-113.5,5.5031679531139925
20260808_131913,35.0,3,BR,PnP,EqualFusion,0.15062905711154223,0.8493709428884577,1.1442183966090802,,1,70.02907352875064,-118.74271340997855,70.0,-113.5,5.242794023156252
20260808_131913,35.0,3,BR,PnP,LOOWeightedFusion,0.15062905711154223,0.8493709428884577,1.1442183966090802,,1,70.39425948963111,-118.90533137105612,70.0,-113.5,5.4196907454288965
20260808_131913,35.0,3,BR,PnP,LOOWeightedGated,0.15062905711154223,0.8493709428884577,1.1442183966090802,13.870431873632965,1,70.39425948963111,-118.90533137105612,70.0,-113.5,5.4196907454288965
20260808_131913,35.0,4,C,Affine,ihawk1,,,51.514606732910345,,1,28.090946493030845,46.467839805654535,0.0,0.0,54.29881592703743
20260808_131913,35.0,4,C,Affine,ihawk2,,,51.514606732910345,,1,43.27702099973931,-2.7575382825136785,0.0,0.0,43.36478483737012
20260808_131913,35.0,4,C,Affine,EqualFusion,0.5477826042006415,0.4522173957993585,51.514606732910345,,1,35.683983746385074,21.855150761570428,0.0,0.0,41.84488392651181
20260808_131913,35.0,4,C,Affine,LOOWeightedFusion,0.5477826042006415,0.4522173957993585,51.514606732910345,,1,34.958353558869575,24.2072675193843,0.0,0.0,42.521503786930765
20260808_131913,35.0,4,C,Affine,LOOWeightedGated,0.5477826042006415,0.4522173957993585,51.514606732910345,15.39378796037687,0,,,0.0,0.0,
20260808_131913,35.0,4,C,Homography,ihawk1,,,43.83745174597505,,1,28.08543973198688,39.7228482515352,0.0,0.0,48.64870602753541
20260808_131913,35.0,4,C,Homography,ihawk2,,,43.83745174597505,,1,39.718446681940655,-2.5429218808428256,0.0,0.0,39.79976706613032
20260808_131913,35.0,4,C,Homography,EqualFusion,0.22558389845113672,0.7744161015488633,43.83745174597505,,1,33.901943206963765,18.589963185346186,0.0,0.0,38.66430504277457
20260808_131913,35.0,4,C,Homography,LOOWeightedFusion,0.22558389845113672,0.7744161015488633,43.83745174597505,,1,37.09422762346092,6.9915553166586255,0.0,0.0,37.74736505674308
20260808_131913,35.0,4,C,Homography,LOOWeightedGated,0.22558389845113672,0.7744161015488633,43.83745174597505,0.4995099461069983,0,,,0.0,0.0,
20260808_131913,35.0,4,C,PnP,ihawk1,,,7.582749854916378,,1,3.997298025995616,3.8015063814650008,0.0,0.0,5.51632506991272
20260808_131913,35.0,4,C,PnP,ihawk2,,,7.582749854916378,,1,2.2679945109043924,-3.5814201869716307,0.0,0.0,4.2391472794820855
20260808_131913,35.0,4,C,PnP,EqualFusion,0.15062905711154223,0.8493709428884577,7.582749854916378,,1,3.1326462684500043,0.11004309724668504,0.0,0.0,3.1345784607320613
20260808_131913,35.0,4,C,PnP,LOOWeightedFusion,0.15062905711154223,0.8493709428884577,7.582749854916378,,1,2.528477868842259,-2.4693369192442667,0.0,0.0,3.5342361485854137
20260808_131913,35.0,4,C,PnP,LOOWeightedGated,0.15062905711154223,0.8493709428884577,7.582749854916378,13.870431873632965,1,2.528477868842259,-2.4693369192442667,0.0,0.0,3.5342361485854137
20260808_131913,40.0,0,TL,Affine,ihawk1,,,33.6221356161612,,1,-38.63501048368137,163.05607136008496,-70.0,113.5,58.647819874268215
20260808_131913,40.0,0,TL,Affine,ihawk2,,,33.6221356161612,,1,-27.94134156922894,131.17985062205503,-70.0,113.5,45.62354509476931
20260808_131913,40.0,0,TL,Affine,EqualFusion,0.5477826042006415,0.4522173957993585,33.6221356161612,,1,-33.288176026455154,147.11796099107,-70.0,113.5,49.77876375184147
20260808_131913,40.0,0,TL,Affine,LOOWeightedFusion,0.5477826042006415,0.4522173957993585,33.6221356161612,,1,-33.79914737564714,148.64108983000756,-70.0,113.5,50.451936783148135
20260808_131913,40.0,0,TL,Affine,LOOWeightedGated,0.5477826042006415,0.4522173957993585,33.6221356161612,15.39378796037687,0,,,-70.0,113.5,
20260808_131913,40.0,0,TL,Homography,ihawk1,,,53.048320698663424,,1,-47.47290319702429,178.1149467052107,-70.0,113.5,68.42924395379404
20260808_131913,40.0,0,TL,Homography,ihawk2,,,53.048320698663424,,1,-33.23474377302555,127.01309600325435,-70.0,113.5,39.16998632918133
20260808_131913,40.0,0,TL,Homography,EqualFusion,0.22558389845113672,0.7744161015488633,53.048320698663424,,1,-40.35382348502492,152.56402135423252,-70.0,113.5,49.03971397062787
20260808_131913,40.0,0,TL,Homography,LOOWeightedFusion,0.22558389845113672,0.7744161015488633,53.048320698663424,,1,-36.44664328265998,138.54085070266962,-70.0,113.5,41.86731363384157
20260808_131913,40.0,0,TL,Homography,LOOWeightedGated,0.22558389845113672,0.7744161015488633,53.048320698663424,0.4995099461069983,0,,,-70.0,113.5,
20260808_131913,40.0,0,TL,PnP,ihawk1,,,3.8467037892916296,,1,-73.53325337161132,112.3377666205199,-70.0,113.5,3.719498059736087
20260808_131913,40.0,0,TL,PnP,ihawk2,,,3.8467037892916296,,1,-69.68906819868533,112.19858904040528,-70.0,113.5,1.3380392635576994
20260808_131913,40.0,0,TL,PnP,EqualFusion,0.15062905711154223,0.8493709428884577,3.8467037892916296,,1,-71.61116078514833,112.26817783046259,-70.0,113.5,2.0281087083693587
20260808_131913,40.0,0,TL,PnP,LOOWeightedFusion,0.15062905711154223,0.8493709428884577,3.8467037892916296,,1,-70.26811418664533,112.219553228069,-70.0,113.5,1.3082160191761143
20260808_131913,40.0,0,TL,PnP,LOOWeightedGated,0.15062905711154223,0.8493709428884577,3.8467037892916296,13.870431873632965,1,-70.26811418664533,112.219553228069,-70.0,113.5,1.3082160191761143
20260808_131913,40.0,1,TR,Affine,ihawk1,,,46.99363042053618,,1,83.89491965700181,141.26590633399258,70.0,113.5,31.04858043168132
20260808_131913,40.0,1,TR,Affine,ihawk2,,,46.99363042053618,,1,107.82191000074158,100.81964033584973,70.0,113.5,39.89095633494396
20260808_131913,40.0,1,TR,Affine,EqualFusion,0.5477826042006415,0.4522173957993585,46.99363042053618,,1,95.8584148288717,121.04277333492115,70.0,113.5,26.936054778753505
20260808_131913,40.0,1,TR,Affine,LOOWeightedFusion,0.5477826042006415,0.4522173957993585,46.99363042053618,,1,94.71512091956421,122.97540125450428,70.0,113.5,26.469235557577818
20260808_131913,40.0,1,TR,Affine,LOOWeightedGated,0.5477826042006415,0.4522173957993585,46.99363042053618,15.39378796037687,0,,,70.0,113.5,
20260808_131913,40.0,1,TR,Homography,ihawk1,,,52.561224165388026,,1,110.43004038161376,176.4107249422554,70.0,113.5,74.78199969256663
20260808_131913,40.0,1,TR,Homography,ihawk2,,,52.561224165388026,,1,124.00740262755718,125.6333922020789,70.0,113.5,55.353579332366024
20260808_131913,40.0,1,TR,Homography,EqualFusion,0.22558389845113672,0.7744161015488633,52.561224165388026,,1,117.21872150458547,151.02205857216714,70.0,113.5,60.31179436910117
20260808_131913,40.0,1,TR,Homography,LOOWeightedFusion,0.22558389845113672,0.7744161015488633,52.561224165388026,,1,120.94456832143399,137.08794087455846,70.0,113.5,56.14035977938618
20260808_131913,40.0,1,TR,Homography,LOOWeightedGated,0.22558389845113672,0.7744161015488633,52.561224165388026,0.4995099461069983,0,,,70.0,113.5,
20260808_131913,40.0,1,TR,PnP,ihawk1,,,14.94240046933765,,1,76.42871157739023,124.4442019848865,70.0,113.5,12.692670705224527
20260808_131913,40.0,1,TR,PnP,ihawk2,,,14.94240046933765,,1,69.62189263365497,111.1422266558886,70.0,113.5,2.387898725383177
20260808_131913,40.0,1,TR,PnP,EqualFusion,0.15062905711154223,0.8493709428884577,14.94240046933765,,1,73.0253021055226,117.79321432038756,70.0,113.5,5.252060741314813
20260808_131913,40.0,1,TR,PnP,LOOWeightedFusion,0.15062905711154223,0.8493709428884577,14.94240046933765,,1,70.6471973530788,113.14589065741654,70.0,113.5,0.737738327821651
20260808_131913,40.0,1,TR,PnP,LOOWeightedGated,0.15062905711154223,0.8493709428884577,14.94240046933765,13.870431873632965,0,,,70.0,113.5,
20260808_131913,40.0,2,BL,Affine,ihawk1,,,63.85252994646781,,1,-49.17545425264298,-72.33706166789841,-70.0,-113.5,46.130783623478194
20260808_131913,40.0,2,BL,Affine,ihawk2,,,63.85252994646781,,1,-29.397237878542683,-133.04923291571197,-70.0,-113.5,45.063919042670996
20260808_131913,40.0,2,BL,Affine,EqualFusion,0.5477826042006415,0.4522173957993585,63.85252994646781,,1,-39.28634606559283,-102.69314729180519,-70.0,-113.5,32.559431866344696
20260808_131913,40.0,2,BL,Affine,LOOWeightedFusion,0.5477826042006415,0.4522173957993585,63.85252994646781,,1,-40.23140075039112,-99.79216164290935,-70.0,-113.5,32.773073302757865
20260808_131913,40.0,2,BL,Affine,LOOWeightedGated,0.5477826042006415,0.4522173957993585,63.85252994646781,15.39378796037687,0,,,-70.0,-113.5,
20260808_131913,40.0,2,BL,Homography,ihawk1,,,54.13228882104619,,1,-48.63084201517355,-76.82035137275516,-70.0,-113.5,42.45041267642303
20260808_131913,40.0,2,BL,Homography,ihawk2,,,54.13228882104619,,1,-34.695036442610395,-129.12807562117644,-70.0,-113.5,38.60928903010022
20260808_131913,40.0,2,BL,Homography,EqualFusion,0.22558389845113672,0.7744161015488633,54.13228882104619,,1,-41.66293922889197,-102.9742134969658,-70.0,-113.5,30.228813980256096
20260808_131913,40.0,2,BL,Homography,LOOWeightedFusion,0.22558389845113672,0.7744161015488633,54.13228882104619,,1,-37.838729791726266,-117.32829526611052,-70.0,-113.5,32.3883180491689
20260808_131913,40.0,2,BL,Homography,LOOWeightedGated,0.22558389845113672,0.7744161015488633,54.13228882104619,0.4995099461069983,0,,,-70.0,-113.5,
20260808_131913,40.0,2,BL,PnP,ihawk1,,,2.833748334306416,,1,-73.75786480922831,-114.01591498332034,-70.0,-113.5,3.793114313390903
20260808_131913,40.0,2,BL,PnP,ihawk2,,,2.833748334306416,,1,-73.67524222044207,-116.8484585628627,-70.0,-113.5,4.971878933172904
20260808_131913,40.0,2,BL,PnP,EqualFusion,0.15062905711154223,0.8493709428884577,2.833748334306416,,1,-73.7165535148352,-115.43218677309153,-70.0,-113.5,4.188808393176242
20260808_131913,40.0,2,BL,PnP,LOOWeightedFusion,0.15062905711154223,0.8493709428884577,2.833748334306416,,1,-73.68768758308705,-116.42179519424887,-70.0,-113.5,4.704883300103228
20260808_131913,40.0,2,BL,PnP,LOOWeightedGated,0.15062905711154223,0.8493709428884577,2.833748334306416,13.870431873632965,1,-73.68768758308705,-116.42179519424887,-70.0,-113.5,4.704883300103228
20260808_131913,40.0,3,BR,Affine,ihawk1,,,33.84564028304629,,1,109.23967977472795,-69.87243664496918,70.0,-113.5,58.678077278660226
20260808_131913,40.0,3,BR,Affine,ihawk2,,,33.84564028304629,,1,105.10492185176582,-103.46456582857212,70.0,-113.5,36.51116921200481
20260808_131913,40.0,3,BR,Affine,EqualFusion,0.5477826042006415,0.4522173957993585,33.84564028304629,,1,107.17230081324689,-86.66850123677065,70.0,-113.5,45.84440286045499
20260808_131913,40.0,3,BR,Affine,LOOWeightedFusion,0.5477826042006415,0.4522173957993585,33.84564028304629,,1,107.36987031454524,-85.06338182373374,70.0,-113.5,46.9590083011629
20260808_131913,40.0,3,BR,Affine,LOOWeightedGated,0.5477826042006415,0.4522173957993585,33.84564028304629,15.39378796037687,0,,,70.0,-113.5,
20260808_131913,40.0,3,BR,Homography,ihawk1,,,51.97103413602529,,1,109.3715486994633,-79.456791368396,70.0,-113.5,52.04862054780249
20260808_131913,40.0,3,BR,Homography,ihawk2,,,51.97103413602529,,1,122.31279519149886,-129.7908010278726,70.0,-113.5,54.79068113171656
20260808_131913,40.0,3,BR,Homography,EqualFusion,0.22558389845113672,0.7744161015488633,51.97103413602529,,1,115.84217194548108,-104.6237961981343,70.0,-113.5,46.69359402114286
20260808_131913,40.0,3,BR,Homography,LOOWeightedFusion,0.22558389845113672,0.7744161015488633,51.97103413602529,,1,119.39345835700838,-118.43625890421069,70.0,-113.5,49.639504232364374
20260808_131913,40.0,3,BR,Homography,LOOWeightedGated,0.22558389845113672,0.7744161015488633,51.97103413602529,0.4995099461069983,0,,,70.0,-113.5,
20260808_131913,40.0,3,BR,PnP,ihawk1,,,14.963249695371054,,1,55.88388809164759,-127.10448244135418,70.0,-113.5,19.60475855261275
20260808_131913,40.0,3,BR,PnP,ihawk2,,,14.963249695371054,,1,68.04567626916592,-118.38727246503737,70.0,-113.5,5.263536206051372
20260808_131913,40.0,3,BR,PnP,EqualFusion,0.15062905711154223,0.8493709428884577,14.963249695371054,,1,61.96478218040676,-122.74587745319577,70.0,-113.5,12.249529594552714
20260808_131913,40.0,3,BR,PnP,LOOWeightedFusion,0.15062905711154223,0.8493709428884577,14.963249695371054,,1,66.21375758319603,-119.7003375844133,70.0,-113.5,7.264971975134784
20260808_131913,40.0,3,BR,PnP,LOOWeightedGated,0.15062905711154223,0.8493709428884577,14.963249695371054,13.870431873632965,0,,,70.0,-113.5,
20260808_131913,40.0,4,C,Affine,ihawk1,,,58.37060238852899,,1,29.284466515723,53.76750328857463,0.0,0.0,61.22519407072047
20260808_131913,40.0,4,C,Affine,ihawk2,,,58.37060238852899,,1,46.34128216466263,-2.055361767939928,0.0,0.0,46.38684020993441
20260808_131913,40.0,4,C,Affine,EqualFusion,0.5477826042006415,0.4522173957993585,58.37060238852899,,1,37.81287434019281,25.85607076031735,0.0,0.0,45.80774891903934
20260808_131913,40.0,4,C,Affine,LOOWeightedFusion,0.5477826042006415,0.4522173957993585,58.37060238852899,,1,36.99785526911623,28.523432626658607,0.0,0.0,46.71645859140014
20260808_131913,40.0,4,C,Affine,LOOWeightedGated,0.5477826042006415,0.4522173957993585,58.37060238852899,15.39378796037687,0,,,0.0,0.0,
20260808_131913,40.0,4,C,Homography,ihawk1,,,51.8420284648971,,1,29.830082847567546,48.267334970932225,0.0,0.0,56.7412501438673
20260808_131913,40.0,4,C,Homography,ihawk2,,,51.8420284648971,,1,43.30037305020938,-1.794099259539156,0.0,0.0,43.33752529206505
20260808_131913,40.0,4,C,Homography,EqualFusion,0.22558389845113672,0.7744161015488633,51.8420284648971,,1,36.56522794888846,23.236617855696533,0.0,0.0,43.32385375662983
20260808_131913,40.0,4,C,Homography,LOOWeightedFusion,0.22558389845113672,0.7744161015488633,51.8420284648971,,1,40.261692473029285,9.49895423622576,0.0,0.0,41.36706434320297
20260808_131913,40.0,4,C,Homography,LOOWeightedGated,0.22558389845113672,0.7744161015488633,51.8420284648971,0.4995099461069983,0,,,0.0,0.0,
20260808_131913,40.0,4,C,PnP,ihawk1,,,7.429384762617181,,1,0.48241025398546444,3.9470942707916468,0.0,0.0,3.976464866645569
20260808_131913,40.0,4,C,PnP,ihawk2,,,7.429384762617181,,1,-1.7236919291250974,-3.1471901264314552,0.0,0.0,3.5883031586585097
20260808_131913,40.0,4,C,PnP,EqualFusion,0.15062905711154223,0.8493709428884577,7.429384762617181,,1,-0.6206408375698165,0.39995207218009576,0.0,0.0,0.7383472823140314
20260808_131913,40.0,4,C,PnP,LOOWeightedFusion,0.15062905711154223,0.8493709428884577,7.429384762617181,,1,-1.3913888373914385,-2.078584756796613,0.0,0.0,2.5012951621119677
20260808_131913,40.0,4,C,PnP,LOOWeightedGated,0.15062905711154223,0.8493709428884577,7.429384762617181,13.870431873632965,1,-1.3913888373914385,-2.078584756796613,0.0,0.0,2.5012951621119677
20260808_131913,45.0,0,TL,Affine,ihawk1,,,39.29775173547742,,1,-34.03800433304458,169.6601335512246,-70.0,113.5,66.68752306722376
20260808_131913,45.0,0,TL,Affine,ihawk2,,,39.29775173547742,,1,-21.54020909349424,132.40267247812554,-70.0,113.5,52.01598178942259
20260808_131913,45.0,0,TL,Affine,EqualFusion,0.5477826042006415,0.4522173957993585,39.29775173547742,,1,-27.789106713269412,151.03140301467505,-70.0,113.5,56.483322532529165
20260808_131913,45.0,0,TL,Affine,LOOWeightedFusion,0.5477826042006415,0.4522173957993585,39.29775173547742,,1,-28.38628391658151,152.81166153065178,-70.0,113.5,57.24603129101518
20260808_131913,45.0,0,TL,Affine,LOOWeightedGated,0.5477826042006415,0.4522173957993585,39.29775173547742,15.39378796037687,0,,,-70.0,113.5,
20260808_131913,45.0,0,TL,Homography,ihawk1,,,61.09925553627934,,1,-42.428545250537056,188.75495618620963,-70.0,113.5,80.14670016656963
20260808_131913,45.0,0,TL,Homography,ihawk2,,,61.09925553627934,,1,-27.43441046006685,129.52409472891887,-70.0,113.5,45.481875783254935
20260808_131913,45.0,0,TL,Homography,EqualFusion,0.22558389845113672,0.7744161015488633,61.09925553627934,,1,-34.93147785530195,159.13952545756425,-70.0,113.5,57.55664626613362
20260808_131913,45.0,0,TL,Homography,LOOWeightedFusion,0.22558389845113672,0.7744161015488633,61.09925553627934,,1,-30.816845840002937,142.88562336507368,-70.0,113.5,48.97789736687417
20260808_131913,45.0,0,TL,Homography,LOOWeightedGated,0.22558389845113672,0.7744161015488633,61.09925553627934,0.4995099461069983,0,,,-70.0,113.5,
20260808_131913,45.0,0,TL,PnP,ihawk1,,,5.1000871897283515,,1,-70.76695710524325,117.39429387253732,-70.0,113.5,3.969099137961259
20260808_131913,45.0,0,TL,PnP,ihawk2,,,5.1000871897283515,,1,-69.41917733675471,112.47551566667316,-70.0,113.5,1.1776769995934728
20260808_131913,45.0,0,TL,PnP,EqualFusion,0.15062905711154223,0.8493709428884577,5.1000871897283515,,1,-70.09306722099899,114.93490476960524,-70.0,113.5,1.4379197493116018
20260808_131913,45.0,0,TL,PnP,LOOWeightedFusion,0.15062905711154223,0.8493709428884577,5.1000871897283515,,1,-69.62219213247616,113.21642658996328,-70.0,113.5,0.47239037208940704
20260808_131913,45.0,0,TL,PnP,LOOWeightedGated,0.15062905711154223,0.8493709428884577,5.1000871897283515,13.870431873632965,1,-69.62219213247616,113.21642658996328,-70.0,113.5,0.47239037208940704
20260808_131913,45.0,1,TR,Affine,ihawk1,,,51.46383802025359,,1,87.55837091484607,145.42117685142068,70.0,113.5,36.431551171518734
20260808_131913,45.0,1,TR,Affine,ihawk2,,,51.46383802025359,,1,113.22754650500838,100.81601965747825,70.0,113.5,45.050018137312
20260808_131913,45.0,1,TR,Affine,EqualFusion,0.5477826042006415,0.4522173957993585,51.46383802025359,,1,100.39295870992723,123.11859825444947,70.0,113.5,31.878666401275943
20260808_131913,45.0,1,TR,Affine,LOOWeightedFusion,0.5477826042006415,0.4522173957993585,51.46383802025359,,1,99.16641865254573,125.24994882595502,70.0,113.5,31.444256620695125
20260808_131913,45.0,1,TR,Affine,LOOWeightedGated,0.5477826042006415,0.4522173957993585,51.46383802025359,15.39378796037687,0,,,70.0,113.5,
20260808_131913,45.0,1,TR,Homography,ihawk1,,,59.06233297043254,,1,116.6442908407328,184.04959955064052,70.0,113.5,84.57503097717793
20260808_131913,45.0,1,TR,Homography,ihawk2,,,59.06233297043254,,1,132.17684816653178,127.06627884334047,70.0,113.5,63.63964463743661
20260808_131913,45.0,1,TR,Homography,EqualFusion,0.22558389845113672,0.7744161015488633,59.06233297043254,,1,124.41056950363229,155.5579391969905,70.0,113.5,68.77049020624581
20260808_131913,45.0,1,TR,Homography,LOOWeightedFusion,0.22558389845113672,0.7744161015488633,59.06233297043254,,1,128.6729533320623,139.9207984751846,70.0,113.5,64.34729244321532
20260808_131913,45.0,1,TR,Homography,LOOWeightedGated,0.22558389845113672,0.7744161015488633,59.06233297043254,0.4995099461069983,0,,,70.0,113.5,
20260808_131913,45.0,1,TR,PnP,ihawk1,,,17.883070732130108,,1,78.97775192648433,126.64521240642652,70.0,113.5,15.918437073518334
20260808_131913,45.0,1,TR,PnP,ihawk2,,,17.883070732130108,,1,70.79302492674393,110.74507206899274,70.0,113.5,2.866795500115267
20260808_131913,45.0,1,TR,PnP,EqualFusion,0.15062905711154223,0.8493709428884577,17.883070732130108,,1,74.88538842661413,118.69514223770963,70.0,113.5,7.131375950609385
20260808_131913,45.0,1,TR,PnP,LOOWeightedFusion,0.15062905711154223,0.8493709428884577,17.883070732130108,,1,72.0258826374302,113.1400952159616,70.0,113.5,2.0576034394933527
20260808_131913,45.0,1,TR,PnP,LOOWeightedGated,0.15062905711154223,0.8493709428884577,17.883070732130108,13.870431873632965,0,,,70.0,113.5,
20260808_131913,45.0,2,BL,Affine,ihawk1,,,70.83729515925047,,1,-45.41537515959466,-65.47218899271127,-70.0,-113.5,53.95437339730043
20260808_131913,45.0,2,BL,Affine,ihawk2,,,70.83729515925047,,1,-24.118063628269624,-133.03213945906714,-70.0,-113.5,49.8663870464661
20260808_131913,45.0,2,BL,Affine,EqualFusion,0.5477826042006415,0.4522173957993585,70.83729515925047,,1,-34.76671939393214,-99.2521642258892,-70.0,-113.5,38.00506395879303
20260808_131913,45.0,2,BL,Affine,LOOWeightedFusion,0.5477826042006415,0.4522173957993585,70.83729515925047,,1,-35.7843604013712,-96.02397385294037,-70.0,-113.5,38.420326430627405
20260808_131913,45.0,2,BL,Affine,LOOWeightedGated,0.5477826042006415,0.4522173957993585,70.83729515925047,15.39378796037687,0,,,-70.0,-113.5,
20260808_131913,45.0,2,BL,Homography,ihawk1,,,61.102811363512735,,1,-45.585020792892024,-71.2377075341801,-70.0,-113.5,48.80771019162866
20260808_131913,45.0,2,BL,Homography,ihawk2,,,61.102811363512735,,1,-29.866975530731928,-130.284270598102,-70.0,-113.5,43.50139529441764
20260808_131913,45.0,2,BL,Homography,EqualFusion,0.22558389845113672,0.7744161015488633,61.102811363512735,,1,-37.72599816181197,-100.76098906614106,-70.0,-113.5,34.69716983017984
20260808_131913,45.0,2,BL,Homography,LOOWeightedFusion,0.22558389845113672,0.7744161015488633,61.102811363512735,,1,-33.41271345700142,-116.96431671200162,-70.0,-113.5,36.750932326412325
20260808_131913,45.0,2,BL,Homography,LOOWeightedGated,0.22558389845113672,0.7744161015488633,61.102811363512735,0.4995099461069983,0,,,-70.0,-113.5,
20260808_131913,45.0,2,BL,PnP,ihawk1,,,4.063385010171122,,1,-73.33360308288599,-112.44136782525965,-70.0,-113.5,3.4976580158189337
20260808_131913,45.0,2,BL,PnP,ihawk2,,,4.063385010171122,,1,-73.8301779887987,-116.47429617866504,-70.0,-113.5,4.849402147100145
20260808_131913,45.0,2,BL,PnP,EqualFusion,0.15062905711154223,0.8493709428884577,4.063385010171122,,1,-73.58189053584235,-114.45783200196234,-70.0,-113.5,3.7077462095915052
20260808_131913,45.0,2,BL,PnP,LOOWeightedFusion,0.15062905711154223,0.8493709428884577,4.063385010171122,,1,-73.7553793789358,-115.86681998339317,-70.0,-113.5,4.438998886407326
20260808_131913,45.0,2,BL,PnP,LOOWeightedGated,0.15062905711154223,0.8493709428884577,4.063385010171122,13.870431873632965,1,-73.7553793789358,-115.86681998339317,-70.0,-113.5,4.438998886407326
20260808_131913,45.0,3,BR,Affine,ihawk1,,,40.50670844912724,,1,112.18153231073443,-63.80222245065727,70.0,-113.5,65.18551036407928
20260808_131913,45.0,3,BR,Affine,ihawk2,,,40.50670844912724,,1,109.7402478988468,-104.23529752296497,70.0,-113.5,40.80590661962771
20260808_131913,45.0,3,BR,Affine,EqualFusion,0.5477826042006415,0.4522173957993585,40.50670844912724,,1,110.96089010479062,-84.01875998681112,70.0,-113.5,50.46719757319583
20260808_131913,45.0,3,BR,Affine,LOOWeightedFusion,0.5477826042006415,0.4522173957993585,40.50670844912724,,1,111.07754103158504,-82.08676236401621,70.0,-113.5,51.71224106511283
20260808_131913,45.0,3,BR,Affine,LOOWeightedGated,0.5477826042006415,0.4522173957993585,40.50670844912724,15.39378796037687,0,,,70.0,-113.5,
20260808_131913,45.0,3,BR,Homography,ihawk1,,,60.4113422861502,,1,113.6481071819524,-73.78265628156902,70.0,-113.5,59.01376663639759
20260808_131913,45.0,3,BR,Homography,ihawk2,,,60.4113422861502,,1,129.37165958258606,-132.1118957478858,70.0,-113.5,62.220548253134616
20260808_131913,45.0,3,BR,Homography,EqualFusion,0.22558389845113672,0.7744161015488633,60.4113422861502,,1,121.50988338226924,-102.94727601472741,70.0,-113.5,52.57973059615581
20260808_131913,45.0,3,BR,Homography,LOOWeightedFusion,0.22558389845113672,0.7744161015488633,60.4113422861502,,1,125.82467933455038,-118.95375851538417,70.0,-113.5,56.09044753564997
20260808_131913,45.0,3,BR,Homography,LOOWeightedGated,0.22558389845113672,0.7744161015488633,60.4113422861502,0.4995099461069983,0,,,70.0,-113.5,
20260808_131913,45.0,3,BR,PnP,ihawk1,,,6.05461646860212,,1,69.14261407394214,-113.69456322172323,70.0,-113.5,0.879184550279072
20260808_131913,45.0,3,BR,PnP,ihawk2,,,6.05461646860212,,1,70.43885877093754,-119.6087943862432,70.0,-113.5,6.124538013125994
20260808_131913,45.0,3,BR,PnP,EqualFusion,0.15062905711154223,0.8493709428884577,6.05461646860212,,1,69.79073642243983,-116.65167880398322,70.0,-113.5,3.158618452483674
20260808_131913,45.0,3,BR,PnP,LOOWeightedFusion,0.15062905711154223,0.8493709428884577,6.05461646860212,,1,70.24360665444328,-118.71793932239186,70.0,-113.5,5.223622782538211
20260808_131913,45.0,3,BR,PnP,LOOWeightedGated,0.15062905711154223,0.8493709428884577,6.05461646860212,13.870431873632965,1,70.24360665444328,-118.71793932239186,70.0,-113.5,5.223622782538211
20260808_131913,45.0,4,C,Affine,ihawk1,,,63.512900044244155,,1,32.92103257437735,58.992822793665596,0.0,0.0,67.5569946558315
20260808_131913,45.0,4,C,Affine,ihawk2,,,63.512900044244155,,1,51.58441957177854,-1.716043591858238,0.0,0.0,51.61295523573947
20260808_131913,45.0,4,C,Affine,EqualFusion,0.5477826042006415,0.4522173957993585,63.512900044244155,,1,42.252726073077945,28.63838960090368,0.0,0.0,51.04361095709931
20260808_131913,45.0,4,C,Affine,LOOWeightedFusion,0.5477826042006415,0.4522173957993585,63.512900044244155,,1,41.360940839137726,31.53921733487279,0.0,0.0,52.01393714375976
20260808_131913,45.0,4,C,Affine,LOOWeightedGated,0.5477826042006415,0.4522173957993585,63.512900044244155,15.39378796037687,0,,,0.0,0.0,
20260808_131913,45.0,4,C,Homography,ihawk1,,,58.245374526512244,,1,34.334194948406235,54.770964358026774,0.0,0.0,64.64283007003486
20260808_131913,45.0,4,C,Homography,ihawk2,,,58.245374526512244,,1,49.530647956695,-1.4570666380925286,0.0,0.0,49.552074933325414
20260808_131913,45.0,4,C,Homography,EqualFusion,0.22558389845113672,0.7744161015488633,58.245374526512244,,1,41.932421452550614,26.656948859967123,0.0,0.0,49.68823695199126
20260808_131913,45.0,4,C,Homography,LOOWeightedFusion,0.22558389845113672,0.7744161015488633,58.245374526512244,,1,46.102572844455715,11.227071796243415,0.0,0.0,47.44991426753425
20260808_131913,45.0,4,C,Homography,LOOWeightedGated,0.22558389845113672,0.7744161015488633,58.245374526512244,0.4995099461069983,0,,,0.0,0.0,
20260808_131913,45.0,4,C,PnP,ihawk1,,,8.49521684121836,,1,1.4932976826823454,5.2005299347309,0.0,0.0,5.4106792153237695
20260808_131913,45.0,4,C,PnP,ihawk2,,,8.49521684121836,,1,-0.7196988855322051,-3.0013817551369364,0.0,0.0,3.08646382222523
20260808_131913,45.0,4,C,PnP,EqualFusion,0.15062905711154223,0.8493709428884577,8.49521684121836,,1,0.3867993985750702,1.099574089796982,0.0,0.0,1.1656229895171497
20260808_131913,45.0,4,C,PnP,LOOWeightedFusion,0.15062905711154223,0.8493709428884577,8.49521684121836,,1,-0.3863572990709685,-1.765935530780008,0.0,0.0,1.8077058005706246
20260808_131913,45.0,4,C,PnP,LOOWeightedGated,0.15062905711154223,0.8493709428884577,8.49521684121836,13.870431873632965,1,-0.3863572990709685,-1.765935530780008,0.0,0.0,1.8077058005706246
20260808_131913,50.0,0,TL,Affine,ihawk1,,,45.10660890372374,,1,-28.66712702180622,172.99169924442583,-70.0,113.5,72.44079422273556
20260808_131913,50.0,0,TL,Affine,ihawk2,,,45.10660890372374,,1,-12.256521945819486,130.97624723170213,-70.0,113.5,60.330162233307504
20260808_131913,50.0,0,TL,Affine,EqualFusion,0.5477826042006415,0.4522173957993585,45.10660890372374,,1,-20.461824483812855,151.98397323806398,-70.0,113.5,62.7299532094564
20260808_131913,50.0,0,TL,Affine,LOOWeightedFusion,0.5477826042006415,0.4522173957993585,45.10660890372374,,1,-21.245965930851767,153.991580951899,-70.0,113.5,63.37605199126763
20260808_131913,50.0,0,TL,Affine,LOOWeightedGated,0.5477826042006415,0.4522173957993585,45.10660890372374,15.39378796037687,0,,,-70.0,113.5,
20260808_131913,50.0,0,TL,Homography,ihawk1,,,67.21271808816266,,1,-36.21899141890742,195.0418285813682,-70.0,113.5,88.26225891709937
20260808_131913,50.0,0,TL,Homography,ihawk2,,,67.21271808816266,,1,-18.79881045399644,130.12583080001556,-70.0,113.5,53.83289013898967
20260808_131913,50.0,0,TL,Homography,EqualFusion,0.22558389845113672,0.7744161015488633,67.21271808816266,,1,-27.50890093645193,162.58382969069189,-70.0,113.5,64.92084285291668
20260808_131913,50.0,0,TL,Homography,LOOWeightedFusion,0.22558389845113672,0.7744161015488633,67.21271808816266,,1,-22.728522787785344,144.76983465137843,-70.0,113.5,56.67799499761328
20260808_131913,50.0,0,TL,Homography,LOOWeightedGated,0.22558389845113672,0.7744161015488633,67.21271808816266,0.4995099461069983,0,,,-70.0,113.5,
20260808_131913,50.0,0,TL,PnP,ihawk1,,,5.2161880152209035,,1,-68.04835247798624,116.08839765008348,-70.0,113.5,3.2417172062257555
20260808_131913,50.0,0,TL,PnP,ihawk2,,,5.2161880152209035,,1,-65.27155661983635,111.67274116748706,-70.0,113.5,5.069225940950949
20260808_131913,50.0,0,TL,PnP,EqualFusion,0.15062905711154223,0.8493709428884577,5.2161880152209035,,1,-66.65995454891129,113.88056940878528,-70.0,113.5,3.3616568370732876
20260808_131913,50.0,0,TL,PnP,LOOWeightedFusion,0.15062905711154223,0.8493709428884577,5.2161880152209035,,1,-65.6898227617407,112.33786733998902,-70.0,113.5,4.4640990294428695
20260808_131913,50.0,0,TL,PnP,LOOWeightedGated,0.15062905711154223,0.8493709428884577,5.2161880152209035,13.870431873632965,1,-65.6898227617407,112.33786733998902,-70.0,113.5,4.4640990294428695
20260808_131913,50.0,1,TR,Affine,ihawk1,,,57.851466265570394,,1,93.45442619521053,150.0307931219637,70.0,113.5,43.412083044542904
20260808_131913,50.0,1,TR,Affine,ihawk2,,,57.851466265570394,,1,121.15046040898989,99.23983095441275,70.0,113.5,53.10105480365119
20260808_131913,50.0,1,TR,Affine,EqualFusion,0.5477826042006415,0.4522173957993585,57.851466265570394,,1,107.30244330210022,124.63531203818823,70.0,113.5,38.92900525950054
20260808_131913,50.0,1,TR,Affine,LOOWeightedFusion,0.5477826042006415,0.4522173957993585,57.851466265570394,,1,105.97905466133577,127.06223648041006,70.0,113.5,38.45031381762641
20260808_131913,50.0,1,TR,Affine,LOOWeightedGated,0.5477826042006415,0.4522173957993585,57.851466265570394,15.39378796037687,0,,,70.0,113.5,
20260808_131913,50.0,1,TR,Homography,ihawk1,,,68.44009359969515,,1,126.48754740875418,193.2538638455998,70.0,113.5,97.73188737847397
20260808_131913,50.0,1,TR,Homography,ihawk2,,,68.44009359969515,,1,144.52253802655954,127.23276475333456,70.0,113.5,75.77728882515157
20260808_131913,50.0,1,TR,Homography,EqualFusion,0.22558389845113672,0.7744161015488633,68.44009359969515,,1,135.50504271765686,160.2433142994672,70.0,113.5,80.47265407044075
20260808_131913,50.0,1,TR,Homography,LOOWeightedFusion,0.22558389845113672,0.7744161015488633,68.44009359969515,,1,140.45413453446534,142.12606166659657,70.0,113.5,76.0475935157736
20260808_131913,50.0,1,TR,Homography,LOOWeightedGated,0.22558389845113672,0.7744161015488633,68.44009359969515,0.4995099461069983,0,,,70.0,113.5,
20260808_131913,50.0,1,TR,PnP,ihawk1,,,16.229232517469047,,1,79.62659980828285,122.50611006420243,70.0,113.5,13.18261894910718
20260808_131913,50.0,1,TR,PnP,ihawk2,,,16.229232517469047,,1,71.86156663939,108.25506631323216,70.0,113.5,5.56549725824044
20260808_131913,50.0,1,TR,PnP,EqualFusion,0.15062905711154223,0.8493709428884577,16.229232517469047,,1,75.74408322383643,115.3805881887173,70.0,113.5,6.044096625460424
20260808_131913,50.0,1,TR,PnP,LOOWeightedFusion,0.15062905711154223,0.8493709428884577,16.229232517469047,,1,73.03120626406019,110.40168759629614,70.0,113.5,4.334483956161668
20260808_131913,50.0,1,TR,PnP,LOOWeightedGated,0.15062905711154223,0.8493709428884577,16.229232517469047,13.870431873632965,0,,,70.0,113.5,
20260808_131913,50.0,2,BL,Affine,ihawk1,,,77.68838576850467,,1,-39.27115636112502,-60.42935050629569,-70.0,-113.5,61.325000359282875
20260808_131913,50.0,2,BL,Affine,ihawk2,,,77.68838576850467,,1,-16.429649910696526,-134.68398582552027,-70.0,-113.5,57.60680223850635
20260808_131913,50.0,2,BL,Affine,EqualFusion,0.5477826042006415,0.4522173957993585,77.68838576850467,,1,-27.850403135910774,-97.55666816590798,-70.0,-113.5,45.064158105718704
20260808_131913,50.0,2,BL,Affine,LOOWeightedFusion,0.5477826042006415,0.4522173957993585,77.68838576850467,,1,-28.941829797978,-94.0085883163865,-70.0,-113.5,45.449845651644544
20260808_131913,50.0,2,BL,Affine,LOOWeightedGated,0.5477826042006415,0.4522173957993585,77.68838576850467,15.39378796037687,0,,,-70.0,-113.5,
20260808_131913,50.0,2,BL,Homography,ihawk1,,,68.85540318120705,,1,-40.304549735117035,-67.13107455695442,-70.0,-113.5,55.062664421337786
20260808_131913,50.0,2,BL,Homography,ihawk2,,,68.85540318120705,,1,-22.679309092118196,-133.6924555486598,-70.0,-113.5,51.448839142238086
20260808_131913,50.0,2,BL,Homography,EqualFusion,0.22558389845113672,0.7744161015488633,68.85540318120705,,1,-31.491929413617616,-100.41176505280711,-70.0,-113.5,40.671530513600416
20260808_131913,50.0,2,BL,Homography,LOOWeightedFusion,0.22558389845113672,0.7744161015488633,68.85540318120705,,1,-26.655279587505294,-118.67727973825951,-70.0,-113.5,43.65282365581324
20260808_131913,50.0,2,BL,Homography,LOOWeightedGated,0.22558389845113672,0.7744161015488633,68.85540318120705,0.4995099461069983,0,,,-70.0,-113.5,
20260808_131913,50.0,2,BL,PnP,ihawk1,,,3.7552950653112736,,1,-72.60724864244845,-114.61218448860501,-70.0,-113.5,2.8345546070313925
20260808_131913,50.0,2,BL,PnP,ihawk2,,,3.7552950653112736,,1,-71.54507076002443,-118.21413106978031,-70.0,-113.5,4.960874458858085
20260808_131913,50.0,2,BL,PnP,EqualFusion,0.15062905711154223,0.8493709428884577,3.7552950653112736,,1,-72.07615970123643,-116.41315777919266,-70.0,-113.5,3.577279322545119
20260808_131913,50.0,2,BL,PnP,LOOWeightedFusion,0.15062905711154223,0.8493709428884577,3.7552950653112736,,1,-71.7050656129387,-117.67157325249173,-70.0,-113.5,4.506580981778804
20260808_131913,50.0,2,BL,PnP,LOOWeightedGated,0.15062905711154223,0.8493709428884577,3.7552950653112736,13.870431873632965,1,-71.7050656129387,-117.67157325249173,-70.0,-113.5,4.506580981778804
20260808_131913,50.0,3,BR,Affine,ihawk1,,,46.69704570814982,,1,118.98567539646147,-59.35171994565496,70.0,-113.5,73.01802946458683
20260808_131913,50.0,3,BR,Affine,ihawk2,,,46.69704570814982,,1,116.93265522690018,-106.003613648402,70.0,-113.5,47.527570261686066
20260808_131913,50.0,3,BR,Affine,EqualFusion,0.5477826042006415,0.4522173957993585,46.69704570814982,,1,117.95916531168083,-82.67766679702848,70.0,-113.5,57.009628673305095
20260808_131913,50.0,3,BR,Affine,LOOWeightedFusion,0.5477826042006415,0.4522173957993585,46.69704570814982,,1,118.05726396185891,-80.4485178250197,70.0,-113.5,58.32581841228482
20260808_131913,50.0,3,BR,Affine,LOOWeightedGated,0.5477826042006415,0.4522173957993585,46.69704570814982,15.39378796037687,0,,,70.0,-113.5,
20260808_131913,50.0,3,BR,Homography,ihawk1,,,69.34452350538965,,1,122.31882580770171,-69.66711922552332,70.0,-113.5,68.25379821582182
20260808_131913,50.0,3,BR,Homography,ihawk2,,,69.34452350538965,,1,140.62059583824356,-136.55290361906017,70.0,-113.5,74.28798638957863
20260808_131913,50.0,3,BR,Homography,EqualFusion,0.22558389845113672,0.7744161015488633,69.34452350538965,,1,131.46971082297264,-103.11001142229175,70.0,-113.5,62.34161700906376
20260808_131913,50.0,3,BR,Homography,LOOWeightedFusion,0.22558389845113672,0.7744161015488633,69.34452350538965,,1,136.49201120619776,-121.46454762460394,70.0,-113.5,66.96731720107736
20260808_131913,50.0,3,BR,Homography,LOOWeightedGated,0.22558389845113672,0.7744161015488633,69.34452350538965,0.4995099461069983,0,,,70.0,-113.5,
20260808_131913,50.0,3,BR,PnP,ihawk1,,,6.008642590837618,,1,70.78583675947732,-115.3842435350233,70.0,-113.5,2.0415467449517104
20260808_131913,50.0,3,BR,PnP,ihawk2,,,6.008642590837618,,1,68.16146569298351,-120.78946899653533,70.0,-113.5,7.517750105551956
20260808_131913,50.0,3,BR,PnP,EqualFusion,0.15062905711154223,0.8493709428884577,6.008642590837618,,1,69.47365122623042,-118.08685626577932,70.0,-113.5,4.616957161872713
20260808_131913,50.0,3,BR,PnP,LOOWeightedFusion,0.15062905711154223,0.8493709428884577,6.008642590837618,,1,68.55677223224029,-119.97528498179247,70.0,-113.5,6.63417078353126
20260808_131913,50.0,3,BR,PnP,LOOWeightedGated,0.15062905711154223,0.8493709428884577,6.008642590837618,13.870431873632965,1,68.55677223224029,-119.97528498179247,70.0,-113.5,6.63417078353126
20260808_131913,50.0,4,C,Affine,ihawk1,,,70.05451550875587,,1,38.8605933857575,63.49935408071849,0.0,0.0,74.44671709996109
20260808_131913,50.0,4,C,Affine,ihawk2,,,70.05451550875587,,1,59.642346661527654,-3.4017212017575957,0.0,0.0,59.73927704976288
20260808_131913,50.0,4,C,Affine,EqualFusion,0.5477826042006415,0.4522173957993585,70.05451550875587,,1,49.251470023642575,30.048816439480447,0.0,0.0,57.694355606968635
20260808_131913,50.0,4,C,Affine,LOOWeightedFusion,0.5477826042006415,0.4522173957993585,70.05451550875587,,1,48.25846373227107,33.245524040300324,0.0,0.0,58.60157157033512
20260808_131913,50.0,4,C,Affine,LOOWeightedGated,0.5477826042006415,0.4522173957993585,70.05451550875587,15.39378796037687,0,,,0.0,0.0,
20260808_131913,50.0,4,C,Homography,ihawk1,,,66.63321895974474,,1,41.6104719944387,60.78985010292008,0.0,0.0,73.66707035803351
20260808_131913,50.0,4,C,Homography,ihawk2,,,66.63321895974474,,1,59.36656031989954,-3.4340332763627335,0.0,0.0,59.465797470137716
20260808_131913,50.0,4,C,Homography,EqualFusion,0.22558389845113672,0.7744161015488633,66.63321895974474,,1,50.488516157169116,28.677908413278672,0.0,0.0,58.06472849082416
20260808_131913,50.0,4,C,Homography,LOOWeightedFusion,0.22558389845113672,0.7744161015488633,66.63321895974474,,1,55.36107269419937,11.053840710007048,0.0,0.0,56.45383746296293
20260808_131913,50.0,4,C,Homography,LOOWeightedGated,0.22558389845113672,0.7744161015488633,66.63321895974474,0.4995099461069983,0,,,0.0,0.0,
20260808_131913,50.0,4,C,PnP,ihawk1,,,8.642452003688827,,1,3.1877326566991915,3.369141501230313,0.0,0.0,4.638184337205555
20260808_131913,50.0,4,C,PnP,ihawk2,,,8.642452003688827,,1,0.9089341647392821,-4.967467765678283,0.0,0.0,5.04994032824974
20260808_131913,50.0,4,C,PnP,EqualFusion,0.15062905711154223,0.8493709428884577,8.642452003688827,,1,2.048333410719237,-0.7991631322239847,0.0,0.0,2.1987113210639437
20260808_131913,50.0,4,C,PnP,LOOWeightedFusion,0.15062905711154223,0.8493709428884577,8.642452003688827,,1,1.2521874329304077,-3.711732172296495,0.0,0.0,3.9172604056980562
20260808_131913,50.0,4,C,PnP,LOOWeightedGated,0.15062905711154223,0.8493709428884577,8.642452003688827,13.870431873632965,1,1.2521874329304077,-3.711732172296495,0.0,0.0,3.9172604056980562
20260808_141232,0.0,0,TL,Affine,ihawk1,,,12.90646613721253,,1,-61.395662260879476,117.44028319896063,-70.0,113.5,9.463638814793446
20260808_141232,0.0,0,TL,Affine,ihawk2,,,12.90646613721253,,1,-71.48090278575387,125.49415131971136,-70.0,113.5,12.085228129455704
20260808_141232,0.0,0,TL,Affine,EqualFusion,0.55064160971663,0.44935839028337,12.90646613721253,,1,-66.43828252331667,121.467217259336,-70.0,113.5,8.727106177947695
20260808_141232,0.0,0,TL,Affine,LOOWeightedFusion,0.55064160971663,0.44935839028337,12.90646613721253,,1,-65.92754970875765,121.05935641325573,-70.0,113.5,8.58654300386776
20260808_141232,0.0,0,TL,Affine,LOOWeightedGated,0.55064160971663,0.44935839028337,12.90646613721253,15.39378796037687,1,-65.92754970875765,121.05935641325573,-70.0,113.5,8.58654300386776
20260808_141232,0.0,0,TL,Homography,ihawk1,,,0.021319116180239225,,1,-69.95164138016737,113.52697635050976,-70.0,113.5,0.05537399749829963
20260808_141232,0.0,0,TL,Homography,ihawk2,,,0.021319116180239225,,1,-69.93491364876266,113.51375940242185,-70.0,113.5,0.06652483951425205
20260808_141232,0.0,0,TL,Homography,EqualFusion,0.3633913181973765,0.6366086818026235,0.021319116180239225,,1,-69.94327751446502,113.5203678764658,-70.0,113.5,0.06026848892241792
20260808_141232,0.0,0,TL,Homography,LOOWeightedFusion,0.3633913181973765,0.6366086818026235,0.021319116180239225,,1,-69.94099236112828,113.51856232661007,-70.0,113.5,0.061858398091075864
20260808_141232,0.0,0,TL,Homography,LOOWeightedGated,0.3633913181973765,0.6366086818026235,0.021319116180239225,0.17963030245207337,1,-69.94099236112828,113.51856232661007,-70.0,113.5,0.061858398091075864
20260808_141232,0.0,0,TL,PnP,ihawk1,,,4.1447931201469315,,1,-68.23264341987209,118.38820162880293,-70.0,113.5,5.197890384103252
20260808_141232,0.0,0,TL,PnP,ihawk2,,,4.1447931201469315,,1,-65.3849632999763,115.37655292027671,-70.0,113.5,4.981968948635131
20260808_141232,0.0,0,TL,PnP,EqualFusion,0.13053026060870945,0.8694697393912906,4.1447931201469315,,1,-66.8088033599242,116.88237727453982,-70.0,113.5,4.650184084845944
20260808_141232,0.0,0,TL,PnP,LOOWeightedFusion,0.13053026060870945,0.8694697393912906,4.1447931201469315,,1,-65.75667172815655,115.76966421106252,-70.0,113.5,4.812193933498939
20260808_141232,0.0,0,TL,PnP,LOOWeightedGated,0.13053026060870945,0.8694697393912906,4.1447931201469315,13.870431873632965,1,-65.75667172815655,115.76966421106252,-70.0,113.5,4.812193933498939
20260808_141232,0.0,1,TR,Affine,ihawk1,,,9.888833642099426,,1,58.85804489009786,102.02478198384915,70.0,113.5,15.994492558042204
20260808_141232,0.0,1,TR,Affine,ihawk2,,,9.888833642099426,,1,68.05745712994332,98.3971318846115,70.0,113.5,15.22728137629389
20260808_141232,0.0,1,TR,Affine,EqualFusion,0.55064160971663,0.44935839028337,9.888833642099426,,1,63.45775101002059,100.21095693423032,70.0,113.5,14.81214661859542
20260808_141232,0.0,1,TR,Affine,LOOWeightedFusion,0.55064160971663,0.44935839028337,9.888833642099426,,1,62.991877965747946,100.39466697474441,70.0,113.5,14.861477993450851
20260808_141232,0.0,1,TR,Affine,LOOWeightedGated,0.55064160971663,0.44935839028337,9.888833642099426,15.39378796037687,1,62.991877965747946,100.39466697474441,70.0,113.5,14.861477993450851
20260808_141232,0.0,1,TR,Homography,ihawk1,,,0.47498960413870017,,1,70.27104865874787,113.332608202418,70.0,113.5,0.3185708544527475
20260808_141232,0.0,1,TR,Homography,ihawk2,,,0.47498960413870017,,1,69.89902194125459,113.6279237040616,70.0,113.5,0.16297558838314372
20260808_141232,0.0,1,TR,Homography,EqualFusion,0.3633913181973765,0.6366086818026235,0.47498960413870017,,1,70.08503530000124,113.48026595323981,70.0,113.5,0.08729510208387363
20260808_141232,0.0,1,TR,Homography,LOOWeightedFusion,0.3633913181973765,0.6366086818026235,0.47498960413870017,,1,70.03421322052913,113.52060861463522,70.0,113.5,0.039940699244725646
20260808_141232,0.0,1,TR,Homography,LOOWeightedGated,0.3633913181973765,0.6366086818026235,0.47498960413870017,0.17963030245207337,0,,,70.0,113.5,
20260808_141232,0.0,1,TR,PnP,ihawk1,,,3.0975656638097275,,1,73.40926701508977,117.81861169159664,70.0,113.5,5.502136723398857
20260808_141232,0.0,1,TR,PnP,ihawk2,,,3.0975656638097275,,1,72.6100059408556,114.82593817501869,70.0,113.5,2.927497746416456
20260808_141232,0.0,1,TR,PnP,EqualFusion,0.13053026060870945,0.8694697393912906,3.0975656638097275,,1,73.00963647797269,116.32227493330767,70.0,113.5,4.125911720907352
20260808_141232,0.0,1,TR,PnP,LOOWeightedFusion,0.13053026060870945,0.8694697393912906,3.0975656638097275,,1,72.71433369716979,115.21657262905441,70.0,113.5,3.2115773399390846
20260808_141232,0.0,1,TR,PnP,LOOWeightedGated,0.13053026060870945,0.8694697393912906,3.0975656638097275,13.870431873632965,1,72.71433369716979,115.21657262905441,70.0,113.5,3.2115773399390846
20260808_141232,0.0,2,BL,Affine,ihawk1,,,7.263094495924605,,1,-77.62376766052722,-121.37988553215098,-70.0,-113.5,10.964234097350486
20260808_141232,0.0,2,BL,Affine,ihawk2,,,7.263094495924605,,1,-71.52936838105245,-125.33094097077338,-70.0,-113.5,11.929381035866331
20260808_141232,0.0,2,BL,Affine,EqualFusion,0.55064160971663,0.44935839028337,7.263094495924605,,1,-74.57656802078984,-123.35541325146218,-70.0,-113.5,10.866192764994212
20260808_141232,0.0,2,BL,Affine,LOOWeightedFusion,0.55064160971663,0.44935839028337,7.263094495924605,,1,-74.88519821055831,-123.1553254439707,-70.0,-113.5,10.82083504104143
20260808_141232,0.0,2,BL,Affine,LOOWeightedGated,0.55064160971663,0.44935839028337,7.263094495924605,15.39378796037687,1,-74.88519821055831,-123.1553254439707,-70.0,-113.5,10.82083504104143
20260808_141232,0.0,2,BL,Homography,ihawk1,,,0.47812995794232055,,1,-69.72611630385376,-113.66865981597554,-70.0,-113.5,0.32164951817099297
20260808_141232,0.0,2,BL,Homography,ihawk2,,,0.47812995794232055,,1,-70.10101526630788,-113.3719124071701,-70.0,-113.5,0.16312729834154255
20260808_141232,0.0,2,BL,Homography,EqualFusion,0.3633913181973765,0.6366086818026235,0.47812995794232055,,1,-69.91356578508082,-113.52028611157283,-70.0,-113.5,0.08878288028353369
20260808_141232,0.0,2,BL,Homography,LOOWeightedFusion,0.3633913181973765,0.6366086818026235,0.47812995794232055,,1,-69.96478023815085,-113.47974783922757,-70.0,-113.5,0.040627350893986176
20260808_141232,0.0,2,BL,Homography,LOOWeightedGated,0.3633913181973765,0.6366086818026235,0.47812995794232055,0.17963030245207337,0,,,-70.0,-113.5,
20260808_141232,0.0,2,BL,PnP,ihawk1,,,5.21082522057701,,1,-66.86190923183653,-108.93993797022513,-70.0,-113.5,5.535501728355548
20260808_141232,0.0,2,BL,PnP,ihawk2,,,5.21082522057701,,1,-68.30375815288069,-113.94730965288313,-70.0,-113.5,1.7542298394113471
20260808_141232,0.0,2,BL,PnP,EqualFusion,0.13053026060870945,0.8694697393912906,5.21082522057701,,1,-67.5828336923586,-111.44362381155413,-70.0,-113.5,3.17354312830374
20260808_141232,0.0,2,BL,PnP,LOOWeightedFusion,0.13053026060870945,0.8694697393912906,5.21082522057701,,1,-68.11555323745841,-113.29369612218112,-70.0,-113.5,1.895705908324541
20260808_141232,0.0,2,BL,PnP,LOOWeightedGated,0.13053026060870945,0.8694697393912906,5.21082522057701,13.870431873632965,1,-68.11555323745841,-113.29369612218112,-70.0,-113.5,1.895705908324541
20260808_141232,0.0,3,BR,Affine,ihawk1,,,15.088146626669431,,1,77.54944046438663,-109.95843338592113,70.0,-113.5,8.338869552120142
20260808_141232,0.0,3,BR,Affine,ihawk2,,,15.088146626669431,,1,68.08823051878284,-98.20523488538163,70.0,-113.5,15.413782873151565
20260808_141232,0.0,3,BR,Affine,EqualFusion,0.55064160971663,0.44935839028337,15.088146626669431,,1,72.81883549158474,-104.08183413565138,70.0,-113.5,9.830955283033251
20260808_141232,0.0,3,BR,Affine,LOOWeightedFusion,0.55064160971663,0.44935839028337,15.088146626669431,,1,73.2979663930971,-104.67703502703779,70.0,-113.5,9.419198121077821
20260808_141232,0.0,3,BR,Affine,LOOWeightedGated,0.55064160971663,0.44935839028337,15.088146626669431,15.39378796037687,1,73.2979663930971,-104.67703502703779,70.0,-113.5,9.419198121077821
20260808_141232,0.0,3,BR,Homography,ihawk1,,,0.02608749123850155,,1,70.04320289364682,-113.4705219204512,70.0,-113.5,0.052301502782842284
20260808_141232,0.0,3,BR,Homography,ihawk2,,,0.02608749123850155,,1,70.06464608613638,-113.48537946718594,70.0,-113.5,0.06627877814594271
20260808_141232,0.0,3,BR,Homography,EqualFusion,0.3633913181973765,0.6366086818026235,0.02608749123850155,,1,70.0539244898916,-113.47795069381857,70.0,-113.5,0.05825823987344325
20260808_141232,0.0,3,BR,Homography,LOOWeightedFusion,0.3633913181973765,0.6366086818026235,0.02608749123850155,,1,70.05685381615125,-113.47998036369283,70.0,-113.5,0.06027555266300773
20260808_141232,0.0,3,BR,Homography,LOOWeightedGated,0.3633913181973765,0.6366086818026235,0.02608749123850155,0.17963030245207337,1,70.05685381615125,-113.47998036369283,70.0,-113.5,0.06027555266300773
20260808_141232,0.0,3,BR,PnP,ihawk1,,,2.9037650928427126,,1,72.27180236305504,-111.4218445679418,70.0,-113.5,3.0789309795082245
20260808_141232,0.0,3,BR,PnP,ihawk2,,,2.9037650928427126,,1,72.49940729891799,-114.31667577331159,70.0,-113.5,2.6294478820844858
20260808_141232,0.0,3,BR,PnP,EqualFusion,0.13053026060870945,0.8694697393912906,2.9037650928427126,,1,72.38560483098652,-112.86926017062669,70.0,-113.5,2.467578396319783
20260808_141232,0.0,3,BR,PnP,LOOWeightedFusion,0.13053026060870945,0.8694697393912906,2.9037650928427126,,1,72.46969796732398,-113.93881270165645,70.0,-113.5,2.5083788862409184
20260808_141232,0.0,3,BR,PnP,LOOWeightedGated,0.13053026060870945,0.8694697393912906,2.9037650928427126,13.870431873632965,1,72.46969796732398,-113.93881270165645,70.0,-113.5,2.5083788862409184
20260808_141232,0.0,4,C,Affine,ihawk1,,,12.946727495251672,,1,2.6119445669214123,11.87325373526187,0.0,0.0,12.157154629376901
20260808_141232,0.0,4,C,Affine,ihawk2,,,12.946727495251672,,1,6.864583518002178,-0.3551073482217362,0.0,0.0,6.87376229618018
20260808_141232,0.0,4,C,Affine,EqualFusion,0.55064160971663,0.44935839028337,12.946727495251672,,1,4.738264042461795,5.7590731935200665,0.0,0.0,7.457752354725102
20260808_141232,0.0,4,C,Affine,LOOWeightedFusion,0.55064160971663,0.44935839028337,12.946727495251672,,1,4.522903560435424,6.378337082983871,0.0,0.0,7.819196925590672
20260808_141232,0.0,4,C,Affine,LOOWeightedGated,0.55064160971663,0.44935839028337,12.946727495251672,15.39378796037687,1,4.522903560435424,6.378337082983871,0.0,0.0,7.819196925590672
20260808_141232,0.0,4,C,Homography,ihawk1,,,0.905729721235869,,1,-0.6364814610572915,0.27960799674680287,0.0,0.0,0.695190105017602
20260808_141232,0.0,4,C,Homography,ihawk2,,,0.905729721235869,,1,0.07223528231456525,-0.2843662097506173,0.0,0.0,0.2933974731639607
20260808_141232,0.0,4,C,Homography,EqualFusion,0.3633913181973765,0.6366086818026235,0.905729721235869,,1,-0.28212308937136316,-0.00237910650190723,0.0,0.0,0.2821331205374328
20260808_141232,0.0,4,C,Homography,LOOWeightedFusion,0.3633913181973765,0.6366086818026235,0.905729721235869,,1,-0.1853062292878856,-0.07942287942220039,0.0,0.0,0.2016095047080068
20260808_141232,0.0,4,C,Homography,LOOWeightedGated,0.3633913181973765,0.6366086818026235,0.905729721235869,0.17963030245207337,0,,,0.0,0.0,
20260808_141232,0.0,4,C,PnP,ihawk1,,,9.097632439657255,,1,-4.2605292575638885,-5.53295575375504,0.0,0.0,6.9832448709442305
20260808_141232,0.0,4,C,PnP,ihawk2,,,9.097632439657255,,1,2.840595813279942,0.15395366484283646,0.0,0.0,2.8447647188022556
20260808_141232,0.0,4,C,PnP,EqualFusion,0.13053026060870945,0.8694697393912906,9.097632439657255,,1,-0.7099667221419732,-2.689501044456102,0.0,0.0,2.7816305676130826
20260808_141232,0.0,4,C,PnP,LOOWeightedFusion,0.13053026060870945,0.8694697393912906,9.097632439657255,,1,1.9136841071676565,-0.5883601036248687,0.0,0.0,2.0020875289466082
20260808_141232,0.0,4,C,PnP,LOOWeightedGated,0.13053026060870945,0.8694697393912906,9.097632439657255,13.870431873632965,1,1.9136841071676565,-0.5883601036248687,0.0,0.0,2.0020875289466082
20260808_141232,5.0,0,TL,Affine,ihawk1,,,8.616210453859837,,1,-59.24479211759768,125.62775961793318,-70.0,113.5,16.20978253845682
20260808_141232,5.0,0,TL,Affine,ihawk2,,,8.616210453859837,,1,-66.88924406254637,129.60286176084395,-70.0,113.5,16.400578020034946
20260808_141232,5.0,0,TL,Affine,EqualFusion,0.55064160971663,0.44935839028337,8.616210453859837,,1,-63.067018090072025,127.61531068938856,-70.0,113.5,15.726036818644284
20260808_141232,5.0,0,TL,Affine,LOOWeightedFusion,0.55064160971663,0.44935839028337,8.616210453859837,,1,-62.6798907381784,127.41400511808354,-70.0,113.5,15.722071683816393
20260808_141232,5.0,0,TL,Affine,LOOWeightedGated,0.55064160971663,0.44935839028337,8.616210453859837,15.39378796037687,1,-62.6798907381784,127.41400511808354,-70.0,113.5,15.722071683816393
20260808_141232,5.0,0,TL,Homography,ihawk1,,,6.425173665856472,,1,-68.28336679299068,124.17655451727758,-70.0,113.5,10.813678649183515
20260808_141232,5.0,0,TL,Homography,ihawk2,,,6.425173665856472,,1,-66.30327284302423,118.0641012793606,-70.0,113.5,5.873398689122271
20260808_141232,5.0,0,TL,Homography,EqualFusion,0.3633913181973765,0.6366086818026235,6.425173665856472,,1,-67.29331981800746,121.12032789831909,-70.0,113.5,8.086749339845486
20260808_141232,5.0,0,TL,Homography,LOOWeightedFusion,0.3633913181973765,0.6366086818026235,6.425173665856472,,1,-67.02282179365719,120.28531371890708,-70.0,113.5,7.409728222837272
20260808_141232,5.0,0,TL,Homography,LOOWeightedGated,0.3633913181973765,0.6366086818026235,6.425173665856472,0.17963030245207337,0,,,-70.0,113.5,
20260808_141232,5.0,0,TL,PnP,ihawk1,,,4.753525353291116,,1,-70.38262594081297,118.82859928202728,-70.0,113.5,5.342319058143635
20260808_141232,5.0,0,TL,PnP,ihawk2,,,4.753525353291116,,1,-65.67000182857056,118.20636358625528,-70.0,113.5,6.395212457034709
20260808_141232,5.0,0,TL,PnP,EqualFusion,0.13053026060870945,0.8694697393912906,4.753525353291116,,1,-68.02631388469177,118.51748143414127,-70.0,113.5,5.39171186393643
20260808_141232,5.0,0,TL,PnP,LOOWeightedFusion,0.13053026060870945,0.8694697393912906,4.753525353291116,,1,-66.28514188209245,118.28758417378444,-70.0,113.5,6.059796453450798
20260808_141232,5.0,0,TL,PnP,LOOWeightedGated,0.13053026060870945,0.8694697393912906,4.753525353291116,13.870431873632965,1,-66.28514188209245,118.28758417378444,-70.0,113.5,6.059796453450798
20260808_141232,5.0,1,TR,Affine,ihawk1,,,15.155059437661123,,1,60.69877793830045,112.42538299153273,70.0,113.5,9.36309422979036
20260808_141232,5.0,1,TR,Affine,ihawk2,,,15.155059437661123,,1,72.90726110215098,103.44603082130243,70.0,113.5,10.465871361825583
20260808_141232,5.0,1,TR,Affine,EqualFusion,0.55064160971663,0.44935839028337,15.155059437661123,,1,66.80301952022572,107.93570690641758,70.0,113.5,6.417323571345521
20260808_141232,5.0,1,TR,Affine,LOOWeightedFusion,0.55064160971663,0.44935839028337,15.155059437661123,,1,66.18476228060996,108.39043575453056,70.0,113.5,6.3768084206785005
20260808_141232,5.0,1,TR,Affine,LOOWeightedGated,0.55064160971663,0.44935839028337,15.155059437661123,15.39378796037687,1,66.18476228060996,108.39043575453056,70.0,113.5,6.3768084206785005
20260808_141232,5.0,1,TR,Homography,ihawk1,,,7.976017635213021,,1,73.96346232247147,128.27460714525998,70.0,113.5,15.296994798927603
20260808_141232,5.0,1,TR,Homography,ihawk2,,,7.976017635213021,,1,76.16139960891563,120.60740889543706,70.0,113.5,9.406280154645806
20260808_141232,5.0,1,TR,Homography,EqualFusion,0.3633913181973765,0.6366086818026235,7.976017635213021,,1,75.06243096569355,124.44100802034852,70.0,113.5,12.055449547144377
20260808_141232,5.0,1,TR,Homography,LOOWeightedFusion,0.3633913181973765,0.6366086818026235,7.976017635213021,,1,75.36268828107953,123.39360217432085,70.0,113.5,11.253523429742078
20260808_141232,5.0,1,TR,Homography,LOOWeightedGated,0.3633913181973765,0.6366086818026235,7.976017635213021,0.17963030245207337,0,,,70.0,113.5,
20260808_141232,5.0,1,TR,PnP,ihawk1,,,17.176596597357676,,1,78.23452239849115,134.6283073445684,70.0,113.5,22.676259179542733
20260808_141232,5.0,1,TR,PnP,ihawk2,,,17.176596597357676,,1,70.61048743520107,119.23644061090386,70.0,113.5,5.7688340061892385
20260808_141232,5.0,1,TR,PnP,EqualFusion,0.13053026060870945,0.8694697393912906,17.176596597357676,,1,74.42250491684611,126.93237397773613,70.0,113.5,14.141683790033309
20260808_141232,5.0,1,TR,PnP,LOOWeightedFusion,0.13053026060870945,0.8694697393912906,17.176596597357676,,1,71.60565470584923,121.24554498690361,70.0,113.5,7.9102208678748935
20260808_141232,5.0,1,TR,PnP,LOOWeightedGated,0.13053026060870945,0.8694697393912906,17.176596597357676,13.870431873632965,0,,,70.0,113.5,
20260808_141232,5.0,2,BL,Affine,ihawk1,,,13.834365217019295,,1,-69.57367189681469,-110.91613774415475,-70.0,-113.5,2.6187973974225796
20260808_141232,5.0,2,BL,Affine,ihawk2,,,13.834365217019295,,1,-62.05078831715082,-122.52630068895002,-70.0,-113.5,12.027637777472577
20260808_141232,5.0,2,BL,Affine,EqualFusion,0.55064160971663,0.44935839028337,13.834365217019295,,1,-65.81223010698275,-116.72121921655238,-70.0,-113.5,5.2833388986462
20260808_141232,5.0,2,BL,Affine,LOOWeightedFusion,0.55064160971663,0.44935839028337,13.834365217019295,,1,-66.19320104116774,-116.13326187595558,-70.0,-113.5,4.628799673816906
20260808_141232,5.0,2,BL,Affine,LOOWeightedGated,0.55064160971663,0.44935839028337,13.834365217019295,15.39378796037687,1,-66.19320104116774,-116.13326187595558,-70.0,-113.5,4.628799673816906
20260808_141232,5.0,2,BL,Homography,ihawk1,,,6.249661950095714,,1,-63.84827412057753,-106.38140905332908,-70.0,-113.5,9.408404134686252
20260808_141232,5.0,2,BL,Homography,ihawk2,,,6.249661950095714,,1,-62.53845613413963,-112.49227244019005,-70.0,-113.5,7.529286267433259
20260808_141232,5.0,2,BL,Homography,EqualFusion,0.3633913181973765,0.6366086818026235,6.249661950095714,,1,-63.193365127358575,-109.43684074675957,-70.0,-113.5,7.927139547570212
20260808_141232,5.0,2,BL,Homography,LOOWeightedFusion,0.3633913181973765,0.6366086818026235,6.249661950095714,,1,-63.014432618829936,-110.27163773871456,-70.0,-113.5,7.695484034611418
20260808_141232,5.0,2,BL,Homography,LOOWeightedGated,0.3633913181973765,0.6366086818026235,6.249661950095714,0.17963030245207337,0,,,-70.0,-113.5,
20260808_141232,5.0,2,BL,PnP,ihawk1,,,4.668078763893661,,1,-64.5986756626445,-107.31126931292586,-70.0,-113.5,8.214298029317055
20260808_141232,5.0,2,BL,PnP,ihawk2,,,4.668078763893661,,1,-64.80185494749985,-111.97492426629887,-70.0,-113.5,5.417247269633891
20260808_141232,5.0,2,BL,PnP,EqualFusion,0.13053026060870945,0.8694697393912906,4.668078763893661,,1,-64.70026530507218,-109.64309678961237,-70.0,-113.5,6.554608318650328
20260808_141232,5.0,2,BL,PnP,LOOWeightedFusion,0.13053026060870945,0.8694697393912906,4.668078763893661,,1,-64.7753339024974,-111.366176169846,-70.0,-113.5,5.643610543661406
20260808_141232,5.0,2,BL,PnP,LOOWeightedGated,0.13053026060870945,0.8694697393912906,4.668078763893661,13.870431873632965,1,-64.7753339024974,-111.366176169846,-70.0,-113.5,5.643610543661406
20260808_141232,5.0,3,BR,Affine,ihawk1,,,8.606298788031603,,1,84.09678591171576,-96.26257366391383,70.0,-113.5,22.267650072083157
20260808_141232,5.0,3,BR,Affine,ihawk2,,,8.606298788031603,,1,75.82374138193222,-93.89084158859566,70.0,-113.5,20.455685206982906
20260808_141232,5.0,3,BR,Affine,EqualFusion,0.55064160971663,0.44935839028337,8.606298788031603,,1,79.96026364682399,-95.07670762625474,70.0,-113.5,20.94336538865575
20260808_141232,5.0,3,BR,Affine,LOOWeightedFusion,0.55064160971663,0.44935839028337,8.606298788031603,,1,80.37922393906959,-95.19681595636541,70.0,-113.5,21.04126506920425
20260808_141232,5.0,3,BR,Affine,LOOWeightedGated,0.55064160971663,0.44935839028337,8.606298788031603,15.39378796037687,1,80.37922393906959,-95.19681595636541,70.0,-113.5,21.04126506920425
20260808_141232,5.0,3,BR,Homography,ihawk1,,,8.19820948713478,,1,78.18646973959844,-102.22590826019825,70.0,-113.5,13.932818500031745
20260808_141232,5.0,3,BR,Homography,ihawk2,,,8.19820948713478,,1,80.13555126830634,-110.1890558784078,70.0,-113.5,10.66263337495819
20260808_141232,5.0,3,BR,Homography,EqualFusion,0.3633913181973765,0.6366086818026235,8.19820948713478,,1,79.16101050395238,-106.20748206930303,70.0,-113.5,11.709181492446975
20260808_141232,5.0,3,BR,Homography,LOOWeightedFusion,0.3633913181973765,0.6366086818026235,8.19820948713478,,1,79.42727196231502,-107.29531716842635,70.0,-113.5,11.285900304888203
20260808_141232,5.0,3,BR,Homography,LOOWeightedGated,0.3633913181973765,0.6366086818026235,8.19820948713478,0.17963030245207337,0,,,70.0,-113.5,
20260808_141232,5.0,3,BR,PnP,ihawk1,,,8.993892539602768,,1,78.65025449340912,-101.78285258959322,70.0,-113.5,14.56428667109883
20260808_141232,5.0,3,BR,PnP,ihawk2,,,8.993892539602768,,1,73.87423383123274,-109.40385840565101,70.0,-113.5,5.638090433828128
20260808_141232,5.0,3,BR,PnP,EqualFusion,0.13053026060870945,0.8694697393912906,8.993892539602768,,1,76.26224416232094,-105.59335549762211,70.0,-113.5,10.086165239351631
20260808_141232,5.0,3,BR,PnP,LOOWeightedFusion,0.13053026060870945,0.8694697393912906,8.993892539602768,,1,74.49764905293921,-108.4090865303805,70.0,-113.5,6.793102896214525
20260808_141232,5.0,3,BR,PnP,LOOWeightedGated,0.13053026060870945,0.8694697393912906,8.993892539602768,13.870431873632965,1,74.49764905293921,-108.4090865303805,70.0,-113.5,6.793102896214525
20260808_141232,5.0,4,C,Affine,ihawk1,,,18.49933920042721,,1,7.424644159690221,21.106627026599313,0.0,0.0,22.374428380139562
20260808_141232,5.0,4,C,Affine,ihawk2,,,18.49933920042721,,1,12.93806023970592,3.4479805897659617,0.0,0.0,13.389621836096119
20260808_141232,5.0,4,C,Affine,EqualFusion,0.55064160971663,0.44935839028337,18.49933920042721,,1,10.18135219969807,12.277303808182637,0.0,0.0,15.94967464911785
20260808_141232,5.0,4,C,Affine,LOOWeightedFusion,0.55064160971663,0.44935839028337,18.49933920042721,,1,9.902143934368523,13.171566089160711,0.0,0.0,16.478549928257635
20260808_141232,5.0,4,C,Affine,LOOWeightedGated,0.55064160971663,0.44935839028337,18.49933920042721,15.39378796037687,0,,,0.0,0.0,
20260808_141232,5.0,4,C,Homography,ihawk1,,,6.693938159048941,,1,4.568577343965304,10.129664622925018,0.0,0.0,11.112245692061157
20260808_141232,5.0,4,C,Homography,ihawk2,,,6.693938159048941,,1,6.3246116813212385,3.6701637534151743,0.0,0.0,7.312374094395583
20260808_141232,5.0,4,C,Homography,EqualFusion,0.3633913181973765,0.6366086818026235,6.693938159048941,,1,5.446594512643271,6.899914188170096,0.0,0.0,8.790574929392662
20260808_141232,5.0,4,C,Homography,LOOWeightedFusion,0.3633913181973765,0.6366086818026235,6.693938159048941,,1,5.686484048669609,6.017490289283456,0.0,0.0,8.279268700639845
20260808_141232,5.0,4,C,Homography,LOOWeightedGated,0.3633913181973765,0.6366086818026235,6.693938159048941,0.17963030245207337,0,,,0.0,0.0,
20260808_141232,5.0,4,C,PnP,ihawk1,,,8.225993012202919,,1,5.807789423447392,11.970501480961856,0.0,0.0,13.305011224828688
20260808_141232,5.0,4,C,PnP,ihawk2,,,8.225993012202919,,1,4.726282044473846,3.8159136418349133,0.0,0.0,6.074449677613411
20260808_141232,5.0,4,C,PnP,EqualFusion,0.13053026060870945,0.8694697393912906,8.225993012202919,,1,5.267035733960619,7.893207561398384,0.0,0.0,9.489172304797437
20260808_141232,5.0,4,C,PnP,LOOWeightedFusion,0.13053026060870945,0.8694697393912906,8.225993012202919,,1,4.8674514845015056,4.880334117632766,0.0,0.0,6.892731320289969
20260808_141232,5.0,4,C,PnP,LOOWeightedGated,0.13053026060870945,0.8694697393912906,8.225993012202919,13.870431873632965,1,4.8674514845015056,4.880334117632766,0.0,0.0,6.892731320289969
20260808_141232,10.0,0,TL,Affine,ihawk1,,,5.868442666002853,,1,-57.260466548920135,132.2464353685026,-70.0,113.5,22.665492528878083
20260808_141232,10.0,0,TL,Affine,ihawk2,,,5.868442666002853,,1,-63.09694654346151,132.85808935359626,-70.0,113.5,20.552074601987137
20260808_141232,10.0,0,TL,Affine,EqualFusion,0.55064160971663,0.44935839028337,5.868442666002853,,1,-60.178706546190824,132.55226236104943,-70.0,113.5,21.43470331448737
20260808_141232,10.0,0,TL,Affine,LOOWeightedFusion,0.55064160971663,0.44935839028337,5.868442666002853,,1,-59.88313780418834,132.5212872186547,-70.0,113.5,21.544379038245673
20260808_141232,10.0,0,TL,Affine,LOOWeightedGated,0.55064160971663,0.44935839028337,5.868442666002853,15.39378796037687,1,-59.88313780418834,132.5212872186547,-70.0,113.5,21.544379038245673
20260808_141232,10.0,0,TL,Homography,ihawk1,,,11.77833584031766,,1,-66.64155499637609,133.0290608462151,-70.0,113.5,19.81573542358541
20260808_141232,10.0,0,TL,Homography,ihawk2,,,11.77833584031766,,1,-63.26452525802665,121.74522881478113,-70.0,113.5,10.646615340466564
20260808_141232,10.0,0,TL,Homography,EqualFusion,0.3633913181973765,0.6366086818026235,11.77833584031766,,1,-64.95304012720138,127.3871448304981,-70.0,113.5,14.775811162195788
20260808_141232,10.0,0,TL,Homography,LOOWeightedFusion,0.3633913181973765,0.6366086818026235,11.77833584031766,,1,-64.49170854623719,125.84567541100171,-70.0,113.5,13.518763852268762
20260808_141232,10.0,0,TL,Homography,LOOWeightedGated,0.3633913181973765,0.6366086818026235,11.77833584031766,0.17963030245207337,0,,,-70.0,113.5,
20260808_141232,10.0,0,TL,PnP,ihawk1,,,4.322639805253122,,1,-70.39361673364303,123.11213914665183,-70.0,113.5,9.620195065984905
20260808_141232,10.0,0,TL,PnP,ihawk2,,,4.322639805253122,,1,-68.39372612235427,119.27995276955092,-70.0,113.5,5.998997398586399
20260808_141232,10.0,0,TL,PnP,EqualFusion,0.13053026060870945,0.8694697393912906,4.322639805253122,,1,-69.39367142799864,121.19604595810137,-70.0,113.5,7.719893634398959
20260808_141232,10.0,0,TL,PnP,LOOWeightedFusion,0.13053026060870945,0.8694697393912906,4.322639805253122,,1,-68.6547723650347,119.78016905605506,-70.0,113.5,6.422628804664474
20260808_141232,10.0,0,TL,PnP,LOOWeightedGated,0.13053026060870945,0.8694697393912906,4.322639805253122,13.870431873632965,1,-68.6547723650347,119.78016905605506,-70.0,113.5,6.422628804664474
20260808_141232,10.0,1,TR,Affine,ihawk1,,,18.880520832803846,,1,63.090465094262754,116.5366249034804,70.0,113.5,7.5473679795037665
20260808_141232,10.0,1,TR,Affine,ihawk2,,,18.880520832803846,,1,76.76298991326712,103.51602077035164,70.0,113.5,12.05893336182776
20260808_141232,10.0,1,TR,Affine,EqualFusion,0.55064160971663,0.44935839028337,18.880520832803846,,1,69.92672750376494,110.02632283691602,70.0,113.5,3.474449868977197
20260808_141232,10.0,1,TR,Affine,LOOWeightedFusion,0.55064160971663,0.44935839028337,18.880520832803846,,1,69.23432883803997,110.68570718970066,70.0,113.5,2.9165898495262836
20260808_141232,10.0,1,TR,Affine,LOOWeightedGated,0.55064160971663,0.44935839028337,18.880520832803846,15.39378796037687,0,,,70.0,113.5,
20260808_141232,10.0,1,TR,Homography,ihawk1,,,13.502136376068947,,1,77.70601588991998,134.66050358354303,70.0,113.5,22.519982078253012
20260808_141232,10.0,1,TR,Homography,ihawk2,,,13.502136376068947,,1,81.23019290627421,121.62639973727248,70.0,113.5,13.862020249663244
20260808_141232,10.0,1,TR,Homography,EqualFusion,0.3633913181973765,0.6366086818026235,13.502136376068947,,1,79.4681043980971,128.14345166040775,70.0,113.5,17.437765838087287
20260808_141232,10.0,1,TR,Homography,LOOWeightedFusion,0.3633913181973765,0.6366086818026235,13.502136376068947,,1,79.94953757474036,126.36287991549023,70.0,113.5,16.261825779151987
20260808_141232,10.0,1,TR,Homography,LOOWeightedGated,0.3633913181973765,0.6366086818026235,13.502136376068947,0.17963030245207337,0,,,70.0,113.5,
20260808_141232,10.0,1,TR,PnP,ihawk1,,,13.350042631637022,,1,75.53736800819836,130.63487299030177,70.0,113.5,18.00739617079582
20260808_141232,10.0,1,TR,PnP,ihawk2,,,13.350042631637022,,1,69.99607376599987,118.4891866619009,70.0,113.5,4.989188206773051
20260808_141232,10.0,1,TR,PnP,EqualFusion,0.13053026060870945,0.8694697393912906,13.350042631637022,,1,72.76672088709911,124.56202982610134,70.0,113.5,11.402773712595812
20260808_141232,10.0,1,TR,PnP,LOOWeightedFusion,0.13053026060870945,0.8694697393912906,13.350042631637022,,1,70.71938034754358,120.07456626361872,70.0,113.5,6.6138059874134
20260808_141232,10.0,1,TR,PnP,LOOWeightedGated,0.13053026060870945,0.8694697393912906,13.350042631637022,13.870431873632965,1,70.71938034754358,120.07456626361872,70.0,113.5,6.6138059874134
20260808_141232,10.0,2,BL,Affine,ihawk1,,,20.85089431080242,,1,-72.3994529744491,-102.94283624673369,-70.0,-113.5,10.826406656406023
20260808_141232,10.0,2,BL,Affine,ihawk2,,,20.85089431080242,,1,-63.58887109684122,-121.84081075561215,-70.0,-113.5,10.520061685838792
20260808_141232,10.0,2,BL,Affine,EqualFusion,0.55064160971663,0.44935839028337,20.85089431080242,,1,-67.99416203564516,-112.39182350117292,-70.0,-113.5,2.2916022979129265
20260808_141232,10.0,2,BL,Affine,LOOWeightedFusion,0.55064160971663,0.44935839028337,20.85089431080242,,1,-68.4403440844674,-111.43479965165949,-70.0,-113.5,2.5879681322693306
20260808_141232,10.0,2,BL,Affine,LOOWeightedGated,0.55064160971663,0.44935839028337,20.85089431080242,15.39378796037687,0,,,-70.0,-113.5,
20260808_141232,10.0,2,BL,Homography,ihawk1,,,11.643715560993039,,1,-66.5368250598218,-100.27757709374015,-70.0,-113.5,13.668432542843512
20260808_141232,10.0,2,BL,Homography,ihawk2,,,11.643715560993039,,1,-63.780417885672,-111.59032793319591,-70.0,-113.5,6.506154707628811
20260808_141232,10.0,2,BL,Homography,EqualFusion,0.3633913181973765,0.6366086818026235,11.643715560993039,,1,-65.1586214727469,-105.93395251346803,-70.0,-113.5,8.982428436264001
20260808_141232,10.0,2,BL,Homography,LOOWeightedFusion,0.3633913181973765,0.6366086818026235,11.643715560993039,,1,-64.782072322175,-107.47937249320762,-70.0,-113.5,7.9671026619817855
20260808_141232,10.0,2,BL,Homography,LOOWeightedGated,0.3633913181973765,0.6366086818026235,11.643715560993039,0.17963030245207337,0,,,-70.0,-113.5,
20260808_141232,10.0,2,BL,PnP,ihawk1,,,3.7065159223378585,,1,-70.47312267235478,-106.29916495453489,-70.0,-113.5,7.2163613002048805
20260808_141232,10.0,2,BL,PnP,ihawk2,,,3.7065159223378585,,1,-70.13347930845403,-109.99008661015185,-70.0,-113.5,3.5124505306154425
20260808_141232,10.0,2,BL,PnP,EqualFusion,0.13053026060870945,0.8694697393912906,3.7065159223378585,,1,-70.30330099040441,-108.14462578234337,-70.0,-113.5,5.363956049588929
20260808_141232,10.0,2,BL,PnP,LOOWeightedFusion,0.13053026060870945,0.8694697393912906,3.7065159223378585,,1,-70.177813045258,-109.50830964455784,-70.0,-113.5,3.99564880498698
20260808_141232,10.0,2,BL,PnP,LOOWeightedGated,0.13053026060870945,0.8694697393912906,3.7065159223378585,13.870431873632965,1,-70.177813045258,-109.50830964455784,-70.0,-113.5,3.99564880498698
20260808_141232,10.0,3,BR,Affine,ihawk1,,,6.856786662858887,,1,82.6991815390536,-94.1744887254082,70.0,-113.5,23.124545353070502
20260808_141232,10.0,3,BR,Affine,ihawk2,,,6.856786662858887,,1,75.95351942087825,-95.40394629985866,70.0,-113.5,19.050237610412463
20260808_141232,10.0,3,BR,Affine,EqualFusion,0.55064160971663,0.44935839028337,6.856786662858887,,1,79.32635047996592,-94.78921751263343,70.0,-113.5,20.90631948872647
20260808_141232,10.0,3,BR,Affine,LOOWeightedFusion,0.55064160971663,0.44935839028337,6.856786662858887,,1,79.66796166823482,-94.72695580198496,70.0,-113.5,21.11626556186212
20260808_141232,10.0,3,BR,Affine,LOOWeightedGated,0.55064160971663,0.44935839028337,6.856786662858887,15.39378796037687,1,79.66796166823482,-94.72695580198496,70.0,-113.5,21.11626556186212
20260808_141232,10.0,3,BR,Homography,ihawk1,,,12.128072861962957,,1,76.9234564392562,-100.35070218437856,70.0,-113.5,14.86062859068165
20260808_141232,10.0,3,BR,Homography,ihawk2,,,12.128072861962957,,1,80.30837411171959,-111.99683818288585,70.0,-113.5,10.4173927772548
20260808_141232,10.0,3,BR,Homography,EqualFusion,0.3633913181973765,0.6366086818026235,12.128072861962957,,1,78.6159152754879,-106.1737701836322,70.0,-113.5,11.309625960067034
20260808_141232,10.0,3,BR,Homography,LOOWeightedFusion,0.3633913181973765,0.6366086818026235,12.128072861962957,,1,79.07832441673352,-107.76473347048237,70.0,-113.5,10.738214766899816
20260808_141232,10.0,3,BR,Homography,LOOWeightedGated,0.3633913181973765,0.6366086818026235,12.128072861962957,0.17963030245207337,0,,,70.0,-113.5,
20260808_141232,10.0,3,BR,PnP,ihawk1,,,7.085207590019126,,1,72.83293220225204,-104.26552480236813,70.0,-113.5,9.659246194099966
20260808_141232,10.0,3,BR,PnP,ihawk2,,,7.085207590019126,,1,69.10699920418575,-110.29193251240447,70.0,-113.5,3.3300371508877133
20260808_141232,10.0,3,BR,PnP,EqualFusion,0.13053026060870945,0.8694697393912906,7.085207590019126,,1,70.96996570321889,-107.2787286573863,70.0,-113.5,6.296431575412174
20260808_141232,10.0,3,BR,PnP,LOOWeightedFusion,0.13053026060870945,0.8694697393912906,7.085207590019126,,1,69.59334620943395,-109.5053039434791,70.0,-113.5,4.015341067626177
20260808_141232,10.0,3,BR,PnP,LOOWeightedGated,0.13053026060870945,0.8694697393912906,7.085207590019126,13.870431873632965,1,69.59334620943395,-109.5053039434791,70.0,-113.5,4.015341067626177
20260808_141232,10.0,4,C,Affine,ihawk1,,,23.518021860303485,,1,7.520517890835041,26.71919261121741,0.0,0.0,27.75740339335985
20260808_141232,10.0,4,C,Affine,ihawk2,,,23.518021860303485,,1,14.551431582887176,4.276741656015872,0.0,0.0,15.166894220760813
20260808_141232,10.0,4,C,Affine,EqualFusion,0.55064160971663,0.44935839028337,23.518021860303485,,1,11.035974736861109,15.49796713361664,0.0,0.0,19.025764732785333
20260808_141232,10.0,4,C,Affine,LOOWeightedFusion,0.55064160971663,0.44935839028337,23.518021860303485,,1,10.679917949716895,16.634488975974566,0.0,0.0,19.76782413176788
20260808_141232,10.0,4,C,Affine,LOOWeightedGated,0.55064160971663,0.44935839028337,23.518021860303485,15.39378796037687,0,,,0.0,0.0,
20260808_141232,10.0,4,C,Homography,ihawk1,,,11.998639322777013,,1,4.79009153997894,16.10456833807406,0.0,0.0,16.80184806255179
20260808_141232,10.0,4,C,Homography,ihawk2,,,11.998639322777013,,1,8.008360055026639,4.545585105836741,0.0,0.0,9.208483845093669
20260808_141232,10.0,4,C,Homography,EqualFusion,0.3633913181973765,0.6366086818026235,11.998639322777013,,1,6.3992257975027895,10.325076721955401,0.0,0.0,12.1473165811092
20260808_141232,10.0,4,C,Homography,LOOWeightedFusion,0.3633913181973765,0.6366086818026235,11.998639322777013,,1,6.838869217030343,8.746019259620834,0.0,0.0,11.102386457753296
20260808_141232,10.0,4,C,Homography,LOOWeightedGated,0.3633913181973765,0.6366086818026235,11.998639322777013,0.17963030245207337,0,,,0.0,0.0,
20260808_141232,10.0,4,C,PnP,ihawk1,,,7.089512031637861,,1,1.7567273446669196,11.112935225833041,0.0,0.0,11.250929752560957
20260808_141232,10.0,4,C,PnP,ihawk2,,,7.089512031637861,,1,0.13764653488209255,4.210779172966335,0.0,0.0,4.213028342184764
20260808_141232,10.0,4,C,PnP,EqualFusion,0.13053026060870945,0.8694697393912906,7.089512031637861,,1,0.9471869397745061,7.661857199399688,0.0,0.0,7.720182565384851
20260808_141232,10.0,4,C,PnP,LOOWeightedFusion,0.13053026060870945,0.8694697393912906,7.089512031637861,,1,0.34898557492986637,5.111719401309007,0.0,0.0,5.123618464447567
20260808_141232,10.0,4,C,PnP,LOOWeightedGated,0.13053026060870945,0.8694697393912906,7.089512031637861,13.870431873632965,1,0.34898557492986637,5.111719401309007,0.0,0.0,5.123618464447567
20260808_141232,15.0,0,TL,Affine,ihawk1,,,4.790933585590533,,1,-52.04243601674011,137.75974711199729,-70.0,113.5,30.182932828851033
20260808_141232,15.0,0,TL,Affine,ihawk2,,,4.790933585590533,,1,-54.47220360865629,133.63067045119124,-70.0,113.5,25.423539359921758
20260808_141232,15.0,0,TL,Affine,EqualFusion,0.55064160971663,0.44935839028337,4.790933585590533,,1,-53.2573198126982,135.69520878159426,-70.0,113.5,27.801881819632772
20260808_141232,15.0,0,TL,Affine,LOOWeightedFusion,0.55064160971663,0.44935839028337,4.790933585590533,,1,-53.13427247060626,135.90431187034085,-70.0,113.5,28.04293057936787
20260808_141232,15.0,0,TL,Affine,LOOWeightedGated,0.55064160971663,0.44935839028337,4.790933585590533,15.39378796037687,1,-53.13427247060626,135.90431187034085,-70.0,113.5,28.04293057936787
20260808_141232,15.0,0,TL,Homography,ihawk1,,,17.860937496724844,,1,-61.38918960886488,141.230402728396,-70.0,113.5,29.036550949985656
20260808_141232,15.0,0,TL,Homography,ihawk2,,,17.860937496724844,,1,-56.220030154209226,124.13382766804384,-70.0,113.5,17.40591450698749
20260808_141232,15.0,0,TL,Homography,EqualFusion,0.3633913181973765,0.6366086818026235,17.860937496724844,,1,-58.804609881537054,132.68211519821992,-70.0,113.5,22.21013965247309
20260808_141232,15.0,0,TL,Homography,LOOWeightedFusion,0.3633913181973765,0.6366086818026235,17.860937496724844,,1,-58.09845782240898,130.3465746158856,-70.0,113.5,20.626531033927616
20260808_141232,15.0,0,TL,Homography,LOOWeightedGated,0.3633913181973765,0.6366086818026235,17.860937496724844,0.17963030245207337,0,,,-70.0,113.5,
20260808_141232,15.0,0,TL,PnP,ihawk1,,,5.145437429695398,,1,-67.84489162286836,124.1080595469742,-70.0,113.5,10.824759557114122
20260808_141232,15.0,0,TL,PnP,ihawk2,,,5.145437429695398,,1,-64.2972803806298,120.38113308984455,-70.0,113.5,8.937057885976987
20260808_141232,15.0,0,TL,PnP,EqualFusion,0.13053026060870945,0.8694697393912906,5.145437429695398,,1,-66.07108600174908,122.24459631840938,-70.0,113.5,9.586674604762116
20260808_141232,15.0,0,TL,PnP,LOOWeightedFusion,0.13053026060870945,0.8694697393912906,5.145437429695398,,1,-64.76035100061759,120.86760977156318,-70.0,113.5,9.040774047766174
20260808_141232,15.0,0,TL,PnP,LOOWeightedGated,0.13053026060870945,0.8694697393912906,5.145437429695398,13.870431873632965,1,-64.76035100061759,120.86760977156318,-70.0,113.5,9.040774047766174
20260808_141232,15.0,1,TR,Affine,ihawk1,,,22.968252185488424,,1,67.65541240415922,120.5714731120056,70.0,113.5,7.450021675699252
20260808_141232,15.0,1,TR,Affine,ihawk2,,,22.968252185488424,,1,83.29647677316842,103.75190968542688,70.0,113.5,16.4870118384285
20260808_141232,15.0,1,TR,Affine,EqualFusion,0.55064160971663,0.44935839028337,22.968252185488424,,1,75.47594458866382,112.16169139871624,70.0,113.5,5.637112651915578
20260808_141232,15.0,1,TR,Affine,LOOWeightedFusion,0.55064160971663,0.44935839028337,22.968252185488424,,1,74.68385591133577,113.01346116536915,70.0,113.5,4.709057892589447
20260808_141232,15.0,1,TR,Affine,LOOWeightedGated,0.55064160971663,0.44935839028337,22.968252185488424,15.39378796037687,0,,,70.0,113.5,
20260808_141232,15.0,1,TR,Homography,ihawk1,,,18.807320846856065,,1,84.48738148704722,141.50998742274496,70.0,113.5,31.5348001067641
20260808_141232,15.0,1,TR,Homography,ihawk2,,,18.807320846856065,,1,90.00156620268014,123.5291897663987,70.0,113.5,22.37514911527145
20260808_141232,15.0,1,TR,Homography,EqualFusion,0.3633913181973765,0.6366086818026235,18.807320846856065,,1,87.24447384486368,132.51958859457181,70.0,113.5,25.673266806017377
20260808_141232,15.0,1,TR,Homography,LOOWeightedFusion,0.3633913181973765,0.6366086818026235,18.807320846856065,,1,87.99775935008248,130.0632555289787,70.0,113.5,24.459369888484947
20260808_141232,15.0,1,TR,Homography,LOOWeightedGated,0.3633913181973765,0.6366086818026235,18.807320846856065,0.17963030245207337,0,,,70.0,113.5,
20260808_141232,15.0,1,TR,PnP,ihawk1,,,13.647719240551114,,1,78.5290627320203,131.44113967850103,70.0,113.5,19.86528137354771
20260808_141232,15.0,1,TR,PnP,ihawk2,,,13.647719240551114,,1,73.45628749408888,118.77120708774353,70.0,113.5,6.303296550510128
20260808_141232,15.0,1,TR,PnP,EqualFusion,0.13053026060870945,0.8694697393912906,13.647719240551114,,1,75.99267511305459,125.10617338312228,70.0,113.5,13.061983601647949
20260808_141232,15.0,1,TR,PnP,LOOWeightedFusion,0.13053026060870945,0.8694697393912906,13.647719240551114,,1,74.11843816790548,120.4250166907099,70.0,113.5,8.05713280947207
20260808_141232,15.0,1,TR,PnP,LOOWeightedGated,0.13053026060870945,0.8694697393912906,13.647719240551114,13.870431873632965,1,74.11843816790548,120.4250166907099,70.0,113.5,8.05713280947207
20260808_141232,15.0,2,BL,Affine,ihawk1,,,27.074701069045165,,1,-66.18020486834916,-96.31861232710219,-70.0,-113.5,17.60087830803305
20260808_141232,15.0,2,BL,Affine,ihawk2,,,27.074701069045165,,1,-55.98398723752803,-121.40001149068729,-70.0,-113.5,16.08908932509135
20260808_141232,15.0,2,BL,Affine,EqualFusion,0.55064160971663,0.44935839028337,27.074701069045165,,1,-61.082096052938596,-108.85931190889474,-70.0,-113.5,10.053108811106123
20260808_141232,15.0,2,BL,Affine,LOOWeightedFusion,0.55064160971663,0.44935839028337,27.074701069045165,,1,-61.598448926784464,-107.58914948130545,-70.0,-113.5,10.272497957663496
20260808_141232,15.0,2,BL,Affine,LOOWeightedGated,0.55064160971663,0.44935839028337,27.074701069045165,15.39378796037687,0,,,-70.0,-113.5,
20260808_141232,15.0,2,BL,Homography,ihawk1,,,17.558439772955683,,1,-61.79958777438526,-95.4928796528596,-70.0,-113.5,19.78643838254903
20260808_141232,15.0,2,BL,Homography,ihawk2,,,17.558439772955683,,1,-57.57850108605557,-112.53638969129118,-70.0,-113.5,12.458819370075666
20260808_141232,15.0,2,BL,Homography,EqualFusion,0.3633913181973765,0.6366086818026235,17.558439772955683,,1,-59.68904443022041,-104.01463467207539,-70.0,-113.5,14.010280517040444
20260808_141232,15.0,2,BL,Homography,LOOWeightedFusion,0.3633913181973765,0.6366086818026235,17.558439772955683,,1,-59.1124073419531,-106.34292611171531,-70.0,-113.5,13.029327708286532
20260808_141232,15.0,2,BL,Homography,LOOWeightedGated,0.3633913181973765,0.6366086818026235,17.558439772955683,0.17963030245207337,0,,,-70.0,-113.5,
20260808_141232,15.0,2,BL,PnP,ihawk1,,,2.4274361838996974,,1,-71.59480932763731,-110.77842540779064,-70.0,-113.5,3.154423093448076
20260808_141232,15.0,2,BL,PnP,ihawk2,,,2.4274361838996974,,1,-69.54191990883756,-109.48301371219516,-70.0,-113.5,4.043020678444708
20260808_141232,15.0,2,BL,PnP,EqualFusion,0.13053026060870945,0.8694697393912906,2.4274361838996974,,1,-70.56836461823744,-110.1307195599929,-70.0,-113.5,3.4168829395632865
20260808_141232,15.0,2,BL,PnP,LOOWeightedFusion,0.13053026060870945,0.8694697393912906,2.4274361838996974,,1,-69.80988409967435,-109.65210413841682,-70.0,-113.5,3.8525895988471985
20260808_141232,15.0,2,BL,PnP,LOOWeightedGated,0.13053026060870945,0.8694697393912906,2.4274361838996974,13.870431873632965,1,-69.80988409967435,-109.65210413841682,-70.0,-113.5,3.8525895988471985
20260808_141232,15.0,3,BR,Affine,ihawk1,,,9.414899249507426,,1,88.58700233667821,-88.38922901013586,70.0,-113.5,31.24143843629937
20260808_141232,15.0,3,BR,Affine,ihawk2,,,9.414899249507426,,1,82.34390986335046,-95.43650680002423,70.0,-113.5,21.878343111398806
20260808_141232,15.0,3,BR,Affine,EqualFusion,0.55064160971663,0.44935839028337,9.414899249507426,,1,85.46545610001434,-91.91286790508005,70.0,-113.5,26.5553121703548
20260808_141232,15.0,3,BR,Affine,LOOWeightedFusion,0.55064160971663,0.44935839028337,9.414899249507426,,1,85.78161635247343,-91.55598241367984,70.0,-113.5,27.029600857677963
20260808_141232,15.0,3,BR,Affine,LOOWeightedGated,0.55064160971663,0.44935839028337,9.414899249507426,15.39378796037687,1,85.78161635247343,-91.55598241367984,70.0,-113.5,27.029600857677963
20260808_141232,15.0,3,BR,Homography,ihawk1,,,18.628242877885103,,1,83.80594547284188,-95.5765411641848,70.0,-113.5,22.624201798919785
20260808_141232,15.0,3,BR,Homography,ihawk2,,,18.628242877885103,,1,88.87535003231297,-113.50173489061049,70.0,-113.5,18.87535011204249
20260808_141232,15.0,3,BR,Homography,EqualFusion,0.3633913181973765,0.6366086818026235,18.628242877885103,,1,86.34064775257742,-104.53913802739766,70.0,-113.5,18.636357376532693
20260808_141232,15.0,3,BR,Homography,LOOWeightedFusion,0.3633913181973765,0.6366086818026235,18.628242877885103,,1,87.03317242697098,-106.98787511342132,70.0,-113.5,18.235589748218228
20260808_141232,15.0,3,BR,Homography,LOOWeightedGated,0.3633913181973765,0.6366086818026235,18.628242877885103,0.17963030245207337,0,,,70.0,-113.5,
20260808_141232,15.0,3,BR,PnP,ihawk1,,,6.090585990279665,,1,73.69375883321078,-105.14193241804114,70.0,-113.5,9.137896258029762
20260808_141232,15.0,3,BR,PnP,ihawk2,,,6.090585990279665,,1,70.93526173400521,-110.57202739498817,70.0,-113.5,3.0737173075600492
20260808_141232,15.0,3,BR,PnP,EqualFusion,0.13053026060870945,0.8694697393912906,6.090585990279665,,1,72.314510283608,-107.85697990651465,70.0,-113.5,6.099232216304489
20260808_141232,15.0,3,BR,PnP,LOOWeightedFusion,0.13053026060870945,0.8694697393912906,6.090585990279665,,1,71.29532907925288,-109.86323568251724,70.0,-113.5,3.860561115236222
20260808_141232,15.0,3,BR,PnP,LOOWeightedGated,0.13053026060870945,0.8694697393912906,6.090585990279665,13.870431873632965,1,71.29532907925288,-109.86323568251724,70.0,-113.5,3.860561115236222
20260808_141232,15.0,4,C,Affine,ihawk1,,,28.50298453569551,,1,13.029513441847602,31.83313947375234,0.0,0.0,34.39646768618337
20260808_141232,15.0,4,C,Affine,ihawk2,,,28.50298453569551,,1,21.766227501505682,4.702161701436978,0.0,0.0,22.268340403221856
20260808_141232,15.0,4,C,Affine,EqualFusion,0.55064160971663,0.44935839028337,28.50298453569551,,1,17.39787047167664,18.26765058759466,0.0,0.0,25.226830061259886
20260808_141232,15.0,4,C,Affine,LOOWeightedFusion,0.55064160971663,0.44935839028337,28.50298453569551,,1,16.95542920806164,19.641606975170816,0.0,0.0,25.94762617652468
20260808_141232,15.0,4,C,Affine,LOOWeightedGated,0.55064160971663,0.44935839028337,28.50298453569551,15.39378796037687,0,,,0.0,0.0,
20260808_141232,15.0,4,C,Homography,ihawk1,,,17.588260444039946,,1,10.838617657165814,21.967479965253816,0.0,0.0,24.49583247701646
20260808_141232,15.0,4,C,Homography,ihawk2,,,17.588260444039946,,1,15.658842372047092,5.052624389594057,0.0,0.0,16.453825015932864
20260808_141232,15.0,4,C,Homography,EqualFusion,0.3633913181973765,0.6366086818026235,17.588260444039946,,1,13.248730014606453,13.510052177423937,0.0,0.0,18.922218602390448
20260808_141232,15.0,4,C,Homography,LOOWeightedFusion,0.3633913181973765,0.6366086818026235,17.588260444039946,,1,13.907214558898811,11.199336054351301,0.0,0.0,17.85597224587729
20260808_141232,15.0,4,C,Homography,LOOWeightedGated,0.3633913181973765,0.6366086818026235,17.588260444039946,0.17963030245207337,0,,,0.0,0.0,
20260808_141232,15.0,4,C,PnP,ihawk1,,,7.341743343779277,,1,4.321460615364471,11.45674171597721,0.0,0.0,12.244670375177874
20260808_141232,15.0,4,C,PnP,ihawk2,,,7.341743343779277,,1,2.5794388245825823,4.324662397407597,0.0,0.0,5.035494960906544
20260808_141232,15.0,4,C,PnP,EqualFusion,0.13053026060870945,0.8694697393912906,7.341743343779277,,1,3.4504497199735265,7.890702056692403,0.0,0.0,8.612129946624998
20260808_141232,15.0,4,C,PnP,LOOWeightedFusion,0.13053026060870945,0.8694697393912906,7.341743343779277,,1,2.806825382919393,5.255614569542475,0.0,0.0,5.958166935709986
20260808_141232,15.0,4,C,PnP,LOOWeightedGated,0.13053026060870945,0.8694697393912906,7.341743343779277,13.870431873632965,1,2.806825382919393,5.255614569542475,0.0,0.0,5.958166935709986
20260808_141232,20.0,0,TL,Affine,ihawk1,,,9.928121706431178,,1,-47.833151265503034,141.01612424390714,-70.0,113.5,35.3342083005153
20260808_141232,20.0,0,TL,Affine,ihawk2,,,9.928121706431178,,1,-47.29188365544053,131.10276810221592,-70.0,113.5,28.731794109982744
20260808_141232,20.0,0,TL,Affine,EqualFusion,0.55064160971663,0.44935839028337,9.928121706431178,,1,-47.56251746047178,136.05944617306153,-70.0,113.5,31.817750303044594
20260808_141232,20.0,0,TL,Affine,LOOWeightedFusion,0.55064160971663,0.44935839028337,9.928121706431178,,1,-47.58992812353282,136.56147448577101,-70.0,113.5,32.15653785727395
20260808_141232,20.0,0,TL,Affine,LOOWeightedGated,0.55064160971663,0.44935839028337,9.928121706431178,15.39378796037687,1,-47.58992812353282,136.56147448577101,-70.0,113.5,32.15653785727395
20260808_141232,20.0,0,TL,Homography,ihawk1,,,24.168426426501593,,1,-56.98543639555832,146.3968070397746,-70.0,113.5,35.377659323734534
20260808_141232,20.0,0,TL,Homography,ihawk2,,,24.168426426501593,,1,-50.20701079401694,123.19840661436618,-70.0,113.5,22.041359136081958
20260808_141232,20.0,0,TL,Homography,EqualFusion,0.3633913181973765,0.6366086818026235,24.168426426501593,,1,-53.59622359478763,134.79760682707038,-70.0,113.5,26.882558228574098
20260808_141232,20.0,0,TL,Homography,LOOWeightedFusion,0.3633913181973765,0.6366086818026235,24.168426426501593,,1,-52.67023180866391,131.62850392502594,-70.0,113.5,25.079145123491053
20260808_141232,20.0,0,TL,Homography,LOOWeightedGated,0.3633913181973765,0.6366086818026235,24.168426426501593,0.17963030245207337,0,,,-70.0,113.5,
20260808_141232,20.0,0,TL,PnP,ihawk1,,,6.695938020037062,,1,-65.65444162049567,123.56713717852409,-70.0,113.5,10.96499560423543
20260808_141232,20.0,0,TL,PnP,ihawk2,,,6.695938020037062,,1,-63.88740042189149,117.10856524886245,-70.0,113.5,7.0982826625593045
20260808_141232,20.0,0,TL,PnP,EqualFusion,0.13053026060870945,0.8694697393912906,6.695938020037062,,1,-64.77092102119359,120.33785121369327,-70.0,113.5,8.608105261159487
20260808_141232,20.0,0,TL,PnP,LOOWeightedFusion,0.13053026060870945,0.8694697393912906,6.695938020037062,,1,-64.11805277005162,117.95160432600129,-70.0,113.5,7.376590288959447
20260808_141232,20.0,0,TL,PnP,LOOWeightedGated,0.13053026060870945,0.8694697393912906,6.695938020037062,13.870431873632965,1,-64.11805277005162,117.95160432600129,-70.0,113.5,7.376590288959447
20260808_141232,20.0,1,TR,Affine,ihawk1,,,28.95103903679406,,1,72.9598433134937,126.85067269616127,70.0,113.5,13.674835789890107
20260808_141232,20.0,1,TR,Affine,ihawk2,,,28.95103903679406,,1,89.64536596367589,103.19150966784957,70.0,113.5,22.18570207982596
20260808_141232,20.0,1,TR,Affine,EqualFusion,0.55064160971663,0.44935839028337,28.95103903679406,,1,81.3026046385848,115.02109118200542,70.0,113.5,11.40449867377489
20260808_141232,20.0,1,TR,Affine,LOOWeightedFusion,0.55064160971663,0.44935839028337,28.95103903679406,,1,80.45762291261627,116.21922928230731,70.0,113.5,10.805372963125075
20260808_141232,20.0,1,TR,Affine,LOOWeightedGated,0.55064160971663,0.44935839028337,28.95103903679406,15.39378796037687,0,,,70.0,113.5,
20260808_141232,20.0,1,TR,Homography,ihawk1,,,28.22033934933927,,1,92.8078664147584,152.06342453653494,70.0,113.5,44.803308832925374
20260808_141232,20.0,1,TR,Homography,ihawk2,,,28.22033934933927,,1,98.75331938735945,124.47648665023709,70.0,113.5,30.77720966842729
20260808_141232,20.0,1,TR,Homography,EqualFusion,0.3633913181973765,0.6366086818026235,28.22033934933927,,1,95.78059290105892,138.26995559338602,70.0,113.5,35.75177856314907
20260808_141232,20.0,1,TR,Homography,LOOWeightedFusion,0.3633913181973765,0.6366086818026235,28.22033934933927,,1,96.59279339436546,134.50134037376802,70.0,113.5,33.88558628694899
20260808_141232,20.0,1,TR,Homography,LOOWeightedGated,0.3633913181973765,0.6366086818026235,28.22033934933927,0.17963030245207337,0,,,70.0,113.5,
20260808_141232,20.0,1,TR,PnP,ihawk1,,,14.33397739177768,,1,79.99027445051816,131.05560376076298,70.0,113.5,20.199128867394037
20260808_141232,20.0,1,TR,PnP,ihawk2,,,14.33397739177768,,1,75.06304575656921,117.59509391657357,70.0,113.5,6.511852771575182
20260808_141232,20.0,1,TR,PnP,EqualFusion,0.13053026060870945,0.8694697393912906,14.33397739177768,,1,77.52666010354369,124.32534883866828,70.0,113.5,13.184793885121334
20260808_141232,20.0,1,TR,PnP,LOOWeightedFusion,0.13053026060870945,0.8694697393912906,14.33397739177768,,1,75.70619820206907,119.35209777446171,70.0,113.5,8.173600570321263
20260808_141232,20.0,1,TR,PnP,LOOWeightedGated,0.13053026060870945,0.8694697393912906,14.33397739177768,13.870431873632965,0,,,70.0,113.5,
20260808_141232,20.0,2,BL,Affine,ihawk1,,,33.87856410245651,,1,-58.28770679281661,-93.01119399115885,-70.0,-113.5,23.60019033480365
20260808_141232,20.0,2,BL,Affine,ihawk2,,,33.87856410245651,,1,-45.54973180564582,-124.40388579785912,-70.0,-113.5,26.77144636116251
20260808_141232,20.0,2,BL,Affine,EqualFusion,0.55064160971663,0.44935839028337,33.87856410245651,,1,-51.91871929923121,-108.70753989450898,-70.0,-113.5,18.705624438727426
20260808_141232,20.0,2,BL,Affine,LOOWeightedFusion,0.55064160971663,0.44935839028337,33.87856410245651,,1,-52.56379085711171,-107.11776344807961,-70.0,-113.5,18.567561301345144
20260808_141232,20.0,2,BL,Affine,LOOWeightedGated,0.55064160971663,0.44935839028337,33.87856410245651,15.39378796037687,0,,,-70.0,-113.5,
20260808_141232,20.0,2,BL,Homography,ihawk1,,,24.92145651575564,,1,-55.41233984509374,-93.24596610342991,-70.0,-113.5,24.96048312590223
20260808_141232,20.0,2,BL,Homography,ihawk2,,,24.92145651575564,,1,-48.82172976184358,-117.2801678500505,-70.0,-113.5,21.512991406471986
20260808_141232,20.0,2,BL,Homography,EqualFusion,0.3633913181973765,0.6366086818026235,24.92145651575564,,1,-52.117034803468655,-105.2630669767402,-70.0,-113.5,19.68876608246487
20260808_141232,20.0,2,BL,Homography,LOOWeightedFusion,0.3633913181973765,0.6366086818026235,24.92145651575564,,1,-51.21670024772078,-108.54634759552437,-70.0,-113.5,19.425525005217743
20260808_141232,20.0,2,BL,Homography,LOOWeightedGated,0.3633913181973765,0.6366086818026235,24.92145651575564,0.17963030245207337,0,,,-70.0,-113.5,
20260808_141232,20.0,2,BL,PnP,ihawk1,,,3.7811102265305703,,1,-65.83592596055729,-109.19309965554194,-70.0,-113.5,5.990734778226596
20260808_141232,20.0,2,BL,PnP,ihawk2,,,3.7811102265305703,,1,-65.39995891269214,-112.94899199669734,-70.0,-113.5,4.632924327530511
20260808_141232,20.0,2,BL,PnP,EqualFusion,0.13053026060870945,0.8694697393912906,3.7811102265305703,,1,-65.61794243662472,-111.07104582611964,-70.0,-113.5,5.010214253656756
20260808_141232,20.0,2,BL,PnP,LOOWeightedFusion,0.13053026060870945,0.8694697393912906,3.7811102265305703,,1,-65.4568658050668,-112.45873439058808,-70.0,-113.5,4.660933638501554
20260808_141232,20.0,2,BL,PnP,LOOWeightedGated,0.13053026060870945,0.8694697393912906,3.7811102265305703,13.870431873632965,1,-65.4568658050668,-112.45873439058808,-70.0,-113.5,4.660933638501554
20260808_141232,20.0,3,BR,Affine,ihawk1,,,13.56737288584079,,1,96.1828038392054,-84.417059148352,70.0,-113.5,39.13255250380131
20260808_141232,20.0,3,BR,Affine,ihawk2,,,13.56737288584079,,1,89.90840866998252,-96.44642206930007,70.0,-113.5,26.213913405088736
20260808_141232,20.0,3,BR,Affine,EqualFusion,0.55064160971663,0.44935839028337,13.56737288584079,,1,93.04560625459396,-90.43174060882603,70.0,-113.5,32.6074310392626
20260808_141232,20.0,3,BR,Affine,LOOWeightedFusion,0.55064160971663,0.44935839028337,13.56737288584079,,1,93.36335172596165,-89.82255430664368,70.0,-113.5,33.263608319495845
20260808_141232,20.0,3,BR,Affine,LOOWeightedGated,0.55064160971663,0.44935839028337,13.56737288584079,15.39378796037687,1,93.36335172596165,-89.82255430664368,70.0,-113.5,33.263608319495845
20260808_141232,20.0,3,BR,Homography,ihawk1,,,25.06565501676953,,1,92.50441714797307,-92.38616475924371,70.0,-113.5,30.858432068784484
20260808_141232,20.0,3,BR,Homography,ihawk2,,,25.06565501676953,,1,99.31120104720755,-116.50990315877097,70.0,-113.5,29.465335970509486
20260808_141232,20.0,3,BR,Homography,EqualFusion,0.3633913181973765,0.6366086818026235,25.06565501676953,,1,95.9078090975903,-104.44803395900735,70.0,-113.5,27.443626973205767
20260808_141232,20.0,3,BR,Homography,LOOWeightedFusion,0.3633913181973765,0.6366086818026235,25.06565501676953,,1,96.83767487338005,-107.7435460619181,70.0,-113.5,27.44808835876396
20260808_141232,20.0,3,BR,Homography,LOOWeightedGated,0.3633913181973765,0.6366086818026235,25.06565501676953,0.17963030245207337,0,,,70.0,-113.5,
20260808_141232,20.0,3,BR,PnP,ihawk1,,,5.591975261970902,,1,76.44815740415955,-107.36171548788477,70.0,-113.5,8.902655258993876
20260808_141232,20.0,3,BR,PnP,ihawk2,,,5.591975261970902,,1,73.4892221027182,-112.1067011793678,70.0,-113.5,3.757120238383688
20260808_141232,20.0,3,BR,PnP,EqualFusion,0.13053026060870945,0.8694697393912906,5.591975261970902,,1,74.96868975343887,-109.73420833362628,70.0,-113.5,6.234505974049436
20260808_141232,20.0,3,BR,PnP,LOOWeightedFusion,0.13053026060870945,0.8694697393912906,5.591975261970902,,1,73.87545269873965,-111.48733696047393,70.0,-113.5,4.366914944310546
20260808_141232,20.0,3,BR,PnP,LOOWeightedGated,0.13053026060870945,0.8694697393912906,5.591975261970902,13.870431873632965,1,73.87545269873965,-111.48733696047393,70.0,-113.5,4.366914944310546
20260808_141232,20.0,4,C,Affine,ihawk1,,,34.521786241945875,,1,18.64378905225806,35.62850218530309,0.0,0.0,40.21170275172695
20260808_141232,20.0,4,C,Affine,ihawk2,,,34.521786241945875,,1,29.409157605962037,2.828188692326762,0.0,0.0,29.54483376788097
20260808_141232,20.0,4,C,Affine,EqualFusion,0.55064160971663,0.44935839028337,34.521786241945875,,1,24.026473329110047,19.228345438814927,0.0,0.0,30.773376300770625
20260808_141232,20.0,4,C,Affine,LOOWeightedFusion,0.55064160971663,0.44935839028337,34.521786241945875,,1,23.48129773635769,20.88940611330935,0.0,0.0,31.42830939058356
20260808_141232,20.0,4,C,Affine,LOOWeightedGated,0.55064160971663,0.44935839028337,34.521786241945875,15.39378796037687,0,,,0.0,0.0,
20260808_141232,20.0,4,C,Homography,ihawk1,,,24.395432331226385,,1,17.095643244821005,26.512871239021347,0.0,0.0,31.546685393098265
20260808_141232,20.0,4,C,Homography,ihawk2,,,24.395432331226385,,1,23.985708012654516,3.1106464276384562,0.0,0.0,24.186572929336208
20260808_141232,20.0,4,C,Homography,EqualFusion,0.3633913181973765,0.6366086818026235,24.395432331226385,,1,20.54067562873776,14.811758833329902,0.0,0.0,25.324050920454013
20260808_141232,20.0,4,C,Homography,LOOWeightedFusion,0.3633913181973765,0.6366086818026235,24.395432331226385,,1,21.481918294206196,11.614811750598236,0.0,0.0,24.42082442508413
20260808_141232,20.0,4,C,Homography,LOOWeightedGated,0.3633913181973765,0.6366086818026235,24.395432331226385,0.17963030245207337,0,,,0.0,0.0,
20260808_141232,20.0,4,C,PnP,ihawk1,,,8.007342571796103,,1,6.592513329146122,9.839743319339721,0.0,0.0,11.844060983693893
20260808_141232,20.0,4,C,PnP,ihawk2,,,8.007342571796103,,1,4.813455011261962,2.032535972044185,0.0,0.0,5.224992978282028
20260808_141232,20.0,4,C,PnP,EqualFusion,0.13053026060870945,0.8694697393912906,8.007342571796103,,1,5.702984170204042,5.936139645691953,0.0,0.0,8.231754511570038
20260808_141232,20.0,4,C,PnP,LOOWeightedFusion,0.13053026060870945,0.8694697393912906,8.007342571796103,,1,5.045675957133474,3.051612781712903,0.0,0.0,5.896709797328368
20260808_141232,20.0,4,C,PnP,LOOWeightedGated,0.13053026060870945,0.8694697393912906,8.007342571796103,13.870431873632965,1,5.045675957133474,3.051612781712903,0.0,0.0,5.896709797328368
20260808_141232,25.0,0,TL,Affine,ihawk1,,,14.400816561597729,,1,-45.55582355141286,147.76201864480493,-70.0,113.5,42.08804680508021
20260808_141232,25.0,0,TL,Affine,ihawk2,,,14.400816561597729,,1,-42.3353009449562,133.72593116352692,-70.0,113.5,34.269868182382474
20260808_141232,25.0,0,TL,Affine,EqualFusion,0.55064160971663,0.44935839028337,14.400816561597729,,1,-43.94556224818453,140.74397490416592,-70.0,113.5,37.697054197139195
20260808_141232,25.0,0,TL,Affine,LOOWeightedFusion,0.55064160971663,0.44935839028337,14.400816561597729,,1,-44.10865469710429,141.4547849683413,-70.0,113.5,38.10291018045709
20260808_141232,25.0,0,TL,Affine,LOOWeightedGated,0.55064160971663,0.44935839028337,14.400816561597729,15.39378796037687,1,-44.10865469710429,141.4547849683413,-70.0,113.5,38.10291018045709
20260808_141232,25.0,0,TL,Homography,ihawk1,,,30.65878331621311,,1,-54.84723994791002,156.01684898072926,-70.0,113.5,45.13633330750686
20260808_141232,25.0,0,TL,Homography,ihawk2,,,30.65878331621311,,1,-45.972597303207806,126.67061051036751,-70.0,113.5,27.400384332516577
20260808_141232,25.0,0,TL,Homography,EqualFusion,0.3633913181973765,0.6366086818026235,30.65878331621311,,1,-50.409918625558916,141.3437297455484,-70.0,113.5,34.04474371177377
20260808_141232,25.0,0,TL,Homography,LOOWeightedFusion,0.3633913181973765,0.6366086818026235,30.65878331621311,,1,-49.1975653923968,137.33477879224682,-70.0,113.5,31.636023227942957
20260808_141232,25.0,0,TL,Homography,LOOWeightedGated,0.3633913181973765,0.6366086818026235,30.65878331621311,0.17963030245207337,0,,,-70.0,113.5,
20260808_141232,25.0,0,TL,PnP,ihawk1,,,7.057910633685348,,1,-66.4708175928682,125.11943610734782,-70.0,113.5,12.143575417295638
20260808_141232,25.0,0,TL,PnP,ihawk2,,,7.057910633685348,,1,-64.63982188656246,118.30316460185608,-70.0,113.5,7.197353652579407
20260808_141232,25.0,0,TL,PnP,EqualFusion,0.13053026060870945,0.8694697393912906,7.057910633685348,,1,-65.55531973971533,121.71130035460195,-70.0,113.5,9.33705714503506
20260808_141232,25.0,0,TL,PnP,LOOWeightedFusion,0.13053026060870945,0.8694697393912906,7.057910633685348,,1,-64.87882223327998,119.19289429784764,-70.0,113.5,7.657382529612434
20260808_141232,25.0,0,TL,PnP,LOOWeightedGated,0.13053026060870945,0.8694697393912906,7.057910633685348,13.870431873632965,1,-64.87882223327998,119.19289429784764,-70.0,113.5,7.657382529612434
20260808_141232,25.0,1,TR,Affine,ihawk1,,,30.502300619963325,,1,74.82319069307067,127.92883698723733,70.0,113.5,15.213628931520304
20260808_141232,25.0,1,TR,Affine,ihawk2,,,30.502300619963325,,1,94.00668431664286,104.21420193828538,70.0,113.5,25.739987131346613
20260808_141232,25.0,1,TR,Affine,EqualFusion,0.55064160971663,0.44935839028337,30.502300619963325,,1,84.41493750485677,116.07151946276136,70.0,113.5,14.642511246923688
20260808_141232,25.0,1,TR,Affine,LOOWeightedFusion,0.55064160971663,0.44935839028337,30.502300619963325,,1,83.44345450777035,117.2724667554827,70.0,113.5,13.962735209252994
20260808_141232,25.0,1,TR,Affine,LOOWeightedGated,0.55064160971663,0.44935839028337,30.502300619963325,15.39378796037687,0,,,70.0,113.5,
20260808_141232,25.0,1,TR,Homography,ihawk1,,,28.815739917329893,,1,95.60999248211162,154.1303707976144,70.0,113.5,48.02810371111326
20260808_141232,25.0,1,TR,Homography,ihawk2,,,28.815739917329893,,1,104.89851412756524,126.85272000754198,70.0,113.5,37.36577872748917
20260808_141232,25.0,1,TR,Homography,EqualFusion,0.3633913181973765,0.6366086818026235,28.815739917329893,,1,100.25425330483843,140.4915454025782,70.0,113.5,40.54458491898477
20260808_141232,25.0,1,TR,Homography,LOOWeightedFusion,0.3633913181973765,0.6366086818026235,28.815739917329893,,1,101.52314600271899,136.7651814854741,70.0,113.5,39.178787672167516
20260808_141232,25.0,1,TR,Homography,LOOWeightedGated,0.3633913181973765,0.6366086818026235,28.815739917329893,0.17963030245207337,0,,,70.0,113.5,
20260808_141232,25.0,1,TR,PnP,ihawk1,,,4.598764132762064,,1,70.56143423008413,113.91549826632381,70.0,113.5,0.6984605959023402
20260808_141232,25.0,1,TR,PnP,ihawk2,,,4.598764132762064,,1,73.39393529001296,117.53842102209447,70.0,113.5,5.275191096490239
20260808_141232,25.0,1,TR,PnP,EqualFusion,0.13053026060870945,0.8694697393912906,4.598764132762064,,1,71.97768476004855,115.72695964420913,70.0,113.5,2.978352945348207
20260808_141232,25.0,1,TR,PnP,LOOWeightedFusion,0.13053026060870945,0.8694697393912906,4.598764132762064,,1,73.024208188486,117.06551997061851,70.0,113.5,4.675336119273693
20260808_141232,25.0,1,TR,PnP,LOOWeightedGated,0.13053026060870945,0.8694697393912906,4.598764132762064,13.870431873632965,1,73.024208188486,117.06551997061851,70.0,113.5,4.675336119273693
20260808_141232,25.0,2,BL,Affine,ihawk1,,,41.65128959848376,,1,-56.19791938075747,-84.74152829666389,-70.0,-113.5,31.899014469598495
20260808_141232,25.0,2,BL,Affine,ihawk2,,,41.65128959848376,,1,-41.837349696233446,-123.8388934707097,-70.0,-113.5,30.00045983532463
20260808_141232,25.0,2,BL,Affine,EqualFusion,0.55064160971663,0.44935839028337,41.65128959848376,,1,-49.01763453849546,-104.2902108836868,-70.0,-113.5,22.914621444115106
20260808_141232,25.0,2,BL,Affine,LOOWeightedFusion,0.55064160971663,0.44935839028337,41.65128959848376,,1,-49.74487690376759,-102.3102573755942,-70.0,-113.5,23.140448388999975
20260808_141232,25.0,2,BL,Affine,LOOWeightedGated,0.55064160971663,0.44935839028337,41.65128959848376,15.39378796037687,0,,,-70.0,-113.5,
20260808_141232,25.0,2,BL,Homography,ihawk1,,,31.745501689065897,,1,-54.00437652358878,-86.83275109158234,-70.0,-113.5,31.096657935260836
20260808_141232,25.0,2,BL,Homography,ihawk2,,,31.745501689065897,,1,-45.63361608138386,-117.45475702048424,-70.0,-113.5,24.685233812149004
20260808_141232,25.0,2,BL,Homography,EqualFusion,0.3633913181973765,0.6366086818026235,31.745501689065897,,1,-49.818996302486326,-102.14375405603329,-70.0,-113.5,23.156796673523758
20260808_141232,25.0,2,BL,Homography,LOOWeightedFusion,0.3633913181973765,0.6366086818026235,31.745501689065897,,1,-48.67547775279117,-106.3269859201327,-70.0,-113.5,22.498608402780803
20260808_141232,25.0,2,BL,Homography,LOOWeightedGated,0.3633913181973765,0.6366086818026235,31.745501689065897,0.17963030245207337,0,,,-70.0,-113.5,
20260808_141232,25.0,2,BL,PnP,ihawk1,,,5.437874974148844,,1,-66.58175561945633,-106.36032770879791,-70.0,-113.5,7.91576370736755
20260808_141232,25.0,2,BL,PnP,ihawk2,,,5.437874974148844,,1,-67.81691836356609,-111.65606724450372,-70.0,-113.5,2.8576097420968947
20260808_141232,25.0,2,BL,PnP,EqualFusion,0.13053026060870945,0.8694697393912906,5.437874974148844,,1,-67.19933699151122,-109.00819747665082,-70.0,-113.5,5.293392409021222
20260808_141232,25.0,2,BL,PnP,LOOWeightedFusion,0.13053026060870945,0.8694697393912906,5.437874974148844,,1,-67.65569224868328,-110.9648129827922,-70.0,-113.5,3.452962792313676
20260808_141232,25.0,2,BL,PnP,LOOWeightedGated,0.13053026060870945,0.8694697393912906,5.437874974148844,13.870431873632965,1,-67.65569224868328,-110.9648129827922,-70.0,-113.5,3.452962792313676
20260808_141232,25.0,3,BR,Affine,ihawk1,,,16.27215278730551,,1,97.5695533563449,-80.68152156392705,70.0,-113.5,42.86178716674485
20260808_141232,25.0,3,BR,Affine,ihawk2,,,16.27215278730551,,1,93.47092542410877,-96.42903582512105,70.0,-113.5,29.022442318386577
20260808_141232,25.0,3,BR,Affine,EqualFusion,0.55064160971663,0.44935839028337,16.27215278730551,,1,95.52023939022683,-88.55527869452405,70.0,-113.5,35.68643635251846
20260808_141232,25.0,3,BR,Affine,LOOWeightedFusion,0.55064160971663,0.44935839028337,16.27215278730551,,1,95.7278005063448,-87.75779922330159,70.0,-113.5,36.394788359353434
20260808_141232,25.0,3,BR,Affine,LOOWeightedGated,0.55064160971663,0.44935839028337,16.27215278730551,15.39378796037687,0,,,70.0,-113.5,
20260808_141232,25.0,3,BR,Homography,ihawk1,,,29.94300768935353,,1,94.48736764790306,-89.0831252726573,70.0,-113.5,34.58055733753168
20260808_141232,25.0,3,BR,Homography,ihawk2,,,29.94300768935353,,1,104.33999183319136,-117.35872440243979,70.0,-113.5,34.556110792704004
20260808_141232,25.0,3,BR,Homography,EqualFusion,0.3633913181973765,0.6366086818026235,29.94300768935353,,1,99.41367974054721,-103.22092483754855,70.0,-113.5,31.158047789853647
20260808_141232,25.0,3,BR,Homography,LOOWeightedFusion,0.3633913181973765,0.6366086818026235,29.94300768935353,,1,100.7596337427961,-107.08361716184754,70.0,-113.5,31.42172873533055
20260808_141232,25.0,3,BR,Homography,LOOWeightedGated,0.3633913181973765,0.6366086818026235,29.94300768935353,0.17963030245207337,0,,,70.0,-113.5,
20260808_141232,25.0,3,BR,PnP,ihawk1,,,5.509835524207748,,1,67.14822051582311,-114.59628248344922,70.0,-113.5,3.055238372024313
20260808_141232,25.0,3,BR,PnP,ihawk2,,,5.509835524207748,,1,71.84930330384799,-111.72259006358972,70.0,-113.5,2.5649773472046653
20260808_141232,25.0,3,BR,PnP,EqualFusion,0.13053026060870945,0.8694697393912906,5.509835524207748,,1,69.49876190983555,-113.15943627351947,70.0,-113.5,0.6059895005905682
20260808_141232,25.0,3,BR,PnP,LOOWeightedFusion,0.13053026060870945,0.8694697393912906,5.509835524207748,,1,71.23566974238399,-112.09769388406326,70.0,-113.5,1.8690484624634267
20260808_141232,25.0,3,BR,PnP,LOOWeightedGated,0.13053026060870945,0.8694697393912906,5.509835524207748,13.870431873632965,1,71.23566974238399,-112.09769388406326,70.0,-113.5,1.8690484624634267
20260808_141232,25.0,4,C,Affine,ihawk1,,,40.29066608627889,,1,20.842577164894355,42.134113027399394,0.0,0.0,47.00740902751653
20260808_141232,25.0,4,C,Affine,ihawk2,,,40.29066608627889,,1,33.64868525567806,3.9327862278864245,0.0,0.0,33.87773349782921
20260808_141232,25.0,4,C,Affine,EqualFusion,0.55064160971663,0.44935839028337,40.29066608627889,,1,27.245631210286206,23.03344962764291,0.0,0.0,35.67722273098181
20260808_141232,25.0,4,C,Affine,LOOWeightedFusion,0.55064160971663,0.44935839028337,40.29066608627889,,1,26.59710928236376,24.968026310081285,0.0,0.0,36.480248902644725
20260808_141232,25.0,4,C,Affine,LOOWeightedGated,0.55064160971663,0.44935839028337,40.29066608627889,15.39378796037687,0,,,0.0,0.0,
20260808_141232,25.0,4,C,Homography,ihawk1,,,30.930130757777142,,1,19.785124625716623,33.94357571379054,0.0,0.0,39.28889777905419
20260808_141232,25.0,4,C,Homography,ihawk2,,,30.930130757777142,,1,28.706188515626412,4.327910808789006,0.0,0.0,29.030605764666955
20260808_141232,25.0,4,C,Homography,EqualFusion,0.3633913181973765,0.6366086818026235,30.930130757777142,,1,24.245656570671517,19.13574326128977,0.0,0.0,30.88735230972289
20260808_141232,25.0,4,C,Homography,LOOWeightedFusion,0.3633913181973765,0.6366086818026235,30.930130757777142,,1,25.46435134894908,15.089986317909293,0.0,0.0,29.599676969477464
20260808_141232,25.0,4,C,Homography,LOOWeightedGated,0.3633913181973765,0.6366086818026235,30.930130757777142,0.17963030245207337,0,,,0.0,0.0,
20260808_141232,25.0,4,C,PnP,ihawk1,,,6.888375927445325,,1,4.265315513335289,9.18844515541487,0.0,0.0,10.13017476662499
20260808_141232,25.0,4,C,PnP,ihawk2,,,6.888375927445325,,1,2.037613928176242,2.6702346214348487,0.0,0.0,3.3588723485430534
20260808_141232,25.0,4,C,PnP,EqualFusion,0.13053026060870945,0.8694697393912906,6.888375927445325,,1,3.1514647207557656,5.92933988842486,0.0,0.0,6.714819535820329
20260808_141232,25.0,4,C,PnP,LOOWeightedFusion,0.13053026060870945,0.8694697393912906,6.888375927445325,,1,2.3283963966454877,3.5210583411376963,0.0,0.0,4.221289094767975
20260808_141232,25.0,4,C,PnP,LOOWeightedGated,0.13053026060870945,0.8694697393912906,6.888375927445325,13.870431873632965,1,2.3283963966454877,3.5210583411376963,0.0,0.0,4.221289094767975
20260808_141232,30.0,0,TL,Affine,ihawk1,,,19.165136080765965,,1,-44.37079993641089,152.24979484502205,-70.0,113.5,46.45861057361459
20260808_141232,30.0,0,TL,Affine,ihawk2,,,19.165136080765965,,1,-39.26504904922467,133.77728151109062,-70.0,113.5,36.821262273672566
20260808_141232,30.0,0,TL,Affine,EqualFusion,0.55064160971663,0.44935839028337,19.165136080765965,,1,-41.81792449281778,143.01353817805634,-70.0,113.5,40.80782174632835
20260808_141232,30.0,0,TL,Affine,LOOWeightedFusion,0.55064160971663,0.44935839028337,19.165136080765965,,1,-42.076487936557,143.94901598879855,-70.0,113.5,41.31422395063662
20260808_141232,30.0,0,TL,Affine,LOOWeightedGated,0.55064160971663,0.44935839028337,19.165136080765965,15.39378796037687,0,,,-70.0,113.5,
20260808_141232,30.0,0,TL,Homography,ihawk1,,,36.63522292816032,,1,-53.76867477087504,162.4665568900224,-70.0,113.5,51.586622416644296
20260808_141232,30.0,0,TL,Homography,ihawk2,,,36.63522292816032,,1,-43.31587031377678,127.35418815794067,-70.0,113.5,30.066281888966632
20260808_141232,30.0,0,TL,Homography,EqualFusion,0.3633913181973765,0.6366086818026235,36.63522292816032,,1,-48.542272542325904,144.91037252398152,-70.0,113.5,38.04005217850147
20260808_141232,30.0,0,TL,Homography,LOOWeightedFusion,0.3633913181973765,0.6366086818026235,36.63522292816032,,1,-47.11432870430113,140.11371811652418,-70.0,113.5,35.100483510068386
20260808_141232,30.0,0,TL,Homography,LOOWeightedGated,0.3633913181973765,0.6366086818026235,36.63522292816032,0.17963030245207337,0,,,-70.0,113.5,
20260808_141232,30.0,0,TL,PnP,ihawk1,,,6.883826511073569,,1,-72.8909961321798,111.30462709181948,-70.0,113.5,3.630085514454378
20260808_141232,30.0,0,TL,PnP,ihawk2,,,6.883826511073569,,1,-68.15063592628599,116.29622528808265,-70.0,113.5,3.3524652628859566
20260808_141232,30.0,0,TL,PnP,EqualFusion,0.13053026060870945,0.8694697393912906,6.883826511073569,,1,-70.52081602923289,113.80042618995107,-70.0,113.5,0.6012530514803477
20260808_141232,30.0,0,TL,PnP,LOOWeightedFusion,0.13053026060870945,0.8694697393912906,6.883826511073569,,1,-68.76939637934046,115.64467067467046,-70.0,113.5,2.4726499093021292
20260808_141232,30.0,0,TL,PnP,LOOWeightedGated,0.13053026060870945,0.8694697393912906,6.883826511073569,13.870431873632965,1,-68.76939637934046,115.64467067467046,-70.0,113.5,2.4726499093021292
20260808_141232,30.0,1,TR,Affine,ihawk1,,,37.25358416338379,,1,76.27726735473931,136.00619600699008,70.0,113.5,23.365207984264384
20260808_141232,30.0,1,TR,Affine,ihawk2,,,37.25358416338379,,1,97.35629309766153,105.28968242312868,70.0,113.5,28.561794179607244
20260808_141232,30.0,1,TR,Affine,EqualFusion,0.55064160971663,0.44935839028337,37.25358416338379,,1,86.81678022620042,120.64793921505938,70.0,113.5,18.272852327934718
20260808_141232,30.0,1,TR,Affine,LOOWeightedFusion,0.55064160971663,0.44935839028337,37.25358416338379,,1,85.74930443132055,122.20347290782885,70.0,113.5,17.99419436173023
20260808_141232,30.0,1,TR,Affine,LOOWeightedGated,0.55064160971663,0.44935839028337,37.25358416338379,15.39378796037687,0,,,70.0,113.5,
20260808_141232,30.0,1,TR,Homography,ihawk1,,,39.34651149110088,,1,99.01894221122254,166.9329058480009,70.0,113.5,60.804394861059194
20260808_141232,30.0,1,TR,Homography,ihawk2,,,39.34651149110088,,1,109.69441808648207,129.06230800011784,70.0,113.5,42.636044111936165
20260808_141232,30.0,1,TR,Homography,EqualFusion,0.3633913181973765,0.6366086818026235,39.34651149110088,,1,104.3566801488523,147.99760692405937,70.0,113.5,48.687435281984726
20260808_141232,30.0,1,TR,Homography,LOOWeightedFusion,0.3633913181973765,0.6366086818026235,39.34651149110088,,1,105.81504283578722,142.8241544729828,70.0,113.5,46.288479440187174
20260808_141232,30.0,1,TR,Homography,LOOWeightedGated,0.3633913181973765,0.6366086818026235,39.34651149110088,0.17963030245207337,0,,,70.0,113.5,
20260808_141232,30.0,1,TR,PnP,ihawk1,,,12.531379201940858,,1,75.85075587255852,129.1733364288237,70.0,113.5,16.72975848873407
20260808_141232,30.0,1,TR,PnP,ihawk2,,,12.531379201940858,,1,71.19986618537733,117.53698434492267,70.0,113.5,4.211522463903367
20260808_141232,30.0,1,TR,PnP,EqualFusion,0.13053026060870945,0.8694697393912906,12.531379201940858,,1,73.52531102896793,123.35516038687318,70.0,113.5,10.466709325378119
20260808_141232,30.0,1,TR,PnP,LOOWeightedFusion,0.13053026060870945,0.8694697393912906,12.531379201940858,,1,71.80694802830745,119.05588041496898,70.0,113.5,5.842334153610188
20260808_141232,30.0,1,TR,PnP,LOOWeightedGated,0.13053026060870945,0.8694697393912906,12.531379201940858,13.870431873632965,1,71.80694802830745,119.05588041496898,70.0,113.5,5.842334153610188
20260808_141232,30.0,2,BL,Affine,ihawk1,,,47.77780292419772,,1,-52.55018238862584,-80.26761358211797,-70.0,-113.5,37.53515208038531
20260808_141232,30.0,2,BL,Affine,ihawk2,,,47.77780292419772,,1,-36.41283715147938,-125.23765406420586,-70.0,-113.5,35.57906731694933
20260808_141232,30.0,2,BL,Affine,EqualFusion,0.55064160971663,0.44935839028337,47.77780292419772,,1,-44.48150977005261,-102.75263382316191,-70.0,-113.5,27.68933410818981
20260808_141232,30.0,2,BL,Affine,LOOWeightedFusion,0.55064160971663,0.44935839028337,47.77780292419772,,1,-45.2987309094147,-100.47527858412697,-70.0,-113.5,27.924828784553117
20260808_141232,30.0,2,BL,Affine,LOOWeightedGated,0.55064160971663,0.44935839028337,47.77780292419772,15.39378796037687,0,,,-70.0,-113.5,
20260808_141232,30.0,2,BL,Homography,ihawk1,,,37.85348393535557,,1,-51.08821767215632,-83.38758453098669,-70.0,-113.5,35.558586532569215
20260808_141232,30.0,2,BL,Homography,ihawk2,,,37.85348393535557,,1,-40.90587194233678,-119.8458631722315,-70.0,-113.5,29.77815082970046
20260808_141232,30.0,2,BL,Homography,EqualFusion,0.3633913181973765,0.6366086818026235,37.85348393535557,,1,-45.99704480724655,-101.6167238516091,-70.0,-113.5,26.783467102006153
20260808_141232,30.0,2,BL,Homography,LOOWeightedFusion,0.3633913181973765,0.6366086818026235,37.85348393535557,,1,-44.606047979437335,-106.5972412375823,-70.0,-113.5,26.315411411467103
20260808_141232,30.0,2,BL,Homography,LOOWeightedGated,0.3633913181973765,0.6366086818026235,37.85348393535557,0.17963030245207337,0,,,-70.0,-113.5,
20260808_141232,30.0,2,BL,PnP,ihawk1,,,5.5345801177188925,,1,-66.52903650271043,-107.34034956908084,-70.0,-113.5,7.070281538286805
20260808_141232,30.0,2,BL,PnP,ihawk2,,,5.5345801177188925,,1,-67.73263579721667,-112.7424719129114,-70.0,-113.5,2.390562534382104
20260808_141232,30.0,2,BL,PnP,EqualFusion,0.13053026060870945,0.8694697393912906,5.5345801177188925,,1,-67.13083614996356,-110.04141074099613,-70.0,-113.5,4.493766889910168
20260808_141232,30.0,2,BL,PnP,LOOWeightedFusion,0.13053026060870945,0.8694697393912906,5.5345801177188925,,1,-67.57552966763632,-112.03733147553108,-70.0,-113.5,2.831511187508142
20260808_141232,30.0,2,BL,PnP,LOOWeightedGated,0.13053026060870945,0.8694697393912906,5.5345801177188925,13.870431873632965,1,-67.57552966763632,-112.03733147553108,-70.0,-113.5,2.831511187508142
20260808_141232,30.0,3,BR,Affine,ihawk1,,,24.422516038285274,,1,102.35810676689152,-73.08814375697705,70.0,-113.5,51.770311941732636
20260808_141232,30.0,3,BR,Affine,ihawk2,,,24.422516038285274,,1,98.41411615167272,-97.1900986085522,70.0,-113.5,32.76240040167232
20260808_141232,30.0,3,BR,Affine,EqualFusion,0.55064160971663,0.44935839028337,24.422516038285274,,1,100.38611145928212,-85.13912118276463,70.0,-113.5,41.56507207863143
20260808_141232,30.0,3,BR,Affine,LOOWeightedFusion,0.55064160971663,0.44935839028337,24.422516038285274,,1,100.58584149274408,-83.91855939176332,70.0,-113.5,42.550620774295396
20260808_141232,30.0,3,BR,Affine,LOOWeightedGated,0.55064160971663,0.44935839028337,24.422516038285274,15.39378796037687,0,,,70.0,-113.5,
20260808_141232,30.0,3,BR,Homography,ihawk1,,,38.69622761794879,,1,100.7957783955834,-82.32239507529344,70.0,-113.5,43.82263132025469
20260808_141232,30.0,3,BR,Homography,ihawk2,,,38.69622761794879,,1,111.44406208052534,-119.52470799297508,70.0,-113.5,41.87967750753408
20260808_141232,30.0,3,BR,Homography,EqualFusion,0.3633913181973765,0.6366086818026235,38.69622761794879,,1,106.11992023805436,-100.92355153413426,70.0,-113.5,38.246773641942475
20260808_141232,30.0,3,BR,Homography,LOOWeightedFusion,0.3633913181973765,0.6366086818026235,38.69622761794879,,1,107.57456823571468,-106.00571046182748,70.0,-113.5,38.3146519465118
20260808_141232,30.0,3,BR,Homography,LOOWeightedGated,0.3633913181973765,0.6366086818026235,38.69622761794879,0.17963030245207337,0,,,70.0,-113.5,
20260808_141232,30.0,3,BR,PnP,ihawk1,,,19.668853385214604,,1,75.64667401214922,-105.91707437786063,70.0,-113.5,9.454400477575462
20260808_141232,30.0,3,BR,PnP,ihawk2,,,19.668853385214604,,1,56.32405413623875,-109.59133003311078,70.0,-113.5,14.2235437278686
20260808_141232,30.0,3,BR,PnP,EqualFusion,0.13053026060870945,0.8694697393912906,19.668853385214604,,1,65.98536407419398,-107.75420220548571,70.0,-113.5,7.009386129485065
20260808_141232,30.0,3,BR,PnP,LOOWeightedFusion,0.13053026060870945,0.8694697393912906,19.668853385214604,,1,58.84624074428437,-109.11172848488796,70.0,-113.5,11.985961472689862
20260808_141232,30.0,3,BR,PnP,LOOWeightedGated,0.13053026060870945,0.8694697393912906,19.668853385214604,13.870431873632965,0,,,70.0,-113.5,
20260808_141232,30.0,4,C,Affine,ihawk1,,,45.78032217859695,,1,23.26068940673304,47.188706891984225,0.0,0.0,52.61020556711504
20260808_141232,30.0,4,C,Affine,ihawk2,,,45.78032217859695,,1,37.77696685969181,3.7707890735897536,0.0,0.0,37.96469511738185
20260808_141232,30.0,4,C,Affine,EqualFusion,0.55064160971663,0.44935839028337,45.78032217859695,,1,30.518828133212423,25.47974798278699,0.0,0.0,39.75696703586549
20260808_141232,30.0,4,C,Affine,LOOWeightedFusion,0.55064160971663,0.44935839028337,45.78032217859695,,1,29.78370047590137,27.678501231654838,0.0,0.0,40.65917171400477
20260808_141232,30.0,4,C,Affine,LOOWeightedGated,0.55064160971663,0.44935839028337,45.78032217859695,15.39378796037687,0,,,0.0,0.0,
20260808_141232,30.0,4,C,Homography,ihawk1,,,37.25775210496494,,1,22.712745423127277,39.88281663128915,0.0,0.0,45.896708673943316
20260808_141232,30.0,4,C,Homography,ihawk2,,,37.25775210496494,,1,33.375089946653986,4.1833138171512605,0.0,0.0,33.63624151774411
20260808_141232,30.0,4,C,Homography,EqualFusion,0.3633913181973765,0.6366086818026235,37.25775210496494,,1,28.04391768489063,22.033065224220206,0.0,0.0,35.66394933671344
20260808_141232,30.0,4,C,Homography,LOOWeightedFusion,0.3633913181973765,0.6366086818026235,37.25775210496494,,1,29.50048651517504,17.15620320377178,0.0,0.0,34.12644155198625
20260808_141232,30.0,4,C,Homography,LOOWeightedGated,0.3633913181973765,0.6366086818026235,37.25775210496494,0.17963030245207337,0,,,0.0,0.0,
20260808_141232,30.0,4,C,PnP,ihawk1,,,9.728271427344955,,1,4.953263745404082,11.487139629027325,0.0,0.0,12.509564284510652
20260808_141232,30.0,4,C,PnP,ihawk2,,,9.728271427344955,,1,1.9860590568971102,2.2224236970303552,0.0,0.0,2.980536472953336
20260808_141232,30.0,4,C,PnP,EqualFusion,0.13053026060870945,0.8694697393912906,9.728271427344955,,1,3.469661401150596,6.85478166302884,0.0,0.0,7.6828758864393185
20260808_141232,30.0,4,C,PnP,LOOWeightedFusion,0.13053026060870945,0.8694697393912906,9.728271427344955,,1,2.37336905816731,3.4317494820995824,0.0,0.0,4.172503468441547
20260808_141232,30.0,4,C,PnP,LOOWeightedGated,0.13053026060870945,0.8694697393912906,9.728271427344955,13.870431873632965,1,2.37336905816731,3.4317494820995824,0.0,0.0,4.172503468441547
20260808_141232,35.0,0,TL,Affine,ihawk1,,,26.201391527952843,,1,-39.55957164525029,160.85588905005432,-70.0,113.5,56.29564731079753
20260808_141232,35.0,0,TL,Affine,ihawk2,,,26.201391527952843,,1,-30.66363412225826,136.21090551205816,-70.0,113.5,45.42174489872883
20260808_141232,35.0,0,TL,Affine,EqualFusion,0.55064160971663,0.44935839028337,26.201391527952843,,1,-35.11160288375427,148.53339728105624,-70.0,113.5,49.44228128225054
20260808_141232,35.0,0,TL,Affine,LOOWeightedFusion,0.55064160971663,0.44935839028337,26.201391527952843,,1,-35.56210747985716,149.7814589188602,-70.0,113.5,50.02312167897812
20260808_141232,35.0,0,TL,Affine,LOOWeightedGated,0.55064160971663,0.44935839028337,26.201391527952843,15.39378796037687,0,,,-70.0,113.5,
20260808_141232,35.0,0,TL,Homography,ihawk1,,,46.069599683258524,,1,-48.74719962828636,175.7051421594129,-70.0,113.5,65.73554011881761
20260808_141232,35.0,0,TL,Homography,ihawk2,,,46.069599683258524,,1,-35.728290666012796,131.51333268743352,-70.0,113.5,38.71731156965146
20260808_141232,35.0,0,TL,Homography,EqualFusion,0.3633913181973765,0.6366086818026235,46.069599683258524,,1,-42.23774514714958,153.60923742342322,-70.0,113.5,48.780054542847225
20260808_141232,35.0,0,TL,Homography,LOOWeightedFusion,0.3633913181973765,0.6366086818026235,46.069599683258524,,1,-40.45924915530503,147.57225258498343,-70.0,113.5,45.09516999284133
20260808_141232,35.0,0,TL,Homography,LOOWeightedGated,0.3633913181973765,0.6366086818026235,46.069599683258524,0.17963030245207337,0,,,-70.0,113.5,
20260808_141232,35.0,0,TL,PnP,ihawk1,,,11.086573176278675,,1,-66.08286293821865,129.22966332987667,-70.0,113.5,16.210066971855728
20260808_141232,35.0,0,TL,PnP,ihawk2,,,11.086573176278675,,1,-65.62107746898293,118.15271162945906,-70.0,113.5,6.389263497426955
20260808_141232,35.0,0,TL,PnP,EqualFusion,0.13053026060870945,0.8694697393912906,11.086573176278675,,1,-65.85197020360079,123.69118747966786,-70.0,113.5,11.00302019618044
20260808_141232,35.0,0,TL,PnP,LOOWeightedFusion,0.13053026060870945,0.8694697393912906,11.086573176278675,,1,-65.68135444662758,119.59858902166465,-70.0,113.5,7.472850023306502
20260808_141232,35.0,0,TL,PnP,LOOWeightedGated,0.13053026060870945,0.8694697393912906,11.086573176278675,13.870431873632965,1,-65.68135444662758,119.59858902166465,-70.0,113.5,7.472850023306502
20260808_141232,35.0,1,TR,Affine,ihawk1,,,42.58833281497537,,1,80.96929513752616,141.54458965024617,70.0,113.5,30.11352593876794
20260808_141232,35.0,1,TR,Affine,ihawk2,,,42.58833281497537,,1,104.49365288946785,106.04288991181437,70.0,113.5,35.29051686397373
20260808_141232,35.0,1,TR,Affine,EqualFusion,0.55064160971663,0.44935839028337,42.58833281497537,,1,92.731474013497,123.79373978103027,70.0,113.5,24.953576687638485
20260808_141232,35.0,1,TR,Affine,LOOWeightedFusion,0.55064160971663,0.44935839028337,42.58833281497537,,1,91.54016266938879,125.59160300346093,70.0,113.5,24.701932536079763
20260808_141232,35.0,1,TR,Affine,LOOWeightedGated,0.55064160971663,0.44935839028337,42.58833281497537,15.39378796037687,0,,,70.0,113.5,
20260808_141232,35.0,1,TR,Homography,ihawk1,,,46.871944082470264,,1,106.81777822802114,176.90187359330073,70.0,113.5,73.31675367055358
20260808_141232,35.0,1,TR,Homography,ihawk2,,,46.871944082470264,,1,120.1441135867007,131.96427321257028,70.0,113.5,53.43558283264422
20260808_141232,35.0,1,TR,Homography,EqualFusion,0.3633913181973765,0.6366086818026235,46.871944082470264,,1,113.48094590736092,154.43307340293552,70.0,113.5,59.71690845320907
20260808_141232,35.0,1,TR,Homography,LOOWeightedFusion,0.3633913181973765,0.6366086818026235,46.871944082470264,,1,115.30143901396983,148.29420705155087,70.0,113.5,57.12142523679377
20260808_141232,35.0,1,TR,Homography,LOOWeightedGated,0.3633913181973765,0.6366086818026235,46.871944082470264,0.17963030245207337,0,,,70.0,113.5,
20260808_141232,35.0,1,TR,PnP,ihawk1,,,21.30664323952359,,1,82.62213271887119,137.6616275080043,70.0,113.5,27.259906056484287
20260808_141232,35.0,1,TR,PnP,ihawk2,,,21.30664323952359,,1,74.08385012568777,118.14059330140353,70.0,113.5,6.181661430239555
20260808_141232,35.0,1,TR,PnP,EqualFusion,0.13053026060870945,0.8694697393912906,21.30664323952359,,1,78.35299142227947,127.90111040470391,70.0,113.5,16.64825656305025
20260808_141232,35.0,1,TR,PnP,LOOWeightedFusion,0.13053026060870945,0.8694697393912906,21.30664323952359,,1,75.19835437772682,120.68867898374266,70.0,113.5,8.871301695226862
20260808_141232,35.0,1,TR,PnP,LOOWeightedGated,0.13053026060870945,0.8694697393912906,21.30664323952359,13.870431873632965,0,,,70.0,113.5,
20260808_141232,35.0,2,BL,Affine,ihawk1,,,56.07308408308477,,1,-47.73036188881571,-70.92336095327539,-70.0,-113.5,48.0490059638926
20260808_141232,35.0,2,BL,Affine,ihawk2,,,56.07308408308477,,1,-29.907386979384682,-124.08850295408723,-70.0,-113.5,41.46726436153616
20260808_141232,35.0,2,BL,Affine,EqualFusion,0.55064160971663,0.44935839028337,56.07308408308477,,1,-38.818874434100195,-97.50593195368131,-70.0,-113.5,35.04386970964655
20260808_141232,35.0,2,BL,Affine,LOOWeightedFusion,0.55064160971663,0.44935839028337,56.07308408308477,,1,-39.72145857345289,-94.813563581947,-70.0,-113.5,35.580514005914345
20260808_141232,35.0,2,BL,Affine,LOOWeightedGated,0.55064160971663,0.44935839028337,56.07308408308477,15.39378796037687,0,,,-70.0,-113.5,
20260808_141232,35.0,2,BL,Homography,ihawk1,,,45.7281686947399,,1,-47.28825588228539,-75.95130745047062,-70.0,-113.5,43.88311330167479
20260808_141232,35.0,2,BL,Homography,ihawk2,,,45.7281686947399,,1,-35.12259752928827,-120.03148631821958,-70.0,-113.5,35.4837077632693
20260808_141232,35.0,2,BL,Homography,EqualFusion,0.3633913181973765,0.6366086818026235,45.7281686947399,,1,-41.205426705786834,-97.99139688434511,-70.0,-113.5,32.705415786910805
20260808_141232,35.0,2,BL,Homography,LOOWeightedFusion,0.3633913181973765,0.6366086818026235,45.7281686947399,,1,-39.543492154922816,-104.01313201309216,-70.0,-113.5,31.89983596067956
20260808_141232,35.0,2,BL,Homography,LOOWeightedGated,0.3633913181973765,0.6366086818026235,45.7281686947399,0.17963030245207337,0,,,-70.0,-113.5,
20260808_141232,35.0,2,BL,PnP,ihawk1,,,5.055412542206664,,1,-66.9012387889084,-106.5651458918552,-70.0,-113.5,7.5956910511564875
20260808_141232,35.0,2,BL,PnP,ihawk2,,,5.055412542206664,,1,-67.32111793339018,-111.60309165138156,-70.0,-113.5,3.2824793083676873
20260808_141232,35.0,2,BL,PnP,EqualFusion,0.13053026060870945,0.8694697393912906,5.055412542206664,,1,-67.11117836114929,-109.08411877161838,-70.0,-113.5,5.276864360988001
20260808_141232,35.0,2,BL,PnP,LOOWeightedFusion,0.13053026060870945,0.8694697393912906,5.055412542206664,,1,-67.26631099923682,-110.94548727845805,-70.0,-113.5,3.741469069418223
20260808_141232,35.0,2,BL,PnP,LOOWeightedGated,0.13053026060870945,0.8694697393912906,5.055412542206664,13.870431873632965,1,-67.26631099923682,-110.94548727845805,-70.0,-113.5,3.741469069418223
20260808_141232,35.0,3,BR,Affine,ihawk1,,,30.97759620365385,,1,107.29697529206913,-65.3926171836473,70.0,-113.5,60.871870739910094
20260808_141232,35.0,3,BR,Affine,ihawk2,,,30.97759620365385,,1,104.18230155397453,-96.21323161720221,70.0,-113.5,38.304857402780485
20260808_141232,35.0,3,BR,Affine,EqualFusion,0.55064160971663,0.44935839028337,30.97759620365385,,1,105.73963842302183,-80.80292440042476,70.0,-113.5,48.43986485708519
20260808_141232,35.0,3,BR,Affine,LOOWeightedFusion,0.55064160971663,0.44935839028337,30.97759620365385,,1,105.89737051486105,-79.24211887305394,70.0,-113.5,49.62079835300096
20260808_141232,35.0,3,BR,Affine,LOOWeightedGated,0.55064160971663,0.44935839028337,30.97759620365385,15.39378796037687,0,,,70.0,-113.5,
20260808_141232,35.0,3,BR,Homography,ihawk1,,,46.209957371655015,,1,107.46149432261195,-75.28661309063872,70.0,-113.5,53.51286290199424
20260808_141232,35.0,3,BR,Homography,ihawk2,,,46.209957371655015,,1,119.9217481312481,-119.78495278230073,70.0,-113.5,50.315818267772634
20260808_141232,35.0,3,BR,Homography,EqualFusion,0.3633913181973765,0.6366086818026235,46.209957371655015,,1,113.69162122693002,-97.53578293646973,70.0,-113.5,46.516814077159594
20260808_141232,35.0,3,BR,Homography,LOOWeightedFusion,0.3633913181973765,0.6366086818026235,46.209957371655015,,1,115.39380007465394,-103.61464246415305,70.0,-113.5,46.457694506176026
20260808_141232,35.0,3,BR,Homography,LOOWeightedGated,0.3633913181973765,0.6366086818026235,46.209957371655015,0.17963030245207337,0,,,70.0,-113.5,
20260808_141232,35.0,3,BR,PnP,ihawk1,,,7.888764263591926,,1,76.60691938673324,-104.26956439182804,70.0,-113.5,11.351313813801482
20260808_141232,35.0,3,BR,PnP,ihawk2,,,7.888764263591926,,1,74.01330224831626,-111.71978262660713,70.0,-113.5,4.390417842628445
20260808_141232,35.0,3,BR,PnP,EqualFusion,0.13053026060870945,0.8694697393912906,7.888764263591926,,1,75.31011081752476,-107.99467350921759,70.0,-113.5,7.648914737693447
20260808_141232,35.0,3,BR,PnP,LOOWeightedFusion,0.13053026060870945,0.8694697393912906,7.888764263591926,,1,74.35184776931305,-110.74730369882967,70.0,-113.5,5.149360730590917
20260808_141232,35.0,3,BR,PnP,LOOWeightedGated,0.13053026060870945,0.8694697393912906,7.888764263591926,13.870431873632965,1,74.35184776931305,-110.74730369882967,70.0,-113.5,5.149360730590917
20260808_141232,35.0,4,C,Affine,ihawk1,,,51.54110691731772,,1,27.868415844434598,53.78251581584448,0.0,0.0,60.5739845904155
20260808_141232,35.0,4,C,Affine,ihawk2,,,51.54110691731772,,1,44.324157668887665,4.938946502481201,0.0,0.0,44.59847694272512
20260808_141232,35.0,4,C,Affine,EqualFusion,0.55064160971663,0.44935839028337,51.54110691731772,,1,36.09628675666113,29.36073115916284,0.0,0.0,46.529500876537945
20260808_141232,35.0,4,C,Affine,LOOWeightedFusion,0.55064160971663,0.44935839028337,51.54110691731772,,1,35.26294150158955,31.834248133497347,0.0,0.0,47.5067826480557
20260808_141232,35.0,4,C,Affine,LOOWeightedGated,0.55064160971663,0.44935839028337,51.54110691731772,15.39378796037687,0,,,0.0,0.0,
20260808_141232,35.0,4,C,Homography,ihawk1,,,44.25063404251767,,1,28.275207634233734,47.92417268873989,0.0,0.0,55.6436312138163
20260808_141232,35.0,4,C,Homography,ihawk2,,,44.25063404251767,,1,40.92903770822388,5.521352055869176,0.0,0.0,41.299775498736835
20260808_141232,35.0,4,C,Homography,EqualFusion,0.3633913181973765,0.6366086818026235,44.25063404251767,,1,34.602122671228805,26.72276237230453,0.0,0.0,43.71970862393094
20260808_141232,35.0,4,C,Homography,LOOWeightedFusion,0.3633913181973765,0.6366086818026235,44.25063404251767,,1,36.330745717391,20.93016894093498,0.0,0.0,41.92845163224852
20260808_141232,35.0,4,C,Homography,LOOWeightedGated,0.3633913181973765,0.6366086818026235,44.25063404251767,0.17963030245207337,0,,,0.0,0.0,
20260808_141232,35.0,4,C,PnP,ihawk1,,,9.861291347686906,,1,6.138658196859783,12.611682354005092,0.0,0.0,14.026320125257273
20260808_141232,35.0,4,C,PnP,ihawk2,,,9.861291347686906,,1,3.621757830616719,3.076994126780765,0.0,0.0,4.7523702128387315
20260808_141232,35.0,4,C,PnP,EqualFusion,0.13053026060870945,0.8694697393912906,9.861291347686906,,1,4.880208013738251,7.844338240392928,0.0,0.0,9.238510306702366
20260808_141232,35.0,4,C,PnP,LOOWeightedFusion,0.13053026060870945,0.8694697393912906,9.861291347686906,,1,3.9502894913485824,4.32155946590315,0.0,0.0,5.854969110319555
20260808_141232,35.0,4,C,PnP,LOOWeightedGated,0.13053026060870945,0.8694697393912906,9.861291347686906,13.870431873632965,1,3.9502894913485824,4.32155946590315,0.0,0.0,5.854969110319555
20260808_141232,40.0,0,TL,Affine,ihawk1,,,30.828158081043668,,1,-37.10325155523424,166.59803762125136,-70.0,113.5,62.462770171247
20260808_141232,40.0,0,TL,Affine,ihawk2,,,30.828158081043668,,1,-25.18223140361829,138.1680427353112,-70.0,113.5,51.15803665456639
20260808_141232,40.0,0,TL,Affine,EqualFusion,0.55064160971663,0.44935839028337,30.828158081043668,,1,-31.142741479426263,152.38304017828128,-70.0,113.5,54.97069540437465
20260808_141232,40.0,0,TL,Affine,LOOWeightedFusion,0.55064160971663,0.44935839028337,30.828158081043668,,1,-31.746441129368478,153.82278088354084,-70.0,113.5,55.58112471379937
20260808_141232,40.0,0,TL,Affine,LOOWeightedGated,0.55064160971663,0.44935839028337,30.828158081043668,15.39378796037687,0,,,-70.0,113.5,
20260808_141232,40.0,0,TL,Homography,ihawk1,,,52.29937876874265,,1,-46.178889469933786,184.6020570593486,-70.0,113.5,74.98631758498676
20260808_141232,40.0,0,TL,Homography,ihawk2,,,52.29937876874265,,1,-30.779084389483014,134.62135055093145,-70.0,113.5,44.54651131595635
20260808_141232,40.0,0,TL,Homography,EqualFusion,0.3633913181973765,0.6366086818026235,52.29937876874265,,1,-38.4789869297084,159.61170380514002,-70.0,113.5,55.855738226170274
20260808_141232,40.0,0,TL,Homography,LOOWeightedFusion,0.3633913181973765,0.6366086818026235,52.29937876874265,,1,-36.375239857650676,152.78390537346135,-70.0,113.5,51.70928075328054
20260808_141232,40.0,0,TL,Homography,LOOWeightedGated,0.3633913181973765,0.6366086818026235,52.29937876874265,0.17963030245207337,0,,,-70.0,113.5,
20260808_141232,40.0,0,TL,PnP,ihawk1,,,3.0690079120386358,,1,-70.38753246261237,119.497823182641,-70.0,113.5,6.010329802914663
20260808_141232,40.0,0,TL,PnP,ihawk2,,,3.0690079120386358,,1,-67.67721526547176,118.05803491520734,-70.0,113.5,5.115761058846147
20260808_141232,40.0,0,TL,PnP,EqualFusion,0.13053026060870945,0.8694697393912906,3.0690079120386358,,1,-69.03237386404206,118.77792904892416,-70.0,113.5,5.3658955808389
20260808_141232,40.0,0,TL,PnP,LOOWeightedFusion,0.13053026060870945,0.8694697393912906,3.0690079120386358,,1,-68.0309936755468,118.24597085297682,-70.0,113.5,5.138212261384526
20260808_141232,40.0,0,TL,PnP,LOOWeightedGated,0.13053026060870945,0.8694697393912906,3.0690079120386358,13.870431873632965,1,-68.0309936755468,118.24597085297682,-70.0,113.5,5.138212261384526
20260808_141232,40.0,1,TR,Affine,ihawk1,,,48.026205162219384,,1,83.89490875283138,148.01516031615802,70.0,113.5,37.20705283813271
20260808_141232,40.0,1,TR,Affine,ihawk2,,,48.026205162219384,,1,109.56404382632167,107.42437457773582,70.0,113.5,40.02782517403068
20260808_141232,40.0,1,TR,Affine,EqualFusion,0.55064160971663,0.44935839028337,48.026205162219384,,1,96.72947628957652,127.71976744694692,70.0,113.5,30.2765039091419
20260808_141232,40.0,1,TR,Affine,LOOWeightedFusion,0.55064160971663,0.44935839028337,48.026205162219384,,1,95.42954996942137,129.77535017640344,70.0,113.5,30.191870346367313
20260808_141232,40.0,1,TR,Affine,LOOWeightedGated,0.55064160971663,0.44935839028337,48.026205162219384,15.39378796037687,0,,,70.0,113.5,
20260808_141232,40.0,1,TR,Homography,ihawk1,,,55.22451229794526,,1,112.37582134436211,188.18118737489937,70.0,113.5,85.86611661379665
20260808_141232,40.0,1,TR,Homography,ihawk2,,,55.22451229794526,,1,127.76224983068899,135.14342180185645,70.0,113.5,61.683994786297724
20260808_141232,40.0,1,TR,Homography,EqualFusion,0.3633913181973765,0.6366086818026235,55.22451229794526,,1,120.06903558752555,161.6623045883779,70.0,113.5,69.47313083436349
20260808_141232,40.0,1,TR,Homography,LOOWeightedFusion,0.3633913181973765,0.6366086818026235,55.22451229794526,,1,122.17095530069301,154.41688534768795,70.0,113.5,66.3023384470167
20260808_141232,40.0,1,TR,Homography,LOOWeightedGated,0.3633913181973765,0.6366086818026235,55.22451229794526,0.17963030245207337,0,,,70.0,113.5,
20260808_141232,40.0,1,TR,PnP,ihawk1,,,6.852917030308893,,1,73.309683758027,124.90663725978406,70.0,113.5,11.877094769110915
20260808_141232,40.0,1,TR,PnP,ihawk2,,,6.852917030308893,,1,71.89093323006122,118.2021895745758,70.0,113.5,5.068156990050633
20260808_141232,40.0,1,TR,PnP,EqualFusion,0.13053026060870945,0.8694697393912906,6.852917030308893,,1,72.60030849404411,121.55441341717993,70.0,113.5,8.463756834824949
20260808_141232,40.0,1,TR,PnP,LOOWeightedFusion,0.13053026060870945,0.8694697393912906,6.852917030308893,,1,72.07612310621533,119.0773228781635,70.0,113.5,5.951203041356193
20260808_141232,40.0,1,TR,PnP,LOOWeightedGated,0.13053026060870945,0.8694697393912906,6.852917030308893,13.870431873632965,1,72.07612310621533,119.0773228781635,70.0,113.5,5.951203041356193
20260808_141232,40.0,2,BL,Affine,ihawk1,,,63.09738016018688,,1,-44.33245453661527,-64.02706044260117,-70.0,-113.5,55.73503959418132
20260808_141232,40.0,2,BL,Affine,ihawk2,,,63.09738016018688,,1,-24.400932456521673,-123.89369397623062,-70.0,-113.5,46.768620198870856
20260808_141232,40.0,2,BL,Affine,EqualFusion,0.55064160971663,0.44935839028337,63.09738016018688,,1,-34.36669349656847,-93.9603772094159,-70.0,-113.5,40.63901316673191
20260808_141232,40.0,2,BL,Affine,LOOWeightedFusion,0.55064160971663,0.44935839028337,63.09738016018688,,1,-35.376057858806966,-90.92863451895732,-70.0,-113.5,41.33139132760338
20260808_141232,40.0,2,BL,Affine,LOOWeightedGated,0.55064160971663,0.44935839028337,63.09738016018688,15.39378796037687,0,,,-70.0,-113.5,
20260808_141232,40.0,2,BL,Homography,ihawk1,,,52.6393157241395,,1,-44.55688686835768,-70.32901918266113,-70.0,-113.5,50.110733286997416
20260808_141232,40.0,2,BL,Homography,ihawk2,,,52.6393157241395,,1,-30.12897021662723,-120.9524602055347,-70.0,-113.5,40.56153570935988
20260808_141232,40.0,2,BL,Homography,EqualFusion,0.3633913181973765,0.6366086818026235,52.6393157241395,,1,-37.34292854249246,-95.64073969409792,-70.0,-113.5,37.22146551191561
20260808_141232,40.0,2,BL,Homography,LOOWeightedFusion,0.3633913181973765,0.6366086818026235,52.6393157241395,,1,-35.37194986754144,-102.55634124054554,-70.0,-113.5,36.31618816753003
20260808_141232,40.0,2,BL,Homography,LOOWeightedGated,0.3633913181973765,0.6366086818026235,52.6393157241395,0.17963030245207337,0,,,-70.0,-113.5,
20260808_141232,40.0,2,BL,PnP,ihawk1,,,4.785975647093911,,1,-67.5116004256207,-106.32497891814509,-70.0,-113.5,7.59427810702462
20260808_141232,40.0,2,BL,PnP,ihawk2,,,4.785975647093911,,1,-67.89297373591357,-111.0957353878019,-70.0,-113.5,3.1968809804273475
20260808_141232,40.0,2,BL,PnP,EqualFusion,0.13053026060870945,0.8694697393912906,4.785975647093911,,1,-67.70228708076714,-108.7103571529735,-70.0,-113.5,5.312265360585983
20260808_141232,40.0,2,BL,PnP,LOOWeightedFusion,0.13053026060870945,0.8694697393912906,4.785975647093911,,1,-67.84319297833184,-110.47300730251692,-70.0,-113.5,3.716786423690897
20260808_141232,40.0,2,BL,PnP,LOOWeightedGated,0.13053026060870945,0.8694697393912906,4.785975647093911,13.870431873632965,1,-67.84319297833184,-110.47300730251692,-70.0,-113.5,3.716786423690897
20260808_141232,40.0,3,BR,Affine,ihawk1,,,36.113299495138946,,1,111.52168535565119,-59.9079070852639,70.0,-113.5,67.79500555170274
20260808_141232,40.0,3,BR,Affine,ihawk2,,,36.113299495138946,,1,109.08318590817606,-95.93878441111133,70.0,-113.5,42.84730695962674
20260808_141232,40.0,3,BR,Affine,EqualFusion,0.55064160971663,0.44935839028337,36.113299495138946,,1,110.30243563191362,-77.92334574818761,70.0,-113.5,53.75857741437678
20260808_141232,40.0,3,BR,Affine,LOOWeightedFusion,0.55064160971663,0.44935839028337,36.113299495138946,,1,110.42592516922687,-76.09868412090427,70.0,-113.5,55.07371292436918
20260808_141232,40.0,3,BR,Affine,LOOWeightedGated,0.55064160971663,0.44935839028337,36.113299495138946,15.39378796037687,0,,,70.0,-113.5,
20260808_141232,40.0,3,BR,Homography,ihawk1,,,52.48423035752552,,1,113.14427394078778,-70.16958453473968,70.0,-113.5,61.146980941578875
20260808_141232,40.0,3,BR,Homography,ihawk2,,,52.48423035752552,,1,127.29154701502398,-120.71114269022985,70.0,-113.5,57.74358785418134
20260808_141232,40.0,3,BR,Homography,EqualFusion,0.3633913181973765,0.6366086818026235,52.48423035752552,,1,120.21791047790589,-95.44036361248476,70.0,-113.5,53.366553188455356
20260808_141232,40.0,3,BR,Homography,LOOWeightedFusion,0.3633913181973765,0.6366086818026235,52.48423035752552,,1,122.15055080367904,-102.34477924835691,70.0,-113.5,53.3302812588214
20260808_141232,40.0,3,BR,Homography,LOOWeightedGated,0.3633913181973765,0.6366086818026235,52.48423035752552,0.17963030245207337,0,,,70.0,-113.5,
20260808_141232,40.0,3,BR,PnP,ihawk1,,,6.693723814110031,,1,76.1029063168311,-104.97262371461181,70.0,-113.5,10.486258237551548
20260808_141232,40.0,3,BR,PnP,ihawk2,,,6.693723814110031,,1,74.0628778702312,-111.34790586026207,70.0,-113.5,4.597660902536068
20260808_141232,40.0,3,BR,PnP,EqualFusion,0.13053026060870945,0.8694697393912906,6.693723814110031,,1,75.08289209353114,-108.16026478743694,70.0,-113.5,7.372147867125783
20260808_141232,40.0,3,BR,PnP,LOOWeightedFusion,0.13053026060870945,0.8694697393912906,6.693723814110031,,1,74.32916331501508,-110.5157386203363,70.0,-113.5,5.258086247887599
20260808_141232,40.0,3,BR,PnP,LOOWeightedGated,0.13053026060870945,0.8694697393912906,6.693723814110031,13.870431873632965,1,74.32916331501508,-110.5157386203363,70.0,-113.5,5.258086247887599
20260808_141232,40.0,4,C,Affine,ihawk1,,,57.61578530997024,,1,31.31979942567074,60.42035679294054,0.0,0.0,68.05548729566544
20260808_141232,40.0,4,C,Affine,ihawk2,,,57.61578530997024,,1,49.90509963064767,5.884448134741149,0.0,0.0,50.25082784388063
20260808_141232,40.0,4,C,Affine,EqualFusion,0.55064160971663,0.44935839028337,57.61578530997024,,1,40.6124495281592,33.15240246384084,0.0,0.0,52.42568879663632
20260808_141232,40.0,4,C,Affine,LOOWeightedFusion,0.55064160971663,0.44935839028337,57.61578530997024,,1,39.67126000871236,35.91418866565116,0.0,0.0,53.51296869162508
20260808_141232,40.0,4,C,Affine,LOOWeightedGated,0.55064160971663,0.44935839028337,57.61578530997024,15.39378796037687,0,,,0.0,0.0,
20260808_141232,40.0,4,C,Homography,ihawk1,,,51.66853119814095,,1,32.63756848111769,56.111856926576166,0.0,0.0,64.91341436181123
20260808_141232,40.0,4,C,Homography,ihawk2,,,51.66853119814095,,1,47.51767667204279,6.632371314864029,0.0,0.0,47.97830703106385
20260808_141232,40.0,4,C,Homography,EqualFusion,0.3633913181973765,0.6366086818026235,51.66853119814095,,1,40.07762257658024,31.3721141207201,0.0,0.0,50.896221625915416
20260808_141232,40.0,4,C,Homography,LOOWeightedFusion,0.3633913181973765,0.6366086818026235,51.66853119814095,,1,42.11037454162294,24.612786815032226,0.0,0.0,48.77574108958253
20260808_141232,40.0,4,C,Homography,LOOWeightedGated,0.3633913181973765,0.6366086818026235,51.66853119814095,0.17963030245207337,0,,,0.0,0.0,
20260808_141232,40.0,4,C,PnP,ihawk1,,,8.635490543234578,,1,5.119099842146229,12.137255808770584,0.0,0.0,13.17262926531362
20260808_141232,40.0,4,C,PnP,ihawk2,,,8.635490543234578,,1,3.5758534398969903,3.640780806498253,0.0,0.0,5.103137535339334
20260808_141232,40.0,4,C,PnP,EqualFusion,0.13053026060870945,0.8694697393912906,8.635490543234578,,1,4.3474766410216095,7.8890183076344185,0.0,0.0,9.00761694358833
20260808_141232,40.0,4,C,PnP,LOOWeightedFusion,0.13053026060870945,0.8694697393912906,8.635490543234578,,1,3.7772937949660363,4.749827902800246,0.0,0.0,6.06867477458701
20260808_141232,40.0,4,C,PnP,LOOWeightedGated,0.13053026060870945,0.8694697393912906,8.635490543234578,13.870431873632965,1,3.7772937949660363,4.749827902800246,0.0,0.0,6.06867477458701
20260808_141232,45.0,0,TL,Affine,ihawk1,,,35.8939654089613,,1,-33.72179234002567,175.04129739954908,-70.0,113.5,71.43836249970995
20260808_141232,45.0,0,TL,Affine,ihawk2,,,35.8939654089613,,1,-19.285353340619395,142.1784615238044,-70.0,113.5,58.26173307719359
20260808_141232,45.0,0,TL,Affine,EqualFusion,0.55064160971663,0.44935839028337,35.8939654089613,,1,-26.503572840322533,158.60987946167674,-70.0,113.5,62.664506705982554
20260808_141232,45.0,0,TL,Affine,LOOWeightedFusion,0.55064160971663,0.44935839028337,35.8939654089613,,1,-27.234657349828403,160.27410637027788,-70.0,113.5,63.377374186097796
20260808_141232,45.0,0,TL,Affine,LOOWeightedGated,0.55064160971663,0.44935839028337,35.8939654089613,15.39378796037687,0,,,-70.0,113.5,
20260808_141232,45.0,0,TL,Homography,ihawk1,,,60.57068899954954,,1,-42.57498620291334,197.97080962648263,-70.0,113.5,88.81131155840379
20260808_141232,45.0,0,TL,Homography,ihawk2,,,60.57068899954954,,1,-25.352148282475074,139.90031608762536,-70.0,113.5,51.86913680134482
20260808_141232,45.0,0,TL,Homography,EqualFusion,0.3633913181973765,0.6366086818026235,60.57068899954954,,1,-33.963567242694204,168.93556285705398,-70.0,113.5,66.11902990176281
20260808_141232,45.0,0,TL,Homography,LOOWeightedFusion,0.3633913181973765,0.6366086818026235,60.57068899954954,,1,-31.610778057482896,161.00262928308297,-70.0,113.5,61.075626481910504
20260808_141232,45.0,0,TL,Homography,LOOWeightedGated,0.3633913181973765,0.6366086818026235,60.57068899954954,0.17963030245207337,0,,,-70.0,113.5,
20260808_141232,45.0,0,TL,PnP,ihawk1,,,4.972273458622566,,1,-69.46132201162253,125.18409390520708,-70.0,113.5,11.696504792495046
20260808_141232,45.0,0,TL,PnP,ihawk2,,,4.972273458622566,,1,-66.8260461823727,120.967599549573,-70.0,113.5,8.114125083409403
20260808_141232,45.0,0,TL,PnP,EqualFusion,0.13053026060870945,0.8694697393912906,4.972273458622566,,1,-68.14368409699762,123.07584672739003,-70.0,113.5,9.754114479449473
20260808_141232,45.0,0,TL,PnP,LOOWeightedFusion,0.13053026060870945,0.8694697393912906,4.972273458622566,,1,-67.17002942314052,121.51797965666907,-70.0,113.5,8.502748452156482
20260808_141232,45.0,0,TL,PnP,LOOWeightedGated,0.13053026060870945,0.8694697393912906,4.972273458622566,13.870431873632965,1,-67.17002942314052,121.51797965666907,-70.0,113.5,8.502748452156482
20260808_141232,45.0,1,TR,Affine,ihawk1,,,51.50047199583094,,1,87.0821215711652,154.91087760158518,70.0,113.5,44.7957549451456
20260808_141232,45.0,1,TR,Affine,ihawk2,,,51.50047199583094,,1,114.88340325104417,111.55897622748864,70.0,113.5,44.925354318928825
20260808_141232,45.0,1,TR,Affine,EqualFusion,0.55064160971663,0.44935839028337,51.50047199583094,,1,100.98276241110469,133.2349269145369,70.0,113.5,36.734165390615246
20260808_141232,45.0,1,TR,Affine,LOOWeightedFusion,0.55064160971663,0.44935839028337,51.50047199583094,,1,99.57486075465016,135.43033698439774,70.0,113.5,36.818637521046185
20260808_141232,45.0,1,TR,Affine,LOOWeightedGated,0.55064160971663,0.44935839028337,51.50047199583094,15.39378796037687,0,,,70.0,113.5,
20260808_141232,45.0,1,TR,Homography,ihawk1,,,61.115586702033234,,1,118.57364119651434,200.56510497750713,70.0,113.5,99.69820020357466
20260808_141232,45.0,1,TR,Homography,ihawk2,,,61.115586702033234,,1,135.93204816034043,141.96646467236067,70.0,113.5,71.81486326353486
20260808_141232,45.0,1,TR,Homography,EqualFusion,0.3633913181973765,0.6366086818026235,61.115586702033234,,1,127.25284467842738,171.26578482493392,70.0,113.5,81.33126164158955
20260808_141232,45.0,1,TR,Homography,LOOWeightedFusion,0.3633913181973765,0.6366086818026235,61.115586702033234,,1,129.62415377194915,163.26070181742176,70.0,113.5,77.66058948001489
20260808_141232,45.0,1,TR,Homography,LOOWeightedGated,0.3633913181973765,0.6366086818026235,61.115586702033234,0.17963030245207337,0,,,70.0,113.5,
20260808_141232,45.0,1,TR,PnP,ihawk1,,,42.21266316308456,,1,78.17069363371864,134.86813353182308,70.0,113.5,22.877005159983508
20260808_141232,45.0,1,TR,PnP,ihawk2,,,42.21266316308456,,1,42.360089375209014,112.51842315427125,70.0,113.5,27.657334514564205
20260808_141232,45.0,1,TR,PnP,EqualFusion,0.13053026060870945,0.8694697393912906,42.21266316308456,,1,60.26539150446383,123.69327834304715,70.0,113.5,14.094875875303023
20260808_141232,45.0,1,TR,PnP,LOOWeightedFusion,0.13053026060870945,0.8694697393912906,42.21266316308456,,1,47.034456881627634,115.43573667438227,70.0,113.5,23.04697913381207
20260808_141232,45.0,1,TR,PnP,LOOWeightedGated,0.13053026060870945,0.8694697393912906,42.21266316308456,13.870431873632965,0,,,70.0,113.5,
20260808_141232,45.0,2,BL,Affine,ihawk1,,,71.24082052991547,,1,-40.804560986583,-53.74794435273634,-70.0,-113.5,66.50324663698642
20260808_141232,45.0,2,BL,Affine,ihawk2,,,71.24082052991547,,1,-19.415388799622974,-121.70203049133585,-70.0,-113.5,51.24525533621734
20260808_141232,45.0,2,BL,Affine,EqualFusion,0.55064160971663,0.44935839028337,71.24082052991547,,1,-30.109974893102986,-87.7249874220361,-70.0,-113.5,47.49279288926976
20260808_141232,45.0,2,BL,Affine,LOOWeightedFusion,0.55064160971663,0.44935839028337,71.24082052991547,,1,-31.193157003156813,-84.28368311315488,-70.0,-113.5,48.57534596700459
20260808_141232,45.0,2,BL,Affine,LOOWeightedGated,0.55064160971663,0.44935839028337,71.24082052991547,15.39378796037687,0,,,-70.0,-113.5,
20260808_141232,45.0,2,BL,Homography,ihawk1,,,60.32271549721373,,1,-41.757015942815194,-61.715390065856965,-70.0,-113.5,58.985692964359934
20260808_141232,45.0,2,BL,Homography,ihawk2,,,60.32271549721373,,1,-25.52702833341242,-119.81373347732114,-70.0,-113.5,44.91890959584558
20260808_141232,45.0,2,BL,Homography,EqualFusion,0.3633913181973765,0.6366086818026235,60.32271549721373,,1,-33.64202213811381,-90.76456177158906,-70.0,-113.5,42.881262873699235
20260808_141232,45.0,2,BL,Homography,LOOWeightedFusion,0.3633913181973765,0.6366086818026235,60.32271549721373,,1,-31.424864925120385,-98.70129987994531,-70.0,-113.5,41.316371710116485
20260808_141232,45.0,2,BL,Homography,LOOWeightedGated,0.3633913181973765,0.6366086818026235,60.32271549721373,0.17963030245207337,0,,,-70.0,-113.5,
20260808_141232,45.0,2,BL,PnP,ihawk1,,,5.252245485060838,,1,-68.1370187280571,-103.56529627524107,-70.0,-113.5,10.107870068335316
20260808_141232,45.0,2,BL,PnP,ihawk2,,,5.252245485060838,,1,-68.79947237750858,-108.77559739875306,-70.0,-113.5,4.874550903522675
20260808_141232,45.0,2,BL,PnP,EqualFusion,0.13053026060870945,0.8694697393912906,5.252245485060838,,1,-68.46824555278283,-106.17044683699706,-70.0,-113.5,7.487898320347038
20260808_141232,45.0,2,BL,PnP,LOOWeightedFusion,0.13053026060870945,0.8694697393912906,5.252245485060838,,1,-68.7130021300045,-108.0954954352512,-70.0,-113.5,5.555630756967532
20260808_141232,45.0,2,BL,PnP,LOOWeightedGated,0.13053026060870945,0.8694697393912906,5.252245485060838,13.870431873632965,1,-68.7130021300045,-108.0954954352512,-70.0,-113.5,5.555630756967532
20260808_141232,45.0,3,BR,Affine,ihawk1,,,43.79798823808613,,1,114.18836309124953,-50.37860792370964,70.0,-113.5,77.05142159839022
20260808_141232,45.0,3,BR,Affine,ihawk2,,,43.79798823808613,,1,114.08916852930179,-94.1764838327353,70.0,-113.5,48.137854736908615
20260808_141232,45.0,3,BR,Affine,EqualFusion,0.55064160971663,0.44935839028337,43.79798823808613,,1,114.13876581027566,-72.27754587822247,70.0,-113.5,60.394713105340706
20260808_141232,45.0,3,BR,Affine,LOOWeightedFusion,0.55064160971663,0.44935839028337,43.79798823808613,,1,114.14378918256782,-70.0595509400202,70.0,-113.5,61.93340567034636
20260808_141232,45.0,3,BR,Affine,LOOWeightedGated,0.55064160971663,0.44935839028337,43.79798823808613,15.39378796037687,0,,,70.0,-113.5,
20260808_141232,45.0,3,BR,Homography,ihawk1,,,61.31700923528851,,1,117.75357309018455,-60.94261787960287,70.0,-113.5,71.01184519662222
20260808_141232,45.0,3,BR,Homography,ihawk2,,,61.31700923528851,,1,134.9804051643158,-119.78997872314571,70.0,-113.5,65.28412431561189
20260808_141232,45.0,3,BR,Homography,EqualFusion,0.3633913181973765,0.6366086818026235,61.31700923528851,,1,126.36698912725018,-90.36629830137429,70.0,-113.5,60.92951351810171
20260808_141232,45.0,3,BR,Homography,LOOWeightedFusion,0.3633913181973765,0.6366086818026235,61.31700923528851,,1,128.7203239485324,-98.405358693774,70.0,-113.5,60.62940409392305
20260808_141232,45.0,3,BR,Homography,LOOWeightedGated,0.3633913181973765,0.6366086818026235,61.31700923528851,0.17963030245207337,0,,,70.0,-113.5,
20260808_141232,45.0,3,BR,PnP,ihawk1,,,7.701901710585573,,1,74.87823012194082,-101.74024676568195,70.0,-113.5,12.731414896022542
20260808_141232,45.0,3,BR,PnP,ihawk2,,,7.701901710585573,,1,72.07788349529318,-108.91501845056113,70.0,-113.5,5.033850974026407
20260808_141232,45.0,3,BR,PnP,EqualFusion,0.13053026060870945,0.8694697393912906,7.701901710585573,,1,73.478056808617,-105.32763260812155,70.0,-113.5,8.881692853944301
20260808_141232,45.0,3,BR,PnP,LOOWeightedFusion,0.13053026060870945,0.8694697393912906,7.701901710585573,,1,72.44341347026422,-107.97849363272587,70.0,-113.5,6.037988237030391
20260808_141232,45.0,3,BR,PnP,LOOWeightedGated,0.13053026060870945,0.8694697393912906,7.701901710585573,13.870431873632965,1,72.44341347026422,-107.97849363272587,70.0,-113.5,6.037988237030391
20260808_141232,45.0,4,C,Affine,ihawk1,,,63.748136096497525,,1,34.27650532849077,68.89727879200507,0.0,0.0,76.95267274420901
20260808_141232,45.0,4,C,Affine,ihawk2,,,63.748136096497525,,1,55.014562123346764,8.616619736625637,0.0,0.0,55.68526000037341
20260808_141232,45.0,4,C,Affine,EqualFusion,0.55064160971663,0.44935839028337,63.748136096497525,,1,44.64553372591877,38.75694926431535,0.0,0.0,59.12127195814434
20260808_141232,45.0,4,C,Affine,LOOWeightedFusion,0.55064160971663,0.44935839028337,63.748136096497525,,1,43.59532514743236,41.80965887365911,0.0,0.0,60.40364185909729
20260808_141232,45.0,4,C,Affine,LOOWeightedGated,0.55064160971663,0.44935839028337,63.748136096497525,15.39378796037687,0,,,0.0,0.0,
20260808_141232,45.0,4,C,Homography,ihawk1,,,59.414856955598516,,1,36.6400259567824,66.69288094728361,0.0,0.0,76.09488728661232
20260808_141232,45.0,4,C,Homography,ihawk2,,,59.414856955598516,,1,53.67348174403013,9.772000674767531,0.0,0.0,54.55579382351972
20260808_141232,45.0,4,C,Homography,EqualFusion,0.3633913181973765,0.6366086818026235,59.414856955598516,,1,45.15675385040626,38.23244081102557,0.0,0.0,59.16799767336017
20260808_141232,45.0,4,C,Homography,LOOWeightedFusion,0.3633913181973765,0.6366086818026235,59.414856955598516,,1,47.48367179204545,30.456554389952196,0.0,0.0,56.41188520305636
20260808_141232,45.0,4,C,Homography,LOOWeightedGated,0.3633913181973765,0.6366086818026235,59.414856955598516,0.17963030245207337,0,,,0.0,0.0,
20260808_141232,45.0,4,C,PnP,ihawk1,,,7.931157522611694,,1,3.6105303395568575,13.494592800071121,0.0,0.0,13.969250666109184
20260808_141232,45.0,4,C,PnP,ihawk2,,,7.931157522611694,,1,1.4634045237958517,5.859600306311045,0.0,0.0,6.0395751961530095
20260808_141232,45.0,4,C,PnP,EqualFusion,0.13053026060870945,0.8694697393912906,7.931157522611694,,1,2.536967431676355,9.677096553191083,0.0,0.0,10.00411922405812
20260808_141232,45.0,4,C,PnP,LOOWeightedFusion,0.13053026060870945,0.8694697393912906,7.931157522611694,,1,1.7436694160868238,6.856197866267088,0.0,0.0,7.0744492516380335
20260808_141232,45.0,4,C,PnP,LOOWeightedGated,0.13053026060870945,0.8694697393912906,7.931157522611694,13.870431873632965,1,1.7436694160868238,6.856197866267088,0.0,0.0,7.0744492516380335
20260808_141232,50.0,0,TL,Affine,ihawk1,,,42.69568972844219,,1,-29.919674918651875,178.76514330644113,-70.0,113.5,76.58962977738463
20260808_141232,50.0,0,TL,Affine,ihawk2,,,42.69568972844219,,1,-12.122339414275984,139.95565000477478,-70.0,113.5,63.63744976074553
20260808_141232,50.0,0,TL,Affine,EqualFusion,0.55064160971663,0.44935839028337,42.69568972844219,,1,-21.02100716646393,159.36039665560796,-70.0,113.5,67.09782202424513
20260808_141232,50.0,0,TL,Affine,LOOWeightedFusion,0.55064160971663,0.44935839028337,42.69568972844219,,1,-21.922292885072455,161.3257718686911,-70.0,113.5,67.81423431894547
20260808_141232,50.0,0,TL,Affine,LOOWeightedGated,0.55064160971663,0.44935839028337,42.69568972844219,15.39378796037687,0,,,-70.0,113.5,
20260808_141232,50.0,0,TL,Homography,ihawk1,,,68.11256269585188,,1,-38.17872368952165,204.64414340164237,-70.0,113.5,96.5393624510073
20260808_141232,50.0,0,TL,Homography,ihawk2,,,68.11256269585188,,1,-18.61426482369694,139.40187837134314,-70.0,113.5,57.54477459138234
20260808_141232,50.0,0,TL,Homography,EqualFusion,0.3633913181973765,0.6366086818026235,68.11256269585188,,1,-28.396494256609294,172.02301088649276,-70.0,113.5,71.8038612705535
20260808_141232,50.0,0,TL,Homography,LOOWeightedFusion,0.3633913181973765,0.6366086818026235,68.11256269585188,,1,-25.72381932076733,163.1103510628862,-70.0,113.5,66.49486527637205
20260808_141232,50.0,0,TL,Homography,LOOWeightedGated,0.3633913181973765,0.6366086818026235,68.11256269585188,0.17963030245207337,0,,,-70.0,113.5,
20260808_141232,50.0,0,TL,PnP,ihawk1,,,7.067040539370853,,1,-67.80926362015404,125.04235133121881,-70.0,113.5,11.748412664665352
20260808_141232,50.0,0,TL,PnP,ihawk2,,,7.067040539370853,,1,-66.2810842395816,118.14251584289705,-70.0,113.5,5.948385309026182
20260808_141232,50.0,0,TL,PnP,EqualFusion,0.13053026060870945,0.8694697393912906,7.067040539370853,,1,-67.04517392986781,121.59243358705794,-70.0,113.5,8.615014710705736
20260808_141232,50.0,0,TL,PnP,LOOWeightedFusion,0.13053026060870945,0.8694697393912906,7.067040539370853,,1,-66.48055789238458,119.04315316734491,-70.0,113.5,6.566050546980459
20260808_141232,50.0,0,TL,PnP,LOOWeightedGated,0.13053026060870945,0.8694697393912906,7.067040539370853,13.870431873632965,1,-66.48055789238458,119.04315316734491,-70.0,113.5,6.566050546980459
20260808_141232,50.0,1,TR,Affine,ihawk1,,,57.82409149929052,,1,91.07596923286306,158.76903637140606,70.0,113.5,49.93477879294425
20260808_141232,50.0,1,TR,Affine,ihawk2,,,57.82409149929052,,1,120.88392988403507,109.21995929083369,70.0,113.5,51.063617859641695
20260808_141232,50.0,1,TR,Affine,EqualFusion,0.55064160971663,0.44935839028337,57.82409149929052,,1,105.97994955844906,133.99449783111987,70.0,113.5,41.40750187560602
20260808_141232,50.0,1,TR,Affine,LOOWeightedFusion,0.55064160971663,0.44935839028337,57.82409149929052,,1,104.47042644870375,136.50374285445344,70.0,113.5,41.441313744490685
20260808_141232,50.0,1,TR,Affine,LOOWeightedGated,0.55064160971663,0.44935839028337,57.82409149929052,15.39378796037687,0,,,70.0,113.5,
20260808_141232,50.0,1,TR,Homography,ihawk1,,,70.37186115244444,,1,125.54316811004884,208.35474567910103,70.0,113.5,109.92027247759206
20260808_141232,50.0,1,TR,Homography,ihawk2,,,70.37186115244444,,1,145.38872200980796,140.83917093911475,70.0,113.5,80.19282807028469
20260808_141232,50.0,1,TR,Homography,EqualFusion,0.3633913181973765,0.6366086818026235,70.37186115244444,,1,135.4659450599284,174.5969583091079,70.0,113.5,89.54679378522958
20260808_141232,50.0,1,TR,Homography,LOOWeightedFusion,0.3633913181973765,0.6366086818026235,70.37186115244444,,1,138.17702001781743,165.37374464273188,70.0,113.5,85.66791372368789
20260808_141232,50.0,1,TR,Homography,LOOWeightedGated,0.3633913181973765,0.6366086818026235,70.37186115244444,0.17963030245207337,0,,,70.0,113.5,
20260808_141232,50.0,1,TR,PnP,ihawk1,,,22.383106982505307,,1,82.0307765706643,138.00861535477281,70.0,113.5,27.302230888728687
20260808_141232,50.0,1,TR,PnP,ihawk2,,,22.383106982505307,,1,71.47211211579017,118.27240287315276,70.0,113.5,4.994291067322057
20260808_141232,50.0,1,TR,PnP,EqualFusion,0.13053026060870945,0.8694697393912906,22.383106982505307,,1,76.75144434322723,128.1405091139628,70.0,113.5,16.122236440262334
20260808_141232,50.0,1,TR,PnP,LOOWeightedFusion,0.13053026060870945,0.8694697393912906,22.383106982505307,,1,72.8503373387648,120.8485758318075,70.0,113.5,7.882004167759747
20260808_141232,50.0,1,TR,PnP,LOOWeightedGated,0.13053026060870945,0.8694697393912906,22.383106982505307,13.870431873632965,0,,,70.0,113.5,
20260808_141232,50.0,2,BL,Affine,ihawk1,,,78.07996617638742,,1,-33.93646288178695,-50.14790121153135,-70.0,-113.5,72.8976483185886
20260808_141232,50.0,2,BL,Affine,ihawk2,,,78.07996617638742,,1,-10.401539558536456,-124.5964640067561,-70.0,-113.5,60.62266903103102
20260808_141232,50.0,2,BL,Affine,EqualFusion,0.55064160971663,0.44935839028337,78.07996617638742,,1,-22.169001220161704,-87.37218260914372,-70.0,-113.5,54.50199341204709
20260808_141232,50.0,2,BL,Affine,LOOWeightedFusion,0.55064160971663,0.44935839028337,78.07996617638742,,1,-23.360847621808567,-83.60198754810392,-70.0,-113.5,55.399473671957324
20260808_141232,50.0,2,BL,Affine,LOOWeightedGated,0.55064160971663,0.44935839028337,78.07996617638742,15.39378796037687,0,,,-70.0,-113.5,
20260808_141232,50.0,2,BL,Homography,ihawk1,,,68.45791321087624,,1,-35.6751555593961,-58.70859885269796,-70.0,-113.5,64.65518220186397
20260808_141232,50.0,2,BL,Homography,ihawk2,,,68.45791321087624,,1,-17.00785367767936,-124.572228585994,-70.0,-113.5,54.13651094877415
20260808_141232,50.0,2,BL,Homography,EqualFusion,0.3633913181973765,0.6366086818026235,68.45791321087624,,1,-26.341504618537734,-91.64041371934599,-70.0,-113.5,48.825257104643285
20260808_141232,50.0,2,BL,Homography,LOOWeightedFusion,0.3633913181973765,0.6366086818026235,68.45791321087624,,1,-23.791389115664778,-100.63795735594763,-70.0,-113.5,47.96527765829491
20260808_141232,50.0,2,BL,Homography,LOOWeightedGated,0.3633913181973765,0.6366086818026235,68.45791321087624,0.17963030245207337,0,,,-70.0,-113.5,
20260808_141232,50.0,2,BL,PnP,ihawk1,,,4.8799178682812645,,1,-66.36698702452651,-106.6099710634873,-70.0,-113.5,7.789177236778039
20260808_141232,50.0,2,BL,PnP,ihawk2,,,4.8799178682812645,,1,-67.4299289225561,-111.37271742694021,-70.0,-113.5,3.336254859682862
20260808_141232,50.0,2,BL,PnP,EqualFusion,0.13053026060870945,0.8694697393912906,4.8799178682812645,,1,-66.8984579735413,-108.99134424521375,-70.0,-113.5,5.472434527434449
20260808_141232,50.0,2,BL,PnP,LOOWeightedFusion,0.13053026060870945,0.8694697393912906,4.8799178682812645,,1,-67.29118283959438,-110.75103490290552,-70.0,-113.5,3.859339258675198
20260808_141232,50.0,2,BL,PnP,LOOWeightedGated,0.13053026060870945,0.8694697393912906,4.8799178682812645,13.870431873632965,1,-67.29118283959438,-110.75103490290552,-70.0,-113.5,3.859339258675198
20260808_141232,50.0,3,BR,Affine,ihawk1,,,49.30931052402594,,1,121.54694050951593,-46.49853836760656,70.0,-113.5,84.5356903134331
20260808_141232,50.0,3,BR,Affine,ihawk2,,,49.30931052402594,,1,121.19414494974961,-95.8065867942866,70.0,-113.5,54.16546268614427
20260808_141232,50.0,3,BR,Affine,EqualFusion,0.55064160971663,0.44935839028337,49.30931052402594,,1,121.37054272963277,-71.15256258094658,70.0,-113.5,66.57505626206915
20260808_141232,50.0,3,BR,Affine,LOOWeightedFusion,0.55064160971663,0.44935839028337,49.30931052402594,,1,121.38840886468022,-68.65552363663396,70.0,-113.5,68.2040733823724
20260808_141232,50.0,3,BR,Affine,LOOWeightedGated,0.55064160971663,0.44935839028337,49.30931052402594,15.39378796037687,0,,,70.0,-113.5,
20260808_141232,50.0,3,BR,Homography,ihawk1,,,69.26345958138057,,1,127.19225173000352,-57.18644632391275,70.0,-113.5,80.26312967719144
20260808_141232,50.0,3,BR,Homography,ihawk2,,,69.26345958138057,,1,146.19248913709708,-123.79288604002146,70.0,-113.5,76.88458170491354
20260808_141232,50.0,3,BR,Homography,EqualFusion,0.3633913181973765,0.6366086818026235,69.26345958138057,,1,136.6923704335503,-90.4896661819671,70.0,-113.5,70.55032059787683
20260808_141232,50.0,3,BR,Homography,LOOWeightedFusion,0.3633913181973765,0.6366086818026235,69.26345958138057,,1,139.28796781967026,-99.58868411115063,70.0,-113.5,70.6706954425879
20260808_141232,50.0,3,BR,Homography,LOOWeightedGated,0.3633913181973765,0.6366086818026235,69.26345958138057,0.17963030245207337,0,,,70.0,-113.5,
20260808_141232,50.0,3,BR,PnP,ihawk1,,,8.708405882295393,,1,77.74099804398762,-103.60016513646477,70.0,-113.5,12.567011619406093
20260808_141232,50.0,3,BR,PnP,ihawk2,,,8.708405882295393,,1,72.84504063776993,-110.80196588956112,70.0,-113.5,3.9209239079143123
20260808_141232,50.0,3,BR,PnP,EqualFusion,0.13053026060870945,0.8694697393912906,8.708405882295393,,1,75.29301934087877,-107.20106551301294,70.0,-113.5,8.227553063595018
20260808_141232,50.0,3,BR,PnP,LOOWeightedFusion,0.13053026060870945,0.8694697393912906,8.708405882295393,,1,73.48411123393267,-109.86191296040745,70.0,-113.5,5.03733147589744
20260808_141232,50.0,3,BR,PnP,LOOWeightedGated,0.13053026060870945,0.8694697393912906,8.708405882295393,13.870431873632965,1,73.48411123393267,-109.86191296040745,70.0,-113.5,5.03733147589744
20260808_141232,50.0,4,C,Affine,ihawk1,,,69.94274671350956,,1,39.89967822631661,72.8113794202967,0.0,0.0,83.026991368169
20260808_141232,50.0,4,C,Affine,ihawk2,,,69.94274671350956,,1,62.46382709129318,6.608305444616917,0.0,0.0,62.81241434414319
20260808_141232,50.0,4,C,Affine,EqualFusion,0.55064160971663,0.44935839028337,69.94274671350956,,1,51.181752658804896,39.70984243245681,0.0,0.0,64.77996134019864
20260808_141232,50.0,4,C,Affine,LOOWeightedFusion,0.55064160971663,0.44935839028337,69.94274671350956,,1,50.03906783839681,43.062472666774376,0.0,0.0,66.01730729371177
20260808_141232,50.0,4,C,Affine,LOOWeightedGated,0.55064160971663,0.44935839028337,69.94274671350956,15.39378796037687,0,,,0.0,0.0,
20260808_141232,50.0,4,C,Homography,ihawk1,,,67.3819762769241,,1,43.64300657753628,72.1977566298991,0.0,0.0,84.36366567140747
20260808_141232,50.0,4,C,Homography,ihawk2,,,67.3819762769241,,1,62.87236656332645,7.617864701212397,0.0,0.0,63.332190392242616
20260808_141232,50.0,4,C,Homography,EqualFusion,0.3633913181973765,0.6366086818026235,67.3819762769241,,1,53.25768657043137,39.90781066555575,0.0,0.0,66.55084169980235
20260808_141232,50.0,4,C,Homography,LOOWeightedFusion,0.3633913181973765,0.6366086818026235,67.3819762769241,,1,55.88458408999828,31.085636758221977,0.0,0.0,63.94844448128672
20260808_141232,50.0,4,C,Homography,LOOWeightedGated,0.3633913181973765,0.6366086818026235,67.3819762769241,0.17963030245207337,0,,,0.0,0.0,
20260808_141232,50.0,4,C,PnP,ihawk1,,,8.76882497636453,,1,6.008981069080496,12.272403717535907,0.0,0.0,13.664543406010935
20260808_141232,50.0,4,C,PnP,ihawk2,,,8.76882497636453,,1,4.74016410448159,3.595860916600709,0.0,0.0,5.949737092422844
20260808_141232,50.0,4,C,PnP,EqualFusion,0.13053026060870945,0.8694697393912906,8.76882497636453,,1,5.374572586781043,7.934132317068308,0.0,0.0,9.58313550542441
20260808_141232,50.0,4,C,PnP,LOOWeightedFusion,0.13053026060870945,0.8694697393912906,8.76882497636453,,1,4.905783113535437,4.728412309589403,0.0,0.0,6.813559343436148
20260808_141232,50.0,4,C,PnP,LOOWeightedGated,0.13053026060870945,0.8694697393912906,8.76882497636453,13.870431873632965,1,4.905783113535437,4.728412309589403,0.0,0.0,6.813559343436148
20260808_145501,0.0,0,TL,Affine,ihawk1,,,13.047723609588635,,1,-61.460234333651,117.17341885617168,-70.0,113.5,9.29632205385715
20260808_145501,0.0,0,TL,Affine,ihawk2,,,13.047723609588635,,1,-71.58227072042905,125.40673354570941,-70.0,113.5,12.011406427277738
20260808_145501,0.0,0,TL,Affine,EqualFusion,0.5485279525428421,0.45147204745715785,13.047723609588635,,1,-66.52125252704002,121.29007620094055,-70.0,113.5,8.531528069290152
20260808_145501,0.0,0,TL,Affine,LOOWeightedFusion,0.5485279525428421,0.45147204745715785,13.047723609588635,,1,-66.03005082562555,120.89053029641637,-70.0,113.5,8.38930476913103
20260808_145501,0.0,0,TL,Affine,LOOWeightedGated,0.5485279525428421,0.45147204745715785,13.047723609588635,15.39378796037687,1,-66.03005082562555,120.89053029641637,-70.0,113.5,8.38930476913103
20260808_145501,0.0,0,TL,Homography,ihawk1,,,0.04690497087392616,,1,-70.01555134436728,113.49034177673248,-70.0,113.5,0.018306435707561478
20260808_145501,0.0,0,TL,Homography,ihawk2,,,0.04690497087392616,,1,-69.97476951241279,113.51351327808909,-70.0,113.5,0.02862142883577679
20260808_145501,0.0,0,TL,Homography,EqualFusion,0.2246105752586698,0.7753894247413302,0.04690497087392616,,1,-69.99516042839004,113.50192752741079,-70.0,113.5,0.005209300844383361
20260808_145501,0.0,0,TL,Homography,LOOWeightedFusion,0.2246105752586698,0.7753894247413302,0.04690497087392616,,1,-69.9839295431482,113.50830871383977,-70.0,113.5,0.018091277154942197
20260808_145501,0.0,0,TL,Homography,LOOWeightedGated,0.2246105752586698,0.7753894247413302,0.04690497087392616,0.4995099461069983,1,-69.9839295431482,113.50830871383977,-70.0,113.5,0.018091277154942197
20260808_145501,0.0,0,TL,PnP,ihawk1,,,4.529164185672962,,1,-68.04508820152355,118.69513468175177,-70.0,113.5,5.550775126174942
20260808_145501,0.0,0,TL,PnP,ihawk2,,,4.529164185672962,,1,-64.7021507988437,115.63930455843884,-70.0,113.5,5.713477938344524
20260808_145501,0.0,0,TL,PnP,EqualFusion,0.14582371906797045,0.8541762809320296,4.529164185672962,,1,-66.37361950018362,117.1672196200953,-70.0,113.5,5.15743495077353
20260808_145501,0.0,0,TL,PnP,LOOWeightedFusion,0.14582371906797045,0.8541762809320296,4.529164185672962,,1,-65.1896303635139,116.08491707186027,-70.0,113.5,5.460902151478464
20260808_145501,0.0,0,TL,PnP,LOOWeightedGated,0.14582371906797045,0.8541762809320296,4.529164185672962,13.162658413974393,1,-65.1896303635139,116.08491707186027,-70.0,113.5,5.460902151478464
20260808_145501,0.0,1,TR,Affine,ihawk1,,,10.481949724448425,,1,58.663154438457624,102.6692245264345,70.0,113.5,15.678959297257293
20260808_145501,0.0,1,TR,Affine,ihawk2,,,10.481949724448425,,1,68.25817984949123,98.44941915325865,70.0,113.5,15.151036969825402
20260808_145501,0.0,1,TR,Affine,EqualFusion,0.5485279525428421,0.45147204745715785,10.481949724448425,,1,63.460667143974426,100.55932183984658,70.0,113.5,14.49910429807881
20260808_145501,0.0,1,TR,Affine,LOOWeightedFusion,0.5485279525428421,0.45147204745715785,10.481949724448425,,1,62.99504020618042,100.76410035473609,70.0,113.5,14.53521934775194
20260808_145501,0.0,1,TR,Affine,LOOWeightedGated,0.5485279525428421,0.45147204745715785,10.481949724448425,15.39378796037687,1,62.99504020618042,100.76410035473609,70.0,113.5,14.53521934775194
20260808_145501,0.0,1,TR,Homography,ihawk1,,,0.0335636474254792,,1,69.95327835774191,113.5288084040638,70.0,113.5,0.054889306790995455
20260808_145501,0.0,1,TR,Homography,ihawk2,,,0.0335636474254792,,1,69.98392428915243,113.51512098953498,70.0,113.5,0.02206972595597206
20260808_145501,0.0,1,TR,Homography,EqualFusion,0.2246105752586698,0.7753894247413302,0.0335636474254792,,1,69.96860132344716,113.52196469679939,70.0,113.5,0.03831872642401937
20260808_145501,0.0,1,TR,Homography,LOOWeightedFusion,0.2246105752586698,0.7753894247413302,0.0335636474254792,,1,69.97704088886897,113.5181953275861,70.0,113.5,0.02929489255642422
20260808_145501,0.0,1,TR,Homography,LOOWeightedGated,0.2246105752586698,0.7753894247413302,0.0335636474254792,0.4995099461069983,1,69.97704088886897,113.5181953275861,70.0,113.5,0.02929489255642422
20260808_145501,0.0,1,TR,PnP,ihawk1,,,13.848591750987891,,1,78.47013446134602,126.94435466454232,70.0,113.5,15.890055070366564
20260808_145501,0.0,1,TR,PnP,ihawk2,,,13.848591750987891,,1,72.09866439260615,114.64850729038051,70.0,113.5,2.392375645430736
20260808_145501,0.0,1,TR,PnP,EqualFusion,0.14582371906797045,0.8541762809320296,13.848591750987891,,1,75.28439942697608,120.79643097746141,70.0,113.5,9.009038922808783
20260808_145501,0.0,1,TR,PnP,LOOWeightedFusion,0.14582371906797045,0.8541762809320296,13.848591750987891,,1,73.02777585396007,116.44153348357293,70.0,113.5,4.221379615339549
20260808_145501,0.0,1,TR,PnP,LOOWeightedGated,0.14582371906797045,0.8541762809320296,13.848591750987891,13.162658413974393,0,,,70.0,113.5,
20260808_145501,0.0,2,BL,Affine,ihawk1,,,7.7894294309945815,,1,-77.79987719023417,-120.94570914305814,-70.0,-113.5,10.783165992682987
20260808_145501,0.0,2,BL,Affine,ihawk2,,,7.7894294309945815,,1,-71.37511837136981,-125.3499894452039,-70.0,-113.5,11.92950964569469
20260808_145501,0.0,2,BL,Affine,EqualFusion,0.5485279525428421,0.45147204745715785,7.7894294309945815,,1,-74.58749778080198,-123.14784929413102,-70.0,-113.5,10.682983286101665
20260808_145501,0.0,2,BL,Affine,LOOWeightedFusion,0.5485279525428421,0.45147204745715785,7.7894294309945815,,1,-74.89927817186305,-122.93411858864312,-70.0,-113.5,10.630405455572957
20260808_145501,0.0,2,BL,Affine,LOOWeightedGated,0.5485279525428421,0.45147204745715785,7.7894294309945815,15.39378796037687,1,-74.89927817186305,-122.93411858864312,-70.0,-113.5,10.630405455572957
20260808_145501,0.0,2,BL,Homography,ihawk1,,,0.033450035184327515,,1,-70.04662785158393,-113.47122590257213,-70.0,-113.5,0.05479147037744146
20260808_145501,0.0,2,BL,Homography,ihawk2,,,0.033450035184327515,,1,-70.01609001378348,-113.48487673830867,-70.0,-113.5,0.022081702555217346
20260808_145501,0.0,2,BL,Homography,EqualFusion,0.2246105752586698,0.7753894247413302,0.033450035184327515,,1,-70.0313589326837,-113.4780513204404,-70.0,-113.5,0.038276979941878064
20260808_145501,0.0,2,BL,Homography,LOOWeightedFusion,0.2246105752586698,0.7753894247413302,0.033450035184327515,,1,-70.022949135099,-113.48181061624112,-70.0,-113.5,0.02928338237498961
20260808_145501,0.0,2,BL,Homography,LOOWeightedGated,0.2246105752586698,0.7753894247413302,0.033450035184327515,0.4995099461069983,1,-70.022949135099,-113.48181061624112,-70.0,-113.5,0.02928338237498961
20260808_145501,0.0,2,BL,PnP,ihawk1,,,3.284233014696843,,1,-68.34324486524723,-110.55759092348674,-70.0,-113.5,3.3767749036732186
20260808_145501,0.0,2,BL,PnP,ihawk2,,,3.284233014696843,,1,-68.76021073625067,-113.81524743657143,-70.0,-113.5,1.2792413238998186
20260808_145501,0.0,2,BL,PnP,EqualFusion,0.14582371906797045,0.8541762809320296,3.284233014696843,,1,-68.55172780074895,-112.18641918002908,-70.0,-113.5,1.9552460033762906
20260808_145501,0.0,2,BL,PnP,LOOWeightedFusion,0.14582371906797045,0.8541762809320296,3.284233014696843,,1,-68.69940722221654,-113.34020384838742,-70.0,-113.5,1.3103726125391582
20260808_145501,0.0,2,BL,PnP,LOOWeightedGated,0.14582371906797045,0.8541762809320296,3.284233014696843,13.162658413974393,1,-68.69940722221654,-113.34020384838742,-70.0,-113.5,1.3103726125391582
20260808_145501,0.0,3,BR,Affine,ihawk1,,,15.310703349223672,,1,77.4012893846015,-110.33049841567981,70.0,-113.5,8.051386517092753
20260808_145501,0.0,3,BR,Affine,ihawk2,,,15.310703349223672,,1,67.97340167638754,-98.26681032251207,70.0,-113.5,15.367406043818638
20260808_145501,0.0,3,BR,Affine,EqualFusion,0.5485279525428421,0.45147204745715785,15.310703349223672,,1,72.68734553049453,-104.29865436909594,70.0,-113.5,9.585749184055782
20260808_145501,0.0,3,BR,Affine,LOOWeightedFusion,0.5485279525428421,0.45147204745715785,15.310703349223672,,1,73.14486161777796,-104.88408045237284,70.0,-113.5,9.171925874436447
20260808_145501,0.0,3,BR,Affine,LOOWeightedGated,0.5485279525428421,0.45147204745715785,15.310703349223672,15.39378796037687,1,73.14486161777796,-104.88408045237284,70.0,-113.5,9.171925874436447
20260808_145501,0.0,3,BR,Homography,ihawk1,,,0.047057691858723306,,1,69.98425492261717,-113.50962386397156,70.0,-113.5,0.018453352528317226
20260808_145501,0.0,3,BR,Homography,ihawk2,,,0.047057691858723306,,1,70.02522460000286,-113.48647409295793,70.0,-113.5,0.028622204782559637
20260808_145501,0.0,3,BR,Homography,EqualFusion,0.2246105752586698,0.7753894247413302,0.047057691858723306,,1,70.00473976131002,-113.49804897846474,70.0,-113.5,0.0051256045796590965
20260808_145501,0.0,3,BR,Homography,LOOWeightedFusion,0.2246105752586698,0.7753894247413302,0.047057691858723306,,1,70.01602237719709,-113.49167377634242,70.0,-113.5,0.018056648953828167
20260808_145501,0.0,3,BR,Homography,LOOWeightedGated,0.2246105752586698,0.7753894247413302,0.047057691858723306,0.4995099461069983,1,70.01602237719709,-113.49167377634242,70.0,-113.5,0.018056648953828167
20260808_145501,0.0,3,BR,PnP,ihawk1,,,3.806014981164293,,1,73.12277329508612,-111.00887018534402,70.0,-113.5,3.9946765583675163
20260808_145501,0.0,3,BR,PnP,ihawk2,,,3.806014981164293,,1,73.88045830349735,-114.73870442628234,70.0,-113.5,4.073370263169429
20260808_145501,0.0,3,BR,PnP,EqualFusion,0.14582371906797045,0.8541762809320296,3.806014981164293,,1,73.50161579929173,-112.87378730581318,70.0,-113.5,3.5571695973358026
20260808_145501,0.0,3,BR,PnP,LOOWeightedFusion,0.14582371906797045,0.8541762809320296,3.806014981164293,,1,73.76996985768878,-114.19480612576166,70.0,-113.5,3.8334616575985043
20260808_145501,0.0,3,BR,PnP,LOOWeightedGated,0.14582371906797045,0.8541762809320296,3.806014981164293,13.162658413974393,1,73.76996985768878,-114.19480612576166,70.0,-113.5,3.8334616575985043
20260808_145501,0.0,4,C,Affine,ihawk1,,,12.195035107113167,,1,3.1956677008260392,11.433564176132904,0.0,0.0,11.871759845273678
20260808_145501,0.0,4,C,Affine,ihawk2,,,12.195035107113167,,1,6.725807565841706,-0.23935293130642776,0.0,0.0,6.730065173418346
20260808_145501,0.0,4,C,Affine,EqualFusion,0.5485279525428421,0.45147204745715785,12.195035107113167,,1,4.960737633333872,5.597105622413238,0.0,0.0,7.479071413967434
20260808_145501,0.0,4,C,Affine,LOOWeightedFusion,0.5485279525428421,0.45147204745715785,12.195035107113167,,1,4.789427173494797,6.163568389839584,0.0,0.0,7.8056510264320735
20260808_145501,0.0,4,C,Affine,LOOWeightedGated,0.5485279525428421,0.45147204745715785,12.195035107113167,15.39378796037687,1,4.789427173494797,6.163568389839584,0.0,0.0,7.8056510264320735
20260808_145501,0.0,4,C,Homography,ihawk1,,,0.14423085144212877,,1,0.12467954291565182,-0.03828944431629426,0.0,0.0,0.13042649258377864
20260808_145501,0.0,4,C,Homography,ihawk2,,,0.14423085144212877,,1,-0.01829230413823266,-0.05730495003457796,0.0,0.0,0.0601536839200317
20260808_145501,0.0,4,C,Homography,EqualFusion,0.2246105752586698,0.7753894247413302,0.14423085144212877,,1,0.05319361938870958,-0.04779719717543611,0.0,0.0,0.07151316802868139
20260808_145501,0.0,4,C,Homography,LOOWeightedFusion,0.2246105752586698,0.7753894247413302,0.14423085144212877,,1,0.013820684674334886,-0.05303386635635973,0.0,0.0,0.05480513028514411
20260808_145501,0.0,4,C,Homography,LOOWeightedGated,0.2246105752586698,0.7753894247413302,0.14423085144212877,0.4995099461069983,1,0.013820684674334886,-0.05303386635635973,0.0,0.0,0.05480513028514411
20260808_145501,0.0,4,C,PnP,ihawk1,,,6.493550388159773,,1,4.169167876309096,6.413749935436323,0.0,0.0,7.64971561661982
20260808_145501,0.0,4,C,PnP,ihawk2,,,6.493550388159773,,1,2.105919129846248,0.25670508796368013,0.0,0.0,2.1215072197941773
20260808_145501,0.0,4,C,PnP,EqualFusion,0.14582371906797045,0.8541762809320296,6.493550388159773,,1,3.137543503077672,3.3352275117000016,0.0,0.0,4.579074337516863
20260808_145501,0.0,4,C,PnP,LOOWeightedFusion,0.14582371906797045,0.8541762809320296,6.493550388159773,,1,2.4067897354177887,1.1545482660904258,0.0,0.0,2.6693854216363806
20260808_145501,0.0,4,C,PnP,LOOWeightedGated,0.14582371906797045,0.8541762809320296,6.493550388159773,13.162658413974393,1,2.4067897354177887,1.1545482660904258,0.0,0.0,2.6693854216363806
20260808_145501,5.0,0,TL,Affine,ihawk1,,,8.214191258863972,,1,-57.563815394442614,123.50286268161722,-70.0,113.5,15.959822974293697
20260808_145501,5.0,0,TL,Affine,ihawk2,,,8.214191258863972,,1,-65.20228976519809,126.52389682980373,-70.0,113.5,13.879478092871313
20260808_145501,5.0,0,TL,Affine,EqualFusion,0.5485279525428421,0.45147204745715785,8.214191258863972,,1,-61.38305257982035,125.01337975571047,-70.0,113.5,14.38087953643116
20260808_145501,5.0,0,TL,Affine,LOOWeightedFusion,0.5485279525428421,0.45147204745715785,8.214191258863972,,1,-61.01237305805661,124.86677515393697,-70.0,113.5,14.49072170209978
20260808_145501,5.0,0,TL,Affine,LOOWeightedGated,0.5485279525428421,0.45147204745715785,8.214191258863972,15.39378796037687,1,-61.01237305805661,124.86677515393697,-70.0,113.5,14.49072170209978
20260808_145501,5.0,0,TL,Homography,ihawk1,,,6.542315809167211,,1,-66.35573312006511,122.03161290998902,-70.0,113.5,9.277343366399764
20260808_145501,5.0,0,TL,Homography,ihawk2,,,6.542315809167211,,1,-64.91626773301067,115.64961983992451,-70.0,113.5,5.51952889462729
20260808_145501,5.0,0,TL,Homography,EqualFusion,0.2246105752586698,0.7753894247413302,6.542315809167211,,1,-65.63600042653789,118.84061637495677,-70.0,113.5,6.896859831954963
20260808_145501,5.0,0,TL,Homography,LOOWeightedFusion,0.2246105752586698,0.7753894247413302,6.542315809167211,,1,-65.23958688166191,117.08308297468855,-70.0,113.5,5.958189042045273
20260808_145501,5.0,0,TL,Homography,LOOWeightedGated,0.2246105752586698,0.7753894247413302,6.542315809167211,0.4995099461069983,0,,,-70.0,113.5,
20260808_145501,5.0,0,TL,PnP,ihawk1,,,4.397636415535972,,1,-67.49272672493973,119.08421173788739,-70.0,113.5,6.121261308700252
20260808_145501,5.0,0,TL,PnP,ihawk2,,,4.397636415535972,,1,-64.96012243144781,115.48905923266116,-70.0,113.5,5.418184431802788
20260808_145501,5.0,0,TL,PnP,EqualFusion,0.14582371906797045,0.8541762809320296,4.397636415535972,,1,-66.22642457819377,117.28663548527427,-70.0,113.5,5.34588437607833
20260808_145501,5.0,0,TL,PnP,LOOWeightedFusion,0.14582371906797045,0.8541762809320296,4.397636415535972,,1,-65.32943620845232,116.01331774158979,-70.0,113.5,5.303860122694246
20260808_145501,5.0,0,TL,PnP,LOOWeightedGated,0.14582371906797045,0.8541762809320296,4.397636415535972,13.162658413974393,1,-65.32943620845232,116.01331774158979,-70.0,113.5,5.303860122694246
20260808_145501,5.0,1,TR,Affine,ihawk1,,,14.30559800890722,,1,62.51966256107242,107.70397302569381,70.0,113.5,9.463053253950678
20260808_145501,5.0,1,TR,Affine,ihawk2,,,14.30559800890722,,1,73.72335088872052,98.80860893818328,70.0,113.5,15.155867285370507
20260808_145501,5.0,1,TR,Affine,EqualFusion,0.5485279525428421,0.45147204745715785,14.30559800890722,,1,68.12150672489648,103.25629098193855,70.0,113.5,10.414524061680527
20260808_145501,5.0,1,TR,Affine,LOOWeightedFusion,0.5485279525428421,0.45147204745715785,14.30559800890722,,1,67.57781466942757,103.68796478822856,70.0,113.5,10.10658284350764
20260808_145501,5.0,1,TR,Affine,LOOWeightedGated,0.5485279525428421,0.45147204745715785,14.30559800890722,15.39378796037687,1,67.57781466942757,103.68796478822856,70.0,113.5,10.10658284350764
20260808_145501,5.0,1,TR,Homography,ihawk1,,,6.17689254745003,,1,75.61697105766767,121.16897212268717,70.0,113.5,9.505971664234496
20260808_145501,5.0,1,TR,Homography,ihawk2,,,6.17689254745003,,1,77.03222673022323,115.15639755566157,70.0,113.5,7.224670625548802
20260808_145501,5.0,1,TR,Homography,EqualFusion,0.2246105752586698,0.7753894247413302,6.17689254745003,,1,76.32459889394545,118.16268483917437,70.0,113.5,7.857555668193676
20260808_145501,5.0,1,TR,Homography,LOOWeightedFusion,0.2246105752586698,0.7753894247413302,6.17689254745003,,1,76.71434533947243,116.50688538794684,70.0,113.5,7.356887458289909
20260808_145501,5.0,1,TR,Homography,LOOWeightedGated,0.2246105752586698,0.7753894247413302,6.17689254745003,0.4995099461069983,0,,,70.0,113.5,
20260808_145501,5.0,1,TR,PnP,ihawk1,,,11.600146660605859,,1,77.96749023999728,124.86807713703516,70.0,113.5,13.882149636062612
20260808_145501,5.0,1,TR,PnP,ihawk2,,,11.600146660605859,,1,72.90417375862563,114.43130422789147,70.0,113.5,3.0498447149286574
20260808_145501,5.0,1,TR,PnP,EqualFusion,0.14582371906797045,0.8541762809320296,11.600146660605859,,1,75.43583199931146,119.64969068246332,70.0,113.5,8.20773811806362
20260808_145501,5.0,1,TR,PnP,LOOWeightedFusion,0.14582371906797045,0.8541762809320296,11.600146660605859,,1,73.6425253987574,115.95323326857066,70.0,113.5,4.391622109268353
20260808_145501,5.0,1,TR,PnP,LOOWeightedGated,0.14582371906797045,0.8541762809320296,11.600146660605859,13.162658413974393,1,73.6425253987574,115.95323326857066,70.0,113.5,4.391622109268353
20260808_145501,5.0,2,BL,Affine,ihawk1,,,14.342020512326295,,1,-73.47507805603443,-113.74476032334098,-70.0,-113.5,3.483686999633297
20260808_145501,5.0,2,BL,Affine,ihawk2,,,14.342020512326295,,1,-65.46698178122506,-125.64282514201517,-70.0,-113.5,12.961344706522594
20260808_145501,5.0,2,BL,Affine,EqualFusion,0.5485279525428421,0.45147204745715785,14.342020512326295,,1,-69.47102991862974,-119.69379273267808,-70.0,-113.5,6.216339579073896
20260808_145501,5.0,2,BL,Affine,LOOWeightedFusion,0.5485279525428421,0.45147204745715785,14.342020512326295,,1,-69.8596464346122,-119.1164040078058,-70.0,-113.5,5.618157447260987
20260808_145501,5.0,2,BL,Affine,LOOWeightedGated,0.5485279525428421,0.45147204745715785,14.342020512326295,15.39378796037687,1,-69.8596464346122,-119.1164040078058,-70.0,-113.5,5.618157447260987
20260808_145501,5.0,2,BL,Homography,ihawk1,,,6.6314473753902785,,1,-66.96825691203341,-108.3856131174685,-70.0,-113.5,5.945453669455639
20260808_145501,5.0,2,BL,Homography,ihawk2,,,6.6314473753902785,,1,-65.31435960461968,-114.80750676257819,-70.0,-113.5,4.864647967634196
20260808_145501,5.0,2,BL,Homography,EqualFusion,0.2246105752586698,0.7753894247413302,6.6314473753902785,,1,-66.14130825832655,-111.59655994002334,-70.0,-113.5,4.302625479771957
20260808_145501,5.0,2,BL,Homography,LOOWeightedFusion,0.2246105752586698,0.7753894247413302,6.6314473753902785,,1,-65.68584243025664,-113.3650815367001,-70.0,-113.5,4.316266735074782
20260808_145501,5.0,2,BL,Homography,LOOWeightedGated,0.2246105752586698,0.7753894247413302,6.6314473753902785,0.4995099461069983,0,,,-70.0,-113.5,
20260808_145501,5.0,2,BL,PnP,ihawk1,,,3.8094760724510377,,1,-68.4438196741435,-110.36791742136326,-70.0,-113.5,3.497375942900995
20260808_145501,5.0,2,BL,PnP,ihawk2,,,3.8094760724510377,,1,-67.76312142259809,-114.1160846850963,-70.0,-113.5,2.320169413911363
20260808_145501,5.0,2,BL,PnP,EqualFusion,0.14582371906797045,0.8541762809320296,3.8094760724510377,,1,-68.1034705483708,-112.24200105322979,-70.0,-113.5,2.275826291915081
20260808_145501,5.0,2,BL,PnP,LOOWeightedFusion,0.14582371906797045,0.8541762809320296,3.8094760724510377,,1,-67.86238337320151,-113.56951299500993,-70.0,-113.5,2.138746572093245
20260808_145501,5.0,2,BL,PnP,LOOWeightedGated,0.14582371906797045,0.8541762809320296,3.8094760724510377,13.162658413974393,1,-67.86238337320151,-113.56951299500993,-70.0,-113.5,2.138746572093245
20260808_145501,5.0,3,BR,Affine,ihawk1,,,10.43488529245267,,1,81.87184640352005,-104.57986952328156,70.0,-113.5,14.849561096222784
20260808_145501,5.0,3,BR,Affine,ihawk2,,,10.43488529245267,,1,73.25852157324414,-98.68941398616073,70.0,-113.5,15.164808634355689
20260808_145501,5.0,3,BR,Affine,EqualFusion,0.5485279525428421,0.45147204745715785,10.43488529245267,,1,77.5651839883821,-101.63464175472114,70.0,-113.5,14.071912985336423
20260808_145501,5.0,3,BR,Affine,LOOWeightedFusion,0.5485279525428421,0.45147204745715785,10.43488529245267,,1,77.98317100698182,-101.92049350148227,70.0,-113.5,14.06470725169669
20260808_145501,5.0,3,BR,Affine,LOOWeightedGated,0.5485279525428421,0.45147204745715785,10.43488529245267,15.39378796037687,1,77.98317100698182,-101.92049350148227,70.0,-113.5,14.06470725169669
20260808_145501,5.0,3,BR,Homography,ihawk1,,,6.483329480299119,,1,75.12124226836785,-108.9402842623329,70.0,-113.5,6.8569767375751365
20260808_145501,5.0,3,BR,Homography,ihawk2,,,6.483329480299119,,1,76.86721958206546,-115.1840911435688,70.0,-113.5,7.070704898958108
20260808_145501,5.0,3,BR,Homography,EqualFusion,0.2246105752586698,0.7753894247413302,6.483329480299119,,1,75.99423092521666,-112.06218770295085,70.0,-113.5,6.164260587156376
20260808_145501,5.0,3,BR,Homography,LOOWeightedFusion,0.2246105752586698,0.7753894247413302,6.483329480299119,,1,76.47505461324725,-113.78166608817037,70.0,-113.5,6.481177981644982
20260808_145501,5.0,3,BR,Homography,LOOWeightedGated,0.2246105752586698,0.7753894247413302,6.483329480299119,0.4995099461069983,0,,,70.0,-113.5,
20260808_145501,5.0,3,BR,PnP,ihawk1,,,2.9322535236338645,,1,71.93676924670866,-112.27631594521326,70.0,-113.5,2.2909556479634814
20260808_145501,5.0,3,BR,PnP,ihawk2,,,2.9322535236338645,,1,73.09988425138815,-114.9680206490678,70.0,-113.5,3.429922302049084
20260808_145501,5.0,3,BR,PnP,EqualFusion,0.14582371906797045,0.8541762809320296,2.9322535236338645,,1,72.51832674904841,-113.62216829714052,70.0,-113.5,2.5212883031892566
20260808_145501,5.0,3,BR,PnP,LOOWeightedFusion,0.14582371906797045,0.8541762809320296,2.9322535236338645,,1,72.93027449570202,-114.57550625851898,70.0,-113.5,3.1214135151042144
20260808_145501,5.0,3,BR,PnP,LOOWeightedGated,0.14582371906797045,0.8541762809320296,2.9322535236338645,13.162658413974393,1,72.93027449570202,-114.57550625851898,70.0,-113.5,3.1214135151042144
20260808_145501,5.0,4,C,Affine,ihawk1,,,18.084074726780287,,1,6.907894416905027,17.2634148345345,0.0,0.0,18.594206006827328
20260808_145501,5.0,4,C,Affine,ihawk2,,,18.084074726780287,,1,12.054953466001734,-0.07271915978168408,0.0,0.0,12.055172796093242
20260808_145501,5.0,4,C,Affine,EqualFusion,0.5485279525428421,0.45147204745715785,18.084074726780287,,1,9.48142394145338,8.595347837376409,0.0,0.0,12.797554625906336
20260808_145501,5.0,4,C,Affine,LOOWeightedFusion,0.5485279525428421,0.45147204745715785,18.084074726780287,,1,9.23164770418361,9.436634925128937,0.0,0.0,13.201265016820233
20260808_145501,5.0,4,C,Affine,LOOWeightedGated,0.5485279525428421,0.45147204745715785,18.084074726780287,15.39378796037687,0,,,0.0,0.0,
20260808_145501,5.0,4,C,Homography,ihawk1,,,6.197480797974591,,1,4.105974701672963,6.157091057639392,0.0,0.0,7.400594472259735
20260808_145501,5.0,4,C,Homography,ihawk2,,,6.197480797974591,,1,5.456186262977903,0.10847989630803624,0.0,0.0,5.457264555087263
20260808_145501,5.0,4,C,Homography,EqualFusion,0.2246105752586698,0.7753894247413302,6.197480797974591,,1,4.781080482325433,3.1327854769737145,0.0,0.0,5.7160366884066285
20260808_145501,5.0,4,C,Homography,LOOWeightedFusion,0.2246105752586698,0.7753894247413302,6.197480797974591,,1,5.152914467472294,1.4670619287706828,0.0,0.0,5.3576859008282325
20260808_145501,5.0,4,C,Homography,LOOWeightedGated,0.2246105752586698,0.7753894247413302,6.197480797974591,0.4995099461069983,0,,,0.0,0.0,
20260808_145501,5.0,4,C,PnP,ihawk1,,,6.668200924936018,,1,4.287175611026227,6.591273928108855,0.0,0.0,7.862872675755702
20260808_145501,5.0,4,C,PnP,ihawk2,,,6.668200924936018,,1,2.7015893484346867,0.1143286775143619,0.0,0.0,2.7040074064391795
20260808_145501,5.0,4,C,PnP,EqualFusion,0.14582371906797045,0.8541762809320296,6.668200924936018,,1,3.494382479730457,3.352801302811608,0.0,0.0,4.842725006727348
20260808_145501,5.0,4,C,PnP,LOOWeightedFusion,0.14582371906797045,0.8541762809320296,6.668200924936018,,1,2.9328054341488685,1.0588209221556788,0.0,0.0,3.1180842611718713
20260808_145501,5.0,4,C,PnP,LOOWeightedGated,0.14582371906797045,0.8541762809320296,6.668200924936018,13.162658413974393,1,2.9328054341488685,1.0588209221556788,0.0,0.0,3.1180842611718713
20260808_145501,10.0,0,TL,Affine,ihawk1,,,6.386553285928597,,1,-57.48173831132728,128.21996131266235,-70.0,113.5,19.323150280230383
20260808_145501,10.0,0,TL,Affine,ihawk2,,,6.386553285928597,,1,-63.72506152665051,126.8749787466001,-70.0,113.5,14.773791297981917
20260808_145501,10.0,0,TL,Affine,EqualFusion,0.5485279525428421,0.45147204745715785,6.386553285928597,,1,-60.60339991898889,127.54747002963123,-70.0,113.5,16.90051795998707
20260808_145501,10.0,0,TL,Affine,LOOWeightedFusion,0.5485279525428421,0.45147204745715785,6.386553285928597,,1,-60.30042422628606,127.61273927976805,-70.0,113.5,17.124578247908072
20260808_145501,10.0,0,TL,Affine,LOOWeightedGated,0.5485279525428421,0.45147204745715785,6.386553285928597,15.39378796037687,1,-60.30042422628606,127.61273927976805,-70.0,113.5,17.124578247908072
20260808_145501,10.0,0,TL,Homography,ihawk1,,,12.162626889730285,,1,-66.58953867719607,128.056407308837,-70.0,113.5,14.950593305120202
20260808_145501,10.0,0,TL,Homography,ihawk2,,,12.162626889730285,,1,-63.730630103131226,116.23455742720137,-70.0,113.5,6.839795554431912
20260808_145501,10.0,0,TL,Homography,EqualFusion,0.2246105752586698,0.7753894247413302,12.162626889730285,,1,-65.16008439016365,122.14548236801919,-70.0,113.5,9.908034542030435
20260808_145501,10.0,0,TL,Homography,LOOWeightedFusion,0.2246105752586698,0.7753894247413302,12.162626889730285,,1,-64.37277120256388,118.88986992973719,-70.0,113.5,7.792073010321419
20260808_145501,10.0,0,TL,Homography,LOOWeightedGated,0.2246105752586698,0.7753894247413302,12.162626889730285,0.4995099461069983,0,,,-70.0,113.5,
20260808_145501,10.0,0,TL,PnP,ihawk1,,,3.187058618342662,,1,-71.08890167082873,116.15242126554466,-70.0,113.5,2.8672365473827135
20260808_145501,10.0,0,TL,PnP,ihawk2,,,3.187058618342662,,1,-68.87786893635285,113.85706140621359,-70.0,113.5,1.1775699434891755
20260808_145501,10.0,0,TL,PnP,EqualFusion,0.14582371906797045,0.8541762809320296,3.187058618342662,,1,-69.9833853035908,115.00474133587912,-70.0,113.5,1.5048330591929595
20260808_145501,10.0,0,TL,PnP,LOOWeightedFusion,0.14582371906797045,0.8541762809320296,3.187058618342662,,1,-69.20028995267515,114.19177931750058,-70.0,113.5,1.057400011307867
20260808_145501,10.0,0,TL,PnP,LOOWeightedGated,0.14582371906797045,0.8541762809320296,3.187058618342662,13.162658413974393,1,-69.20028995267515,114.19177931750058,-70.0,113.5,1.057400011307867
20260808_145501,10.0,1,TR,Affine,ihawk1,,,17.50498910361905,,1,63.217339126843896,112.10462549035071,70.0,113.5,6.924706386730176
20260808_145501,10.0,1,TR,Affine,ihawk2,,,17.50498910361905,,1,76.15534893443623,100.31341920191414,70.0,113.5,14.552464865070519
20260808_145501,10.0,1,TR,Affine,EqualFusion,0.5485279525428421,0.45147204745715785,17.50498910361905,,1,69.68634403064007,106.20902234613243,70.0,113.5,7.297721234488982
20260808_145501,10.0,1,TR,Affine,LOOWeightedFusion,0.5485279525428421,0.45147204745715785,17.50498910361905,,1,69.0584889046984,106.78122544532054,70.0,113.5,6.784421468274517
20260808_145501,10.0,1,TR,Affine,LOOWeightedGated,0.5485279525428421,0.45147204745715785,17.50498910361905,15.39378796037687,0,,,70.0,113.5,
20260808_145501,10.0,1,TR,Homography,ihawk1,,,10.50013817050058,,1,77.09466938119655,127.49400338294801,70.0,113.5,15.689692932318598
20260808_145501,10.0,1,TR,Homography,ihawk2,,,10.50013817050058,,1,80.21498518804847,117.46821010435337,70.0,113.5,10.958677558188393
20260808_145501,10.0,1,TR,Homography,EqualFusion,0.2246105752586698,0.7753894247413302,10.50013817050058,,1,78.65482728462251,122.48110674365068,70.0,113.5,12.472622565743507
20260808_145501,10.0,1,TR,Homography,LOOWeightedFusion,0.2246105752586698,0.7753894247413302,10.50013817050058,,1,79.51412925968275,119.72010930008302,70.0,113.5,11.366987959654514
20260808_145501,10.0,1,TR,Homography,LOOWeightedGated,0.2246105752586698,0.7753894247413302,10.50013817050058,0.4995099461069983,0,,,70.0,113.5,
20260808_145501,10.0,1,TR,PnP,ihawk1,,,4.264092236494843,,1,71.41293405582805,118.54809994064357,70.0,113.5,5.2421079402130095
20260808_145501,10.0,1,TR,PnP,ihawk2,,,4.264092236494843,,1,69.49899963321504,114.73767507886338,70.0,113.5,1.3352306798295686
20260808_145501,10.0,1,TR,PnP,EqualFusion,0.14582371906797045,0.8541762809320296,4.264092236494843,,1,70.45596684452154,116.64288750975348,70.0,113.5,3.175790871935265
20260808_145501,10.0,1,TR,PnP,LOOWeightedFusion,0.14582371906797045,0.8541762809320296,4.264092236494843,,1,69.77809666877268,115.29332540343722,70.0,113.5,1.8070022387985745
20260808_145501,10.0,1,TR,PnP,LOOWeightedGated,0.14582371906797045,0.8541762809320296,4.264092236494843,13.162658413974393,1,69.77809666877268,115.29332540343722,70.0,113.5,1.8070022387985745
20260808_145501,10.0,2,BL,Affine,ihawk1,,,19.766114939999007,,1,-70.4581616188304,-109.84849073983787,-70.0,-113.5,3.6801402073860006
20260808_145501,10.0,2,BL,Affine,ihawk2,,,19.766114939999007,,1,-61.266450648255045,-127.34739782727212,-70.0,-113.5,16.37147857910535
20260808_145501,10.0,2,BL,Affine,EqualFusion,0.5485279525428421,0.45147204745715785,19.766114939999007,,1,-65.86230613354272,-118.597944283555,-70.0,-113.5,6.565786049723923
20260808_145501,10.0,2,BL,Affine,LOOWeightedFusion,0.5485279525428421,0.45147204745715785,19.766114939999007,,1,-66.30836104731033,-117.74875815086438,-70.0,-113.5,5.628511702177776
20260808_145501,10.0,2,BL,Affine,LOOWeightedGated,0.5485279525428421,0.45147204745715785,19.766114939999007,15.39378796037687,0,,,-70.0,-113.5,
20260808_145501,10.0,2,BL,Homography,ihawk1,,,11.860968191376871,,1,-64.72713918958291,-105.62141739910602,-70.0,-113.5,9.480249201637141
20260808_145501,10.0,2,BL,Homography,ihawk2,,,11.860968191376871,,1,-61.919424747101154,-117.14527552242276,-70.0,-113.5,8.86474647421661
20260808_145501,10.0,2,BL,Homography,EqualFusion,0.2246105752586698,0.7753894247413302,11.860968191376871,,1,-63.32328196834203,-111.38334646076439,-70.0,-113.5,7.004197732747508
20260808_145501,10.0,2,BL,Homography,LOOWeightedFusion,0.2246105752586698,0.7753894247413302,11.860968191376871,,1,-62.550067103189065,-114.5568951201453,-70.0,-113.5,7.524528388010289
20260808_145501,10.0,2,BL,Homography,LOOWeightedGated,0.2246105752586698,0.7753894247413302,11.860968191376871,0.4995099461069983,0,,,-70.0,-113.5,
20260808_145501,10.0,2,BL,PnP,ihawk1,,,3.9515405624848228,,1,-68.73757946149895,-111.49628805474092,-70.0,-113.5,2.368241367682614
20260808_145501,10.0,2,BL,PnP,ihawk2,,,3.9515405624848228,,1,-68.12192230622313,-115.39957373274612,-70.0,-113.5,2.6712461867078607
20260808_145501,10.0,2,BL,PnP,EqualFusion,0.14582371906797045,0.8541762809320296,3.9515405624848228,,1,-68.42975088386103,-113.44793089374352,-70.0,-113.5,1.57111217885979
20260808_145501,10.0,2,BL,PnP,LOOWeightedFusion,0.14582371906797045,0.8541762809320296,3.9515405624848228,,1,-68.21169972227626,-114.83038209859465,-70.0,-113.5,2.228886361295233
20260808_145501,10.0,2,BL,PnP,LOOWeightedGated,0.14582371906797045,0.8541762809320296,3.9515405624848228,13.162658413974393,1,-68.21169972227626,-114.83038209859465,-70.0,-113.5,2.228886361295233
20260808_145501,10.0,3,BR,Affine,ihawk1,,,8.111987110425332,,1,85.56666654635971,-98.60031891050528,70.0,-113.5,21.548122979373428
20260808_145501,10.0,3,BR,Affine,ihawk2,,,8.111987110425332,,1,77.45505346076044,-98.52242135443731,70.0,-113.5,16.730382069361465
20260808_145501,10.0,3,BR,Affine,EqualFusion,0.5485279525428421,0.45147204745715785,8.111987110425332,,1,81.51086000356008,-98.5613701324713,70.0,-113.5,18.85901801103599
20260808_145501,10.0,3,BR,Affine,LOOWeightedFusion,0.5485279525428421,0.45147204745715785,8.111987110425332,,1,81.90449997842393,-98.56515034137536,70.0,-113.5,19.098870491786048
20260808_145501,10.0,3,BR,Affine,LOOWeightedGated,0.5485279525428421,0.45147204745715785,8.111987110425332,15.39378796037687,1,81.90449997842393,-98.56515034137536,70.0,-113.5,19.098870491786048
20260808_145501,10.0,3,BR,Homography,ihawk1,,,12.253236767894622,,1,79.57047544965695,-104.0428250952526,70.0,-113.5,13.454819118496932
20260808_145501,10.0,3,BR,Homography,ihawk2,,,12.253236767894622,,1,82.40235743796707,-115.96432901440514,70.0,-113.5,12.644816626204433
20260808_145501,10.0,3,BR,Homography,EqualFusion,0.2246105752586698,0.7753894247413302,12.253236767894622,,1,80.986416443812,-110.00357705482887,70.0,-113.5,11.529367705489404
20260808_145501,10.0,3,BR,Homography,LOOWeightedFusion,0.2246105752586698,0.7753894247413302,12.253236767894622,,1,81.76628679550807,-113.2866331611758,70.0,-113.5,11.768221206370029
20260808_145501,10.0,3,BR,Homography,LOOWeightedGated,0.2246105752586698,0.7753894247413302,12.253236767894622,0.4995099461069983,0,,,70.0,-113.5,
20260808_145501,10.0,3,BR,PnP,ihawk1,,,4.224719652694074,,1,73.1522248720471,-110.39160104165859,70.0,-113.5,4.427038031028232
20260808_145501,10.0,3,BR,PnP,ihawk2,,,4.224719652694074,,1,72.45543410507094,-114.55846302292414,70.0,-113.5,2.673855010138587
20260808_145501,10.0,3,BR,PnP,EqualFusion,0.14582371906797045,0.8541762809320296,4.224719652694074,,1,72.80382948855902,-112.47503203229137,70.0,-113.5,2.985300510123208
20260808_145501,10.0,3,BR,PnP,LOOWeightedFusion,0.14582371906797045,0.8541762809320296,4.224719652694074,,1,72.55704272612363,-113.95083571197307,70.0,-113.5,2.5964823015788134
20260808_145501,10.0,3,BR,PnP,LOOWeightedGated,0.14582371906797045,0.8541762809320296,4.224719652694074,13.162658413974393,1,72.55704272612363,-113.95083571197307,70.0,-113.5,2.5964823015788134
20260808_145501,10.0,4,C,Affine,ihawk1,,,22.99633500984185,,1,8.506580348211788,21.791808764142274,0.0,0.0,23.39326480920376
20260808_145501,10.0,4,C,Affine,ihawk2,,,22.99633500984185,,1,15.041094326818552,-0.2565823551269659,0.0,0.0,15.043282655498292
20260808_145501,10.0,4,C,Affine,EqualFusion,0.5485279525428421,0.45147204745715785,22.99633500984185,,1,11.77383733751517,10.767613204507654,0.0,0.0,15.955085075678973
20260808_145501,10.0,4,C,Affine,LOOWeightedFusion,0.5485279525428421,0.45147204745715785,22.99633500984185,,1,11.456730753270802,11.837576482389574,0.0,0.0,16.473763884715712
20260808_145501,10.0,4,C,Affine,LOOWeightedGated,0.5485279525428421,0.45147204745715785,22.99633500984185,15.39378796037687,0,,,0.0,0.0,
20260808_145501,10.0,4,C,Homography,ihawk1,,,11.399247541546528,,1,5.890372928026784,10.993062854276678,0.0,0.0,12.47172498691775
20260808_145501,10.0,4,C,Homography,ihawk2,,,11.399247541546528,,1,8.569376889682252,-0.08690927054786333,0.0,0.0,8.569817588416187
20260808_145501,10.0,4,C,Homography,EqualFusion,0.2246105752586698,0.7753894247413302,11.399247541546528,,1,7.229874908854518,5.453076791864407,0.0,0.0,9.055779242873268
20260808_145501,10.0,4,C,Homography,LOOWeightedFusion,0.2246105752586698,0.7753894247413302,11.399247541546528,,1,7.967644268734562,2.4017696422590027,0.0,0.0,8.321769800203299
20260808_145501,10.0,4,C,Homography,LOOWeightedGated,0.2246105752586698,0.7753894247413302,11.399247541546528,0.4995099461069983,0,,,0.0,0.0,
20260808_145501,10.0,4,C,PnP,ihawk1,,,6.396206391677653,,1,2.4441634258526017,5.743338837779706,0.0,0.0,6.241784669293252
20260808_145501,10.0,4,C,PnP,ihawk2,,,6.396206391677653,,1,0.6567593708142891,-0.39804886769620507,0.0,0.0,0.7679686010681764
20260808_145501,10.0,4,C,PnP,EqualFusion,0.14582371906797045,0.8541762809320296,6.396206391677653,,1,1.5504613983334454,2.6726449850417504,0.0,0.0,3.0898158138942393
20260808_145501,10.0,4,C,PnP,LOOWeightedFusion,0.14582371906797045,0.8541762809320296,6.396206391677653,,1,0.9174052775971473,0.49751112775460177,0.0,0.0,1.0436233830279746
20260808_145501,10.0,4,C,PnP,LOOWeightedGated,0.14582371906797045,0.8541762809320296,6.396206391677653,13.162658413974393,1,0.9174052775971473,0.49751112775460177,0.0,0.0,1.0436233830279746
20260808_145501,15.0,0,TL,Affine,ihawk1,,,6.630041280557259,,1,-53.03716963888128,135.00561036071156,-70.0,113.5,27.390306512465962
20260808_145501,15.0,0,TL,Affine,ihawk2,,,6.630041280557259,,1,-56.25772629510686,129.21031380178255,-70.0,113.5,20.872566836177015
20260808_145501,15.0,0,TL,Affine,EqualFusion,0.5485279525428421,0.45147204745715785,6.630041280557259,,1,-54.64744796699407,132.10796208124705,-70.0,113.5,24.12378715590242
20260808_145501,15.0,0,TL,Affine,LOOWeightedFusion,0.5485279525428421,0.45147204745715785,6.630041280557259,,1,-54.49116094641922,132.38919595763045,-70.0,113.5,24.44024984969742
20260808_145501,15.0,0,TL,Affine,LOOWeightedGated,0.5485279525428421,0.45147204745715785,6.630041280557259,15.39378796037687,1,-54.49116094641922,132.38919595763045,-70.0,113.5,24.44024984969742
20260808_145501,15.0,0,TL,Homography,ihawk1,,,18.4554322281666,,1,-62.25749460378156,137.6220568537621,-70.0,113.5,25.334166981896264
20260808_145501,15.0,0,TL,Homography,ihawk2,,,18.4554322281666,,1,-57.65259173198478,119.75035161140293,-70.0,113.5,13.839269713507932
20260808_145501,15.0,0,TL,Homography,EqualFusion,0.2246105752586698,0.7753894247413302,18.4554322281666,,1,-59.95504316788317,128.68620423258253,-70.0,113.5,18.20774441694517
20260808_145501,15.0,0,TL,Homography,LOOWeightedFusion,0.2246105752586698,0.7753894247413302,18.4554322281666,,1,-58.686901615029356,123.76452560674261,-70.0,113.5,15.275689215204011
20260808_145501,15.0,0,TL,Homography,LOOWeightedGated,0.2246105752586698,0.7753894247413302,18.4554322281666,0.4995099461069983,0,,,-70.0,113.5,
20260808_145501,15.0,0,TL,PnP,ihawk1,,,6.986103046683163,,1,-68.0053439331877,122.48528086173303,-70.0,113.5,9.204016785572318
20260808_145501,15.0,0,TL,PnP,ihawk2,,,6.986103046683163,,1,-66.95248450579174,115.57897050054746,-70.0,113.5,3.6891013851053116
20260808_145501,15.0,0,TL,PnP,EqualFusion,0.14582371906797045,0.8541762809320296,6.986103046683163,,1,-67.47891421948972,119.03212568114024,-70.0,113.5,6.079497352957933
20260808_145501,15.0,0,TL,PnP,LOOWeightedFusion,0.14582371906797045,0.8541762809320296,6.986103046683163,,1,-67.1060163831504,116.5860743624532,-70.0,113.5,4.2307205231715335
20260808_145501,15.0,0,TL,PnP,LOOWeightedGated,0.14582371906797045,0.8541762809320296,6.986103046683163,13.162658413974393,1,-67.1060163831504,116.5860743624532,-70.0,113.5,4.2307205231715335
20260808_145501,15.0,1,TR,Affine,ihawk1,,,22.711510807924185,,1,67.39440133504819,118.5892964027081,70.0,113.5,5.717524138769883
20260808_145501,15.0,1,TR,Affine,ihawk2,,,22.711510807924185,,1,82.19579222571372,101.36339872275596,70.0,113.5,17.20565135574881
20260808_145501,15.0,1,TR,Affine,EqualFusion,0.5485279525428421,0.45147204745715785,22.711510807924185,,1,74.79509678038096,109.97634756273203,70.0,113.5,5.950552884554875
20260808_145501,15.0,1,TR,Affine,LOOWeightedFusion,0.5485279525428421,0.45147204745715785,22.711510807924185,,1,74.07681558567069,110.8122851078526,70.0,113.5,4.883056078014906
20260808_145501,15.0,1,TR,Affine,LOOWeightedGated,0.5485279525428421,0.45147204745715785,22.711510807924185,15.39378796037687,0,,,70.0,113.5,
20260808_145501,15.0,1,TR,Homography,ihawk1,,,18.080946018834016,,1,83.57730086576889,137.59655116878304,70.0,113.5,27.658396139859374
20260808_145501,15.0,1,TR,Homography,ihawk2,,,18.080946018834016,,1,88.26122735177196,120.13283330546113,70.0,113.5,19.428507458143535
20260808_145501,15.0,1,TR,Homography,EqualFusion,0.2246105752586698,0.7753894247413302,18.080946018834016,,1,85.91926410877042,128.86469223712209,70.0,113.5,22.1245731553462
20260808_145501,15.0,1,TR,Homography,LOOWeightedFusion,0.2246105752586698,0.7753894247413302,18.080946018834016,,1,87.20916792928149,124.05536902089696,70.0,113.5,20.188394586631247
20260808_145501,15.0,1,TR,Homography,LOOWeightedGated,0.2246105752586698,0.7753894247413302,18.080946018834016,0.4995099461069983,0,,,70.0,113.5,
20260808_145501,15.0,1,TR,PnP,ihawk1,,,12.470672411534748,,1,77.23830022193376,127.58873017013548,70.0,113.5,15.83935945389623
20260808_145501,15.0,1,TR,PnP,ihawk2,,,12.470672411534748,,1,72.73816216925175,115.9583205512692,70.0,113.5,3.679792385164405
20260808_145501,15.0,1,TR,PnP,EqualFusion,0.14582371906797045,0.8541762809320296,12.470672411534748,,1,74.98823119559276,121.77352536070234,70.0,113.5,9.660935376808474
20260808_145501,15.0,1,TR,PnP,LOOWeightedFusion,0.14582371906797045,0.8541762809320296,12.470672411534748,,1,73.39438903641314,117.65431013617618,70.0,113.5,5.364715242960981
20260808_145501,15.0,1,TR,PnP,LOOWeightedGated,0.14582371906797045,0.8541762809320296,12.470672411534748,13.162658413974393,1,73.39438903641314,117.65431013617618,70.0,113.5,5.364715242960981
20260808_145501,15.0,2,BL,Affine,ihawk1,,,26.54673533930915,,1,-66.23174688554623,-101.5795836031549,-70.0,-113.5,12.501842208601259
20260808_145501,15.0,2,BL,Affine,ihawk2,,,26.54673533930915,,1,-55.40923301311352,-125.82009413111876,-70.0,-113.5,19.096470895567155
20260808_145501,15.0,2,BL,Affine,EqualFusion,0.5485279525428421,0.45147204745715785,26.54673533930915,,1,-60.820489949329875,-113.69983886713683,-70.0,-113.5,9.181685049225571
20260808_145501,15.0,2,BL,Affine,LOOWeightedFusion,0.5485279525428421,0.45147204745715785,26.54673533930915,,1,-61.34568438892554,-112.52349652262154,-70.0,-113.5,8.709232901778394
20260808_145501,15.0,2,BL,Affine,LOOWeightedGated,0.5485279525428421,0.45147204745715785,26.54673533930915,15.39378796037687,0,,,-70.0,-113.5,
20260808_145501,15.0,2,BL,Homography,ihawk1,,,17.856654960848683,,1,-61.67597875678713,-99.55432494660943,-70.0,-113.5,16.241033906504207
20260808_145501,15.0,2,BL,Homography,ihawk2,,,17.856654960848683,,1,-57.107259123513465,-116.81662280359653,-70.0,-113.5,13.312503676227221
20260808_145501,15.0,2,BL,Homography,EqualFusion,0.2246105752586698,0.7753894247413302,17.856654960848683,,1,-59.391618940150295,-108.18547387510299,-70.0,-113.5,11.865156410397244
20260808_145501,15.0,2,BL,Homography,LOOWeightedFusion,0.2246105752586698,0.7753894247413302,17.856654960848683,,1,-58.13344186853864,-112.93932815165216,-70.0,-113.5,11.879796076064668
20260808_145501,15.0,2,BL,Homography,LOOWeightedGated,0.2246105752586698,0.7753894247413302,17.856654960848683,0.4995099461069983,0,,,-70.0,-113.5,
20260808_145501,15.0,2,BL,PnP,ihawk1,,,4.041425545509939,,1,-68.6779060857516,-110.08572706775674,-70.0,-113.5,3.6613101444621803
20260808_145501,15.0,2,BL,PnP,ihawk2,,,4.041425545509939,,1,-67.50593187050724,-113.9534908763033,-70.0,-113.5,2.534961500583757
20260808_145501,15.0,2,BL,PnP,EqualFusion,0.14582371906797045,0.8541762809320296,4.041425545509939,,1,-68.09191897812943,-112.01960897203003,-70.0,-113.5,2.4150219008772233
20260808_145501,15.0,2,BL,PnP,LOOWeightedFusion,0.14582371906797045,0.8541762809320296,4.041425545509939,,1,-67.67683350922594,-113.38947917326456,-70.0,-113.5,2.325793928317324
20260808_145501,15.0,2,BL,PnP,LOOWeightedGated,0.14582371906797045,0.8541762809320296,4.041425545509939,13.162658413974393,1,-67.67683350922594,-113.38947917326456,-70.0,-113.5,2.325793928317324
20260808_145501,15.0,3,BR,Affine,ihawk1,,,9.000754363641013,,1,89.5163042220393,-92.08375878324205,70.0,-113.5,28.974842852749884
20260808_145501,15.0,3,BR,Affine,ihawk2,,,9.000754363641013,,1,82.59842292267024,-97.84192667263557,70.0,-113.5,20.09715204857605
20260808_145501,15.0,3,BR,Affine,EqualFusion,0.5485279525428421,0.45147204745715785,9.000754363641013,,1,86.05736357235477,-94.9628427279388,70.0,-113.5,24.524785924120057
20260808_145501,15.0,3,BR,Affine,LOOWeightedFusion,0.5485279525428421,0.45147204745715785,9.000754363641013,,1,86.39307418774757,-94.6834106298686,70.0,-113.5,24.955899439794543
20260808_145501,15.0,3,BR,Affine,LOOWeightedGated,0.5485279525428421,0.45147204745715785,9.000754363641013,15.39378796037687,1,86.39307418774757,-94.6834106298686,70.0,-113.5,24.955899439794543
20260808_145501,15.0,3,BR,Homography,ihawk1,,,18.435447797345276,,1,84.436821895579,-98.59232540349718,70.0,-113.5,20.752363439374435
20260808_145501,15.0,3,BR,Homography,ihawk2,,,18.435447797345276,,1,89.31372494051874,-116.37100792439564,70.0,-113.5,19.525948314485472
20260808_145501,15.0,3,BR,Homography,EqualFusion,0.2246105752586698,0.7753894247413302,18.435447797345276,,1,86.87527341804886,-107.48166666394641,70.0,-113.5,17.91633860691856
20260808_145501,15.0,3,BR,Homography,LOOWeightedFusion,0.2246105752586698,0.7753894247413302,18.435447797345276,,1,88.21832094211408,-112.37772781603537,70.0,-113.5,18.25285492203269
20260808_145501,15.0,3,BR,Homography,LOOWeightedGated,0.2246105752586698,0.7753894247413302,18.435447797345276,0.4995099461069983,0,,,70.0,-113.5,
20260808_145501,15.0,3,BR,PnP,ihawk1,,,4.233734861893193,,1,72.90199145237291,-109.71203243066083,70.0,-113.5,4.771818594206067
20260808_145501,15.0,3,BR,PnP,ihawk2,,,4.233734861893193,,1,73.59658446137357,-113.88840064151786,70.0,-113.5,3.617495659448022
20260808_145501,15.0,3,BR,PnP,EqualFusion,0.14582371906797045,0.8541762809320296,4.233734861893193,,1,73.24928795687325,-111.80021653608935,70.0,-113.5,3.667033685537344
20260808_145501,15.0,3,BR,PnP,LOOWeightedFusion,0.14582371906797045,0.8541762809320296,4.233734861893193,,1,73.49529632556249,-113.27938709681345,70.0,-113.5,3.5022516266743393
20260808_145501,15.0,3,BR,PnP,LOOWeightedGated,0.14582371906797045,0.8541762809320296,4.233734861893193,13.162658413974393,1,73.49529632556249,-113.27938709681345,70.0,-113.5,3.5022516266743393
20260808_145501,15.0,4,C,Affine,ihawk1,,,28.339818403920894,,1,12.779067938141896,28.350569078795957,0.0,0.0,31.097577790870265
20260808_145501,15.0,4,C,Affine,ihawk2,,,28.339818403920894,,1,21.00200465248372,1.2299382056185664,0.0,0.0,21.03798819784316
20260808_145501,15.0,4,C,Affine,EqualFusion,0.5485279525428421,0.45147204745715785,28.339818403920894,,1,16.890536295312806,14.790253642207261,0.0,0.0,22.450875687689877
20260808_145501,15.0,4,C,Affine,LOOWeightedFusion,0.5485279525428421,0.45147204745715785,28.339818403920894,,1,16.491494012676434,16.106362330152756,0.0,0.0,23.051773950833077
20260808_145501,15.0,4,C,Affine,LOOWeightedGated,0.5485279525428421,0.45147204745715785,28.339818403920894,15.39378796037687,0,,,0.0,0.0,
20260808_145501,15.0,4,C,Homography,ihawk1,,,17.28595249634727,,1,10.623789607966227,18.227239009867862,0.0,0.0,21.097325602008894
20260808_145501,15.0,4,C,Homography,ihawk2,,,17.28595249634727,,1,14.882691981664067,1.474152599379637,0.0,0.0,14.95552227464309
20260808_145501,15.0,4,C,Homography,EqualFusion,0.2246105752586698,0.7753894247413302,17.28595249634727,,1,12.753240794815147,9.850695804623749,0.0,0.0,16.114631817257546
20260808_145501,15.0,4,C,Homography,LOOWeightedFusion,0.2246105752586698,0.7753894247413302,17.28595249634727,,1,13.92609746953728,5.2370729753976,0.0,0.0,14.878276919075425
20260808_145501,15.0,4,C,Homography,LOOWeightedGated,0.2246105752586698,0.7753894247413302,17.28595249634727,0.4995099461069983,0,,,0.0,0.0,
20260808_145501,15.0,4,C,PnP,ihawk1,,,6.068852955656389,,1,3.05707559957602,6.528612882725797,0.0,0.0,7.208917907287912
20260808_145501,15.0,4,C,PnP,ihawk2,,,6.068852955656389,,1,1.149156331258209,0.7674654047522537,0.0,0.0,1.381869538401642
20260808_145501,15.0,4,C,PnP,EqualFusion,0.14582371906797045,0.8541762809320296,6.068852955656389,,1,2.1031159654171145,3.6480391437390254,0.0,0.0,4.210853400231897
20260808_145501,15.0,4,C,PnP,LOOWeightedFusion,0.14582371906797045,0.8541762809320296,6.068852955656389,,1,1.4273762146457531,1.6075773560894142,0.0,0.0,2.149815762791749
20260808_145501,15.0,4,C,PnP,LOOWeightedGated,0.14582371906797045,0.8541762809320296,6.068852955656389,13.162658413974393,1,1.4273762146457531,1.6075773560894142,0.0,0.0,2.149815762791749
20260808_145501,20.0,0,TL,Affine,ihawk1,,,10.81236895759891,,1,-49.10342217041365,140.4050504826522,-70.0,113.5,34.06682706772122
20260808_145501,20.0,0,TL,Affine,ihawk2,,,10.81236895759891,,1,-49.26257592851198,129.59385292842484,-70.0,113.5,26.249816365119578
20260808_145501,20.0,0,TL,Affine,EqualFusion,0.5485279525428421,0.45147204745715785,10.81236895759891,,1,-49.182999049462815,134.99945170553852,-70.0,113.5,29.92614161921729
20260808_145501,20.0,0,TL,Affine,LOOWeightedFusion,0.5485279525428421,0.45147204745715785,10.81236895759891,,1,-49.1752756434428,135.52409698738137,-70.0,113.5,30.31055909474729
20260808_145501,20.0,0,TL,Affine,LOOWeightedGated,0.5485279525428421,0.45147204745715785,10.81236895759891,15.39378796037687,1,-49.1752756434428,135.52409698738137,-70.0,113.5,30.31055909474729
20260808_145501,20.0,0,TL,Homography,ihawk1,,,24.90617859313565,,1,-58.29152849479487,145.48937725994222,-70.0,113.5,34.064770107357376
20260808_145501,20.0,0,TL,Homography,ihawk2,,,24.90617859313565,,1,-51.828940451485835,121.43625505313406,-70.0,113.5,19.828553890388573
20260808_145501,20.0,0,TL,Homography,EqualFusion,0.2246105752586698,0.7753894247413302,24.90617859313565,,1,-55.060234473140355,133.46281615653814,-70.0,113.5,24.934125669397034
20260808_145501,20.0,0,TL,Homography,LOOWeightedFusion,0.2246105752586698,0.7753894247413302,24.90617859313565,,1,-53.28050606955328,126.83884066877232,-70.0,113.5,21.388458281913145
20260808_145501,20.0,0,TL,Homography,LOOWeightedGated,0.2246105752586698,0.7753894247413302,24.90617859313565,0.4995099461069983,0,,,-70.0,113.5,
20260808_145501,20.0,0,TL,PnP,ihawk1,,,3.92733517624824,,1,-68.64625594283333,118.31799671230056,-70.0,113.5,5.004569441225991
20260808_145501,20.0,0,TL,PnP,ihawk2,,,3.92733517624824,,1,-66.74011778638649,114.88425255829982,-70.0,113.5,3.5416079952181754
20260808_145501,20.0,0,TL,PnP,EqualFusion,0.14582371906797045,0.8541762809320296,3.92733517624824,,1,-67.69318686460991,116.60112463530018,-70.0,113.5,3.8650175737341637
20260808_145501,20.0,0,TL,PnP,LOOWeightedFusion,0.14582371906797045,0.8541762809320296,3.92733517624824,,1,-67.01807794141693,115.38497390116412,-70.0,113.5,3.5277451398214894
20260808_145501,20.0,0,TL,PnP,LOOWeightedGated,0.14582371906797045,0.8541762809320296,3.92733517624824,13.162658413974393,1,-67.01807794141693,115.38497390116412,-70.0,113.5,3.5277451398214894
20260808_145501,20.0,1,TR,Affine,ihawk1,,,27.687658031593386,,1,71.3571978120065,123.62969183551911,70.0,113.5,10.220207560685731
20260808_145501,20.0,1,TR,Affine,ihawk2,,,27.687658031593386,,1,88.25502700158262,101.69638893891079,70.0,113.5,21.73870384613531
20260808_145501,20.0,1,TR,Affine,EqualFusion,0.5485279525428421,0.45147204745715785,27.687658031593386,,1,79.80611240679457,112.66304038721495,70.0,113.5,9.841765183549324
20260808_145501,20.0,1,TR,Affine,LOOWeightedFusion,0.5485279525428421,0.45147204745715785,27.687658031593386,,1,78.98609535380575,113.72741866928934,70.0,113.5,8.988972630886726
20260808_145501,20.0,1,TR,Affine,LOOWeightedGated,0.5485279525428421,0.45147204745715785,27.687658031593386,15.39378796037687,0,,,70.0,113.5,
20260808_145501,20.0,1,TR,Homography,ihawk1,,,24.736902366606998,,1,89.73006883119206,145.79320358175693,70.0,113.5,37.84344875478944
20260808_145501,20.0,1,TR,Homography,ihawk2,,,24.736902366606998,,1,96.53375771284774,122.01034933133775,70.0,113.5,27.86514568606287
20260808_145501,20.0,1,TR,Homography,EqualFusion,0.2246105752586698,0.7753894247413302,24.736902366606998,,1,93.1319132720199,133.90177645654734,70.0,113.5,30.8434416725368
20260808_145501,20.0,1,TR,Homography,LOOWeightedFusion,0.2246105752586698,0.7753894247413302,24.736902366606998,,1,95.00557723925805,127.35222990581751,70.0,113.5,28.58606594885216
20260808_145501,20.0,1,TR,Homography,LOOWeightedGated,0.2246105752586698,0.7753894247413302,24.736902366606998,0.4995099461069983,0,,,70.0,113.5,
20260808_145501,20.0,1,TR,PnP,ihawk1,,,15.769375497414243,,1,79.10380670228744,129.04549071176388,70.0,113.5,18.015037550395245
20260808_145501,20.0,1,TR,PnP,ihawk2,,,15.769375497414243,,1,71.77535306016614,115.0824333533725,70.0,113.5,2.378229132381275
20260808_145501,20.0,1,TR,PnP,EqualFusion,0.14582371906797045,0.8541762809320296,15.769375497414243,,1,75.43957988122679,122.06396203256818,70.0,113.5,10.145465734973268
20260808_145501,20.0,1,TR,PnP,LOOWeightedFusion,0.14582371906797045,0.8541762809320296,15.769375497414243,,1,72.84401542527749,117.11857830693253,70.0,113.5,4.6024485551300875
20260808_145501,20.0,1,TR,PnP,LOOWeightedGated,0.14582371906797045,0.8541762809320296,15.769375497414243,13.162658413974393,0,,,70.0,113.5,
20260808_145501,20.0,2,BL,Affine,ihawk1,,,33.51522881950688,,1,-60.83308177976251,-95.46544585060144,-70.0,-113.5,20.23060881496429
20260808_145501,20.0,2,BL,Affine,ihawk2,,,33.51522881950688,,1,-48.053822342557396,-126.4486847235874,-70.0,-113.5,25.48142754719403
20260808_145501,20.0,2,BL,Affine,EqualFusion,0.5485279525428421,0.45147204745715785,33.51522881950688,,1,-54.44345206115995,-110.95706528709442,-70.0,-113.5,15.763016866308579
20260808_145501,20.0,2,BL,Affine,LOOWeightedFusion,0.5485279525428421,0.45147204745715785,33.51522881950688,,1,-55.06360335666132,-109.45351214144262,-70.0,-113.5,15.474818534528648
20260808_145501,20.0,2,BL,Affine,LOOWeightedGated,0.5485279525428421,0.45147204745715785,33.51522881950688,15.39378796037687,0,,,-70.0,-113.5,
20260808_145501,20.0,2,BL,Homography,ihawk1,,,24.616669042839764,,1,-57.48019633985562,-95.06644489955272,-70.0,-113.5,22.283209762729214
20260808_145501,20.0,2,BL,Homography,ihawk2,,,24.616669042839764,,1,-50.93768065725161,-118.79777194435968,-70.0,-113.5,19.784802407387442
20260808_145501,20.0,2,BL,Homography,EqualFusion,0.2246105752586698,0.7753894247413302,24.616669042839764,,1,-54.208938498553614,-106.9321084219562,-70.0,-113.5,17.10248002844619
20260808_145501,20.0,2,BL,Homography,LOOWeightedFusion,0.2246105752586698,0.7753894247413302,24.616669042839764,,1,-52.40719886836017,-113.46746492517396,-70.0,-113.5,17.592831215825427
20260808_145501,20.0,2,BL,Homography,LOOWeightedGated,0.2246105752586698,0.7753894247413302,24.616669042839764,0.4995099461069983,0,,,-70.0,-113.5,
20260808_145501,20.0,2,BL,PnP,ihawk1,,,3.367295955349784,,1,-68.09055386693241,-111.08544871295305,-70.0,-113.5,3.078318120803443
20260808_145501,20.0,2,BL,PnP,ihawk2,,,3.367295955349784,,1,-67.16876935816819,-114.32412056578367,-70.0,-113.5,2.948735602626142
20260808_145501,20.0,2,BL,PnP,EqualFusion,0.14582371906797045,0.8541762809320296,3.367295955349784,,1,-67.62966161255031,-112.70478463936837,-70.0,-113.5,2.5001743020841767
20260808_145501,20.0,2,BL,PnP,LOOWeightedFusion,0.14582371906797045,0.8541762809320296,3.367295955349784,,1,-67.30318740341544,-113.85184539136316,-70.0,-113.5,2.71966787687774
20260808_145501,20.0,2,BL,PnP,LOOWeightedGated,0.14582371906797045,0.8541762809320296,3.367295955349784,13.162658413974393,1,-67.30318740341544,-113.85184539136316,-70.0,-113.5,2.71966787687774
20260808_145501,20.0,3,BR,Affine,ihawk1,,,13.327218981822703,,1,94.86333893255743,-86.4359525732417,70.0,-113.5,36.75116713783452
20260808_145501,20.0,3,BR,Affine,ihawk2,,,13.327218981822703,,1,88.6169702052718,-98.20870261357823,70.0,-113.5,24.09181096107072
20260808_145501,20.0,3,BR,Affine,EqualFusion,0.5485279525428421,0.45147204745715785,13.327218981822703,,1,91.74015456891462,-92.32232759340997,70.0,-113.5,30.350092738592153
20260808_145501,20.0,3,BR,Affine,LOOWeightedFusion,0.5485279525428421,0.45147204745715785,13.327218981822703,,1,92.04327805407743,-91.75102013815376,70.0,-113.5,30.96650177854071
20260808_145501,20.0,3,BR,Affine,LOOWeightedGated,0.5485279525428421,0.45147204745715785,13.327218981822703,15.39378796037687,1,92.04327805407743,-91.75102013815376,70.0,-113.5,30.96650177854071
20260808_145501,20.0,3,BR,Homography,ihawk1,,,25.32873622593046,,1,90.81927479669149,-93.85554530557408,70.0,-113.5,28.624234545250392
20260808_145501,20.0,3,BR,Homography,ihawk2,,,25.32873622593046,,1,97.58962258225219,-118.26266044983714,70.0,-113.5,27.997682203917577
20260808_145501,20.0,3,BR,Homography,EqualFusion,0.2246105752586698,0.7753894247413302,25.32873622593046,,1,94.20444868947183,-106.05910287770561,70.0,-113.5,25.322367313224163
20260808_145501,20.0,3,BR,Homography,LOOWeightedFusion,0.2246105752586698,0.7753894247413302,25.32873622593046,,1,96.06893087143615,-112.78056427687963,70.0,-113.5,26.078856273606377
20260808_145501,20.0,3,BR,Homography,LOOWeightedGated,0.2246105752586698,0.7753894247413302,25.32873622593046,0.4995099461069983,0,,,70.0,-113.5,
20260808_145501,20.0,3,BR,PnP,ihawk1,,,5.857204963789325,,1,75.34538741368577,-108.60671604066226,70.0,-113.5,7.246888608851543
20260808_145501,20.0,3,BR,PnP,ihawk2,,,5.857204963789325,,1,73.56398013509379,-114.18645063073174,70.0,-113.5,3.629486034106637
20260808_145501,20.0,3,BR,PnP,EqualFusion,0.14582371906797045,0.8541762809320296,5.857204963789325,,1,74.45468377438978,-111.396583335697,70.0,-113.5,4.92631395604047
20260808_145501,20.0,3,BR,PnP,LOOWeightedFusion,0.14582371906797045,0.8541762809320296,5.857204963789325,,1,73.82375156963282,-113.37279298139562,70.0,-113.5,3.825866920300765
20260808_145501,20.0,3,BR,PnP,LOOWeightedGated,0.14582371906797045,0.8541762809320296,5.857204963789325,13.162658413974393,1,73.82375156963282,-113.37279298139562,70.0,-113.5,3.825866920300765
20260808_145501,20.0,4,C,Affine,ihawk1,,,34.27493840850446,,1,17.421951014790057,33.96872939042271,0.0,0.0,38.175894928102366
20260808_145501,20.0,4,C,Affine,ihawk2,,,34.27493840850446,,1,27.753142048388895,1.2878803388135793,0.0,0.0,27.78300792436187
20260808_145501,20.0,4,C,Affine,EqualFusion,0.5485279525428421,0.45147204745715785,34.27493840850446,,1,22.587546531589474,17.628304864618144,0.0,0.0,28.652301665252644
20260808_145501,20.0,4,C,Affine,LOOWeightedFusion,0.5485279525428421,0.45147204745715785,34.27493840850446,,1,22.086194983399956,19.214239556454423,0.0,0.0,29.274340480659497
20260808_145501,20.0,4,C,Affine,LOOWeightedGated,0.5485279525428421,0.45147204745715785,34.27493840850446,15.39378796037687,0,,,0.0,0.0,
20260808_145501,20.0,4,C,Homography,ihawk1,,,23.93769430534485,,1,15.84309948823565,24.623577018675956,0.0,0.0,29.28010154676379
20260808_145501,20.0,4,C,Homography,ihawk2,,,23.93769430534485,,1,22.19971146508131,1.5453038416819427,0.0,0.0,22.25343014224952
20260808_145501,20.0,4,C,Homography,EqualFusion,0.2246105752586698,0.7753894247413302,23.93769430534485,,1,19.02140547665848,13.08444043017895,0.0,0.0,23.08714897249885
20260808_145501,20.0,4,C,Homography,LOOWeightedFusion,0.2246105752586698,0.7753894247413302,23.93769430534485,,1,20.771949192265858,6.728928055943297,0.0,0.0,21.83465928353669
20260808_145501,20.0,4,C,Homography,LOOWeightedGated,0.2246105752586698,0.7753894247413302,23.93769430534485,0.4995099461069983,0,,,0.0,0.0,
20260808_145501,20.0,4,C,PnP,ihawk1,,,7.128659861717117,,1,4.6458058078933995,7.291991722722845,0.0,0.0,8.64619308649272
20260808_145501,20.0,4,C,PnP,ihawk2,,,7.128659861717117,,1,2.5584133412622183,0.47579159990455305,0.0,0.0,2.6022790917363654
20260808_145501,20.0,4,C,PnP,EqualFusion,0.14582371906797045,0.8541762809320296,7.128659861717117,,1,3.602109574577809,3.8838916613136987,0.0,0.0,5.297150915736421
20260808_145501,20.0,4,C,PnP,LOOWeightedFusion,0.14582371906797045,0.8541762809320296,7.128659861717117,,1,2.8628046739008415,1.4697552517254735,0.0,0.0,3.2180477157561094
20260808_145501,20.0,4,C,PnP,LOOWeightedGated,0.14582371906797045,0.8541762809320296,7.128659861717117,13.162658413974393,1,2.8628046739008415,1.4697552517254735,0.0,0.0,3.2180477157561094
20260808_145501,25.0,0,TL,Affine,ihawk1,,,16.32219692154934,,1,-43.62586296785197,146.2714375769516,-70.0,113.5,42.066164848373774
20260808_145501,25.0,0,TL,Affine,ihawk2,,,16.32219692154934,,1,-40.414164893923044,130.2683407570309,-70.0,113.5,34.00733583607924
20260808_145501,25.0,0,TL,Affine,EqualFusion,0.5485279525428421,0.45147204745715785,16.32219692154934,,1,-42.02001393088751,138.26988916699125,-70.0,113.5,37.368797542505426
20260808_145501,25.0,0,TL,Affine,LOOWeightedFusion,0.5485279525428421,0.45147204745715785,16.32219692154934,,1,-42.17587106260107,139.04648669000687,-70.0,113.5,37.773074184234716
20260808_145501,25.0,0,TL,Affine,LOOWeightedGated,0.5485279525428421,0.45147204745715785,16.32219692154934,15.39378796037687,0,,,-70.0,113.5,
20260808_145501,25.0,0,TL,Homography,ihawk1,,,31.765326199866028,,1,-52.5355144157195,154.47471036869334,-70.0,113.5,44.5413868949076
20260808_145501,25.0,0,TL,Homography,ihawk2,,,31.765326199866028,,1,-44.273617845164225,123.80262185745332,-70.0,113.5,27.712646136995424
20260808_145501,25.0,0,TL,Homography,EqualFusion,0.2246105752586698,0.7753894247413302,31.765326199866028,,1,-48.404566130441864,139.13866611307333,-70.0,113.5,33.52169393202129
20260808_145501,25.0,0,TL,Homography,LOOWeightedFusion,0.2246105752586698,0.7753894247413302,31.765326199866028,,1,-46.12932718660427,130.6918973023478,-70.0,113.5,29.41717786291988
20260808_145501,25.0,0,TL,Homography,LOOWeightedGated,0.2246105752586698,0.7753894247413302,31.765326199866028,0.4995099461069983,0,,,-70.0,113.5,
20260808_145501,25.0,0,TL,PnP,ihawk1,,,3.744067711007294,,1,-67.09736282757424,116.65199427639872,-70.0,113.5,4.284900287427714
20260808_145501,25.0,0,TL,PnP,ihawk2,,,3.744067711007294,,1,-63.5549434715269,115.43984406685021,-70.0,113.5,6.730657371973984
20260808_145501,25.0,0,TL,PnP,EqualFusion,0.14582371906797045,0.8541762809320296,3.744067711007294,,1,-65.32615314955058,116.04591917162446,-70.0,113.5,5.322269141062012
20260808_145501,25.0,0,TL,PnP,LOOWeightedFusion,0.14582371906797045,0.8541762809320296,3.744067711007294,,1,-64.07151223652409,115.61660431847561,-70.0,113.5,6.294996505374189
20260808_145501,25.0,0,TL,PnP,LOOWeightedGated,0.14582371906797045,0.8541762809320296,3.744067711007294,13.162658413974393,1,-64.07151223652409,115.61660431847561,-70.0,113.5,6.294996505374189
20260808_145501,25.0,1,TR,Affine,ihawk1,,,31.824084218232564,,1,76.83383326312206,127.91159844328729,70.0,113.5,15.949778893724957
20260808_145501,25.0,1,TR,Affine,ihawk2,,,31.824084218232564,,1,94.67391342190047,101.55815699330736,70.0,113.5,27.411851778891805
20260808_145501,25.0,1,TR,Affine,EqualFusion,0.5485279525428421,0.45147204745715785,31.824084218232564,,1,85.75387334251127,114.73487771829733,70.0,113.5,15.802197577268625
20260808_145501,25.0,1,TR,Affine,LOOWeightedFusion,0.5485279525428421,0.45147204745715785,31.824084218232564,,1,84.88813077920557,116.01375627432253,70.0,113.5,15.098854549449243
20260808_145501,25.0,1,TR,Affine,LOOWeightedGated,0.5485279525428421,0.45147204745715785,31.824084218232564,15.39378796037687,0,,,70.0,113.5,
20260808_145501,25.0,1,TR,Homography,ihawk1,,,30.838405095679477,,1,98.03617252892,153.3709433763747,70.0,113.5,48.74134893284598
20260808_145501,25.0,1,TR,Homography,ihawk2,,,30.838405095679477,,1,105.5251904307565,123.45569910675185,70.0,113.5,36.89383552635444
20260808_145501,25.0,1,TR,Homography,EqualFusion,0.2246105752586698,0.7753894247413302,30.838405095679477,,1,101.78068147983825,138.41332124156327,70.0,113.5,40.381744521606066
20260808_145501,25.0,1,TR,Homography,LOOWeightedFusion,0.2246105752586698,0.7753894247413302,30.838405095679477,,1,103.84307781170253,130.17497933115547,70.0,113.5,37.728091012711126
20260808_145501,25.0,1,TR,Homography,LOOWeightedGated,0.2246105752586698,0.7753894247413302,30.838405095679477,0.4995099461069983,0,,,70.0,113.5,
20260808_145501,25.0,1,TR,PnP,ihawk1,,,16.305740197667706,,1,82.58955626622651,129.2195730386257,70.0,113.5,20.13956065799776
20260808_145501,25.0,1,TR,PnP,ihawk2,,,16.305740197667706,,1,74.88590654387157,114.84838852415031,70.0,113.5,5.0685534788051
20260808_145501,25.0,1,TR,PnP,EqualFusion,0.14582371906797045,0.8541762809320296,16.305740197667706,,1,78.73773140504903,122.03398078138801,70.0,113.5,12.213794581696552
20260808_145501,25.0,1,TR,PnP,LOOWeightedFusion,0.14582371906797045,0.8541762809320296,16.305740197667706,,1,76.00928139678231,116.94404809746314,70.0,113.5,6.92624936046584
20260808_145501,25.0,1,TR,PnP,LOOWeightedGated,0.14582371906797045,0.8541762809320296,16.305740197667706,13.162658413974393,0,,,70.0,113.5,
20260808_145501,25.0,2,BL,Affine,ihawk1,,,40.245627261250135,,1,-54.87329183840332,-88.43050243619234,-70.0,-113.5,29.279634695601544
20260808_145501,25.0,2,BL,Affine,ihawk2,,,40.245627261250135,,1,-40.74673648862688,-126.11539261251079,-70.0,-113.5,31.85751962776804
20260808_145501,25.0,2,BL,Affine,EqualFusion,0.5485279525428421,0.45147204745715785,40.245627261250135,,1,-47.8100141635151,-107.27294752435157,-70.0,-113.5,23.047161516288288
20260808_145501,25.0,2,BL,Affine,LOOWeightedFusion,0.5485279525428421,0.45147204745715785,40.245627261250135,,1,-48.495546971122884,-105.44417696229297,-70.0,-113.5,22.96383645835411
20260808_145501,25.0,2,BL,Affine,LOOWeightedGated,0.5485279525428421,0.45147204745715785,40.245627261250135,15.39378796037687,0,,,-70.0,-113.5,
20260808_145501,25.0,2,BL,Homography,ihawk1,,,31.187639419813408,,1,-52.760162398002294,-89.780480244738,-70.0,-113.5,29.32281736060705
20260808_145501,25.0,2,BL,Homography,ihawk2,,,31.187639419813408,,1,-44.662120096482646,-119.8984244551767,-70.0,-113.5,26.13327368535507
20260808_145501,25.0,2,BL,Homography,EqualFusion,0.2246105752586698,0.7753894247413302,31.187639419813408,,1,-48.711141247242466,-104.83945234995736,-70.0,-113.5,22.98305011510701
20260808_145501,25.0,2,BL,Homography,LOOWeightedFusion,0.2246105752586698,0.7753894247413302,31.187639419813408,,1,-46.481026036296015,-113.13361568046155,-70.0,-113.5,23.52182760278184
20260808_145501,25.0,2,BL,Homography,LOOWeightedGated,0.2246105752586698,0.7753894247413302,31.187639419813408,0.4995099461069983,0,,,-70.0,-113.5,
20260808_145501,25.0,2,BL,PnP,ihawk1,,,4.3380088408824555,,1,-66.42664541462625,-110.38538317395317,-70.0,-113.5,4.7402216156953685
20260808_145501,25.0,2,BL,PnP,ihawk2,,,4.3380088408824555,,1,-64.78604599366899,-114.4011961979284,-70.0,-113.5,5.291263645604495
20260808_145501,25.0,2,BL,PnP,EqualFusion,0.14582371906797045,0.8541762809320296,4.3380088408824555,,1,-65.60634570414763,-112.39328968594079,-70.0,-113.5,4.530894590553508
20260808_145501,25.0,2,BL,PnP,LOOWeightedFusion,0.14582371906797045,0.8541762809320296,4.3380088408824555,,1,-65.02528430273374,-113.81559540769075,-70.0,-113.5,4.98471631389218
20260808_145501,25.0,2,BL,PnP,LOOWeightedGated,0.14582371906797045,0.8541762809320296,4.3380088408824555,13.162658413974393,1,-65.02528430273374,-113.81559540769075,-70.0,-113.5,4.98471631389218
20260808_145501,25.0,3,BR,Affine,ihawk1,,,17.74324623493456,,1,100.53489047500567,-81.88776759001064,70.0,-113.5,43.95125452434519
20260808_145501,25.0,3,BR,Affine,ihawk2,,,17.74324623493456,,1,94.28558746120325,-98.49406154125694,70.0,-113.5,28.547643464274532
20260808_145501,25.0,3,BR,Affine,EqualFusion,0.5485279525428421,0.45147204745715785,17.74324623493456,,1,97.41023896810447,-90.19091456563379,70.0,-113.5,35.98103200403201
20260808_145501,25.0,3,BR,Affine,LOOWeightedFusion,0.5485279525428421,0.45147204745715785,17.74324623493456,,1,97.7135048481841,-89.38504512085522,70.0,-113.5,36.736485947808234
20260808_145501,25.0,3,BR,Affine,LOOWeightedGated,0.5485279525428421,0.45147204745715785,17.74324623493456,15.39378796037687,0,,,70.0,-113.5,
20260808_145501,25.0,3,BR,Homography,ihawk1,,,31.04688379202325,,1,97.562075553027,-90.01885185151399,70.0,-113.5,36.20818039009855
20260808_145501,25.0,3,BR,Homography,ihawk2,,,31.04688379202325,,1,105.5737547271799,-120.01421799373404,70.0,-113.5,36.16527424836487
20260808_145501,25.0,3,BR,Homography,EqualFusion,0.2246105752586698,0.7753894247413302,31.04688379202325,,1,101.56791514010345,-105.016534922624,70.0,-113.5,32.68795567195708
20260808_145501,25.0,3,BR,Homography,LOOWeightedFusion,0.2246105752586698,0.7753894247413302,31.04688379202325,,1,103.77424685908551,-113.27694154943556,70.0,-113.5,33.774983434056864
20260808_145501,25.0,3,BR,Homography,LOOWeightedGated,0.2246105752586698,0.7753894247413302,31.04688379202325,0.4995099461069983,0,,,70.0,-113.5,
20260808_145501,25.0,3,BR,PnP,ihawk1,,,4.746056933288384,,1,76.12720647415877,-110.18423224197429,70.0,-113.5,6.966848283272429
20260808_145501,25.0,3,BR,PnP,ihawk2,,,4.746056933288384,,1,74.22287279415221,-114.53148075674859,70.0,-113.5,4.347022795791798
20260808_145501,25.0,3,BR,PnP,EqualFusion,0.14582371906797045,0.8541762809320296,4.746056933288384,,1,75.1750396341555,-112.35785649936145,70.0,-113.5,5.299578001230961
20260808_145501,25.0,3,BR,PnP,LOOWeightedFusion,0.14582371906797045,0.8541762809320296,4.746056933288384,,1,74.50056981371716,-113.89754881061148,70.0,-113.5,4.518094034541639
20260808_145501,25.0,3,BR,PnP,LOOWeightedGated,0.14582371906797045,0.8541762809320296,4.746056933288384,13.162658413974393,1,74.50056981371716,-113.89754881061148,70.0,-113.5,4.518094034541639
20260808_145501,25.0,4,C,Affine,ihawk1,,,39.5765402467919,,1,22.798495200236108,39.16769224859547,0.0,0.0,45.319747345675644
20260808_145501,25.0,4,C,Affine,ihawk2,,,39.5765402467919,,1,34.48914362766459,1.3572270669529303,0.0,0.0,34.51583829897438
20260808_145501,25.0,4,C,Affine,EqualFusion,0.5485279525428421,0.45147204745715785,39.5765402467919,,1,28.643819413950347,20.2624596577742,0.0,0.0,35.08611779610172
20260808_145501,25.0,4,C,Affine,LOOWeightedFusion,0.5485279525428421,0.45147204745715785,39.5765402467919,,1,28.076496181869047,22.097324117731738,0.0,0.0,35.72927890420678
20260808_145501,25.0,4,C,Affine,LOOWeightedGated,0.5485279525428421,0.45147204745715785,39.5765402467919,15.39378796037687,0,,,0.0,0.0,
20260808_145501,25.0,4,C,Homography,ihawk1,,,30.1178738654426,,1,21.97811759675494,30.746448120289063,0.0,0.0,37.79393767670175
20260808_145501,25.0,4,C,Homography,ihawk2,,,30.1178738654426,,1,29.68205038031448,1.6305461792344604,0.0,0.0,29.726802647142243
20260808_145501,25.0,4,C,Homography,EqualFusion,0.2246105752586698,0.7753894247413302,30.1178738654426,,1,25.83008398853471,16.188497149761762,0.0,0.0,30.4837773056851
20260808_145501,25.0,4,C,Homography,LOOWeightedFusion,0.2246105752586698,0.7753894247413302,30.1178738654426,,1,27.951665606045044,8.170285663389755,0.0,0.0,29.12128393415293
20260808_145501,25.0,4,C,Homography,LOOWeightedGated,0.2246105752586698,0.7753894247413302,30.1178738654426,0.4995099461069983,0,,,0.0,0.0,
20260808_145501,25.0,4,C,PnP,ihawk1,,,7.001825015471211,,1,6.460777741116992,6.849947793827168,0.0,0.0,9.416126262867893
20260808_145501,25.0,4,C,PnP,ihawk2,,,7.001825015471211,,1,4.222844590877213,0.21540118065635666,0.0,0.0,4.228334673051448
20260808_145501,25.0,4,C,PnP,EqualFusion,0.14582371906797045,0.8541762809320296,7.001825015471211,,1,5.341811165997102,3.532674487241762,0.0,0.0,6.404274788450302
20260808_145501,25.0,4,C,PnP,LOOWeightedFusion,0.14582371906797045,0.8541762809320296,7.001825015471211,,1,4.549188325870677,1.182875442118732,0.0,0.0,4.700458353799727
20260808_145501,25.0,4,C,PnP,LOOWeightedGated,0.14582371906797045,0.8541762809320296,7.001825015471211,13.162658413974393,1,4.549188325870677,1.182875442118732,0.0,0.0,4.700458353799727
20260808_145501,30.0,0,TL,Affine,ihawk1,,,22.922948710834923,,1,-43.73076086275195,153.99507412395008,-70.0,113.5,48.26928581566269
20260808_145501,30.0,0,TL,Affine,ihawk2,,,22.922948710834923,,1,-38.046156492478644,131.7881641463544,-70.0,113.5,36.81718434029369
20260808_145501,30.0,0,TL,Affine,EqualFusion,0.5485279525428421,0.45147204745715785,22.922948710834923,,1,-40.8884586776153,142.89161913515224,-70.0,113.5,41.36845553741111
20260808_145501,30.0,0,TL,Affine,LOOWeightedFusion,0.5485279525428421,0.45147204745715785,22.922948710834923,,1,-41.16432088872075,143.96927500866818,-70.0,113.5,41.950841581099624
20260808_145501,30.0,0,TL,Affine,LOOWeightedGated,0.5485279525428421,0.45147204745715785,22.922948710834923,15.39378796037687,0,,,-70.0,113.5,
20260808_145501,30.0,0,TL,Homography,ihawk1,,,40.85388319793488,,1,-53.06355629777022,165.10671797502656,-70.0,113.5,54.3147904850302
20260808_145501,30.0,0,TL,Homography,ihawk2,,,40.85388319793488,,1,-42.214396080249436,125.71972145428293,-70.0,113.5,30.353935125540485
20260808_145501,30.0,0,TL,Homography,EqualFusion,0.2246105752586698,0.7753894247413302,40.85388319793488,,1,-47.638976189009824,145.41321971465476,-70.0,113.5,38.967537495093254
20260808_145501,30.0,0,TL,Homography,LOOWeightedFusion,0.2246105752586698,0.7753894247413302,40.85388319793488,,1,-44.65123219778026,134.56645740051837,-70.0,113.5,32.959909837539115
20260808_145501,30.0,0,TL,Homography,LOOWeightedGated,0.2246105752586698,0.7753894247413302,40.85388319793488,0.4995099461069983,0,,,-70.0,113.5,
20260808_145501,30.0,0,TL,PnP,ihawk1,,,7.374291137693465,,1,-69.36540423351245,121.88009230204919,-70.0,113.5,8.40408583831151
20260808_145501,30.0,0,TL,PnP,ihawk2,,,7.374291137693465,,1,-67.1476522072528,114.84718780010367,-70.0,113.5,3.154489324682834
20260808_145501,30.0,0,TL,PnP,EqualFusion,0.14582371906797045,0.8541762809320296,7.374291137693465,,1,-68.25652822038262,118.36364005107643,-70.0,113.5,5.1666902745139405
20260808_145501,30.0,0,TL,PnP,LOOWeightedFusion,0.14582371906797045,0.8541762809320296,7.374291137693465,,1,-67.47105305569252,115.87275209042724,-70.0,113.5,3.467783893172839
20260808_145501,30.0,0,TL,PnP,LOOWeightedGated,0.14582371906797045,0.8541762809320296,7.374291137693465,13.162658413974393,1,-67.47105305569252,115.87275209042724,-70.0,113.5,3.467783893172839
20260808_145501,30.0,1,TR,Affine,ihawk1,,,36.760061012409516,,1,77.53814286478432,134.1737130602054,70.0,113.5,22.00513598107509
20260808_145501,30.0,1,TR,Affine,ihawk2,,,36.760061012409516,,1,97.40351983963001,103.24364866836584,70.0,113.5,29.259966545416784
20260808_145501,30.0,1,TR,Affine,EqualFusion,0.5485279525428421,0.45147204745715785,36.760061012409516,,1,87.47083135220717,118.70868086428561,70.0,113.5,18.230751615971297
20260808_145501,30.0,1,TR,Affine,LOOWeightedFusion,0.5485279525428421,0.45147204745715785,36.760061012409516,,1,86.50680528112619,120.20965356123985,70.0,113.5,17.818363322731805
20260808_145501,30.0,1,TR,Affine,LOOWeightedGated,0.5485279525428421,0.45147204745715785,36.760061012409516,15.39378796037687,0,,,70.0,113.5,
20260808_145501,30.0,1,TR,Homography,ihawk1,,,38.03922954651352,,1,100.06314686154613,163.07917919140942,70.0,113.5,57.981788593598736
20260808_145501,30.0,1,TR,Homography,ihawk2,,,38.03922954651352,,1,109.41624480373247,126.20774657242625,70.0,113.5,41.4140939461046
20260808_145501,30.0,1,TR,Homography,EqualFusion,0.2246105752586698,0.7753894247413302,38.03922954651352,,1,104.7396958326393,144.64346288191783,70.0,113.5,46.6557793507052
20260808_145501,30.0,1,TR,Homography,LOOWeightedFusion,0.2246105752586698,0.7753894247413302,38.03922954651352,,1,107.31544009448731,134.48946026358735,70.0,113.5,42.81354355343626
20260808_145501,30.0,1,TR,Homography,LOOWeightedGated,0.2246105752586698,0.7753894247413302,38.03922954651352,0.4995099461069983,0,,,70.0,113.5,
20260808_145501,30.0,1,TR,PnP,ihawk1,,,16.288359479491298,,1,79.26373954752106,130.2402163635889,70.0,113.5,19.13247799695782
20260808_145501,30.0,1,TR,PnP,ihawk2,,,16.288359479491298,,1,72.2524315312214,115.53810037868026,70.0,113.5,3.03764727320619
20260808_145501,30.0,1,TR,PnP,EqualFusion,0.14582371906797045,0.8541762809320296,16.288359479491298,,1,75.75808553937122,122.88915837113458,70.0,113.5,11.014165606025843
20260808_145501,30.0,1,TR,PnP,LOOWeightedFusion,0.14582371906797045,0.8541762809320296,16.288359479491298,,1,73.2748465416893,117.6820176097683,70.0,113.5,5.3116749862944825
20260808_145501,30.0,1,TR,PnP,LOOWeightedGated,0.14582371906797045,0.8541762809320296,16.288359479491298,13.162658413974393,0,,,70.0,113.5,
20260808_145501,30.0,2,BL,Affine,ihawk1,,,48.397010163943705,,1,-52.47013375331626,-81.8887198126821,-70.0,-113.5,36.14649700465785
20260808_145501,30.0,2,BL,Affine,ihawk2,,,48.397010163943705,,1,-36.503540403516695,-127.57611949367737,-70.0,-113.5,36.33386774758672
20260808_145501,30.0,2,BL,Affine,EqualFusion,0.5485279525428421,0.45147204745715785,48.397010163943705,,1,-44.48683707841648,-104.73241965317973,-70.0,-113.5,26.97761937979727
20260808_145501,30.0,2,BL,Affine,LOOWeightedFusion,0.5485279525428421,0.45147204745715785,48.397010163943705,,1,-45.26166316276641,-102.51530368965453,-70.0,-113.5,27.067487184867122
20260808_145501,30.0,2,BL,Affine,LOOWeightedGated,0.5485279525428421,0.45147204745715785,48.397010163943705,15.39378796037687,0,,,-70.0,-113.5,
20260808_145501,30.0,2,BL,Homography,ihawk1,,,38.79889475190481,,1,-50.967836731170145,-84.65683918118785,-70.0,-113.5,34.55649236701053
20260808_145501,30.0,2,BL,Homography,ihawk2,,,38.79889475190481,,1,-40.949650975123696,-122.14003792578187,-70.0,-113.5,30.30796980706693
20260808_145501,30.0,2,BL,Homography,EqualFusion,0.2246105752586698,0.7753894247413302,38.79889475190481,,1,-45.95874385314692,-103.39843855348485,-70.0,-113.5,26.077260990685396
20260808_145501,30.0,2,BL,Homography,LOOWeightedFusion,0.2246105752586698,0.7753894247413302,38.79889475190481,,1,-43.1998414408375,-113.72091509322355,-70.0,-113.5,26.801069050966323
20260808_145501,30.0,2,BL,Homography,LOOWeightedGated,0.2246105752586698,0.7753894247413302,38.79889475190481,0.4995099461069983,0,,,-70.0,-113.5,
20260808_145501,30.0,2,BL,PnP,ihawk1,,,4.033572628805858,,1,-68.08472222341457,-110.72637383790014,-70.0,-113.5,3.370651427924105
20260808_145501,30.0,2,BL,PnP,ihawk2,,,4.033572628805858,,1,-67.66063789416711,-114.73759068987144,-70.0,-113.5,2.6465535660294806
20260808_145501,30.0,2,BL,PnP,EqualFusion,0.14582371906797045,0.8541762809320296,4.033572628805858,,1,-67.87268005879085,-112.73198226388578,-70.0,-113.5,2.261712045166695
20260808_145501,30.0,2,BL,PnP,LOOWeightedFusion,0.14582371906797045,0.8541762809320296,4.033572628805858,,1,-67.72247944825642,-114.15266013052887,-70.0,-113.5,2.3691908132517177
20260808_145501,30.0,2,BL,PnP,LOOWeightedGated,0.14582371906797045,0.8541762809320296,4.033572628805858,13.162658413974393,1,-67.72247944825642,-114.15266013052887,-70.0,-113.5,2.3691908132517177
20260808_145501,30.0,3,BR,Affine,ihawk1,,,25.13932896263547,,1,102.79958250075371,-73.7579694411503,70.0,-113.5,51.52903652470414
20260808_145501,30.0,3,BR,Affine,ihawk2,,,25.13932896263547,,1,98.1831047314169,-98.46978834824051,70.0,-113.5,31.940486135916913
20260808_145501,30.0,3,BR,Affine,EqualFusion,0.5485279525428421,0.45147204745715785,25.13932896263547,,1,100.49134361608532,-86.1138788946954,70.0,-113.5,40.98440758030542
20260808_145501,30.0,3,BR,Affine,LOOWeightedFusion,0.5485279525428421,0.45147204745715785,25.13932896263547,,1,100.71537183019078,-84.91466491952482,70.0,-113.5,41.958973394613956
20260808_145501,30.0,3,BR,Affine,LOOWeightedGated,0.5485279525428421,0.45147204745715785,25.13932896263547,15.39378796037687,0,,,70.0,-113.5,
20260808_145501,30.0,3,BR,Homography,ihawk1,,,39.57346012022637,,1,101.11740758848111,-82.69637324385715,70.0,-113.5,43.78534545209643
20260808_145501,30.0,3,BR,Homography,ihawk2,,,39.57346012022637,,1,111.17280214290724,-120.97100957448693,70.0,-113.5,41.84513855110367
20260808_145501,30.0,3,BR,Homography,EqualFusion,0.2246105752586698,0.7753894247413302,39.57346012022637,,1,106.14510486569418,-101.83369140917205,70.0,-113.5,37.98119747833729
20260808_145501,30.0,3,BR,Homography,LOOWeightedFusion,0.2246105752586698,0.7753894247413302,39.57346012022637,,1,108.91425418758469,-112.37412149044779,70.0,-113.5,38.930537902708515
20260808_145501,30.0,3,BR,Homography,LOOWeightedGated,0.2246105752586698,0.7753894247413302,39.57346012022637,0.4995099461069983,0,,,70.0,-113.5,
20260808_145501,30.0,3,BR,PnP,ihawk1,,,14.571874529850675,,1,80.61113477194505,-102.22885759604313,70.0,-113.5,15.480143159501335
20260808_145501,30.0,3,BR,PnP,ihawk2,,,14.571874529850675,,1,72.02202042305066,-114.0002908993978,70.0,-113.5,2.082992456840455
20260808_145501,30.0,3,BR,PnP,EqualFusion,0.14582371906797045,0.8541762809320296,14.571874529850675,,1,76.31657759749785,-108.11457424772047,70.0,-113.5,8.300720636097044
20260808_145501,30.0,3,BR,PnP,LOOWeightedFusion,0.14582371906797045,0.8541762809320296,14.571874529850675,,1,73.27451702090652,-112.28373671634206,70.0,-113.5,3.4931015008700887
20260808_145501,30.0,3,BR,PnP,LOOWeightedGated,0.14582371906797045,0.8541762809320296,14.571874529850675,13.162658413974393,0,,,70.0,-113.5,
20260808_145501,30.0,4,C,Affine,ihawk1,,,46.037147696447036,,1,24.023521019632927,45.58069934162825,0.0,0.0,51.52406927497725
20260808_145501,30.0,4,C,Affine,ihawk2,,,46.037147696447036,,1,38.010026359723724,1.719593149512093,0.0,0.0,38.04890411650172
20260808_145501,30.0,4,C,Affine,EqualFusion,0.5485279525428421,0.45147204745715785,46.037147696447036,,1,31.016773689678324,23.65014624557017,0.0,0.0,39.00473903968053
20260808_145501,30.0,4,C,Affine,LOOWeightedFusion,0.5485279525428421,0.45147204745715785,46.037147696447036,,1,30.33803722229419,25.778635925337746,0.0,0.0,39.81123676391405
20260808_145501,30.0,4,C,Affine,LOOWeightedGated,0.5485279525428421,0.45147204745715785,46.037147696447036,15.39378796037687,0,,,0.0,0.0,
20260808_145501,30.0,4,C,Homography,ihawk1,,,37.412027184026904,,1,23.630266444740492,38.07173968933038,0.0,0.0,44.80900417574087
20260808_145501,30.0,4,C,Homography,ihawk2,,,37.412027184026904,,1,33.66717670830931,2.031204033219013,0.0,0.0,33.72839422998211
20260808_145501,30.0,4,C,Homography,EqualFusion,0.2246105752586698,0.7753894247413302,37.412027184026904,,1,28.648721576524903,20.051471861274695,0.0,0.0,34.96871132559412
20260808_145501,30.0,4,C,Homography,LOOWeightedFusion,0.2246105752586698,0.7753894247413302,37.412027184026904,,1,31.41278052018947,10.126289479568788,0.0,0.0,33.004613596187134
20260808_145501,30.0,4,C,Homography,LOOWeightedGated,0.2246105752586698,0.7753894247413302,37.412027184026904,0.4995099461069983,0,,,0.0,0.0,
20260808_145501,30.0,4,C,PnP,ihawk1,,,8.130436638425941,,1,4.230121722092107,7.85773707335061,0.0,0.0,8.924010404387934
20260808_145501,30.0,4,C,PnP,ihawk2,,,8.130436638425941,,1,1.5279894933852098,0.18945947339099314,0.0,0.0,1.5396904831664
20260808_145501,30.0,4,C,PnP,EqualFusion,0.14582371906797045,0.8541762809320296,8.130436638425941,,1,2.879055607738658,4.023598273370801,0.0,0.0,4.947555381996639
20260808_145501,30.0,4,C,PnP,LOOWeightedFusion,0.14582371906797045,0.8541762809320296,8.130436638425941,,1,1.9220244643886732,1.307676231862715,0.0,0.0,2.3246924891450127
20260808_145501,30.0,4,C,PnP,LOOWeightedGated,0.14582371906797045,0.8541762809320296,8.130436638425941,13.162658413974393,1,1.9220244643886732,1.307676231862715,0.0,0.0,2.3246924891450127
20260808_145501,35.0,0,TL,Affine,ihawk1,,,26.404232837371225,,1,-39.0340272781569,158.5424419848722,-70.0,113.5,54.65997664260852
20260808_145501,35.0,0,TL,Affine,ihawk2,,,26.404232837371225,,1,-30.804636664815803,133.4533877607057,-70.0,113.5,43.9819757412759
20260808_145501,35.0,0,TL,Affine,EqualFusion,0.5485279525428421,0.45147204745715785,26.404232837371225,,1,-34.91933197148635,145.99791487278895,-70.0,113.5,47.82016039711512
20260808_145501,35.0,0,TL,Affine,LOOWeightedFusion,0.5485279525428421,0.45147204745715785,26.404232837371225,,1,-35.31868744862708,147.2154353055241,-70.0,113.5,48.368626382470254
20260808_145501,35.0,0,TL,Affine,LOOWeightedGated,0.5485279525428421,0.45147204745715785,26.404232837371225,15.39378796037687,0,,,-70.0,113.5,
20260808_145501,35.0,0,TL,Homography,ihawk1,,,45.3630114515516,,1,-47.93627033093892,172.52252070868843,-70.0,113.5,63.01163478054637
20260808_145501,35.0,0,TL,Homography,ihawk2,,,45.3630114515516,,1,-35.81914810216398,128.80778455660203,-70.0,113.5,37.45208811926438
20260808_145501,35.0,0,TL,Homography,EqualFusion,0.2246105752586698,0.7753894247413302,45.3630114515516,,1,-41.87770921655145,150.66515263264523,-70.0,113.5,46.6059203226012
20260808_145501,35.0,0,TL,Homography,LOOWeightedFusion,0.2246105752586698,0.7753894247413302,45.3630114515516,,1,-38.540781896448735,138.62657659100313,-70.0,113.5,40.2619827488706
20260808_145501,35.0,0,TL,Homography,LOOWeightedGated,0.2246105752586698,0.7753894247413302,45.3630114515516,0.4995099461069983,0,,,-70.0,113.5,
20260808_145501,35.0,0,TL,PnP,ihawk1,,,4.3226900285784,,1,-69.28566470393201,116.48549697740917,-70.0,113.5,3.069766622616095
20260808_145501,35.0,0,TL,PnP,ihawk2,,,4.3226900285784,,1,-64.97973593128583,116.10519908355639,-70.0,113.5,5.655980338065682
20260808_145501,35.0,0,TL,PnP,EqualFusion,0.14582371906797045,0.8541762809320296,4.3226900285784,,1,-67.13270031760892,116.29534803048278,-70.0,113.5,4.004419818171411
20260808_145501,35.0,0,TL,PnP,LOOWeightedFusion,0.14582371906797045,0.8541762809320296,4.3226900285784,,1,-65.60764247895489,116.16065553679171,-70.0,113.5,5.135357093537113
20260808_145501,35.0,0,TL,PnP,LOOWeightedGated,0.14582371906797045,0.8541762809320296,4.3226900285784,13.162658413974393,1,-65.60764247895489,116.16065553679171,-70.0,113.5,5.135357093537113
20260808_145501,35.0,1,TR,Affine,ihawk1,,,39.300361835832476,,1,81.32310361320332,135.7503196814057,70.0,113.5,24.965764585930227
20260808_145501,35.0,1,TR,Affine,ihawk2,,,39.300361835832476,,1,103.67030791407439,103.42198999423368,70.0,113.5,35.14620777132159
20260808_145501,35.0,1,TR,Affine,EqualFusion,0.5485279525428421,0.45147204745715785,39.300361835832476,,1,92.49670576363886,119.58615483781969,70.0,113.5,23.305429644734247
20260808_145501,35.0,1,TR,Affine,LOOWeightedFusion,0.5485279525428421,0.45147204745715785,39.300361835832476,,1,91.41224169386098,121.15498248666813,70.0,113.5,22.739455825228408
20260808_145501,35.0,1,TR,Affine,LOOWeightedGated,0.5485279525428421,0.45147204745715785,39.300361835832476,15.39378796037687,0,,,70.0,113.5,
20260808_145501,35.0,1,TR,Homography,ihawk1,,,40.395602452263404,,1,105.75737281915771,166.4109863229353,70.0,113.5,63.86049001216702
20260808_145501,35.0,1,TR,Homography,ihawk2,,,40.395602452263404,,1,118.53042496601279,128.0879666567473,70.0,113.5,50.675545567464475
20260808_145501,35.0,1,TR,Homography,EqualFusion,0.2246105752586698,0.7753894247413302,40.395602452263404,,1,112.14389889258524,147.2494764898413,70.0,113.5,53.99199363986107
20260808_145501,35.0,1,TR,Homography,LOOWeightedFusion,0.2246105752586698,0.7753894247413302,40.395602452263404,,1,115.66146237549867,136.69572214961912,70.0,113.5,51.215336299895675
20260808_145501,35.0,1,TR,Homography,LOOWeightedGated,0.2246105752586698,0.7753894247413302,40.395602452263404,0.4995099461069983,0,,,70.0,113.5,
20260808_145501,35.0,1,TR,PnP,ihawk1,,,14.216326848323297,,1,65.07054817517079,102.80682946976893,70.0,113.5,11.774692831743609
20260808_145501,35.0,1,TR,PnP,ihawk2,,,14.216326848323297,,1,72.60889086966655,114.85993440081056,70.0,113.5,2.9420627363021126
20260808_145501,35.0,1,TR,PnP,EqualFusion,0.14582371906797045,0.8541762809320296,14.216326848323297,,1,68.83971952241868,108.83338193528974,70.0,113.5,4.80869784333935
20260808_145501,35.0,1,TR,PnP,LOOWeightedFusion,0.14582371906797045,0.8541762809320296,14.216326848323297,,1,71.50962170234632,113.10230581344958,70.0,113.5,1.5611272690626516
20260808_145501,35.0,1,TR,PnP,LOOWeightedGated,0.14582371906797045,0.8541762809320296,14.216326848323297,13.162658413974393,0,,,70.0,113.5,
20260808_145501,35.0,2,BL,Affine,ihawk1,,,56.25613824662701,,1,-48.89592926752904,-73.68379409530496,-70.0,-113.5,45.06342257448062
20260808_145501,35.0,2,BL,Affine,ihawk2,,,56.25613824662701,,1,-31.06957454546705,-127.04083831391614,-70.0,-113.5,41.21810680167839
20260808_145501,35.0,2,BL,Affine,EqualFusion,0.5485279525428421,0.45147204745715785,56.25613824662701,,1,-39.982751906498045,-100.36231620461055,-70.0,-113.5,32.766353453115364
20260808_145501,35.0,2,BL,Affine,LOOWeightedFusion,0.5485279525428421,0.45147204745715785,56.25613824662701,,1,-40.84782840246214,-97.77300809494346,-70.0,-113.5,33.1238189711574
20260808_145501,35.0,2,BL,Affine,LOOWeightedGated,0.5485279525428421,0.45147204745715785,56.25613824662701,15.39378796037687,0,,,-70.0,-113.5,
20260808_145501,35.0,2,BL,Homography,ihawk1,,,46.20586778966433,,1,-48.19041776350014,-78.12175307770217,-70.0,-113.5,41.56053696267321
20260808_145501,35.0,2,BL,Homography,ihawk2,,,46.20586778966433,,1,-36.118531774990345,-122.72278206668807,-70.0,-113.5,35.1142933594279
20260808_145501,35.0,2,BL,Homography,EqualFusion,0.2246105752586698,0.7753894247413302,46.20586778966433,,1,-42.15447476924524,-100.42226757219512,-70.0,-113.5,30.763620736673037
20260808_145501,35.0,2,BL,Homography,LOOWeightedFusion,0.2246105752586698,0.7753894247413302,46.20586778966433,,1,-38.83000503132661,-112.70491928834333,-70.0,-113.5,31.180133734241313
20260808_145501,35.0,2,BL,Homography,LOOWeightedGated,0.2246105752586698,0.7753894247413302,46.20586778966433,0.4995099461069983,0,,,-70.0,-113.5,
20260808_145501,35.0,2,BL,PnP,ihawk1,,,5.036809631003245,,1,-68.12000971311745,-108.70798241974666,-70.0,-113.5,5.147600991552261
20260808_145501,35.0,2,BL,PnP,ihawk2,,,5.036809631003245,,1,-69.04111955681057,-113.65985155319704,-70.0,-113.5,0.9721132770365102
20260808_145501,35.0,2,BL,PnP,EqualFusion,0.14582371906797045,0.8541762809320296,5.036809631003245,,1,-68.58056463496402,-111.18391698647184,-70.0,-113.5,2.716438344794245
20260808_145501,35.0,2,BL,PnP,LOOWeightedFusion,0.14582371906797045,0.8541762809320296,5.036809631003245,,1,-68.90679989373312,-112.93775157981942,-70.0,-113.5,1.229312717878356
20260808_145501,35.0,2,BL,PnP,LOOWeightedGated,0.14582371906797045,0.8541762809320296,5.036809631003245,13.162658413974393,1,-68.90679989373312,-112.93775157981942,-70.0,-113.5,1.229312717878356
20260808_145501,35.0,3,BR,Affine,ihawk1,,,29.211650886294613,,1,106.80007035885454,-70.04391112635346,70.0,-113.5,56.94450665877184
20260808_145501,35.0,3,BR,Affine,ihawk2,,,29.211650886294613,,1,103.18339010214567,-99.03080767330187,70.0,-113.5,36.200758351975985
20260808_145501,35.0,3,BR,Affine,EqualFusion,0.5485279525428421,0.45147204745715785,29.211650886294613,,1,104.99173023050011,-84.53735939982766,70.0,-113.5,45.42307491857906
20260808_145501,35.0,3,BR,Affine,LOOWeightedFusion,0.5485279525428421,0.45147204745715785,29.211650886294613,,1,105.16724031836031,-83.13068465983307,70.0,-113.5,46.46536458309357
20260808_145501,35.0,3,BR,Affine,LOOWeightedGated,0.5485279525428421,0.45147204745715785,29.211650886294613,15.39378796037687,0,,,70.0,-113.5,
20260808_145501,35.0,3,BR,Homography,ihawk1,,,45.29809076143675,,1,106.10751297855371,-79.38726522726041,70.0,-113.5,49.67324397672958
20260808_145501,35.0,3,BR,Homography,ihawk2,,,45.29809076143675,,1,118.49347319075133,-122.95910264838851,70.0,-113.5,49.4074039493563
20260808_145501,35.0,3,BR,Homography,EqualFusion,0.2246105752586698,0.7753894247413302,45.29809076143675,,1,112.30049308465252,-101.17318393782446,70.0,-113.5,44.0599830848293
20260808_145501,35.0,3,BR,Homography,LOOWeightedFusion,0.2246105752586698,0.7753894247413302,45.29809076143675,,1,115.71145554235864,-113.1724071801517,70.0,-113.5,45.712629380256026
20260808_145501,35.0,3,BR,Homography,LOOWeightedGated,0.2246105752586698,0.7753894247413302,45.29809076143675,0.4995099461069983,0,,,70.0,-113.5,
20260808_145501,35.0,3,BR,PnP,ihawk1,,,4.925250704064185,,1,73.6478858343387,-109.90368557083019,70.0,-113.5,5.122552931285716
20260808_145501,35.0,3,BR,PnP,ihawk2,,,4.925250704064185,,1,71.943705211218,-114.5247095809025,70.0,-113.5,2.197275511470828
20260808_145501,35.0,3,BR,PnP,EqualFusion,0.14582371906797045,0.8541762809320296,4.925250704064185,,1,72.79579552277835,-112.21419757586634,70.0,-113.5,3.0772975935218656
20260808_145501,35.0,3,BR,PnP,LOOWeightedFusion,0.14582371906797045,0.8541762809320296,4.925250704064185,,1,72.19221516764503,-113.85085467385136,70.0,-113.5,2.2201140383809737
20260808_145501,35.0,3,BR,PnP,LOOWeightedGated,0.14582371906797045,0.8541762809320296,4.925250704064185,13.162658413974393,1,72.19221516764503,-113.85085467385136,70.0,-113.5,2.2201140383809737
20260808_145501,35.0,4,C,Affine,ihawk1,,,51.76224892346065,,1,27.864259215980542,51.482883530408685,0.0,0.0,58.539766298311974
20260808_145501,35.0,4,C,Affine,ihawk2,,,51.76224892346065,,1,43.675428006395464,2.194575027323367,0.0,0.0,43.730529051137545
20260808_145501,35.0,4,C,Affine,EqualFusion,0.5485279525428421,0.45147204745715785,51.76224892346065,,1,35.769843611188,26.838729278866026,0.0,0.0,44.71911337753811
20260808_145501,35.0,4,C,Affine,LOOWeightedFusion,0.5485279525428421,0.45147204745715785,51.76224892346065,,1,35.00255996247988,29.230589974820713,0.0,0.0,45.602703803646214
20260808_145501,35.0,4,C,Affine,LOOWeightedGated,0.5485279525428421,0.45147204745715785,51.76224892346065,15.39378796037687,0,,,0.0,0.0,
20260808_145501,35.0,4,C,Homography,ihawk1,,,44.23301616214183,,1,28.266397142448863,45.16356993800286,0.0,0.0,53.2798015852116
20260808_145501,35.0,4,C,Homography,ihawk2,,,44.23301616214183,,1,40.19020998201224,2.5680020210544643,0.0,0.0,40.27216920875229
20260808_145501,35.0,4,C,Homography,EqualFusion,0.2246105752586698,0.7753894247413302,44.23301616214183,,1,34.22830356223055,23.86578597952866,0.0,0.0,41.72711954075996
20260808_145501,35.0,4,C,Homography,LOOWeightedFusion,0.2246105752586698,0.7753894247413302,44.23301616214183,,1,37.5119955208412,12.135417034349981,0.0,0.0,39.426110061140974
20260808_145501,35.0,4,C,Homography,LOOWeightedGated,0.2246105752586698,0.7753894247413302,44.23301616214183,0.4995099461069983,0,,,0.0,0.0,
20260808_145501,35.0,4,C,PnP,ihawk1,,,9.433664658618218,,1,5.340560766048077,9.439268884463038,0.0,0.0,10.845339384687051
20260808_145501,35.0,4,C,PnP,ihawk2,,,9.433664658618218,,1,2.7136884376118964,0.37871864392253063,0.0,0.0,2.739987727651899
20260808_145501,35.0,4,C,PnP,EqualFusion,0.14582371906797045,0.8541762809320296,9.433664658618218,,1,4.027124601829987,4.908993764192784,0.0,0.0,6.349484414938584
20260808_145501,35.0,4,C,PnP,LOOWeightedFusion,0.14582371906797045,0.8541762809320296,9.433664658618218,,1,3.0967487300611993,1.6999617768003419,0.0,0.0,3.532665104381935
20260808_145501,35.0,4,C,PnP,LOOWeightedGated,0.14582371906797045,0.8541762809320296,9.433664658618218,13.162658413974393,1,3.0967487300611993,1.6999617768003419,0.0,0.0,3.532665104381935
20260808_145501,40.0,0,TL,Affine,ihawk1,,,33.68422385358789,,1,-36.77704883499702,164.16480270383158,-70.0,113.5,60.58619246272498
20260808_145501,40.0,0,TL,Affine,ihawk2,,,33.68422385358789,,1,-25.828028567949787,132.3097263138681,-70.0,113.5,48.010091274611035
20260808_145501,40.0,0,TL,Affine,EqualFusion,0.5485279525428421,0.45147204745715785,33.68422385358789,,1,-31.302538701473402,148.23726450884985,-70.0,113.5,52.00164474811122
20260808_145501,40.0,0,TL,Affine,LOOWeightedFusion,0.5485279525428421,0.45147204745715785,33.68422385358789,,1,-31.833872237383286,149.7831261441506,-70.0,113.5,52.660407814455134
20260808_145501,40.0,0,TL,Affine,LOOWeightedGated,0.5485279525428421,0.45147204745715785,33.68422385358789,15.39378796037687,0,,,-70.0,113.5,
20260808_145501,40.0,0,TL,Homography,ihawk1,,,54.23602392775738,,1,-45.58494245847283,181.0863456192309,-70.0,113.5,71.86104054992674
20260808_145501,40.0,0,TL,Homography,ihawk2,,,54.23602392775738,,1,-31.33573748032761,128.75560466343063,-70.0,113.5,41.56511361511033
20260808_145501,40.0,0,TL,Homography,EqualFusion,0.2246105752586698,0.7753894247413302,54.23602392775738,,1,-38.46033996940022,154.92097514133076,-70.0,113.5,52.06195671029426
20260808_145501,40.0,0,TL,Homography,LOOWeightedFusion,0.2246105752586698,0.7753894247413302,54.23602392775738,,1,-34.536259607447505,140.50964249322536,-70.0,113.5,44.57799535917025
20260808_145501,40.0,0,TL,Homography,LOOWeightedGated,0.2246105752586698,0.7753894247413302,54.23602392775738,0.4995099461069983,0,,,-70.0,113.5,
20260808_145501,40.0,0,TL,PnP,ihawk1,,,9.481241273597954,,1,-67.91622697720396,122.25386327772367,-70.0,113.5,8.998457217524095
20260808_145501,40.0,0,TL,PnP,ihawk2,,,9.481241273597954,,1,-68.52955607775652,112.79248052980607,-70.0,113.5,1.6318054814120082
20260808_145501,40.0,0,TL,PnP,EqualFusion,0.14582371906797045,0.8541762809320296,9.481241273597954,,1,-68.22289152748024,117.52317190376488,-70.0,113.5,4.398184476615845
20260808_145501,40.0,0,TL,PnP,LOOWeightedFusion,0.14582371906797045,0.8541762809320296,9.481241273597954,,1,-68.44011814730133,114.17217454963296,-70.0,113.5,1.698543499458548
20260808_145501,40.0,0,TL,PnP,LOOWeightedGated,0.14582371906797045,0.8541762809320296,9.481241273597954,13.162658413974393,1,-68.44011814730133,114.17217454963296,-70.0,113.5,1.698543499458548
20260808_145501,40.0,1,TR,Affine,ihawk1,,,47.11962589488027,,1,84.36869367028883,144.20779268850868,70.0,113.5,33.90321355846707
20260808_145501,40.0,1,TR,Affine,ihawk2,,,47.11962589488027,,1,108.5071824177059,103.74061456272022,70.0,113.5,39.724661129629126
20260808_145501,40.0,1,TR,Affine,EqualFusion,0.5485279525428421,0.45147204745715785,47.11962589488027,,1,96.43793804399738,123.97420362561445,70.0,113.5,28.43718533204506
20260808_145501,40.0,1,TR,Affine,LOOWeightedFusion,0.5485279525428421,0.45147204745715785,47.11962589488027,,1,95.26654660760678,125.93799292524545,70.0,113.5,28.162067493045
20260808_145501,40.0,1,TR,Affine,LOOWeightedGated,0.5485279525428421,0.45147204745715785,47.11962589488027,15.39378796037687,0,,,70.0,113.5,
20260808_145501,40.0,1,TR,Homography,ihawk1,,,52.610167405108136,,1,111.7321398091628,180.5128309917038,70.0,113.5,78.94486057099706
20260808_145501,40.0,1,TR,Homography,ihawk2,,,52.610167405108136,,1,125.7308818368662,129.79927327746614,70.0,113.5,58.06545874862494
20260808_145501,40.0,1,TR,Homography,EqualFusion,0.2246105752586698,0.7753894247413302,52.610167405108136,,1,118.7315108230145,155.15605213458497,70.0,113.5,64.10917895693908
20260808_145501,40.0,1,TR,Homography,LOOWeightedFusion,0.2246105752586698,0.7753894247413302,52.610167405108136,,1,122.58661633712603,141.1900746490748,70.0,113.5,59.43140964052111
20260808_145501,40.0,1,TR,Homography,LOOWeightedGated,0.2246105752586698,0.7753894247413302,52.610167405108136,0.4995099461069983,0,,,70.0,113.5,
20260808_145501,40.0,1,TR,PnP,ihawk1,,,10.156445240305624,,1,76.17388030717373,124.44534696302446,70.0,113.5,12.566519732539174
20260808_145501,40.0,1,TR,PnP,ihawk2,,,10.156445240305624,,1,73.35136325132312,114.68897584519796,70.0,113.5,3.556022947448917
20260808_145501,40.0,1,TR,PnP,EqualFusion,0.14582371906797045,0.8541762809320296,10.156445240305624,,1,74.76262177924843,119.5671614041112,70.0,113.5,7.713171443427674
20260808_145501,40.0,1,TR,PnP,LOOWeightedFusion,0.14582371906797045,0.8541762809320296,10.156445240305624,,1,73.76295318554004,116.11168616620677,70.0,113.5,4.580471734147231
20260808_145501,40.0,1,TR,PnP,LOOWeightedGated,0.14582371906797045,0.8541762809320296,10.156445240305624,13.162658413974393,1,73.76295318554004,116.11168616620677,70.0,113.5,4.580471734147231
20260808_145501,40.0,2,BL,Affine,ihawk1,,,62.89557966113369,,1,-42.868415791403905,-69.93834015847904,-70.0,-113.5,51.31998704029962
20260808_145501,40.0,2,BL,Affine,ihawk2,,,62.89557966113369,,1,-23.08559403339575,-129.64172284489717,-70.0,-113.5,49.613674562572236
20260808_145501,40.0,2,BL,Affine,EqualFusion,0.5485279525428421,0.45147204745715785,62.89557966113369,,1,-32.97700491239983,-99.7900315016881,-70.0,-113.5,39.479936695506126
20260808_145501,40.0,2,BL,Affine,LOOWeightedFusion,0.5485279525428421,0.45147204745715785,62.89557966113369,,1,-33.937024747835956,-96.89274858003446,-70.0,-113.5,39.70313569183351
20260808_145501,40.0,2,BL,Affine,LOOWeightedGated,0.5485279525428421,0.45147204745715785,62.89557966113369,15.39378796037687,0,,,-70.0,-113.5,
20260808_145501,40.0,2,BL,Homography,ihawk1,,,53.642072450055565,,1,-43.046930689469825,-75.1957211643413,-70.0,-113.5,46.836798805833595
20260808_145501,40.0,2,BL,Homography,ihawk2,,,53.642072450055565,,1,-28.861541397365457,-126.9281739127705,-70.0,-113.5,43.27457256671967
20260808_145501,40.0,2,BL,Homography,EqualFusion,0.2246105752586698,0.7753894247413302,53.642072450055565,,1,-35.95423604341764,-101.0619475385559,-70.0,-113.5,36.246643878033154
20260808_145501,40.0,2,BL,Homography,LOOWeightedFusion,0.2246105752586698,0.7753894247413302,53.642072450055565,,1,-32.047729846533194,-115.30851794140386,-70.0,-113.5,37.99533585778795
20260808_145501,40.0,2,BL,Homography,LOOWeightedGated,0.2246105752586698,0.7753894247413302,53.642072450055565,0.4995099461069983,0,,,-70.0,-113.5,
20260808_145501,40.0,2,BL,PnP,ihawk1,,,3.9599580095018325,,1,-67.46269542637324,-112.21528752133999,-70.0,-113.5,2.8440113663928988
20260808_145501,40.0,2,BL,PnP,ihawk2,,,3.9599580095018325,,1,-67.19989206853386,-116.16651541050635,-70.0,-113.5,3.8666405137182656
20260808_145501,40.0,2,BL,PnP,EqualFusion,0.14582371906797045,0.8541762809320296,3.9599580095018325,,1,-67.33129374745354,-114.19090146592316,-70.0,-113.5,2.7566896629826374
20260808_145501,40.0,2,BL,PnP,LOOWeightedFusion,0.14582371906797045,0.8541762809320296,3.9599580095018325,,1,-67.23821503155754,-115.59033266482302,-70.0,-113.5,3.463660904525848
20260808_145501,40.0,2,BL,PnP,LOOWeightedGated,0.14582371906797045,0.8541762809320296,3.9599580095018325,13.162658413974393,1,-67.23821503155754,-115.59033266482302,-70.0,-113.5,3.463660904525848
20260808_145501,40.0,3,BR,Affine,ihawk1,,,35.62043840037706,,1,113.16232507006139,-64.20761508768567,70.0,-113.5,65.51889434199423
20260808_145501,40.0,3,BR,Affine,ihawk2,,,35.62043840037706,,1,109.51771981080651,-99.64110890835298,70.0,-113.5,41.87742878133211
20260808_145501,40.0,3,BR,Affine,EqualFusion,0.5485279525428421,0.45147204745715785,35.62043840037706,,1,111.34002244043396,-81.92436199801932,70.0,-113.5,52.019403789429475
20260808_145501,40.0,3,BR,Affine,LOOWeightedFusion,0.5485279525428421,0.45147204745715785,35.62043840037706,,1,111.51688767149247,-80.20484709146288,70.0,-113.5,53.218597962838054
20260808_145501,40.0,3,BR,Affine,LOOWeightedGated,0.5485279525428421,0.45147204745715785,35.62043840037706,15.39378796037687,0,,,70.0,-113.5,
20260808_145501,40.0,3,BR,Homography,ihawk1,,,53.1511321318646,,1,114.19686262519961,-74.08282436069136,70.0,-113.5,59.22057413847719
20260808_145501,40.0,3,BR,Homography,ihawk2,,,53.1511321318646,,1,127.99294301417866,-125.41226048461306,70.0,-113.5,59.20374472361565
20260808_145501,40.0,3,BR,Homography,EqualFusion,0.2246105752586698,0.7753894247413302,53.1511321318646,,1,121.09490281968914,-99.7475424226522,70.0,-113.5,52.9133176390427
20260808_145501,40.0,3,BR,Homography,LOOWeightedFusion,0.2246105752586698,0.7753894247413302,53.1511321318646,,1,124.89419746169523,-113.88312630911587,70.0,-113.5,54.895534433433866
20260808_145501,40.0,3,BR,Homography,LOOWeightedGated,0.2246105752586698,0.7753894247413302,53.1511321318646,0.4995099461069983,0,,,70.0,-113.5,
20260808_145501,40.0,3,BR,PnP,ihawk1,,,12.493214455127482,,1,80.59513549068245,-105.521350457088,70.0,-113.5,13.26332328621031
20260808_145501,40.0,3,BR,PnP,ihawk2,,,12.493214455127482,,1,72.76629091654539,-115.25734552979685,70.0,-113.5,3.277289847733717
20260808_145501,40.0,3,BR,PnP,EqualFusion,0.14582371906797045,0.8541762809320296,12.493214455127482,,1,76.68071320361392,-110.38934799344243,70.0,-113.5,7.369401930607531
20260808_145501,40.0,3,BR,PnP,LOOWeightedFusion,0.14582371906797045,0.8541762809320296,12.493214455127482,,1,73.90792214835116,-113.83760651946702,70.0,-113.5,3.922478002431651
20260808_145501,40.0,3,BR,PnP,LOOWeightedGated,0.14582371906797045,0.8541762809320296,12.493214455127482,13.162658413974393,1,73.90792214835116,-113.83760651946702,70.0,-113.5,3.922478002431651
20260808_145501,40.0,4,C,Affine,ihawk1,,,57.87615979679574,,1,32.23013564417509,56.19790674708099,0.0,0.0,64.78415212376818
20260808_145501,40.0,4,C,Affine,ihawk2,,,57.87615979679574,,1,49.8415708903093,1.066362043567949,0.0,0.0,49.852977010622844
20260808_145501,40.0,4,C,Affine,EqualFusion,0.5485279525428421,0.45147204745715785,57.87615979679574,,1,41.035853267242196,28.63213439532447,0.0,0.0,50.03738975408844
20260808_145501,40.0,4,C,Affine,LOOWeightedFusion,0.5485279525428421,0.45147204745715785,57.87615979679574,,1,40.181206373406454,31.30755538031013,0.0,0.0,50.93812294847019
20260808_145501,40.0,4,C,Affine,LOOWeightedGated,0.5485279525428421,0.45147204745715785,57.87615979679574,15.39378796037687,0,,,0.0,0.0,
20260808_145501,40.0,4,C,Homography,ihawk1,,,51.63676880245929,,1,33.54524788035132,51.06189364307507,0.0,0.0,61.09501319887675
20260808_145501,40.0,4,C,Homography,ihawk2,,,51.63676880245929,,1,47.45168604898301,1.332959713011209,0.0,0.0,47.47040436406413
20260808_145501,40.0,4,C,Homography,EqualFusion,0.2246105752586698,0.7753894247413302,51.63676880245929,,1,40.49846696466716,26.197426678043136,0.0,0.0,48.233090208275925
20260808_145501,40.0,4,C,Homography,LOOWeightedFusion,0.2246105752586698,0.7753894247413302,51.63676880245929,,1,44.32815297212752,12.502604170043234,0.0,0.0,46.057575456738064
20260808_145501,40.0,4,C,Homography,LOOWeightedGated,0.2246105752586698,0.7753894247413302,51.63676880245929,0.4995099461069983,0,,,0.0,0.0,
20260808_145501,40.0,4,C,PnP,ihawk1,,,6.693306173440008,,1,4.204426993506842,5.522251699237102,0.0,0.0,6.9406390320672955
20260808_145501,40.0,4,C,PnP,ihawk2,,,6.693306173440008,,1,3.2951773327915213,-1.1090085569961883,0.0,0.0,3.4767935851922256
20260808_145501,40.0,4,C,PnP,EqualFusion,0.14582371906797045,0.8541762809320296,6.693306173440008,,1,3.7498021631491816,2.206621571120457,0.0,0.0,4.350884395257175
20260808_145501,40.0,4,C,PnP,LOOWeightedFusion,0.14582371906797045,0.8541762809320296,6.693306173440008,,1,3.4277674998783194,-0.14201352432462733,0.0,0.0,3.430708071858223
20260808_145501,40.0,4,C,PnP,LOOWeightedGated,0.14582371906797045,0.8541762809320296,6.693306173440008,13.162658413974393,1,3.4277674998783194,-0.14201352432462733,0.0,0.0,3.430708071858223
20260808_145501,45.0,0,TL,Affine,ihawk1,,,37.71993574342347,,1,-33.7335602971644,171.4531765289588,-70.0,113.5,68.36538099444829
20260808_145501,45.0,0,TL,Affine,ihawk2,,,37.71993574342347,,1,-19.92877396229221,136.35016488128787,-70.0,113.5,55.038692862578664
20260808_145501,45.0,0,TL,Affine,EqualFusion,0.5485279525428421,0.45147204745715785,37.71993574342347,,1,-26.831167129728307,153.90167070512334,-70.0,113.5,59.12565540564156
20260808_145501,45.0,0,TL,Affine,LOOWeightedFusion,0.5485279525428421,0.45147204745715785,37.71993574342347,,1,-27.50108514585106,155.60514798847234,-70.0,113.5,59.82475449938225
20260808_145501,45.0,0,TL,Affine,LOOWeightedGated,0.5485279525428421,0.45147204745715785,37.71993574342347,15.39378796037687,0,,,-70.0,113.5,
20260808_145501,45.0,0,TL,Homography,ihawk1,,,60.758111015256276,,1,-42.32681968280837,192.47526149225843,-70.0,113.5,83.68331277284855
20260808_145501,45.0,0,TL,Homography,ihawk2,,,60.758111015256276,,1,-25.923860171184963,133.97320192678458,-70.0,113.5,48.59895162803567
20260808_145501,45.0,0,TL,Homography,EqualFusion,0.2246105752586698,0.7753894247413302,60.758111015256276,,1,-34.125339926996666,163.22423170952152,-70.0,113.5,61.31468384046129
20260808_145501,45.0,0,TL,Homography,LOOWeightedFusion,0.2246105752586698,0.7753894247413302,60.758111015256276,,1,-29.608138343035364,147.11338317960264,-70.0,113.5,52.5486633216694
20260808_145501,45.0,0,TL,Homography,LOOWeightedGated,0.2246105752586698,0.7753894247413302,60.758111015256276,0.4995099461069983,0,,,-70.0,113.5,
20260808_145501,45.0,0,TL,PnP,ihawk1,,,6.212283822600721,,1,-69.0498678721456,121.74407859151017,-70.0,113.5,8.298649461411026
20260808_145501,45.0,0,TL,PnP,ihawk2,,,6.212283822600721,,1,-67.8731127040483,115.64426567905926,-70.0,113.5,3.020186231355977
20260808_145501,45.0,0,TL,PnP,EqualFusion,0.14582371906797045,0.8541762809320296,6.212283822600721,,1,-68.46149028809694,118.69417213528472,-70.0,113.5,5.417235116236716
20260808_145501,45.0,0,TL,PnP,LOOWeightedFusion,0.14582371906797045,0.8541762809320296,6.212283822600721,,1,-68.0447115190927,116.53376308357169,-70.0,113.5,3.609275757102961
20260808_145501,45.0,0,TL,PnP,LOOWeightedGated,0.14582371906797045,0.8541762809320296,6.212283822600721,13.162658413974393,1,-68.0447115190927,116.53376308357169,-70.0,113.5,3.609275757102961
20260808_145501,45.0,1,TR,Affine,ihawk1,,,51.703204567889934,,1,87.09483151081879,150.3259104127925,70.0,113.5,40.60025790699244
20260808_145501,45.0,1,TR,Affine,ihawk2,,,51.703204567889934,,1,113.30503581763844,105.75858434555073,70.0,113.5,43.991540590230535
20260808_145501,45.0,1,TR,Affine,EqualFusion,0.5485279525428421,0.45147204745715785,51.703204567889934,,1,100.19993366422861,128.0422473791716,70.0,113.5,33.518844731894205
20260808_145501,45.0,1,TR,Affine,LOOWeightedFusion,0.5485279525428421,0.45147204745715785,51.703204567889934,,1,98.92800611348908,130.20500846352408,70.0,113.5,33.40489253789739
20260808_145501,45.0,1,TR,Affine,LOOWeightedGated,0.5485279525428421,0.45147204745715785,51.703204567889934,15.39378796037687,0,,,70.0,113.5,
20260808_145501,45.0,1,TR,Homography,ihawk1,,,59.67103082862799,,1,116.95876181306234,191.14694879195096,70.0,113.5,90.74234936189264
20260808_145501,45.0,1,TR,Homography,ihawk2,,,59.67103082862799,,1,133.01498143537398,133.67669795213675,70.0,113.5,66.1663587146239
20260808_145501,45.0,1,TR,Homography,EqualFusion,0.2246105752586698,0.7753894247413302,59.67103082862799,,1,124.98687162421817,162.41182337204384,70.0,113.5,73.59295154154549
20260808_145501,45.0,1,TR,Homography,LOOWeightedFusion,0.2246105752586698,0.7753894247413302,59.67103082862799,,1,129.40858470952702,146.58512405352747,70.0,113.5,68.00003949135875
20260808_145501,45.0,1,TR,Homography,LOOWeightedGated,0.2246105752586698,0.7753894247413302,59.67103082862799,0.4995099461069983,0,,,70.0,113.5,
20260808_145501,45.0,1,TR,PnP,ihawk1,,,16.20190257698147,,1,78.13401573242098,129.6994433142433,70.0,113.5,18.126890953129656
20260808_145501,45.0,1,TR,PnP,ihawk2,,,16.20190257698147,,1,70.58539003984134,115.36347814731695,70.0,113.5,1.953261965091543
20260808_145501,45.0,1,TR,PnP,EqualFusion,0.14582371906797045,0.8541762809320296,16.20190257698147,,1,74.35970288613116,122.53146073078013,70.0,113.5,10.028673500865597
20260808_145501,45.0,1,TR,PnP,LOOWeightedFusion,0.14582371906797045,0.8541762809320296,16.20190257698147,,1,71.68615871218535,117.45400190438704,70.0,113.5,4.298518612565833
20260808_145501,45.0,1,TR,PnP,LOOWeightedGated,0.14582371906797045,0.8541762809320296,16.20190257698147,13.162658413974393,0,,,70.0,113.5,
20260808_145501,45.0,2,BL,Affine,ihawk1,,,71.32685789288728,,1,-40.69417199856862,-59.66879413603567,-70.0,-113.5,61.29135566797317
20260808_145501,45.0,2,BL,Affine,ihawk2,,,71.32685789288728,,1,-19.242718386814545,-127.69346462266793,-70.0,-113.5,52.704421776119894
20260808_145501,45.0,2,BL,Affine,EqualFusion,0.5485279525428421,0.45147204745715785,71.32685789288728,,1,-29.968445192691583,-93.6811293793518,-70.0,-113.5,44.668926704908976
20260808_145501,45.0,2,BL,Affine,LOOWeightedFusion,0.5485279525428421,0.45147204745715785,71.32685789288728,,1,-31.009440315537766,-90.38003139823402,-70.0,-113.5,45.32986535005654
20260808_145501,45.0,2,BL,Affine,LOOWeightedGated,0.5485279525428421,0.45147204745715785,71.32685789288728,15.39378796037687,0,,,-70.0,-113.5,
20260808_145501,45.0,2,BL,Homography,ihawk1,,,61.33353395348766,,1,-41.43307151057648,-66.65296295904305,-70.0,-113.5,54.86997615123074
20260808_145501,45.0,2,BL,Homography,ihawk2,,,61.33353395348766,,1,-25.298645928724596,-125.82629055152603,-70.0,-113.5,46.36969370791843
20260808_145501,45.0,2,BL,Homography,EqualFusion,0.2246105752586698,0.7753894247413302,61.33353395348766,,1,-33.36585871965054,-96.23962675528455,-70.0,-113.5,40.49667630677231
20260808_145501,45.0,2,BL,Homography,LOOWeightedFusion,0.2246105752586698,0.7753894247413302,61.33353395348766,,1,-28.922608540132547,-112.53533540100871,-70.0,-113.5,41.08871702713214
20260808_145501,45.0,2,BL,Homography,LOOWeightedGated,0.2246105752586698,0.7753894247413302,61.33353395348766,0.4995099461069983,0,,,-70.0,-113.5,
20260808_145501,45.0,2,BL,PnP,ihawk1,,,4.838524382396066,,1,-68.79979420769055,-108.88148166356385,-70.0,-113.5,4.771918436843836
20260808_145501,45.0,2,BL,PnP,ihawk2,,,4.838524382396066,,1,-69.35448833221294,-113.6881054919138,-70.0,-113.5,0.6723607583264865
20260808_145501,45.0,2,BL,PnP,EqualFusion,0.14582371906797045,0.8541762809320296,4.838524382396066,,1,-69.07714126995174,-111.28479357773882,-70.0,-113.5,2.3997515973228247
20260808_145501,45.0,2,BL,PnP,LOOWeightedFusion,0.14582371906797045,0.8541762809320296,4.838524382396066,,1,-69.27360077202994,-112.98718572910309,-70.0,-113.5,0.8891762001038005
20260808_145501,45.0,2,BL,PnP,LOOWeightedGated,0.14582371906797045,0.8541762809320296,4.838524382396066,13.162658413974393,1,-69.27360077202994,-112.98718572910309,-70.0,-113.5,0.8891762001038005
20260808_145501,45.0,3,BR,Affine,ihawk1,,,41.594490913199756,,1,115.57998122909412,-57.01649303210013,70.0,-113.5,72.58044673489799
20260808_145501,45.0,3,BR,Affine,ihawk2,,,41.594490913199756,,1,113.31512219791728,-98.54927632309995,70.0,-113.5,45.82274489250427
20260808_145501,45.0,3,BR,Affine,EqualFusion,0.5485279525428421,0.45147204745715785,41.594490913199756,,1,114.4475517135057,-77.78288467760004,70.0,-113.5,57.02014714360514
20260808_145501,45.0,3,BR,Affine,LOOWeightedFusion,0.5485279525428421,0.45147204745715785,41.594490913199756,,1,114.55746068508688,-75.76738374108226,70.0,-113.5,58.387649656805046
20260808_145501,45.0,3,BR,Affine,LOOWeightedGated,0.5485279525428421,0.45147204745715785,41.594490913199756,15.39378796037687,0,,,70.0,-113.5,
20260808_145501,45.0,3,BR,Homography,ihawk1,,,59.9096227282768,,1,118.0953768461198,-67.24729883103886,70.0,-113.5,66.72688842884476
20260808_145501,45.0,3,BR,Homography,ihawk2,,,59.9096227282768,,1,133.80734705311102,-125.05990029178513,70.0,-113.5,64.84603945278516
20260808_145501,45.0,3,BR,Homography,EqualFusion,0.2246105752586698,0.7753894247413302,59.9096227282768,,1,125.9513619496154,-96.153599561412,70.0,-113.5,58.57860114574875
20260808_145501,45.0,3,BR,Homography,LOOWeightedFusion,0.2246105752586698,0.7753894247413302,59.9096227282768,,1,130.27827238647166,-112.0745786204867,70.0,-113.5,60.29512374982611
20260808_145501,45.0,3,BR,Homography,LOOWeightedGated,0.2246105752586698,0.7753894247413302,59.9096227282768,0.4995099461069983,0,,,70.0,-113.5,
20260808_145501,45.0,3,BR,PnP,ihawk1,,,1.4737969640813693,,1,70.40662171661947,-111.98386946239447,70.0,-113.5,1.5697111286751486
20260808_145501,45.0,3,BR,PnP,ihawk2,,,1.4737969640813693,,1,70.1644549811925,-113.43763449278559,70.0,-113.5,0.1758831922872052
20260808_145501,45.0,3,BR,PnP,EqualFusion,0.14582371906797045,0.8541762809320296,1.4737969640813693,,1,70.28553834890599,-112.71075197759004,70.0,-113.5,0.8393119739250697
20260808_145501,45.0,3,BR,PnP,LOOWeightedFusion,0.14582371906797045,0.8541762809320296,1.4737969640813693,,1,70.19976863518701,-113.225641069403,70.0,-113.5,0.3393822776793349
20260808_145501,45.0,3,BR,PnP,LOOWeightedGated,0.14582371906797045,0.8541762809320296,1.4737969640813693,13.162658413974393,1,70.19976863518701,-113.225641069403,70.0,-113.5,0.3393822776793349
20260808_145501,45.0,4,C,Affine,ihawk1,,,63.6835216048862,,1,34.577636453947534,63.964392908274476,0.0,0.0,72.71214824818117
20260808_145501,45.0,4,C,Affine,ihawk2,,,63.6835216048862,,1,54.30122362307793,3.41217549898613,0.0,0.0,54.408324993509936
20260808_145501,45.0,4,C,Affine,EqualFusion,0.5485279525428421,0.45147204745715785,63.6835216048862,,1,44.43943003851273,33.6882842036303,0.0,0.0,55.765252933457
20260808_145501,45.0,4,C,Affine,LOOWeightedFusion,0.5485279525428421,0.45147204745715785,63.6835216048862,,1,43.48228473639456,36.62675933643211,0.0,0.0,56.852691980114784
20260808_145501,45.0,4,C,Affine,LOOWeightedGated,0.5485279525428421,0.45147204745715785,63.6835216048862,15.39378796037687,0,,,0.0,0.0,
20260808_145501,45.0,4,C,Homography,ihawk1,,,58.80434413194697,,1,36.75844490385804,60.54566441780122,0.0,0.0,70.83050720941485
20260808_145501,45.0,4,C,Homography,ihawk2,,,58.80434413194697,,1,52.80550827670618,3.97320958423189,0.0,0.0,52.95477408847589
20260808_145501,45.0,4,C,Homography,EqualFusion,0.2246105752586698,0.7753894247413302,58.80434413194697,,1,44.78197659028211,32.25943700101656,0.0,0.0,55.19145498132054
20260808_145501,45.0,4,C,Homography,LOOWeightedFusion,0.2246105752586698,0.7753894247413302,58.80434413194697,,1,49.201168141318426,16.67998120819501,0.0,0.0,51.95167677347889
20260808_145501,45.0,4,C,Homography,LOOWeightedGated,0.2246105752586698,0.7753894247413302,58.80434413194697,0.4995099461069983,0,,,0.0,0.0,
20260808_145501,45.0,4,C,PnP,ihawk1,,,8.76398778798748,,1,3.9493934304762197,9.13698770115348,0.0,0.0,9.954006867574417
20260808_145501,45.0,4,C,PnP,ihawk2,,,8.76398778798748,,1,1.1874125578788934,0.8195996732086374,0.0,0.0,1.4428070581100585
20260808_145501,45.0,4,C,PnP,EqualFusion,0.14582371906797045,0.8541762809320296,8.76398778798748,,1,2.5684029941775566,4.978293687181059,0.0,0.0,5.6017945317841695
20260808_145501,45.0,4,C,PnP,LOOWeightedFusion,0.14582371906797045,0.8541762809320296,8.76398778798748,,1,1.590174880715634,2.032472128374967,0.0,0.0,2.58061990689835
20260808_145501,45.0,4,C,PnP,LOOWeightedGated,0.14582371906797045,0.8541762809320296,8.76398778798748,13.162658413974393,1,1.590174880715634,2.032472128374967,0.0,0.0,2.58061990689835
20260808_145501,50.0,0,TL,Affine,ihawk1,,,43.1649937070938,,1,-30.631819173784447,175.060354664216,-70.0,113.5,73.07209404382542
20260808_145501,50.0,0,TL,Affine,ihawk2,,,43.1649937070938,,1,-14.333823472441054,135.09046577454757,-70.0,113.5,59.70654421049056
20260808_145501,50.0,0,TL,Affine,EqualFusion,0.5485279525428421,0.45147204745715785,43.1649937070938,,1,-22.482821323112752,155.07541021938178,-70.0,113.5,63.13792049411433
20260808_145501,50.0,0,TL,Affine,LOOWeightedFusion,0.5485279525428421,0.45147204745715785,43.1649937070938,,1,-23.273729685050988,157.0150670905623,-70.0,113.5,63.85064918575083
20260808_145501,50.0,0,TL,Affine,LOOWeightedGated,0.5485279525428421,0.45147204745715785,43.1649937070938,15.39378796037687,0,,,-70.0,113.5,
20260808_145501,50.0,0,TL,Homography,ihawk1,,,67.12827153478342,,1,-38.77746113916567,198.63421842002975,-70.0,113.5,90.67900572296568
20260808_145501,50.0,0,TL,Homography,ihawk2,,,67.12827153478342,,1,-20.69204848561365,133.98808405456012,-70.0,113.5,53.39509032459628
20260808_145501,50.0,0,TL,Homography,EqualFusion,0.2246105752586698,0.7753894247413302,67.12827153478342,,1,-29.73475481238966,166.31115123729495,-70.0,113.5,66.41014730466134
20260808_145501,50.0,0,TL,Homography,LOOWeightedFusion,0.2246105752586698,0.7753894247413302,67.12827153478342,,1,-24.754223425518397,148.5082894826375,-70.0,113.5,57.2080469018831
20260808_145501,50.0,0,TL,Homography,LOOWeightedGated,0.2246105752586698,0.7753894247413302,67.12827153478342,0.4995099461069983,0,,,-70.0,113.5,
20260808_145501,50.0,0,TL,PnP,ihawk1,,,6.85725611870147,,1,-68.3524101156174,120.76266867087148,-70.0,113.5,7.44720811109626
20260808_145501,50.0,0,TL,PnP,ihawk2,,,6.85725611870147,,1,-67.10980729536165,114.01893827082128,-70.0,113.5,2.9364112107924756
20260808_145501,50.0,0,TL,PnP,EqualFusion,0.14582371906797045,0.8541762809320296,6.85725611870147,,1,-67.73110870548953,117.39080347084638,-70.0,113.5,4.504022574882992
20260808_145501,50.0,0,TL,PnP,LOOWeightedFusion,0.14582371906797045,0.8541762809320296,6.85725611870147,,1,-67.2910082599357,115.00233411814833,-70.0,113.5,3.0976836588472274
20260808_145501,50.0,0,TL,PnP,LOOWeightedGated,0.14582371906797045,0.8541762809320296,6.85725611870147,13.162658413974393,1,-67.2910082599357,115.00233411814833,-70.0,113.5,3.0976836588472274
20260808_145501,50.0,1,TR,Affine,ihawk1,,,55.962607481332476,,1,90.07725303070966,153.93346677954753,70.0,113.5,45.14378501047418
20260808_145501,50.0,1,TR,Affine,ihawk2,,,55.962607481332476,,1,118.40071221460369,105.66758756899156,70.0,113.5,49.03035414281955
20260808_145501,50.0,1,TR,Affine,EqualFusion,0.5485279525428421,0.45147204745715785,55.962607481332476,,1,104.23898262265666,129.80052717426955,70.0,113.5,37.92116977617759
20260808_145501,50.0,1,TR,Affine,LOOWeightedFusion,0.5485279525428421,0.45147204745715785,55.962607481332476,,1,102.86450313953154,132.14277147003796,70.0,113.5,37.78397139915734
20260808_145501,50.0,1,TR,Affine,LOOWeightedGated,0.5485279525428421,0.45147204745715785,55.962607481332476,15.39378796037687,0,,,70.0,113.5,
20260808_145501,50.0,1,TR,Homography,ihawk1,,,65.63055583849963,,1,122.18294973066064,197.93394739809347,70.0,113.5,99.25800580213502
20260808_145501,50.0,1,TR,Homography,ihawk2,,,65.63055583849963,,1,140.92616570087748,135.03671602210818,70.0,113.5,74.12389033264012
20260808_145501,50.0,1,TR,Homography,EqualFusion,0.2246105752586698,0.7753894247413302,65.63055583849963,,1,131.55455771576905,166.4853317101008,70.0,113.5,81.2182796666696
20260808_145501,50.0,1,TR,Homography,LOOWeightedFusion,0.2246105752586698,0.7753894247413302,65.63055583849963,,1,136.71624117960957,149.1640993436459,70.0,113.5,75.65041189001732
20260808_145501,50.0,1,TR,Homography,LOOWeightedGated,0.2246105752586698,0.7753894247413302,65.63055583849963,0.4995099461069983,0,,,70.0,113.5,
20260808_145501,50.0,1,TR,PnP,ihawk1,,,12.052903984736792,,1,76.88511840489129,126.41061408394165,70.0,113.5,14.631774037137305
20260808_145501,50.0,1,TR,PnP,ihawk2,,,12.052903984736792,,1,72.69654259364356,115.1089183200877,70.0,113.5,3.1400573434330354
20260808_145501,50.0,1,TR,PnP,EqualFusion,0.14582371906797045,0.8541762809320296,12.052903984736792,,1,74.79083049926743,120.75976620201467,70.0,113.5,8.698060828749451
20260808_145501,50.0,1,TR,PnP,LOOWeightedFusion,0.14582371906797045,0.8541762809320296,12.052903984736792,,1,73.30733629603785,116.75697362814762,70.0,113.5,4.641804669472684
20260808_145501,50.0,1,TR,PnP,LOOWeightedGated,0.14582371906797045,0.8541762809320296,12.052903984736792,13.162658413974393,1,73.30733629603785,116.75697362814762,70.0,113.5,4.641804669472684
20260808_145501,50.0,2,BL,Affine,ihawk1,,,77.97844888997113,,1,-35.33201223945805,-55.302738253203984,-70.0,-113.5,67.74061300423973
20260808_145501,50.0,2,BL,Affine,ihawk2,,,77.97844888997113,,1,-11.412206556815477,-129.52188259878682,-70.0,-113.5,60.73903409299956
20260808_145501,50.0,2,BL,Affine,EqualFusion,0.5485279525428421,0.45147204745715785,77.97844888997113,,1,-23.372109398136764,-92.4123104259954,-70.0,-113.5,51.17470892490653
20260808_145501,50.0,2,BL,Affine,LOOWeightedFusion,0.5485279525428421,0.45147204745715785,77.97844888997113,,1,-24.53288859313805,-88.81060731142261,-70.0,-113.5,51.738035631581276
20260808_145501,50.0,2,BL,Affine,LOOWeightedGated,0.5485279525428421,0.45147204745715785,77.97844888997113,15.39378796037687,0,,,-70.0,-113.5,
20260808_145501,50.0,2,BL,Homography,ihawk1,,,68.95245282466553,,1,-36.73798440194111,-63.0225260696787,-70.0,-113.5,60.451112942871276
20260808_145501,50.0,2,BL,Homography,ihawk2,,,68.95245282466553,,1,-17.894325107392305,-129.3501768265741,-70.0,-113.5,54.46310183461639
20260808_145501,50.0,2,BL,Homography,EqualFusion,0.2246105752586698,0.7753894247413302,68.95245282466553,,1,-27.31615475466671,-96.1863514481264,-70.0,-113.5,46.061622540954374
20260808_145501,50.0,2,BL,Homography,LOOWeightedFusion,0.2246105752586698,0.7753894247413302,68.95245282466553,,1,-22.126810261519292,-114.45228503451169,-70.0,-113.5,47.88266014460275
20260808_145501,50.0,2,BL,Homography,LOOWeightedGated,0.2246105752586698,0.7753894247413302,68.95245282466553,0.4995099461069983,0,,,-70.0,-113.5,
20260808_145501,50.0,2,BL,PnP,ihawk1,,,12.697071343505309,,1,-76.71179034983165,-124.21569853608739,-70.0,-113.5,12.644141916966868
20260808_145501,50.0,2,BL,PnP,ihawk2,,,12.697071343505309,,1,-67.4739505456402,-115.50490428675744,-70.0,-113.5,3.2249910147052856
20260808_145501,50.0,2,BL,PnP,EqualFusion,0.14582371906797045,0.8541762809320296,12.697071343505309,,1,-72.09287044773592,-119.86030141142241,-70.0,-113.5,6.695785297868225
20260808_145501,50.0,2,BL,PnP,LOOWeightedFusion,0.14582371906797045,0.8541762809320296,12.697071343505309,,1,-68.82104670204153,-116.77514470023063,-70.0,-113.5,3.4808768559395946
20260808_145501,50.0,2,BL,PnP,LOOWeightedGated,0.14582371906797045,0.8541762809320296,12.697071343505309,13.162658413974393,1,-68.82104670204153,-116.77514470023063,-70.0,-113.5,3.4808768559395946
20260808_145501,50.0,3,BR,Affine,ihawk1,,,46.47478687992301,,1,121.05453864193292,-52.646941507535985,70.0,-113.5,79.43337235587992
20260808_145501,50.0,3,BR,Affine,ihawk2,,,46.47478687992301,,1,119.34239059388733,-99.09017960088858,70.0,-113.5,51.40344768062147
20260808_145501,50.0,3,BR,Affine,EqualFusion,0.5485279525428421,0.45147204745715785,46.47478687992301,,1,120.19846461791013,-75.86856055421228,70.0,-113.5,62.73763690766145
20260808_145501,50.0,3,BR,Affine,LOOWeightedFusion,0.5485279525428421,0.45147204745715785,46.47478687992301,,1,120.28155165713201,-73.61476530008215,70.0,-113.5,64.1799531327062
20260808_145501,50.0,3,BR,Affine,LOOWeightedGated,0.5485279525428421,0.45147204745715785,46.47478687992301,15.39378796037687,0,,,70.0,-113.5,
20260808_145501,50.0,3,BR,Homography,ihawk1,,,66.80445347708464,,1,125.2330224934004,-63.090088401413595,70.0,-113.5,74.77864642485694
20260808_145501,50.0,3,BR,Homography,ihawk2,,,66.80445347708464,,1,143.2436345589885,-127.42089639723203,70.0,-113.5,74.55482117149181
20260808_145501,50.0,3,BR,Homography,EqualFusion,0.2246105752586698,0.7753894247413302,66.80445347708464,,1,134.23832852619444,-95.2554923993228,70.0,-113.5,66.77892563848609
20260808_145501,50.0,3,BR,Homography,LOOWeightedFusion,0.2246105752586698,0.7753894247413302,66.80445347708464,,1,139.198260622176,-112.97151660643621,70.0,-113.5,69.2002786687443
20260808_145501,50.0,3,BR,Homography,LOOWeightedGated,0.2246105752586698,0.7753894247413302,66.80445347708464,0.4995099461069983,0,,,70.0,-113.5,
20260808_145501,50.0,3,BR,PnP,ihawk1,,,6.011127539182327,,1,76.00620115171122,-109.00998801929833,70.0,-113.5,7.498977254376875
20260808_145501,50.0,3,BR,PnP,ihawk2,,,6.011127539182327,,1,74.00521974526053,-114.67829708844363,70.0,-113.5,4.174945417183269
20260808_145501,50.0,3,BR,PnP,EqualFusion,0.14582371906797045,0.8541762809320296,6.011127539182327,,1,75.00571044848587,-111.84414255387098,70.0,-113.5,5.272475791881983
20260808_145501,50.0,3,BR,PnP,LOOWeightedFusion,0.14582371906797045,0.8541762809320296,6.011127539182327,,1,74.29701029573503,-113.85172317915416,70.0,-113.5,4.3113810636972465
20260808_145501,50.0,3,BR,PnP,LOOWeightedGated,0.14582371906797045,0.8541762809320296,6.011127539182327,13.162658413974393,1,74.29701029573503,-113.85172317915416,70.0,-113.5,4.3113810636972465
20260808_145501,50.0,4,C,Affine,ihawk1,,,68.85640601081072,,1,39.14815559089179,67.8361852165898,0.0,0.0,78.32193888629257
20260808_145501,50.0,4,C,Affine,ihawk2,,,68.85640601081072,,1,60.42985149612474,2.351117696407755,0.0,0.0,60.47557115287173
20260808_145501,50.0,4,C,Affine,EqualFusion,0.5485279525428421,0.45147204745715785,68.85640601081072,,1,49.789003543508265,35.093651456498776,0.0,0.0,60.913949522303156
20260808_145501,50.0,4,C,Affine,LOOWeightedFusion,0.5485279525428421,0.45147204745715785,68.85640601081072,,1,48.75624641458792,38.27150770538299,0.0,0.0,61.98289979085527
20260808_145501,50.0,4,C,Affine,LOOWeightedGated,0.5485279525428421,0.45147204745715785,68.85640601081072,15.39378796037687,0,,,0.0,0.0,
20260808_145501,50.0,4,C,Homography,ihawk1,,,65.41658487902667,,1,42.429831829847956,65.72827622308631,0.0,0.0,78.23360482789677
20260808_145501,50.0,4,C,Homography,ihawk2,,,65.41658487902667,,1,60.320850855636955,2.8057761499506526,0.0,0.0,60.38606981541049
20260808_145501,50.0,4,C,Homography,EqualFusion,0.2246105752586698,0.7753894247413302,65.41658487902667,,1,51.37534134274246,34.26702618651848,0.0,0.0,61.75479561743238
20260808_145501,50.0,4,C,Homography,LOOWeightedFusion,0.2246105752586698,0.7753894247413302,65.41658487902667,,1,56.30233878029068,16.938835088091345,0.0,0.0,58.795216525429844
20260808_145501,50.0,4,C,Homography,LOOWeightedGated,0.2246105752586698,0.7753894247413302,65.41658487902667,0.4995099461069983,0,,,0.0,0.0,
20260808_145501,50.0,4,C,PnP,ihawk1,,,8.560328922725702,,1,5.0482091321710945,7.568841293185564,0.0,0.0,9.097899425887634
20260808_145501,50.0,4,C,PnP,ihawk2,,,8.560328922725702,,1,2.33440933159471,-0.5499345940800635,0.0,0.0,2.3983108608356973
20260808_145501,50.0,4,C,PnP,EqualFusion,0.14582371906797045,0.8541762809320296,8.560328922725702,,1,3.691309231882902,3.50945334955275,0.0,0.0,5.0933315872885165
20260808_145501,50.0,4,C,PnP,LOOWeightedFusion,0.14582371906797045,0.8541762809320296,8.560328922725702,,1,2.730145711320675,0.6339755000803717,0.0,0.0,2.8027879940774745
20260808_145501,50.0,4,C,PnP,LOOWeightedGated,0.14582371906797045,0.8541762809320296,8.560328922725702,13.162658413974393,1,2.730145711320675,0.6339755000803717,0.0,0.0,2.8027879940774745
20260808_151001,0.0,0,TL,Affine,ihawk1,,,13.039151563798457,,1,-61.55232011194133,117.22268326143057,-70.0,113.5,9.23155816512285
20260808_151001,0.0,0,TL,Affine,ihawk2,,,13.039151563798457,,1,-71.66608876040209,125.45257738159518,-70.0,113.5,12.0681381256828
20260808_151001,0.0,0,TL,Affine,EqualFusion,0.5482347086447923,0.4517652913552077,13.039151563798457,,1,-66.60920443617171,121.33763032151288,-70.0,113.5,8.539668823342955
20260808_151001,0.0,0,TL,Affine,LOOWeightedFusion,0.5482347086447923,0.4517652913552077,13.039151563798457,,1,-66.12136975211237,120.94066377644924,-70.0,113.5,8.390902813999977
20260808_151001,0.0,0,TL,Affine,LOOWeightedGated,0.5482347086447923,0.4517652913552077,13.039151563798457,15.354091170741235,1,-66.12136975211237,120.94066377644924,-70.0,113.5,8.390902813999977
20260808_151001,0.0,0,TL,Homography,ihawk1,,,0.08524736769595904,,1,-70.06379944213782,113.46066072648861,-70.0,113.5,0.07495296696929976
20260808_151001,0.0,0,TL,Homography,ihawk2,,,0.08524736769595904,,1,-69.98723774508552,113.49814966143697,-70.0,113.5,0.012895693207421777
20260808_151001,0.0,0,TL,Homography,EqualFusion,0.22034932338065766,0.7796506766193423,0.08524736769595904,,1,-70.02551859361168,113.47940519396279,-70.0,113.5,0.03279244814935742
20260808_151001,0.0,0,TL,Homography,LOOWeightedFusion,0.22034932338065766,0.7796506766193423,0.08524736769595904,,1,-70.00410806322787,113.48988899998682,-70.0,113.5,0.010913684288579898
20260808_151001,0.0,0,TL,Homography,LOOWeightedGated,0.22034932338065766,0.7796506766193423,0.08524736769595904,0.4995099461069983,1,-70.00410806322787,113.48988899998682,-70.0,113.5,0.010913684288579898
20260808_151001,0.0,0,TL,PnP,ihawk1,,,4.148038077546747,,1,-68.36011655634447,117.87155777133279,-70.0,113.5,4.669018639593939
20260808_151001,0.0,0,TL,PnP,ihawk2,,,4.148038077546747,,1,-64.91158812724501,115.56637414166886,-70.0,113.5,5.491979377251124
20260808_151001,0.0,0,TL,PnP,EqualFusion,0.15057924264674782,0.8494207573532522,4.148038077546747,,1,-66.63585234179473,116.71896595650082,-70.0,113.5,4.656096143264147
20260808_151001,0.0,0,TL,PnP,LOOWeightedFusion,0.15057924264674782,0.8494207573532522,4.148038077546747,,1,-65.43086492634458,115.91348694678533,-70.0,113.5,5.16738953085707
20260808_151001,0.0,0,TL,PnP,LOOWeightedGated,0.15057924264674782,0.8494207573532522,4.148038077546747,13.14081829132932,1,-65.43086492634458,115.91348694678533,-70.0,113.5,5.16738953085707
20260808_151001,0.0,1,TR,Affine,ihawk1,,,10.439983683464243,,1,58.72158434816649,102.55147269643453,70.0,113.5,15.718553041945105
20260808_151001,0.0,1,TR,Affine,ihawk2,,,10.439983683464243,,1,68.32120897087668,98.44775896201594,70.0,113.5,15.145570295800566
20260808_151001,0.0,1,TR,Affine,EqualFusion,0.5482347086447923,0.4517652913552077,10.439983683464243,,1,63.521396659521585,100.49961582922523,70.0,113.5,14.525229424383944
20260808_151001,0.0,1,TR,Affine,LOOWeightedFusion,0.5482347086447923,0.4517652913552077,10.439983683464243,,1,63.05836156274579,100.69755726556656,70.0,113.5,14.563271753353115
20260808_151001,0.0,1,TR,Affine,LOOWeightedGated,0.5482347086447923,0.4517652913552077,10.439983683464243,15.354091170741235,1,63.05836156274579,100.69755726556656,70.0,113.5,14.563271753353115
20260808_151001,0.0,1,TR,Homography,ihawk1,,,0.05075861830948501,,1,69.99531986357552,113.5027284305482,70.0,113.5,0.005417380382448398
20260808_151001,0.0,1,TR,Homography,ihawk2,,,0.05075861830948501,,1,69.9669119882035,113.54479302313551,70.0,113.5,0.055688701244178684
20260808_151001,0.0,1,TR,Homography,EqualFusion,0.22034932338065766,0.7796506766193423,0.05075861830948501,,1,69.98111592588951,113.52376072684186,70.0,113.5,0.030350953775190752
20260808_151001,0.0,1,TR,Homography,LOOWeightedFusion,0.22034932338065766,0.7796506766193423,0.05075861830948501,,1,69.97317164432042,113.5355241186206,70.0,113.5,0.04451655503563495
20260808_151001,0.0,1,TR,Homography,LOOWeightedGated,0.22034932338065766,0.7796506766193423,0.05075861830948501,0.4995099461069983,1,69.97317164432042,113.5355241186206,70.0,113.5,0.04451655503563495
20260808_151001,0.0,1,TR,PnP,ihawk1,,,14.285394203889364,,1,78.86111133067367,127.38109790082697,70.0,113.5,16.468277777197475
20260808_151001,0.0,1,TR,PnP,ihawk2,,,14.285394203889364,,1,72.32186152276138,114.68028298562429,70.0,113.5,2.604632192274752
20260808_151001,0.0,1,TR,PnP,EqualFusion,0.15057924264674782,0.8494207573532522,14.285394203889364,,1,75.59148642671752,121.03069044322564,70.0,113.5,9.379553241591854
20260808_151001,0.0,1,TR,PnP,LOOWeightedFusion,0.15057924264674782,0.8494207573532522,14.285394203889364,,1,73.30653680631471,116.59276207655202,70.0,113.5,4.52751177951778
20260808_151001,0.0,1,TR,PnP,LOOWeightedGated,0.15057924264674782,0.8494207573532522,14.285394203889364,13.14081829132932,0,,,70.0,113.5,
20260808_151001,0.0,2,BL,Affine,ihawk1,,,7.767409195743515,,1,-77.76042490117979,-121.02027472989266,-70.0,-113.5,10.806420622015112
20260808_151001,0.0,2,BL,Affine,ihawk2,,,7.767409195743515,,1,-71.3248558703076,-125.36953867486079,-70.0,-113.5,11.94324878042422
20260808_151001,0.0,2,BL,Affine,EqualFusion,0.5482347086447923,0.4517652913552077,7.767409195743515,,1,-74.5426403857437,-123.19490670237673,-70.0,-113.5,10.706390504833028
20260808_151001,0.0,2,BL,Affine,LOOWeightedFusion,0.5482347086447923,0.4517652913552077,7.767409195743515,,1,-74.85305818291127,-122.98512122317189,-70.0,-113.5,10.654562325360333
20260808_151001,0.0,2,BL,Affine,LOOWeightedGated,0.5482347086447923,0.4517652913552077,7.767409195743515,15.354091170741235,1,-74.85305818291127,-122.98512122317189,-70.0,-113.5,10.654562325360333
20260808_151001,0.0,2,BL,Homography,ihawk1,,,0.05074669646329487,,1,-70.00441706828047,-113.49710162739622,-70.0,-113.5,0.005283091513945498
20260808_151001,0.0,2,BL,Homography,ihawk2,,,0.05074669646329487,,1,-70.03317197999591,-113.45528796630113,-70.0,-113.5,0.05567356836361675
20260808_151001,0.0,2,BL,Homography,EqualFusion,0.22034932338065766,0.7796506766193423,0.05074669646329487,,1,-70.0187945241382,-113.47619479684867,-70.0,-113.5,0.030330213231319958
20260808_151001,0.0,2,BL,Homography,LOOWeightedFusion,0.22034932338065766,0.7796506766193423,0.05074669646329487,,1,-70.02683585465554,-113.46450157823149,-70.0,-113.5,0.04450057351482614
20260808_151001,0.0,2,BL,Homography,LOOWeightedGated,0.22034932338065766,0.7796506766193423,0.05074669646329487,0.4995099461069983,1,-70.02683585465554,-113.46450157823149,-70.0,-113.5,0.04450057351482614
20260808_151001,0.0,2,BL,PnP,ihawk1,,,2.9436512482488206,,1,-68.60961633549918,-111.1171308052784,-70.0,-113.5,2.758846196087026
20260808_151001,0.0,2,BL,PnP,ihawk2,,,2.9436512482488206,,1,-68.11445261547462,-114.01883643502245,-70.0,-113.5,1.955627823896283
20260808_151001,0.0,2,BL,PnP,EqualFusion,0.15057924264674782,0.8494207573532522,2.9436512482488206,,1,-68.3620344754869,-112.56798362015043,-70.0,-113.5,1.8845650935431748
20260808_151001,0.0,2,BL,PnP,LOOWeightedFusion,0.15057924264674782,0.8494207573532522,2.9436512482488206,,1,-68.18901399342207,-113.58189979891178,-70.0,-113.5,1.812836973663899
20260808_151001,0.0,2,BL,PnP,LOOWeightedGated,0.15057924264674782,0.8494207573532522,2.9436512482488206,13.14081829132932,1,-68.18901399342207,-113.58189979891178,-70.0,-113.5,1.812836973663899
20260808_151001,0.0,3,BR,Affine,ihawk1,,,15.387590481418165,,1,77.34717655334285,-110.26884733216718,70.0,-113.5,8.026291227511871
20260808_151001,0.0,3,BR,Affine,ihawk2,,,15.387590481418165,,1,67.85323658516705,-98.15922121471397,70.0,-113.5,15.490257806064664
20260808_151001,0.0,3,BR,Affine,EqualFusion,0.5482347086447923,0.4517652913552077,15.387590481418165,,1,72.60020656925495,-104.21403427344057,70.0,-113.5,9.64314438747201
20260808_151001,0.0,3,BR,Affine,LOOWeightedFusion,0.5482347086447923,0.4517652913552077,15.387590481418165,,1,73.05814399751105,-104.7981385610133,70.0,-113.5,9.223591340298881
20260808_151001,0.0,3,BR,Affine,LOOWeightedGated,0.5482347086447923,0.4517652913552077,15.387590481418165,15.354091170741235,0,,,70.0,-113.5,
20260808_151001,0.0,3,BR,Homography,ihawk1,,,0.08550086212581388,,1,69.93604178112662,-113.53944839018052,70.0,-113.5,0.07514538741193787
20260808_151001,0.0,3,BR,Homography,ihawk2,,,0.08550086212581388,,1,70.01277026170021,-113.50172389292575,70.0,-113.5,0.012886092918776768
20260808_151001,0.0,3,BR,Homography,EqualFusion,0.22034932338065766,0.7796506766193423,0.08550086212581388,,1,69.97440602141342,-113.52058614155314,70.0,-113.5,0.03284571454446425
20260808_151001,0.0,3,BR,Homography,LOOWeightedFusion,0.22034932338065766,0.7796506766193423,0.08550086212581388,,1,69.99586319292179,-113.51003646037071,70.0,-113.5,0.010855584257663947
20260808_151001,0.0,3,BR,Homography,LOOWeightedGated,0.22034932338065766,0.7796506766193423,0.08550086212581388,0.4995099461069983,1,69.99586319292179,-113.51003646037071,70.0,-113.5,0.010855584257663947
20260808_151001,0.0,3,BR,PnP,ihawk1,,,3.1899609767387798,,1,72.84790433746176,-111.2264687607214,70.0,-113.5,3.644105296408044
20260808_151001,0.0,3,BR,PnP,ihawk2,,,3.1899609767387798,,1,71.88024216872662,-114.26612021447643,70.0,-113.5,2.030332681135585
20260808_151001,0.0,3,BR,PnP,EqualFusion,0.15057924264674782,0.8494207573532522,3.1899609767387798,,1,72.36407325309419,-112.74629448759892,70.0,-113.5,2.48131302850308
20260808_151001,0.0,3,BR,PnP,LOOWeightedFusion,0.15057924264674782,0.8494207573532522,3.1899609767387798,,1,72.02595200523267,-113.80841180065991,70.0,-113.5,2.049292406244789
20260808_151001,0.0,3,BR,PnP,LOOWeightedGated,0.15057924264674782,0.8494207573532522,3.1899609767387798,13.14081829132932,1,72.02595200523267,-113.80841180065991,70.0,-113.5,2.049292406244789
20260808_151001,0.0,4,C,Affine,ihawk1,,,12.411799110145829,,1,3.243984111611983,11.51496610419531,0.0,0.0,11.963188425213318
20260808_151001,0.0,4,C,Affine,ihawk2,,,12.411799110145829,,1,6.816499074587568,-0.3715764540901887,0.0,0.0,6.826619126265022
20260808_151001,0.0,4,C,Affine,EqualFusion,0.5482347086447923,0.4517652913552077,12.411799110145829,,1,5.030241593099776,5.57169482505256,0.0,0.0,7.506471455249027
20260808_151001,0.0,4,C,Affine,LOOWeightedFusion,0.5482347086447923,0.4517652913552077,12.411799110145829,,1,4.857922374731487,6.145038742145386,0.0,0.0,7.833320556531857
20260808_151001,0.0,4,C,Affine,LOOWeightedGated,0.5482347086447923,0.4517652913552077,12.411799110145829,15.354091170741235,1,4.857922374731487,6.145038742145386,0.0,0.0,7.833320556531857
20260808_151001,0.0,4,C,Homography,ihawk1,,,0.18590988836403002,,1,0.1368402932683165,0.0731863295053999,0.0,0.0,0.15518216614106092
20260808_151001,0.0,4,C,Homography,ihawk2,,,0.18590988836403002,,1,0.04070911680828651,-0.08594029775709407,0.0,0.0,0.09509451598219901
20260808_151001,0.0,4,C,Homography,EqualFusion,0.22034932338065766,0.7796506766193423,0.18590988836403002,,1,0.08877470503830151,-0.006376984125847085,0.0,0.0,0.08900345038917727
20260808_151001,0.0,4,C,Homography,LOOWeightedFusion,0.22034932338065766,0.7796506766193423,0.18590988836403002,,1,0.06189155649704073,-0.05087685310795741,0.0,0.0,0.08011878024405426
20260808_151001,0.0,4,C,Homography,LOOWeightedGated,0.22034932338065766,0.7796506766193423,0.18590988836403002,0.4995099461069983,1,0.06189155649704073,-0.05087685310795741,0.0,0.0,0.08011878024405426
20260808_151001,0.0,4,C,PnP,ihawk1,,,6.503047550474664,,1,4.291568346463703,6.6324273310452515,0.0,0.0,7.899788046141823
20260808_151001,0.0,4,C,PnP,ihawk2,,,6.503047550474664,,1,3.1334347258004884,0.23333724256985675,0.0,0.0,3.1421106679463864
20260808_151001,0.0,4,C,PnP,EqualFusion,0.15057924264674782,0.8494207573532522,6.503047550474664,,1,3.7125015361320957,3.432882286807554,0.0,0.0,5.0564165622365635
20260808_151001,0.0,4,C,PnP,LOOWeightedFusion,0.15057924264674782,0.8494207573532522,6.503047550474664,,1,3.3078256092836913,1.1969073817207923,0.0,0.0,3.5177119753968977
20260808_151001,0.0,4,C,PnP,LOOWeightedGated,0.15057924264674782,0.8494207573532522,6.503047550474664,13.14081829132932,1,3.3078256092836913,1.1969073817207923,0.0,0.0,3.5177119753968977
20260808_151001,5.0,0,TL,Affine,ihawk1,,,8.032795789494815,,1,-57.79494750413514,124.11217595816265,-70.0,113.5,16.17348400913738
20260808_151001,5.0,0,TL,Affine,ihawk2,,,8.032795789494815,,1,-65.17995058118368,127.27248254893976,-70.0,113.5,14.59157811755404
20260808_151001,5.0,0,TL,Affine,EqualFusion,0.5482347086447923,0.4517652913552077,8.032795789494815,,1,-61.48744904265941,125.69232925355121,-70.0,113.5,14.869983740015346
20260808_151001,5.0,0,TL,Affine,LOOWeightedFusion,0.5482347086447923,0.4517652913552077,8.032795789494815,,1,-61.131235570897076,125.53989278591686,-70.0,113.5,14.95372865860867
20260808_151001,5.0,0,TL,Affine,LOOWeightedGated,0.5482347086447923,0.4517652913552077,8.032795789494815,15.354091170741235,1,-61.131235570897076,125.53989278591686,-70.0,113.5,14.95372865860867
20260808_151001,5.0,0,TL,Homography,ihawk1,,,6.6318406856029215,,1,-66.595544908007,122.68621611133385,-70.0,113.5,9.796779109356638
20260808_151001,5.0,0,TL,Homography,ihawk2,,,6.6318406856029215,,1,-64.85506593869617,116.28683771678607,-70.0,113.5,5.851223030689027
20260808_151001,5.0,0,TL,Homography,EqualFusion,0.22034932338065766,0.7796506766193423,6.6318406856029215,,1,-65.72530542335159,119.48652691405997,-70.0,113.5,7.356053168404351
20260808_151001,5.0,0,TL,Homography,LOOWeightedFusion,0.22034932338065766,0.7796506766193423,6.6318406856029215,,1,-65.23857930194207,117.69693641608147,-70.0,113.5,6.347078252591917
20260808_151001,5.0,0,TL,Homography,LOOWeightedGated,0.22034932338065766,0.7796506766193423,6.6318406856029215,0.4995099461069983,0,,,-70.0,113.5,
20260808_151001,5.0,0,TL,PnP,ihawk1,,,3.1842342788169744,,1,-68.5336154096454,117.64484882877983,-70.0,113.5,4.3965959082302435
20260808_151001,5.0,0,TL,PnP,ihawk2,,,3.1842342788169744,,1,-66.02360907268003,115.6854570530528,-70.0,113.5,4.537389925674318
20260808_151001,5.0,0,TL,PnP,EqualFusion,0.15057924264674782,0.8494207573532522,3.1842342788169744,,1,-67.27861224116272,116.66515294091631,-70.0,113.5,4.174223816871898
20260808_151001,5.0,0,TL,PnP,LOOWeightedFusion,0.15057924264674782,0.8494207573532522,3.1842342788169744,,1,-66.40156392593882,115.98050078269004,-70.0,113.5,4.370540734512239
20260808_151001,5.0,0,TL,PnP,LOOWeightedGated,0.15057924264674782,0.8494207573532522,3.1842342788169744,13.14081829132932,1,-66.40156392593882,115.98050078269004,-70.0,113.5,4.370540734512239
20260808_151001,5.0,1,TR,Affine,ihawk1,,,14.637854760166528,,1,62.57006245379134,108.1275968498951,70.0,113.5,9.168788772123518
20260808_151001,5.0,1,TR,Affine,ihawk2,,,14.637854760166528,,1,74.12035480216429,99.13551485255726,70.0,113.5,14.943753117835602
20260808_151001,5.0,1,TR,Affine,EqualFusion,0.5482347086447923,0.4517652913552077,14.637854760166528,,1,68.34520862797781,103.63155585122618,70.0,113.5,10.0062242830344
20260808_151001,5.0,1,TR,Affine,LOOWeightedFusion,0.5482347086447923,0.4517652913552077,14.637854760166528,,1,67.78808364179187,104.06528630647786,70.0,113.5,9.69053127823459
20260808_151001,5.0,1,TR,Affine,LOOWeightedGated,0.5482347086447923,0.4517652913552077,14.637854760166528,15.354091170741235,1,67.78808364179187,104.06528630647786,70.0,113.5,9.69053127823459
20260808_151001,5.0,1,TR,Homography,ihawk1,,,6.500138351639321,,1,75.71998845472618,121.90939306689393,70.0,113.5,10.170356909947872
20260808_151001,5.0,1,TR,Homography,ihawk2,,,6.500138351639321,,1,77.45146413744334,115.64410851225385,70.0,113.5,7.7538067491989775
20260808_151001,5.0,1,TR,Homography,EqualFusion,0.22034932338065766,0.7796506766193423,6.500138351639321,,1,76.58572629608476,118.7767507895739,70.0,113.5,8.438950748891179
20260808_151001,5.0,1,TR,Homography,LOOWeightedFusion,0.22034932338065766,0.7796506766193423,6.500138351639321,,1,77.06993464230655,117.02465972465606,70.0,113.5,7.899822910742921
20260808_151001,5.0,1,TR,Homography,LOOWeightedGated,0.22034932338065766,0.7796506766193423,6.500138351639321,0.4995099461069983,0,,,70.0,113.5,
20260808_151001,5.0,1,TR,PnP,ihawk1,,,13.550794846723166,,1,78.54357492770716,126.35053204723638,70.0,113.5,15.431423992697358
20260808_151001,5.0,1,TR,PnP,ihawk2,,,13.550794846723166,,1,72.02574966114034,114.47021240622999,70.0,113.5,2.2461019128287085
20260808_151001,5.0,1,TR,PnP,EqualFusion,0.15057924264674782,0.8494207573532522,13.550794846723166,,1,75.28466229442375,120.41037222673319,70.0,113.5,8.699476988768321
20260808_151001,5.0,1,TR,PnP,LOOWeightedFusion,0.15057924264674782,0.8494207573532522,13.550794846723166,,1,73.0071988534838,116.259141940174,70.0,113.5,4.081189678319478
20260808_151001,5.0,1,TR,PnP,LOOWeightedGated,0.15057924264674782,0.8494207573532522,13.550794846723166,13.14081829132932,0,,,70.0,113.5,
20260808_151001,5.0,2,BL,Affine,ihawk1,,,13.972160759713978,,1,-74.83225376273927,-113.8462259620319,-70.0,-113.5,4.8446412503190315
20260808_151001,5.0,2,BL,Affine,ihawk2,,,13.972160759713978,,1,-66.74151209422155,-125.2375022535017,-70.0,-113.5,12.181408070623936
20260808_151001,5.0,2,BL,Affine,EqualFusion,0.5482347086447923,0.4517652913552077,13.972160759713978,,1,-70.78688292848041,-119.5418641077668,-70.0,-113.5,6.092889843075665
20260808_151001,5.0,2,BL,Affine,LOOWeightedFusion,0.5482347086447923,0.4517652913552077,13.972160759713978,,1,-71.17713749558163,-118.99240921475543,-70.0,-113.5,5.617135539208086
20260808_151001,5.0,2,BL,Affine,LOOWeightedGated,0.5482347086447923,0.4517652913552077,13.972160759713978,15.354091170741235,1,-71.17713749558163,-118.99240921475543,-70.0,-113.5,5.617135539208086
20260808_151001,5.0,2,BL,Homography,ihawk1,,,6.022293444088449,,1,-68.05024402002037,-108.36827295159699,-70.0,-113.5,5.489642145056211
20260808_151001,5.0,2,BL,Homography,ihawk2,,,6.022293444088449,,1,-66.39198423818169,-114.157762810181,-70.0,-113.5,3.667482740516518
20260808_151001,5.0,2,BL,Homography,EqualFusion,0.22034932338065766,0.7796506766193423,6.022293444088449,,1,-67.22111412910104,-111.263017880889,-70.0,-113.5,3.567393402009966
20260808_151001,5.0,2,BL,Homography,LOOWeightedFusion,0.22034932338065766,0.7796506766193423,6.022293444088449,,1,-66.7573806590992,-112.88205263712283,-70.0,-113.5,3.300975482076595
20260808_151001,5.0,2,BL,Homography,LOOWeightedGated,0.22034932338065766,0.7796506766193423,6.022293444088449,0.4995099461069983,0,,,-70.0,-113.5,
20260808_151001,5.0,2,BL,PnP,ihawk1,,,3.0734197870436613,,1,-69.73491956922719,-110.69602612203416,-70.0,-113.5,2.8164760150041257
20260808_151001,5.0,2,BL,PnP,ihawk2,,,3.0734197870436613,,1,-68.60301444500142,-113.55342003557547,-70.0,-113.5,1.3980065597398224
20260808_151001,5.0,2,BL,PnP,EqualFusion,0.15057924264674782,0.8494207573532522,3.0734197870436613,,1,-69.1689670071143,-112.1247230788048,-70.0,-113.5,1.606861053494262
20260808_151001,5.0,2,BL,PnP,LOOWeightedFusion,0.15057924264674782,0.8494207573532522,3.0734197870436613,,1,-68.77345586135532,-113.123155824131,-70.0,-113.5,1.2831297895887275
20260808_151001,5.0,2,BL,PnP,LOOWeightedGated,0.15057924264674782,0.8494207573532522,3.0734197870436613,13.14081829132932,1,-68.77345586135532,-113.123155824131,-70.0,-113.5,1.2831297895887275
20260808_151001,5.0,3,BR,Affine,ihawk1,,,11.10128390967324,,1,81.53231684166033,-105.05955031844383,70.0,-113.5,14.291099417585908
20260808_151001,5.0,3,BR,Affine,ihawk2,,,11.10128390967324,,1,72.53367379719401,-98.558555948238,70.0,-113.5,15.15474358946801
20260808_151001,5.0,3,BR,Affine,EqualFusion,0.5482347086447923,0.4517652913552077,11.10128390967324,,1,77.03299531942717,-101.80905313334091,70.0,-113.5,13.643359622986214
20260808_151001,5.0,3,BR,Affine,LOOWeightedFusion,0.5482347086447923,0.4517652913552077,11.10128390967324,,1,77.4670422448755,-102.12262670268922,70.0,-113.5,13.608870013087634
20260808_151001,5.0,3,BR,Affine,LOOWeightedGated,0.5482347086447923,0.4517652913552077,11.10128390967324,15.354091170741235,1,77.4670422448755,-102.12262670268922,70.0,-113.5,13.608870013087634
20260808_151001,5.0,3,BR,Homography,ihawk1,,,5.795962081481568,,1,74.73123846844305,-109.40886616920521,70.0,-113.5,6.254757666508672
20260808_151001,5.0,3,BR,Homography,ihawk2,,,5.795962081481568,,1,76.08000523982034,-115.04570966946319,70.0,-113.5,6.273410722925351
20260808_151001,5.0,3,BR,Homography,EqualFusion,0.22034932338065766,0.7796506766193423,5.795962081481568,,1,75.4056218541317,-112.2272879193342,70.0,-113.5,5.5534263000546655
20260808_151001,5.0,3,BR,Homography,LOOWeightedFusion,0.22034932338065766,0.7796506766193423,5.795962081481568,,1,75.78280539434904,-113.80363501817868,70.0,-113.5,5.79077131763781
20260808_151001,5.0,3,BR,Homography,LOOWeightedGated,0.22034932338065766,0.7796506766193423,5.795962081481568,0.4995099461069983,0,,,70.0,-113.5,
20260808_151001,5.0,3,BR,PnP,ihawk1,,,17.787346476073704,,1,57.087552143784734,-125.841901502566,70.0,-113.5,17.86207833200043
20260808_151001,5.0,3,BR,PnP,ihawk2,,,17.787346476073704,,1,70.69130462754265,-114.38207545586957,70.0,-113.5,1.1206958543286345
20260808_151001,5.0,3,BR,PnP,EqualFusion,0.15057924264674782,0.8494207573532522,17.787346476073704,,1,63.88942838566369,-120.11198847921779,70.0,-113.5,9.003192606139299
20260808_151001,5.0,3,BR,PnP,LOOWeightedFusion,0.15057924264674782,0.8494207573532522,17.787346476073704,,1,68.64286188138456,-116.10768738284459,70.0,-113.5,2.9397036176536417
20260808_151001,5.0,3,BR,PnP,LOOWeightedGated,0.15057924264674782,0.8494207573532522,17.787346476073704,13.14081829132932,0,,,70.0,-113.5,
20260808_151001,5.0,4,C,Affine,ihawk1,,,17.986177289742805,,1,6.278932058561825,17.326909310575047,0.0,0.0,18.42950824229794
20260808_151001,5.0,4,C,Affine,ihawk2,,,17.986177289742805,,1,11.714224112181796,0.1816425062959297,0.0,0.0,11.715632315437134
20260808_151001,5.0,4,C,Affine,EqualFusion,0.5482347086447923,0.4517652913552077,17.986177289742805,,1,8.99657808537181,8.754275908435488,0.0,0.0,12.552918542203892
20260808_151001,5.0,4,C,Affine,LOOWeightedFusion,0.5482347086447923,0.4517652913552077,17.986177289742805,,1,8.734408356766096,9.58127285737712,0.0,0.0,12.96497893983083
20260808_151001,5.0,4,C,Affine,LOOWeightedGated,0.5482347086447923,0.4517652913552077,17.986177289742805,15.354091170741235,0,,,0.0,0.0,
20260808_151001,5.0,4,C,Homography,ihawk1,,,5.981756525074428,,1,3.4060785368103086,6.223416186795459,0.0,0.0,7.094524651658319
20260808_151001,5.0,4,C,Homography,ihawk2,,,5.981756525074428,,1,5.070462589255255,0.4778755811398489,0.0,0.0,5.092931959106351
20260808_151001,5.0,4,C,Homography,EqualFusion,0.22034932338065766,0.7796506766193423,5.981756525074428,,1,4.238270563032782,3.3506458839676543,0.0,0.0,5.402755334569538
20260808_151001,5.0,4,C,Homography,LOOWeightedFusion,0.22034932338065766,0.7796506766193423,5.981756525074428,,1,4.7037166894534534,1.7439015660521566,0.0,0.0,5.0165868243978515
20260808_151001,5.0,4,C,Homography,LOOWeightedGated,0.22034932338065766,0.7796506766193423,5.981756525074428,0.4995099461069983,0,,,0.0,0.0,
20260808_151001,5.0,4,C,PnP,ihawk1,,,6.307047644321642,,1,3.50041133564755,6.515678691149545,0.0,0.0,7.396414558759542
20260808_151001,5.0,4,C,PnP,ihawk2,,,6.307047644321642,,1,1.8719185683843484,0.4224971498925794,0.0,0.0,1.9190057238917921
20260808_151001,5.0,4,C,PnP,EqualFusion,0.15057924264674782,0.8494207573532522,6.307047644321642,,1,2.6861649520159494,3.469087920521062,0.0,0.0,4.387488250667344
20260808_151001,5.0,4,C,PnP,LOOWeightedFusion,0.15057924264674782,0.8494207573532522,6.307047644321642,,1,2.117135775934548,1.3400038116841968,0.0,0.0,2.5055686199084946
20260808_151001,5.0,4,C,PnP,LOOWeightedGated,0.15057924264674782,0.8494207573532522,6.307047644321642,13.14081829132932,1,2.117135775934548,1.3400038116841968,0.0,0.0,2.5055686199084946
20260808_151001,10.0,0,TL,Affine,ihawk1,,,5.338138569698796,,1,-55.78153628900375,128.78900020120273,-70.0,113.5,20.87865506811428
20260808_151001,10.0,0,TL,Affine,ihawk2,,,5.338138569698796,,1,-61.07128653694838,128.07187698746907,-70.0,113.5,17.089807577711632
20260808_151001,10.0,0,TL,Affine,EqualFusion,0.5482347086447923,0.4517652913552077,5.338138569698796,,1,-58.426411412976066,128.4304385943359,-70.0,113.5,18.890895939603435
20260808_151001,10.0,0,TL,Affine,LOOWeightedFusion,0.5482347086447923,0.4517652913552077,5.338138569698796,,1,-58.171261850962736,128.46502882361276,-70.0,113.5,19.075406519653782
20260808_151001,10.0,0,TL,Affine,LOOWeightedGated,0.5482347086447923,0.4517652913552077,5.338138569698796,15.354091170741235,1,-58.171261850962736,128.46502882361276,-70.0,113.5,19.075406519653782
20260808_151001,10.0,0,TL,Homography,ihawk1,,,11.68006063641889,,1,-64.76646028437291,128.98847573272315,-70.0,113.5,16.348786452767673
20260808_151001,10.0,0,TL,Homography,ihawk2,,,11.68006063641889,,1,-61.550605035085944,117.7598475223826,-70.0,113.5,9.462482559406077
20260808_151001,10.0,0,TL,Homography,EqualFusion,0.22034932338065766,0.7796506766193423,11.68006063641889,,1,-63.15853265972943,123.37416162755287,-70.0,113.5,12.012690923145668
20260808_151001,10.0,0,TL,Homography,LOOWeightedFusion,0.22034932338065766,0.7796506766193423,11.68006063641889,,1,-62.25921656335646,120.23406815102409,-70.0,113.5,10.259990354559402
20260808_151001,10.0,0,TL,Homography,LOOWeightedGated,0.22034932338065766,0.7796506766193423,11.68006063641889,0.4995099461069983,0,,,-70.0,113.5,
20260808_151001,10.0,0,TL,PnP,ihawk1,,,3.7577404047023237,,1,-68.8631372779296,118.313388938296,-70.0,113.5,4.945823482509624
20260808_151001,10.0,0,TL,PnP,ihawk2,,,3.7577404047023237,,1,-66.1888989339908,115.67349079084033,-70.0,113.5,4.387317352688793
20260808_151001,10.0,0,TL,PnP,EqualFusion,0.15057924264674782,0.8494207573532522,3.7577404047023237,,1,-67.52601810596019,116.99343986456816,-70.0,113.5,4.280736910788936
20260808_151001,10.0,0,TL,PnP,LOOWeightedFusion,0.15057924264674782,0.8494207573532522,3.7577404047023237,,1,-66.59158371847799,116.07100465454876,-70.0,113.5,4.269351997886295
20260808_151001,10.0,0,TL,PnP,LOOWeightedGated,0.15057924264674782,0.8494207573532522,3.7577404047023237,13.14081829132932,1,-66.59158371847799,116.07100465454876,-70.0,113.5,4.269351997886295
20260808_151001,10.0,1,TR,Affine,ihawk1,,,18.233286480961496,,1,64.72687028897187,112.47199698958389,70.0,113.5,5.372400500591168
20260808_151001,10.0,1,TR,Affine,ihawk2,,,18.233286480961496,,1,77.8354562456799,99.79849273415357,70.0,113.5,15.78371553006473
20260808_151001,10.0,1,TR,Affine,EqualFusion,0.5482347086447923,0.4517652913552077,18.233286480961496,,1,71.28116326732588,106.13524486186873,70.0,113.5,7.475359360069327
20260808_151001,10.0,1,TR,Affine,LOOWeightedFusion,0.5482347086447923,0.4517652913552077,18.233286480961496,,1,70.64887444295886,106.74654764713794,70.0,113.5,6.7845528021457095
20260808_151001,10.0,1,TR,Affine,LOOWeightedGated,0.5482347086447923,0.4517652913552077,18.233286480961496,15.354091170741235,0,,,70.0,113.5,
20260808_151001,10.0,1,TR,Homography,ihawk1,,,11.61365316249775,,1,79.14637311098225,128.4414646334259,70.0,113.5,17.518661663415287
20260808_151001,10.0,1,TR,Homography,ihawk2,,,11.61365316249775,,1,82.33700690782528,117.2746926847723,70.0,113.5,12.901552011607064
20260808_151001,10.0,1,TR,Homography,EqualFusion,0.22034932338065766,0.7796506766193423,11.61365316249775,,1,80.74169000940377,122.8580786590991,70.0,113.5,14.246316732686061
20260808_151001,10.0,1,TR,Homography,LOOWeightedFusion,0.22034932338065766,0.7796506766193423,11.61365316249775,,1,81.63395290953545,119.73528332800423,70.0,113.5,13.199530994765531
20260808_151001,10.0,1,TR,Homography,LOOWeightedGated,0.22034932338065766,0.7796506766193423,11.61365316249775,0.4995099461069983,0,,,70.0,113.5,
20260808_151001,10.0,1,TR,PnP,ihawk1,,,14.054872353152795,,1,78.55854533153558,127.56673941106172,70.0,113.5,16.465778325079764
20260808_151001,10.0,1,TR,PnP,ihawk2,,,14.054872353152795,,1,72.61838420079334,114.82884623345036,70.0,113.5,2.9362847503468417
20260808_151001,10.0,1,TR,PnP,EqualFusion,0.15057924264674782,0.8494207573532522,14.054872353152795,,1,75.58846476616446,121.19779282225605,70.0,113.5,9.512463023688364
20260808_151001,10.0,1,TR,PnP,LOOWeightedFusion,0.15057924264674782,0.8494207573532522,14.054872353152795,,1,73.51284916506016,116.74690854105026,70.0,113.5,4.783568158854747
20260808_151001,10.0,1,TR,PnP,LOOWeightedGated,0.15057924264674782,0.8494207573532522,14.054872353152795,13.14081829132932,0,,,70.0,113.5,
20260808_151001,10.0,2,BL,Affine,ihawk1,,,19.78719679736023,,1,-71.87438559674516,-108.27062362806919,-70.0,-113.5,5.555150637434952
20260808_151001,10.0,2,BL,Affine,ihawk2,,,19.78719679736023,,1,-62.6176542563087,-125.75907930569963,-70.0,-113.5,14.310277918434359
20260808_151001,10.0,2,BL,Affine,EqualFusion,0.5482347086447923,0.4517652913552077,19.78719679736023,,1,-67.24601992652693,-117.01485146688441,-70.0,-113.5,4.465264502730632
20260808_151001,10.0,2,BL,Affine,LOOWeightedFusion,0.5482347086447923,0.4517652913552077,19.78719679736023,,1,-67.692515665736,-116.17130090262654,-70.0,-113.5,3.529919611725905
20260808_151001,10.0,2,BL,Affine,LOOWeightedGated,0.5482347086447923,0.4517652913552077,19.78719679736023,15.354091170741235,0,,,-70.0,-113.5,
20260808_151001,10.0,2,BL,Homography,ihawk1,,,11.41196227679444,,1,-65.95431953038482,-104.34826675040796,-70.0,-113.5,10.00608574488117
20260808_151001,10.0,2,BL,Homography,ihawk2,,,11.41196227679444,,1,-63.07153047660667,-115.39011488730951,-70.0,-113.5,7.181658876876516
20260808_151001,10.0,2,BL,Homography,EqualFusion,0.22034932338065766,0.7796506766193423,11.41196227679444,,1,-64.51292500349575,-109.86919081885873,-70.0,-113.5,6.5795719714219905
20260808_151001,10.0,2,BL,Homography,LOOWeightedFusion,0.22034932338065766,0.7796506766193423,11.41196227679444,,1,-63.706751094055846,-112.95705112147128,-70.0,-113.5,6.31662689074342
20260808_151001,10.0,2,BL,Homography,LOOWeightedGated,0.22034932338065766,0.7796506766193423,11.41196227679444,0.4995099461069983,0,,,-70.0,-113.5,
20260808_151001,10.0,2,BL,PnP,ihawk1,,,3.877807933453152,,1,-69.72384074435324,-109.88214104601606,-70.0,-113.5,3.628383571978181
20260808_151001,10.0,2,BL,PnP,ihawk2,,,3.877807933453152,,1,-69.11524561729127,-113.71189382394685,-70.0,-113.5,0.9097743183609517
20260808_151001,10.0,2,BL,PnP,EqualFusion,0.15057924264674782,0.8494207573532522,3.877807933453152,,1,-69.41954318082225,-111.79701743498146,-70.0,-113.5,1.7991886326027902
20260808_151001,10.0,2,BL,PnP,LOOWeightedFusion,0.15057924264674782,0.8494207573532522,3.877807933453152,,1,-69.20688741060276,-113.13521255112175,-70.0,-113.5,0.8729819369949718
20260808_151001,10.0,2,BL,PnP,LOOWeightedGated,0.15057924264674782,0.8494207573532522,3.877807933453152,13.14081829132932,1,-69.20688741060276,-113.13521255112175,-70.0,-113.5,0.8729819369949718
20260808_151001,10.0,3,BR,Affine,ihawk1,,,7.9911353923133985,,1,84.4297254904595,-99.20854391550529,70.0,-113.5,20.309177598934372
20260808_151001,10.0,3,BR,Affine,ihawk2,,,7.9911353923133985,,1,76.45484627782855,-98.69908694751825,70.0,-113.5,16.147199994349535
20260808_151001,10.0,3,BR,Affine,EqualFusion,0.5482347086447923,0.4517652913552077,7.9911353923133985,,1,80.44228588414403,-98.95381543151177,70.0,-113.5,17.906222940271874
20260808_151001,10.0,3,BR,Affine,LOOWeightedFusion,0.5482347086447923,0.4517652913552077,7.9911353923133985,,1,80.82695185944269,-98.97838893992969,70.0,-113.5,18.113532906273306
20260808_151001,10.0,3,BR,Affine,LOOWeightedGated,0.5482347086447923,0.4517652913552077,7.9911353923133985,15.354091170741235,1,80.82695185944269,-98.97838893992969,70.0,-113.5,18.113532906273306
20260808_151001,10.0,3,BR,Homography,ihawk1,,,11.911581199525942,,1,78.32864285595771,-104.58468839518783,70.0,-113.5,12.200371831751442
20260808_151001,10.0,3,BR,Homography,ihawk2,,,11.911581199525942,,1,81.25072422982703,-116.13229451582538,70.0,-113.5,11.554556249101969
20260808_151001,10.0,3,BR,Homography,EqualFusion,0.22034932338065766,0.7796506766193423,11.911581199525942,,1,79.78968354289236,-110.3584914555066,70.0,-113.5,10.281389974371297
20260808_151001,10.0,3,BR,Homography,LOOWeightedFusion,0.22034932338065766,0.7796506766193423,11.911581199525942,,1,80.6068455762317,-113.58778732047654,70.0,-113.5,10.607208854909125
20260808_151001,10.0,3,BR,Homography,LOOWeightedGated,0.22034932338065766,0.7796506766193423,11.911581199525942,0.4995099461069983,0,,,70.0,-113.5,
20260808_151001,10.0,3,BR,PnP,ihawk1,,,6.20184276839046,,1,73.73761814535239,-109.15246822978872,70.0,-113.5,5.73330811080861
20260808_151001,10.0,3,BR,PnP,ihawk2,,,6.20184276839046,,1,70.42717087001398,-114.39687406467999,70.0,-113.5,0.9934072881170699
20260808_151001,10.0,3,BR,PnP,EqualFusion,0.15057924264674782,0.8494207573532522,6.20184276839046,,1,72.08239450768318,-111.77467114723436,70.0,-113.5,2.704279300629775
20260808_151001,10.0,3,BR,PnP,LOOWeightedFusion,0.15057924264674782,0.8494207573532522,6.20184276839046,,1,70.92565551355644,-113.60717540592988,70.0,-113.5,0.9318394161086248
20260808_151001,10.0,3,BR,PnP,LOOWeightedGated,0.15057924264674782,0.8494207573532522,6.20184276839046,13.14081829132932,1,70.92565551355644,-113.60717540592988,70.0,-113.5,0.9318394161086248
20260808_151001,10.0,4,C,Affine,ihawk1,,,22.677837498628307,,1,9.008946430697083,21.979707665536125,0.0,0.0,23.754339916183678
20260808_151001,10.0,4,C,Affine,ihawk2,,,22.677837498628307,,1,15.646600076557093,0.2950156526945875,0.0,0.0,15.649381080127457
20260808_151001,10.0,4,C,Affine,EqualFusion,0.5482347086447923,0.4517652913552077,22.677837498628307,,1,12.327773253627088,11.137361659115356,0.0,0.0,16.613693692817865
20260808_151001,10.0,4,C,Affine,LOOWeightedFusion,0.5482347086447923,0.4517652913552077,22.677837498628307,,1,12.007607963933987,12.183316460406822,0.0,0.0,17.10601791738658
20260808_151001,10.0,4,C,Affine,LOOWeightedGated,0.5482347086447923,0.4517652913552077,22.677837498628307,15.354091170741235,0,,,0.0,0.0,
20260808_151001,10.0,4,C,Homography,ihawk1,,,11.014330438847754,,1,6.387729334002327,11.24797369585077,0.0,0.0,12.935223164175586
20260808_151001,10.0,4,C,Homography,ihawk2,,,11.014330438847754,,1,9.173010158994893,0.59162883740813,0.0,0.0,9.19206941108891
20260808_151001,10.0,4,C,Homography,EqualFusion,0.22034932338065766,0.7796506766193423,11.014330438847754,,1,7.780369746498611,5.919801266629451,0.0,0.0,9.776410406106042
20260808_151001,10.0,4,C,Homography,LOOWeightedFusion,0.22034932338065766,0.7796506766193423,11.014330438847754,,1,8.559275413782661,2.939747216676916,0.0,0.0,9.050044712980373
20260808_151001,10.0,4,C,Homography,LOOWeightedGated,0.22034932338065766,0.7796506766193423,11.014330438847754,0.4995099461069983,0,,,0.0,0.0,
20260808_151001,10.0,4,C,PnP,ihawk1,,,6.902213753722233,,1,3.498221899027573,6.91242388390844,0.0,0.0,7.747203392558112
20260808_151001,10.0,4,C,PnP,ihawk2,,,6.902213753722233,,1,1.6063658427648138,0.27454505370565646,0.0,0.0,1.6296583099888615
20260808_151001,10.0,4,C,PnP,EqualFusion,0.15057924264674782,0.8494207573532522,6.902213753722233,,1,2.552293870896193,3.5934844688070484,0.0,0.0,4.4076450209802225
20260808_151001,10.0,4,C,PnP,LOOWeightedFusion,0.15057924264674782,0.8494207573532522,6.902213753722233,,1,1.891240094913523,1.274071820738472,0.0,0.0,2.280361397017665
20260808_151001,10.0,4,C,PnP,LOOWeightedGated,0.15057924264674782,0.8494207573532522,6.902213753722233,13.14081829132932,1,1.891240094913523,1.274071820738472,0.0,0.0,2.280361397017665
20260808_151001,15.0,0,TL,Affine,ihawk1,,,6.284657139042246,,1,-50.56857854832444,133.96457635197362,-70.0,113.5,28.220188250583927
20260808_151001,15.0,0,TL,Affine,ihawk2,,,6.284657139042246,,1,-52.62866738581101,128.02715693466968,-70.0,113.5,22.645120564865785
20260808_151001,15.0,0,TL,Affine,EqualFusion,0.5482347086447923,0.4517652913552077,6.284657139042246,,1,-51.598622967067726,130.99586664332165,-70.0,113.5,25.391258856327358
20260808_151001,15.0,0,TL,Affine,LOOWeightedFusion,0.5482347086447923,0.4517652913552077,6.284657139042246,,1,-51.49925518220917,131.28225633901724,-70.0,113.5,25.660985938181195
20260808_151001,15.0,0,TL,Affine,LOOWeightedGated,0.5482347086447923,0.4517652913552077,6.284657139042246,15.354091170741235,1,-51.49925518220917,131.28225633901724,-70.0,113.5,25.660985938181195
20260808_151001,15.0,0,TL,Homography,ihawk1,,,17.994141374677582,,1,-59.473997831259794,136.61443828997628,-70.0,113.5,25.39830661909264
20260808_151001,15.0,0,TL,Homography,ihawk2,,,17.994141374677582,,1,-54.62673044070644,119.28547055798596,-70.0,113.5,16.425866385674286
20260808_151001,15.0,0,TL,Homography,EqualFusion,0.22034932338065766,0.7796506766193423,17.994141374677582,,1,-57.050364135983116,127.94995442398113,-70.0,113.5,19.403459791123954
20260808_151001,15.0,0,TL,Homography,LOOWeightedFusion,0.22034932338065766,0.7796506766193423,17.994141374677582,,1,-55.694822530459994,123.10389687261528,-70.0,113.5,17.230001090390697
20260808_151001,15.0,0,TL,Homography,LOOWeightedGated,0.22034932338065766,0.7796506766193423,17.994141374677582,0.4995099461069983,0,,,-70.0,113.5,
20260808_151001,15.0,0,TL,PnP,ihawk1,,,2.780011064640171,,1,-67.22553721191208,116.67583240908773,-70.0,113.5,4.217055282195926
20260808_151001,15.0,0,TL,PnP,ihawk2,,,2.780011064640171,,1,-65.30209591672329,114.66863657821217,-70.0,113.5,4.841075730414
20260808_151001,15.0,0,TL,PnP,EqualFusion,0.15057924264674782,0.8494207573532522,2.780011064640171,,1,-66.2638165643177,115.67223449364995,-70.0,113.5,4.321766925745709
20260808_151001,15.0,0,TL,PnP,LOOWeightedFusion,0.15057924264674782,0.8494207573532522,2.780011064640171,,1,-65.5917262502283,114.97087860626912,-70.0,113.5,4.647188540107492
20260808_151001,15.0,0,TL,PnP,LOOWeightedGated,0.15057924264674782,0.8494207573532522,2.780011064640171,13.14081829132932,1,-65.5917262502283,114.97087860626912,-70.0,113.5,4.647188540107492
20260808_151001,15.0,1,TR,Affine,ihawk1,,,24.03682149095414,,1,70.55370830471841,117.94264505121055,70.0,113.5,4.4770177504405435
20260808_151001,15.0,1,TR,Affine,ihawk2,,,24.03682149095414,,1,85.69654566467739,99.27547429402762,70.0,113.5,21.18298084225097
20260808_151001,15.0,1,TR,Affine,EqualFusion,0.5482347086447923,0.4517652913552077,24.03682149095414,,1,78.1251269846979,108.60905967261908,70.0,113.5,9.483616704795008
20260808_151001,15.0,1,TR,Affine,LOOWeightedFusion,0.5482347086447923,0.4517652913552077,24.03682149095414,,1,77.3947166365848,109.50946521531438,70.0,113.5,8.402749669195792
20260808_151001,15.0,1,TR,Affine,LOOWeightedGated,0.5482347086447923,0.4517652913552077,24.03682149095414,15.354091170741235,0,,,70.0,113.5,
20260808_151001,15.0,1,TR,Homography,ihawk1,,,19.61288383354579,,1,87.78996507624646,137.44684451291508,70.0,113.5,29.831765276962738
20260808_151001,15.0,1,TR,Homography,ihawk2,,,19.61288383354579,,1,92.92661228709696,118.51855701247216,70.0,113.5,23.46945814138662
20260808_151001,15.0,1,TR,Homography,EqualFusion,0.22034932338065766,0.7796506766193423,19.61288383354579,,1,90.35828868167171,127.98270076269361,70.0,113.5,24.98416577410598
20260808_151001,15.0,1,TR,Homography,LOOWeightedFusion,0.22034932338065766,0.7796506766193423,19.61288383354579,,1,91.79475554974091,122.68939235594931,70.0,113.5,23.652828611913247
20260808_151001,15.0,1,TR,Homography,LOOWeightedGated,0.22034932338065766,0.7796506766193423,19.61288383354579,0.4995099461069983,0,,,70.0,113.5,
20260808_151001,15.0,1,TR,PnP,ihawk1,,,7.046628984208013,,1,76.74019069878699,120.37689096770607,70.0,113.5,9.629215961734996
20260808_151001,15.0,1,TR,PnP,ihawk2,,,7.046628984208013,,1,74.69802894378479,113.63266711262187,70.0,113.5,4.6999017563573675
20260808_151001,15.0,1,TR,PnP,EqualFusion,0.15057924264674782,0.8494207573532522,7.046628984208013,,1,75.71910982128588,117.00477904016398,70.0,113.5,6.707584756699047
20260808_151001,15.0,1,TR,PnP,LOOWeightedFusion,0.15057924264674782,0.8494207573532522,7.046628984208013,,1,75.00553611421518,114.64820723296059,70.0,113.5,5.135540053444756
20260808_151001,15.0,1,TR,PnP,LOOWeightedGated,0.15057924264674782,0.8494207573532522,7.046628984208013,13.14081829132932,1,75.00553611421518,114.64820723296059,70.0,113.5,5.135540053444756
20260808_151001,15.0,2,BL,Affine,ihawk1,,,26.026798304970804,,1,-66.0987153134486,-102.70667338910175,-70.0,-113.5,11.476755705993082
20260808_151001,15.0,2,BL,Affine,ihawk2,,,26.026798304970804,,1,-55.16205818750518,-126.3241195024558,-70.0,-113.5,19.61179640533343
20260808_151001,15.0,2,BL,Affine,EqualFusion,0.5482347086447923,0.4517652913552077,26.026798304970804,,1,-60.63038675047689,-114.51539644577878,-70.0,-113.5,9.424472525703454
20260808_151001,15.0,2,BL,Affine,LOOWeightedFusion,0.5482347086447923,0.4517652913552077,26.026798304970804,,1,-61.15791322049476,-113.37621581356706,-70.0,-113.5,8.842953191163694
20260808_151001,15.0,2,BL,Affine,LOOWeightedGated,0.5482347086447923,0.4517652913552077,26.026798304970804,15.354091170741235,0,,,-70.0,-113.5,
20260808_151001,15.0,2,BL,Homography,ihawk1,,,17.515034974200322,,1,-61.515079618265034,-100.39455092979004,-70.0,-113.5,15.612388325181016
20260808_151001,15.0,2,BL,Homography,ihawk2,,,17.515034974200322,,1,-56.95682347966164,-117.30604853119557,-70.0,-113.5,13.587143156768532
20260808_151001,15.0,2,BL,Homography,EqualFusion,0.22034932338065766,0.7796506766193423,17.515034974200322,,1,-59.235951548963335,-108.85029973049281,-70.0,-113.5,11.725376397050974
20260808_151001,15.0,2,BL,Homography,LOOWeightedFusion,0.22034932338065766,0.7796506766193423,17.515034974200322,,1,-57.96123213559862,-113.57961147737224,-70.0,-113.5,12.039031093915854
20260808_151001,15.0,2,BL,Homography,LOOWeightedGated,0.22034932338065766,0.7796506766193423,17.515034974200322,0.4995099461069983,0,,,-70.0,-113.5,
20260808_151001,15.0,2,BL,PnP,ihawk1,,,3.4382412388660897,,1,-68.66306366068235,-111.01705587098922,-70.0,-113.5,2.8200018303499634
20260808_151001,15.0,2,BL,PnP,ihawk2,,,3.4382412388660897,,1,-67.6803288250376,-114.31186012305788,-70.0,-113.5,2.457639359092985
20260808_151001,15.0,2,BL,PnP,EqualFusion,0.15057924264674782,0.8494207573532522,3.4382412388660897,,1,-68.17169624285998,-112.66445799702356,-70.0,-113.5,2.010180356861093
20260808_151001,15.0,2,BL,PnP,LOOWeightedFusion,0.15057924264674782,0.8494207573532522,3.4382412388660897,,1,-67.82830829231156,-113.8157309941121,-70.0,-113.5,2.194522939931534
20260808_151001,15.0,2,BL,PnP,LOOWeightedGated,0.15057924264674782,0.8494207573532522,3.4382412388660897,13.14081829132932,1,-67.82830829231156,-113.8157309941121,-70.0,-113.5,2.194522939931534
20260808_151001,15.0,3,BR,Affine,ihawk1,,,8.688408169109863,,1,89.90065147943577,-95.1885327907869,70.0,-113.5,27.04340512324688
20260808_151001,15.0,3,BR,Affine,ihawk2,,,8.688408169109863,,1,82.39449130810743,-99.56414657577972,70.0,-113.5,18.650239286617822
20260808_151001,15.0,3,BR,Affine,EqualFusion,0.5482347086447923,0.4517652913552077,8.688408169109863,,1,86.1475713937716,-97.3763396832833,70.0,-113.5,22.819213043525746
20260808_151001,15.0,3,BR,Affine,LOOWeightedFusion,0.5482347086447923,0.4517652913552077,8.688408169109863,,1,86.50962884267676,-97.16528322722203,70.0,-113.5,23.224788838002777
20260808_151001,15.0,3,BR,Affine,LOOWeightedGated,0.5482347086447923,0.4517652913552077,8.688408169109863,15.354091170741235,1,86.50962884267676,-97.16528322722203,70.0,-113.5,23.224788838002777
20260808_151001,15.0,3,BR,Homography,ihawk1,,,17.835534783431083,,1,84.53065814671353,-101.39054714874376,70.0,-113.5,18.91504360379458
20260808_151001,15.0,3,BR,Homography,ihawk2,,,17.835534783431083,,1,89.24379000308433,-118.59207874088528,70.0,-113.5,19.906097547891807
20260808_151001,15.0,3,BR,Homography,EqualFusion,0.22034932338065766,0.7796506766193423,17.835534783431083,,1,86.88722407489894,-109.99131294481452,70.0,-113.5,17.247875863626582
20260808_151001,15.0,3,BR,Homography,LOOWeightedFusion,0.22034932338065766,0.7796506766193423,17.835534783431083,,1,88.2052545875292,-114.80173289344589,70.0,-113.5,18.251734249726297
20260808_151001,15.0,3,BR,Homography,LOOWeightedGated,0.22034932338065766,0.7796506766193423,17.835534783431083,0.4995099461069983,0,,,70.0,-113.5,
20260808_151001,15.0,3,BR,PnP,ihawk1,,,3.69852340464125,,1,73.19656803240801,-112.09078372749406,70.0,-113.5,3.4934134723087618
20260808_151001,15.0,3,BR,PnP,ihawk2,,,3.69852340464125,,1,73.05153899265643,-115.78646254907851,70.0,-113.5,3.813109126689298
20260808_151001,15.0,3,BR,PnP,EqualFusion,0.15057924264674782,0.8494207573532522,3.69852340464125,,1,73.12405351253221,-113.93862313828629,70.0,-113.5,3.1546950100770403
20260808_151001,15.0,3,BR,PnP,LOOWeightedFusion,0.15057924264674782,0.8494207573532522,3.69852340464125,,1,73.07337735562402,-115.2299700310587,70.0,-113.5,3.52681792532925
20260808_151001,15.0,3,BR,PnP,LOOWeightedGated,0.15057924264674782,0.8494207573532522,3.69852340464125,13.14081829132932,1,73.07337735562402,-115.2299700310587,70.0,-113.5,3.52681792532925
20260808_151001,15.0,4,C,Affine,ihawk1,,,28.457750172837635,,1,14.35687866522105,27.024200035248214,0.0,0.0,30.601100512121928
20260808_151001,15.0,4,C,Affine,ihawk2,,,28.457750172837635,,1,22.94455022405839,-0.10687886141892022,0.0,0.0,22.94479915090468
20260808_151001,15.0,4,C,Affine,EqualFusion,0.5482347086447923,0.4517652913552077,28.457750172837635,,1,18.650714444639718,13.458660586914647,0.0,0.0,22.99966726040319
20260808_151001,15.0,4,C,Affine,LOOWeightedFusion,0.5482347086447923,0.4517652913552077,28.457750172837635,,1,18.23649060906203,14.76732027271426,0.0,0.0,23.465790797911016
20260808_151001,15.0,4,C,Affine,LOOWeightedGated,0.5482347086447923,0.4517652913552077,28.457750172837635,15.354091170741235,0,,,0.0,0.0,
20260808_151001,15.0,4,C,Homography,ihawk1,,,17.409611108131898,,1,12.245998100413921,16.922022728495627,0.0,0.0,20.88825801016121
20260808_151001,15.0,4,C,Homography,ihawk2,,,17.409611108131898,,1,16.94286550530406,0.15795414365411312,0.0,0.0,16.943601773009174
20260808_151001,15.0,4,C,Homography,EqualFusion,0.22034932338065766,0.7796506766193423,17.409611108131898,,1,14.59443180285899,8.53998843607487,0.0,0.0,16.90943056807634
20260808_151001,15.0,4,C,Homography,LOOWeightedFusion,0.22034932338065766,0.7796506766193423,17.409611108131898,,1,15.90791395062785,3.85190531343088,0.0,0.0,16.3676174443386
20260808_151001,15.0,4,C,Homography,LOOWeightedGated,0.22034932338065766,0.7796506766193423,17.409611108131898,0.4995099461069983,0,,,0.0,0.0,
20260808_151001,15.0,4,C,PnP,ihawk1,,,6.635214312618758,,1,5.0566609499025175,6.00335872300471,0.0,0.0,7.849212439432747
20260808_151001,15.0,4,C,PnP,ihawk2,,,6.635214312618758,,1,3.6139222697474693,-0.4731043607444192,0.0,0.0,3.6447581412121277
20260808_151001,15.0,4,C,PnP,EqualFusion,0.15057924264674782,0.8494207573532522,6.635214312618758,,1,4.335291609824994,2.765127181130145,0.0,0.0,5.142050337175213
20260808_151001,15.0,4,C,PnP,LOOWeightedFusion,0.15057924264674782,0.8494207573532522,6.635214312618758,,1,3.831168767542385,0.5021165454361456,0.0,0.0,3.8639326017146014
20260808_151001,15.0,4,C,PnP,LOOWeightedGated,0.15057924264674782,0.8494207573532522,6.635214312618758,13.14081829132932,1,3.831168767542385,0.5021165454361456,0.0,0.0,3.8639326017146014
20260808_151001,20.0,0,TL,Affine,ihawk1,,,9.72258163749351,,1,-49.02720754534184,138.97946256637715,-70.0,113.5,33.00092477518745
20260808_151001,20.0,0,TL,Affine,ihawk2,,,9.72258163749351,,1,-49.04587028266246,129.25689884069442,-70.0,113.5,26.21746389883822
20260808_151001,20.0,0,TL,Affine,EqualFusion,0.5482347086447923,0.4517652913552077,9.72258163749351,,1,-49.03653891400215,134.11818070353578,-70.0,113.5,29.403674536149417
20260808_151001,20.0,0,TL,Affine,LOOWeightedFusion,0.5482347086447923,0.4517652913552077,9.72258163749351,,1,-49.03563872230498,134.5871457321245,-70.0,113.5,29.73503251906032
20260808_151001,20.0,0,TL,Affine,LOOWeightedGated,0.5482347086447923,0.4517652913552077,9.72258163749351,15.354091170741235,1,-49.03563872230498,134.5871457321245,-70.0,113.5,29.73503251906032
20260808_151001,20.0,0,TL,Homography,ihawk1,,,23.320577838905844,,1,-58.08835925904395,143.5162430575375,-70.0,113.5,32.29337443549021
20260808_151001,20.0,0,TL,Homography,ihawk2,,,23.320577838905844,,1,-51.630898842630835,121.10752699188743,-70.0,113.5,19.882111162096365
20260808_151001,20.0,0,TL,Homography,EqualFusion,0.22034932338065766,0.7796506766193423,23.320577838905844,,1,-54.85962905083739,132.31188502471247,-70.0,113.5,24.147833249822813
20260808_151001,20.0,0,TL,Homography,LOOWeightedFusion,0.22034932338065766,0.7796506766193423,23.320577838905844,,1,-53.05379587614484,126.04527241478269,-70.0,113.5,21.084536849750176
20260808_151001,20.0,0,TL,Homography,LOOWeightedGated,0.22034932338065766,0.7796506766193423,23.320577838905844,0.4995099461069983,0,,,-70.0,113.5,
20260808_151001,20.0,0,TL,PnP,ihawk1,,,3.56929913737383,,1,-68.5874394120434,116.33929801874136,-70.0,113.5,3.1712679883410866
20260808_151001,20.0,0,TL,PnP,ihawk2,,,3.56929913737383,,1,-65.19024580249227,115.24432226043318,-70.0,113.5,5.116287285589614
20260808_151001,20.0,0,TL,PnP,EqualFusion,0.15057924264674782,0.8494207573532522,3.56929913737383,,1,-66.88884260726783,115.79181013958727,-70.0,113.5,3.864155022545943
20260808_151001,20.0,0,TL,PnP,LOOWeightedFusion,0.15057924264674782,0.8494207573532522,3.56929913737383,,1,-65.70179264334286,115.40920288083576,-70.0,113.5,4.703152359961686
20260808_151001,20.0,0,TL,PnP,LOOWeightedGated,0.15057924264674782,0.8494207573532522,3.56929913737383,13.14081829132932,1,-65.70179264334286,115.40920288083576,-70.0,113.5,4.703152359961686
20260808_151001,20.0,1,TR,Affine,ihawk1,,,27.07432172465269,,1,72.02517852953528,121.62778921978077,70.0,113.5,8.376294268808559
20260808_151001,20.0,1,TR,Affine,ihawk2,,,27.07432172465269,,1,88.4707610004512,100.12054127769613,70.0,113.5,22.807431412537937
20260808_151001,20.0,1,TR,Affine,EqualFusion,0.5482347086447923,0.4517652913552077,27.07432172465269,,1,80.24796976499324,110.87416524873845,70.0,113.5,10.579030789498084
20260808_151001,20.0,1,TR,Affine,LOOWeightedFusion,0.5482347086447923,0.4517652913552077,27.07432172465269,,1,79.45472188601471,111.9115610869762,70.0,113.5,9.587226091122174
20260808_151001,20.0,1,TR,Affine,LOOWeightedGated,0.5482347086447923,0.4517652913552077,27.07432172465269,15.354091170741235,0,,,70.0,113.5,
20260808_151001,20.0,1,TR,Homography,ihawk1,,,23.82252559678165,,1,90.35307843167313,143.1473688183529,70.0,113.5,35.961288623981225
20260808_151001,20.0,1,TR,Homography,ihawk2,,,23.82252559678165,,1,96.74101223820406,120.19727018037977,70.0,113.5,27.566921543632393
20260808_151001,20.0,1,TR,Homography,EqualFusion,0.22034932338065766,0.7796506766193423,23.82252559678165,,1,93.54704533493859,131.67231949936632,70.0,113.5,29.74384877571668
20260808_151001,20.0,1,TR,Homography,LOOWeightedFusion,0.22034932338065766,0.7796506766193423,23.82252559678165,,1,95.33343534613454,125.2543088867765,70.0,113.5,27.927526275030726
20260808_151001,20.0,1,TR,Homography,LOOWeightedGated,0.22034932338065766,0.7796506766193423,23.82252559678165,0.4995099461069983,0,,,70.0,113.5,
20260808_151001,20.0,1,TR,PnP,ihawk1,,,17.33460445957681,,1,81.30543924260927,129.11464330577184,70.0,113.5,19.27770842280832
20260808_151001,20.0,1,TR,PnP,ihawk2,,,17.33460445957681,,1,73.28731301431385,113.74590348895207,70.0,113.5,3.296497441217879
20260808_151001,20.0,1,TR,PnP,EqualFusion,0.15057924264674782,0.8494207573532522,17.33460445957681,,1,77.29637612846156,121.43027339736196,70.0,113.5,10.776193240884764
20260808_151001,20.0,1,TR,PnP,LOOWeightedFusion,0.15057924264674782,0.8494207573532522,17.33460445957681,,1,74.49467638921661,116.06011669100371,70.0,113.5,5.172650511617525
20260808_151001,20.0,1,TR,PnP,LOOWeightedGated,0.15057924264674782,0.8494207573532522,17.33460445957681,13.14081829132932,0,,,70.0,113.5,
20260808_151001,20.0,2,BL,Affine,ihawk1,,,32.24371803288549,,1,-63.85977755023944,-97.12581450421658,-70.0,-113.5,17.487603677544495
20260808_151001,20.0,2,BL,Affine,ihawk2,,,32.24371803288549,,1,-51.30030274625642,-126.82290098138367,-70.0,-113.5,22.96036515261504
20260808_151001,20.0,2,BL,Affine,EqualFusion,0.5482347086447923,0.4517652913552077,32.24371803288549,,1,-57.58004014824793,-111.97435774280012,-70.0,-113.5,12.513312391852415
20260808_151001,20.0,2,BL,Affine,LOOWeightedFusion,0.5482347086447923,0.4517652913552077,32.24371803288549,,1,-58.18584275614967,-110.54192742897476,-70.0,-113.5,12.178854819640192
20260808_151001,20.0,2,BL,Affine,LOOWeightedGated,0.5482347086447923,0.4517652913552077,32.24371803288549,15.354091170741235,0,,,-70.0,-113.5,
20260808_151001,20.0,2,BL,Homography,ihawk1,,,23.145264560222756,,1,-59.92835748126103,-96.20997312784027,-70.0,-113.5,20.00957301556623
20260808_151001,20.0,2,BL,Homography,ihawk2,,,23.145264560222756,,1,-53.73210590272159,-118.51041567811606,-70.0,-113.5,17.022004688866023
20260808_151001,20.0,2,BL,Homography,EqualFusion,0.22034932338065766,0.7796506766193423,23.145264560222756,,1,-56.830231691991315,-107.36019440297817,-70.0,-113.5,14.530657591996674
20260808_151001,20.0,2,BL,Homography,LOOWeightedFusion,0.22034932338065766,0.7796506766193423,23.145264560222756,,1,-55.09744574554909,-113.59652825107355,-70.0,-113.5,14.902866872186314
20260808_151001,20.0,2,BL,Homography,LOOWeightedGated,0.22034932338065766,0.7796506766193423,23.145264560222756,0.4995099461069983,0,,,-70.0,-113.5,
20260808_151001,20.0,2,BL,PnP,ihawk1,,,3.887998434848286,,1,-70.0334038310063,-111.41436475709573,-70.0,-113.5,2.0859027260086385
20260808_151001,20.0,2,BL,PnP,ihawk2,,,3.887998434848286,,1,-67.7703495182963,-114.57587025402395,-70.0,-113.5,2.4756490207731607
20260808_151001,20.0,2,BL,PnP,EqualFusion,0.15057924264674782,0.8494207573532522,3.887998434848286,,1,-68.9018766746513,-112.99511750555985,-70.0,-113.5,1.2086278049370645
20260808_151001,20.0,2,BL,PnP,LOOWeightedFusion,0.15057924264674782,0.8494207573532522,3.887998434848286,,1,-68.11111852277263,-114.09981315067297,-70.0,-113.5,1.981829722941125
20260808_151001,20.0,2,BL,PnP,LOOWeightedGated,0.15057924264674782,0.8494207573532522,3.887998434848286,13.14081829132932,1,-68.11111852277263,-114.09981315067297,-70.0,-113.5,1.981829722941125
20260808_151001,20.0,3,BR,Affine,ihawk1,,,12.22983184779762,,1,92.87093186751142,-89.27886487357068,70.0,-113.5,33.31280401438908
20260808_151001,20.0,3,BR,Affine,ihawk2,,,12.22983184779762,,1,86.43924010028468,-99.68089006277268,70.0,-113.5,21.4759496770686
20260808_151001,20.0,3,BR,Affine,EqualFusion,0.5482347086447923,0.4517652913552077,12.22983184779762,,1,89.65508598389805,-94.47987746817168,70.0,-113.5,27.3511876553869
20260808_151001,20.0,3,BR,Affine,LOOWeightedFusion,0.5482347086447923,0.4517652913552077,12.22983184779762,,1,89.96531676238334,-93.97813881385474,70.0,-113.5,27.92341199770239
20260808_151001,20.0,3,BR,Affine,LOOWeightedGated,0.5482347086447923,0.4517652913552077,12.22983184779762,15.354091170741235,1,89.96531676238334,-93.97813881385474,70.0,-113.5,27.92341199770239
20260808_151001,20.0,3,BR,Homography,ihawk1,,,24.242982320544776,,1,88.36831650848676,-96.35651181887286,70.0,-113.5,25.125569413893746
20260808_151001,20.0,3,BR,Homography,ihawk2,,,24.242982320544776,,1,94.79714844010394,-119.73154789989883,70.0,-113.5,25.56815910442679
20260808_151001,20.0,3,BR,Homography,EqualFusion,0.22034932338065766,0.7796506766193423,24.242982320544776,,1,91.58273247429534,-108.04402985938584,70.0,-113.5,22.26167000097423
20260808_151001,20.0,3,BR,Homography,LOOWeightedFusion,0.22034932338065766,0.7796506766193423,24.242982320544776,,1,93.38055967384412,-114.5808745154463,70.0,-113.5,23.405530551139556
20260808_151001,20.0,3,BR,Homography,LOOWeightedGated,0.22034932338065766,0.7796506766193423,24.242982320544776,0.4995099461069983,0,,,70.0,-113.5,
20260808_151001,20.0,3,BR,PnP,ihawk1,,,4.856707400664045,,1,72.86522553698958,-110.91048455411183,70.0,-113.5,3.862008236955308
20260808_151001,20.0,3,BR,PnP,ihawk2,,,4.856707400664045,,1,71.0775016828796,-115.42619603704684,70.0,-113.5,2.20708881781937
20260808_151001,20.0,3,BR,PnP,EqualFusion,0.15057924264674782,0.8494207573532522,4.856707400664045,,1,71.9713636099346,-113.16834029557933,70.0,-113.5,1.9990679433452936
20260808_151001,20.0,3,BR,PnP,LOOWeightedFusion,0.15057924264674782,0.8494207573532522,4.856707400664045,,1,71.34669578689301,-114.74622362193526,70.0,-113.5,1.8348468214826028
20260808_151001,20.0,3,BR,PnP,LOOWeightedGated,0.15057924264674782,0.8494207573532522,4.856707400664045,13.14081829132932,1,71.34669578689301,-114.74622362193526,70.0,-113.5,1.8348468214826028
20260808_151001,20.0,4,C,Affine,ihawk1,,,33.132252071202196,,1,16.353353278790483,31.820196180924313,0.0,0.0,35.77648736884936
20260808_151001,20.0,4,C,Affine,ihawk2,,,33.132252071202196,,1,26.566345028161436,0.3012982490967602,0.0,0.0,26.568053537853064
20260808_151001,20.0,4,C,Affine,EqualFusion,0.5482347086447923,0.4517652913552077,33.132252071202196,,1,21.459849153475957,16.060747215010537,0.0,0.0,26.804341566142067
20260808_151001,20.0,4,C,Affine,LOOWeightedFusion,0.5482347086447923,0.4517652913552077,33.132252071202196,,1,20.967228472053385,17.581052073557185,0.0,0.0,27.362712983408926
20260808_151001,20.0,4,C,Affine,LOOWeightedGated,0.5482347086447923,0.4517652913552077,33.132252071202196,15.354091170741235,0,,,0.0,0.0,
20260808_151001,20.0,4,C,Homography,ihawk1,,,22.55624753228771,,1,14.562503836354683,22.241769757972392,0.0,0.0,26.585011565739446
20260808_151001,20.0,4,C,Homography,ihawk2,,,22.55624753228771,,1,20.875066128140627,0.5868428347487169,0.0,0.0,20.883313203774446
20260808_151001,20.0,4,C,Homography,EqualFusion,0.22034932338065766,0.7796506766193423,22.55624753228771,,1,17.718784982247655,11.414306296360554,0.0,0.0,21.07704271178149
20260808_151001,20.0,4,C,Homography,LOOWeightedFusion,0.22034932338065766,0.7796506766193423,22.55624753228771,,1,19.48409729834734,5.35849133013864,0.0,0.0,20.20751040743607
20260808_151001,20.0,4,C,Homography,LOOWeightedGated,0.22034932338065766,0.7796506766193423,22.55624753228771,0.4995099461069983,0,,,0.0,0.0,
20260808_151001,20.0,4,C,PnP,ihawk1,,,7.555033382675599,,1,4.645060784760459,7.070507887989378,0.0,0.0,8.459826918338193
20260808_151001,20.0,4,C,PnP,ihawk2,,,7.555033382675599,,1,3.0388520665491425,-0.31181037708729487,0.0,0.0,3.0548072923883947
20260808_151001,20.0,4,C,PnP,EqualFusion,0.15057924264674782,0.8494207573532522,7.555033382675599,,1,3.841956425654801,3.3793487554510415,0.0,0.0,5.116700810834919
20260808_151001,20.0,4,C,PnP,LOOWeightedFusion,0.15057924264674782,0.8494207573532522,7.555033382675599,,1,3.2807137588700064,0.7998135162452038,0.0,0.0,3.3768009163122845
20260808_151001,20.0,4,C,PnP,LOOWeightedGated,0.15057924264674782,0.8494207573532522,7.555033382675599,13.14081829132932,1,3.2807137588700064,0.7998135162452038,0.0,0.0,3.3768009163122845
20260808_151001,25.0,0,TL,Affine,ihawk1,,,14.5936660846478,,1,-47.012691756485054,144.7486434864154,-70.0,113.5,38.79296405307878
20260808_151001,25.0,0,TL,Affine,ihawk2,,,14.5936660846478,,1,-44.891612208011225,130.3099416285874,-70.0,113.5,30.21597714900855
20260808_151001,25.0,0,TL,Affine,EqualFusion,0.5482347086447923,0.4517652913552077,14.5936660846478,,1,-45.95215198224814,137.5292925575014,-70.0,113.5,33.99567465279789
20260808_151001,25.0,0,TL,Affine,LOOWeightedFusion,0.5482347086447923,0.4517652913552077,14.5936660846478,,1,-46.054461636281204,138.22573913482276,-70.0,113.5,34.420211842631566
20260808_151001,25.0,0,TL,Affine,LOOWeightedGated,0.5482347086447923,0.4517652913552077,14.5936660846478,15.354091170741235,1,-46.054461636281204,138.22573913482276,-70.0,113.5,34.420211842631566
20260808_151001,25.0,0,TL,Homography,ihawk1,,,29.860681111075046,,1,-56.19883608374095,151.64259111309357,-70.0,113.5,40.562659950551755
20260808_151001,25.0,0,TL,Homography,ihawk2,,,29.860681111075046,,1,-48.11442855906602,122.89711092242197,-70.0,113.5,23.81772304366073
20260808_151001,25.0,0,TL,Homography,EqualFusion,0.22034932338065766,0.7796506766193423,29.860681111075046,,1,-52.156632321403485,137.2698510177578,-70.0,113.5,29.721904170493243
20260808_151001,25.0,0,TL,Homography,LOOWeightedFusion,0.22034932338065766,0.7796506766193423,29.860681111075046,,1,-49.89582228706164,129.23115803268854,-70.0,113.5,25.527383229834363
20260808_151001,25.0,0,TL,Homography,LOOWeightedGated,0.22034932338065766,0.7796506766193423,29.860681111075046,0.4995099461069983,0,,,-70.0,113.5,
20260808_151001,25.0,0,TL,PnP,ihawk1,,,3.349972972001643,,1,-69.61516127081768,116.72778209731828,-70.0,113.5,3.250642723408261
20260808_151001,25.0,0,TL,PnP,ihawk2,,,3.349972972001643,,1,-66.8746929591624,114.80108742873304,-70.0,113.5,3.385317207695051
20260808_151001,25.0,0,TL,PnP,EqualFusion,0.15057924264674782,0.8494207573532522,3.349972972001643,,1,-68.24492711499005,115.76443476302566,-70.0,113.5,2.864951243511177
20260808_151001,25.0,0,TL,PnP,LOOWeightedFusion,0.15057924264674782,0.8494207573532522,3.349972972001643,,1,-67.28735060202887,115.09120765274014,-70.0,113.5,3.1449019937753127
20260808_151001,25.0,0,TL,PnP,LOOWeightedGated,0.15057924264674782,0.8494207573532522,3.349972972001643,13.14081829132932,1,-67.28735060202887,115.09120765274014,-70.0,113.5,3.1449019937753127
20260808_151001,25.0,1,TR,Affine,ihawk1,,,30.837212002753407,,1,74.16469527916783,126.2202614374072,70.0,113.5,13.384682954941875
20260808_151001,25.0,1,TR,Affine,ihawk2,,,30.837212002753407,,1,91.97600195496835,101.04704156780485,70.0,113.5,25.259074322681602
20260808_151001,25.0,1,TR,Affine,EqualFusion,0.5482347086447923,0.4517652913552077,30.837212002753407,,1,83.07034861706809,113.63365150260603,70.0,113.5,13.071031929264139
20260808_151001,25.0,1,TR,Affine,LOOWeightedFusion,0.5482347086447923,0.4517652913552077,30.837212002753407,,1,82.2112254289778,114.84787442866758,70.0,113.5,12.285389369196647
20260808_151001,25.0,1,TR,Affine,LOOWeightedGated,0.5482347086447923,0.4517652913552077,30.837212002753407,15.354091170741235,0,,,70.0,113.5,
20260808_151001,25.0,1,TR,Homography,ihawk1,,,29.257886323788934,,1,94.02488917724651,150.4297455108381,70.0,113.5,44.05679747183451
20260808_151001,25.0,1,TR,Homography,ihawk2,,,29.257886323788934,,1,101.62349152000112,122.17580499677105,70.0,113.5,32.79199305101141
20260808_151001,25.0,1,TR,Homography,EqualFusion,0.22034932338065766,0.7796506766193423,29.257886323788934,,1,97.82419034862382,136.30277525380458,70.0,113.5,35.97432595382398
20260808_151001,25.0,1,TR,Homography,LOOWeightedFusion,0.22034932338065766,0.7796506766193423,29.257886323788934,,1,99.94914463513645,128.40154167188308,70.0,113.5,33.45156511398518
20260808_151001,25.0,1,TR,Homography,LOOWeightedGated,0.22034932338065766,0.7796506766193423,29.257886323788934,0.4995099461069983,0,,,70.0,113.5,
20260808_151001,25.0,1,TR,PnP,ihawk1,,,11.447545870138343,,1,77.49356859395789,124.69440107662655,70.0,113.5,13.471012795507605
20260808_151001,25.0,1,TR,PnP,ihawk2,,,11.447545870138343,,1,72.98823405178842,114.17070081901487,70.0,113.5,3.0625777274862886
20260808_151001,25.0,1,TR,PnP,EqualFusion,0.15057924264674782,0.8494207573532522,11.447545870138343,,1,75.24090132287316,119.43255094782072,70.0,113.5,7.915946401068041
20260808_151001,25.0,1,TR,PnP,LOOWeightedFusion,0.15057924264674782,0.8494207573532522,11.447545870138343,,1,73.66664391501854,115.75535163364742,70.0,113.5,4.304751861714979
20260808_151001,25.0,1,TR,PnP,LOOWeightedGated,0.15057924264674782,0.8494207573532522,11.447545870138343,13.14081829132932,1,73.66664391501854,115.75535163364742,70.0,113.5,4.304751861714979
20260808_151001,25.0,2,BL,Affine,ihawk1,,,40.14899651862087,,1,-60.073121553124025,-89.85241708972228,-70.0,-113.5,25.646658519142598
20260808_151001,25.0,2,BL,Affine,ihawk2,,,40.14899651862087,,1,-45.90286069752733,-127.41763542712283,-70.0,-113.5,27.827552864833038
20260808_151001,25.0,2,BL,Affine,EqualFusion,0.5482347086447923,0.4517652913552077,40.14899651862087,,1,-52.98799112532568,-108.63502625842256,-70.0,-113.5,17.69396550969386
20260808_151001,25.0,2,BL,Affine,LOOWeightedFusion,0.5482347086447923,0.4517652913552077,40.14899651862087,,1,-53.67148952911609,-106.82307889674004,-70.0,-113.5,17.64090501127773
20260808_151001,25.0,2,BL,Affine,LOOWeightedGated,0.5482347086447923,0.4517652913552077,40.14899651862087,15.354091170741235,0,,,-70.0,-113.5,
20260808_151001,25.0,2,BL,Homography,ihawk1,,,30.47805695266255,,1,-57.09719684940036,-90.69622492018142,-70.0,-113.5,26.201039808261022
20260808_151001,25.0,2,BL,Homography,ihawk2,,,30.47805695266255,,1,-49.1571600491304,-120.1218561151125,-70.0,-113.5,21.869452568064403
20260808_151001,25.0,2,BL,Homography,EqualFusion,0.22034932338065766,0.7796506766193423,30.47805695266255,,1,-53.12717844926538,-105.40904051764696,-70.0,-113.5,18.71244859520029
20260808_151001,25.0,2,BL,Homography,LOOWeightedFusion,0.22034932338065766,0.7796506766193423,30.47805695266255,,1,-50.9067417856874,-113.63793819126066,-70.0,-113.5,19.093756471240113
20260808_151001,25.0,2,BL,Homography,LOOWeightedGated,0.22034932338065766,0.7796506766193423,30.47805695266255,0.4995099461069983,0,,,-70.0,-113.5,
20260808_151001,25.0,2,BL,PnP,ihawk1,,,5.182725876552204,,1,-69.2969801315869,-109.19191494897834,-70.0,-113.5,4.365069729365144
20260808_151001,25.0,2,BL,PnP,ihawk2,,,5.182725876552204,,1,-69.47717660400927,-114.37150728262877,-70.0,-113.5,1.0163017500084601
20260808_151001,25.0,2,BL,PnP,EqualFusion,0.15057924264674782,0.8494207573532522,5.182725876552204,,1,-69.3870783677981,-111.78171111580355,-70.0,-113.5,1.8243326497034855
20260808_151001,25.0,2,BL,PnP,LOOWeightedFusion,0.15057924264674782,0.8494207573532522,5.182725876552204,,1,-69.4500427556643,-113.59156819180879,-70.0,-113.5,0.5575282094642828
20260808_151001,25.0,2,BL,PnP,LOOWeightedGated,0.15057924264674782,0.8494207573532522,5.182725876552204,13.14081829132932,1,-69.4500427556643,-113.59156819180879,-70.0,-113.5,0.5575282094642828
20260808_151001,25.0,3,BR,Affine,ihawk1,,,16.687082556804945,,1,96.28849876228085,-84.26505800235452,70.0,-113.5,39.31624347238858
20260808_151001,25.0,3,BR,Affine,ihawk2,,,16.687082556804945,,1,90.35319024886502,-99.86091761663027,70.0,-113.5,24.50054941357113
20260808_151001,25.0,3,BR,Affine,EqualFusion,0.5482347086447923,0.4517652913552077,16.687082556804945,,1,93.32084450557294,-92.0629878094924,70.0,-113.5,31.676604617747195
20260808_151001,25.0,3,BR,Affine,LOOWeightedFusion,0.5482347086447923,0.4517652913552077,16.687082556804945,,1,93.6071323824345,-91.31072606493272,70.0,-113.5,32.398465659460534
20260808_151001,25.0,3,BR,Affine,LOOWeightedGated,0.5482347086447923,0.4517652913552077,16.687082556804945,15.354091170741235,0,,,70.0,-113.5,
20260808_151001,25.0,3,BR,Homography,ihawk1,,,29.867841921623974,,1,92.6581770218096,-92.04980578068124,70.0,-113.5,31.201022707567724
20260808_151001,25.0,3,BR,Homography,ihawk2,,,29.867841921623974,,1,100.26015572524149,-120.9340212079295,70.0,-113.5,31.15993735288649
20260808_151001,25.0,3,BR,Homography,EqualFusion,0.22034932338065766,0.7796506766193423,29.867841921623974,,1,96.45916637352555,-106.49191349430538,70.0,-113.5,27.371531956637067
20260808_151001,25.0,3,BR,Homography,LOOWeightedFusion,0.22034932338065766,0.7796506766193423,29.867841921623974,,1,98.5850648615861,-114.56940388215419,70.0,-113.5,28.605061751449707
20260808_151001,25.0,3,BR,Homography,LOOWeightedGated,0.22034932338065766,0.7796506766193423,29.867841921623974,0.4995099461069983,0,,,70.0,-113.5,
20260808_151001,25.0,3,BR,PnP,ihawk1,,,3.154433682271171,,1,70.70390126529988,-112.52918670078706,70.0,-113.5,1.1991478029081615
20260808_151001,25.0,3,BR,PnP,ihawk2,,,3.154433682271171,,1,68.86508395371962,-115.09223230133334,70.0,-113.5,1.9553102397097897
20260808_151001,25.0,3,BR,PnP,EqualFusion,0.15057924264674782,0.8494207573532522,3.154433682271171,,1,69.78449260950975,-113.8107095010602,70.0,-113.5,0.37813202642066024
20260808_151001,25.0,3,BR,PnP,LOOWeightedFusion,0.15057924264674782,0.8494207573532522,3.154433682271171,,1,69.1419716718631,-114.70629083593401,70.0,-113.5,1.4803209762560878
20260808_151001,25.0,3,BR,PnP,LOOWeightedGated,0.15057924264674782,0.8494207573532522,3.154433682271171,13.14081829132932,1,69.1419716718631,-114.70629083593401,70.0,-113.5,1.4803209762560878
20260808_151001,25.0,4,C,Affine,ihawk1,,,38.666095887047746,,1,18.776570876145147,37.33643955670868,0.0,0.0,41.79197689316291
20260808_151001,25.0,4,C,Affine,ihawk2,,,38.666095887047746,,1,30.43085126670553,0.46850335566034573,0.0,0.0,30.434457514643146
20260808_151001,25.0,4,C,Affine,EqualFusion,0.5482347086447923,0.4517652913552077,38.666095887047746,,1,24.603711071425337,18.902471456184514,0.0,0.0,31.026537441971318
20260808_151001,25.0,4,C,Affine,LOOWeightedFusion,0.5482347086447923,0.4517652913552077,38.666095887047746,,1,24.041570252321943,20.68078561717687,0.0,0.0,31.71264722379639
20260808_151001,25.0,4,C,Affine,LOOWeightedGated,0.5482347086447923,0.4517652913552077,38.666095887047746,15.354091170741235,0,,,0.0,0.0,
20260808_151001,25.0,4,C,Homography,ihawk1,,,28.763124865004002,,1,17.410987352467654,28.47071600182677,0.0,0.0,33.37250590298043
20260808_151001,25.0,4,C,Homography,ihawk2,,,28.763124865004002,,1,25.128953526477485,0.762407678570158,0.0,0.0,25.14051651824616
20260808_151001,25.0,4,C,Homography,EqualFusion,0.22034932338065766,0.7796506766193423,28.763124865004002,,1,21.26997043947257,14.616561840198464,0.0,0.0,25.808051505768173
20260808_151001,25.0,4,C,Homography,LOOWeightedFusion,0.22034932338065766,0.7796506766193423,28.763124865004002,,1,23.428304902159613,6.867914669622397,0.0,0.0,24.41421148629975
20260808_151001,25.0,4,C,Homography,LOOWeightedGated,0.22034932338065766,0.7796506766193423,28.763124865004002,0.4995099461069983,0,,,0.0,0.0,
20260808_151001,25.0,4,C,PnP,ihawk1,,,4.801470032246869,,1,1.762582132879019,4.34981410834056,0.0,0.0,4.693354722611847
20260808_151001,25.0,4,C,PnP,ihawk2,,,4.801470032246869,,1,1.7729127600006729,-0.45164481043694304,0.0,0.0,1.8295361951510623
20260808_151001,25.0,4,C,PnP,EqualFusion,0.15057924264674782,0.8494207573532522,4.801470032246869,,1,1.767747446439846,1.9490846489518083,0.0,0.0,2.6313232418640986
20260808_151001,25.0,4,C,PnP,LOOWeightedFusion,0.15057924264674782,0.8494207573532522,4.801470032246869,,1,1.7713571819926281,0.27135523715204607,0.0,0.0,1.7920211859592252
20260808_151001,25.0,4,C,PnP,LOOWeightedGated,0.15057924264674782,0.8494207573532522,4.801470032246869,13.14081829132932,1,1.7713571819926281,0.27135523715204607,0.0,0.0,1.7920211859592252
20260808_151001,30.0,0,TL,Affine,ihawk1,,,21.192743811076415,,1,-45.314357183924955,151.1769872528031,-70.0,113.5,45.04371576247594
20260808_151001,30.0,0,TL,Affine,ihawk2,,,21.192743811076415,,1,-40.23874183942246,130.6010177952886,-70.0,113.5,34.324587352731875
20260808_151001,30.0,0,TL,Affine,EqualFusion,0.5482347086447923,0.4517652913552077,21.192743811076415,,1,-42.77654951167371,140.88900252404585,-70.0,113.5,38.617013294046224
20260808_151001,30.0,0,TL,Affine,LOOWeightedFusion,0.5482347086447923,0.4517652913552077,21.192743811076415,,1,-43.021370339008826,141.8814784159132,-70.0,113.5,39.15807420517331
20260808_151001,30.0,0,TL,Affine,LOOWeightedGated,0.5482347086447923,0.4517652913552077,21.192743811076415,15.354091170741235,0,,,-70.0,113.5,
20260808_151001,30.0,0,TL,Homography,ihawk1,,,38.16245435608072,,1,-54.66375511450459,160.76867370873393,-70.0,113.5,49.69434496369419
20260808_151001,30.0,0,TL,Homography,ihawk2,,,38.16245435608072,,1,-44.12032990274395,124.09158130374693,-70.0,113.5,27.963170758279375
20260808_151001,30.0,0,TL,Homography,EqualFusion,0.22034932338065766,0.7796506766193423,38.16245435608072,,1,-49.39204250862427,142.43012750624044,-70.0,113.5,35.51957473694862
20260808_151001,30.0,0,TL,Homography,LOOWeightedFusion,0.22034932338065766,0.7796506766193423,38.16245435608072,,1,-46.44356651426997,132.17335379875567,-70.0,113.5,30.05993514066732
20260808_151001,30.0,0,TL,Homography,LOOWeightedGated,0.22034932338065766,0.7796506766193423,38.16245435608072,0.4995099461069983,0,,,-70.0,113.5,
20260808_151001,30.0,0,TL,PnP,ihawk1,,,3.1383577017224265,,1,-72.8023599447785,113.14778716019202,-70.0,113.5,2.8244070430135535
20260808_151001,30.0,0,TL,PnP,ihawk2,,,3.1383577017224265,,1,-69.66403463394371,113.13352857210599,-70.0,113.5,0.49716600311365855
20260808_151001,30.0,0,TL,PnP,EqualFusion,0.15057924264674782,0.8494207573532522,3.1383577017224265,,1,-71.2331972893611,113.14065786614901,-70.0,113.5,1.284485236835421
20260808_151001,30.0,0,TL,PnP,LOOWeightedFusion,0.15057924264674782,0.8494207573532522,3.1383577017224265,,1,-70.13660128242833,113.1356756195012,-70.0,113.5,0.3890914604394436
20260808_151001,30.0,0,TL,PnP,LOOWeightedGated,0.15057924264674782,0.8494207573532522,3.1383577017224265,13.14081829132932,1,-70.13660128242833,113.1356756195012,-70.0,113.5,0.3890914604394436
20260808_151001,30.0,1,TR,Affine,ihawk1,,,36.859310939917705,,1,76.50507343214375,133.49927237880752,70.0,113.5,21.030617585779922
20260808_151001,30.0,1,TR,Affine,ihawk2,,,36.859310939917705,,1,96.66353640129063,102.64080233107069,70.0,113.5,28.790039031509323
20260808_151001,30.0,1,TR,Affine,EqualFusion,0.5482347086447923,0.4517652913552077,36.859310939917705,,1,86.58430491671719,118.0700373549391,70.0,113.5,17.202453633019584
20260808_151001,30.0,1,TR,Affine,LOOWeightedFusion,0.5482347086447923,0.4517652913552077,36.859310939917705,,1,85.61196732867356,119.55848666691574,70.0,113.5,16.746306594732058
20260808_151001,30.0,1,TR,Affine,LOOWeightedGated,0.5482347086447923,0.4517652913552077,36.859310939917705,15.354091170741235,0,,,70.0,113.5,
20260808_151001,30.0,1,TR,Homography,ihawk1,,,37.98216537846391,,1,98.48696647815017,162.00044328725585,70.0,113.5,56.247668913365395
20260808_151001,30.0,1,TR,Homography,ihawk2,,,37.98216537846391,,1,108.26235938553627,125.2977651786599,70.0,113.5,40.03992268922026
20260808_151001,30.0,1,TR,Homography,EqualFusion,0.22034932338065766,0.7796506766193423,37.98216537846391,,1,103.37466293184322,143.64910423295788,70.0,113.5,44.975955930518126
20260808_151001,30.0,1,TR,Homography,LOOWeightedFusion,0.22034932338065766,0.7796506766193423,37.98216537846391,,1,106.10835817261366,133.38517546614707,70.0,113.5,41.22176285945585
20260808_151001,30.0,1,TR,Homography,LOOWeightedGated,0.22034932338065766,0.7796506766193423,37.98216537846391,0.4995099461069983,0,,,70.0,113.5,
20260808_151001,30.0,1,TR,PnP,ihawk1,,,12.788453918394127,,1,75.60975913400907,126.10332777177413,70.0,113.5,13.79540751353041
20260808_151001,30.0,1,TR,PnP,ihawk2,,,12.788453918394127,,1,70.32913308060422,114.45603014069283,70.0,113.5,1.0110995077939566
20260808_151001,30.0,1,TR,PnP,EqualFusion,0.15057924264674782,0.8494207573532522,12.788453918394127,,1,72.96944610730665,120.27967895623348,70.0,113.5,7.401463161685921
20260808_151001,30.0,1,TR,PnP,LOOWeightedFusion,0.15057924264674782,0.8494207573532522,12.788453918394127,,1,71.1242857524266,116.20987139686231,70.0,113.5,2.933840731982898
20260808_151001,30.0,1,TR,PnP,LOOWeightedGated,0.15057924264674782,0.8494207573532522,12.788453918394127,13.14081829132932,1,71.1242857524266,116.20987139686231,70.0,113.5,2.933840731982898
20260808_151001,30.0,2,BL,Affine,ihawk1,,,47.785488439862554,,1,-53.869562249616166,-84.38148036218547,-70.0,-113.5,33.287823718543066
20260808_151001,30.0,2,BL,Affine,ihawk2,,,47.785488439862554,,1,-37.57458070186499,-129.3028169606738,-70.0,-113.5,36.071274451458265
20260808_151001,30.0,2,BL,Affine,EqualFusion,0.5482347086447923,0.4517652913552077,47.785488439862554,,1,-45.72207147574058,-106.84214866142963,-70.0,-113.5,25.17428842838567
20260808_151001,30.0,2,BL,Affine,LOOWeightedFusion,0.5482347086447923,0.4517652913552077,47.785488439862554,,1,-46.50805516306862,-104.6753810786669,-70.0,-113.5,25.094727958839822
20260808_151001,30.0,2,BL,Affine,LOOWeightedGated,0.5482347086447923,0.4517652913552077,47.785488439862554,15.354091170741235,0,,,-70.0,-113.5,
20260808_151001,30.0,2,BL,Homography,ihawk1,,,38.37469491818427,,1,-52.07855337070004,-86.58454285999318,-70.0,-113.5,32.33604926923496
20260808_151001,30.0,2,BL,Homography,ihawk2,,,38.37469491818427,,1,-41.93898093593504,-123.59543694408511,-70.0,-113.5,29.821781268157263
20260808_151001,30.0,2,BL,Homography,EqualFusion,0.22034932338065766,0.7796506766193423,38.37469491818427,,1,-47.00876715331754,-105.08998990203915,-70.0,-113.5,24.481116348283095
20260808_151001,30.0,2,BL,Homography,LOOWeightedFusion,0.22034932338065766,0.7796506766193423,38.37469491818427,,1,-44.17322886130468,-115.44011147494226,-70.0,-113.5,25.899539377868255
20260808_151001,30.0,2,BL,Homography,LOOWeightedGated,0.22034932338065766,0.7796506766193423,38.37469491818427,0.4995099461069983,0,,,-70.0,-113.5,
20260808_151001,30.0,2,BL,PnP,ihawk1,,,2.3219050945108988,,1,-70.18616412829104,-113.85578419190182,-70.0,-113.5,0.40154635332622923
20260808_151001,30.0,2,BL,PnP,ihawk2,,,2.3219050945108988,,1,-68.99282631113687,-115.8475643308894,-70.0,-113.5,2.554497431433893
20260808_151001,30.0,2,BL,PnP,EqualFusion,0.15057924264674782,0.8494207573532522,2.3219050945108988,,1,-69.58949521971395,-114.8516742613956,-70.0,-113.5,1.4126349434857683
20260808_151001,30.0,2,BL,PnP,LOOWeightedFusion,0.15057924264674782,0.8494207573532522,2.3219050945108988,,1,-69.17251821586567,-115.54764358604181,-70.0,-113.5,2.2085222114645635
20260808_151001,30.0,2,BL,PnP,LOOWeightedGated,0.15057924264674782,0.8494207573532522,2.3219050945108988,13.14081829132932,1,-69.17251821586567,-115.54764358604181,-70.0,-113.5,2.2085222114645635
20260808_151001,30.0,3,BR,Affine,ihawk1,,,24.202334249225718,,1,101.5660902191843,-75.57330785709269,70.0,-113.5,49.34421980970568
20260808_151001,30.0,3,BR,Affine,ihawk2,,,24.202334249225718,,1,97.53181043536057,-99.43703702369771,70.0,-113.5,30.9154898638446
20260808_151001,30.0,3,BR,Affine,EqualFusion,0.5482347086447923,0.4517652913552077,24.202334249225718,,1,99.54895032727244,-87.5051724403952,70.0,-113.5,39.355705117520166
20260808_151001,30.0,3,BR,Affine,LOOWeightedFusion,0.5482347086447923,0.4517652913552077,24.202334249225718,,1,99.74354263723674,-86.35411241686577,70.0,-113.5,40.26881599065561
20260808_151001,30.0,3,BR,Affine,LOOWeightedGated,0.5482347086447923,0.4517652913552077,24.202334249225718,15.354091170741235,0,,,70.0,-113.5,
20260808_151001,30.0,3,BR,Homography,ihawk1,,,39.43148490362713,,1,99.55366695193166,-84.38103110669022,70.0,-113.5,41.488957322584525
20260808_151001,30.0,3,BR,Homography,ihawk2,,,39.43148490362713,,1,110.5108243966933,-122.25955671732716,70.0,-113.5,41.447035203784985
20260808_151001,30.0,3,BR,Homography,EqualFusion,0.22034932338065766,0.7796506766193423,39.43148490362713,,1,105.03224567431248,-103.32029391200868,70.0,-113.5,36.4812918222926
20260808_151001,30.0,3,BR,Homography,LOOWeightedFusion,0.22034932338065766,0.7796506766193423,39.43148490362713,,1,108.09642216756473,-113.91304922836639,70.0,-113.5,38.09866128401851
20260808_151001,30.0,3,BR,Homography,LOOWeightedGated,0.22034932338065766,0.7796506766193423,39.43148490362713,0.4995099461069983,0,,,70.0,-113.5,
20260808_151001,30.0,3,BR,PnP,ihawk1,,,12.366611224262183,,1,78.38094065304205,-104.27708593802376,70.0,-113.5,12.46203474655772
20260808_151001,30.0,3,BR,PnP,ihawk2,,,12.366611224262183,,1,72.53346806114189,-115.173880763064,70.0,-113.5,3.036500819328356
20260808_151001,30.0,3,BR,PnP,EqualFusion,0.15057924264674782,0.8494207573532522,12.366611224262183,,1,75.45720435709197,-109.72548335054388,70.0,-113.5,6.635363993940723
20260808_151001,30.0,3,BR,PnP,LOOWeightedFusion,0.15057924264674782,0.8494207573532522,12.366611224262183,,1,73.41397605542782,-113.53304965103244,70.0,-113.5,3.414136023427873
20260808_151001,30.0,3,BR,PnP,LOOWeightedGated,0.15057924264674782,0.8494207573532522,12.366611224262183,13.14081829132932,1,73.41397605542782,-113.53304965103244,70.0,-113.5,3.414136023427873
20260808_151001,30.0,4,C,Affine,ihawk1,,,45.96301382160441,,1,23.086505312742222,44.23890436644706,0.0,0.0,49.90057501771822
20260808_151001,30.0,4,C,Affine,ihawk2,,,45.96301382160441,,1,36.942222745955064,0.4140514405562499,0.0,0.0,36.94454303421801
20260808_151001,30.0,4,C,Affine,EqualFusion,0.5482347086447923,0.4517652913552077,45.96301382160441,,1,30.01436402934864,22.326477903501655,0.0,0.0,37.40766851411359
20260808_151001,30.0,4,C,Affine,LOOWeightedFusion,0.5482347086447923,0.4517652913552077,45.96301382160441,,1,29.346037535893053,24.440356915782868,0.0,0.0,38.19058739046703
20260808_151001,30.0,4,C,Affine,LOOWeightedGated,0.5482347086447923,0.4517652913552077,45.96301382160441,15.354091170741235,0,,,0.0,0.0,
20260808_151001,30.0,4,C,Homography,ihawk1,,,37.182591535347726,,1,22.47858934486923,36.52289027327334,0.0,0.0,42.88599413385252
20260808_151001,30.0,4,C,Homography,ihawk2,,,37.182591535347726,,1,32.435572937310305,0.6982675812704088,0.0,0.0,32.44308816044844
20260808_151001,30.0,4,C,Homography,EqualFusion,0.22034932338065766,0.7796506766193423,37.182591535347726,,1,27.457081141089766,18.610578927271874,0.0,0.0,33.16994050034765
20260808_151001,30.0,4,C,Homography,LOOWeightedFusion,0.22034932338065766,0.7796506766193423,37.182591535347726,,1,30.241558339803603,8.59219895182061,0.0,0.0,31.43847537091155
20260808_151001,30.0,4,C,Homography,LOOWeightedGated,0.22034932338065766,0.7796506766193423,37.182591535347726,0.4995099461069983,0,,,0.0,0.0,
20260808_151001,30.0,4,C,PnP,ihawk1,,,5.995186175365884,,1,2.104792497443054,5.059092060984081,0.0,0.0,5.47946748679146
20260808_151001,30.0,4,C,PnP,ihawk2,,,5.995186175365884,,1,1.5651872146284802,-0.9117607605194622,0.0,0.0,1.8113858510155942
20260808_151001,30.0,4,C,PnP,EqualFusion,0.15057924264674782,0.8494207573532522,5.995186175365884,,1,1.8349898560357671,2.073665650232309,0.0,0.0,2.7689848321555592
20260808_151001,30.0,4,C,PnP,LOOWeightedFusion,0.15057924264674782,0.8494207573532522,5.995186175365884,,1,1.6464405694428828,-0.012674264702261295,0.0,0.0,1.6464893518310852
20260808_151001,30.0,4,C,PnP,LOOWeightedGated,0.15057924264674782,0.8494207573532522,5.995186175365884,13.14081829132932,1,1.6464405694428828,-0.012674264702261295,0.0,0.0,1.6464893518310852
20260808_151001,35.0,0,TL,Affine,ihawk1,,,26.995474634659846,,1,-42.950123033456435,156.03593283164173,-70.0,113.5,50.40834678664914
20260808_151001,35.0,0,TL,Affine,ihawk2,,,26.995474634659846,,1,-35.608065708110416,130.05806061350393,-70.0,113.5,38.17033554500301
20260808_151001,35.0,0,TL,Affine,EqualFusion,0.5482347086447923,0.4517652913552077,26.995474634659846,,1,-39.279094370783426,143.04699672257283,-70.0,113.5,42.623925886794616
20260808_151001,35.0,0,TL,Affine,LOOWeightedFusion,0.5482347086447923,0.4517652913552077,26.995474634659846,,1,-39.63323636672486,144.30003182022634,-70.0,113.5,43.2525408928326
20260808_151001,35.0,0,TL,Affine,LOOWeightedGated,0.5482347086447923,0.4517652913552077,26.995474634659846,15.354091170741235,0,,,-70.0,113.5,
20260808_151001,35.0,0,TL,Homography,ihawk1,,,45.19120066737658,,1,-52.25766050331332,168.0275959782882,-70.0,113.5,57.341514925811985
20260808_151001,35.0,0,TL,Homography,ihawk2,,,45.19120066737658,,1,-40.08535481126452,124.5065712672544,-70.0,113.5,31.875235023903507
20260808_151001,35.0,0,TL,Homography,EqualFusion,0.22034932338065766,0.7796506766193423,45.19120066737658,,1,-46.17150765728892,146.26708362277128,-70.0,113.5,40.51516773343443
20260808_151001,35.0,0,TL,Homography,LOOWeightedFusion,0.22034932338065766,0.7796506766193423,45.19120066737658,,1,-42.76751413449,134.0963996151636,-70.0,113.5,34.14410583867606
20260808_151001,35.0,0,TL,Homography,LOOWeightedGated,0.22034932338065766,0.7796506766193423,45.19120066737658,0.4995099461069983,0,,,-70.0,113.5,
20260808_151001,35.0,0,TL,PnP,ihawk1,,,4.872713576705603,,1,-72.0482616552158,115.98520567735187,-70.0,113.5,3.220500437349656
20260808_151001,35.0,0,TL,PnP,ihawk2,,,4.872713576705603,,1,-68.88325798057569,112.2803319493922,-70.0,113.5,1.6536937115503878
20260808_151001,35.0,0,TL,PnP,EqualFusion,0.15057924264674782,0.8494207573532522,4.872713576705603,,1,-70.46575981789574,114.13276881337204,-70.0,113.5,0.785702602224617
20260808_151001,35.0,0,TL,PnP,LOOWeightedFusion,0.15057924264674782,0.8494207573532522,4.872713576705603,,1,-69.35984183687717,112.83820902945021,-70.0,113.5,0.9207441352047979
20260808_151001,35.0,0,TL,PnP,LOOWeightedGated,0.15057924264674782,0.8494207573532522,4.872713576705603,13.14081829132932,1,-69.35984183687717,112.83820902945021,-70.0,113.5,0.9207441352047979
20260808_151001,35.0,1,TR,Affine,ihawk1,,,41.63979910265444,,1,78.66033778154107,137.78057286223782,70.0,113.5,25.778822102819735
20260808_151001,35.0,1,TR,Affine,ihawk2,,,41.63979910265444,,1,101.0290792068875,102.65917943379577,70.0,113.5,32.868330456169126
20260808_151001,35.0,1,TR,Affine,EqualFusion,0.5482347086447923,0.4517652913552077,41.63979910265444,,1,89.84470849421429,120.2198761480168,70.0,113.5,20.951591602191606
20260808_151001,35.0,1,TR,Affine,LOOWeightedFusion,0.5482347086447923,0.4517652913552077,41.63979910265444,,1,88.76575876881202,121.91394632723681,70.0,113.5,20.565704339187295
20260808_151001,35.0,1,TR,Affine,LOOWeightedGated,0.5482347086447923,0.4517652913552077,41.63979910265444,15.354091170741235,0,,,70.0,113.5,
20260808_151001,35.0,1,TR,Homography,ihawk1,,,44.41070660914717,,1,102.28722932886933,169.14173488007322,70.0,113.5,64.33092443140667
20260808_151001,35.0,1,TR,Homography,ihawk2,,,44.41070660914717,,1,114.57010549970327,126.46338188355158,70.0,113.5,46.41706123952133
20260808_151001,35.0,1,TR,Homography,EqualFusion,0.22034932338065766,0.7796506766193423,44.41070660914717,,1,108.42866741428631,147.8025583818124,70.0,113.5,51.511435534019796
20260808_151001,35.0,1,TR,Homography,LOOWeightedFusion,0.22034932338065766,0.7796506766193423,44.41070660914717,,1,111.86358204629161,135.86752808933596,70.0,113.5,47.46436362760827
20260808_151001,35.0,1,TR,Homography,LOOWeightedGated,0.22034932338065766,0.7796506766193423,44.41070660914717,0.4995099461069983,0,,,70.0,113.5,
20260808_151001,35.0,1,TR,PnP,ihawk1,,,15.38642813226038,,1,75.90471173879635,127.65298614360256,70.0,113.5,15.335339497359866
20260808_151001,35.0,1,TR,PnP,ihawk2,,,15.38642813226038,,1,69.6411732451262,113.59915192629639,70.0,113.5,0.37227374941237584
20260808_151001,35.0,1,TR,PnP,EqualFusion,0.15057924264674782,0.8494207573532522,15.38642813226038,,1,72.77294249196127,120.62606903494947,70.0,113.5,7.646572431788639
20260808_151001,35.0,1,TR,PnP,LOOWeightedFusion,0.15057924264674782,0.8494207573532522,15.38642813226038,,1,70.58433212779181,115.71536763902131,70.0,113.5,2.2911346122811196
20260808_151001,35.0,1,TR,PnP,LOOWeightedGated,0.15057924264674782,0.8494207573532522,15.38642813226038,13.14081829132932,0,,,70.0,113.5,
20260808_151001,35.0,2,BL,Affine,ihawk1,,,54.73995718065128,,1,-49.886789171317076,-79.69863084277131,-70.0,-113.5,39.33285912239662
20260808_151001,35.0,2,BL,Affine,ihawk2,,,54.73995718065128,,1,-31.76603608870039,-131.3522969262002,-70.0,-113.5,42.196451295242575
20260808_151001,35.0,2,BL,Affine,EqualFusion,0.5482347086447923,0.4517652913552077,54.73995718065128,,1,-40.82641263000873,-105.52546388448576,-70.0,-113.5,30.243865928352395
20260808_151001,35.0,2,BL,Affine,LOOWeightedFusion,0.5482347086447923,0.4517652913552077,54.73995718065128,,1,-41.70046187537297,-103.03396435051619,-70.0,-113.5,30.172864635024045
20260808_151001,35.0,2,BL,Affine,LOOWeightedGated,0.5482347086447923,0.4517652913552077,54.73995718065128,15.354091170741235,0,,,-70.0,-113.5,
20260808_151001,35.0,2,BL,Homography,ihawk1,,,45.459941222788785,,1,-48.84420392927059,-82.95727516405844,-70.0,-113.5,37.154081172737015
20260808_151001,35.0,2,BL,Homography,ihawk2,,,45.459941222788785,,1,-36.7864019562914,-126.78894941407803,-70.0,-113.5,35.7734436634072
20260808_151001,35.0,2,BL,Homography,EqualFusion,0.22034932338065766,0.7796506766193423,45.459941222788785,,1,-42.815302942780995,-104.87311228906825,-70.0,-113.5,28.52071081985505
20260808_151001,35.0,2,BL,Homography,LOOWeightedFusion,0.22034932338065766,0.7796506766193423,45.459941222788785,,1,-39.44333046249532,-117.13066965044482,-70.0,-113.5,30.771607292030225
20260808_151001,35.0,2,BL,Homography,LOOWeightedGated,0.22034932338065766,0.7796506766193423,45.459941222788785,0.4995099461069983,0,,,-70.0,-113.5,
20260808_151001,35.0,2,BL,PnP,ihawk1,,,4.452067179201744,,1,-68.75486067899976,-112.85976662341481,-70.0,-113.5,1.4000966770886227
20260808_151001,35.0,2,BL,PnP,ihawk2,,,4.452067179201744,,1,-69.53359783268832,-117.24319799775962,-70.0,-113.5,3.772142923074984
20260808_151001,35.0,2,BL,PnP,EqualFusion,0.15057924264674782,0.8494207573532522,4.452067179201744,,1,-69.14422925584404,-115.05148231058722,-70.0,-113.5,1.7718467559634783
20260808_151001,35.0,2,BL,PnP,LOOWeightedFusion,0.15057924264674782,0.8494207573532522,4.452067179201744,,1,-69.416336181865,-116.58314422121678,-70.0,-113.5,3.1379040363628667
20260808_151001,35.0,2,BL,PnP,LOOWeightedGated,0.15057924264674782,0.8494207573532522,4.452067179201744,13.14081829132932,1,-69.416336181865,-116.58314422121678,-70.0,-113.5,3.1379040363628667
20260808_151001,35.0,3,BR,Affine,ihawk1,,,28.286798928272855,,1,106.1473380900334,-72.40142508239728,70.0,-113.5,54.73319752447305
20260808_151001,35.0,3,BR,Affine,ihawk2,,,28.286798928272855,,1,102.24891755920521,-100.41830055011059,70.0,-113.5,34.80120032754116
20260808_151001,35.0,3,BR,Affine,EqualFusion,0.5482347086447923,0.4517652913552077,28.286798928272855,,1,104.1981278246193,-86.40986281625393,70.0,-113.5,43.62782918439998
20260808_151001,35.0,3,BR,Affine,LOOWeightedFusion,0.5482347086447923,0.4517652913552077,28.286798928272855,,1,104.38616700309868,-85.05847699093135,70.0,-113.5,44.62430629422012
20260808_151001,35.0,3,BR,Affine,LOOWeightedGated,0.5482347086447923,0.4517652913552077,28.286798928272855,15.354091170741235,0,,,70.0,-113.5,
20260808_151001,35.0,3,BR,Homography,ihawk1,,,44.83566933820895,,1,105.1042562115397,-81.61478079208285,70.0,-113.5,47.42336985181834
20260808_151001,35.0,3,BR,Homography,ihawk2,,,44.83566933820895,,1,117.42384188872914,-124.7246990678996,70.0,-113.5,48.73412201581236
20260808_151001,35.0,3,BR,Homography,EqualFusion,0.22034932338065766,0.7796506766193423,44.83566933820895,,1,111.26404905013442,-103.16973992999124,70.0,-113.5,42.537466040255815
20260808_151001,35.0,3,BR,Homography,LOOWeightedFusion,0.22034932338065766,0.7796506766193423,44.83566933820895,,1,114.7092295204304,-115.22545774482793,70.0,-113.5,44.74251232038397
20260808_151001,35.0,3,BR,Homography,LOOWeightedGated,0.22034932338065766,0.7796506766193423,44.83566933820895,0.4995099461069983,0,,,70.0,-113.5,
20260808_151001,35.0,3,BR,PnP,ihawk1,,,10.010978727080005,,1,77.46074100375532,-107.29961249175761,70.0,-113.5,9.700900039557366
20260808_151001,35.0,3,BR,PnP,ihawk2,,,10.010978727080005,,1,73.05895894028002,-116.29094218984541,70.0,-113.5,4.140843888071387
20260808_151001,35.0,3,BR,PnP,EqualFusion,0.15057924264674782,0.8494207573532522,10.010978727080005,,1,75.25984997201766,-111.7952773408015,70.0,-113.5,5.529204379738462
20260808_151001,35.0,3,BR,PnP,LOOWeightedFusion,0.15057924264674782,0.8494207573532522,10.010978727080005,,1,73.72177594969418,-114.93703457352014,70.0,-113.5,3.989571980202161
20260808_151001,35.0,3,BR,PnP,LOOWeightedGated,0.15057924264674782,0.8494207573532522,10.010978727080005,13.14081829132932,1,73.72177594969418,-114.93703457352014,70.0,-113.5,3.989571980202161
20260808_151001,35.0,4,C,Affine,ihawk1,,,51.22517346108382,,1,25.917705896395464,48.2034882008212,0.0,0.0,54.72936829215883
20260808_151001,35.0,4,C,Affine,ihawk2,,,51.22517346108382,,1,41.461152672505364,-0.6065482510845186,0.0,0.0,41.465589127777896
20260808_151001,35.0,4,C,Affine,EqualFusion,0.5482347086447923,0.4517652913552077,51.22517346108382,,1,33.68942928445041,23.79846997486834,0.0,0.0,41.24736135386959
20260808_151001,35.0,4,C,Affine,LOOWeightedFusion,0.5482347086447923,0.4517652913552077,51.22517346108382,,1,32.93969565786892,26.152807862067704,0.0,0.0,42.05939739348697
20260808_151001,35.0,4,C,Affine,LOOWeightedGated,0.5482347086447923,0.4517652913552077,51.22517346108382,15.354091170741235,0,,,0.0,0.0,
20260808_151001,35.0,4,C,Homography,ihawk1,,,43.322565499577635,,1,25.850245816283824,41.26960997364747,0.0,0.0,48.69718591601862
20260808_151001,35.0,4,C,Homography,ihawk2,,,43.322565499577635,,1,37.61360402412507,-0.42533078826282444,0.0,0.0,37.61600874578697
20260808_151001,35.0,4,C,Homography,EqualFusion,0.22034932338065766,0.7796506766193423,43.322565499577635,,1,31.731924920204445,20.42213959269232,0.0,0.0,37.735644219820905
20260808_151001,35.0,4,C,Homography,LOOWeightedFusion,0.22034932338065766,0.7796506766193423,43.322565499577635,,1,35.02155600234294,8.762121197020711,0.0,0.0,36.101027031048886
20260808_151001,35.0,4,C,Homography,LOOWeightedGated,0.22034932338065766,0.7796506766193423,43.322565499577635,0.4995099461069983,0,,,0.0,0.0,
20260808_151001,35.0,4,C,PnP,ihawk1,,,7.629421489953798,,1,2.448305208415059,5.150767193400902,0.0,0.0,5.703034374275444
20260808_151001,35.0,4,C,PnP,ihawk2,,,7.629421489953798,,1,0.6504980510630798,-2.26381045447243,0.0,0.0,2.355416202758131
20260808_151001,35.0,4,C,PnP,EqualFusion,0.15057924264674782,0.8494207573532522,7.629421489953798,,1,1.5494016297390694,1.443478369464236,0.0,0.0,2.117610732252085
20260808_151001,35.0,4,C,PnP,LOOWeightedFusion,0.15057924264674782,0.8494207573532522,7.629421489953798,,1,0.9212104912420434,-1.1473289677101586,0.0,0.0,1.4713913583140499
20260808_151001,35.0,4,C,PnP,LOOWeightedGated,0.15057924264674782,0.8494207573532522,7.629421489953798,13.14081829132932,1,0.9212104912420434,-1.1473289677101586,0.0,0.0,1.4713913583140499
20260808_151001,40.0,0,TL,Affine,ihawk1,,,32.66532337302394,,1,-41.82141688226832,163.32250385233374,-70.0,113.5,57.239098845445874
20260808_151001,40.0,0,TL,Affine,ihawk2,,,32.66532337302394,,1,-31.878794621881752,132.20711194332046,-70.0,113.5,42.46389450745885
20260808_151001,40.0,0,TL,Affine,EqualFusion,0.5482347086447923,0.4517652913552077,32.66532337302394,,1,-36.85010575207504,147.7648078978271,-70.0,113.5,47.67591162131672
20260808_151001,40.0,0,TL,Affine,LOOWeightedFusion,0.5482347086447923,0.4517652913552077,32.66532337302394,,1,-37.32968523997001,149.26564976092686,-70.0,113.5,48.4410071049387
20260808_151001,40.0,0,TL,Affine,LOOWeightedGated,0.5482347086447923,0.4517652913552077,32.66532337302394,15.354091170741235,0,,,-70.0,113.5,
20260808_151001,40.0,0,TL,Homography,ihawk1,,,53.30438999305438,,1,-51.34975027713567,178.59729123714413,-70.0,113.5,67.71623986267078
20260808_151001,40.0,0,TL,Homography,ihawk2,,,53.30438999305438,,1,-36.790064457246366,127.31987377723543,-70.0,113.5,35.970664853079526
20260808_151001,40.0,0,TL,Homography,EqualFusion,0.22034932338065766,0.7796506766193423,53.30438999305438,,1,-44.06990736719102,152.9585825071898,-70.0,113.5,47.21598709571535
20260808_151001,40.0,0,TL,Homography,LOOWeightedFusion,0.22034932338065766,0.7796506766193423,53.30438999305438,,1,-39.998281376293924,138.61881801923383,-70.0,113.5,39.12873802027632
20260808_151001,40.0,0,TL,Homography,LOOWeightedGated,0.22034932338065766,0.7796506766193423,53.30438999305438,0.4995099461069983,0,,,-70.0,113.5,
20260808_151001,40.0,0,TL,PnP,ihawk1,,,3.3248364460466076,,1,-75.64769307525161,113.82952510889051,-70.0,113.5,5.657298283600952
20260808_151001,40.0,0,TL,PnP,ihawk2,,,3.3248364460466076,,1,-73.01769291307069,111.79540698550431,-70.0,113.5,3.46584879397018
20260808_151001,40.0,0,TL,PnP,EqualFusion,0.15057924264674782,0.8494207573532522,3.3248364460466076,,1,-74.33269299416115,112.8124660471974,-70.0,113.5,4.386904548529574
20260808_151001,40.0,0,TL,PnP,LOOWeightedFusion,0.15057924264674782,0.8494207573532522,3.3248364460466076,,1,-73.41371634565272,112.10170295197783,-70.0,113.5,3.688996330044807
20260808_151001,40.0,0,TL,PnP,LOOWeightedGated,0.15057924264674782,0.8494207573532522,3.3248364460466076,13.14081829132932,1,-73.41371634565272,112.10170295197783,-70.0,113.5,3.688996330044807
20260808_151001,40.0,1,TR,Affine,ihawk1,,,46.949008491806275,,1,80.77135990394223,145.71829172841967,70.0,113.5,33.97117183845458
20260808_151001,40.0,1,TR,Affine,ihawk2,,,46.949008491806275,,1,105.2094859955908,105.63104448578173,70.0,113.5,36.078087046827335
20260808_151001,40.0,1,TR,Affine,EqualFusion,0.5482347086447923,0.4517652913552077,46.949008491806275,,1,92.99042294976651,125.6746681071007,70.0,113.5,26.015035862500856
20260808_151001,40.0,1,TR,Affine,LOOWeightedFusion,0.5482347086447923,0.4517652913552077,46.949008491806275,,1,91.81165705791113,127.6082647982211,70.0,113.5,25.976749589366435
20260808_151001,40.0,1,TR,Affine,LOOWeightedGated,0.5482347086447923,0.4517652913552077,46.949008491806275,15.354091170741235,0,,,70.0,113.5,
20260808_151001,40.0,1,TR,Homography,ihawk1,,,52.84731722965096,,1,106.74606093337266,182.2241222601049,70.0,113.5,77.93123875918427
20260808_151001,40.0,1,TR,Homography,ihawk2,,,52.84731722965096,,1,120.70416500577437,131.2534417753854,70.0,113.5,53.72240727857226
20260808_151001,40.0,1,TR,Homography,EqualFusion,0.22034932338065766,0.7796506766193423,52.84731722965096,,1,113.72511296957352,156.73878201774517,70.0,113.5,61.49372142406124
20260808_151001,40.0,1,TR,Homography,LOOWeightedFusion,0.22034932338065766,0.7796506766193423,52.84731722965096,,1,117.62850621774383,142.48479673244503,70.0,113.5,55.754758058436764
20260808_151001,40.0,1,TR,Homography,LOOWeightedGated,0.22034932338065766,0.7796506766193423,52.84731722965096,0.4995099461069983,0,,,70.0,113.5,
20260808_151001,40.0,1,TR,PnP,ihawk1,,,15.270682192829836,,1,73.04718864122745,128.70457700630752,70.0,113.5,15.506918473892897
20260808_151001,40.0,1,TR,PnP,ihawk2,,,15.270682192829836,,1,65.98264764512439,115.16626118975229,70.0,113.5,4.349200650199913
20260808_151001,40.0,1,TR,PnP,EqualFusion,0.15057924264674782,0.8494207573532522,15.270682192829836,,1,69.51491814317592,121.93541909802991,70.0,113.5,8.44935499119475
20260808_151001,40.0,1,TR,PnP,LOOWeightedFusion,0.15057924264674782,0.8494207573532522,15.270682192829836,,1,67.0464208779645,117.20485053212167,70.0,113.5,4.7380953024908905
20260808_151001,40.0,1,TR,PnP,LOOWeightedGated,0.15057924264674782,0.8494207573532522,15.270682192829836,13.14081829132932,0,,,70.0,113.5,
20260808_151001,40.0,2,BL,Affine,ihawk1,,,62.78791490930772,,1,-44.625937742362595,-71.8588652644878,-70.0,-113.5,48.76296891613081
20260808_151001,40.0,2,BL,Affine,ihawk2,,,62.78791490930772,,1,-24.7008943622443,-131.40141227886124,-70.0,-113.5,48.70800276297843
20260808_151001,40.0,2,BL,Affine,EqualFusion,0.5482347086447923,0.4517652913552077,62.78791490930772,,1,-34.66341605230345,-101.63013877167452,-70.0,-113.5,37.276906667162045
20260808_151001,40.0,2,BL,Affine,LOOWeightedFusion,0.5482347086447923,0.4517652913552077,62.78791490930772,,1,-35.6244947144783,-98.75812136446737,-70.0,-113.5,37.4031863527655
20260808_151001,40.0,2,BL,Affine,LOOWeightedGated,0.5482347086447923,0.4517652913552077,62.78791490930772,15.354091170741235,0,,,-70.0,-113.5,
20260808_151001,40.0,2,BL,Homography,ihawk1,,,53.542763682201425,,1,-44.5468829188196,-76.71968025297039,-70.0,-113.5,44.7286607204152
20260808_151001,40.0,2,BL,Homography,ihawk2,,,53.542763682201425,,1,-30.38238552768214,-128.35488681191163,-70.0,-113.5,42.31102738851794
20260808_151001,40.0,2,BL,Homography,EqualFusion,0.22034932338065766,0.7796506766193423,53.542763682201425,,1,-37.46463422325087,-102.53728353244101,-70.0,-113.5,34.33265469745891
20260808_151001,40.0,2,BL,Homography,LOOWeightedFusion,0.22034932338065766,0.7796506766193423,53.542763682201425,,1,-33.50352294384637,-116.97710398402842,-70.0,-113.5,36.661738769814164
20260808_151001,40.0,2,BL,Homography,LOOWeightedGated,0.22034932338065766,0.7796506766193423,53.542763682201425,0.4995099461069983,0,,,-70.0,-113.5,
20260808_151001,40.0,2,BL,PnP,ihawk1,,,4.527806709019201,,1,-68.60715756870428,-112.8717577417377,-70.0,-113.5,1.5279719805952887
20260808_151001,40.0,2,BL,PnP,ihawk2,,,4.527806709019201,,1,-68.17954139270522,-117.37932670962529,-70.0,-113.5,4.2852357299086625
20260808_151001,40.0,2,BL,PnP,EqualFusion,0.15057924264674782,0.8494207573532522,4.527806709019201,,1,-68.39334948070476,-115.1255422256815,-70.0,-113.5,2.285544446871519
20260808_151001,40.0,2,BL,PnP,LOOWeightedFusion,0.15057924264674782,0.8494207573532522,4.527806709019201,,1,-68.24393151263065,-116.70058038826281,-70.0,-113.5,3.650683683101587
20260808_151001,40.0,2,BL,PnP,LOOWeightedGated,0.15057924264674782,0.8494207573532522,4.527806709019201,13.14081829132932,1,-68.24393151263065,-116.70058038826281,-70.0,-113.5,3.650683683101587
20260808_151001,40.0,3,BR,Affine,ihawk1,,,35.62150967050085,,1,110.7880775618303,-63.22176489186222,70.0,-113.5,64.74232152756854
20260808_151001,40.0,3,BR,Affine,ihawk2,,,35.62150967050085,,1,108.25556154512424,-98.75313573272217,70.0,-113.5,40.99948773887674
20260808_151001,40.0,3,BR,Affine,EqualFusion,0.5482347086447923,0.4517652913552077,35.62150967050085,,1,109.52181955347727,-80.9874503122922,70.0,-113.5,51.17655818842537
20260808_151001,40.0,3,BR,Affine,LOOWeightedFusion,0.5482347086447923,0.4517652913552077,35.62150967050085,,1,109.64397472568136,-79.27360499203326,70.0,-113.5,52.37452479299295
20260808_151001,40.0,3,BR,Affine,LOOWeightedGated,0.5482347086447923,0.4517652913552077,35.62150967050085,15.354091170741235,0,,,70.0,-113.5,
20260808_151001,40.0,3,BR,Homography,ihawk1,,,53.19929004262872,,1,111.6843655312749,-73.13273498523561,70.0,-113.5,58.02673878926129
20260808_151001,40.0,3,BR,Homography,ihawk2,,,53.19929004262872,,1,126.4145519069219,-124.25206665514733,70.0,-113.5,57.430032249821316
20260808_151001,40.0,3,BR,Homography,EqualFusion,0.22034932338065766,0.7796506766193423,53.19929004262872,,1,119.0494587190984,-98.69240082019147,70.0,-113.5,51.23587018980359
20260808_151001,40.0,3,BR,Homography,LOOWeightedFusion,0.22034932338065766,0.7796506766193423,53.19929004262872,,1,123.1687653057771,-112.98795651001086,70.0,-113.5,53.17123087419029
20260808_151001,40.0,3,BR,Homography,LOOWeightedGated,0.22034932338065766,0.7796506766193423,53.19929004262872,0.4995099461069983,0,,,70.0,-113.5,
20260808_151001,40.0,3,BR,PnP,ihawk1,,,15.646048044887047,,1,81.24230418330843,-101.58725330128624,70.0,-113.5,16.37995534968731
20260808_151001,40.0,3,BR,PnP,ihawk2,,,15.646048044887047,,1,71.69208929703316,-113.98048593239908,70.0,-113.5,1.7589863331952287
20260808_151001,40.0,3,BR,PnP,EqualFusion,0.15057924264674782,0.8494207573532522,15.646048044887047,,1,76.4671967401708,-107.78386961684265,70.0,-113.5,8.631267591340826
20260808_151001,40.0,3,BR,PnP,LOOWeightedFusion,0.15057924264674782,0.8494207573532522,15.646048044887047,,1,73.13015342172218,-112.11432234886115,70.0,-113.5,3.4231510332418544
20260808_151001,40.0,3,BR,PnP,LOOWeightedGated,0.15057924264674782,0.8494207573532522,15.646048044887047,13.14081829132932,0,,,70.0,-113.5,
20260808_151001,40.0,4,C,Affine,ihawk1,,,58.04671325186933,,1,29.09287025312867,56.19949939881019,0.0,0.0,63.28332191219299
20260808_151001,40.0,4,C,Affine,ihawk2,,,58.04671325186933,,1,46.783992702278965,0.9143738600731695,0.0,0.0,46.792927379283256
20260808_151001,40.0,4,C,Affine,EqualFusion,0.5482347086447923,0.4517652913552077,58.04671325186933,,1,37.938431477703816,28.55693662944168,0.0,0.0,47.48497881063416
20260808_151001,40.0,4,C,Affine,LOOWeightedFusion,0.5482347086447923,0.4517652913552077,58.04671325186933,,1,37.08510534076971,31.223598552193426,0.0,0.0,48.47904851257419
20260808_151001,40.0,4,C,Affine,LOOWeightedGated,0.5482347086447923,0.4517652913552077,58.04671325186933,15.354091170741235,0,,,0.0,0.0,
20260808_151001,40.0,4,C,Homography,ihawk1,,,51.510114867060544,,1,29.884037576064166,50.83270812016301,0.0,0.0,58.96626083344018
20260808_151001,40.0,4,C,Homography,ihawk2,,,51.510114867060544,,1,43.821080056507725,1.2438910288461082,0.0,0.0,43.83873084625629
20260808_151001,40.0,4,C,Homography,EqualFusion,0.22034932338065766,0.7796506766193423,51.510114867060544,,1,36.85255881628595,26.03829957450456,0.0,0.0,45.1232106131585
20260808_151001,40.0,4,C,Homography,LOOWeightedFusion,0.22034932338065766,0.7796506766193423,51.510114867060544,,1,40.7500621760145,12.17075332216498,0.0,0.0,42.52875267131682
20260808_151001,40.0,4,C,Homography,LOOWeightedGated,0.22034932338065766,0.7796506766193423,51.510114867060544,0.4995099461069983,0,,,0.0,0.0,
20260808_151001,40.0,4,C,PnP,ihawk1,,,8.699112710066505,,1,1.5631971839784846,6.790100539651747,0.0,0.0,6.96771488901327
20260808_151001,40.0,4,C,PnP,ihawk2,,,8.699112710066505,,1,-1.882177460535063,-1.1976372816205418,0.0,0.0,2.2309027435712343
20260808_151001,40.0,4,C,PnP,EqualFusion,0.15057924264674782,0.8494207573532522,8.699112710066505,,1,-0.15949013827828917,2.796231629015603,0.0,0.0,2.8007763972361808
20260808_151001,40.0,4,C,PnP,LOOWeightedFusion,0.15057924264674782,0.8494207573532522,8.699112710066505,,1,-1.363375555929905,0.00515022996742287,0.0,0.0,1.363385283540898
20260808_151001,40.0,4,C,PnP,LOOWeightedGated,0.15057924264674782,0.8494207573532522,8.699112710066505,13.14081829132932,1,-1.363375555929905,0.00515022996742287,0.0,0.0,1.363385283540898
20260808_151001,45.0,0,TL,Affine,ihawk1,,,39.56172491929078,,1,-37.42357253870475,169.91809471155875,-70.0,113.5,65.14771705150876
20260808_151001,45.0,0,TL,Affine,ihawk2,,,39.56172491929078,,1,-25.46145441541205,132.2081781299217,-70.0,113.5,48.308156368581265
20260808_151001,45.0,0,TL,Affine,EqualFusion,0.5482347086447923,0.4517652913552077,39.56172491929078,,1,-31.442513477058398,151.06313642074022,-70.0,113.5,53.830000787014335
20260808_151001,45.0,0,TL,Affine,LOOWeightedFusion,0.5482347086447923,0.4517652913552077,39.56172491929078,,1,-32.01950275951001,152.88206326007491,-70.0,113.5,54.71256781814769
20260808_151001,45.0,0,TL,Affine,LOOWeightedGated,0.5482347086447923,0.4517652913552077,39.56172491929078,15.354091170741235,0,,,-70.0,113.5,
20260808_151001,45.0,0,TL,Homography,ihawk1,,,62.49436956425648,,1,-46.57809312134247,189.1959708934417,-70.0,113.5,79.23677007130767
20260808_151001,45.0,0,TL,Homography,ihawk2,,,62.49436956425648,,1,-31.025523034109696,128.6677643206745,-70.0,113.5,41.82189533309365
20260808_151001,45.0,0,TL,Homography,EqualFusion,0.22034932338065766,0.7796506766193423,62.49436956425648,,1,-38.80180807772608,158.9318676070581,-70.0,113.5,55.1124466294529
20260808_151001,45.0,0,TL,Homography,LOOWeightedFusion,0.22034932338065766,0.7796506766193423,62.49436956425648,,1,-34.45252132966169,142.00511368442844,-70.0,113.5,45.56495085019127
20260808_151001,45.0,0,TL,Homography,LOOWeightedGated,0.22034932338065766,0.7796506766193423,62.49436956425648,0.4995099461069983,0,,,-70.0,113.5,
20260808_151001,45.0,0,TL,PnP,ihawk1,,,14.031671975549754,,1,-70.58353159730027,125.37513763495205,-70.0,113.5,11.889466050841074
20260808_151001,45.0,0,TL,PnP,ihawk2,,,14.031671975549754,,1,-71.70805582511409,111.38859897485148,-70.0,113.5,2.7157814696150355
20260808_151001,45.0,0,TL,PnP,EqualFusion,0.15057924264674782,0.8494207573532522,14.031671975549754,,1,-71.14579371120718,118.38186830490176,-70.0,113.5,5.014527034032849
20260808_151001,45.0,0,TL,PnP,LOOWeightedFusion,0.15057924264674782,0.8494207573532522,14.031671975549754,,1,-71.53872581855197,113.49468137353888,-70.0,113.5,1.5387350104764153
20260808_151001,45.0,0,TL,PnP,LOOWeightedGated,0.15057924264674782,0.8494207573532522,14.031671975549754,13.14081829132932,0,,,-70.0,113.5,
20260808_151001,45.0,1,TR,Affine,ihawk1,,,53.83378302628234,,1,83.92694221902556,153.50177243960297,70.0,113.5,42.35683555085125
20260808_151001,45.0,1,TR,Affine,ihawk2,,,53.83378302628234,,1,110.48857277939487,106.67703563419957,70.0,113.5,41.05943702060877
20260808_151001,45.0,1,TR,Affine,EqualFusion,0.5482347086447923,0.4517652913552077,53.83378302628234,,1,97.20775749921022,130.08940403690127,70.0,113.5,31.866446215971212
20260808_151001,45.0,1,TR,Affine,LOOWeightedFusion,0.5482347086447923,0.4517652913552077,53.83378302628234,,1,95.9265649880002,132.34798157407897,70.0,113.5,32.053598573230715
20260808_151001,45.0,1,TR,Affine,LOOWeightedGated,0.5482347086447923,0.4517652913552077,53.83378302628234,15.354091170741235,0,,,70.0,113.5,
20260808_151001,45.0,1,TR,Homography,ihawk1,,,63.67139079711615,,1,112.86577265648582,195.73054628583077,70.0,113.5,92.73261135061216
20260808_151001,45.0,1,TR,Homography,ihawk2,,,63.67139079711615,,1,128.62172227359147,134.03941193329746,70.0,113.5,62.11580929914519
20260808_151001,45.0,1,TR,Homography,EqualFusion,0.22034932338065766,0.7796506766193423,63.67139079711615,,1,120.74374746503864,164.8849791095641,70.0,113.5,72.21733853366487
20260808_151001,45.0,1,TR,Homography,LOOWeightedFusion,0.22034932338065766,0.7796506766193423,63.67139079711615,,1,125.1499094362425,147.63301164646342,70.0,113.5,64.85811433339205
20260808_151001,45.0,1,TR,Homography,LOOWeightedGated,0.22034932338065766,0.7796506766193423,63.67139079711615,0.4995099461069983,0,,,70.0,113.5,
20260808_151001,45.0,1,TR,PnP,ihawk1,,,8.100550374316892,,1,68.06505382241568,124.1051761111424,70.0,113.5,10.780249396859684
20260808_151001,45.0,1,TR,PnP,ihawk2,,,8.100550374316892,,1,67.6054444469207,116.01767491554418,70.0,113.5,3.4745623144711755
20260808_151001,45.0,1,TR,PnP,EqualFusion,0.15057924264674782,0.8494207573532522,8.100550374316892,,1,67.83524913466819,120.0614255133433,70.0,113.5,6.90930177920368
20260808_151001,45.0,1,TR,PnP,LOOWeightedFusion,0.15057924264674782,0.8494207573532522,8.100550374316892,,1,67.67465207859608,117.23548472048202,70.0,113.5,4.40012375422921
20260808_151001,45.0,1,TR,PnP,LOOWeightedGated,0.15057924264674782,0.8494207573532522,8.100550374316892,13.14081829132932,1,67.67465207859608,117.23548472048202,70.0,113.5,4.40012375422921
20260808_151001,45.0,2,BL,Affine,ihawk1,,,69.79344205280451,,1,-37.0334421550821,-65.89101023884518,-70.0,-113.5,57.90863357237902
20260808_151001,45.0,2,BL,Affine,ihawk2,,,69.79344205280451,,1,-15.579152916275916,-132.30515050156203,-70.0,-113.5,57.57831434400003
20260808_151001,45.0,2,BL,Affine,EqualFusion,0.5482347086447923,0.4517652913552077,69.79344205280451,,1,-26.306297535679008,-99.0980803702036,-70.0,-113.5,46.00603138789223
20260808_151001,45.0,2,BL,Affine,LOOWeightedFusion,0.5482347086447923,0.4517652913552077,69.79344205280451,,1,-27.34113892629393,-95.89461366473708,-70.0,-113.5,46.14897676134995
20260808_151001,45.0,2,BL,Affine,LOOWeightedGated,0.5482347086447923,0.4517652913552077,69.79344205280451,15.354091170741235,0,,,-70.0,-113.5,
20260808_151001,45.0,2,BL,Homography,ihawk1,,,61.47773679245569,,1,-38.01768840337871,-71.94809498629965,-70.0,-113.5,52.434998477457334
20260808_151001,45.0,2,BL,Homography,ihawk2,,,61.47773679245569,,1,-21.885958618191392,-131.27160984558762,-70.0,-113.5,51.29123799046166
20260808_151001,45.0,2,BL,Homography,EqualFusion,0.22034932338065766,0.7796506766193423,61.47773679245569,,1,-29.951823510785054,-101.60985241594364,-70.0,-113.5,41.775974550953926
20260808_151001,45.0,2,BL,Homography,LOOWeightedFusion,0.22034932338065766,0.7796506766193423,61.47773679245569,,1,-25.44057436131702,-118.19971348578112,-70.0,-113.5,44.80658121412245
20260808_151001,45.0,2,BL,Homography,LOOWeightedGated,0.22034932338065766,0.7796506766193423,61.47773679245569,0.4995099461069983,0,,,-70.0,-113.5,
20260808_151001,45.0,2,BL,PnP,ihawk1,,,4.527935914251671,,1,-66.13854523884282,-113.6609367350116,-70.0,-113.5,3.8648070463012276
20260808_151001,45.0,2,BL,PnP,ihawk2,,,4.527935914251671,,1,-67.10810683996193,-118.0838491177302,-70.0,-113.5,5.419844903979342
20260808_151001,45.0,2,BL,PnP,EqualFusion,0.15057924264674782,0.8494207573532522,4.527935914251671,,1,-66.62332603940237,-115.8723929263709,-70.0,-113.5,4.126763287768368
20260808_151001,45.0,2,BL,PnP,LOOWeightedFusion,0.15057924264674782,0.8494207573532522,4.527935914251671,,1,-66.96211098836605,-117.4178503208475,-70.0,-113.5,4.95765274939373
20260808_151001,45.0,2,BL,PnP,LOOWeightedGated,0.15057924264674782,0.8494207573532522,4.527935914251671,13.14081829132932,1,-66.96211098836605,-117.4178503208475,-70.0,-113.5,4.95765274939373
20260808_151001,45.0,3,BR,Affine,ihawk1,,,41.56429144598776,,1,117.82623524699622,-56.610090526469094,70.0,-113.5,74.32234238644234
20260808_151001,45.0,3,BR,Affine,ihawk2,,,41.56429144598776,,1,115.34946775167816,-98.10052251001377,70.0,-113.5,47.89277745469655
20260808_151001,45.0,3,BR,Affine,EqualFusion,0.5482347086447923,0.4517652913552077,41.56429144598776,,1,116.58785149933719,-77.35530651824143,70.0,-113.5,58.964962259078696
20260808_151001,45.0,3,BR,Affine,LOOWeightedFusion,0.5482347086447923,0.4517652913552077,41.56429144598776,,1,116.70731765785474,-75.35402761996859,70.0,-113.5,60.30496440269133
20260808_151001,45.0,3,BR,Affine,LOOWeightedGated,0.5482347086447923,0.4517652913552077,41.56429144598776,15.354091170741235,0,,,70.0,-113.5,
20260808_151001,45.0,3,BR,Homography,ihawk1,,,60.70110983838324,,1,120.87197085187681,-66.94120587270132,70.0,-113.5,68.96142928436436
20260808_151001,45.0,3,BR,Homography,ihawk2,,,60.70110983838324,,1,137.34426320135944,-125.36456011023755,70.0,-113.5,68.38141247987947
20260808_151001,45.0,3,BR,Homography,EqualFusion,0.22034932338065766,0.7796506766193423,60.70110983838324,,1,129.10811702661812,-96.15288299146943,70.0,-113.5,61.60107115091452
20260808_151001,45.0,3,BR,Homography,LOOWeightedFusion,0.22034932338065766,0.7796506766193423,60.70110983838324,,1,133.71460472762254,-112.49101353436795,70.0,-113.5,63.72259339735797
20260808_151001,45.0,3,BR,Homography,LOOWeightedGated,0.22034932338065766,0.7796506766193423,60.70110983838324,0.4995099461069983,0,,,70.0,-113.5,
20260808_151001,45.0,3,BR,PnP,ihawk1,,,5.977018103725923,,1,76.47336088987252,-107.9767392878106,70.0,-113.5,8.509454160247067
20260808_151001,45.0,3,BR,PnP,ihawk2,,,5.977018103725923,,1,74.60541964158395,-113.65437443857624,70.0,-113.5,4.608006243742836
20260808_151001,45.0,3,BR,PnP,EqualFusion,0.15057924264674782,0.8494207573532522,5.977018103725923,,1,75.53939026572823,-110.81555686319342,70.0,-113.5,6.1555730416259875
20260808_151001,45.0,3,BR,PnP,LOOWeightedFusion,0.15057924264674782,0.8494207573532522,5.977018103725923,,1,74.88669282005986,-112.7994404375494,70.0,-113.5,4.93665376729679
20260808_151001,45.0,3,BR,PnP,LOOWeightedGated,0.15057924264674782,0.8494207573532522,5.977018103725923,13.14081829132932,1,74.88669282005986,-112.7994404375494,70.0,-113.5,4.93665376729679
20260808_151001,45.0,4,C,Affine,ihawk1,,,64.1501583658646,,1,34.12782358807473,62.06367334717629,0.0,0.0,70.82801629442795
20260808_151001,45.0,4,C,Affine,ihawk2,,,64.1501583658646,,1,53.776751204448715,0.996804572921917,0.0,0.0,53.78598878389961
20260808_151001,45.0,4,C,Affine,EqualFusion,0.5482347086447923,0.4517652913552077,64.1501583658646,,1,43.952287396261724,31.530238960049104,0.0,0.0,54.09213932025046
20260808_151001,45.0,4,C,Affine,LOOWeightedFusion,0.5482347086447923,0.4517652913552077,64.1501583658646,,1,43.00452709750331,34.47578158322502,0.0,0.0,55.11777269315347
20260808_151001,45.0,4,C,Affine,LOOWeightedGated,0.5482347086447923,0.4517652913552077,64.1501583658646,15.354091170741235,0,,,0.0,0.0,
20260808_151001,45.0,4,C,Homography,ihawk1,,,59.17487861172265,,1,36.07320400268261,58.28003702756411,0.0,0.0,68.54078175038129
20260808_151001,45.0,4,C,Homography,ihawk2,,,59.17487861172265,,1,52.17329261430264,1.3374922529398108,0.0,0.0,52.19043348875655
20260808_151001,45.0,4,C,Homography,EqualFusion,0.22034932338065766,0.7796506766193423,59.17487861172265,,1,44.12324830849262,29.80876464025196,0.0,0.0,53.248694732085525
20260808_151001,45.0,4,C,Homography,LOOWeightedFusion,0.22034932338065766,0.7796506766193423,59.17487861172265,,1,48.62564898236353,13.88474346560108,0.0,0.0,50.569158981157514
20260808_151001,45.0,4,C,Homography,LOOWeightedGated,0.22034932338065766,0.7796506766193423,59.17487861172265,0.4995099461069983,0,,,0.0,0.0,
20260808_151001,45.0,4,C,PnP,ihawk1,,,9.052961636292032,,1,3.115519674035556,7.227856237963775,0.0,0.0,7.870728596259337
20260808_151001,45.0,4,C,PnP,ihawk2,,,9.052961636292032,,1,0.38162188825113574,-1.4024344457303939,0.0,0.0,1.4534296130750466
20260808_151001,45.0,4,C,PnP,EqualFusion,0.15057924264674782,0.8494207573532522,9.052961636292032,,1,1.748570781143346,2.9127108961166908,0.0,0.0,3.397261329516048
20260808_151001,45.0,4,C,PnP,LOOWeightedFusion,0.15057924264674782,0.8494207573532522,9.052961636292032,,1,0.7932901463081745,-0.10289181075844245,0.0,0.0,0.7999349854524405
20260808_151001,45.0,4,C,PnP,LOOWeightedGated,0.15057924264674782,0.8494207573532522,9.052961636292032,13.14081829132932,1,0.7932901463081745,-0.10289181075844245,0.0,0.0,0.7999349854524405
20260808_151001,50.0,0,TL,Affine,ihawk1,,,46.27593212021504,,1,-39.19174410893427,176.58229871498702,-70.0,113.5,70.20345463163646
20260808_151001,50.0,0,TL,Affine,ihawk2,,,46.27593212021504,,1,-22.51520939254499,133.41570186687062,-70.0,113.5,51.49214037000134
20260808_151001,50.0,0,TL,Affine,EqualFusion,0.5482347086447923,0.4517652913552077,46.27593212021504,,1,-30.85347675073963,154.99900029092882,-70.0,113.5,57.04925334876341
20260808_151001,50.0,0,TL,Affine,LOOWeightedFusion,0.5482347086447923,0.4517652913552077,46.27593212021504,,1,-31.657864543989433,157.0811285130849,-70.0,113.5,58.04682690553451
20260808_151001,50.0,0,TL,Affine,LOOWeightedGated,0.5482347086447923,0.4517652913552077,46.27593212021504,15.354091170741235,0,,,-70.0,113.5,
20260808_151001,50.0,0,TL,Homography,ihawk1,,,71.17626830076874,,1,-48.96925301372954,198.58939192484777,-70.0,113.5,87.64985417524021
20260808_151001,50.0,0,TL,Homography,ihawk2,,,71.17626830076874,,1,-28.337402658281228,130.46899908882983,-70.0,113.5,44.985763829626144
20260808_151001,50.0,0,TL,Homography,EqualFusion,0.22034932338065766,0.7796506766193423,71.17626830076874,,1,-38.65332783600539,164.5291955068388,-70.0,113.5,59.88816786170813
20260808_151001,50.0,0,TL,Homography,LOOWeightedFusion,0.22034932338065766,0.7796506766193423,71.17626830076874,,1,-32.88361692419524,145.47928155867098,-70.0,113.5,48.992860108781564
20260808_151001,50.0,0,TL,Homography,LOOWeightedGated,0.22034932338065766,0.7796506766193423,71.17626830076874,0.4995099461069983,0,,,-70.0,113.5,
20260808_151001,50.0,0,TL,PnP,ihawk1,,,6.457040644785802,,1,-80.61008690200099,112.32015023216266,-70.0,113.5,10.675485447635564
20260808_151001,50.0,0,TL,PnP,ihawk2,,,6.457040644785802,,1,-74.32162371224669,110.854338307146,-70.0,113.5,5.06714488674717
20260808_151001,50.0,0,TL,PnP,EqualFusion,0.15057924264674782,0.8494207573532522,6.457040644785802,,1,-77.46585530712383,111.58724426965432,-70.0,113.5,7.706985788937159
20260808_151001,50.0,0,TL,PnP,LOOWeightedFusion,0.15057924264674782,0.8494207573532522,6.457040644785802,,1,-75.26853573677184,111.07505915667758,-70.0,113.5,5.79981093685434
20260808_151001,50.0,0,TL,PnP,LOOWeightedGated,0.15057924264674782,0.8494207573532522,6.457040644785802,13.14081829132932,1,-75.26853573677184,111.07505915667758,-70.0,113.5,5.79981093685434
20260808_151001,50.0,1,TR,Affine,ihawk1,,,58.662873508388046,,1,82.42027640175365,157.8627349891674,70.0,113.5,46.06859582855826
20260808_151001,50.0,1,TR,Affine,ihawk2,,,58.662873508388046,,1,113.37951468215397,108.03444690540385,70.0,113.5,43.72247207888709
20260808_151001,50.0,1,TR,Affine,EqualFusion,0.5482347086447923,0.4517652913552077,58.662873508388046,,1,97.89989554195381,132.94859094728562,70.0,113.5,34.009584841435135
20260808_151001,50.0,1,TR,Affine,LOOWeightedFusion,0.5482347086447923,0.4517652913552077,58.662873508388046,,1,96.406585703634,135.35204390527474,70.0,113.5,34.27564137053342
20260808_151001,50.0,1,TR,Affine,LOOWeightedGated,0.5482347086447923,0.4517652913552077,58.662873508388046,15.354091170741235,0,,,70.0,113.5,
20260808_151001,50.0,1,TR,Homography,ihawk1,,,69.38581400066701,,1,111.44522199788369,202.52243767277687,70.0,113.5,98.19725472566586
20260808_151001,50.0,1,TR,Homography,ihawk2,,,69.38581400066701,,1,133.0292875887795,136.57913401650663,70.0,113.5,67.12181106690245
20260808_151001,50.0,1,TR,Homography,EqualFusion,0.22034932338065766,0.7796506766193423,69.38581400066701,,1,122.2372547933316,169.55078584464175,70.0,113.5,76.61867515263715
20260808_151001,50.0,1,TR,Homography,LOOWeightedFusion,0.22034932338065766,0.7796506766193423,69.38581400066701,,1,128.27325334002188,151.10969635865104,70.0,113.5,69.35604742933597
20260808_151001,50.0,1,TR,Homography,LOOWeightedGated,0.22034932338065766,0.7796506766193423,69.38581400066701,0.4995099461069983,0,,,70.0,113.5,
20260808_151001,50.0,1,TR,PnP,ihawk1,,,14.833439519849223,,1,66.81390250968741,130.1982965949554,70.0,113.5,16.99953900524585
20260808_151001,50.0,1,TR,PnP,ihawk2,,,14.833439519849223,,1,63.36794540713223,115.77067351849632,70.0,113.5,7.010000452951406
20260808_151001,50.0,1,TR,PnP,EqualFusion,0.15057924264674782,0.8494207573532522,14.833439519849223,,1,65.09092395840982,122.98448505672586,70.0,113.5,10.679629411799402
20260808_151001,50.0,1,TR,PnP,LOOWeightedFusion,0.15057924264674782,0.8494207573532522,14.833439519849223,,1,63.88683501782817,117.94317407454227,70.0,113.5,7.557286679485997
20260808_151001,50.0,1,TR,PnP,LOOWeightedGated,0.15057924264674782,0.8494207573532522,14.833439519849223,13.14081829132932,0,,,70.0,113.5,
20260808_151001,50.0,2,BL,Affine,ihawk1,,,78.32210021512746,,1,-36.42464860313285,-58.727588197572686,-70.0,-113.5,64.24423177280423
20260808_151001,50.0,2,BL,Affine,ihawk2,,,78.32210021512746,,1,-11.427113963017632,-132.95342361910707,-70.0,-113.5,61.7188680162376
20260808_151001,50.0,2,BL,Affine,EqualFusion,0.5482347086447923,0.4517652913552077,78.32210021512746,,1,-23.925881283075242,-95.84050590833988,-70.0,-113.5,49.34249838744138
20260808_151001,50.0,2,BL,Affine,LOOWeightedFusion,0.5482347086447923,0.4517652913552077,78.32210021512746,,1,-25.1316300832793,-92.26024436286586,-70.0,-113.5,49.641694557185076
20260808_151001,50.0,2,BL,Affine,LOOWeightedGated,0.5482347086447923,0.4517652913552077,78.32210021512746,15.354091170741235,0,,,-70.0,-113.5,
20260808_151001,50.0,2,BL,Homography,ihawk1,,,69.79960419014404,,1,-37.65859947903744,-65.91431377739045,-70.0,-113.5,57.535760366349294
20260808_151001,50.0,2,BL,Homography,ihawk2,,,69.79960419014404,,1,-17.93020511794315,-132.86784393849484,-70.0,-113.5,55.555170037408445
20260808_151001,50.0,2,BL,Homography,EqualFusion,0.22034932338065766,0.7796506766193423,69.79960419014404,,1,-27.794402298490297,-99.39107885794265,-70.0,-113.5,44.50139473246287
20260808_151001,50.0,2,BL,Homography,LOOWeightedFusion,0.22034932338065766,0.7796506766193423,69.79960419014404,,1,-22.277343466797056,-118.11467886954902,-70.0,-113.5,47.94525219096381
20260808_151001,50.0,2,BL,Homography,LOOWeightedGated,0.22034932338065766,0.7796506766193423,69.79960419014404,0.4995099461069983,0,,,-70.0,-113.5,
20260808_151001,50.0,2,BL,PnP,ihawk1,,,5.41728335780444,,1,-69.08700576357523,-113.2668393626689,-70.0,-113.5,0.9422963220481567
20260808_151001,50.0,2,BL,PnP,ihawk2,,,5.41728335780444,,1,-67.341599471978,-118.39524221891935,-70.0,-113.5,5.570501750226643
20260808_151001,50.0,2,BL,PnP,EqualFusion,0.15057924264674782,0.8494207573532522,5.41728335780444,,1,-68.21430261777661,-115.83104079079413,-70.0,-113.5,2.936403635269785
20260808_151001,50.0,2,BL,PnP,LOOWeightedFusion,0.15057924264674782,0.8494207573532522,5.41728335780444,,1,-67.60442142947758,-117.62301120083774,-70.0,-113.5,4.768439791984342
20260808_151001,50.0,2,BL,PnP,LOOWeightedGated,0.15057924264674782,0.8494207573532522,5.41728335780444,13.14081829132932,1,-67.60442142947758,-117.62301120083774,-70.0,-113.5,4.768439791984342
20260808_151001,50.0,3,BR,Affine,ihawk1,,,48.51851379163882,,1,119.06176188259164,-49.26669474166522,70.0,-113.5,80.82681475497189
20260808_151001,50.0,3,BR,Affine,ihawk2,,,48.51851379163882,,1,119.12937359597328,-97.78516142400855,70.0,-113.5,51.581503481404894
20260808_151001,50.0,3,BR,Affine,EqualFusion,0.5482347086447923,0.4517652913552077,48.51851379163882,,1,119.09556773928246,-73.52592808283688,70.0,-113.5,63.31114591666306
20260808_151001,50.0,3,BR,Affine,LOOWeightedFusion,0.5482347086447923,0.4517652913552077,48.51851379163882,,1,119.09230650798652,-71.185653978522,70.0,-113.5,64.81171527971982
20260808_151001,50.0,3,BR,Affine,LOOWeightedGated,0.5482347086447923,0.4517652913552077,48.51851379163882,15.354091170741235,0,,,70.0,-113.5,
20260808_151001,50.0,3,BR,Homography,ihawk1,,,69.14833182021579,,1,123.52162559776062,-59.7564584815136,70.0,-113.5,75.84808937327384
20260808_151001,50.0,3,BR,Homography,ihawk2,,,69.14833182021579,,1,143.30798512554966,-126.01347146999458,70.0,-113.5,74.3683242476135
20260808_151001,50.0,3,BR,Homography,EqualFusion,0.22034932338065766,0.7796506766193423,69.14833182021579,,1,133.41480536165514,-92.88496497575409,70.0,-113.5,66.68146075265217
20260808_151001,50.0,3,BR,Homography,LOOWeightedFusion,0.22034932338065766,0.7796506766193423,69.14833182021579,,1,138.94807419143493,-111.41378348875935,70.0,-113.5,68.97962912367235
20260808_151001,50.0,3,BR,Homography,LOOWeightedGated,0.22034932338065766,0.7796506766193423,69.14833182021579,0.4995099461069983,0,,,70.0,-113.5,
20260808_151001,50.0,3,BR,PnP,ihawk1,,,4.948698469719708,,1,71.52605067614266,-108.3434584870123,70.0,-113.5,5.377615739463072
20260808_151001,50.0,3,BR,PnP,ihawk2,,,4.948698469719708,,1,73.30574800861393,-112.96106543747926,70.0,-113.5,3.3493910430307174
20260808_151001,50.0,3,BR,PnP,EqualFusion,0.15057924264674782,0.8494207573532522,4.948698469719708,,1,72.4158993423783,-110.65226196224577,70.0,-113.5,3.7344586708351954
20260808_151001,50.0,3,BR,PnP,LOOWeightedFusion,0.15057924264674782,0.8494207573532522,4.948698469719708,,1,73.03776253214997,-112.26574968003759,70.0,-113.5,3.2789289492243516
20260808_151001,50.0,3,BR,PnP,LOOWeightedGated,0.15057924264674782,0.8494207573532522,4.948698469719708,13.14081829132932,1,73.03776253214997,-112.26574968003759,70.0,-113.5,3.2789289492243516
20260808_151001,50.0,4,C,Affine,ihawk1,,,71.1299647456501,,1,33.84121299049221,68.68400292194724,0.0,0.0,76.56840049295738
20260808_151001,50.0,4,C,Affine,ihawk2,,,71.1299647456501,,1,57.00175083426518,1.4302939424077863,0.0,0.0,57.01969255383038
20260808_151001,50.0,4,C,Affine,EqualFusion,0.5482347086447923,0.4517652913552077,71.1299647456501,,1,45.421481912378695,35.05714843217751,0.0,0.0,57.37695247494651
20260808_151001,50.0,4,C,Affine,LOOWeightedFusion,0.5482347086447923,0.4517652913552077,71.1299647456501,,1,44.30434011742762,38.30111149008725,0.0,0.0,58.56491863408333
20260808_151001,50.0,4,C,Affine,LOOWeightedGated,0.5482347086447923,0.4517652913552077,71.1299647456501,15.354091170741235,0,,,0.0,0.0,
20260808_151001,50.0,4,C,Homography,ihawk1,,,67.44444551267135,,1,36.151837317591784,66.2551415366699,0.0,0.0,75.47648058489335
20260808_151001,50.0,4,C,Homography,ihawk2,,,67.44444551267135,,1,56.10039392016167,1.8283744286909394,0.0,0.0,56.1301803938737
20260808_151001,50.0,4,C,Homography,EqualFusion,0.22034932338065766,0.7796506766193423,67.44444551267135,,1,46.126115618876725,34.041757982680416,0.0,0.0,57.32765326295303
20260808_151001,50.0,4,C,Homography,LOOWeightedFusion,0.22034932338065766,0.7796506766193423,67.44444551267135,,1,51.70474297036465,16.024768968537312,0.0,0.0,54.13107856053183
20260808_151001,50.0,4,C,Homography,LOOWeightedGated,0.22034932338065766,0.7796506766193423,67.44444551267135,0.4995099461069983,0,,,0.0,0.0,
20260808_151001,50.0,4,C,PnP,ihawk1,,,11.973178437282792,,1,0.8859075583377951,10.75485836045836,0.0,0.0,10.791284008654443
20260808_151001,50.0,4,C,PnP,ihawk2,,,11.973178437282792,,1,-0.006792848589636691,-1.184994564703038,0.0,0.0,1.1850140341648718
20260808_151001,50.0,4,C,PnP,EqualFusion,0.15057924264674782,0.8494207573532522,11.973178437282792,,1,0.4395573548740792,4.784931897877661,0.0,0.0,4.805078972873496
20260808_151001,50.0,4,C,PnP,LOOWeightedFusion,0.15057924264674782,0.8494207573532522,11.973178437282792,,1,0.12762930259593958,0.6128994460813222,0.0,0.0,0.6260470987776539
20260808_151001,50.0,4,C,PnP,LOOWeightedGated,0.15057924264674782,0.8494207573532522,11.973178437282792,13.14081829132932,1,0.12762930259593958,0.6128994460813222,0.0,0.0,0.6260470987776539
20260808_162715,0.0,0,TL,Affine,ihawk1,,,13.198360692161772,,1,-61.448275715440694,117.07934597699443,-70.0,113.5,9.27058282213948
20260808_162715,0.0,0,TL,Affine,ihawk2,,,13.198360692161772,,1,-71.65835871543175,125.4430132404438,-70.0,113.5,12.057600046877672
20260808_162715,0.0,0,TL,Affine,EqualFusion,0.5482763203766937,0.4517236796233063,13.198360692161772,,1,-66.55331721543622,121.26117960871912,-70.0,113.5,8.492086382992447
20260808_162715,0.0,0,TL,Affine,LOOWeightedFusion,0.5482763203766937,0.4517236796233063,13.198360692161772,,1,-66.06041197745603,120.85741252838477,-70.0,113.5,8.345769760795292
20260808_162715,0.0,0,TL,Affine,LOOWeightedGated,0.5482763203766937,0.4517236796233063,13.198360692161772,15.347893691782529,1,-66.06041197745603,120.85741252838477,-70.0,113.5,8.345769760795292
20260808_162715,0.0,0,TL,Homography,ihawk1,,,0.05825981616981286,,1,-70.05948216380601,113.46322280575941,-70.0,113.5,0.06993346714738734
20260808_162715,0.0,0,TL,Homography,ihawk2,,,0.05825981616981286,,1,-70.00252464358505,113.47547217596441,-70.0,113.5,0.024657412215239777
20260808_162715,0.0,0,TL,Homography,EqualFusion,0.1860772569073205,0.8139227430926795,0.05825981616981286,,1,-70.03100340369554,113.4693474908619,-70.0,113.5,0.04359802010606971
20260808_162715,0.0,0,TL,Homography,LOOWeightedFusion,0.1860772569073205,0.8139227430926795,0.05825981616981286,,1,-70.01312314270801,113.47319284675783,-70.0,113.5,0.029846948579113373
20260808_162715,0.0,0,TL,Homography,LOOWeightedGated,0.1860772569073205,0.8139227430926795,0.05825981616981286,0.4995099461069983,1,-70.01312314270801,113.47319284675783,-70.0,113.5,0.029846948579113373
20260808_162715,0.0,0,TL,PnP,ihawk1,,,5.018490675858035,,1,-67.47878581950678,119.80106064981048,-70.0,113.5,6.786743420559684
20260808_162715,0.0,0,TL,PnP,ihawk2,,,5.018490675858035,,1,-66.05198063112452,114.98967045381936,-70.0,113.5,4.219712667705978
20260808_162715,0.0,0,TL,PnP,EqualFusion,0.14897250620847505,0.851027493791525,5.018490675858035,,1,-66.76538322531565,117.39536555181492,-70.0,113.5,5.063261642591242
20260808_162715,0.0,0,TL,PnP,LOOWeightedFusion,0.14897250620847505,0.851027493791525,5.018490675858035,,1,-66.26453537590908,115.70643530966305,-70.0,113.5,4.338438974281259
20260808_162715,0.0,0,TL,PnP,LOOWeightedGated,0.14897250620847505,0.851027493791525,5.018490675858035,13.870431873632965,1,-66.26453537590908,115.70643530966305,-70.0,113.5,4.338438974281259
20260808_162715,0.0,1,TR,Affine,ihawk1,,,10.517521683086052,,1,58.62915761447287,102.71014774815728,70.0,113.5,15.675361819527348
20260808_162715,0.0,1,TR,Affine,ihawk2,,,10.517521683086052,,1,68.26102219948785,98.48576057720345,70.0,113.5,15.114609794358971
20260808_162715,0.0,1,TR,Affine,EqualFusion,0.5482763203766937,0.4517236796233063,10.517521683086052,,1,63.44508990698036,100.59795416268037,70.0,113.5,14.47168383830533
20260808_162715,0.0,1,TR,Affine,LOOWeightedFusion,0.5482763203766937,0.4517236796233063,10.517521683086052,,1,62.980098926449244,100.80189203114054,70.0,113.5,14.509340338942057
20260808_162715,0.0,1,TR,Affine,LOOWeightedGated,0.5482763203766937,0.4517236796233063,10.517521683086052,15.347893691782529,1,62.980098926449244,100.80189203114054,70.0,113.5,14.509340338942057
20260808_162715,0.0,1,TR,Homography,ihawk1,,,0.07279719873286078,,1,69.95687895932588,113.52644185949597,70.0,113.5,0.05058256698136471
20260808_162715,0.0,1,TR,Homography,ihawk2,,,0.07279719873286078,,1,69.9360441458131,113.59619386799207,70.0,113.5,0.11551455113556916
20260808_162715,0.0,1,TR,Homography,EqualFusion,0.1860772569073205,0.8139227430926795,0.07279719873286078,,1,69.94646155256949,113.56131786374402,70.0,113.5,0.08140175530908549
20260808_162715,0.0,1,TR,Homography,LOOWeightedFusion,0.1860772569073205,0.8139227430926795,0.07279719873286078,,1,69.93992103075973,113.58321460558736,70.0,113.5,0.10263602256533684
20260808_162715,0.0,1,TR,Homography,LOOWeightedGated,0.1860772569073205,0.8139227430926795,0.07279719873286078,0.4995099461069983,1,69.93992103075973,113.58321460558736,70.0,113.5,0.10263602256533684
20260808_162715,0.0,1,TR,PnP,ihawk1,,,11.454582002021107,,1,76.74422111490655,124.37241627357133,70.0,113.5,12.794293809060745
20260808_162715,0.0,1,TR,PnP,ihawk2,,,11.454582002021107,,1,71.14225227412672,114.3811503904133,70.0,113.5,1.442624784298802
20260808_162715,0.0,1,TR,PnP,EqualFusion,0.14897250620847505,0.851027493791525,11.454582002021107,,1,73.94323669451663,119.37678333199231,70.0,113.5,7.07712497841921
20260808_162715,0.0,1,TR,PnP,LOOWeightedFusion,0.14897250620847505,0.851027493791525,11.454582002021107,,1,71.97679161203948,115.86957430922257,70.0,113.5,3.085868999869771
20260808_162715,0.0,1,TR,PnP,LOOWeightedGated,0.14897250620847505,0.851027493791525,11.454582002021107,13.870431873632965,1,71.97679161203948,115.86957430922257,70.0,113.5,3.085868999869771
20260808_162715,0.0,2,BL,Affine,ihawk1,,,7.828101105905293,,1,-77.82513934272666,-120.9105177093636,-70.0,-113.5,10.777224988552488
20260808_162715,0.0,2,BL,Affine,ihawk2,,,7.828101105905293,,1,-71.36816168477708,-125.33619352770091,-70.0,-113.5,11.91500497779506
20260808_162715,0.0,2,BL,Affine,EqualFusion,0.5482763203766937,0.4517236796233063,7.828101105905293,,1,-74.59665051375187,-123.12335561853226,-70.0,-113.5,10.664809857953948
20260808_162715,0.0,2,BL,Affine,LOOWeightedFusion,0.5482763203766937,0.4517236796233063,7.828101105905293,,1,-74.9083696358322,-122.90970027484282,-70.0,-113.5,10.612942652456791
20260808_162715,0.0,2,BL,Affine,LOOWeightedGated,0.5482763203766937,0.4517236796233063,7.828101105905293,15.347893691782529,1,-74.9083696358322,-122.90970027484282,-70.0,-113.5,10.612942652456791
20260808_162715,0.0,2,BL,Homography,ihawk1,,,0.07269017211349608,,1,-70.04270772045061,-113.47347131749022,-70.0,-113.5,0.05027643962923215
20260808_162715,0.0,2,BL,Homography,ihawk2,,,0.07269017211349608,,1,-70.06406136091867,-113.40398834719785,-70.0,-113.5,0.11542138205961829
20260808_162715,0.0,2,BL,Homography,EqualFusion,0.1860772569073205,0.8139227430926795,0.07269017211349608,,1,-70.05338454068465,-113.43872983234404,-70.0,-113.5,0.08126464562588358
20260808_162715,0.0,2,BL,Homography,LOOWeightedFusion,0.1860772569073205,0.8139227430926795,0.07269017211349608,,1,-70.0600879340754,-113.41691754771163,-70.0,-113.5,0.10253415869698228
20260808_162715,0.0,2,BL,Homography,LOOWeightedGated,0.1860772569073205,0.8139227430926795,0.07269017211349608,0.4995099461069983,1,-70.0600879340754,-113.41691754771163,-70.0,-113.5,0.10253415869698228
20260808_162715,0.0,2,BL,PnP,ihawk1,,,4.17568857138406,,1,-68.02810957308631,-110.15222898102759,-70.0,-113.5,3.8853471725478297
20260808_162715,0.0,2,BL,PnP,ihawk2,,,4.17568857138406,,1,-67.29552672680136,-114.26315313728692,-70.0,-113.5,2.810085122624697
20260808_162715,0.0,2,BL,PnP,EqualFusion,0.14897250620847505,0.851027493791525,4.17568857138406,,1,-67.66181814994383,-112.20769105915726,-70.0,-113.5,2.6715457627587456
20260808_162715,0.0,2,BL,PnP,LOOWeightedFusion,0.14897250620847505,0.851027493791525,4.17568857138406,,1,-67.40466142941777,-113.65073846289602,-70.0,-113.5,2.599712364887327
20260808_162715,0.0,2,BL,PnP,LOOWeightedGated,0.14897250620847505,0.851027493791525,4.17568857138406,13.870431873632965,1,-67.40466142941777,-113.65073846289602,-70.0,-113.5,2.599712364887327
20260808_162715,0.0,3,BR,Affine,ihawk1,,,15.511540060592257,,1,77.39838913584546,-110.42037313736671,70.0,-113.5,8.013754639271703
20260808_162715,0.0,3,BR,Affine,ihawk2,,,15.511540060592257,,1,67.85538435020396,-98.1917618215802,70.0,-113.5,15.45773374115946
20260808_162715,0.0,3,BR,Affine,EqualFusion,0.5482763203766937,0.4517236796233063,15.511540060592257,,1,72.62688674302471,-104.30606747947346,70.0,-113.5,9.561847580497954
20260808_162715,0.0,3,BR,Affine,LOOWeightedFusion,0.5482763203766937,0.4517236796233063,15.511540060592257,,1,73.08758789941267,-104.89641983711643,70.0,-113.5,9.140830960900836
20260808_162715,0.0,3,BR,Affine,LOOWeightedGated,0.5482763203766937,0.4517236796233063,15.511540060592257,15.347893691782529,0,,,70.0,-113.5,
20260808_162715,0.0,3,BR,Homography,ihawk1,,,0.05847801611221571,,1,69.94017367583436,-113.53682690257563,70.0,-113.5,0.07025247195997482
20260808_162715,0.0,3,BR,Homography,ihawk2,,,0.05847801611221571,,1,69.99724617390032,-113.5240829497771,70.0,-113.5,0.024239885068898237
20260808_162715,0.0,3,BR,Homography,EqualFusion,0.1860772569073205,0.8139227430926795,0.05847801611221571,,1,69.96870992486734,-113.53045492617636,70.0,-113.5,0.04366430269928837
20260808_162715,0.0,3,BR,Homography,LOOWeightedFusion,0.1860772569073205,0.8139227430926795,0.05847801611221571,,1,69.98662628001536,-113.526454309556,70.0,-113.5,0.029642653057922623
20260808_162715,0.0,3,BR,Homography,LOOWeightedGated,0.1860772569073205,0.8139227430926795,0.05847801611221571,0.4995099461069983,1,69.98662628001536,-113.526454309556,70.0,-113.5,0.029642653057922623
20260808_162715,0.0,3,BR,PnP,ihawk1,,,3.647560395398909,,1,73.37843624703615,-110.9448610561914,70.0,-113.5,4.235866676071738
20260808_162715,0.0,3,BR,PnP,ihawk2,,,3.647560395398909,,1,72.15240552961765,-114.38019881513577,70.0,-113.5,2.325424588778372
20260808_162715,0.0,3,BR,PnP,EqualFusion,0.14897250620847505,0.851027493791525,3.647560395398909,,1,72.7654208883269,-112.66252993566358,70.0,-113.5,2.889447836223105
20260808_162715,0.0,3,BR,PnP,LOOWeightedFusion,0.14897250620847505,0.851027493791525,3.647560395398909,,1,72.33505039828006,-113.86842793951323,70.0,-113.5,2.3639372895916315
20260808_162715,0.0,3,BR,PnP,LOOWeightedGated,0.14897250620847505,0.851027493791525,3.647560395398909,13.870431873632965,1,72.33505039828006,-113.86842793951323,70.0,-113.5,2.3639372895916315
20260808_162715,0.0,4,C,Affine,ihawk1,,,12.491725605151162,,1,3.2458683078485606,11.541397121579621,0.0,0.0,11.989141278252669
20260808_162715,0.0,4,C,Affine,ihawk2,,,12.491725605151162,,1,6.91011385043862,-0.4008184684186631,0.0,0.0,6.9217287487049886
20260808_162715,0.0,4,C,Affine,EqualFusion,0.5482763203766937,0.4517236796233063,12.491725605151162,,1,5.07799107914359,5.570289326580479,0.0,0.0,7.537513952337222
20260808_162715,0.0,4,C,Affine,LOOWeightedFusion,0.5482763203766937,0.4517236796233063,12.491725605151162,,1,4.90109478739064,6.146815552410782,0.0,0.0,7.861556560271431
20260808_162715,0.0,4,C,Affine,LOOWeightedGated,0.5482763203766937,0.4517236796233063,12.491725605151162,15.347893691782529,1,4.90109478739064,6.146815552410782,0.0,0.0,7.861556560271431
20260808_162715,0.0,4,C,Homography,ihawk1,,,0.17929979793039144,,1,0.20520087829135444,0.020622647043520015,0.0,0.0,0.20623456068909707
20260808_162715,0.0,4,C,Homography,ihawk2,,,0.17929979793039144,,1,0.13325188128779245,-0.14360816421935058,0.0,0.0,0.19590653051184356
20260808_162715,0.0,4,C,Homography,EqualFusion,0.1860772569073205,0.8139227430926795,0.17929979793039144,,1,0.16922637978957344,-0.06149275858791528,0.0,0.0,0.18005256725588942
20260808_162715,0.0,4,C,Homography,LOOWeightedFusion,0.1860772569073205,0.8139227430926795,0.17929979793039144,,1,0.14663995328744828,-0.11304854535989174,0.0,0.0,0.18515736417472708
20260808_162715,0.0,4,C,Homography,LOOWeightedGated,0.1860772569073205,0.8139227430926795,0.17929979793039144,0.4995099461069983,1,0.14663995328744828,-0.11304854535989174,0.0,0.0,0.18515736417472708
20260808_162715,0.0,4,C,PnP,ihawk1,,,5.440849517582077,,1,3.682283289648308,5.645003957004274,0.0,0.0,6.739827883545475
20260808_162715,0.0,4,C,PnP,ihawk2,,,5.440849517582077,,1,2.9409779021651845,0.2548917322485028,0.0,0.0,2.9520028482697254
20260808_162715,0.0,4,C,PnP,EqualFusion,0.14897250620847505,0.851027493791525,5.440849517582077,,1,3.3116305959067462,2.9499478446263883,0.0,0.0,4.4349847226074575
20260808_162715,0.0,4,C,PnP,LOOWeightedFusion,0.14897250620847505,0.851027493791525,5.440849517582077,,1,3.0514120236043905,1.0578702591153093,0.0,0.0,3.2295827629769964
20260808_162715,0.0,4,C,PnP,LOOWeightedGated,0.14897250620847505,0.851027493791525,5.440849517582077,13.870431873632965,1,3.0514120236043905,1.0578702591153093,0.0,0.0,3.2295827629769964
20260808_162715,5.0,0,TL,Affine,ihawk1,,,7.32645081176566,,1,-55.50821140432091,123.44678898864993,-70.0,113.5,17.57698915874337
20260808_162715,5.0,0,TL,Affine,ihawk2,,,7.32645081176566,,1,-62.24505588318675,126.32633894737552,-70.0,113.5,14.988466534234199
20260808_162715,5.0,0,TL,Affine,EqualFusion,0.5482763203766937,0.4517236796233063,7.32645081176566,,1,-58.876633643753834,124.88656396801272,-70.0,113.5,15.918012378840354
20260808_162715,5.0,0,TL,Affine,LOOWeightedFusion,0.5482763203766937,0.4517236796233063,7.32645081176566,,1,-58.55140358136414,124.74754989166459,-70.0,113.5,16.0492285958636
20260808_162715,5.0,0,TL,Affine,LOOWeightedGated,0.5482763203766937,0.4517236796233063,7.32645081176566,15.347893691782529,1,-58.55140358136414,124.74754989166459,-70.0,113.5,16.0492285958636
20260808_162715,5.0,0,TL,Homography,ihawk1,,,6.667293387670888,,1,-64.224768992392,122.38747090259713,-70.0,113.5,10.599076952062738
20260808_162715,5.0,0,TL,Homography,ihawk2,,,6.667293387670888,,1,-62.51955981671961,115.94192493778681,-70.0,113.5,7.868925132279574
20260808_162715,5.0,0,TL,Homography,EqualFusion,0.1860772569073205,0.8139227430926795,6.667293387670888,,1,-63.372164404555804,119.16469792019197,-70.0,113.5,8.718773262751151
20260808_162715,5.0,0,TL,Homography,LOOWeightedFusion,0.1860772569073205,0.8139227430926795,6.667293387670888,,1,-62.836860462581924,117.14129445018875,-70.0,113.5,8.03552072397909
20260808_162715,5.0,0,TL,Homography,LOOWeightedGated,0.1860772569073205,0.8139227430926795,6.667293387670888,0.4995099461069983,0,,,-70.0,113.5,
20260808_162715,5.0,0,TL,PnP,ihawk1,,,6.975589416026905,,1,-64.12736556566661,122.37407286358258,-70.0,113.5,10.64128772223978
20260808_162715,5.0,0,TL,PnP,ihawk2,,,6.975589416026905,,1,-63.40999379626534,115.43546886526616,-70.0,113.5,6.868349255365221
20260808_162715,5.0,0,TL,PnP,EqualFusion,0.14897250620847505,0.851027493791525,6.975589416026905,,1,-63.768679680965974,118.90477086442436,-70.0,113.5,8.248690866757997
20260808_162715,5.0,0,TL,PnP,LOOWeightedFusion,0.14897250620847505,0.851027493791525,6.975589416026905,,1,-63.516862466636255,116.4691300924835,-70.0,113.5,7.130694621325527
20260808_162715,5.0,0,TL,PnP,LOOWeightedGated,0.14897250620847505,0.851027493791525,6.975589416026905,13.870431873632965,1,-63.516862466636255,116.4691300924835,-70.0,113.5,7.130694621325527
20260808_162715,5.0,1,TR,Affine,ihawk1,,,14.290274799755007,,1,64.17053195034757,105.69598159615134,70.0,113.5,9.74091376563447
20260808_162715,5.0,1,TR,Affine,ihawk2,,,14.290274799755007,,1,75.60713994025394,97.12767070439895,70.0,113.5,17.30587139883997
20260808_162715,5.0,1,TR,Affine,EqualFusion,0.5482763203766937,0.4517236796233063,14.290274799755007,,1,69.88883594530076,101.41182615027515,70.0,113.5,12.088684976796648
20260808_162715,5.0,1,TR,Affine,LOOWeightedFusion,0.5482763203766937,0.4517236796233063,14.290274799755007,,1,69.33671859395739,101.8254726719725,70.0,113.5,11.693354119176528
20260808_162715,5.0,1,TR,Affine,LOOWeightedGated,0.5482763203766937,0.4517236796233063,14.290274799755007,15.347893691782529,1,69.33671859395739,101.8254726719725,70.0,113.5,11.693354119176528
20260808_162715,5.0,1,TR,Homography,ihawk1,,,5.265110139295635,,1,77.59491791459,118.5953791511846,70.0,113.5,9.145800502071255
20260808_162715,5.0,1,TR,Homography,ihawk2,,,5.265110139295635,,1,79.45844809671952,113.67108833532025,70.0,113.5,9.459995328583402
20260808_162715,5.0,1,TR,Homography,EqualFusion,0.1860772569073205,0.8139227430926795,5.265110139295635,,1,78.52668300565476,116.13323374325242,70.0,113.5,8.924026166788444
20260808_162715,5.0,1,TR,Homography,LOOWeightedFusion,0.1860772569073205,0.8139227430926795,5.265110139295635,,1,79.11168751226487,114.5873868625502,70.0,113.5,9.176342381908505
20260808_162715,5.0,1,TR,Homography,LOOWeightedGated,0.1860772569073205,0.8139227430926795,5.265110139295635,0.4995099461069983,0,,,70.0,113.5,
20260808_162715,5.0,1,TR,PnP,ihawk1,,,9.010661061482558,,1,78.98178410909772,121.03679039678039,70.0,113.5,11.725001290722375
20260808_162715,5.0,1,TR,PnP,ihawk2,,,9.010661061482558,,1,75.15589895131319,112.87868917625352,70.0,113.5,5.193199508574362
20260808_162715,5.0,1,TR,PnP,EqualFusion,0.14897250620847505,0.851027493791525,9.010661061482558,,1,77.06884153020545,116.95773978651695,70.0,113.5,7.869211206367483
20260808_162715,5.0,1,TR,PnP,LOOWeightedFusion,0.14897250620847505,0.851027493791525,9.010661061482558,,1,75.72585065173416,114.09402196097783,70.0,113.5,5.756581257664004
20260808_162715,5.0,1,TR,PnP,LOOWeightedGated,0.14897250620847505,0.851027493791525,9.010661061482558,13.870431873632965,1,75.72585065173416,114.09402196097783,70.0,113.5,5.756581257664004
20260808_162715,5.0,2,BL,Affine,ihawk1,,,14.317198522265343,,1,-74.69022945060036,-113.78806140642325,-70.0,-113.5,4.699067106687183
20260808_162715,5.0,2,BL,Affine,ihawk2,,,14.317198522265343,,1,-66.52077316358123,-125.54570392099396,-70.0,-113.5,12.538102022694895
20260808_162715,5.0,2,BL,Affine,EqualFusion,0.5482763203766937,0.4517236796233063,14.317198522265343,,1,-70.60550130709079,-119.6668826637086,-70.0,-113.5,6.196537228229845
20260808_162715,5.0,2,BL,Affine,LOOWeightedFusion,0.5482763203766937,0.4517236796233063,14.317198522265343,,1,-70.99989259610632,-119.09926694680055,-70.0,-113.5,5.687844542995302
20260808_162715,5.0,2,BL,Affine,LOOWeightedGated,0.5482763203766937,0.4517236796233063,14.317198522265343,15.347893691782529,1,-70.99989259610632,-119.09926694680055,-70.0,-113.5,5.687844542995302
20260808_162715,5.0,2,BL,Homography,ihawk1,,,6.3093769037379825,,1,-67.91901157238188,-108.39211393620307,-70.0,-113.5,5.515524714531828
20260808_162715,5.0,2,BL,Homography,ihawk2,,,6.3093769037379825,,1,-66.21349059690382,-114.46660445933558,-70.0,-113.5,3.907937773371423
20260808_162715,5.0,2,BL,Homography,EqualFusion,0.1860772569073205,0.8139227430926795,6.3093769037379825,,1,-67.06625108464286,-111.42935919776933,-70.0,-113.5,3.590882347031393
20260808_162715,5.0,2,BL,Homography,LOOWeightedFusion,0.1860772569073205,0.8139227430926795,6.3093769037379825,,1,-66.53084926161868,-113.33627992568157,-70.0,-113.5,3.4730118209338796
20260808_162715,5.0,2,BL,Homography,LOOWeightedGated,0.1860772569073205,0.8139227430926795,6.3093769037379825,0.4995099461069983,0,,,-70.0,-113.5,
20260808_162715,5.0,2,BL,PnP,ihawk1,,,3.6236762183761253,,1,-69.26146876458874,-110.12177847039467,-70.0,-113.5,3.4580065194801226
20260808_162715,5.0,2,BL,PnP,ihawk2,,,3.6236762183761253,,1,-68.95135036637015,-113.73216015585551,-70.0,-113.5,1.0740411500863798
20260808_162715,5.0,2,BL,PnP,EqualFusion,0.14897250620847505,0.851027493791525,3.6236762183761253,,1,-69.10640956547945,-111.92696931312508,-70.0,-113.5,1.8091239334320874
20260808_162715,5.0,2,BL,PnP,LOOWeightedFusion,0.14897250620847505,0.851027493791525,3.6236762183761253,,1,-68.99754948137414,-113.19431254780324,-70.0,-113.5,1.048022834066039
20260808_162715,5.0,2,BL,PnP,LOOWeightedGated,0.14897250620847505,0.851027493791525,3.6236762183761253,13.870431873632965,1,-68.99754948137414,-113.19431254780324,-70.0,-113.5,1.048022834066039
20260808_162715,5.0,3,BR,Affine,ihawk1,,,11.481215270997957,,1,81.3877491702066,-106.7613983164,70.0,-113.5,13.232142072006251
20260808_162715,5.0,3,BR,Affine,ihawk2,,,11.481215270997957,,1,72.10617071434467,-100.00339524843116,70.0,-113.5,13.659952228980659
20260808_162715,5.0,3,BR,Affine,EqualFusion,0.5482763203766937,0.4517236796233063,11.481215270997957,,1,76.74695994227564,-103.38239678241558,70.0,-113.5,12.160894840888421
20260808_162715,5.0,3,BR,Affine,LOOWeightedFusion,0.5482763203766937,0.4517236796233063,11.481215270997957,,1,77.19504039741224,-103.70864830363152,70.0,-113.5,12.150686168376337
20260808_162715,5.0,3,BR,Affine,LOOWeightedGated,0.5482763203766937,0.4517236796233063,11.481215270997957,15.347893691782529,1,77.19504039741224,-103.70864830363152,70.0,-113.5,12.150686168376337
20260808_162715,5.0,3,BR,Homography,ihawk1,,,6.023495420638279,,1,74.3729343982755,-110.70621456117186,70.0,-113.5,5.18919958469794
20260808_162715,5.0,3,BR,Homography,ihawk2,,,6.023495420638279,,1,75.5069996770476,-116.62198949146915,70.0,-113.5,6.330392075365174
20260808_162715,5.0,3,BR,Homography,EqualFusion,0.1860772569073205,0.8139227430926795,6.023495420638279,,1,74.93996703766155,-113.6641020263205,70.0,-113.5,4.942691959673907
20260808_162715,5.0,3,BR,Homography,LOOWeightedFusion,0.1860772569073205,0.8139227430926795,6.023495420638279,,1,75.29597592081986,-115.52119831995833,70.0,-113.5,5.668562745750116
20260808_162715,5.0,3,BR,Homography,LOOWeightedGated,0.1860772569073205,0.8139227430926795,6.023495420638279,0.4995099461069983,0,,,70.0,-113.5,
20260808_162715,5.0,3,BR,PnP,ihawk1,,,1.7653641602945942,,1,70.90817443807722,-114.33932628310566,70.0,-113.5,1.2366282462764835
20260808_162715,5.0,3,BR,PnP,ihawk2,,,1.7653641602945942,,1,70.84377488112997,-116.1035154213552,70.0,-113.5,2.736831854400309
20260808_162715,5.0,3,BR,PnP,EqualFusion,0.14897250620847505,0.851027493791525,1.7653641602945942,,1,70.8759746596036,-115.22142085223044,70.0,-113.5,1.931481647534195
20260808_162715,5.0,3,BR,PnP,LOOWeightedFusion,0.14897250620847505,0.851027493791525,1.7653641602945942,,1,70.85336864452712,-115.8406997440044,70.0,-113.5,2.4914079021798714
20260808_162715,5.0,3,BR,PnP,LOOWeightedGated,0.14897250620847505,0.851027493791525,1.7653641602945942,13.870431873632965,1,70.85336864452712,-115.8406997440044,70.0,-113.5,2.4914079021798714
20260808_162715,5.0,4,C,Affine,ihawk1,,,16.8528772470596,,1,7.43506961229938,15.991702925331651,0.0,0.0,17.635612339575808
20260808_162715,5.0,4,C,Affine,ihawk2,,,16.8528772470596,,1,12.749737868831176,-0.0012259129853759987,0.0,0.0,12.749737927768178
20260808_162715,5.0,4,C,Affine,EqualFusion,0.5482763203766937,0.4517236796233063,16.8528772470596,,1,10.092403740565278,7.995238506173138,0.0,0.0,12.875575794238085
20260808_162715,5.0,4,C,Affine,LOOWeightedFusion,0.5482763203766937,0.4517236796233063,16.8528772470596,,1,9.835831113117106,8.767318262533394,0.0,0.0,13.176093624527493
20260808_162715,5.0,4,C,Affine,LOOWeightedGated,0.5482763203766937,0.4517236796233063,16.8528772470596,15.347893691782529,0,,,0.0,0.0,
20260808_162715,5.0,4,C,Homography,ihawk1,,,4.77500361858724,,1,4.662077815960909,4.799090738719551,0.0,0.0,6.6907579152543395
20260808_162715,5.0,4,C,Homography,ihawk2,,,4.77500361858724,,1,6.143662133607394,0.25975516319473224,0.0,0.0,6.149150929740437
20260808_162715,5.0,4,C,Homography,EqualFusion,0.1860772569073205,0.8139227430926795,4.77500361858724,,1,5.402869974784151,2.5294229509571418,0.0,0.0,5.965650377725201
20260808_162715,5.0,4,C,Homography,LOOWeightedFusion,0.1860772569073205,0.8139227430926795,4.77500361858724,,1,5.867972987902832,1.1044222752702035,0.0,0.0,5.971001218294157
20260808_162715,5.0,4,C,Homography,LOOWeightedGated,0.1860772569073205,0.8139227430926795,4.77500361858724,0.4995099461069983,0,,,0.0,0.0,
20260808_162715,5.0,4,C,PnP,ihawk1,,,18.509856640057535,,1,4.010300547121733,4.12233092715017,0.0,0.0,5.751184465063145
20260808_162715,5.0,4,C,PnP,ihawk2,,,18.509856640057535,,1,-13.893498516693505,-0.5754102234466367,0.0,0.0,13.905408946111995
20260808_162715,5.0,4,C,PnP,EqualFusion,0.14897250620847505,0.851027493791525,18.509856640057535,,1,-4.941598984785886,1.7734603518517664,0.0,0.0,5.250196391186437
20260808_162715,5.0,4,C,PnP,LOOWeightedFusion,0.14897250620847505,0.851027493791525,18.509856640057535,,1,-11.226324699504,0.12442404927645473,0.0,0.0,11.227014189121341
20260808_162715,5.0,4,C,PnP,LOOWeightedGated,0.14897250620847505,0.851027493791525,18.509856640057535,13.870431873632965,0,,,0.0,0.0,
20260808_162715,10.0,0,TL,Affine,ihawk1,,,4.697908298240092,,1,-52.09770097212262,126.80667989709139,-70.0,113.5,22.306053895012347
20260808_162715,10.0,0,TL,Affine,ihawk2,,,4.697908298240092,,1,-56.787448545031,127.08346515875297,-70.0,113.5,18.949460194666745
20260808_162715,10.0,0,TL,Affine,EqualFusion,0.5482763203766937,0.4517236796233063,4.697908298240092,,1,-54.44257475857681,126.94507252792218,-70.0,113.5,20.56218508387567
20260808_162715,10.0,0,TL,Affine,LOOWeightedFusion,0.5482763203766937,0.4517236796233063,4.697908298240092,,1,-54.21617100226126,126.93171035395466,-70.0,113.5,20.725349233785927
20260808_162715,10.0,0,TL,Affine,LOOWeightedGated,0.5482763203766937,0.4517236796233063,4.697908298240092,15.347893691782529,1,-54.21617100226126,126.93171035395466,-70.0,113.5,20.725349233785927
20260808_162715,10.0,0,TL,Homography,ihawk1,,,9.984555860472796,,1,-60.783095852467234,127.24229189496461,-70.0,113.5,16.54696070555607
20260808_162715,10.0,0,TL,Homography,ihawk2,,,9.984555860472796,,1,-58.07893146305723,117.63090018065245,-70.0,113.5,12.616505513215664
20260808_162715,10.0,0,TL,Homography,EqualFusion,0.1860772569073205,0.8139227430926795,9.984555860472796,,1,-59.431013657762236,122.43659603780853,-70.0,113.5,13.840744959913952
20260808_162715,10.0,0,TL,Homography,LOOWeightedFusion,0.1860772569073205,0.8139227430926795,9.984555860472796,,1,-58.582114954865105,119.4193615859134,-70.0,113.5,12.861062961073722
20260808_162715,10.0,0,TL,Homography,LOOWeightedGated,0.1860772569073205,0.8139227430926795,9.984555860472796,0.4995099461069983,0,,,-70.0,113.5,
20260808_162715,10.0,0,TL,PnP,ihawk1,,,4.1578472665948025,,1,-64.77985962592126,116.93105130168406,-70.0,113.5,6.2467574436562545
20260808_162715,10.0,0,TL,PnP,ihawk2,,,4.1578472665948025,,1,-60.6517792788575,116.43441608292106,-70.0,113.5,9.797960420358098
20260808_162715,10.0,0,TL,PnP,EqualFusion,0.14897250620847505,0.851027493791525,4.1578472665948025,,1,-62.71581945238938,116.68273369230256,-70.0,113.5,7.94915593043103
20260808_162715,10.0,0,TL,PnP,LOOWeightedFusion,0.14897250620847505,0.851027493791525,4.1578472665948025,,1,-61.26674975398954,116.50840107613158,-70.0,113.5,9.236890001202323
20260808_162715,10.0,0,TL,PnP,LOOWeightedGated,0.14897250620847505,0.851027493791525,4.1578472665948025,13.870431873632965,1,-61.26674975398954,116.50840107613158,-70.0,113.5,9.236890001202323
20260808_162715,10.0,1,TR,Affine,ihawk1,,,16.759853254237814,,1,67.48623731362235,108.61608373378738,70.0,113.5,5.492871829817332
20260808_162715,10.0,1,TR,Affine,ihawk2,,,16.759853254237814,,1,79.82234276267786,97.27090046275254,70.0,113.5,18.970031342552286
20260808_162715,10.0,1,TR,Affine,EqualFusion,0.5482763203766937,0.4517236796233063,16.759853254237814,,1,73.65429003815011,102.94349209826996,70.0,113.5,11.171109826790351
20260808_162715,10.0,1,TR,Affine,LOOWeightedFusion,0.5482763203766937,0.4517236796233063,16.759853254237814,,1,73.05874825929082,103.49119580059474,70.0,113.5,10.465758568577199
20260808_162715,10.0,1,TR,Affine,LOOWeightedGated,0.5482763203766937,0.4517236796233063,16.759853254237814,15.347893691782529,0,,,70.0,113.5,
20260808_162715,10.0,1,TR,Homography,ihawk1,,,8.88348645584142,,1,82.39109292320018,123.27607152602869,70.0,113.5,15.783242959335396
20260808_162715,10.0,1,TR,Homography,ihawk2,,,8.88348645584142,,1,85.04725836915014,114.79897787697305,70.0,113.5,15.103222436050673
20260808_162715,10.0,1,TR,Homography,EqualFusion,0.1860772569073205,0.8139227430926795,8.88348645584142,,1,83.71917564617516,119.03752470150087,70.0,113.5,14.794592263064837
20260808_162715,10.0,1,TR,Homography,LOOWeightedFusion,0.1860772569073205,0.8139227430926795,8.88348645584142,,1,84.55300638907576,116.37637220973579,70.0,113.5,14.83453781044156
20260808_162715,10.0,1,TR,Homography,LOOWeightedGated,0.1860772569073205,0.8139227430926795,8.88348645584142,0.4995099461069983,0,,,70.0,113.5,
20260808_162715,10.0,1,TR,PnP,ihawk1,,,10.53585856501158,,1,82.13592482261261,123.20637920610466,70.0,113.5,15.540092296791732
20260808_162715,10.0,1,TR,PnP,ihawk2,,,10.53585856501158,,1,78.4066785500322,113.35259628073163,70.0,113.5,8.407970748047688
20260808_162715,10.0,1,TR,PnP,EqualFusion,0.14897250620847505,0.851027493791525,10.53585856501158,,1,80.2713016863224,118.27948774341814,70.0,113.5,11.328863200733501
20260808_162715,10.0,1,TR,PnP,LOOWeightedFusion,0.14897250620847505,0.851027493791525,10.53585856501158,,1,78.96223371352713,114.82053901875874,70.0,113.5,9.058998644218162
20260808_162715,10.0,1,TR,PnP,LOOWeightedGated,0.14897250620847505,0.851027493791525,10.53585856501158,13.870431873632965,1,78.96223371352713,114.82053901875874,70.0,113.5,9.058998644218162
20260808_162715,10.0,2,BL,Affine,ihawk1,,,18.29360275108563,,1,-71.01700304524499,-108.87198157056105,-70.0,-113.5,4.738443813876469
20260808_162715,10.0,2,BL,Affine,ihawk2,,,18.29360275108563,,1,-62.061624966386375,-124.82369323668723,-70.0,-113.5,13.829093487748802
20260808_162715,10.0,2,BL,Affine,EqualFusion,0.5482763203766937,0.4517236796233063,18.29360275108563,,1,-66.53931400581568,-116.84783740362414,-70.0,-113.5,4.815014312694026
20260808_162715,10.0,2,BL,Affine,LOOWeightedFusion,0.5482763203766937,0.4517236796233063,18.29360275108563,,1,-66.97164670704508,-116.07774746067359,-70.0,-113.5,3.9768964831838467
20260808_162715,10.0,2,BL,Affine,LOOWeightedGated,0.5482763203766937,0.4517236796233063,18.29360275108563,15.347893691782529,0,,,-70.0,-113.5,
20260808_162715,10.0,2,BL,Homography,ihawk1,,,10.05486416503032,,1,-65.20509326676333,-104.8968859383796,-70.0,-113.5,9.849096513776738
20260808_162715,10.0,2,BL,Homography,ihawk2,,,10.05486416503032,,1,-62.618303832454295,-114.61330574197794,-70.0,-113.5,7.465178362576476
20260808_162715,10.0,2,BL,Homography,EqualFusion,0.1860772569073205,0.8139227430926795,10.05486416503032,,1,-63.911698549608815,-109.75509584017877,-70.0,-113.5,7.147847348473649
20260808_162715,10.0,2,BL,Homography,LOOWeightedFusion,0.1860772569073205,0.8139227430926795,10.05486416503032,,1,-63.09964651458736,-112.8053009979644,-70.0,-113.5,6.935235030413576
20260808_162715,10.0,2,BL,Homography,LOOWeightedGated,0.1860772569073205,0.8139227430926795,10.05486416503032,0.4995099461069983,0,,,-70.0,-113.5,
20260808_162715,10.0,2,BL,PnP,ihawk1,,,4.80910757216862,,1,-68.01885116336624,-108.85100617481648,-70.0,-113.5,5.053522959232485
20260808_162715,10.0,2,BL,PnP,ihawk2,,,4.80910757216862,,1,-66.76136764624522,-113.49280010010641,-70.0,-113.5,3.2386403569006714
20260808_162715,10.0,2,BL,PnP,EqualFusion,0.14897250620847505,0.851027493791525,4.80910757216862,,1,-67.39010940480573,-111.17190313746144,-70.0,-113.5,3.497365282644264
20260808_162715,10.0,2,BL,PnP,LOOWeightedFusion,0.14897250620847505,0.851027493791525,4.80910757216862,,1,-66.94869811730658,-112.8013004257527,-70.0,-113.5,3.130275431073404
20260808_162715,10.0,2,BL,PnP,LOOWeightedGated,0.14897250620847505,0.851027493791525,4.80910757216862,13.870431873632965,1,-66.94869811730658,-112.8013004257527,-70.0,-113.5,3.130275431073404
20260808_162715,10.0,3,BR,Affine,ihawk1,,,9.435515331251567,,1,84.50794581395022,-103.02152879660537,70.0,-113.5,17.896336231220236
20260808_162715,10.0,3,BR,Affine,ihawk2,,,9.435515331251567,,1,75.56730131621839,-100.00593175265851,70.0,-113.5,14.597421752127216
20260808_162715,10.0,3,BR,Affine,EqualFusion,0.5482763203766937,0.4517236796233063,9.435515331251567,,1,80.0376235650843,-101.51373027463194,70.0,-113.5,15.634082920453334
20260808_162715,10.0,3,BR,Affine,LOOWeightedFusion,0.5482763203766937,0.4517236796233063,9.435515331251567,,1,80.46924498323094,-101.65931220365252,70.0,-113.5,15.80528323091612
20260808_162715,10.0,3,BR,Affine,LOOWeightedGated,0.5482763203766937,0.4517236796233063,9.435515331251567,15.347893691782529,1,80.46924498323094,-101.65931220365252,70.0,-113.5,15.80528323091612
20260808_162715,10.0,3,BR,Homography,ihawk1,,,9.947901763611483,,1,77.97307678576765,-107.71969061180985,70.0,-113.5,9.847940396597965
20260808_162715,10.0,3,BR,Homography,ihawk2,,,9.947901763611483,,1,80.05857964133034,-117.4465311748038,70.0,-113.5,10.805097533788551
20260808_162715,10.0,3,BR,Homography,EqualFusion,0.1860772569073205,0.8139227430926795,9.947901763611483,,1,79.01582821354899,-112.58311089330682,70.0,-113.5,9.06233104726364
20260808_162715,10.0,3,BR,Homography,LOOWeightedFusion,0.1860772569073205,0.8139227430926795,9.947901763611483,,1,79.67051499069484,-115.63658736446703,70.0,-113.5,9.903729890867067
20260808_162715,10.0,3,BR,Homography,LOOWeightedGated,0.1860772569073205,0.8139227430926795,9.947901763611483,0.4995099461069983,0,,,70.0,-113.5,
20260808_162715,10.0,3,BR,PnP,ihawk1,,,8.002999499608439,,1,76.43076121008107,-109.6475028906186,70.0,-113.5,7.496427397025562
20260808_162715,10.0,3,BR,PnP,ihawk2,,,8.002999499608439,,1,71.84983120941178,-116.20974955770609,70.0,-113.5,3.2809477546590373
20260808_162715,10.0,3,BR,PnP,EqualFusion,0.14897250620847505,0.851027493791525,8.002999499608439,,1,74.14029620974642,-112.92862622416234,70.0,-113.5,4.17953594268019
20260808_162715,10.0,3,BR,PnP,LOOWeightedFusion,0.14897250620847505,0.851027493791525,8.002999499608439,,1,72.53226383237707,-115.23215522535185,70.0,-113.5,3.0680159454407514
20260808_162715,10.0,3,BR,PnP,LOOWeightedGated,0.14897250620847505,0.851027493791525,8.002999499608439,13.870431873632965,1,72.53226383237707,-115.23215522535185,70.0,-113.5,3.0680159454407514
20260808_162715,10.0,4,C,Affine,ihawk1,,,20.95625905700684,,1,10.649588114285997,19.60258464950664,0.0,0.0,22.308631781106946
20260808_162715,10.0,4,C,Affine,ihawk2,,,20.95625905700684,,1,16.814626543274926,-0.4263218317137216,0.0,0.0,16.820030204907525
20260808_162715,10.0,4,C,Affine,EqualFusion,0.5482763203766937,0.4517236796233063,20.95625905700684,,1,13.732107328780462,9.588131408896459,0.0,0.0,16.748224849320984
20260808_162715,10.0,4,C,Affine,LOOWeightedFusion,0.5482763203766937,0.4517236796233063,20.95625905700684,,1,13.434481958447964,10.555053314978691,0.0,0.0,17.084918963047688
20260808_162715,10.0,4,C,Affine,LOOWeightedGated,0.5482763203766937,0.4517236796233063,20.95625905700684,15.347893691782529,0,,,0.0,0.0,
20260808_162715,10.0,4,C,Homography,ihawk1,,,9.204810877138307,,1,8.141602614598153,8.731069843718249,0.0,0.0,11.93805988215496
20260808_162715,10.0,4,C,Homography,ihawk2,,,9.204810877138307,,1,10.402545538145459,-0.191748118133548,0.0,0.0,10.404312616122112
20260808_162715,10.0,4,C,Homography,EqualFusion,0.1860772569073205,0.8139227430926795,9.204810877138307,,1,9.272074076371805,4.2696608627923505,0.0,0.0,10.207906815845586
20260808_162715,10.0,4,C,Homography,LOOWeightedFusion,0.1860772569073205,0.8139227430926795,9.204810877138307,,1,9.981835480907758,1.4685853720912028,0.0,0.0,10.089290488583886
20260808_162715,10.0,4,C,Homography,LOOWeightedGated,0.1860772569073205,0.8139227430926795,9.204810877138307,0.4995099461069983,0,,,0.0,0.0,
20260808_162715,10.0,4,C,PnP,ihawk1,,,6.983538792984114,,1,6.489054460544632,6.522255435070757,0.0,0.0,9.200415411937888
20260808_162715,10.0,4,C,PnP,ihawk2,,,6.983538792984114,,1,4.7600300820352945,-0.24385783412851245,0.0,0.0,4.766272445543454
20260808_162715,10.0,4,C,PnP,EqualFusion,0.14897250620847505,0.851027493791525,6.983538792984114,,1,5.624542271289963,3.139198800471122,0.0,0.0,6.441276649112891
20260808_162715,10.0,4,C,PnP,LOOWeightedFusion,0.14897250620847505,0.851027493791525,6.983538792984114,,1,5.017607176997381,0.764107016874521,0.0,0.0,5.075454789069893
20260808_162715,10.0,4,C,PnP,LOOWeightedGated,0.14897250620847505,0.851027493791525,6.983538792984114,13.870431873632965,1,5.017607176997381,0.764107016874521,0.0,0.0,5.075454789069893
20260808_162715,15.0,0,TL,Affine,ihawk1,,,6.357650205278445,,1,-48.501700501790275,133.0963605164137,-70.0,113.5,29.08941778042288
20260808_162715,15.0,0,TL,Affine,ihawk2,,,6.357650205278445,,1,-50.1103330972511,126.9455868004087,-70.0,113.5,24.00797063288836
20260808_162715,15.0,0,TL,Affine,EqualFusion,0.5482763203766937,0.4517236796233063,6.357650205278445,,1,-49.30601679952069,130.0209736584112,-70.0,113.5,26.479869926486362
20260808_162715,15.0,0,TL,Affine,LOOWeightedFusion,0.5482763203766937,0.4517236796233063,6.357650205278445,,1,-49.22835793697383,130.3179103808896,-70.0,113.5,26.726451758026396
20260808_162715,15.0,0,TL,Affine,LOOWeightedGated,0.5482763203766937,0.4517236796233063,6.357650205278445,15.347893691782529,1,-49.22835793697383,130.3179103808896,-70.0,113.5,26.726451758026396
20260808_162715,15.0,0,TL,Homography,ihawk1,,,17.92202083768891,,1,-57.2554710883969,136.03893318177592,-70.0,113.5,25.89259597165272
20260808_162715,15.0,0,TL,Homography,ihawk2,,,17.92202083768891,,1,-52.54159859849945,118.74794601922376,-70.0,113.5,18.230104687483365
20260808_162715,15.0,0,TL,Homography,EqualFusion,0.1860772569073205,0.8139227430926795,17.92202083768891,,1,-54.898534843448175,127.39343960049985,-70.0,113.5,20.520280548941972
20260808_162715,15.0,0,TL,Homography,LOOWeightedFusion,0.1860772569073205,0.8139227430926795,17.92202083768891,,1,-53.41874306083045,121.96540547965117,-70.0,113.5,18.61722781774092
20260808_162715,15.0,0,TL,Homography,LOOWeightedGated,0.1860772569073205,0.8139227430926795,17.92202083768891,0.4995099461069983,0,,,-70.0,113.5,
20260808_162715,15.0,0,TL,PnP,ihawk1,,,6.6539251015716365,,1,-63.10570787805261,121.07637003271424,-70.0,113.5,10.243663735956787
20260808_162715,15.0,0,TL,PnP,ihawk2,,,6.6539251015716365,,1,-62.652383445229496,114.43790513366335,-70.0,113.5,7.407235319313788
20260808_162715,15.0,0,TL,PnP,EqualFusion,0.14897250620847505,0.851027493791525,6.6539251015716365,,1,-62.87904566164106,117.7571375831888,-70.0,113.5,8.29645774359103
20260808_162715,15.0,0,TL,PnP,LOOWeightedFusion,0.14897250620847505,0.851027493791525,6.6539251015716365,,1,-62.719916322112695,115.42685388705195,-70.0,113.5,7.5307625283956705
20260808_162715,15.0,0,TL,PnP,LOOWeightedGated,0.14897250620847505,0.851027493791525,6.6539251015716365,13.870431873632965,1,-62.719916322112695,115.42685388705195,-70.0,113.5,7.5307625283956705
20260808_162715,15.0,1,TR,Affine,ihawk1,,,22.791874569335558,,1,71.29577025340271,115.68682582095732,70.0,113.5,2.5418945140994724
20260808_162715,15.0,1,TR,Affine,ihawk2,,,22.791874569335558,,1,86.05248681507254,98.31705717820148,70.0,113.5,22.095340813802373
20260808_162715,15.0,1,TR,Affine,EqualFusion,0.5482763203766937,0.4517236796233063,22.791874569335558,,1,78.67412853423762,107.0019414995794,70.0,113.5,10.83813960527192
20260808_162715,15.0,1,TR,Affine,LOOWeightedFusion,0.5482763203766937,0.4517236796233063,22.791874569335558,,1,77.96172855779838,107.84049001544614,70.0,113.5,9.768273895286063
20260808_162715,15.0,1,TR,Affine,LOOWeightedGated,0.5482763203766937,0.4517236796233063,22.791874569335558,15.347893691782529,0,,,70.0,113.5,
20260808_162715,15.0,1,TR,Homography,ihawk1,,,17.324286273029607,,1,88.52958977886335,134.0961517197658,70.0,113.5,27.70464154318855
20260808_162715,15.0,1,TR,Homography,ihawk2,,,17.324286273029607,,1,93.4809823101957,117.49450701598575,70.0,113.5,23.818325225600617
20260808_162715,15.0,1,TR,Homography,EqualFusion,0.1860772569073205,0.8139227430926795,17.324286273029607,,1,91.00528604452953,125.79532936787578,70.0,113.5,24.339210465359297
20260808_162715,15.0,1,TR,Homography,LOOWeightedFusion,0.1860772569073205,0.8139227430926795,17.324286273029607,,1,92.55964077009399,120.58369552261509,70.0,113.5,23.64563667852494
20260808_162715,15.0,1,TR,Homography,LOOWeightedGated,0.1860772569073205,0.8139227430926795,17.324286273029607,0.4995099461069983,0,,,70.0,113.5,
20260808_162715,15.0,1,TR,PnP,ihawk1,,,12.644909953635489,,1,81.13101142228743,123.11472937147043,70.0,113.5,14.70858375812265
20260808_162715,15.0,1,TR,PnP,ihawk2,,,12.644909953635489,,1,74.33492206974148,112.45138480947857,70.0,113.5,4.459948785414925
20260808_162715,15.0,1,TR,PnP,EqualFusion,0.14897250620847505,0.851027493791525,12.644909953635489,,1,77.73296674601445,117.7830570904745,70.0,113.5,8.839872891350264
20260808_162715,15.0,1,TR,PnP,LOOWeightedFusion,0.14897250620847505,0.851027493791525,12.644909953635489,,1,75.34735253300698,114.03992997344301,70.0,113.5,5.374542165475899
20260808_162715,15.0,1,TR,PnP,LOOWeightedGated,0.14897250620847505,0.851027493791525,12.644909953635489,13.870431873632965,1,75.34735253300698,114.03992997344301,70.0,113.5,5.374542165475899
20260808_162715,15.0,2,BL,Affine,ihawk1,,,26.207837352327765,,1,-63.450687509220096,-102.76823843862064,-70.0,-113.5,12.572358581912352
20260808_162715,15.0,2,BL,Affine,ihawk2,,,26.207837352327765,,1,-52.255212887291805,-126.46448469569322,-70.0,-113.5,21.976244745183344
20260808_162715,15.0,2,BL,Affine,EqualFusion,0.5482763203766937,0.4517236796233063,26.207837352327765,,1,-57.852950198255954,-114.61636156715693,-70.0,-113.5,12.19824094017966
20260808_162715,15.0,2,BL,Affine,LOOWeightedFusion,0.5482763203766937,0.4517236796233063,26.207837352327765,,1,-58.3934265178733,-113.47239399112547,-70.0,-113.5,11.606606312257373
20260808_162715,15.0,2,BL,Affine,LOOWeightedGated,0.5482763203766937,0.4517236796233063,26.207837352327765,15.347893691782529,0,,,-70.0,-113.5,
20260808_162715,15.0,2,BL,Homography,ihawk1,,,18.007182539553423,,1,-59.30013032271583,-100.60847428403322,-70.0,-113.5,16.75346669785982
20260808_162715,15.0,2,BL,Homography,ihawk2,,,18.007182539553423,,1,-54.53395291574885,-117.97344407779086,-70.0,-113.5,16.100009761779514
20260808_162715,15.0,2,BL,Homography,EqualFusion,0.1860772569073205,0.8139227430926795,18.007182539553423,,1,-56.917041619232336,-109.29095918091204,-70.0,-113.5,13.743355653174646
20260808_162715,15.0,2,BL,Homography,LOOWeightedFusion,0.1860772569073205,0.8139227430926795,18.007182539553423,,1,-55.42083013357091,-114.74221813228996,-70.0,-113.5,14.631995758692113
20260808_162715,15.0,2,BL,Homography,LOOWeightedGated,0.1860772569073205,0.8139227430926795,18.007182539553423,0.4995099461069983,0,,,-70.0,-113.5,
20260808_162715,15.0,2,BL,PnP,ihawk1,,,5.023362192328624,,1,-65.63186059836508,-109.73156344285792,-70.0,-113.5,5.769034227435329
20260808_162715,15.0,2,BL,PnP,ihawk2,,,5.023362192328624,,1,-66.0550259346846,-114.73707029166496,-70.0,-113.5,4.134387896960226
20260808_162715,15.0,2,BL,PnP,EqualFusion,0.14897250620847505,0.851027493791525,5.023362192328624,,1,-65.84344326652484,-112.23431686726144,-70.0,-113.5,4.344987649130496
20260808_162715,15.0,2,BL,PnP,LOOWeightedFusion,0.14897250620847505,0.851027493791525,5.023362192328624,,1,-65.99198593399252,-113.9913873915545,-70.0,-113.5,4.038024061579192
20260808_162715,15.0,2,BL,PnP,LOOWeightedGated,0.14897250620847505,0.851027493791525,5.023362192328624,13.870431873632965,1,-65.99198593399252,-113.9913873915545,-70.0,-113.5,4.038024061579192
20260808_162715,15.0,3,BR,Affine,ihawk1,,,8.741895998100928,,1,91.76530238041616,-95.89162609146376,70.0,-113.5,27.99612865047182
20260808_162715,15.0,3,BR,Affine,ihawk2,,,8.741895998100928,,1,83.87955463620347,-99.66465248366637,70.0,-113.5,19.597420182184088
20260808_162715,15.0,3,BR,Affine,EqualFusion,0.5482763203766937,0.4517236796233063,8.741895998100928,,1,87.82242850830981,-97.77813928756507,70.0,-113.5,23.765854964528824
20260808_162715,15.0,3,BR,Affine,LOOWeightedFusion,0.5482763203766937,0.4517236796233063,8.741895998100928,,1,88.20312339281921,-97.59599145666537,70.0,-113.5,24.172115939666156
20260808_162715,15.0,3,BR,Affine,LOOWeightedGated,0.5482763203766937,0.4517236796233063,8.741895998100928,15.347893691782529,1,88.20312339281921,-97.59599145666537,70.0,-113.5,24.172115939666156
20260808_162715,15.0,3,BR,Homography,ihawk1,,,17.767177479416805,,1,86.3625608180645,-101.9766944329255,70.0,-113.5,20.01299497119383
20260808_162715,15.0,3,BR,Homography,ihawk2,,,17.767177479416805,,1,91.25236564076641,-119.05774839282437,70.0,-113.5,21.967057438964616
20260808_162715,15.0,3,BR,Homography,EqualFusion,0.1860772569073205,0.8139227430926795,17.767177479416805,,1,88.80746322941545,-110.51722141287493,70.0,-113.5,19.042521923989636
20260808_162715,15.0,3,BR,Homography,LOOWeightedFusion,0.1860772569073205,0.8139227430926795,17.767177479416805,,1,90.34248417254585,-115.87935272688047,70.0,-113.5,20.481161629878127
20260808_162715,15.0,3,BR,Homography,LOOWeightedGated,0.1860772569073205,0.8139227430926795,17.767177479416805,0.4995099461069983,0,,,70.0,-113.5,
20260808_162715,15.0,3,BR,PnP,ihawk1,,,2.3180952154978582,,1,72.41401984304312,-115.03229146851308,70.0,-113.5,2.8592672045620193
20260808_162715,15.0,3,BR,PnP,ihawk2,,,2.3180952154978582,,1,74.47121597112462,-116.10070595677152,70.0,-113.5,5.172566455254756
20260808_162715,15.0,3,BR,PnP,EqualFusion,0.14897250620847505,0.851027493791525,2.3180952154978582,,1,73.44261790708387,-115.5664987126423,70.0,-113.5,4.015225396354085
20260808_162715,15.0,3,BR,PnP,LOOWeightedFusion,0.14897250620847505,0.851027493791525,2.3180952154978582,,1,74.16475030816196,-115.94154157278622,70.0,-113.5,4.827656820961751
20260808_162715,15.0,3,BR,PnP,LOOWeightedGated,0.14897250620847505,0.851027493791525,2.3180952154978582,13.870431873632965,1,74.16475030816196,-115.94154157278622,70.0,-113.5,4.827656820961751
20260808_162715,15.0,4,C,Affine,ihawk1,,,28.27419648676762,,1,16.300252926668897,26.314798909307797,0.0,0.0,30.95427090258604
20260808_162715,15.0,4,C,Affine,ihawk2,,,28.27419648676762,,1,24.673616888104675,-0.6910701369138224,0.0,0.0,24.68329289772939
20260808_162715,15.0,4,C,Affine,EqualFusion,0.5482763203766937,0.4517236796233063,28.27419648676762,,1,20.486934907386786,12.811864386196987,0.0,0.0,24.163161443606793
20260808_162715,15.0,4,C,Affine,LOOWeightedFusion,0.5482763203766937,0.4517236796233063,28.27419648676762,,1,20.082699706153853,14.115608372323418,0.0,0.0,24.5472040609182
20260808_162715,15.0,4,C,Affine,LOOWeightedGated,0.5482763203766937,0.4517236796233063,28.27419648676762,15.347893691782529,0,,,0.0,0.0,
20260808_162715,15.0,4,C,Homography,ihawk1,,,17.242465835941683,,1,14.392791273137535,16.174446209594105,0.0,0.0,21.650984984964474
20260808_162715,15.0,4,C,Homography,ihawk2,,,17.242465835941683,,1,18.81529923948353,-0.4912086347623657,0.0,0.0,18.821710108121806
20260808_162715,15.0,4,C,Homography,EqualFusion,0.1860772569073205,0.8139227430926795,17.242465835941683,,1,16.60404525631053,7.84161878741587,0.0,0.0,18.36260613531646
20260808_162715,15.0,4,C,Homography,LOOWeightedFusion,0.1860772569073205,0.8139227430926795,17.242465835941683,,1,17.992371088455094,2.609890703239684,0.0,0.0,18.180675093833333
20260808_162715,15.0,4,C,Homography,LOOWeightedGated,0.1860772569073205,0.8139227430926795,17.242465835941683,0.4995099461069983,0,,,0.0,0.0,
20260808_162715,15.0,4,C,PnP,ihawk1,,,7.16689012743724,,1,7.604161656308972,6.21783000572608,0.0,0.0,9.82266178158381
20260808_162715,15.0,4,C,PnP,ihawk2,,,7.16689012743724,,1,6.536531479845841,-0.8690931563423978,0.0,0.0,6.594055406304746
20260808_162715,15.0,4,C,PnP,EqualFusion,0.14897250620847505,0.851027493791525,7.16689012743724,,1,7.070346568077406,2.674368424691841,0.0,0.0,7.559235878295682
20260808_162715,15.0,4,C,PnP,LOOWeightedFusion,0.14897250620847505,0.851027493791525,7.16689012743724,,1,6.69557902293735,0.18666354841783406,0.0,0.0,6.6981804792575295
20260808_162715,15.0,4,C,PnP,LOOWeightedGated,0.14897250620847505,0.851027493791525,7.16689012743724,13.870431873632965,1,6.69557902293735,0.18666354841783406,0.0,0.0,6.6981804792575295
20260808_162715,20.0,0,TL,Affine,ihawk1,,,10.969384407667498,,1,-45.807013432509756,139.99284303608636,-70.0,113.5,35.87717005547501
20260808_162715,20.0,0,TL,Affine,ihawk2,,,10.969384407667498,,1,-44.67231452636713,129.08230442996899,-70.0,113.5,29.73717980574998
20260808_162715,20.0,0,TL,Affine,EqualFusion,0.5482763203766937,0.4517236796233063,10.969384407667498,,1,-45.23966397943845,134.53757373302767,-70.0,113.5,32.490825603910004
20260808_162715,20.0,0,TL,Affine,LOOWeightedFusion,0.5482763203766937,0.4517236796233063,10.969384407667498,,1,-45.294443067362465,135.06429439025888,-70.0,113.5,32.7930379181549
20260808_162715,20.0,0,TL,Affine,LOOWeightedGated,0.5482763203766937,0.4517236796233063,10.969384407667498,15.347893691782529,1,-45.294443067362465,135.06429439025888,-70.0,113.5,32.7930379181549
20260808_162715,20.0,0,TL,Homography,ihawk1,,,24.83485525058157,,1,-54.6776057038558,145.68867193980557,-70.0,113.5,35.64949323924449
20260808_162715,20.0,0,TL,Homography,ihawk2,,,24.83485525058157,,1,-47.94222425363652,121.78459964997636,-70.0,113.5,23.562259277014363
20260808_162715,20.0,0,TL,Homography,EqualFusion,0.1860772569073205,0.8139227430926795,24.83485525058157,,1,-51.30991497874616,133.73663579489096,-70.0,113.5,27.547063480464832
20260808_162715,20.0,0,TL,Homography,LOOWeightedFusion,0.1860772569073205,0.8139227430926795,24.83485525058157,,1,-49.19552555811777,126.23260385058208,-70.0,113.5,24.391501749969976
20260808_162715,20.0,0,TL,Homography,LOOWeightedGated,0.1860772569073205,0.8139227430926795,24.83485525058157,0.4995099461069983,0,,,-70.0,113.5,
20260808_162715,20.0,0,TL,PnP,ihawk1,,,4.307667314503205,,1,-65.27636412171505,118.5841480943768,-70.0,113.5,6.939834130307157
20260808_162715,20.0,0,TL,PnP,ihawk2,,,4.307667314503205,,1,-61.99252250555661,115.79624889741412,-70.0,113.5,8.330213371990718
20260808_162715,20.0,0,TL,PnP,EqualFusion,0.14897250620847505,0.851027493791525,4.307667314503205,,1,-63.63444331363583,117.19019849589546,-70.0,113.5,7.357844580203141
20260808_162715,20.0,0,TL,PnP,LOOWeightedFusion,0.14897250620847505,0.851027493791525,4.307667314503205,,1,-62.48172462110742,116.21156922784223,-70.0,113.5,7.992313329083347
20260808_162715,20.0,0,TL,PnP,LOOWeightedGated,0.14897250620847505,0.851027493791525,4.307667314503205,13.870431873632965,1,-62.48172462110742,116.21156922784223,-70.0,113.5,7.992313329083347
20260808_162715,20.0,1,TR,Affine,ihawk1,,,27.575601644739265,,1,74.56708431902004,121.11915863710487,70.0,113.5,8.8831209332311
20260808_162715,20.0,1,TR,Affine,ihawk2,,,27.575601644739265,,1,90.9405512979049,98.93079715724986,70.0,113.5,25.510161899395808
20260808_162715,20.0,1,TR,Affine,EqualFusion,0.5482763203766937,0.4517236796233063,27.575601644739265,,1,82.75381780846247,110.02497789717737,70.0,113.5,13.218761186531827
20260808_162715,20.0,1,TR,Affine,LOOWeightedFusion,0.5482763203766937,0.4517236796233063,27.575601644739265,,1,81.96336707091261,111.09615034461274,70.0,113.5,12.202485191103559
20260808_162715,20.0,1,TR,Affine,LOOWeightedGated,0.5482763203766937,0.4517236796233063,27.575601644739265,15.347893691782529,0,,,70.0,113.5,
20260808_162715,20.0,1,TR,Homography,ihawk1,,,24.147617862576297,,1,93.84324694954846,142.691105342611,70.0,113.5,37.69112702242484
20260808_162715,20.0,1,TR,Homography,ihawk2,,,24.147617862576297,,1,100.25050763915141,119.40904231347884,70.0,113.5,30.822232130214726
20260808_162715,20.0,1,TR,Homography,EqualFusion,0.1860772569073205,0.8139227430926795,24.147617862576297,,1,97.04687729434994,131.0500738280449,70.0,113.5,32.24187746930146
20260808_162715,20.0,1,TR,Homography,LOOWeightedFusion,0.1860772569073205,0.8139227430926795,24.147617862576297,,1,99.05826214573999,123.74130473708308,70.0,113.5,30.81017561858981
20260808_162715,20.0,1,TR,Homography,LOOWeightedGated,0.1860772569073205,0.8139227430926795,24.147617862576297,0.4995099461069983,0,,,70.0,113.5,
20260808_162715,20.0,1,TR,PnP,ihawk1,,,16.911696055984283,,1,83.78898804020096,127.62250856849646,70.0,113.5,19.737817494344736
20260808_162715,20.0,1,TR,PnP,ihawk2,,,16.911696055984283,,1,75.63524695200208,112.8062347536464,70.0,113.5,5.677791685778617
20260808_162715,20.0,1,TR,PnP,EqualFusion,0.14897250620847505,0.851027493791525,16.911696055984283,,1,79.71211749610151,120.21437166107143,70.0,113.5,11.8071170512145
20260808_162715,20.0,1,TR,PnP,LOOWeightedFusion,0.14897250620847505,0.851027493791525,16.911696055984283,,1,76.84993019688608,115.01345219651562,70.0,113.5,7.0151323047644425
20260808_162715,20.0,1,TR,PnP,LOOWeightedGated,0.14897250620847505,0.851027493791525,16.911696055984283,13.870431873632965,0,,,70.0,113.5,
20260808_162715,20.0,2,BL,Affine,ihawk1,,,34.24719566529502,,1,-61.62348280712339,-94.72939563972852,-70.0,-113.5,20.554844400588394
20260808_162715,20.0,2,BL,Affine,ihawk2,,,34.24719566529502,,1,-48.87579433439976,-126.51566389410829,-70.0,-113.5,24.812085192642947
20260808_162715,20.0,2,BL,Affine,EqualFusion,0.5482763203766937,0.4517236796233063,34.24719566529502,,1,-55.249638570761576,-110.6225297669184,-70.0,-113.5,15.028406343835504
20260808_162715,20.0,2,BL,Affine,LOOWeightedFusion,0.5482763203766937,0.4517236796233063,34.24719566529502,,1,-55.86505006353306,-109.08800569709044,-70.0,-113.5,14.8075150999529
20260808_162715,20.0,2,BL,Affine,LOOWeightedGated,0.5482763203766937,0.4517236796233063,34.24719566529502,15.347893691782529,0,,,-70.0,-113.5,
20260808_162715,20.0,2,BL,Homography,ihawk1,,,25.018382036563715,,1,-58.14770659677704,-94.5006533670964,-70.0,-113.5,22.393124645598427
20260808_162715,20.0,2,BL,Homography,ihawk2,,,25.018382036563715,,1,-51.68817578475669,-118.67075683017686,-70.0,-113.5,19.02786462761368
20260808_162715,20.0,2,BL,Homography,EqualFusion,0.1860772569073205,0.8139227430926795,25.018382036563715,,1,-54.91794119076687,-106.58570509863662,-70.0,-113.5,16.591442731365657
20260808_162715,20.0,2,BL,Homography,LOOWeightedFusion,0.1860772569073205,0.8139227430926795,25.018382036563715,,1,-52.89014755916575,-114.17325027860072,-70.0,-113.5,17.12309307586564
20260808_162715,20.0,2,BL,Homography,LOOWeightedGated,0.1860772569073205,0.8139227430926795,25.018382036563715,0.4995099461069983,0,,,-70.0,-113.5,
20260808_162715,20.0,2,BL,PnP,ihawk1,,,3.4798686028439687,,1,-68.96128235454412,-110.51303926256593,-70.0,-113.5,3.162415025570507
20260808_162715,20.0,2,BL,PnP,ihawk2,,,3.4798686028439687,,1,-68.37577971851587,-113.94329758465527,-70.0,-113.5,1.6836283055786316
20260808_162715,20.0,2,BL,PnP,EqualFusion,0.14897250620847505,0.851027493791525,3.4798686028439687,,1,-68.66853103653,-112.2281684236106,-70.0,-113.5,1.8412944249589833
20260808_162715,20.0,2,BL,PnP,LOOWeightedFusion,0.14897250620847505,0.851027493791525,3.4798686028439687,,1,-68.46300351359668,-113.43228340547115,-70.0,-113.5,1.5384874833389937
20260808_162715,20.0,2,BL,PnP,LOOWeightedGated,0.14897250620847505,0.851027493791525,3.4798686028439687,13.870431873632965,1,-68.46300351359668,-113.43228340547115,-70.0,-113.5,1.5384874833389937
20260808_162715,20.0,3,BR,Affine,ihawk1,,,12.192368274174235,,1,94.16203785178519,-90.26882064385507,70.0,-113.5,33.51852871813551
20260808_162715,20.0,3,BR,Affine,ihawk2,,,12.192368274174235,,1,87.49573030457697,-100.47735569150638,70.0,-113.5,21.81031507512063
20260808_162715,20.0,3,BR,Affine,EqualFusion,0.5482763203766937,0.4517236796233063,12.192368274174235,,1,90.82888407818108,-95.37308816768072,70.0,-113.5,27.61208692799191
20260808_162715,20.0,3,BR,Affine,LOOWeightedFusion,0.5482763203766937,0.4517236796233063,12.192368274174235,,1,91.15070887705967,-94.88025765914361,70.0,-113.5,28.17884473930773
20260808_162715,20.0,3,BR,Affine,LOOWeightedGated,0.5482763203766937,0.4517236796233063,12.192368274174235,15.347893691782529,1,91.15070887705967,-94.88025765914361,70.0,-113.5,28.17884473930773
20260808_162715,20.0,3,BR,Homography,ihawk1,,,24.677664591948304,,1,89.56113447860298,-97.182968333387,70.0,-113.5,25.473191878899705
20260808_162715,20.0,3,BR,Homography,ihawk2,,,24.677664591948304,,1,96.24589602657326,-120.93799080779179,70.0,-113.5,27.279493497762918
20260808_162715,20.0,3,BR,Homography,EqualFusion,0.1860772569073205,0.8139227430926795,24.677664591948304,,1,92.90351525258812,-109.0604795705894,70.0,-113.5,23.329816813869133
20260808_162715,20.0,3,BR,Homography,LOOWeightedFusion,0.1860772569073205,0.8139227430926795,24.677664591948304,,1,95.00201393464742,-116.51772138798279,70.0,-113.5,25.183473611950213
20260808_162715,20.0,3,BR,Homography,LOOWeightedGated,0.1860772569073205,0.8139227430926795,24.677664591948304,0.4995099461069983,0,,,70.0,-113.5,
20260808_162715,20.0,3,BR,PnP,ihawk1,,,5.5569848878536305,,1,74.42520325258079,-111.38476976930238,70.0,-113.5,4.904755116772771
20260808_162715,20.0,3,BR,PnP,ihawk2,,,5.5569848878536305,,1,74.50765198125274,-116.9411429794975,70.0,-113.5,5.671013259501042
20260808_162715,20.0,3,BR,PnP,EqualFusion,0.14897250620847505,0.851027493791525,5.5569848878536305,,1,74.46642761691676,-114.16295637439994,70.0,-113.5,4.515361204988395
20260808_162715,20.0,3,BR,PnP,LOOWeightedFusion,0.14897250620847505,0.851027493791525,5.5569848878536305,,1,74.49536938750877,-116.11339613694511,70.0,-113.5,5.199825506567566
20260808_162715,20.0,3,BR,PnP,LOOWeightedGated,0.14897250620847505,0.851027493791525,5.5569848878536305,13.870431873632965,1,74.49536938750877,-116.11339613694511,70.0,-113.5,5.199825506567566
20260808_162715,20.0,4,C,Affine,ihawk1,,,34.07009315499453,,1,18.43115887644192,32.35702994849828,0.0,0.0,37.23821967571299
20260808_162715,20.0,4,C,Affine,ihawk2,,,34.07009315499453,,1,28.66838823811429,-0.13866796040218787,0.0,0.0,28.668723602115456
20260808_162715,20.0,4,C,Affine,EqualFusion,0.5482763203766937,0.4517236796233063,34.07009315499453,,1,23.549773557278105,16.109180994048046,0.0,0.0,28.53239469266598
20260808_162715,20.0,4,C,Affine,LOOWeightedFusion,0.5482763203766937,0.4517236796233063,34.07009315499453,,1,23.05555779284431,17.67795371716238,0.0,0.0,29.0528620408613
20260808_162715,20.0,4,C,Affine,LOOWeightedGated,0.5482763203766937,0.4517236796233063,34.07009315499453,15.347893691782529,0,,,0.0,0.0,
20260808_162715,20.0,4,C,Homography,ihawk1,,,23.619189473499702,,1,16.91956974093278,22.862527414126447,0.0,0.0,28.442345191280754
20260808_162715,20.0,4,C,Homography,ihawk2,,,23.619189473499702,,1,23.18379825216138,0.08917560671369185,0.0,0.0,23.183969756833143
20260808_162715,20.0,4,C,Homography,EqualFusion,0.1860772569073205,0.8139227430926795,23.619189473499702,,1,20.05168399654708,11.47585151042007,0.0,0.0,23.103359041199894
20260808_162715,20.0,4,C,Homography,LOOWeightedFusion,0.1860772569073205,0.8139227430926795,23.619189473499702,,1,22.018167794151335,4.326778441622427,0.0,0.0,22.439267472319404
20260808_162715,20.0,4,C,Homography,LOOWeightedGated,0.1860772569073205,0.8139227430926795,23.619189473499702,0.4995099461069983,0,,,0.0,0.0,
20260808_162715,20.0,4,C,PnP,ihawk1,,,6.646577413211805,,1,5.473729873043343,5.7563580249473185,0.0,0.0,7.943385703490828
20260808_162715,20.0,4,C,PnP,ihawk2,,,6.646577413211805,,1,3.7761951436469876,-0.6697891218514987,0.0,0.0,3.835135881641444
20260808_162715,20.0,4,C,PnP,EqualFusion,0.14897250620847505,0.851027493791525,6.646577413211805,,1,4.624962508345165,2.54328445154791,0.0,0.0,5.278122204447691
20260808_162715,20.0,4,C,PnP,LOOWeightedFusion,0.14897250620847505,0.851027493791525,6.646577413211805,,1,4.029081146661088,0.2875301238715622,0.0,0.0,4.0393277235838925
20260808_162715,20.0,4,C,PnP,LOOWeightedGated,0.14897250620847505,0.851027493791525,6.646577413211805,13.870431873632965,1,4.029081146661088,0.2875301238715622,0.0,0.0,4.0393277235838925
20260808_162715,25.0,0,TL,Affine,ihawk1,,,16.697880403661724,,1,-43.31593283009729,146.09960894822234,-70.0,113.5,42.12806599293276
20260808_162715,25.0,0,TL,Affine,ihawk2,,,16.697880403661724,,1,-39.461442577426055,129.8526980151541,-70.0,113.5,34.64122142515576
20260808_162715,25.0,0,TL,Affine,EqualFusion,0.5482763203766937,0.4517236796233063,16.697880403661724,,1,-41.388687703761676,137.97615348168821,-70.0,113.5,37.65221481628984
20260808_162715,25.0,0,TL,Affine,LOOWeightedFusion,0.5482763203766937,0.4517236796233063,16.697880403661724,,1,-41.57476831008847,138.76049455902464,-70.0,113.5,38.027442485548036
20260808_162715,25.0,0,TL,Affine,LOOWeightedGated,0.5482763203766937,0.4517236796233063,16.697880403661724,15.347893691782529,0,,,-70.0,113.5,
20260808_162715,25.0,0,TL,Homography,ihawk1,,,32.127337665876006,,1,-52.22605861501231,154.44513408690605,-70.0,113.5,44.6364984934044
20260808_162715,25.0,0,TL,Homography,ihawk2,,,32.127337665876006,,1,-43.45973491020652,123.53692491523492,-70.0,113.5,28.374734056737413
20260808_162715,25.0,0,TL,Homography,EqualFusion,0.1860772569073205,0.8139227430926795,32.127337665876006,,1,-47.84289676260941,138.9910295010705,-70.0,113.5,33.77469184014609
20260808_162715,25.0,0,TL,Homography,LOOWeightedFusion,0.1860772569073205,0.8139227430926795,32.127337665876006,,1,-45.090948378358405,129.28823969381716,-70.0,113.5,29.491174363172274
20260808_162715,25.0,0,TL,Homography,LOOWeightedGated,0.1860772569073205,0.8139227430926795,32.127337665876006,0.4995099461069983,0,,,-70.0,113.5,
20260808_162715,25.0,0,TL,PnP,ihawk1,,,3.7072527814221234,,1,-67.05503691490954,116.4410474211154,-70.0,113.5,4.162038864041888
20260808_162715,25.0,0,TL,PnP,ihawk2,,,3.7072527814221234,,1,-63.64376142147127,114.98952315565182,-70.0,113.5,6.528433816651581
20260808_162715,25.0,0,TL,PnP,EqualFusion,0.14897250620847505,0.851027493791525,3.7072527814221234,,1,-65.3493991681904,115.71528528838361,-70.0,113.5,5.151269455751367
20260808_162715,25.0,0,TL,PnP,LOOWeightedFusion,0.14897250620847505,0.851027493791525,3.7072527814221234,,1,-64.15194768109632,115.20576036330036,-70.0,113.5,6.09174312833702
20260808_162715,25.0,0,TL,PnP,LOOWeightedGated,0.14897250620847505,0.851027493791525,3.7072527814221234,13.870431873632965,1,-64.15194768109632,115.20576036330036,-70.0,113.5,6.09174312833702
20260808_162715,25.0,1,TR,Affine,ihawk1,,,32.747894352683936,,1,77.04984168807087,127.37831644919709,70.0,113.5,15.566243454697616
20260808_162715,25.0,1,TR,Affine,ihawk2,,,32.747894352683936,,1,95.79833991648223,100.52839282335032,70.0,113.5,28.87588847449841
20260808_162715,25.0,1,TR,Affine,EqualFusion,0.5482763203766937,0.4517236796233063,32.747894352683936,,1,86.42409080227655,113.9533546362737,70.0,113.5,16.43034659122126
20260808_162715,25.0,1,TR,Affine,LOOWeightedFusion,0.5482763203766937,0.4517236796233063,32.747894352683936,,1,85.51898229521989,115.24957015132483,70.0,113.5,15.61729192894066
20260808_162715,25.0,1,TR,Affine,LOOWeightedGated,0.5482763203766937,0.4517236796233063,32.747894352683936,15.347893691782529,0,,,70.0,113.5,
20260808_162715,25.0,1,TR,Homography,ihawk1,,,31.277252274285708,,1,98.30493561694354,152.5613293423143,70.0,113.5,48.238540921840325
20260808_162715,25.0,1,TR,Homography,ihawk2,,,31.277252274285708,,1,107.11048937181506,122.54918625156888,70.0,113.5,38.197855872171445
20260808_162715,25.0,1,TR,Homography,EqualFusion,0.1860772569073205,0.8139227430926795,31.277252274285708,,1,102.70771249437931,137.5552577969416,70.0,113.5,40.60110693432256
20260808_162715,25.0,1,TR,Homography,LOOWeightedFusion,0.1860772569073205,0.8139227430926795,31.277252274285708,,1,105.47197608355862,128.1337635118048,70.0,113.5,38.37197052266125
20260808_162715,25.0,1,TR,Homography,LOOWeightedGated,0.1860772569073205,0.8139227430926795,31.277252274285708,0.4995099461069983,0,,,70.0,113.5,
20260808_162715,25.0,1,TR,PnP,ihawk1,,,12.693722101980331,,1,80.12714158766867,124.95604252425093,70.0,113.5,15.290516899507814
20260808_162715,25.0,1,TR,PnP,ihawk2,,,12.693722101980331,,1,74.4980371907873,113.57870696220853,70.0,113.5,4.498725747987513
20260808_162715,25.0,1,TR,PnP,EqualFusion,0.14897250620847505,0.851027493791525,12.693722101980331,,1,77.31258938922798,119.26737474322974,70.0,113.5,9.313247285683653
20260808_162715,25.0,1,TR,PnP,LOOWeightedFusion,0.14897250620847505,0.851027493791525,12.693722101980331,,1,75.33661898049986,115.2736171548608,70.0,113.5,5.623630495956142
20260808_162715,25.0,1,TR,PnP,LOOWeightedGated,0.14897250620847505,0.851027493791525,12.693722101980331,13.870431873632965,1,75.33661898049986,115.2736171548608,70.0,113.5,5.623630495956142
20260808_162715,25.0,2,BL,Affine,ihawk1,,,41.99458870621623,,1,-55.64159682723626,-88.1666600222751,-70.0,-113.5,29.119441205123195
20260808_162715,25.0,2,BL,Affine,ihawk2,,,41.99458870621623,,1,-40.81562617985969,-127.45706692990831,-70.0,-113.5,32.3500756190713
20260808_162715,25.0,2,BL,Affine,EqualFusion,0.5482763203766937,0.4517236796233063,41.99458870621623,,1,-48.22861150354798,-107.8118634760917,-70.0,-113.5,22.502183320248346
20260808_162715,25.0,2,BL,Affine,LOOWeightedFusion,0.5482763203766937,0.4517236796233063,41.99458870621623,,1,-48.94435481241619,-105.91506720448814,-70.0,-113.5,22.380156384124145
20260808_162715,25.0,2,BL,Affine,LOOWeightedGated,0.5482763203766937,0.4517236796233063,41.99458870621623,15.347893691782529,0,,,-70.0,-113.5,
20260808_162715,25.0,2,BL,Homography,ihawk1,,,32.72341328566907,,1,-53.39656142961084,-89.58145629613841,-70.0,-113.5,29.1165057188225
20260808_162715,25.0,2,BL,Homography,ihawk2,,,32.72341328566907,,1,-44.77428310454335,-121.1484975504241,-70.0,-113.5,26.359747868076628
20260808_162715,25.0,2,BL,Homography,EqualFusion,0.1860772569073205,0.8139227430926795,32.72341328566907,,1,-49.08542226707709,-105.36497692328126,-70.0,-113.5,22.440992897044932
20260808_162715,25.0,2,BL,Homography,LOOWeightedFusion,0.1860772569073205,0.8139227430926795,32.72341328566907,,1,-46.378693003563356,-115.2745891051464,-70.0,-113.5,23.687872650620424
20260808_162715,25.0,2,BL,Homography,LOOWeightedGated,0.1860772569073205,0.8139227430926795,32.72341328566907,0.4995099461069983,0,,,-70.0,-113.5,
20260808_162715,25.0,2,BL,PnP,ihawk1,,,4.111629503547277,,1,-67.77706915284699,-110.82270974983658,-70.0,-113.5,3.4798426163900746
20260808_162715,25.0,2,BL,PnP,ihawk2,,,4.111629503547277,,1,-66.89800383604975,-114.83926814518509,-70.0,-113.5,3.3787600337800776
20260808_162715,25.0,2,BL,PnP,EqualFusion,0.14897250620847505,0.851027493791525,4.111629503547277,,1,-67.33753649444837,-112.83098894751083,-70.0,-113.5,2.7452299915939515
20260808_162715,25.0,2,BL,PnP,LOOWeightedFusion,0.14897250620847505,0.851027493791525,4.111629503547277,,1,-67.02896039941399,-114.24091137469733,-70.0,-113.5,3.0620297146510795
20260808_162715,25.0,2,BL,PnP,LOOWeightedGated,0.14897250620847505,0.851027493791525,4.111629503547277,13.870431873632965,1,-67.02896039941399,-114.24091137469733,-70.0,-113.5,3.0620297146510795
20260808_162715,25.0,3,BR,Affine,ihawk1,,,19.414856945699754,,1,99.7660845547268,-81.22192825029572,70.0,-113.5,43.907786389183904
20260808_162715,25.0,3,BR,Affine,ihawk2,,,19.414856945699754,,1,94.19158449985207,-99.81928342139969,70.0,-113.5,27.79199105349367
20260808_162715,25.0,3,BR,Affine,EqualFusion,0.5482763203766937,0.4517236796233063,19.414856945699754,,1,96.97883452728944,-90.5206058358477,70.0,-113.5,35.43882149003182
20260808_162715,25.0,3,BR,Affine,LOOWeightedFusion,0.5482763203766937,0.4517236796233063,19.414856945699754,,1,97.24795087787847,-89.62279395944833,70.0,-113.5,36.22943272183868
20260808_162715,25.0,3,BR,Affine,LOOWeightedGated,0.5482763203766937,0.4517236796233063,19.414856945699754,15.347893691782529,0,,,70.0,-113.5,
20260808_162715,25.0,3,BR,Homography,ihawk1,,,33.68628336725814,,1,96.73688867673592,-89.36662079260792,70.0,-113.5,36.01779016097397
20260808_162715,25.0,3,BR,Homography,ihawk2,,,33.68628336725814,,1,105.68332955195598,-121.84317976620308,70.0,-113.5,36.64571811992058
20260808_162715,25.0,3,BR,Homography,EqualFusion,0.1860772569073205,0.8139227430926795,33.68628336725814,,1,101.21010911434595,-105.6049002794055,70.0,-113.5,32.193221499680824
20260808_162715,25.0,3,BR,Homography,LOOWeightedFusion,0.1860772569073205,0.8139227430926795,33.68628336725814,,1,104.01860037481151,-115.80003075860768,70.0,-113.5,34.096265381294586
20260808_162715,25.0,3,BR,Homography,LOOWeightedGated,0.1860772569073205,0.8139227430926795,33.68628336725814,0.4995099461069983,0,,,70.0,-113.5,
20260808_162715,25.0,3,BR,PnP,ihawk1,,,10.50461284306461,,1,78.41649505700693,-106.50090963367211,70.0,-113.5,10.946444856694155
20260808_162715,25.0,3,BR,PnP,ihawk2,,,10.50461284306461,,1,73.46346500366256,-115.76451499407825,70.0,-113.5,4.138069355387915
20260808_162715,25.0,3,BR,PnP,EqualFusion,0.14897250620847505,0.851027493791525,10.50461284306461,,1,75.93998003033474,-111.13271231387517,70.0,-113.5,6.394326684620805
20260808_162715,25.0,3,BR,PnP,LOOWeightedFusion,0.14897250620847505,0.851027493791525,10.50461284306461,,1,74.20133030403517,-114.3844924870123,70.0,-113.5,4.293425588406701
20260808_162715,25.0,3,BR,PnP,LOOWeightedGated,0.14897250620847505,0.851027493791525,10.50461284306461,13.870431873632965,1,74.20133030403517,-114.3844924870123,70.0,-113.5,4.293425588406701
20260808_162715,25.0,4,C,Affine,ihawk1,,,40.719112059738194,,1,22.600376392838633,38.995315608432065,0.0,0.0,45.07118428108144
20260808_162715,25.0,4,C,Affine,ihawk2,,,40.719112059738194,,1,34.799916214738005,0.14666936345452086,0.0,0.0,34.800225293163855
20260808_162715,25.0,4,C,Affine,EqualFusion,0.5482763203766937,0.4517236796233063,40.719112059738194,,1,28.70014630378832,19.570992485943293,0.0,0.0,34.73790645309103
20260808_162715,25.0,4,C,Affine,LOOWeightedFusion,0.5482763203766937,0.4517236796233063,40.719112059738194,,1,28.111197410898072,21.44646217826667,0.0,0.0,35.35802822328057
20260808_162715,25.0,4,C,Affine,LOOWeightedGated,0.5482763203766937,0.4517236796233063,40.719112059738194,15.347893691782529,0,,,0.0,0.0,
20260808_162715,25.0,4,C,Homography,ihawk1,,,31.201665535536954,,1,21.78015491725305,30.482443370278027,0.0,0.0,37.464042788275655
20260808_162715,25.0,4,C,Homography,ihawk2,,,31.201665535536954,,1,30.015738735382985,0.3872761275782276,0.0,0.0,30.01823703400589
20260808_162715,25.0,4,C,Homography,EqualFusion,0.1860772569073205,0.8139227430926795,31.201665535536954,,1,25.89794682631802,15.434859748928128,0.0,0.0,30.14860768406855
20260808_162715,25.0,4,C,Homography,LOOWeightedFusion,0.1860772569073205,0.8139227430926795,31.201665535536954,,1,28.48328388947505,5.987302294266854,0.0,0.0,29.105759737401844
20260808_162715,25.0,4,C,Homography,LOOWeightedGated,0.1860772569073205,0.8139227430926795,31.201665535536954,0.4995099461069983,0,,,0.0,0.0,
20260808_162715,25.0,4,C,PnP,ihawk1,,,6.917352690175269,,1,5.518519316152563,6.0471698145691715,0.0,0.0,8.186715959955219
20260808_162715,25.0,4,C,PnP,ihawk2,,,6.917352690175269,,1,4.0182972564091255,-0.7055409012644482,0.0,0.0,4.079767248780518
20260808_162715,25.0,4,C,PnP,EqualFusion,0.14897250620847505,0.851027493791525,6.917352690175269,,1,4.768408286280844,2.6708144566523617,0.0,0.0,5.465433875415114
20260808_162715,25.0,4,C,PnP,LOOWeightedFusion,0.14897250620847505,0.851027493791525,6.917352690175269,,1,4.241789096518346,0.3004273377741117,0.0,0.0,4.252414763945771
20260808_162715,25.0,4,C,PnP,LOOWeightedGated,0.14897250620847505,0.851027493791525,6.917352690175269,13.870431873632965,1,4.241789096518346,0.3004273377741117,0.0,0.0,4.252414763945771
20260808_162715,30.0,0,TL,Affine,ihawk1,,,21.769551959332638,,1,-41.01082122094382,150.7251986102575,-70.0,113.5,47.18143594526558
20260808_162715,30.0,0,TL,Affine,ihawk2,,,21.769551959332638,,1,-34.891978929741526,129.83325850107957,-70.0,113.5,38.72142141932294
20260808_162715,30.0,0,TL,Affine,EqualFusion,0.5482763203766937,0.4517236796233063,21.769551959332638,,1,-37.951400075342676,140.27922855566854,-70.0,113.5,41.76409749015868
20260808_162715,30.0,0,TL,Affine,LOOWeightedFusion,0.5482763203766937,0.4517236796233063,21.769551959332638,,1,-38.246795266127215,141.28781454966992,-70.0,113.5,42.19512588342507
20260808_162715,30.0,0,TL,Affine,LOOWeightedGated,0.5482763203766937,0.4517236796233063,21.769551959332638,15.347893691782529,0,,,-70.0,113.5,
20260808_162715,30.0,0,TL,Homography,ihawk1,,,38.29038873382649,,1,-49.85969765016605,161.28888708581343,-70.0,113.5,51.85951704020538
20260808_162715,30.0,0,TL,Homography,ihawk2,,,38.29038873382649,,1,-39.46640631999014,124.43602607457528,-70.0,113.5,32.432961772242265
20260808_162715,30.0,0,TL,Homography,EqualFusion,0.1860772569073205,0.8139227430926795,38.29038873382649,,1,-44.6630519850781,142.86245658019436,-70.0,113.5,38.7829188062819
20260808_162715,30.0,0,TL,Homography,LOOWeightedFusion,0.1860772569073205,0.8139227430926795,38.29038873382649,,1,-41.400361460947906,131.29350536073323,-70.0,113.5,33.68305445749949
20260808_162715,30.0,0,TL,Homography,LOOWeightedGated,0.1860772569073205,0.8139227430926795,38.29038873382649,0.4995099461069983,0,,,-70.0,113.5,
20260808_162715,30.0,0,TL,PnP,ihawk1,,,4.112948590400876,,1,-67.15869339793184,116.93910452871077,-70.0,113.5,4.460993517856201
20260808_162715,30.0,0,TL,PnP,ihawk2,,,4.112948590400876,,1,-64.25272325176756,114.02848885210857,-70.0,113.5,5.771524104391859
20260808_162715,30.0,0,TL,PnP,EqualFusion,0.14897250620847505,0.851027493791525,4.112948590400876,,1,-65.7057083248497,115.48379669040966,-70.0,113.5,4.7303689391151655
20260808_162715,30.0,0,TL,PnP,LOOWeightedFusion,0.14897250620847505,0.851027493791525,4.112948590400876,,1,-64.68563290740866,114.46209056406168,-70.0,113.5,5.400751415152734
20260808_162715,30.0,0,TL,PnP,LOOWeightedGated,0.14897250620847505,0.851027493791525,4.112948590400876,13.870431873632965,1,-64.68563290740866,114.46209056406168,-70.0,113.5,5.400751415152734
20260808_162715,30.0,1,TR,Affine,ihawk1,,,36.93973712494368,,1,79.88078126652337,133.1461679490768,70.0,113.5,21.990947081019776
20260808_162715,30.0,1,TR,Affine,ihawk2,,,36.93973712494368,,1,100.35390804385833,102.39888743812571,70.0,113.5,32.320186163548165
20260808_162715,30.0,1,TR,Affine,EqualFusion,0.5482763203766937,0.4517236796233063,36.93973712494368,,1,90.11734465519085,117.77252769360126,70.0,113.5,20.56604115692482
20260808_162715,30.0,1,TR,Affine,LOOWeightedFusion,0.5482763203766937,0.4517236796233063,36.93973712494368,,1,89.12897742777555,119.25689325826,70.0,113.5,19.97647610113821
20260808_162715,30.0,1,TR,Affine,LOOWeightedGated,0.5482763203766937,0.4517236796233063,36.93973712494368,15.347893691782529,0,,,70.0,113.5,
20260808_162715,30.0,1,TR,Homography,ihawk1,,,37.45199271105082,,1,103.28769847284214,161.9927083725122,70.0,113.5,58.81848038601789
20260808_162715,30.0,1,TR,Homography,ihawk2,,,37.45199271105082,,1,113.66900028033335,126.00826269371393,70.0,113.5,45.425083611356285
20260808_162715,30.0,1,TR,Homography,EqualFusion,0.1860772569073205,0.8139227430926795,37.45199271105082,,1,108.47834937658774,144.00048553311308,70.0,113.5,49.100539594819026
20260808_162715,30.0,1,TR,Homography,LOOWeightedFusion,0.1860772569073205,0.8139227430926795,37.45199271105082,,1,111.73727611686839,132.7041496369552,70.0,113.5,45.94343893239033
20260808_162715,30.0,1,TR,Homography,LOOWeightedGated,0.1860772569073205,0.8139227430926795,37.45199271105082,0.4995099461069983,0,,,70.0,113.5,
20260808_162715,30.0,1,TR,PnP,ihawk1,,,14.765958993484725,,1,80.29407783673373,126.872919291468,70.0,113.5,16.876107634310987
20260808_162715,30.0,1,TR,PnP,ihawk2,,,14.765958993484725,,1,72.39113690763908,114.39986554875875,70.0,113.5,2.5548568877564697
20260808_162715,30.0,1,TR,PnP,EqualFusion,0.14897250620847505,0.851027493791525,14.765958993484725,,1,76.34260737218641,120.63639242011337,70.0,113.5,9.547605199816594
20260808_162715,30.0,1,TR,PnP,LOOWeightedFusion,0.14897250620847505,0.851027493791525,14.765958993484725,,1,73.56845782426385,116.25800762488316,70.0,113.5,4.510044046621221
20260808_162715,30.0,1,TR,PnP,LOOWeightedGated,0.14897250620847505,0.851027493791525,14.765958993484725,13.870431873632965,0,,,70.0,113.5,
20260808_162715,30.0,2,BL,Affine,ihawk1,,,47.18738942593868,,1,-48.390370693918804,-83.57966719254671,-70.0,-113.5,36.908026146828945
20260808_162715,30.0,2,BL,Affine,ihawk2,,,47.18738942593868,,1,-32.29754373959281,-127.93810090535163,-70.0,-113.5,40.37244067208512
20260808_162715,30.0,2,BL,Affine,EqualFusion,0.5482763203766937,0.4517236796233063,47.18738942593868,,1,-40.34395721675581,-105.75888404894917,-70.0,-113.5,30.64972674803518
20260808_162715,30.0,2,BL,Affine,LOOWeightedFusion,0.5482763203766937,0.4517236796233063,47.18738942593868,,1,-41.12085968656954,-103.61742209162146,-70.0,-113.5,30.523271308265368
20260808_162715,30.0,2,BL,Affine,LOOWeightedGated,0.5482763203766937,0.4517236796233063,47.18738942593868,15.347893691782529,0,,,-70.0,-113.5,
20260808_162715,30.0,2,BL,Homography,ihawk1,,,38.51575476360661,,1,-47.37511175492439,-86.1752544567334,-70.0,-113.5,35.47572814060944
20260808_162715,30.0,2,BL,Homography,ihawk2,,,38.51575476360661,,1,-37.266216122237914,-123.34074374582708,-70.0,-113.5,34.181001220371996
20260808_162715,30.0,2,BL,Homography,EqualFusion,0.1860772569073205,0.8139227430926795,38.51575476360661,,1,-42.32066393858115,-104.75799910128023,-70.0,-113.5,29.027025760731657
20260808_162715,30.0,2,BL,Homography,LOOWeightedFusion,0.1860772569073205,0.8139227430926795,38.51575476360661,,1,-39.147251691930606,-116.42509144729414,-70.0,-113.5,30.99109933732768
20260808_162715,30.0,2,BL,Homography,LOOWeightedGated,0.1860772569073205,0.8139227430926795,38.51575476360661,0.4995099461069983,0,,,-70.0,-113.5,
20260808_162715,30.0,2,BL,PnP,ihawk1,,,3.6069064212890365,,1,-64.95495183593631,-111.77205173523353,-70.0,-113.5,5.3327587779152195
20260808_162715,30.0,2,BL,PnP,ihawk2,,,3.6069064212890365,,1,-65.17091204962499,-115.37248714196417,-70.0,-113.5,5.1794110214655
20260808_162715,30.0,2,BL,PnP,EqualFusion,0.14897250620847505,0.851027493791525,3.6069064212890365,,1,-65.06293194278065,-113.57226943859885,-70.0,-113.5,4.937596973566294
20260808_162715,30.0,2,BL,PnP,LOOWeightedFusion,0.14897250620847505,0.851027493791525,3.6069064212890365,,1,-65.13873991535047,-114.8361212559818,-70.0,-113.5,5.04153445106677
20260808_162715,30.0,2,BL,PnP,LOOWeightedGated,0.14897250620847505,0.851027493791525,3.6069064212890365,13.870431873632965,1,-65.13873991535047,-114.8361212559818,-70.0,-113.5,5.04153445106677
20260808_162715,30.0,3,BR,Affine,ihawk1,,,23.0728055617552,,1,106.11897741875865,-75.99923570347573,70.0,-113.5,52.06618722933595
20260808_162715,30.0,3,BR,Affine,ihawk2,,,23.0728055617552,,1,100.74397153509256,-98.43723178693017,70.0,-113.5,34.23563599513303
20260808_162715,30.0,3,BR,Affine,EqualFusion,0.5482763203766937,0.4517236796233063,23.0728055617552,,1,103.4314744769256,-87.21823374520295,70.0,-113.5,42.525224551707154
20260808_162715,30.0,3,BR,Affine,LOOWeightedFusion,0.5482763203766937,0.4517236796233063,23.0728055617552,,1,103.69095998299207,-86.13500985766711,70.0,-113.5,43.40418724115853
20260808_162715,30.0,3,BR,Affine,LOOWeightedGated,0.5482763203766937,0.4517236796233063,23.0728055617552,15.347893691782529,0,,,70.0,-113.5,
20260808_162715,30.0,3,BR,Homography,ihawk1,,,38.50475122539677,,1,104.45243582710819,-84.85467587469233,70.0,-113.5,44.80541182340523
20260808_162715,30.0,3,BR,Homography,ihawk2,,,38.50475122539677,,1,115.17465746200001,-121.83642583520599,70.0,-113.5,45.93741038102739
20260808_162715,30.0,3,BR,Homography,EqualFusion,0.1860772569073205,0.8139227430926795,38.50475122539677,,1,109.8135466445541,-103.34555085494915,70.0,-113.5,41.08809236089586
20260808_162715,30.0,3,BR,Homography,LOOWeightedFusion,0.1860772569073205,0.8139227430926795,38.50475122539677,,1,113.17949587222702,-114.9549632469212,70.0,-113.5,43.204001919145895
20260808_162715,30.0,3,BR,Homography,LOOWeightedGated,0.1860772569073205,0.8139227430926795,38.50475122539677,0.4995099461069983,0,,,70.0,-113.5,
20260808_162715,30.0,3,BR,PnP,ihawk1,,,4.858729646143657,,1,77.33572713662036,-109.81393187382582,70.0,-113.5,8.20974974367341
20260808_162715,30.0,3,BR,PnP,ihawk2,,,4.858729646143657,,1,76.64479989848137,-114.62328456685145,70.0,-113.5,6.739075152347289
20260808_162715,30.0,3,BR,PnP,EqualFusion,0.14897250620847505,0.851027493791525,4.858729646143657,,1,76.99026351755086,-112.21860822033864,70.0,-113.5,7.106739684115791
20260808_162715,30.0,3,BR,PnP,LOOWeightedFusion,0.14897250620847505,0.851027493791525,4.858729646143657,,1,76.74772906075464,-113.90682324293095,70.0,-113.5,6.759981703254936
20260808_162715,30.0,3,BR,PnP,LOOWeightedGated,0.14897250620847505,0.851027493791525,4.858729646143657,13.870431873632965,1,76.74772906075464,-113.90682324293095,70.0,-113.5,6.759981703254936
20260808_162715,30.0,4,C,Affine,ihawk1,,,46.30450848189425,,1,27.22727474118532,44.81973171578932,0.0,0.0,52.44170898156656
20260808_162715,30.0,4,C,Affine,ihawk2,,,46.30450848189425,,1,41.456851482546995,0.7558388837719008,0.0,0.0,41.46374111514999
20260808_162715,30.0,4,C,Affine,EqualFusion,0.5482763203766937,0.4517236796233063,46.30450848189425,,1,34.34206311186615,22.78778529978061,0.0,0.0,41.21480871784188
20260808_162715,30.0,4,C,Affine,LOOWeightedFusion,0.5482763203766937,0.4517236796233063,46.30450848189425,,1,33.65511150627543,24.91502790718338,0.0,0.0,41.87391964117474
20260808_162715,30.0,4,C,Affine,LOOWeightedGated,0.5482763203766937,0.4517236796233063,46.30450848189425,15.347893691782529,0,,,0.0,0.0,
20260808_162715,30.0,4,C,Homography,ihawk1,,,37.79990797381638,,1,27.236362129901096,37.39545308682951,0.0,0.0,46.262720776456476
20260808_162715,30.0,4,C,Homography,ihawk2,,,37.79990797381638,,1,37.610895826442935,1.0471093362773376,0.0,0.0,37.62546907122437
20260808_162715,30.0,4,C,Homography,EqualFusion,0.1860772569073205,0.8139227430926795,37.79990797381638,,1,32.42362897817202,19.221281211553425,0.0,0.0,37.692829126078784
20260808_162715,30.0,4,C,Homography,LOOWeightedFusion,0.1860772569073205,0.8139227430926795,37.79990797381638,,1,35.680431054497866,7.810709434504432,0.0,0.0,36.525338357160116
20260808_162715,30.0,4,C,Homography,LOOWeightedGated,0.1860772569073205,0.8139227430926795,37.79990797381638,0.4995099461069983,0,,,0.0,0.0,
20260808_162715,30.0,4,C,PnP,ihawk1,,,8.021505270632897,,1,7.325526874823822,7.495943547209893,0.0,0.0,10.481054987773117
20260808_162715,30.0,4,C,PnP,ihawk2,,,8.021505270632897,,1,5.7470537013268785,-0.36872232282818834,0.0,0.0,5.7588698889006675
20260808_162715,30.0,4,C,PnP,EqualFusion,0.14897250620847505,0.851027493791525,8.021505270632897,,1,6.53629028807535,3.5636106121908524,0.0,0.0,7.444622980736325
20260808_162715,30.0,4,C,PnP,LOOWeightedFusion,0.14897250620847505,0.851027493791525,8.021505270632897,,1,5.982202805965564,0.8028966623236415,0.0,0.0,6.0358423987106145
20260808_162715,30.0,4,C,PnP,LOOWeightedGated,0.14897250620847505,0.851027493791525,8.021505270632897,13.870431873632965,1,5.982202805965564,0.8028966623236415,0.0,0.0,6.0358423987106145
20260808_162715,35.0,0,TL,Affine,ihawk1,,,27.158950556530804,,1,-37.85110084654254,155.32935536017624,-70.0,113.5,52.756484782698344
20260808_162715,35.0,0,TL,Affine,ihawk2,,,27.158950556530804,,1,-29.227263287266283,129.57594740931853,-70.0,113.5,43.82752724205507
20260808_162715,35.0,0,TL,Affine,EqualFusion,0.5482763203766937,0.4517236796233063,27.158950556530804,,1,-33.53918206690442,142.45265138474738,-70.0,113.5,46.5579989535317
20260808_162715,35.0,0,TL,Affine,LOOWeightedFusion,0.5482763203766937,0.4517236796233063,27.158950556530804,,1,-33.955509211792595,143.69593115777468,-70.0,113.5,47.021267259254465
20260808_162715,35.0,0,TL,Affine,LOOWeightedGated,0.5482763203766937,0.4517236796233063,27.158950556530804,15.347893691782529,0,,,-70.0,113.5,
20260808_162715,35.0,0,TL,Homography,ihawk1,,,44.71060264704265,,1,-46.47030833470924,168.4047533087751,-70.0,113.5,59.734230770648615
20260808_162715,35.0,0,TL,Homography,ihawk2,,,44.71060264704265,,1,-34.432133747914754,125.34525561454285,-70.0,113.5,37.48844075578609
20260808_162715,35.0,0,TL,Homography,EqualFusion,0.1860772569073205,0.8139227430926795,44.71060264704265,,1,-40.451221041311996,146.875004461659,-70.0,113.5,44.576016654308184
20260808_162715,35.0,0,TL,Homography,LOOWeightedFusion,0.1860772569073205,0.8139227430926795,44.71060264704265,,1,-36.67216425319689,133.35764882929269,-70.0,113.5,38.795242654137326
20260808_162715,35.0,0,TL,Homography,LOOWeightedGated,0.1860772569073205,0.8139227430926795,44.71060264704265,0.4995099461069983,0,,,-70.0,113.5,
20260808_162715,35.0,0,TL,PnP,ihawk1,,,3.979259675236784,,1,-67.00400308227616,115.96020545898004,-70.0,113.5,3.876674919490409
20260808_162715,35.0,0,TL,PnP,ihawk2,,,3.979259675236784,,1,-64.53043729747488,112.84315880048646,-70.0,113.5,5.508861635422723
20260808_162715,35.0,0,TL,PnP,EqualFusion,0.14897250620847505,0.851027493791525,3.979259675236784,,1,-65.76722018987552,114.40168212973325,-70.0,113.5,4.327754103929397
20260808_162715,35.0,0,TL,PnP,LOOWeightedFusion,0.14897250620847505,0.851027493791525,3.979259675236784,,1,-64.89893059170826,113.30751305317101,-70.0,113.5,5.104699827894814
20260808_162715,35.0,0,TL,PnP,LOOWeightedGated,0.14897250620847505,0.851027493791525,3.979259675236784,13.870431873632965,1,-64.89893059170826,113.30751305317101,-70.0,113.5,5.104699827894814
20260808_162715,35.0,1,TR,Affine,ihawk1,,,41.75389827092045,,1,83.08807934186476,137.6540250271222,70.0,113.5,27.472072107320056
20260808_162715,35.0,1,TR,Affine,ihawk2,,,41.75389827092045,,1,105.35283966602799,102.33167419190823,70.0,113.5,37.07498852066674
20260808_162715,35.0,1,TR,Affine,EqualFusion,0.5482763203766937,0.4517236796233063,41.75389827092045,,1,94.22045950394637,119.99284960951522,70.0,113.5,25.075640662485338
20260808_162715,35.0,1,TR,Affine,LOOWeightedFusion,0.5482763203766937,0.4517236796233063,41.75389827092045,,1,93.14559880142677,121.69808273489397,70.0,113.5,24.55457807425685
20260808_162715,35.0,1,TR,Affine,LOOWeightedGated,0.5482763203766937,0.4517236796233063,41.75389827092045,15.347893691782529,0,,,70.0,113.5,
20260808_162715,35.0,1,TR,Homography,ihawk1,,,44.25164113337152,,1,108.70566841721093,169.75939633056583,70.0,113.5,68.28798168860143
20260808_162715,35.0,1,TR,Homography,ihawk2,,,44.25164113337152,,1,121.02179489236678,127.25621090118109,70.0,113.5,52.84370248569378
20260808_162715,35.0,1,TR,Homography,EqualFusion,0.1860772569073205,0.8139227430926795,44.25164113337152,,1,114.86373165478886,148.50780361587346,70.0,113.5,56.90606937753184
20260808_162715,35.0,1,TR,Homography,LOOWeightedFusion,0.1860772569073205,0.8139227430926795,44.25164113337152,,1,118.73004386214616,135.16508705570422,70.0,113.5,53.32910248577161
20260808_162715,35.0,1,TR,Homography,LOOWeightedGated,0.1860772569073205,0.8139227430926795,44.25164113337152,0.4995099461069983,0,,,70.0,113.5,
20260808_162715,35.0,1,TR,PnP,ihawk1,,,15.0566390604644,,1,80.95979910026554,127.36374465835547,70.0,113.5,17.672594950098905
20260808_162715,35.0,1,TR,PnP,ihawk2,,,15.0566390604644,,1,73.9406069079507,114.04333472605802,70.0,113.5,3.9778883126012072
20260808_162715,35.0,1,TR,PnP,EqualFusion,0.14897250620847505,0.851027493791525,15.0566390604644,,1,77.45020300410812,120.70353969220675,70.0,113.5,10.363228690886817
20260808_162715,35.0,1,TR,PnP,LOOWeightedFusion,0.14897250620847505,0.851027493791525,15.0566390604644,,1,74.9862735603988,116.02770957739665,70.0,113.5,5.590370267414751
20260808_162715,35.0,1,TR,PnP,LOOWeightedGated,0.14897250620847505,0.851027493791525,15.0566390604644,13.870431873632965,0,,,70.0,113.5,
20260808_162715,35.0,2,BL,Affine,ihawk1,,,53.887025508791346,,1,-43.59831501750843,-78.35814771523815,-70.0,-113.5,43.95450775425363
20260808_162715,35.0,2,BL,Affine,ihawk2,,,53.887025508791346,,1,-25.73524334483409,-129.19831086015762,-70.0,-113.5,46.966005212314975
20260808_162715,35.0,2,BL,Affine,EqualFusion,0.5482763203766937,0.4517236796233063,53.887025508791346,,1,-34.666779181171265,-103.77822928769788,-70.0,-113.5,36.64627292392348
20260808_162715,35.0,2,BL,Affine,LOOWeightedFusion,0.5482763203766937,0.4517236796233063,53.887025508791346,,1,-35.52914255215313,-101.32385328371038,-70.0,-113.5,36.55815315420611
20260808_162715,35.0,2,BL,Affine,LOOWeightedGated,0.5482763203766937,0.4517236796233063,53.887025508791346,15.347893691782529,0,,,-70.0,-113.5,
20260808_162715,35.0,2,BL,Homography,ihawk1,,,45.461757616145974,,1,-43.396660078796664,-82.11198371523521,-70.0,-113.5,41.1454160418357
20260808_162715,35.0,2,BL,Homography,ihawk2,,,45.461757616145974,,1,-31.335883875761155,-125.94472356719403,-70.0,-113.5,40.61754572019955
20260808_162715,35.0,2,BL,Homography,EqualFusion,0.1860772569073205,0.8139227430926795,45.461757616145974,,1,-37.36627197727891,-104.02835364121462,-70.0,-113.5,33.98046923464748
20260808_162715,35.0,2,BL,Homography,LOOWeightedFusion,0.1860772569073205,0.8139227430926795,45.461757616145974,,1,-33.58012002779509,-117.78844757280935,-70.0,-113.5,36.671493558001515
20260808_162715,35.0,2,BL,Homography,LOOWeightedGated,0.1860772569073205,0.8139227430926795,45.461757616145974,0.4995099461069983,0,,,-70.0,-113.5,
20260808_162715,35.0,2,BL,PnP,ihawk1,,,4.500711558434171,,1,-64.21953394888112,-112.33188047391795,-70.0,-113.5,5.897312183982804
20260808_162715,35.0,2,BL,PnP,ihawk2,,,4.500711558434171,,1,-63.3056831590242,-116.73883875215259,-70.0,-113.5,7.436662855731566
20260808_162715,35.0,2,BL,PnP,EqualFusion,0.14897250620847505,0.851027493791525,4.500711558434171,,1,-63.76260855395266,-114.53535961303527,-70.0,-113.5,6.322738455727002
20260808_162715,35.0,2,BL,PnP,LOOWeightedFusion,0.14897250620847505,0.851027493791525,4.500711558434171,,1,-63.44182180148978,-116.08232313268778,-70.0,-113.5,7.048268868667622
20260808_162715,35.0,2,BL,PnP,LOOWeightedGated,0.14897250620847505,0.851027493791525,4.500711558434171,13.870431873632965,1,-63.44182180148978,-116.08232313268778,-70.0,-113.5,7.048268868667622
20260808_162715,35.0,3,BR,Affine,ihawk1,,,27.55604219170518,,1,110.89385580515219,-71.8414520272197,70.0,-113.5,58.37586883133318
20260808_162715,35.0,3,BR,Affine,ihawk2,,,27.55604219170518,,1,106.25283810606788,-99.00386016765935,70.0,-113.5,39.04364661226639
20260808_162715,35.0,3,BR,Affine,EqualFusion,0.5482763203766937,0.4517236796233063,27.55604219170518,,1,108.57334695561003,-85.42265609743953,70.0,-113.5,47.709960553122656
20260808_162715,35.0,3,BR,Affine,LOOWeightedFusion,0.5482763203766937,0.4517236796233063,27.55604219170518,,1,108.79739821292493,-84.11135497984915,70.0,-113.5,48.67166079160139
20260808_162715,35.0,3,BR,Affine,LOOWeightedGated,0.5482763203766937,0.4517236796233063,27.55604219170518,15.347893691782529,0,,,70.0,-113.5,
20260808_162715,35.0,3,BR,Homography,ihawk1,,,44.746204295827994,,1,110.40370401525733,-81.1781183788678,70.0,-113.5,51.741311634737336
20260808_162715,35.0,3,BR,Homography,ihawk2,,,44.746204295827994,,1,123.36934423951702,-124.00468691358739,70.0,-113.5,54.39333922189888
20260808_162715,35.0,3,BR,Homography,EqualFusion,0.1860772569073205,0.8139227430926795,44.746204295827994,,1,116.88652412738718,-102.59140264622759,70.0,-113.5,48.13879559123587
20260808_162715,35.0,3,BR,Homography,LOOWeightedFusion,0.1860772569073205,0.8139227430926795,44.746204295827994,,1,120.95673347253957,-116.03563651789341,70.0,-113.5,51.0197818374629
20260808_162715,35.0,3,BR,Homography,LOOWeightedGated,0.1860772569073205,0.8139227430926795,44.746204295827994,0.4995099461069983,0,,,70.0,-113.5,
20260808_162715,35.0,3,BR,PnP,ihawk1,,,2.7172174674512073,,1,72.59695234254492,-115.55828481269182,70.0,-113.5,3.3137136025322684
20260808_162715,35.0,3,BR,PnP,ihawk2,,,2.7172174674512073,,1,75.21544026052602,-114.83248057682036,70.0,-113.5,5.382965873820794
20260808_162715,35.0,3,BR,PnP,EqualFusion,0.14897250620847505,0.851027493791525,2.7172174674512073,,1,73.90619630153547,-115.19538269475609,70.0,-113.5,4.258249878507347
20260808_162715,35.0,3,BR,PnP,LOOWeightedFusion,0.14897250620847505,0.851027493791525,2.7172174674512073,,1,74.82535755290778,-114.94060545285485,70.0,-113.5,5.0358136963354045
20260808_162715,35.0,3,BR,PnP,LOOWeightedGated,0.14897250620847505,0.851027493791525,2.7172174674512073,13.870431873632965,1,74.82535755290778,-114.94060545285485,70.0,-113.5,5.0358136963354045
20260808_162715,35.0,4,C,Affine,ihawk1,,,51.34598677555437,,1,30.99362057791766,49.00307963206831,0.0,0.0,57.9819483111317
20260808_162715,35.0,4,C,Affine,ihawk2,,,51.34598677555437,,1,46.71721724648421,0.12385228793317538,0.0,0.0,46.717381418958276
20260808_162715,35.0,4,C,Affine,EqualFusion,0.5482763203766937,0.4517236796233063,51.34598677555437,,1,38.85541891220093,24.56346596000074,0.0,0.0,45.9685483652762
20260808_162715,35.0,4,C,Affine,LOOWeightedFusion,0.5482763203766937,0.4517236796233063,51.34598677555437,,1,38.0963415219553,26.923175199031455,0.0,0.0,46.64963665619699
20260808_162715,35.0,4,C,Affine,LOOWeightedGated,0.5482763203766937,0.4517236796233063,51.34598677555437,15.347893691782529,0,,,0.0,0.0,
20260808_162715,35.0,4,C,Homography,ihawk1,,,43.827770594553606,,1,31.740981876920998,42.49703175189438,0.0,0.0,53.0423193142282
20260808_162715,35.0,4,C,Homography,ihawk2,,,43.827770594553606,,1,43.75063712927245,0.346804516344577,0.0,0.0,43.752011640492945
20260808_162715,35.0,4,C,Homography,EqualFusion,0.1860772569073205,0.8139227430926795,43.827770594553606,,1,37.74580950309672,21.42191813411948,0.0,0.0,43.40097592899247
20260808_162715,35.0,4,C,Homography,LOOWeightedFusion,0.1860772569073205,0.8139227430926795,43.827770594553606,,1,41.515913423512295,8.190003178355916,0.0,0.0,42.316039742041646
20260808_162715,35.0,4,C,Homography,LOOWeightedGated,0.1860772569073205,0.8139227430926795,43.827770594553606,0.4995099461069983,0,,,0.0,0.0,
20260808_162715,35.0,4,C,PnP,ihawk1,,,8.755811595085747,,1,8.251253024217336,7.294410679424525,0.0,0.0,11.013246734263166
20260808_162715,35.0,4,C,PnP,ihawk2,,,8.755811595085747,,1,6.413551581539275,-1.2663772572210856,0.0,0.0,6.5373813753422505
20260808_162715,35.0,4,C,PnP,EqualFusion,0.14897250620847505,0.851027493791525,8.755811595085747,,1,7.332402302878306,3.0140167111017195,0.0,0.0,7.927699556999843
20260808_162715,35.0,4,C,PnP,LOOWeightedFusion,0.14897250620847505,0.851027493791525,8.755811595085747,,1,6.687318571117957,0.008944776820290823,0.0,0.0,6.687324553261302
20260808_162715,35.0,4,C,PnP,LOOWeightedGated,0.14897250620847505,0.851027493791525,8.755811595085747,13.870431873632965,1,6.687318571117957,0.008944776820290823,0.0,0.0,6.687324553261302
20260808_162715,40.0,0,TL,Affine,ihawk1,,,33.0817687832819,,1,-34.939815151315734,161.77402309445574,-70.0,113.5,59.66236558625509
20260808_162715,40.0,0,TL,Affine,ihawk2,,,33.0817687832819,,1,-23.07036023746616,130.8949125846205,-70.0,113.5,50.04971600386745
20260808_162715,40.0,0,TL,Affine,EqualFusion,0.5482763203766937,0.4517236796233063,33.0817687832819,,1,-29.005087694390948,146.33446783953812,-70.0,113.5,52.52318643466178
20260808_162715,40.0,0,TL,Affine,LOOWeightedFusion,0.5482763203766937,0.4517236796233063,33.0817687832819,,1,-29.57810130250867,147.82519767145826,-70.0,113.5,53.029700069818745
20260808_162715,40.0,0,TL,Affine,LOOWeightedGated,0.5482763203766937,0.4517236796233063,33.0817687832819,15.347893691782529,0,,,-70.0,113.5,
20260808_162715,40.0,0,TL,Homography,ihawk1,,,52.39603672327585,,1,-43.3824504807278,178.24695205867533,-70.0,113.5,70.00472657827692
20260808_162715,40.0,0,TL,Homography,ihawk2,,,52.39603672327585,,1,-28.851986320260227,127.90601170603354,-70.0,113.5,43.59692882603575
20260808_162715,40.0,0,TL,Homography,EqualFusion,0.1860772569073205,0.8139227430926795,52.39603672327585,,1,-36.11721840049401,153.07648188235444,-70.0,113.5,52.09933595646063
20260808_162715,40.0,0,TL,Homography,LOOWeightedFusion,0.1860772569073205,0.8139227430926795,52.39603672327585,,1,-31.555775232830165,137.2733157969882,-70.0,113.5,45.2009840814556
20260808_162715,40.0,0,TL,Homography,LOOWeightedGated,0.1860772569073205,0.8139227430926795,52.39603672327585,0.4995099461069983,0,,,-70.0,113.5,
20260808_162715,40.0,0,TL,PnP,ihawk1,,,5.488264652393806,,1,-69.61974838521749,111.0564983993981,-70.0,113.5,2.472911515337494
20260808_162715,40.0,0,TL,PnP,ihawk2,,,5.488264652393806,,1,-64.51978503078853,113.08416274001193,-70.0,113.5,5.495969135244838
20260808_162715,40.0,0,TL,PnP,EqualFusion,0.14897250620847505,0.851027493791525,5.488264652393806,,1,-67.06976670800302,112.07033056970502,-70.0,113.5,3.260402095669712
20260808_162715,40.0,0,TL,PnP,LOOWeightedFusion,0.14897250620847505,0.851027493791525,5.488264652393806,,1,-65.2795393532692,112.78209650144115,-70.0,113.5,4.774739170947163
20260808_162715,40.0,0,TL,PnP,LOOWeightedGated,0.14897250620847505,0.851027493791525,5.488264652393806,13.870431873632965,1,-65.2795393532692,112.78209650144115,-70.0,113.5,4.774739170947163
20260808_162715,40.0,1,TR,Affine,ihawk1,,,47.78372949345142,,1,86.06898220708618,142.81546460110894,70.0,113.5,33.43065440505949
20260808_162715,40.0,1,TR,Affine,ihawk2,,,47.78372949345142,,1,110.86849071456322,101.97101354480372,70.0,113.5,42.46352625454508
20260808_162715,40.0,1,TR,Affine,EqualFusion,0.5482763203766937,0.4517236796233063,47.78372949345142,,1,98.4687364608247,122.39323907295633,70.0,113.5,29.825469935688304
20260808_162715,40.0,1,TR,Affine,LOOWeightedFusion,0.5482763203766937,0.4517236796233063,47.78372949345142,,1,97.2715074429332,124.3650588777607,70.0,113.5,29.35616839144999
20260808_162715,40.0,1,TR,Affine,LOOWeightedGated,0.5482763203766937,0.4517236796233063,47.78372949345142,15.347893691782529,0,,,70.0,113.5,
20260808_162715,40.0,1,TR,Homography,ihawk1,,,52.64062516773218,,1,114.0296353482301,178.67640749473313,70.0,113.5,78.65477024833025
20260808_162715,40.0,1,TR,Homography,ihawk2,,,52.64062516773218,,1,129.32012331789878,128.30541985602292,70.0,113.5,61.139819165285694
20260808_162715,40.0,1,TR,Homography,EqualFusion,0.1860772569073205,0.8139227430926795,52.64062516773218,,1,121.67487933306444,153.490913675378,70.0,113.5,65.34191863328094
20260808_162715,40.0,1,TR,Homography,LOOWeightedFusion,0.1860772569073205,0.8139227430926795,52.64062516773218,,1,126.47491125972844,137.67831506354668,70.0,113.5,61.43294328864873
20260808_162715,40.0,1,TR,Homography,LOOWeightedGated,0.1860772569073205,0.8139227430926795,52.64062516773218,0.4995099461069983,0,,,70.0,113.5,
20260808_162715,40.0,1,TR,PnP,ihawk1,,,12.616173311151574,,1,78.08466722531355,123.59663655738608,70.0,113.5,12.934601420840309
20260808_162715,40.0,1,TR,PnP,ihawk2,,,12.616173311151574,,1,72.33520857973562,112.36669647295987,70.0,113.5,2.595684109299983
20260808_162715,40.0,1,TR,PnP,EqualFusion,0.14897250620847505,0.851027493791525,12.616173311151574,,1,75.20993790252459,117.98166651517298,70.0,113.5,6.872320401537239
20260808_162715,40.0,1,TR,PnP,LOOWeightedFusion,0.14897250620847505,0.851027493791525,12.616173311151574,,1,73.19171984350936,114.03964879190787,70.0,113.5,3.2370196752659752
20260808_162715,40.0,1,TR,PnP,LOOWeightedGated,0.14897250620847505,0.851027493791525,12.616173311151574,13.870431873632965,1,73.19171984350936,114.03964879190787,70.0,113.5,3.2370196752659752
20260808_162715,40.0,2,BL,Affine,ihawk1,,,63.72478099170846,,1,-42.26638523105046,-71.27394776960375,-70.0,-113.5,50.51923272494
20260808_162715,40.0,2,BL,Affine,ihawk2,,,63.72478099170846,,1,-22.145683881738478,-131.73885568860254,-70.0,-113.5,51.212219518159664
20260808_162715,40.0,2,BL,Affine,EqualFusion,0.5482763203766937,0.4517236796233063,63.72478099170846,,1,-32.20603455639447,-101.50640172910315,-70.0,-113.5,39.65135840593748
20260808_162715,40.0,2,BL,Affine,LOOWeightedFusion,0.5482763203766937,0.4517236796233063,63.72478099170846,,1,-33.177387980937624,-98.58737846285828,-70.0,-113.5,39.72771119780776
20260808_162715,40.0,2,BL,Affine,LOOWeightedGated,0.5482763203766937,0.4517236796233063,63.72478099170846,15.347893691782529,0,,,-70.0,-113.5,
20260808_162715,40.0,2,BL,Homography,ihawk1,,,54.797465293881444,,1,-42.449901215139974,-76.35213695781346,-70.0,-113.5,46.249018061539374
20260808_162715,40.0,2,BL,Homography,ihawk2,,,54.797465293881444,,1,-28.036537387735862,-129.22005866666277,-70.0,-113.5,44.81129811659342
20260808_162715,40.0,2,BL,Homography,EqualFusion,0.1860772569073205,0.8139227430926795,54.797465293881444,,1,-35.24321930143792,-102.78609781223811,-70.0,-113.5,36.370613201001525
20260808_162715,40.0,2,BL,Homography,LOOWeightedFusion,0.1860772569073205,0.8139227430926795,54.797465293881444,,1,-30.718536591546417,-119.38254081668912,-70.0,-113.5,39.71948708089886
20260808_162715,40.0,2,BL,Homography,LOOWeightedGated,0.1860772569073205,0.8139227430926795,54.797465293881444,0.4995099461069983,0,,,-70.0,-113.5,
20260808_162715,40.0,2,BL,PnP,ihawk1,,,16.92161414807125,,1,-66.36852593352437,-111.54911838021486,-70.0,-113.5,4.122322523760185
20260808_162715,40.0,2,BL,PnP,ihawk2,,,16.92161414807125,,1,-83.24213726348692,-112.82280046832174,-70.0,-113.5,13.259441862715573
20260808_162715,40.0,2,BL,PnP,EqualFusion,0.14897250620847505,0.851027493791525,16.92161414807125,,1,-74.80533159850565,-112.1859594242683,-70.0,-113.5,4.981758164169164
20260808_162715,40.0,2,BL,PnP,LOOWeightedFusion,0.14897250620847505,0.851027493791525,16.92161414807125,,1,-80.72843309487467,-112.63305685554363,-70.0,-113.5,10.763404065950608
20260808_162715,40.0,2,BL,PnP,LOOWeightedGated,0.14897250620847505,0.851027493791525,16.92161414807125,13.870431873632965,0,,,-70.0,-113.5,
20260808_162715,40.0,3,BR,Affine,ihawk1,,,34.55070599219647,,1,113.50374734695268,-66.5766965749292,70.0,-113.5,63.98728340497628
20260808_162715,40.0,3,BR,Affine,ihawk2,,,34.55070599219647,,1,110.09291383222364,-100.95863222861226,70.0,-113.5,42.008661548962884
20260808_162715,40.0,3,BR,Affine,EqualFusion,0.5482763203766937,0.4517236796233063,34.55070599219647,,1,111.79833058958816,-83.76766440177073,70.0,-113.5,51.294368308833214
20260808_162715,40.0,3,BR,Affine,LOOWeightedFusion,0.5482763203766937,0.4517236796233063,34.55070599219647,,1,111.96299308109678,-82.10783106098265,70.0,-113.5,52.405734982156126
20260808_162715,40.0,3,BR,Affine,LOOWeightedGated,0.5482763203766937,0.4517236796233063,34.55070599219647,15.347893691782529,0,,,70.0,-113.5,
20260808_162715,40.0,3,BR,Homography,ihawk1,,,53.36501007696022,,1,114.1485071432517,-76.32857901332623,70.0,-113.5,57.713128672307114
20260808_162715,40.0,3,BR,Homography,ihawk2,,,53.36501007696022,,1,129.20583429576345,-127.52527030813842,70.0,-113.5,60.844383651030185
20260808_162715,40.0,3,BR,Homography,EqualFusion,0.1860772569073205,0.8139227430926795,53.36501007696022,,1,121.67717071950759,-101.92692466073233,70.0,-113.5,52.95720957888074
20260808_162715,40.0,3,BR,Homography,LOOWeightedFusion,0.1860772569073205,0.8139227430926795,53.36501007696022,,1,126.40400816286795,-117.99873042926887,70.0,-113.5,56.58313098717766
20260808_162715,40.0,3,BR,Homography,LOOWeightedGated,0.1860772569073205,0.8139227430926795,53.36501007696022,0.4995099461069983,0,,,70.0,-113.5,
20260808_162715,40.0,3,BR,PnP,ihawk1,,,5.242088405290394,,1,75.3948487551366,-111.73639835380992,70.0,-113.5,5.675798081084563
20260808_162715,40.0,3,BR,PnP,ihawk2,,,5.242088405290394,,1,75.28005408228866,-116.97722968404425,70.0,-113.5,6.322190869270838
20260808_162715,40.0,3,BR,PnP,EqualFusion,0.14897250620847505,0.851027493791525,5.242088405290394,,1,75.33745141871262,-114.35681401892708,70.0,-113.5,5.405785596020926
20260808_162715,40.0,3,BR,PnP,LOOWeightedFusion,0.14897250620847505,0.851027493791525,5.242088405290394,,1,75.29715533240221,-116.19648990616335,70.0,-113.5,5.943981193580446
20260808_162715,40.0,3,BR,PnP,LOOWeightedGated,0.14897250620847505,0.851027493791525,5.242088405290394,13.870431873632965,1,75.29715533240221,-116.19648990616335,70.0,-113.5,5.943981193580446
20260808_162715,40.0,4,C,Affine,ihawk1,,,58.81115033760537,,1,33.62933080048126,55.45233981245508,0.0,0.0,64.85286331970384
20260808_162715,40.0,4,C,Affine,ihawk2,,,58.81115033760537,,1,51.98323400444235,-0.4214970095499666,0.0,0.0,51.98494279394439
20260808_162715,40.0,4,C,Affine,EqualFusion,0.5482763203766937,0.4517236796233063,58.81115033760537,,1,42.806282402461804,27.515421401452556,0.0,0.0,50.88689642745787
20260808_162715,40.0,4,C,Affine,LOOWeightedFusion,0.5482763203766937,0.4517236796233063,58.81115033760537,,1,41.920223491224554,30.21280464854678,0.0,0.0,51.673191330567775
20260808_162715,40.0,4,C,Affine,LOOWeightedGated,0.5482763203766937,0.4517236796233063,58.81115033760537,15.347893691782529,0,,,0.0,0.0,
20260808_162715,40.0,4,C,Homography,ihawk1,,,52.66525454340172,,1,35.15445461046866,50.25262533248317,0.0,0.0,61.32831345933484
20260808_162715,40.0,4,C,Homography,ihawk2,,,52.66525454340172,,1,50.021209438290924,-0.27072211214602593,0.0,0.0,50.02194202678831
20260808_162715,40.0,4,C,Homography,EqualFusion,0.1860772569073205,0.8139227430926795,52.66525454340172,,1,42.58783202437979,24.990951610168572,0.0,0.0,49.378852750125496
20260808_162715,40.0,4,C,Homography,LOOWeightedFusion,0.1860772569073205,0.8139227430926795,52.66525454340172,,1,47.25484448081609,9.130523790126055,0.0,0.0,48.12885612175063
20260808_162715,40.0,4,C,Homography,LOOWeightedGated,0.1860772569073205,0.8139227430926795,52.66525454340172,0.4995099461069983,0,,,0.0,0.0,
20260808_162715,40.0,4,C,PnP,ihawk1,,,5.354473750695266,,1,3.953859220486997,3.1347829710001243,0.0,0.0,5.045777146357379
20260808_162715,40.0,4,C,PnP,ihawk2,,,5.354473750695266,,1,4.010732685540235,-2.2193887255237623,0.0,0.0,4.5838480548380724
20260808_162715,40.0,4,C,PnP,EqualFusion,0.14897250620847505,0.851027493791525,5.354473750695266,,1,3.982295953013616,0.457697122738181,0.0,0.0,4.008511907622507
20260808_162715,40.0,4,C,PnP,LOOWeightedFusion,0.14897250620847505,0.851027493791525,5.354473750695266,,1,4.002260102914494,-1.4217643492221161,0.0,0.0,4.247293231706533
20260808_162715,40.0,4,C,PnP,LOOWeightedGated,0.14897250620847505,0.851027493791525,5.354473750695266,13.870431873632965,1,4.002260102914494,-1.4217643492221161,0.0,0.0,4.247293231706533
20260808_162715,45.0,0,TL,Affine,ihawk1,,,39.47517771823453,,1,-32.040474402095434,168.93117312216623,-70.0,113.5,67.18288872412033
20260808_162715,45.0,0,TL,Affine,ihawk2,,,39.47517771823453,,1,-17.39005256839266,132.27527597067416,-70.0,113.5,55.85980268969326
20260808_162715,45.0,0,TL,Affine,EqualFusion,0.5482763203766937,0.4517236796233063,39.47517771823453,,1,-24.715263485244048,150.6032245464202,-70.0,113.5,58.54363016548383
20260808_162715,45.0,0,TL,Affine,LOOWeightedFusion,0.5482763203766937,0.4517236796233063,39.47517771823453,,1,-25.422531943341593,152.37283638100075,-70.0,113.5,59.14598943839266
20260808_162715,45.0,0,TL,Affine,LOOWeightedGated,0.5482763203766937,0.4517236796233063,39.47517771823453,15.347893691782529,0,,,-70.0,113.5,
20260808_162715,45.0,0,TL,Homography,ihawk1,,,61.20722917989899,,1,-40.26210475230564,189.37193886613758,-70.0,113.5,81.49167761845231
20260808_162715,45.0,0,TL,Homography,ihawk2,,,61.20722917989899,,1,-23.60127626067698,130.475914400532,-70.0,113.5,49.40671244246278
20260808_162715,45.0,0,TL,Homography,EqualFusion,0.1860772569073205,0.8139227430926795,61.20722917989899,,1,-31.931690506491307,159.9239266333348,-70.0,113.5,60.03646518367662
20260808_162715,45.0,0,TL,Homography,LOOWeightedFusion,0.1860772569073205,0.8139227430926795,61.20722917989899,,1,-26.701477524202573,141.43512507583833,-70.0,113.5,51.52798522734871
20260808_162715,45.0,0,TL,Homography,LOOWeightedGated,0.1860772569073205,0.8139227430926795,61.20722917989899,0.4995099461069983,0,,,-70.0,113.5,
20260808_162715,45.0,0,TL,PnP,ihawk1,,,3.0545056900740692,,1,-69.44397734994479,114.28597459012667,-70.0,113.5,0.9627654146775363
20260808_162715,45.0,0,TL,PnP,ihawk2,,,3.0545056900740692,,1,-67.05028621534066,112.38854270391508,-70.0,113.5,3.152165720965463
20260808_162715,45.0,0,TL,PnP,EqualFusion,0.14897250620847505,0.851027493791525,3.0545056900740692,,1,-68.24713178264273,113.33725864702087,-70.0,113.5,1.760406696019629
20260808_162715,45.0,0,TL,PnP,LOOWeightedFusion,0.14897250620847505,0.851027493791525,3.0545056900740692,,1,-67.40688038275165,112.6712078873639,-70.0,113.5,2.7223456274554887
20260808_162715,45.0,0,TL,PnP,LOOWeightedGated,0.14897250620847505,0.851027493791525,3.0545056900740692,13.870431873632965,1,-67.40688038275165,112.6712078873639,-70.0,113.5,2.7223456274554887
20260808_162715,45.0,1,TR,Affine,ihawk1,,,52.42591727960389,,1,89.05332995141495,148.87718444133623,70.0,113.5,40.18176901573409
20260808_162715,45.0,1,TR,Affine,ihawk2,,,52.42591727960389,,1,115.83131679085744,103.80594945232673,70.0,113.5,46.84532222970374
20260808_162715,45.0,1,TR,Affine,EqualFusion,0.5482763203766937,0.4517236796233063,52.42591727960389,,1,102.4423233711362,126.34156694683148,70.0,113.5,34.89140563759684
20260808_162715,45.0,1,TR,Affine,LOOWeightedFusion,0.5482763203766937,0.4517236796233063,52.42591727960389,,1,101.14958069943239,128.51744032693415,70.0,113.5,34.580628850896844
20260808_162715,45.0,1,TR,Affine,LOOWeightedGated,0.5482763203766937,0.4517236796233063,52.42591727960389,15.347893691782529,0,,,70.0,113.5,
20260808_162715,45.0,1,TR,Homography,ihawk1,,,59.81392477561409,,1,119.66257639349007,189.2683738736907,70.0,113.5,90.59369720627707
20260808_162715,45.0,1,TR,Homography,ihawk2,,,59.81392477561409,,1,136.94540711159993,132.00573894102297,70.0,113.5,69.45610057504776
20260808_162715,45.0,1,TR,Homography,EqualFusion,0.1860772569073205,0.8139227430926795,59.81392477561409,,1,128.30399175254502,160.63705640735685,70.0,113.5,74.97504612223443
20260808_162715,45.0,1,TR,Homography,LOOWeightedFusion,0.1860772569073205,0.8139227430926795,59.81392477561409,,1,133.7294653799805,142.6610129725791,70.0,113.5,70.08430234514046
20260808_162715,45.0,1,TR,Homography,LOOWeightedGated,0.1860772569073205,0.8139227430926795,59.81392477561409,0.4995099461069983,0,,,70.0,113.5,
20260808_162715,45.0,1,TR,PnP,ihawk1,,,10.871377200280607,,1,76.75507617216358,123.27070659863566,70.0,113.5,11.878457876692352
20260808_162715,45.0,1,TR,PnP,ihawk2,,,10.871377200280607,,1,71.87853469543674,113.55442204863694,70.0,113.5,1.8793228464895144
20260808_162715,45.0,1,TR,PnP,EqualFusion,0.14897250620847505,0.851027493791525,10.871377200280607,,1,74.31680543380017,118.4125643236363,70.0,113.5,6.539732210660532
20260808_162715,45.0,1,TR,PnP,LOOWeightedFusion,0.14897250620847505,0.851027493791525,10.871377200280607,,1,72.60500530085432,115.00188130908494,70.0,113.5,3.0069419821569165
20260808_162715,45.0,1,TR,PnP,LOOWeightedGated,0.14897250620847505,0.851027493791525,10.871377200280607,13.870431873632965,1,72.60500530085432,115.00188130908494,70.0,113.5,3.0069419821569165
20260808_162715,45.0,2,BL,Affine,ihawk1,,,69.63603330925989,,1,-36.66312764369521,-64.31807678484654,-70.0,-113.5,59.41555881788717
20260808_162715,45.0,2,BL,Affine,ihawk2,,,69.63603330925989,,1,-15.075182776378256,-130.52334675222932,-70.0,-113.5,57.50243370236509
20260808_162715,45.0,2,BL,Affine,EqualFusion,0.5482763203766937,0.4517236796233063,69.63603330925989,,1,-25.869155210036734,-97.42071176853793,-70.0,-113.5,46.96887237209621
20260808_162715,45.0,2,BL,Affine,LOOWeightedFusion,0.5482763203766937,0.4517236796233063,69.63603330925989,,1,-26.911341752725725,-94.22456494496706,-70.0,-113.5,47.20354717721106
20260808_162715,45.0,2,BL,Affine,LOOWeightedGated,0.5482763203766937,0.4517236796233063,69.63603330925989,15.347893691782529,0,,,-70.0,-113.5,
20260808_162715,45.0,2,BL,Homography,ihawk1,,,61.091342222955504,,1,-37.67789434754308,-70.6904803537234,-70.0,-113.5,53.641154780201454
20260808_162715,45.0,2,BL,Homography,ihawk2,,,61.091342222955504,,1,-21.418426258293756,-129.5783550993529,-70.0,-113.5,51.173067231911446
20260808_162715,45.0,2,BL,Homography,EqualFusion,0.1860772569073205,0.8139227430926795,61.091342222955504,,1,-29.54816030291842,-100.13441772653815,-70.0,-113.5,42.60270090483775
20260808_162715,45.0,2,BL,Homography,LOOWeightedFusion,0.1860772569073205,0.8139227430926795,61.091342222955504,,1,-24.443943479113383,-118.6206609015843,-70.0,-113.5,45.84294333704185
20260808_162715,45.0,2,BL,Homography,LOOWeightedGated,0.1860772569073205,0.8139227430926795,61.091342222955504,0.4995099461069983,0,,,-70.0,-113.5,
20260808_162715,45.0,2,BL,PnP,ihawk1,,,5.228416491329991,,1,-65.53387445632316,-111.55941714450873,-70.0,-113.5,4.869511186033912
20260808_162715,45.0,2,BL,PnP,ihawk2,,,5.228416491329991,,1,-65.40225117763454,-116.78617659174931,-70.0,-113.5,5.651393706487284
20260808_162715,45.0,2,BL,PnP,EqualFusion,0.14897250620847505,0.851027493791525,5.228416491329991,,1,-65.46806281697886,-114.17279686812901,-70.0,-113.5,4.581605641760737
20260808_162715,45.0,2,BL,PnP,LOOWeightedFusion,0.14897250620847505,0.851027493791525,5.228416491329991,,1,-65.42185942733616,-116.00753313754507,-70.0,-113.5,5.219874858553355
20260808_162715,45.0,2,BL,PnP,LOOWeightedGated,0.14897250620847505,0.851027493791525,5.228416491329991,13.870431873632965,1,-65.42185942733616,-116.00753313754507,-70.0,-113.5,5.219874858553355
20260808_162715,45.0,3,BR,Affine,ihawk1,,,41.032379104949186,,1,118.94330834866375,-59.09366675526337,70.0,-113.5,73.18125804637218
20260808_162715,45.0,3,BR,Affine,ihawk2,,,41.032379104949186,,1,116.1353626760382,-100.02985583182317,70.0,-113.5,48.06159041439481
20260808_162715,45.0,3,BR,Affine,EqualFusion,0.5482763203766937,0.4517236796233063,41.032379104949186,,1,117.53933551235097,-79.56176129354327,70.0,-113.5,58.410550994253704
20260808_162715,45.0,3,BR,Affine,LOOWeightedFusion,0.5482763203766937,0.4517236796233063,41.032379104949186,,1,117.67489279724299,-77.58551271468235,70.0,-113.5,59.6887409835042
20260808_162715,45.0,3,BR,Affine,LOOWeightedGated,0.5482763203766937,0.4517236796233063,41.032379104949186,15.347893691782529,0,,,70.0,-113.5,
20260808_162715,45.0,3,BR,Homography,ihawk1,,,61.11103401431813,,1,121.59958271311022,-69.33031904822006,70.0,-113.5,67.9225857248466
20260808_162715,45.0,3,BR,Homography,ihawk2,,,61.11103401431813,,1,138.5679688081429,-128.0383453447074,70.0,-113.5,70.09229509608336
20260808_162715,45.0,3,BR,Homography,EqualFusion,0.1860772569073205,0.8139227430926795,61.11103401431813,,1,130.08377576062657,-98.68433219646374,70.0,-113.5,61.88347212396859
20260808_162715,45.0,3,BR,Homography,LOOWeightedFusion,0.1860772569073205,0.8139227430926795,61.11103401431813,,1,135.4105380694349,-117.11411685301421,70.0,-113.5,65.51030706049417
20260808_162715,45.0,3,BR,Homography,LOOWeightedGated,0.1860772569073205,0.8139227430926795,61.11103401431813,0.4995099461069983,0,,,70.0,-113.5,
20260808_162715,45.0,3,BR,PnP,ihawk1,,,5.525421243158461,,1,76.56833150343347,-110.41685609649834,70.0,-113.5,7.255946187003874
20260808_162715,45.0,3,BR,PnP,ihawk2,,,5.525421243158461,,1,74.72323967152633,-115.62511070300293,70.0,-113.5,5.179294208161742
20260808_162715,45.0,3,BR,PnP,EqualFusion,0.14897250620847505,0.851027493791525,5.525421243158461,,1,75.6457855874799,-113.02098339975063,70.0,-113.5,5.666070225748204
20260808_162715,45.0,3,BR,PnP,LOOWeightedFusion,0.14897250620847505,0.851027493791525,5.525421243158461,,1,74.99810762591032,-114.84922396130011,70.0,-113.5,5.1770150799403005
20260808_162715,45.0,3,BR,PnP,LOOWeightedGated,0.14897250620847505,0.851027493791525,5.525421243158461,13.870431873632965,1,74.99810762591032,-114.84922396130011,70.0,-113.5,5.1770150799403005
20260808_162715,45.0,4,C,Affine,ihawk1,,,64.46263956391525,,1,37.63293347147218,61.86995000577724,0.0,0.0,72.41635447456345
20260808_162715,45.0,4,C,Affine,ihawk2,,,64.46263956391525,,1,57.617213108178134,0.5832429075068148,0.0,0.0,57.620165034841506
20260808_162715,45.0,4,C,Affine,EqualFusion,0.5482763203766937,0.4517236796233063,64.46263956391525,,1,47.62507328982515,31.226596456642028,0.0,0.0,56.94952091218315
20260808_162715,45.0,4,C,Affine,LOOWeightedFusion,0.5482763203766937,0.4517236796233063,64.46263956391525,,1,46.6603058035861,34.185293163350714,0.0,0.0,57.843049767006605
20260808_162715,45.0,4,C,Affine,LOOWeightedGated,0.5482763203766937,0.4517236796233063,64.46263956391525,15.347893691782529,0,,,0.0,0.0,
20260808_162715,45.0,4,C,Homography,ihawk1,,,59.77900461077979,,1,40.25049291565777,58.27434857671097,0.0,0.0,70.82373812496367
20260808_162715,45.0,4,C,Homography,ihawk2,,,59.77900461077979,,1,56.86812844549127,0.851499625677144,0.0,0.0,56.87450293853496
20260808_162715,45.0,4,C,Homography,EqualFusion,0.1860772569073205,0.8139227430926795,59.77900461077979,,1,48.55931068057453,29.562924101194056,0.0,0.0,56.85044533849774
20260808_162715,45.0,4,C,Homography,LOOWeightedFusion,0.1860772569073205,0.8139227430926795,59.77900461077979,,1,53.77596440981423,11.536585842288925,0.0,0.0,54.999519644285144
20260808_162715,45.0,4,C,Homography,LOOWeightedGated,0.1860772569073205,0.8139227430926795,59.77900461077979,0.4995099461069983,0,,,0.0,0.0,
20260808_162715,45.0,4,C,PnP,ihawk1,,,6.599081511050168,,1,4.954881429482172,4.91755242292116,0.0,0.0,6.980914826325061
20260808_162715,45.0,4,C,PnP,ihawk2,,,6.599081511050168,,1,3.5880287267439943,-1.5384208173038578,0.0,0.0,3.903932473167793
20260808_162715,45.0,4,C,PnP,EqualFusion,0.14897250620847505,0.851027493791525,6.599081511050168,,1,4.271455078113084,1.689565802808651,0.0,0.0,4.593469395387161
20260808_162715,45.0,4,C,PnP,LOOWeightedFusion,0.14897250620847505,0.851027493791525,6.599081511050168,,1,3.7916521994887287,-0.5766583036926877,0.0,0.0,3.8352524299067254
20260808_162715,45.0,4,C,PnP,LOOWeightedGated,0.14897250620847505,0.851027493791525,6.599081511050168,13.870431873632965,1,3.7916521994887287,-0.5766583036926877,0.0,0.0,3.8352524299067254
20260808_162715,50.0,0,TL,Affine,ihawk1,,,43.63605691976862,,1,-28.1867119115441,174.3157651878073,-70.0,113.5,73.8031730764113
20260808_162715,50.0,0,TL,Affine,ihawk2,,,43.63605691976862,,1,-10.788250786239018,134.29828133416484,-70.0,113.5,62.7582644072348
20260808_162715,50.0,0,TL,Affine,EqualFusion,0.5482763203766937,0.4517236796233063,43.63605691976862,,1,-19.48748134889156,154.30702326098606,-70.0,113.5,64.93633565193862
20260808_162715,50.0,0,TL,Affine,LOOWeightedFusion,0.5482763203766937,0.4517236796233063,43.63605691976862,,1,-20.32741503223824,156.2389201321737,-70.0,113.5,65.52847466135492
20260808_162715,50.0,0,TL,Affine,LOOWeightedGated,0.5482763203766937,0.4517236796233063,43.63605691976862,15.347893691782529,0,,,-70.0,113.5,
20260808_162715,50.0,0,TL,Homography,ihawk1,,,67.01891923352154,,1,-35.85267566725285,198.3605775497568,-70.0,113.5,91.47326047082893
20260808_162715,50.0,0,TL,Homography,ihawk2,,,67.01891923352154,,1,-17.37139602140575,133.94025592776177,-70.0,113.5,56.45860447379218
20260808_162715,50.0,0,TL,Homography,EqualFusion,0.1860772569073205,0.8139227430926795,67.01891923352154,,1,-26.612035844329302,166.1504167387593,-70.0,113.5,68.2244957206632
20260808_162715,50.0,0,TL,Homography,LOOWeightedFusion,0.1860772569073205,0.8139227430926795,67.01891923352154,,1,-20.810341842042074,145.92741266426995,-70.0,113.5,58.91654743614575
20260808_162715,50.0,0,TL,Homography,LOOWeightedGated,0.1860772569073205,0.8139227430926795,67.01891923352154,0.4995099461069983,0,,,-70.0,113.5,
20260808_162715,50.0,0,TL,PnP,ihawk1,,,4.251832440208584,,1,-67.40370026315382,117.52314494556305,-70.0,113.5,4.788159101007089
20260808_162715,50.0,0,TL,PnP,ihawk2,,,4.251832440208584,,1,-65.00197906406298,114.01461043932719,-70.0,113.5,5.024443967279294
20260808_162715,50.0,0,TL,PnP,EqualFusion,0.14897250620847505,0.851027493791525,4.251832440208584,,1,-66.2028396636084,115.76887769244512,-70.0,113.5,4.423373441564778
20260808_162715,50.0,0,TL,PnP,LOOWeightedFusion,0.14897250620847505,0.851027493791525,4.251832440208584,,1,-65.35976949030557,114.53728561784007,-70.0,113.5,4.75475558110792
20260808_162715,50.0,0,TL,PnP,LOOWeightedGated,0.14897250620847505,0.851027493791525,4.251832440208584,13.870431873632965,1,-65.35976949030557,114.53728561784007,-70.0,113.5,4.75475558110792
20260808_162715,50.0,1,TR,Affine,ihawk1,,,56.172581395010994,,1,93.10445361021425,152.14920516536824,70.0,113.5,45.02862241442958
20260808_162715,50.0,1,TR,Affine,ihawk2,,,56.172581395010994,,1,121.02047420072773,103.40441370033926,70.0,113.5,52.00970727086456
20260808_162715,50.0,1,TR,Affine,EqualFusion,0.5482763203766937,0.4517236796233063,56.172581395010994,,1,107.06246390547099,127.77680943285375,70.0,113.5,39.71716906233829
20260808_162715,50.0,1,TR,Affine,LOOWeightedFusion,0.5482763203766937,0.4517236796233063,56.172581395010994,,1,105.71478115180099,130.1300286023146,70.0,113.5,39.396744079109396
20260808_162715,50.0,1,TR,Affine,LOOWeightedGated,0.5482763203766937,0.4517236796233063,56.172581395010994,15.347893691782529,0,,,70.0,113.5,
20260808_162715,50.0,1,TR,Homography,ihawk1,,,65.50118592078063,,1,126.46457059568034,195.7810526493624,70.0,113.5,99.79188021899236
20260808_162715,50.0,1,TR,Homography,ihawk2,,,65.50118592078063,,1,145.1095894844489,132.98958326325763,70.0,113.5,77.59699922225013
20260808_162715,50.0,1,TR,Homography,EqualFusion,0.1860772569073205,0.8139227430926795,65.50118592078063,,1,135.7870800400646,164.38531795631002,70.0,113.5,83.17003957984289
20260808_162715,50.0,1,TR,Homography,LOOWeightedFusion,0.1860772569073205,0.8139227430926795,65.50118592078063,,1,141.64017551464167,144.673647643804,70.0,113.5,78.1288106602725
20260808_162715,50.0,1,TR,Homography,LOOWeightedGated,0.1860772569073205,0.8139227430926795,65.50118592078063,0.4995099461069983,0,,,70.0,113.5,
20260808_162715,50.0,1,TR,PnP,ihawk1,,,16.283044186586476,,1,81.7463067951219,127.40618602941225,70.0,113.5,18.20323414148561
20260808_162715,50.0,1,TR,PnP,ihawk2,,,16.283044186586476,,1,74.1315941336169,113.01335173365788,70.0,113.5,4.160155840839544
20260808_162715,50.0,1,TR,PnP,EqualFusion,0.14897250620847505,0.851027493791525,16.283044186586476,,1,77.9389504643694,120.20976888153507,70.0,113.5,10.39461076324301
20260808_162715,50.0,1,TR,PnP,LOOWeightedFusion,0.14897250620847505,0.851027493791525,16.283044186586476,,1,75.2659769628587,115.15748833013971,70.0,113.5,5.52066852273417
20260808_162715,50.0,1,TR,PnP,LOOWeightedGated,0.14897250620847505,0.851027493791525,16.283044186586476,13.870431873632965,0,,,70.0,113.5,
20260808_162715,50.0,2,BL,Affine,ihawk1,,,76.91167003877003,,1,-35.537149457784174,-56.845397928148486,-70.0,-113.5,66.31313597934385
20260808_162715,50.0,2,BL,Affine,ihawk2,,,76.91167003877003,,1,-12.369492018203232,-130.1847777790503,-70.0,-113.5,59.997143763484544
20260808_162715,50.0,2,BL,Affine,EqualFusion,0.5482763203766937,0.4517236796233063,76.91167003877003,,1,-23.953320737993703,-93.5150878535994,-70.0,-113.5,50.19654753623431
20260808_162715,50.0,2,BL,Affine,LOOWeightedFusion,0.5482763203766937,0.4517236796233063,76.91167003877003,,1,-25.071769990924402,-89.97453245568923,-70.0,-113.5,50.714825001441355
20260808_162715,50.0,2,BL,Affine,LOOWeightedGated,0.5482763203766937,0.4517236796233063,76.91167003877003,15.347893691782529,0,,,-70.0,-113.5,
20260808_162715,50.0,2,BL,Homography,ihawk1,,,67.8965940442238,,1,-36.85898058004897,-64.38184733172956,-70.0,-113.5,59.2530175580712
20260808_162715,50.0,2,BL,Homography,ihawk2,,,67.8965940442238,,1,-18.84350264667447,-129.8447378700966,-70.0,-113.5,53.70416815762974
20260808_162715,50.0,2,BL,Homography,EqualFusion,0.1860772569073205,0.8139227430926795,67.8965940442238,,1,-27.851241613361722,-97.11329260091307,-70.0,-113.5,45.22214073790073
20260808_162715,50.0,2,BL,Homography,LOOWeightedFusion,0.1860772569073205,0.8139227430926795,67.8965940442238,,1,-22.19577336239116,-117.66358276949308,-70.0,-113.5,47.9852009050529
20260808_162715,50.0,2,BL,Homography,LOOWeightedGated,0.1860772569073205,0.8139227430926795,67.8965940442238,0.4995099461069983,0,,,-70.0,-113.5,
20260808_162715,50.0,2,BL,PnP,ihawk1,,,4.134365683593234,,1,-68.41719651006352,-111.38344095378538,-70.0,-113.5,2.642931910562215
20260808_162715,50.0,2,BL,PnP,ihawk2,,,4.134365683593234,,1,-68.2320420071275,-115.51365855286123,-70.0,-113.5,2.679644795877418
20260808_162715,50.0,2,BL,PnP,EqualFusion,0.14897250620847505,0.851027493791525,4.134365683593234,,1,-68.3246192585955,-113.4485497533233,-70.0,-113.5,1.676170563084846
20260808_162715,50.0,2,BL,PnP,LOOWeightedFusion,0.14897250620847505,0.851027493791525,4.134365683593234,,1,-68.25962493746567,-114.89836968594055,-70.0,-113.5,2.2325642514491797
20260808_162715,50.0,2,BL,PnP,LOOWeightedGated,0.14897250620847505,0.851027493791525,4.134365683593234,13.870431873632965,1,-68.25962493746567,-114.89836968594055,-70.0,-113.5,2.2325642514491797
20260808_162715,50.0,3,BR,Affine,ihawk1,,,45.943164197458394,,1,120.98187262114041,-55.26821067060666,70.0,-113.5,77.39568866843317
20260808_162715,50.0,3,BR,Affine,ihawk2,,,45.943164197458394,,1,119.20736167061341,-101.17709268009457,70.0,-113.5,50.726901023002895
20260808_162715,50.0,3,BR,Affine,EqualFusion,0.5482763203766937,0.4517236796233063,45.943164197458394,,1,120.09461714587691,-78.22265167535062,70.0,-113.5,61.26958439397665
20260808_162715,50.0,3,BR,Affine,LOOWeightedFusion,0.5482763203766937,0.4517236796233063,45.943164197458394,,1,120.1802840050365,-76.00633977932475,70.0,-113.5,62.640525696784884
20260808_162715,50.0,3,BR,Affine,LOOWeightedGated,0.5482763203766937,0.4517236796233063,45.943164197458394,15.347893691782529,0,,,70.0,-113.5,
20260808_162715,50.0,3,BR,Homography,ihawk1,,,67.41692800418994,,1,124.6139339367778,-65.66307681715591,70.0,-113.5,72.60201787589692
20260808_162715,50.0,3,BR,Homography,ihawk2,,,67.41692800418994,,1,143.43295611927283,-130.40013409980423,70.0,-113.5,75.35259502503159
20260808_162715,50.0,3,BR,Homography,EqualFusion,0.1860772569073205,0.8139227430926795,67.41692800418994,,1,134.02344502802532,-98.03160545848007,70.0,-113.5,65.86556568457227
20260808_162715,50.0,3,BR,Homography,LOOWeightedFusion,0.1860772569073205,0.8139227430926795,67.41692800418994,,1,139.93116409387613,-118.35404006039697,70.0,-113.5,70.09942522184166
20260808_162715,50.0,3,BR,Homography,LOOWeightedGated,0.1860772569073205,0.8139227430926795,67.41692800418994,0.4995099461069983,0,,,70.0,-113.5,
20260808_162715,50.0,3,BR,PnP,ihawk1,,,5.64454447369335,,1,74.83738023745533,-111.1315941192879,70.0,-113.5,5.386055511922905
20260808_162715,50.0,3,BR,PnP,ihawk2,,,5.64454447369335,,1,73.04798440228993,-116.48499909748587,70.0,-113.5,4.26619602557057
20260808_162715,50.0,3,BR,PnP,EqualFusion,0.14897250620847505,0.851027493791525,5.64454447369335,,1,73.94268231987263,-113.80829660838688,70.0,-113.5,3.954717521414025
20260808_162715,50.0,3,BR,PnP,LOOWeightedFusion,0.14897250620847505,0.851027493791525,5.64454447369335,,1,73.31455518445352,-115.68748894113479,70.0,-113.5,3.971320175757016
20260808_162715,50.0,3,BR,PnP,LOOWeightedGated,0.14897250620847505,0.851027493791525,5.64454447369335,13.870431873632965,1,73.31455518445352,-115.68748894113479,70.0,-113.5,3.971320175757016
20260808_162715,50.0,4,C,Affine,ihawk1,,,68.98598047878372,,1,40.46424772664776,66.59747741096055,0.0,0.0,77.92675626244763
20260808_162715,50.0,4,C,Affine,ihawk2,,,68.98598047878372,,1,61.783139979640396,0.9882529396682571,0.0,0.0,61.791043279884846
20260808_162715,50.0,4,C,Affine,EqualFusion,0.5482763203766937,0.4517236796233063,68.98598047878372,,1,51.123693853144076,33.792865175314404,0.0,0.0,61.28286718118677
20260808_162715,50.0,4,C,Affine,LOOWeightedFusion,0.5482763203766937,0.4517236796233063,68.98598047878372,,1,50.09449618066239,36.96023711555692,0.0,0.0,62.25365591860923
20260808_162715,50.0,4,C,Affine,LOOWeightedGated,0.5482763203766937,0.4517236796233063,68.98598047878372,15.347893691782529,0,,,0.0,0.0,
20260808_162715,50.0,4,C,Homography,ihawk1,,,65.52996452034948,,1,43.94363621235482,64.29674750986933,0.0,0.0,77.87884760261717
20260808_162715,50.0,4,C,Homography,ihawk2,,,65.52996452034948,,1,62.02862324535053,1.311753312404824,0.0,0.0,62.04249187827843
20260808_162715,50.0,4,C,Homography,EqualFusion,0.1860772569073205,0.8139227430926795,65.52996452034948,,1,52.986129728852674,32.804250411137076,0.0,0.0,62.318928012919095
20260808_162715,50.0,4,C,Homography,LOOWeightedFusion,0.1860772569073205,0.8139227430926795,65.52996452034948,,1,58.66341846704623,13.031828258992519,0.0,0.0,60.093470643753435
20260808_162715,50.0,4,C,Homography,LOOWeightedGated,0.1860772569073205,0.8139227430926795,65.52996452034948,0.4995099461069983,0,,,0.0,0.0,
20260808_162715,50.0,4,C,PnP,ihawk1,,,6.5622833300902155,,1,4.722648422870037,4.927009276819772,0.0,0.0,6.824868389932875
20260808_162715,50.0,4,C,PnP,ihawk2,,,6.5622833300902155,,1,2.948128409884795,-1.3907942361026413,0.0,0.0,3.2597192714014778
20260808_162715,50.0,4,C,PnP,EqualFusion,0.14897250620847505,0.851027493791525,6.5622833300902155,,1,3.835388416377416,1.7681075203585657,0.0,0.0,4.22331723980458
20260808_162715,50.0,4,C,PnP,LOOWeightedFusion,0.14897250620847505,0.851027493791525,6.5622833300902155,,1,3.2124831035363024,-0.4496152130498815,0.0,0.0,3.243794310728121
20260808_162715,50.0,4,C,PnP,LOOWeightedGated,0.14897250620847505,0.851027493791525,6.5622833300902155,13.870431873632965,1,3.2124831035363024,-0.4496152130498815,0.0,0.0,3.243794310728121
