resolution_id,width_px,height_px,run_id,camera_id,height_gt_mm,frame_index,qc_excluded,n_expected_markers_detected,complete_five_marker_detection,resize_latency_median_ms_excluded_from_pipeline,resize_latency_p95_ms_excluded_from_pipeline,detection_latency_median_ms,detection_latency_p95_ms,detection_timing_repeats
r640x400,640,400,20260808_131913,ihawk1,0.0,1,0,5,1,0.0,0.0,4.7843,5.0680000000000005,5
r480x300,480,300,20260808_131913,ihawk1,0.0,1,0,5,1,0.6496,0.78188,3.0615,3.11692,5
r320x200,320,200,20260808_131913,ihawk1,0.0,1,0,4,0,0.0348,0.03642,2.0006,2.15376,5
r240x150,240,150,20260808_131913,ihawk1,0.0,1,0,3,0,0.4239,0.43422,1.2669,2.0105999999999997,5
r160x100,160,100,20260808_131913,ihawk1,0.0,1,0,1,0,0.1591,0.18408,2.28,2.32706,5
r640x400,640,400,20260808_131913,ihawk1,0.0,2,0,5,1,0.0,0.0,4.6296,5.01494,5
r480x300,480,300,20260808_131913,ihawk1,0.0,2,0,5,1,0.6098,0.6157,2.9326,3.24992,5
r320x200,320,200,20260808_131913,ihawk1,0.0,2,0,4,0,0.0373,0.039920000000000004,1.937,2.08316,5
r240x150,240,150,20260808_131913,ihawk1,0.0,2,0,3,0,0.416,0.4231,1.2645,1.9462799999999998,5
r160x100,160,100,20260808_131913,ihawk1,0.0,2,0,0,0,0.157,0.1833,2.3505,2.39346,5
r640x400,640,400,20260808_131913,ihawk1,0.0,3,0,5,1,0.0,0.0,4.7421,4.81074,5
r480x300,480,300,20260808_131913,ihawk1,0.0,3,0,5,1,0.6649,0.67626,2.8944,3.75834,5
r320x200,320,200,20260808_131913,ihawk1,0.0,3,0,4,0,0.0346,0.04597999999999999,2.0151,2.91156,5
r240x150,240,150,20260808_131913,ihawk1,0.0,3,0,3,0,0.4159,0.42438,1.2783,1.35962,5
r160x100,160,100,20260808_131913,ihawk1,0.0,3,0,0,0,0.1594,0.16524,2.4111,2.44208,5
r640x400,640,400,20260808_131913,ihawk1,5.0,1,0,5,1,0.0,0.0,4.7885,4.9379800000000005,5
r480x300,480,300,20260808_131913,ihawk1,5.0,1,0,5,1,0.6019,0.6501399999999999,3.0149,3.1358800000000002,5
r320x200,320,200,20260808_131913,ihawk1,5.0,1,0,4,0,0.0347,0.036539999999999996,1.876,1.89394,5
r240x150,240,150,20260808_131913,ihawk1,5.0,1,0,3,0,0.4212,0.48188000000000003,1.2945,1.3586,5
r160x100,160,100,20260808_131913,ihawk1,5.0,1,0,1,0,0.209,0.21944,2.4098,2.4819400000000003,5
r640x400,640,400,20260808_131913,ihawk1,5.0,2,0,5,1,0.0,0.0,4.6285,5.40154,5
r480x300,480,300,20260808_131913,ihawk1,5.0,2,0,5,1,0.6029,0.60498,2.9807,3.1128199999999997,5
r320x200,320,200,20260808_131913,ihawk1,5.0,2,0,4,0,0.0345,0.03774,1.9066,2.0034400000000003,5
r240x150,240,150,20260808_131913,ihawk1,5.0,2,0,3,0,0.4151,0.42588,1.3466,1.6713200000000001,5
r160x100,160,100,20260808_131913,ihawk1,5.0,2,0,1,0,0.1578,0.1645,2.5493,3.0881000000000003,5
r640x400,640,400,20260808_131913,ihawk1,5.0,3,0,5,1,0.0,0.0,5.0671,5.33384,5
r480x300,480,300,20260808_131913,ihawk1,5.0,3,0,5,1,0.598,0.6088,2.9759,3.1743799999999998,5
r320x200,320,200,20260808_131913,ihawk1,5.0,3,0,4,0,0.0346,0.0372,1.8974,2.0412999999999997,5
r240x150,240,150,20260808_131913,ihawk1,5.0,3,0,3,0,0.4132,0.42316000000000004,1.3804,1.90944,5
r160x100,160,100,20260808_131913,ihawk1,5.0,3,0,1,0,0.1588,0.17904,2.4108,3.0768999999999997,5
r640x400,640,400,20260808_131913,ihawk1,10.0,1,0,5,1,0.0,0.0,4.9322,5.51154,5
r480x300,480,300,20260808_131913,ihawk1,10.0,1,0,5,1,0.5987,0.64988,3.021,3.14386,5
r320x200,320,200,20260808_131913,ihawk1,10.0,1,0,3,0,0.0351,0.03694,2.029,2.187,5
r240x150,240,150,20260808_131913,ihawk1,10.0,1,0,2,0,0.4243,0.42852,1.2906,1.6499199999999998,5
r160x100,160,100,20260808_131913,ihawk1,10.0,1,0,1,0,0.1587,0.16605999999999999,2.4506,2.4682600000000003,5
r640x400,640,400,20260808_131913,ihawk1,10.0,2,0,5,1,0.0,0.0,4.9049,5.16942,5
r480x300,480,300,20260808_131913,ihawk1,10.0,2,0,5,1,0.6114,0.66186,3.0301,3.12188,5
r320x200,320,200,20260808_131913,ihawk1,10.0,2,0,3,0,0.0367,0.04632,1.9918,2.0347399999999998,5
r240x150,240,150,20260808_131913,ihawk1,10.0,2,0,2,0,0.4208,0.42552,1.2518,1.2836999999999998,5
r160x100,160,100,20260808_131913,ihawk1,10.0,2,0,1,0,0.1587,0.17662,2.3438,2.3848599999999998,5
r640x400,640,400,20260808_131913,ihawk1,10.0,3,0,5,1,0.0,0.0,4.7924,5.289680000000001,5
r480x300,480,300,20260808_131913,ihawk1,10.0,3,0,5,1,0.6051,0.61992,3.1807,3.63226,5
r320x200,320,200,20260808_131913,ihawk1,10.0,3,0,3,0,0.035,0.047779999999999996,1.9508,1.9804599999999999,5
r240x150,240,150,20260808_131913,ihawk1,10.0,3,0,2,0,0.4363,0.44251999999999997,1.2716,1.3170600000000001,5
r160x100,160,100,20260808_131913,ihawk1,10.0,3,0,1,0,0.1574,0.16796,2.2551,2.29508,5
r640x400,640,400,20260808_131913,ihawk1,15.0,1,0,5,1,0.0,0.0,5.1357,5.54356,5
r480x300,480,300,20260808_131913,ihawk1,15.0,1,0,5,1,0.6231,0.67082,3.1225,3.33868,5
r320x200,320,200,20260808_131913,ihawk1,15.0,1,0,4,0,0.0386,0.04074,2.1005,2.3121199999999997,5
r240x150,240,150,20260808_131913,ihawk1,15.0,1,0,2,0,0.4328,0.8400199999999999,1.3339,1.84314,5
r160x100,160,100,20260808_131913,ihawk1,15.0,1,0,0,0,0.1553,0.18272,2.5933,2.6885600000000003,5
r640x400,640,400,20260808_131913,ihawk1,15.0,2,0,5,1,0.0,0.0,4.9382,5.594639999999999,5
r480x300,480,300,20260808_131913,ihawk1,15.0,2,0,5,1,0.5986,0.7101,3.207,3.3668,5
r320x200,320,200,20260808_131913,ihawk1,15.0,2,0,4,0,0.0352,0.05924,2.0557,2.46926,5
r240x150,240,150,20260808_131913,ihawk1,15.0,2,0,2,0,0.4353,0.49486,1.3861,1.5359,5
r160x100,160,100,20260808_131913,ihawk1,15.0,2,0,0,0,0.1913,0.45668000000000003,2.5048,2.55272,5
r640x400,640,400,20260808_131913,ihawk1,15.0,3,0,5,1,0.0,0.0,4.8384,5.91512,5
r480x300,480,300,20260808_131913,ihawk1,15.0,3,0,4,0,0.6057,0.62226,3.1447,3.94102,5
r320x200,320,200,20260808_131913,ihawk1,15.0,3,0,4,0,0.0353,0.054060000000000004,2.0619,2.49094,5
r240x150,240,150,20260808_131913,ihawk1,15.0,3,0,2,0,0.4273,0.44098,1.4223,1.47178,5
r160x100,160,100,20260808_131913,ihawk1,15.0,3,0,0,0,0.1584,0.18284,2.6845,2.78728,5
r640x400,640,400,20260808_131913,ihawk1,20.0,1,0,5,1,0.0,0.0,4.6764,4.99458,5
r480x300,480,300,20260808_131913,ihawk1,20.0,1,0,5,1,0.6236,0.65352,3.0177,3.37636,5
r320x200,320,200,20260808_131913,ihawk1,20.0,1,0,5,1,0.0347,0.03966,1.9189,1.9451800000000001,5
r240x150,240,150,20260808_131913,ihawk1,20.0,1,0,1,0,0.4198,0.42285999999999996,1.2662,1.30592,5
r160x100,160,100,20260808_131913,ihawk1,20.0,1,0,0,0,0.1575,0.17074,2.4778,2.55982,5
r640x400,640,400,20260808_131913,ihawk1,20.0,2,0,5,1,0.0,0.0,4.75,4.8624600000000004,5
r480x300,480,300,20260808_131913,ihawk1,20.0,2,0,4,0,0.6043,0.60934,3.0044,3.08004,5
r320x200,320,200,20260808_131913,ihawk1,20.0,2,0,5,1,0.0345,0.036500000000000005,1.9561,2.02386,5
r240x150,240,150,20260808_131913,ihawk1,20.0,2,0,1,0,0.4138,0.4228,1.2812,1.4656,5
r160x100,160,100,20260808_131913,ihawk1,20.0,2,0,0,0,0.1586,0.17587999999999998,2.4864,2.51244,5
r640x400,640,400,20260808_131913,ihawk1,20.0,3,0,5,1,0.0,0.0,4.7925,5.01262,5
r480x300,480,300,20260808_131913,ihawk1,20.0,3,0,5,1,0.6813,0.74068,3.1226,3.3756,5
r320x200,320,200,20260808_131913,ihawk1,20.0,3,0,5,1,0.0351,0.04602,2.0882,2.17122,5
r240x150,240,150,20260808_131913,ihawk1,20.0,3,0,1,0,0.4168,0.5277,1.3235,1.36184,5
r160x100,160,100,20260808_131913,ihawk1,20.0,3,0,0,0,0.1615,0.21778,2.6856,2.70336,5
r640x400,640,400,20260808_131913,ihawk1,25.0,1,0,5,1,0.0,0.0,5.1413,5.21654,5
r480x300,480,300,20260808_131913,ihawk1,25.0,1,0,5,1,0.6575,0.69576,3.3709,3.43928,5
r320x200,320,200,20260808_131913,ihawk1,25.0,1,0,4,0,0.035,0.0388,2.1914,2.32146,5
r240x150,240,150,20260808_131913,ihawk1,25.0,1,0,2,0,0.4207,0.4629,1.3742,1.4779799999999998,5
r160x100,160,100,20260808_131913,ihawk1,25.0,1,0,1,0,0.1585,0.1678,2.6663,2.74434,5
r640x400,640,400,20260808_131913,ihawk1,25.0,2,0,5,1,0.0,0.0,5.0965,5.1849799999999995,5
r480x300,480,300,20260808_131913,ihawk1,25.0,2,0,5,1,0.6106,0.69834,3.322,3.32812,5
r320x200,320,200,20260808_131913,ihawk1,25.0,2,0,4,0,0.0347,0.08843999999999999,2.1705,2.23512,5
r240x150,240,150,20260808_131913,ihawk1,25.0,2,0,2,0,0.4198,0.47400000000000003,1.4304,1.44298,5
r160x100,160,100,20260808_131913,ihawk1,25.0,2,0,1,0,0.1652,0.21889999999999998,2.5796,2.64734,5
r640x400,640,400,20260808_131913,ihawk1,25.0,3,0,5,1,0.0,0.0,5.1403,5.27544,5
r480x300,480,300,20260808_131913,ihawk1,25.0,3,0,5,1,0.6028,0.6220800000000001,3.2187,3.42094,5
r320x200,320,200,20260808_131913,ihawk1,25.0,3,0,4,0,0.0346,0.03736,2.2103,2.27982,5
r240x150,240,150,20260808_131913,ihawk1,25.0,3,0,2,0,0.4202,0.52342,1.4011,1.4988,5
r160x100,160,100,20260808_131913,ihawk1,25.0,3,0,1,0,0.1586,0.19427999999999998,2.6024,2.75146,5
r640x400,640,400,20260808_131913,ihawk1,30.0,1,0,5,1,0.0,0.0,4.9146,6.16144,5
r480x300,480,300,20260808_131913,ihawk1,30.0,1,0,4,0,0.5962,0.60204,3.2745,3.57846,5
r320x200,320,200,20260808_131913,ihawk1,30.0,1,0,3,0,0.0346,0.04768,2.1079,2.40866,5
r240x150,240,150,20260808_131913,ihawk1,30.0,1,0,2,0,0.4493,0.53346,1.4477,1.4912,5
r160x100,160,100,20260808_131913,ihawk1,30.0,1,0,0,0,0.1543,0.1678,2.3732,2.56618,5
r640x400,640,400,20260808_131913,ihawk1,30.0,2,0,5,1,0.0,0.0,5.1341,5.19474,5
r480x300,480,300,20260808_131913,ihawk1,30.0,2,0,4,0,0.6004,0.6586399999999999,3.3098,3.3915800000000003,5
r320x200,320,200,20260808_131913,ihawk1,30.0,2,0,3,0,0.0346,0.03964,2.2581,2.28904,5
r240x150,240,150,20260808_131913,ihawk1,30.0,2,0,2,0,0.4219,0.4745,1.4517,1.52262,5
r160x100,160,100,20260808_131913,ihawk1,30.0,2,0,0,0,0.1822,0.19838,2.327,2.40792,5
r640x400,640,400,20260808_131913,ihawk1,30.0,3,0,5,1,0.0,0.0,5.1088,5.8165000000000004,5
r480x300,480,300,20260808_131913,ihawk1,30.0,3,0,4,0,0.6088,0.64434,3.1806,3.25346,5
r320x200,320,200,20260808_131913,ihawk1,30.0,3,0,3,0,0.0345,0.036719999999999996,2.036,2.37302,5
r240x150,240,150,20260808_131913,ihawk1,30.0,3,0,2,0,0.4198,0.42710000000000004,1.4526,1.61764,5
r160x100,160,100,20260808_131913,ihawk1,30.0,3,0,0,0,0.1563,0.17422,2.24,2.2824999999999998,5
r640x400,640,400,20260808_131913,ihawk1,35.0,1,0,5,1,0.0,0.0,5.199,5.255459999999999,5
r480x300,480,300,20260808_131913,ihawk1,35.0,1,0,5,1,0.6026,0.6083,3.1743,3.23558,5
r320x200,320,200,20260808_131913,ihawk1,35.0,1,0,3,0,0.0347,0.03914,2.6494,3.0196199999999997,5
r240x150,240,150,20260808_131913,ihawk1,35.0,1,0,3,0,0.4674,0.49478,1.3682,1.40696,5
r160x100,160,100,20260808_131913,ihawk1,35.0,1,0,0,0,0.1847,0.5579799999999999,2.2928,2.87958,5
r640x400,640,400,20260808_131913,ihawk1,35.0,2,0,5,1,0.0,0.0,5.1306,5.22938,5
r480x300,480,300,20260808_131913,ihawk1,35.0,2,0,5,1,0.6133,0.75956,3.2039,3.37658,5
r320x200,320,200,20260808_131913,ihawk1,35.0,2,0,3,0,0.0352,0.049159999999999995,2.1353,2.3953599999999997,5
r240x150,240,150,20260808_131913,ihawk1,35.0,2,0,3,0,0.4208,0.42772,1.4063,1.44136,5
r160x100,160,100,20260808_131913,ihawk1,35.0,2,0,0,0,0.1623,0.27514,2.4982,3.48804,5
r640x400,640,400,20260808_131913,ihawk1,35.0,3,0,5,1,0.0,0.0,5.5317,5.8684400000000005,5
r480x300,480,300,20260808_131913,ihawk1,35.0,3,0,5,1,0.6197,0.6340399999999999,3.1888,3.25968,5
r320x200,320,200,20260808_131913,ihawk1,35.0,3,0,3,0,0.0345,0.0371,2.1305,2.19648,5
r240x150,240,150,20260808_131913,ihawk1,35.0,3,0,3,0,0.4231,0.50864,1.4368,2.1386399999999997,5
r160x100,160,100,20260808_131913,ihawk1,35.0,3,0,0,0,0.1567,0.16924,2.6377,2.77278,5
r640x400,640,400,20260808_131913,ihawk1,40.0,1,0,5,1,0.0,0.0,5.6082,6.1558,5
r480x300,480,300,20260808_131913,ihawk1,40.0,1,0,4,0,0.6039,0.6333,3.1528,3.39004,5
r320x200,320,200,20260808_131913,ihawk1,40.0,1,0,4,0,0.0372,0.049539999999999994,1.9776,2.06406,5
r240x150,240,150,20260808_131913,ihawk1,40.0,1,0,3,0,0.4291,0.437,1.4932,1.7408,5
r160x100,160,100,20260808_131913,ihawk1,40.0,1,0,0,0,0.1583,0.17834,2.7233,2.98624,5
r640x400,640,400,20260808_131913,ihawk1,40.0,2,0,5,1,0.0,0.0,5.3742,6.01482,5
r480x300,480,300,20260808_131913,ihawk1,40.0,2,0,4,0,0.6003,0.64522,3.1448,3.33948,5
r320x200,320,200,20260808_131913,ihawk1,40.0,2,0,4,0,0.0343,0.04989999999999999,2.0079,2.04074,5
r240x150,240,150,20260808_131913,ihawk1,40.0,2,0,3,0,0.4319,0.46546,1.3451,1.4266,5
r160x100,160,100,20260808_131913,ihawk1,40.0,2,0,0,0,0.1795,0.22677999999999998,2.602,2.79654,5
r640x400,640,400,20260808_131913,ihawk1,40.0,3,0,5,1,0.0,0.0,5.4819,5.90844,5
r480x300,480,300,20260808_131913,ihawk1,40.0,3,0,4,0,0.6904,0.7327,3.2928,3.54906,5
r320x200,320,200,20260808_131913,ihawk1,40.0,3,0,4,0,0.035,0.03804,2.3434,3.1445,5
r240x150,240,150,20260808_131913,ihawk1,40.0,3,0,3,0,0.4188,0.44238,1.3374,1.5589,5
r160x100,160,100,20260808_131913,ihawk1,40.0,3,0,0,0,0.1701,0.18422,3.5978,4.06372,5
r640x400,640,400,20260808_131913,ihawk1,45.0,1,0,5,1,0.0,0.0,5.5376,6.06212,5
r480x300,480,300,20260808_131913,ihawk1,45.0,1,0,5,1,0.6219,0.7363999999999999,3.1635,3.56282,5
r320x200,320,200,20260808_131913,ihawk1,45.0,1,0,3,0,0.0352,0.0414,2.2176,2.3192,5
r240x150,240,150,20260808_131913,ihawk1,45.0,1,0,4,0,0.4353,0.44338,1.4491,2.2349,5
r160x100,160,100,20260808_131913,ihawk1,45.0,1,0,0,0,0.2121,0.24574,2.5434,2.7591,5
r640x400,640,400,20260808_131913,ihawk1,45.0,2,0,5,1,0.0,0.0,5.1226,5.95536,5
r480x300,480,300,20260808_131913,ihawk1,45.0,2,0,5,1,0.6143,0.62294,3.121,3.3901,5
r320x200,320,200,20260808_131913,ihawk1,45.0,2,0,3,0,0.035,0.04652,2.0601,2.25566,5
r240x150,240,150,20260808_131913,ihawk1,45.0,2,0,4,0,0.4239,0.50948,1.4892,1.6301400000000001,5
r160x100,160,100,20260808_131913,ihawk1,45.0,2,0,0,0,0.1651,0.1737,2.6402,3.11616,5
r640x400,640,400,20260808_131913,ihawk1,45.0,3,0,5,1,0.0,0.0,5.0287,5.36714,5
r480x300,480,300,20260808_131913,ihawk1,45.0,3,0,5,1,0.6056,0.61804,3.1169,3.4764799999999996,5
r320x200,320,200,20260808_131913,ihawk1,45.0,3,0,3,0,0.0347,0.03874,2.0423,3.0947199999999997,5
r240x150,240,150,20260808_131913,ihawk1,45.0,3,0,4,0,0.4202,0.53522,1.5219,1.70886,5
r160x100,160,100,20260808_131913,ihawk1,45.0,3,0,0,0,0.1587,0.16519999999999999,2.6698,2.80032,5
r640x400,640,400,20260808_131913,ihawk1,50.0,1,0,5,1,0.0,0.0,5.8473,6.25668,5
r480x300,480,300,20260808_131913,ihawk1,50.0,1,0,5,1,0.6103,0.9195,3.5668,4.0481,5
r320x200,320,200,20260808_131913,ihawk1,50.0,1,0,3,0,0.0349,0.03684,2.1364,2.2807399999999998,5
r240x150,240,150,20260808_131913,ihawk1,50.0,1,0,3,0,0.4299,0.46982,1.4425,1.538,5
r160x100,160,100,20260808_131913,ihawk1,50.0,1,0,0,0,0.1587,0.1664,2.478,2.93268,5
r640x400,640,400,20260808_131913,ihawk1,50.0,2,0,5,1,0.0,0.0,5.1947,6.07306,5
r480x300,480,300,20260808_131913,ihawk1,50.0,2,0,5,1,0.6342,0.65096,3.1801,3.9928999999999997,5
r320x200,320,200,20260808_131913,ihawk1,50.0,2,0,3,0,0.037,0.03822,2.1147,2.3871599999999997,5
r240x150,240,150,20260808_131913,ihawk1,50.0,2,0,3,0,0.4129,0.42310000000000003,1.4684,1.6748399999999999,5
r160x100,160,100,20260808_131913,ihawk1,50.0,2,0,0,0,0.1583,0.17656,2.5198,2.9547399999999997,5
r640x400,640,400,20260808_131913,ihawk1,50.0,3,0,5,1,0.0,0.0,5.1133,5.370959999999999,5
r480x300,480,300,20260808_131913,ihawk1,50.0,3,0,5,1,0.5986,0.64476,3.2422,3.48944,5
r320x200,320,200,20260808_131913,ihawk1,50.0,3,0,3,0,0.0347,0.03636,2.1007,2.4692,5
r240x150,240,150,20260808_131913,ihawk1,50.0,3,0,3,0,0.4293,1.01304,1.3326,2.00778,5
r160x100,160,100,20260808_131913,ihawk1,50.0,3,0,0,0,0.1568,0.18309999999999998,2.4903,2.82448,5
r640x400,640,400,20260808_131913,ihawk2,0.0,1,0,5,1,0.0,0.0,4.2565,4.7015,5
r480x300,480,300,20260808_131913,ihawk2,0.0,1,0,5,1,0.603,0.6114200000000001,2.8209,4.035019999999999,5
r320x200,320,200,20260808_131913,ihawk2,0.0,1,0,5,1,0.0344,0.036699999999999997,1.7104,2.6109,5
r240x150,240,150,20260808_131913,ihawk2,0.0,1,0,4,0,0.4195,0.42426,1.2222,1.4763799999999998,5
r160x100,160,100,20260808_131913,ihawk2,0.0,1,0,3,0,0.1583,0.16842,2.0221,2.5371799999999998,5
r640x400,640,400,20260808_131913,ihawk2,0.0,2,0,5,1,0.0,0.0,4.3557,5.73166,5
r480x300,480,300,20260808_131913,ihawk2,0.0,2,0,5,1,0.5941,0.5961000000000001,2.8211,3.4127799999999997,5
r320x200,320,200,20260808_131913,ihawk2,0.0,2,0,5,1,0.0385,0.04068,1.6771,2.07726,5
r240x150,240,150,20260808_131913,ihawk2,0.0,2,0,4,0,0.4235,0.70924,1.3077,1.4963,5
r160x100,160,100,20260808_131913,ihawk2,0.0,2,0,3,0,0.1584,0.17246,2.111,2.4464599999999996,5
r640x400,640,400,20260808_131913,ihawk2,0.0,3,0,5,1,0.0,0.0,4.3805,5.15924,5
r480x300,480,300,20260808_131913,ihawk2,0.0,3,0,5,1,0.5968,0.6143,2.8248,3.1973,5
r320x200,320,200,20260808_131913,ihawk2,0.0,3,0,5,1,0.0347,0.0467,1.7658,2.16458,5
r240x150,240,150,20260808_131913,ihawk2,0.0,3,0,4,0,0.4162,0.42622,1.2199,1.24364,5
r160x100,160,100,20260808_131913,ihawk2,0.0,3,0,3,0,0.2454,0.2646,2.8369,2.97098,5
r640x400,640,400,20260808_131913,ihawk2,5.0,1,0,5,1,0.0,0.0,4.6175,4.825880000000001,5
r480x300,480,300,20260808_131913,ihawk2,5.0,1,0,5,1,0.5992,0.6030000000000001,2.7809,3.39968,5
r320x200,320,200,20260808_131913,ihawk2,5.0,1,0,5,1,0.0395,0.0477,1.6761,1.76376,5
r240x150,240,150,20260808_131913,ihawk2,5.0,1,0,1,0,0.5255,0.9070999999999999,1.308,1.39096,5
r160x100,160,100,20260808_131913,ihawk2,5.0,1,0,2,0,0.1582,0.17162,2.2795,2.58026,5
r640x400,640,400,20260808_131913,ihawk2,5.0,2,0,5,1,0.0,0.0,4.5798,5.0171399999999995,5
r480x300,480,300,20260808_131913,ihawk2,5.0,2,0,5,1,0.6005,0.60232,2.9199,3.1181,5
r320x200,320,200,20260808_131913,ihawk2,5.0,2,0,5,1,0.0347,0.046239999999999996,1.6671,1.90534,5
r240x150,240,150,20260808_131913,ihawk2,5.0,2,0,1,0,0.4215,0.45026,1.5683,1.60236,5
r160x100,160,100,20260808_131913,ihawk2,5.0,2,0,2,0,0.1581,0.17642,2.1029,2.20782,5
r640x400,640,400,20260808_131913,ihawk2,5.0,3,0,5,1,0.0,0.0,5.2259,5.842700000000001,5
r480x300,480,300,20260808_131913,ihawk2,5.0,3,0,5,1,0.611,0.65886,2.967,3.2574199999999998,5
r320x200,320,200,20260808_131913,ihawk2,5.0,3,0,5,1,0.0347,0.03754,1.6862,1.70036,5
r240x150,240,150,20260808_131913,ihawk2,5.0,3,0,1,0,0.4151,0.68782,1.3137,1.37302,5
r160x100,160,100,20260808_131913,ihawk2,5.0,3,0,2,0,0.1963,0.3956,2.092,2.1935800000000003,5
r640x400,640,400,20260808_131913,ihawk2,10.0,1,0,5,1,0.0,0.0,5.0057,5.39648,5
r480x300,480,300,20260808_131913,ihawk2,10.0,1,0,5,1,0.6093,0.6149199999999999,2.6088,3.1265,5
r320x200,320,200,20260808_131913,ihawk2,10.0,1,0,4,0,0.0345,0.036320000000000005,1.6613,1.9105599999999998,5
r240x150,240,150,20260808_131913,ihawk2,10.0,1,0,3,0,0.4203,0.42482,1.365,1.8175,5
r160x100,160,100,20260808_131913,ihawk2,10.0,1,0,2,0,0.1563,0.1696,1.5078,2.15048,5
r640x400,640,400,20260808_131913,ihawk2,10.0,2,0,5,1,0.0,0.0,4.581,4.78308,5
r480x300,480,300,20260808_131913,ihawk2,10.0,2,0,5,1,0.5999,0.6036400000000001,2.7286,3.72186,5
r320x200,320,200,20260808_131913,ihawk2,10.0,2,0,4,0,0.0398,0.05304,1.6885,2.1680200000000003,5
r240x150,240,150,20260808_131913,ihawk2,10.0,2,0,3,0,0.4123,0.42188,1.2868,1.77204,5
r160x100,160,100,20260808_131913,ihawk2,10.0,2,0,2,0,0.1578,0.1652,1.4973,1.68202,5
r640x400,640,400,20260808_131913,ihawk2,10.0,3,0,5,1,0.0,0.0,4.6176,5.21286,5
r480x300,480,300,20260808_131913,ihawk2,10.0,3,0,5,1,0.6083,0.61458,2.5883,2.83444,5
r320x200,320,200,20260808_131913,ihawk2,10.0,3,0,4,0,0.035,0.0381,1.6849,1.935,5
r240x150,240,150,20260808_131913,ihawk2,10.0,3,0,3,0,0.4309,0.43732,1.4208,1.45246,5
r160x100,160,100,20260808_131913,ihawk2,10.0,3,0,2,0,0.1565,0.16684000000000002,1.5187,2.26148,5
r640x400,640,400,20260808_131913,ihawk2,15.0,1,0,5,1,0.0,0.0,4.1814,4.45264,5
r480x300,480,300,20260808_131913,ihawk2,15.0,1,0,5,1,0.597,0.6032799999999999,2.5922,3.80044,5
r320x200,320,200,20260808_131913,ihawk2,15.0,1,0,5,1,0.0347,0.03816,1.6672,1.9100599999999999,5
r240x150,240,150,20260808_131913,ihawk2,15.0,1,0,4,0,0.4175,0.42264,1.3432,1.79468,5
r160x100,160,100,20260808_131913,ihawk2,15.0,1,0,3,0,0.162,0.16693999999999998,1.8643,2.10186,5
r640x400,640,400,20260808_131913,ihawk2,15.0,2,0,5,1,0.0,0.0,4.4463,6.0715200000000005,5
r480x300,480,300,20260808_131913,ihawk2,15.0,2,0,5,1,0.6056,0.6062799999999999,2.5586,2.86622,5
r320x200,320,200,20260808_131913,ihawk2,15.0,2,0,5,1,0.0458,0.047099999999999996,1.6137,1.7208599999999998,5
r240x150,240,150,20260808_131913,ihawk2,15.0,2,0,4,0,0.4155,0.4265,1.2356,1.4691,5
r160x100,160,100,20260808_131913,ihawk2,15.0,2,0,3,0,0.1606,0.17116,1.7123,2.10804,5
r640x400,640,400,20260808_131913,ihawk2,15.0,3,0,5,1,0.0,0.0,4.3332,4.9572199999999995,5
r480x300,480,300,20260808_131913,ihawk2,15.0,3,0,5,1,0.5966,0.60064,2.6013,3.07618,5
r320x200,320,200,20260808_131913,ihawk2,15.0,3,0,5,1,0.0346,0.03646,1.9076,2.1113399999999998,5
r240x150,240,150,20260808_131913,ihawk2,15.0,3,0,4,0,0.4216,0.42529999999999996,1.2309,1.4011,5
r160x100,160,100,20260808_131913,ihawk2,15.0,3,0,3,0,0.1561,0.1672,1.8196,2.03018,5
r640x400,640,400,20260808_131913,ihawk2,20.0,1,0,5,1,0.0,0.0,4.2304,4.97052,5
r480x300,480,300,20260808_131913,ihawk2,20.0,1,0,4,0,0.5971,0.6006,2.5993,2.9781,5
r320x200,320,200,20260808_131913,ihawk2,20.0,1,0,4,0,0.0347,0.03618,1.7403,2.35718,5
r240x150,240,150,20260808_131913,ihawk2,20.0,1,0,4,0,0.415,0.42628,1.4932,1.5637999999999999,5
r160x100,160,100,20260808_131913,ihawk2,20.0,1,0,3,0,0.1555,0.16562,1.5373,1.8946,5
r640x400,640,400,20260808_131913,ihawk2,20.0,2,0,5,1,0.0,0.0,4.3025,4.6383600000000005,5
r480x300,480,300,20260808_131913,ihawk2,20.0,2,0,4,0,0.6086,0.61912,2.6826,2.963,5
r320x200,320,200,20260808_131913,ihawk2,20.0,2,0,4,0,0.0348,0.036340000000000004,1.7104,2.22594,5
r240x150,240,150,20260808_131913,ihawk2,20.0,2,0,3,0,0.4104,0.4239,1.3042,1.60914,5
r160x100,160,100,20260808_131913,ihawk2,20.0,2,0,3,0,0.1551,0.1651,1.6015,1.9008399999999999,5
r640x400,640,400,20260808_131913,ihawk2,20.0,3,0,5,1,0.0,0.0,4.0147,4.2703999999999995,5
r480x300,480,300,20260808_131913,ihawk2,20.0,3,0,5,1,0.5995,0.6051,2.9316,3.48918,5
r320x200,320,200,20260808_131913,ihawk2,20.0,3,0,4,0,0.0415,0.047279999999999996,2.3467,2.82992,5
r240x150,240,150,20260808_131913,ihawk2,20.0,3,0,3,0,0.4152,0.42276,1.2228,1.48976,5
r160x100,160,100,20260808_131913,ihawk2,20.0,3,0,3,0,0.1546,0.16791999999999999,1.7421,2.29714,5
r640x400,640,400,20260808_131913,ihawk2,25.0,1,0,5,1,0.0,0.0,4.1752,4.74498,5
r480x300,480,300,20260808_131913,ihawk2,25.0,1,0,5,1,0.6011,0.60462,2.7337,3.07258,5
r320x200,320,200,20260808_131913,ihawk2,25.0,1,0,5,1,0.0346,0.0362,1.6774,1.9555799999999999,5
r240x150,240,150,20260808_131913,ihawk2,25.0,1,0,4,0,0.4125,0.4259,1.5103,1.63836,5
r160x100,160,100,20260808_131913,ihawk2,25.0,1,0,1,0,0.1555,0.1653,2.0567,2.1975,5
r640x400,640,400,20260808_131913,ihawk2,25.0,2,0,5,1,0.0,0.0,4.5745,4.76904,5
r480x300,480,300,20260808_131913,ihawk2,25.0,2,0,5,1,0.5996,0.60072,2.7597,3.3964000000000003,5
r320x200,320,200,20260808_131913,ihawk2,25.0,2,0,5,1,0.0396,0.050899999999999994,1.7079,1.8226,5
r240x150,240,150,20260808_131913,ihawk2,25.0,2,0,4,0,0.427,0.50406,1.3195,1.6267399999999999,5
r160x100,160,100,20260808_131913,ihawk2,25.0,2,0,1,0,0.1543,0.16488,1.9847,2.40204,5
r640x400,640,400,20260808_131913,ihawk2,25.0,3,0,5,1,0.0,0.0,4.9251,5.01992,5
r480x300,480,300,20260808_131913,ihawk2,25.0,3,0,5,1,0.6958,0.8362599999999999,2.9207,3.14318,5
r320x200,320,200,20260808_131913,ihawk2,25.0,3,0,5,1,0.0345,0.0375,1.655,1.67768,5
r240x150,240,150,20260808_131913,ihawk2,25.0,3,0,4,0,0.4178,0.42832,1.2579,1.29854,5
r160x100,160,100,20260808_131913,ihawk2,25.0,3,0,1,0,0.1615,0.16826,1.9959,2.27668,5
r640x400,640,400,20260808_131913,ihawk2,30.0,1,0,5,1,0.0,0.0,4.356,4.65914,5
r480x300,480,300,20260808_131913,ihawk2,30.0,1,0,5,1,0.838,0.84416,2.9182,3.1326,5
r320x200,320,200,20260808_131913,ihawk2,30.0,1,0,5,1,0.0349,0.03762,1.7259,2.56356,5
r240x150,240,150,20260808_131913,ihawk2,30.0,1,0,4,0,0.412,0.42478,1.3237,2.00822,5
r160x100,160,100,20260808_131913,ihawk2,30.0,1,0,0,0,0.1608,0.17071999999999998,2.2406,2.64512,5
r640x400,640,400,20260808_131913,ihawk2,30.0,2,0,5,1,0.0,0.0,4.6943,4.92118,5
r480x300,480,300,20260808_131913,ihawk2,30.0,2,0,5,1,0.6025,0.6057,2.8298,3.1725399999999997,5
r320x200,320,200,20260808_131913,ihawk2,30.0,2,0,5,1,0.0347,0.03915999999999999,1.7546,2.7657199999999995,5
r240x150,240,150,20260808_131913,ihawk2,30.0,2,0,4,0,0.4416,0.7886399999999999,1.3367,2.14806,5
r160x100,160,100,20260808_131913,ihawk2,30.0,2,0,0,0,0.1644,0.17376,2.1394,2.31338,5
r640x400,640,400,20260808_131913,ihawk2,30.0,3,0,5,1,0.0,0.0,4.3604,4.51462,5
r480x300,480,300,20260808_131913,ihawk2,30.0,3,0,5,1,0.5955,0.602,3.0499,3.95722,5
r320x200,320,200,20260808_131913,ihawk2,30.0,3,0,5,1,0.0352,0.04484,1.8283,2.55774,5
r240x150,240,150,20260808_131913,ihawk2,30.0,3,0,4,0,0.4264,0.43964,1.9341,2.22062,5
r160x100,160,100,20260808_131913,ihawk2,30.0,3,0,0,0,0.1552,0.16716,2.5738,3.3984799999999997,5
r640x400,640,400,20260808_131913,ihawk2,35.0,1,0,5,1,0.0,0.0,4.611,4.8666,5
r480x300,480,300,20260808_131913,ihawk2,35.0,1,0,5,1,0.5986,0.60676,2.7492,3.01046,5
r320x200,320,200,20260808_131913,ihawk2,35.0,1,0,5,1,0.0348,0.03614,1.7274,1.87904,5
r240x150,240,150,20260808_131913,ihawk2,35.0,1,0,3,0,0.4208,0.42838000000000004,1.2267,1.48468,5
r160x100,160,100,20260808_131913,ihawk2,35.0,1,0,1,0,0.1572,0.17634,1.491,1.52182,5
r640x400,640,400,20260808_131913,ihawk2,35.0,2,0,5,1,0.0,0.0,4.8652,5.51502,5
r480x300,480,300,20260808_131913,ihawk2,35.0,2,0,5,1,0.6092,0.61266,2.7622,3.1490400000000003,5
r320x200,320,200,20260808_131913,ihawk2,35.0,2,0,5,1,0.0351,0.03774,1.7242,1.9424,5
r240x150,240,150,20260808_131913,ihawk2,35.0,2,0,3,0,0.4223,0.42564,1.2465,1.45174,5
r160x100,160,100,20260808_131913,ihawk2,35.0,2,0,1,0,0.1602,0.17371999999999999,1.4607,1.48444,5
r640x400,640,400,20260808_131913,ihawk2,35.0,3,0,5,1,0.0,0.0,4.685,6.957,5
r480x300,480,300,20260808_131913,ihawk2,35.0,3,0,5,1,0.6015,0.60688,2.7126,3.7418,5
r320x200,320,200,20260808_131913,ihawk2,35.0,3,0,5,1,0.0348,0.0414,1.7282,2.34788,5
r240x150,240,150,20260808_131913,ihawk2,35.0,3,0,3,0,0.4265,0.48432000000000003,1.2336,1.3599999999999999,5
r160x100,160,100,20260808_131913,ihawk2,35.0,3,0,1,0,0.1568,0.16668,1.6825,1.8821,5
r640x400,640,400,20260808_131913,ihawk2,40.0,1,0,5,1,0.0,0.0,4.0699,4.3669,5
r480x300,480,300,20260808_131913,ihawk2,40.0,1,0,5,1,0.602,0.60688,2.7407,3.91098,5
r320x200,320,200,20260808_131913,ihawk2,40.0,1,0,5,1,0.0397,0.05474,1.7452,2.1532799999999996,5
r240x150,240,150,20260808_131913,ihawk2,40.0,1,0,4,0,0.4576,0.50236,1.3523,2.0572,5
r160x100,160,100,20260808_131913,ihawk2,40.0,1,0,2,0,0.1551,0.16488,1.3824,1.70278,5
r640x400,640,400,20260808_131913,ihawk2,40.0,2,0,5,1,0.0,0.0,4.1771,4.487,5
r480x300,480,300,20260808_131913,ihawk2,40.0,2,0,5,1,0.6045,0.60766,2.7328,2.9426200000000002,5
r320x200,320,200,20260808_131913,ihawk2,40.0,2,0,5,1,0.0345,0.047099999999999996,1.74,1.9614200000000002,5
r240x150,240,150,20260808_131913,ihawk2,40.0,2,0,4,0,0.4171,0.42344000000000004,1.1919,1.3554599999999999,5
r160x100,160,100,20260808_131913,ihawk2,40.0,2,0,2,0,0.1647,0.17794000000000001,1.4189,1.5592,5
r640x400,640,400,20260808_131913,ihawk2,40.0,3,0,5,1,0.0,0.0,4.2317,4.4151,5
r480x300,480,300,20260808_131913,ihawk2,40.0,3,0,5,1,0.6079,0.61028,2.7539,3.1309799999999997,5
r320x200,320,200,20260808_131913,ihawk2,40.0,3,0,5,1,0.0346,0.03688,1.7614,3.0573,5
r240x150,240,150,20260808_131913,ihawk2,40.0,3,0,4,0,0.4153,0.42404,1.3548,2.1404,5
r160x100,160,100,20260808_131913,ihawk2,40.0,3,0,2,0,0.188,0.20864,1.5128,1.8126799999999998,5
r640x400,640,400,20260808_131913,ihawk2,45.0,1,0,5,1,0.0,0.0,4.2635,5.33498,5
r480x300,480,300,20260808_131913,ihawk2,45.0,1,0,5,1,0.597,0.59734,2.6534,2.925,5
r320x200,320,200,20260808_131913,ihawk2,45.0,1,0,5,1,0.0346,0.0364,1.6193,2.54036,5
r240x150,240,150,20260808_131913,ihawk2,45.0,1,0,4,0,0.4151,0.42354,1.2695,1.41106,5
r160x100,160,100,20260808_131913,ihawk2,45.0,1,0,1,0,0.1553,0.17542,1.6434,1.8651,5
r640x400,640,400,20260808_131913,ihawk2,45.0,2,0,5,1,0.0,0.0,5.1123,5.1940599999999995,5
r480x300,480,300,20260808_131913,ihawk2,45.0,2,0,5,1,0.6018,0.6093,3.4413,3.8386,5
r320x200,320,200,20260808_131913,ihawk2,45.0,2,0,5,1,0.0351,0.0421,1.5783,1.62626,5
r240x150,240,150,20260808_131913,ihawk2,45.0,2,0,4,0,0.4182,0.4306,1.2068,1.47566,5
r160x100,160,100,20260808_131913,ihawk2,45.0,2,0,1,0,0.1621,0.16402,1.7181,2.1753,5
r640x400,640,400,20260808_131913,ihawk2,45.0,3,0,5,1,0.0,0.0,4.4683,5.84918,5
r480x300,480,300,20260808_131913,ihawk2,45.0,3,0,5,1,0.6004,0.63624,2.6937,2.8794600000000004,5
r320x200,320,200,20260808_131913,ihawk2,45.0,3,0,5,1,0.0352,0.0398,1.5791,1.6271200000000001,5
r240x150,240,150,20260808_131913,ihawk2,45.0,3,0,4,0,0.423,0.47156,1.2957,1.43604,5
r160x100,160,100,20260808_131913,ihawk2,45.0,3,0,1,0,0.1554,0.16776,1.7108,2.17298,5
r640x400,640,400,20260808_131913,ihawk2,50.0,1,0,5,1,0.0,0.0,4.1052,4.7575400000000005,5
r480x300,480,300,20260808_131913,ihawk2,50.0,1,0,5,1,0.5979,0.59966,3.0037,3.40534,5
r320x200,320,200,20260808_131913,ihawk2,50.0,1,0,5,1,0.0345,0.040080000000000005,1.7502,1.79186,5
r240x150,240,150,20260808_131913,ihawk2,50.0,1,0,4,0,0.4148,0.42160000000000003,1.3501,1.48066,5
r160x100,160,100,20260808_131913,ihawk2,50.0,1,0,1,0,0.1619,0.16436,1.4799,1.72744,5
r640x400,640,400,20260808_131913,ihawk2,50.0,2,0,5,1,0.0,0.0,4.2219,4.42076,5
r480x300,480,300,20260808_131913,ihawk2,50.0,2,0,5,1,0.6019,0.6244999999999999,2.7042,3.42676,5
r320x200,320,200,20260808_131913,ihawk2,50.0,2,0,5,1,0.0345,0.03576,1.803,1.9656799999999999,5
r240x150,240,150,20260808_131913,ihawk2,50.0,2,0,4,0,0.4152,0.4245,1.308,1.4449800000000002,5
r160x100,160,100,20260808_131913,ihawk2,50.0,2,0,1,0,0.1577,0.16486,1.4981,1.6038,5
r640x400,640,400,20260808_131913,ihawk2,50.0,3,0,5,1,0.0,0.0,4.0675,5.14196,5
r480x300,480,300,20260808_131913,ihawk2,50.0,3,0,5,1,0.5927,0.60406,2.5029,2.78672,5
r320x200,320,200,20260808_131913,ihawk2,50.0,3,0,5,1,0.0346,0.036719999999999996,1.8208,2.1640599999999997,5
r240x150,240,150,20260808_131913,ihawk2,50.0,3,0,4,0,0.4132,0.42094,1.3082,1.4545000000000001,5
r160x100,160,100,20260808_131913,ihawk2,50.0,3,0,1,0,0.1612,0.16918,1.5117,1.5479,5
r640x400,640,400,20260808_141232,ihawk1,0.0,1,0,5,1,0.0,0.0,5.0036,5.2015199999999995,5
r480x300,480,300,20260808_141232,ihawk1,0.0,1,0,5,1,0.598,0.59962,3.1385,3.5401,5
r320x200,320,200,20260808_141232,ihawk1,0.0,1,0,4,0,0.0371,0.04002,1.8423,1.87436,5
r240x150,240,150,20260808_141232,ihawk1,0.0,1,0,3,0,0.464,1.0994199999999998,1.2418,1.30778,5
r160x100,160,100,20260808_141232,ihawk1,0.0,1,0,1,0,0.1548,0.16432000000000002,2.2125,3.0299199999999997,5
r640x400,640,400,20260808_141232,ihawk1,0.0,2,0,5,1,0.0,0.0,4.8905,5.18416,5
r480x300,480,300,20260808_141232,ihawk1,0.0,2,0,5,1,0.6013,0.60844,3.1708,4.27288,5
r320x200,320,200,20260808_141232,ihawk1,0.0,2,0,4,0,0.074,0.08389999999999999,1.8401,1.8758000000000001,5
r240x150,240,150,20260808_141232,ihawk1,0.0,2,0,3,0,0.4809,0.9969799999999999,1.3001,1.55186,5
r160x100,160,100,20260808_141232,ihawk1,0.0,2,0,1,0,0.1569,0.1714,2.1093,2.33528,5
r640x400,640,400,20260808_141232,ihawk1,0.0,3,0,5,1,0.0,0.0,4.8248,5.3978,5
r480x300,480,300,20260808_141232,ihawk1,0.0,3,0,5,1,0.6014,0.6047600000000001,3.3026,4.14772,5
r320x200,320,200,20260808_141232,ihawk1,0.0,3,0,4,0,0.0344,0.03802,1.9004,1.9338199999999999,5
r240x150,240,150,20260808_141232,ihawk1,0.0,3,0,3,0,0.4361,0.45534,1.3122,1.3791200000000001,5
r160x100,160,100,20260808_141232,ihawk1,0.0,3,0,1,0,0.1622,0.1683,2.1438,2.33702,5
r640x400,640,400,20260808_141232,ihawk1,5.0,1,0,5,1,0.0,0.0,4.9621,6.027019999999999,5
r480x300,480,300,20260808_141232,ihawk1,5.0,1,0,5,1,0.5941,0.60506,3.1561,3.78094,5
r320x200,320,200,20260808_141232,ihawk1,5.0,1,0,4,0,0.0346,0.03952,1.9548,1.99956,5
r240x150,240,150,20260808_141232,ihawk1,5.0,1,0,2,0,0.4196,0.43116,1.2634,1.298,5
r160x100,160,100,20260808_141232,ihawk1,5.0,1,0,0,0,0.155,0.1668,2.2416,2.51642,5
r640x400,640,400,20260808_141232,ihawk1,5.0,2,0,5,1,0.0,0.0,5.9913,6.60656,5
r480x300,480,300,20260808_141232,ihawk1,5.0,2,0,5,1,0.6536,1.11862,3.4267,4.17106,5
r320x200,320,200,20260808_141232,ihawk1,5.0,2,0,3,0,0.0338,0.03572,2.0446,2.5387,5
r240x150,240,150,20260808_141232,ihawk1,5.0,2,0,2,0,0.4121,0.42434,1.3335,2.00068,5
r160x100,160,100,20260808_141232,ihawk1,5.0,2,0,0,0,0.1543,0.16738,2.1524,2.28292,5
r640x400,640,400,20260808_141232,ihawk1,5.0,3,0,5,1,0.0,0.0,5.1626,5.22462,5
r480x300,480,300,20260808_141232,ihawk1,5.0,3,0,5,1,0.6002,0.6216,3.3398,3.5333200000000002,5
r320x200,320,200,20260808_141232,ihawk1,5.0,3,0,3,0,0.0345,0.03648,2.0408,2.78696,5
r240x150,240,150,20260808_141232,ihawk1,5.0,3,0,2,0,0.4149,0.42236,1.3386,1.49524,5
r160x100,160,100,20260808_141232,ihawk1,5.0,3,0,0,0,0.1621,0.16754,2.1374,2.4626799999999998,5
r640x400,640,400,20260808_141232,ihawk1,10.0,1,0,5,1,0.0,0.0,4.7886,5.681839999999999,5
r480x300,480,300,20260808_141232,ihawk1,10.0,1,0,5,1,0.5978,1.1925799999999998,3.1378,3.6237999999999997,5
r320x200,320,200,20260808_141232,ihawk1,10.0,1,0,5,1,0.0346,0.03658,2.0126,2.30296,5
r240x150,240,150,20260808_141232,ihawk1,10.0,1,0,2,0,0.4204,0.4269,1.4009,1.83286,5
r160x100,160,100,20260808_141232,ihawk1,10.0,1,0,0,0,0.1552,0.16543999999999998,2.2746,2.42996,5
r640x400,640,400,20260808_141232,ihawk1,10.0,2,0,5,1,0.0,0.0,5.2996,6.35256,5
r480x300,480,300,20260808_141232,ihawk1,10.0,2,0,5,1,0.595,0.6148,3.1807,3.5621,5
r320x200,320,200,20260808_141232,ihawk1,10.0,2,0,5,1,0.0346,0.03622,2.0241,2.3913399999999996,5
r240x150,240,150,20260808_141232,ihawk1,10.0,2,0,2,0,0.4339,0.44261999999999996,1.3932,1.8648,5
r160x100,160,100,20260808_141232,ihawk1,10.0,2,0,0,0,0.1561,0.16954000000000002,2.2608,2.5205399999999996,5
r640x400,640,400,20260808_141232,ihawk1,10.0,3,0,5,1,0.0,0.0,4.9364,5.3741,5
r480x300,480,300,20260808_141232,ihawk1,10.0,3,0,5,1,0.6312,0.80452,3.1622,3.56508,5
r320x200,320,200,20260808_141232,ihawk1,10.0,3,0,5,1,0.0346,0.036520000000000004,2.0375,3.2991599999999996,5
r240x150,240,150,20260808_141232,ihawk1,10.0,3,0,2,0,0.4151,0.42936,1.5364,1.87056,5
r160x100,160,100,20260808_141232,ihawk1,10.0,3,0,0,0,0.1545,0.16712,2.4364,3.26814,5
r640x400,640,400,20260808_141232,ihawk1,15.0,1,0,5,1,0.0,0.0,6.0972,6.3239600000000005,5
r480x300,480,300,20260808_141232,ihawk1,15.0,1,0,5,1,0.5976,0.6501,3.4623,3.86544,5
r320x200,320,200,20260808_141232,ihawk1,15.0,1,0,4,0,0.0348,0.0421,2.0728,3.13934,5
r240x150,240,150,20260808_141232,ihawk1,15.0,1,0,2,0,0.4474,0.4601,1.5119,1.9896,5
r160x100,160,100,20260808_141232,ihawk1,15.0,1,0,0,0,0.2268,0.23034,2.4588,3.1793199999999997,5
r640x400,640,400,20260808_141232,ihawk1,15.0,2,0,5,1,0.0,0.0,5.1634,5.86158,5
r480x300,480,300,20260808_141232,ihawk1,15.0,2,0,5,1,0.6034,0.6101000000000001,3.1496,3.3259,5
r320x200,320,200,20260808_141232,ihawk1,15.0,2,0,4,0,0.0346,0.03642,2.0666,2.173,5
r240x150,240,150,20260808_141232,ihawk1,15.0,2,0,2,0,0.4175,0.42776000000000003,1.4164,1.67288,5
r160x100,160,100,20260808_141232,ihawk1,15.0,2,0,0,0,0.1592,0.16866,2.2968,2.4737,5
r640x400,640,400,20260808_141232,ihawk1,15.0,3,0,5,1,0.0,0.0,6.0745,7.1847199999999996,5
r480x300,480,300,20260808_141232,ihawk1,15.0,3,0,5,1,0.6111,0.6927599999999999,3.3558,3.56704,5
r320x200,320,200,20260808_141232,ihawk1,15.0,3,0,4,0,0.0492,0.07864,2.194,2.3826,5
r240x150,240,150,20260808_141232,ihawk1,15.0,3,0,2,0,0.4455,1.1599599999999999,1.7191,2.3763799999999997,5
r160x100,160,100,20260808_141232,ihawk1,15.0,3,0,0,0,0.1637,0.17566,2.4224,2.69638,5
r640x400,640,400,20260808_141232,ihawk1,20.0,1,0,5,1,0.0,0.0,5.0136,5.4943800000000005,5
r480x300,480,300,20260808_141232,ihawk1,20.0,1,0,5,1,0.7218,0.82104,3.2834,3.97272,5
r320x200,320,200,20260808_141232,ihawk1,20.0,1,0,3,0,0.0349,0.04646,2.3153,2.52914,5
r240x150,240,150,20260808_141232,ihawk1,20.0,1,0,2,0,0.421,0.42991999999999997,1.3959,1.7590199999999998,5
r160x100,160,100,20260808_141232,ihawk1,20.0,1,0,0,0,0.1555,0.16926000000000002,2.3031,3.06806,5
r640x400,640,400,20260808_141232,ihawk1,20.0,2,0,5,1,0.0,0.0,5.116,5.37496,5
r480x300,480,300,20260808_141232,ihawk1,20.0,2,0,5,1,0.614,0.6697,3.2108,3.5266,5
r320x200,320,200,20260808_141232,ihawk1,20.0,2,0,3,0,0.0348,0.03722,2.1741,3.4129199999999997,5
r240x150,240,150,20260808_141232,ihawk1,20.0,2,0,2,0,0.4234,0.42768,1.3961,1.66554,5
r160x100,160,100,20260808_141232,ihawk1,20.0,2,0,0,0,0.1592,0.1853,2.2803,2.54552,5
r640x400,640,400,20260808_141232,ihawk1,20.0,3,0,5,1,0.0,0.0,7.0197,7.29124,5
r480x300,480,300,20260808_141232,ihawk1,20.0,3,0,5,1,0.6021,0.7616999999999999,3.2188,4.3006,5
r320x200,320,200,20260808_141232,ihawk1,20.0,3,0,3,0,0.0617,0.09484,2.1763,2.99782,5
r240x150,240,150,20260808_141232,ihawk1,20.0,3,0,2,0,0.4135,0.42419999999999997,1.4121,1.65838,5
r160x100,160,100,20260808_141232,ihawk1,20.0,3,0,0,0,0.1568,0.16706000000000001,2.2451,2.99864,5
r640x400,640,400,20260808_141232,ihawk1,25.0,1,0,5,1,0.0,0.0,5.1108,6.341819999999999,5
r480x300,480,300,20260808_141232,ihawk1,25.0,1,0,5,1,0.6019,0.6072,3.143,3.3583399999999997,5
r320x200,320,200,20260808_141232,ihawk1,25.0,1,0,3,0,0.0427,0.04354,1.9453,2.0963800000000004,5
r240x150,240,150,20260808_141232,ihawk1,25.0,1,0,3,0,0.4327,0.49476000000000003,1.3978,1.50836,5
r160x100,160,100,20260808_141232,ihawk1,25.0,1,0,0,0,0.1647,0.16754,2.7862,3.666,5
r640x400,640,400,20260808_141232,ihawk1,25.0,2,0,5,1,0.0,0.0,5.382,6.00552,5
r480x300,480,300,20260808_141232,ihawk1,25.0,2,0,5,1,0.5973,0.5994,3.0899,4.51062,5
r320x200,320,200,20260808_141232,ihawk1,25.0,2,0,4,0,0.0345,0.03642,1.996,3.1033399999999998,5
r240x150,240,150,20260808_141232,ihawk1,25.0,2,0,4,0,0.4126,0.42406,1.3365,1.37044,5
r160x100,160,100,20260808_141232,ihawk1,25.0,2,0,0,0,0.1563,0.17659999999999998,2.6676,2.85864,5
r640x400,640,400,20260808_141232,ihawk1,25.0,3,0,5,1,0.0,0.0,5.1644,5.45024,5
r480x300,480,300,20260808_141232,ihawk1,25.0,3,0,5,1,0.8005,1.31506,3.1927,3.63048,5
r320x200,320,200,20260808_141232,ihawk1,25.0,3,0,4,0,0.0347,0.04618,1.9866,2.98106,5
r240x150,240,150,20260808_141232,ihawk1,25.0,3,0,3,0,0.4229,0.42592,1.5491,1.75744,5
r160x100,160,100,20260808_141232,ihawk1,25.0,3,0,0,0,0.16,0.17258,2.8044,3.01854,5
r640x400,640,400,20260808_141232,ihawk1,30.0,1,1,5,1,0.0,0.0,5.222,5.69836,5
r480x300,480,300,20260808_141232,ihawk1,30.0,1,1,4,0,0.5995,0.60216,3.1932,4.46118,5
r320x200,320,200,20260808_141232,ihawk1,30.0,1,1,4,0,0.0404,0.045860000000000005,2.0318,2.10186,5
r240x150,240,150,20260808_141232,ihawk1,30.0,1,1,2,0,0.4233,0.76584,1.3973,1.5223399999999998,5
r160x100,160,100,20260808_141232,ihawk1,30.0,1,1,1,0,0.157,0.173,2.2907,2.9404,5
r640x400,640,400,20260808_141232,ihawk1,30.0,2,1,5,1,0.0,0.0,5.0493,5.52444,5
r480x300,480,300,20260808_141232,ihawk1,30.0,2,1,4,0,0.5975,0.60184,3.2499,3.556,5
r320x200,320,200,20260808_141232,ihawk1,30.0,2,1,4,0,0.0393,0.047459999999999995,2.0751,2.12142,5
r240x150,240,150,20260808_141232,ihawk1,30.0,2,1,2,0,0.5622,0.85132,1.3926,1.73142,5
r160x100,160,100,20260808_141232,ihawk1,30.0,2,1,1,0,0.1572,0.17496,2.4729,3.109,5
r640x400,640,400,20260808_141232,ihawk1,30.0,3,1,5,1,0.0,0.0,5.6566,6.8673399999999996,5
r480x300,480,300,20260808_141232,ihawk1,30.0,3,1,5,1,0.7064,0.90986,3.1634,4.33802,5
r320x200,320,200,20260808_141232,ihawk1,30.0,3,1,4,0,0.0347,0.03746,2.0888,3.2518599999999998,5
r240x150,240,150,20260808_141232,ihawk1,30.0,3,1,2,0,0.4203,0.42482,1.7423,2.04704,5
r160x100,160,100,20260808_141232,ihawk1,30.0,3,1,1,0,0.1596,0.17144,2.3967,2.81386,5
r640x400,640,400,20260808_141232,ihawk1,35.0,1,0,5,1,0.0,0.0,5.295,6.06686,5
r480x300,480,300,20260808_141232,ihawk1,35.0,1,0,5,1,0.595,1.04452,3.3645,3.84608,5
r320x200,320,200,20260808_141232,ihawk1,35.0,1,0,4,0,0.04,0.05678,2.2176,2.40714,5
r240x150,240,150,20260808_141232,ihawk1,35.0,1,0,2,0,0.4275,0.46288,1.4996,1.6164800000000001,5
r160x100,160,100,20260808_141232,ihawk1,35.0,1,0,1,0,0.2199,0.24192,2.5443,3.61308,5
r640x400,640,400,20260808_141232,ihawk1,35.0,2,0,5,1,0.0,0.0,5.384,6.16332,5
r480x300,480,300,20260808_141232,ihawk1,35.0,2,0,5,1,0.813,1.24928,4.0232,4.7550799999999995,5
r320x200,320,200,20260808_141232,ihawk1,35.0,2,0,4,0,0.0352,0.04239999999999999,2.1313,2.3121,5
r240x150,240,150,20260808_141232,ihawk1,35.0,2,0,2,0,0.4792,0.51302,1.4718,1.6158599999999999,5
r160x100,160,100,20260808_141232,ihawk1,35.0,2,0,1,0,0.1574,0.17365999999999998,3.1211,3.43492,5
r640x400,640,400,20260808_141232,ihawk1,35.0,3,0,5,1,0.0,0.0,5.3588,6.24038,5
r480x300,480,300,20260808_141232,ihawk1,35.0,3,0,5,1,0.6124,0.66078,3.383,3.8664599999999996,5
r320x200,320,200,20260808_141232,ihawk1,35.0,3,0,4,0,0.0357,0.038,2.1716,3.2736799999999997,5
r240x150,240,150,20260808_141232,ihawk1,35.0,3,0,2,0,0.4419,0.55572,2.0656,2.22864,5
r160x100,160,100,20260808_141232,ihawk1,35.0,3,0,1,0,0.2103,0.23928,2.5579,3.17772,5
r640x400,640,400,20260808_141232,ihawk1,40.0,1,0,5,1,0.0,0.0,5.367,5.5216,5
r480x300,480,300,20260808_141232,ihawk1,40.0,1,0,5,1,0.7009,0.74516,3.3502,4.1686,5
r320x200,320,200,20260808_141232,ihawk1,40.0,1,0,5,1,0.0368,0.04332,2.2036,2.8387399999999996,5
r240x150,240,150,20260808_141232,ihawk1,40.0,1,0,3,0,0.4282,0.43572,1.334,1.7907799999999998,5
r160x100,160,100,20260808_141232,ihawk1,40.0,1,0,0,0,0.1653,0.17088,2.1998,2.5320199999999997,5
r640x400,640,400,20260808_141232,ihawk1,40.0,2,0,5,1,0.0,0.0,5.5588,6.6041,5
r480x300,480,300,20260808_141232,ihawk1,40.0,2,0,5,1,0.6144,0.61922,3.3697,3.70986,5
r320x200,320,200,20260808_141232,ihawk1,40.0,2,0,5,1,0.0351,0.038380000000000004,2.8935,2.92382,5
r240x150,240,150,20260808_141232,ihawk1,40.0,2,0,2,0,0.7652,0.82474,1.2911,1.3582400000000001,5
r160x100,160,100,20260808_141232,ihawk1,40.0,2,0,0,0,0.1827,0.5669599999999999,2.3858,2.4085,5
r640x400,640,400,20260808_141232,ihawk1,40.0,3,0,5,1,0.0,0.0,6.1291,6.21586,5
r480x300,480,300,20260808_141232,ihawk1,40.0,3,0,5,1,0.6718,0.92232,3.3902,4.53826,5
r320x200,320,200,20260808_141232,ihawk1,40.0,3,0,5,1,0.0443,0.06577999999999999,2.5168,3.1613599999999997,5
r240x150,240,150,20260808_141232,ihawk1,40.0,3,0,2,0,0.4423,1.0512799999999998,1.3566,2.1249,5
r160x100,160,100,20260808_141232,ihawk1,40.0,3,0,0,0,0.176,0.22082,2.2136,2.92372,5
r640x400,640,400,20260808_141232,ihawk1,45.0,1,0,5,1,0.0,0.0,6.5692,7.10476,5
r480x300,480,300,20260808_141232,ihawk1,45.0,1,0,5,1,0.6262,0.64054,3.7243,4.80786,5
r320x200,320,200,20260808_141232,ihawk1,45.0,1,0,4,0,0.0399,0.09469999999999998,2.1163,2.73684,5
r240x150,240,150,20260808_141232,ihawk1,45.0,1,0,4,0,0.4304,0.43728,2.0037,2.4081,5
r160x100,160,100,20260808_141232,ihawk1,45.0,1,0,1,0,0.1716,0.19508,2.6205,3.25604,5
r640x400,640,400,20260808_141232,ihawk1,45.0,2,0,5,1,0.0,0.0,6.3239,7.13684,5
r480x300,480,300,20260808_141232,ihawk1,45.0,2,0,5,1,0.6104,0.61334,4.0258,4.9277999999999995,5
r320x200,320,200,20260808_141232,ihawk1,45.0,2,0,4,0,0.0377,0.05582,2.6665,3.4377199999999997,5
r240x150,240,150,20260808_141232,ihawk1,45.0,2,0,3,0,0.5832,0.92028,1.7823,2.36192,5
r160x100,160,100,20260808_141232,ihawk1,45.0,2,0,1,0,0.1837,0.51542,2.9667,3.8731,5
r640x400,640,400,20260808_141232,ihawk1,45.0,3,0,5,1,0.0,0.0,6.5249,7.67016,5
r480x300,480,300,20260808_141232,ihawk1,45.0,3,0,5,1,0.6312,0.65508,3.3701,4.3665199999999995,5
r320x200,320,200,20260808_141232,ihawk1,45.0,3,0,4,0,0.0354,0.053739999999999996,2.5673,3.51822,5
r240x150,240,150,20260808_141232,ihawk1,45.0,3,0,3,0,0.4252,0.43684,1.4343,1.84568,5
r160x100,160,100,20260808_141232,ihawk1,45.0,3,0,1,0,0.3229,0.37418,2.7301,3.5581799999999997,5
r640x400,640,400,20260808_141232,ihawk1,50.0,1,0,5,1,0.0,0.0,7.7976,8.01054,5
r480x300,480,300,20260808_141232,ihawk1,50.0,1,0,5,1,0.9546,0.97722,4.2479,4.95586,5
r320x200,320,200,20260808_141232,ihawk1,50.0,1,0,3,0,0.0467,0.17727999999999997,2.1949,3.0106,5
r240x150,240,150,20260808_141232,ihawk1,50.0,1,0,3,0,0.433,0.45526,1.6177,2.1364,5
r160x100,160,100,20260808_141232,ihawk1,50.0,1,0,0,0,0.1701,0.1973,2.5023,2.95716,5
r640x400,640,400,20260808_141232,ihawk1,50.0,2,0,5,1,0.0,0.0,5.8656,7.234439999999999,5
r480x300,480,300,20260808_141232,ihawk1,50.0,2,0,5,1,0.6517,0.72166,3.9988,4.5508,5
r320x200,320,200,20260808_141232,ihawk1,50.0,2,0,3,0,0.0373,0.06188,2.1781,3.35284,5
r240x150,240,150,20260808_141232,ihawk1,50.0,2,0,3,0,0.437,0.4425,1.5513,2.1377800000000002,5
r160x100,160,100,20260808_141232,ihawk1,50.0,2,0,0,0,0.1975,0.22814,3.5914,4.273739999999999,5
r640x400,640,400,20260808_141232,ihawk1,50.0,3,0,5,1,0.0,0.0,7.5953,8.35484,5
r480x300,480,300,20260808_141232,ihawk1,50.0,3,0,5,1,0.727,1.03404,3.6597,4.0129399999999995,5
r320x200,320,200,20260808_141232,ihawk1,50.0,3,0,3,0,0.0355,0.04478,2.1956,2.63462,5
r240x150,240,150,20260808_141232,ihawk1,50.0,3,0,3,0,0.4348,0.46508,1.5352,1.60464,5
r160x100,160,100,20260808_141232,ihawk1,50.0,3,0,0,0,0.1735,0.1814,2.6695,3.14542,5
r640x400,640,400,20260808_141232,ihawk2,0.0,1,0,5,1,0.0,0.0,5.2423,6.80578,5
r480x300,480,300,20260808_141232,ihawk2,0.0,1,0,5,1,0.6557,1.0936000000000001,3.4513,3.79618,5
r320x200,320,200,20260808_141232,ihawk2,0.0,1,0,5,1,0.0409,0.046759999999999996,1.9784,2.03978,5
r240x150,240,150,20260808_141232,ihawk2,0.0,1,0,4,0,0.513,1.24616,1.2558,1.31864,5
r160x100,160,100,20260808_141232,ihawk2,0.0,1,0,1,0,0.1769,0.18576,1.8873,2.05998,5
r640x400,640,400,20260808_141232,ihawk2,0.0,2,0,5,1,0.0,0.0,5.5007,6.16922,5
r480x300,480,300,20260808_141232,ihawk2,0.0,2,0,5,1,0.733,1.16618,3.6317,3.9714,5
r320x200,320,200,20260808_141232,ihawk2,0.0,2,0,5,1,0.0425,0.04852,2.8708,2.94964,5
r240x150,240,150,20260808_141232,ihawk2,0.0,2,0,4,0,0.4386,0.44462,1.7268,2.11676,5
r160x100,160,100,20260808_141232,ihawk2,0.0,2,0,1,0,0.1656,0.16844,1.7658,2.95794,5
r640x400,640,400,20260808_141232,ihawk2,0.0,3,0,5,1,0.0,0.0,4.6229,4.74018,5
r480x300,480,300,20260808_141232,ihawk2,0.0,3,0,5,1,0.6464,0.85022,3.5687,4.3399,5
r320x200,320,200,20260808_141232,ihawk2,0.0,3,0,5,1,0.0383,0.04214,2.025,2.43792,5
r240x150,240,150,20260808_141232,ihawk2,0.0,3,0,4,0,0.4933,0.7786,1.339,1.64574,5
r160x100,160,100,20260808_141232,ihawk2,0.0,3,0,1,0,0.1579,0.19168,1.694,2.0217799999999997,5
r640x400,640,400,20260808_141232,ihawk2,5.0,1,0,5,1,0.0,0.0,5.5011,5.69076,5
r480x300,480,300,20260808_141232,ihawk2,5.0,1,0,5,1,0.6768,1.04548,3.1327,3.37938,5
r320x200,320,200,20260808_141232,ihawk2,5.0,1,0,5,1,0.0348,0.03922,1.824,2.0125200000000003,5
r240x150,240,150,20260808_141232,ihawk2,5.0,1,0,4,0,0.4251,0.43726,1.32,1.63558,5
r160x100,160,100,20260808_141232,ihawk2,5.0,1,0,3,0,0.1589,0.17120000000000002,1.9412,2.75314,5
r640x400,640,400,20260808_141232,ihawk2,5.0,2,0,5,1,0.0,0.0,4.8327,5.36648,5
r480x300,480,300,20260808_141232,ihawk2,5.0,2,0,5,1,0.6348,1.04698,3.5874,4.22244,5
r320x200,320,200,20260808_141232,ihawk2,5.0,2,0,5,1,0.0355,0.04682,1.9779,2.03818,5
r240x150,240,150,20260808_141232,ihawk2,5.0,2,0,4,0,0.4647,0.6246,1.6426,1.91776,5
r160x100,160,100,20260808_141232,ihawk2,5.0,2,0,3,0,0.1634,0.21016,2.2917,2.65774,5
r640x400,640,400,20260808_141232,ihawk2,5.0,3,0,5,1,0.0,0.0,5.5903,6.17916,5
r480x300,480,300,20260808_141232,ihawk2,5.0,3,0,5,1,0.666,0.84092,3.6343,4.013319999999999,5
r320x200,320,200,20260808_141232,ihawk2,5.0,3,0,5,1,0.0894,0.11258,2.0814,2.25162,5
r240x150,240,150,20260808_141232,ihawk2,5.0,3,0,4,0,0.4945,0.53538,1.4056,1.55584,5
r160x100,160,100,20260808_141232,ihawk2,5.0,3,0,3,0,0.2642,0.42498,1.9066,2.33968,5
r640x400,640,400,20260808_141232,ihawk2,10.0,1,0,5,1,0.0,0.0,4.7417,5.68436,5
r480x300,480,300,20260808_141232,ihawk2,10.0,1,0,5,1,0.6372,0.64832,3.2335,3.88828,5
r320x200,320,200,20260808_141232,ihawk2,10.0,1,0,4,0,0.0382,0.0436,2.1173,2.2319999999999998,5
r240x150,240,150,20260808_141232,ihawk2,10.0,1,0,5,1,0.4292,0.48092,1.2877,1.45176,5
r160x100,160,100,20260808_141232,ihawk2,10.0,1,0,1,0,0.1711,0.20192000000000002,1.6884,2.1717400000000002,5
r640x400,640,400,20260808_141232,ihawk2,10.0,2,0,5,1,0.0,0.0,5.2804,5.78594,5
r480x300,480,300,20260808_141232,ihawk2,10.0,2,0,5,1,0.7545,1.09428,3.3396,4.07216,5
r320x200,320,200,20260808_141232,ihawk2,10.0,2,0,4,0,0.0355,0.05294,1.9434,2.1552599999999997,5
r240x150,240,150,20260808_141232,ihawk2,10.0,2,0,5,1,0.4521,0.45912,1.4807,2.0843,5
r160x100,160,100,20260808_141232,ihawk2,10.0,2,0,1,0,0.1707,0.17598,1.5624,1.68492,5
r640x400,640,400,20260808_141232,ihawk2,10.0,3,0,5,1,0.0,0.0,5.0392,5.5091,5
r480x300,480,300,20260808_141232,ihawk2,10.0,3,0,5,1,0.6488,0.7475,3.025,3.31226,5
r320x200,320,200,20260808_141232,ihawk2,10.0,3,0,4,0,0.0349,0.04202,2.3265,2.6589199999999997,5
r240x150,240,150,20260808_141232,ihawk2,10.0,3,0,5,1,0.4347,0.57178,1.4894,2.0096399999999996,5
r160x100,160,100,20260808_141232,ihawk2,10.0,3,0,1,0,0.1669,0.17186,1.7947,3.4873399999999997,5
r640x400,640,400,20260808_141232,ihawk2,15.0,1,0,5,1,0.0,0.0,5.321,5.58064,5
r480x300,480,300,20260808_141232,ihawk2,15.0,1,0,5,1,0.8238,0.9687799999999999,3.6872,3.8223800000000003,5
r320x200,320,200,20260808_141232,ihawk2,15.0,1,0,4,0,0.0395,0.05298,2.2964,3.01224,5
r240x150,240,150,20260808_141232,ihawk2,15.0,1,0,2,0,0.4655,0.51726,1.3413,1.9017999999999997,5
r160x100,160,100,20260808_141232,ihawk2,15.0,1,0,0,0,0.1671,0.16885999999999998,1.9039,2.12668,5
r640x400,640,400,20260808_141232,ihawk2,15.0,2,0,5,1,0.0,0.0,5.6007,7.07456,5
r480x300,480,300,20260808_141232,ihawk2,15.0,2,0,5,1,0.6272,0.6467,3.2799,4.73208,5
r320x200,320,200,20260808_141232,ihawk2,15.0,2,0,4,0,0.0428,0.0549,1.8334,1.9855999999999998,5
r240x150,240,150,20260808_141232,ihawk2,15.0,2,0,2,0,0.5389,0.55298,1.3845,1.52276,5
r160x100,160,100,20260808_141232,ihawk2,15.0,2,0,0,0,0.1645,0.17566,1.9477,2.14722,5
r640x400,640,400,20260808_141232,ihawk2,15.0,3,0,5,1,0.0,0.0,4.9448,5.6388799999999994,5
r480x300,480,300,20260808_141232,ihawk2,15.0,3,0,5,1,0.6138,0.66848,3.2691,3.38378,5
r320x200,320,200,20260808_141232,ihawk2,15.0,3,0,4,0,0.0352,0.04368,2.392,3.0841,5
r240x150,240,150,20260808_141232,ihawk2,15.0,3,0,2,0,0.4681,0.50554,1.3759,1.9368799999999997,5
r160x100,160,100,20260808_141232,ihawk2,15.0,3,0,0,0,0.1751,0.17956,1.8853,2.1156599999999997,5
r640x400,640,400,20260808_141232,ihawk2,20.0,1,0,5,1,0.0,0.0,5.025,5.91642,5
r480x300,480,300,20260808_141232,ihawk2,20.0,1,0,5,1,0.6403,0.75846,3.128,3.6894,5
r320x200,320,200,20260808_141232,ihawk2,20.0,1,0,5,1,0.04,0.07758,1.8476,2.76396,5
r240x150,240,150,20260808_141232,ihawk2,20.0,1,0,4,0,0.443,0.46976,1.3179,1.3458400000000001,5
r160x100,160,100,20260808_141232,ihawk2,20.0,1,0,0,0,0.1669,0.1798,1.7945,1.9347999999999999,5
r640x400,640,400,20260808_141232,ihawk2,20.0,2,0,5,1,0.0,0.0,4.8215,5.86196,5
r480x300,480,300,20260808_141232,ihawk2,20.0,2,0,5,1,0.6416,0.66174,3.182,3.24248,5
r320x200,320,200,20260808_141232,ihawk2,20.0,2,0,5,1,0.039,0.04686,1.8715,2.28214,5
r240x150,240,150,20260808_141232,ihawk2,20.0,2,0,4,0,0.4231,0.43994,1.4098,1.78552,5
r160x100,160,100,20260808_141232,ihawk2,20.0,2,0,0,0,0.3079,0.39398,1.8851,2.22726,5
r640x400,640,400,20260808_141232,ihawk2,20.0,3,0,5,1,0.0,0.0,4.7886,4.86094,5
r480x300,480,300,20260808_141232,ihawk2,20.0,3,0,5,1,0.7217,0.7808,3.1606,3.75486,5
r320x200,320,200,20260808_141232,ihawk2,20.0,3,0,5,1,0.039,0.0528,2.244,2.5736399999999997,5
r240x150,240,150,20260808_141232,ihawk2,20.0,3,0,4,0,0.4324,0.46080000000000004,1.3736,1.54148,5
r160x100,160,100,20260808_141232,ihawk2,20.0,3,0,0,0,0.1705,0.18146,1.7903,2.05126,5
r640x400,640,400,20260808_141232,ihawk2,25.0,1,0,5,1,0.0,0.0,6.1191,6.25878,5
r480x300,480,300,20260808_141232,ihawk2,25.0,1,0,5,1,0.7132,1.10396,3.2057,3.6893599999999998,5
r320x200,320,200,20260808_141232,ihawk2,25.0,1,0,5,1,0.0347,0.0536,1.9024,2.02482,5
r240x150,240,150,20260808_141232,ihawk2,25.0,1,0,4,0,0.4559,0.46166,1.4153,1.5016399999999999,5
r160x100,160,100,20260808_141232,ihawk2,25.0,1,0,3,0,0.1563,0.18044,2.1351,2.72486,5
r640x400,640,400,20260808_141232,ihawk2,25.0,2,0,5,1,0.0,0.0,4.8611,5.500179999999999,5
r480x300,480,300,20260808_141232,ihawk2,25.0,2,0,5,1,0.6759,0.82436,3.3939,3.59828,5
r320x200,320,200,20260808_141232,ihawk2,25.0,2,0,5,1,0.035,0.05779999999999999,2.0277,2.3992799999999996,5
r240x150,240,150,20260808_141232,ihawk2,25.0,2,0,4,0,0.4205,0.7877599999999999,1.3773,2.0454600000000003,5
r160x100,160,100,20260808_141232,ihawk2,25.0,2,0,3,0,0.1567,0.30505999999999994,1.8746,2.2753599999999996,5
r640x400,640,400,20260808_141232,ihawk2,25.0,3,0,5,1,0.0,0.0,5.861,7.17186,5
r480x300,480,300,20260808_141232,ihawk2,25.0,3,0,5,1,0.6685,0.70122,3.8693,4.074199999999999,5
r320x200,320,200,20260808_141232,ihawk2,25.0,3,0,5,1,0.0399,0.049139999999999996,2.4873,2.69866,5
r240x150,240,150,20260808_141232,ihawk2,25.0,3,0,4,0,0.5807,0.5914,1.7263,1.77726,5
r160x100,160,100,20260808_141232,ihawk2,25.0,3,0,3,0,0.2471,0.26852,2.3412,2.3754,5
r640x400,640,400,20260808_141232,ihawk2,30.0,1,1,5,1,0.0,0.0,6.8641,7.3914,5
r480x300,480,300,20260808_141232,ihawk2,30.0,1,1,5,1,0.6193,0.64326,3.7023,4.140140000000001,5
r320x200,320,200,20260808_141232,ihawk2,30.0,1,1,4,0,0.0339,0.03648,1.875,2.0751999999999997,5
r240x150,240,150,20260808_141232,ihawk2,30.0,1,1,3,0,0.4141,0.42434,1.3589,1.3972,5
r160x100,160,100,20260808_141232,ihawk2,30.0,1,1,0,0,0.2444,0.47156,1.6461,2.2071199999999997,5
r640x400,640,400,20260808_141232,ihawk2,30.0,2,1,5,1,0.0,0.0,5.025,5.66432,5
r480x300,480,300,20260808_141232,ihawk2,30.0,2,1,5,1,0.6675,0.67594,2.992,3.12362,5
r320x200,320,200,20260808_141232,ihawk2,30.0,2,1,4,0,0.0352,0.04042,1.9908,2.6636599999999997,5
r240x150,240,150,20260808_141232,ihawk2,30.0,2,1,3,0,0.4176,0.9772199999999999,1.3503,1.42256,5
r160x100,160,100,20260808_141232,ihawk2,30.0,2,1,0,0,0.1549,0.16608,1.551,1.9130999999999998,5
r640x400,640,400,20260808_141232,ihawk2,30.0,3,1,5,1,0.0,0.0,4.8615,6.38884,5
r480x300,480,300,20260808_141232,ihawk2,30.0,3,1,5,1,0.6016,0.6078600000000001,2.8368,3.6583200000000002,5
r320x200,320,200,20260808_141232,ihawk2,30.0,3,1,4,0,0.0349,0.03684,1.9053,2.29888,5
r240x150,240,150,20260808_141232,ihawk2,30.0,3,1,3,0,0.4197,0.42494,1.3509,1.4724599999999999,5
r160x100,160,100,20260808_141232,ihawk2,30.0,3,1,0,0,0.1608,0.16584,1.5893,1.60324,5
r640x400,640,400,20260808_141232,ihawk2,35.0,1,0,5,1,0.0,0.0,4.63,5.44878,5
r480x300,480,300,20260808_141232,ihawk2,35.0,1,0,5,1,0.6148,0.64284,3.2028,3.26998,5
r320x200,320,200,20260808_141232,ihawk2,35.0,1,0,4,0,0.0356,0.06011999999999999,1.8623,1.95782,5
r240x150,240,150,20260808_141232,ihawk2,35.0,1,0,3,0,0.451,0.48185999999999996,1.362,1.553,5
r160x100,160,100,20260808_141232,ihawk2,35.0,1,0,0,0,0.1567,0.17142,1.6312,1.83552,5
r640x400,640,400,20260808_141232,ihawk2,35.0,2,0,5,1,0.0,0.0,4.692,6.541759999999999,5
r480x300,480,300,20260808_141232,ihawk2,35.0,2,0,5,1,0.6016,0.6126,2.9022,3.22408,5
r320x200,320,200,20260808_141232,ihawk2,35.0,2,0,4,0,0.0349,0.037259999999999995,1.8925,2.50542,5
r240x150,240,150,20260808_141232,ihawk2,35.0,2,0,3,0,0.4153,0.42172,1.3384,1.9134600000000002,5
r160x100,160,100,20260808_141232,ihawk2,35.0,2,0,0,0,0.1574,0.1687,1.5451,1.5925,5
r640x400,640,400,20260808_141232,ihawk2,35.0,3,0,5,1,0.0,0.0,4.5716,4.77748,5
r480x300,480,300,20260808_141232,ihawk2,35.0,3,0,5,1,0.5972,0.6033999999999999,2.8722,3.1306599999999998,5
r320x200,320,200,20260808_141232,ihawk2,35.0,3,0,4,0,0.0345,0.036699999999999997,2.3318,2.7159,5
r240x150,240,150,20260808_141232,ihawk2,35.0,3,0,3,0,0.6328,0.64054,1.3953,1.9694599999999998,5
r160x100,160,100,20260808_141232,ihawk2,35.0,3,0,0,0,0.2025,0.23364,1.471,1.9975800000000001,5
r640x400,640,400,20260808_141232,ihawk2,40.0,1,0,5,1,0.0,0.0,4.6593,5.1521,5
r480x300,480,300,20260808_141232,ihawk2,40.0,1,0,5,1,0.6054,0.6128399999999999,2.9516,3.8187199999999994,5
r320x200,320,200,20260808_141232,ihawk2,40.0,1,0,5,1,0.0348,0.03686,1.9195,2.0552,5
r240x150,240,150,20260808_141232,ihawk2,40.0,1,0,4,0,0.4136,0.42736,1.3746,1.4904000000000002,5
r160x100,160,100,20260808_141232,ihawk2,40.0,1,0,2,0,0.1567,0.17522000000000001,1.8939,2.07062,5
r640x400,640,400,20260808_141232,ihawk2,40.0,2,0,5,1,0.0,0.0,5.0222,5.11692,5
r480x300,480,300,20260808_141232,ihawk2,40.0,2,0,5,1,0.5976,0.60454,2.9647,3.2264399999999998,5
r320x200,320,200,20260808_141232,ihawk2,40.0,2,0,5,1,0.0348,0.04392,1.8914,1.9270399999999999,5
r240x150,240,150,20260808_141232,ihawk2,40.0,2,0,4,0,0.441,0.5579000000000001,1.2907,2.0021799999999996,5
r160x100,160,100,20260808_141232,ihawk2,40.0,2,0,2,0,0.1586,0.2158,1.7604,1.9675,5
r640x400,640,400,20260808_141232,ihawk2,40.0,3,0,5,1,0.0,0.0,4.8259,5.21858,5
r480x300,480,300,20260808_141232,ihawk2,40.0,3,0,5,1,0.5991,0.6009399999999999,2.93,3.18534,5
r320x200,320,200,20260808_141232,ihawk2,40.0,3,0,5,1,0.0347,0.03666,1.8256,2.35954,5
r240x150,240,150,20260808_141232,ihawk2,40.0,3,0,4,0,0.4107,0.42064,1.4533,2.14174,5
r160x100,160,100,20260808_141232,ihawk2,40.0,3,0,2,0,0.1558,0.17216,1.9298,2.15048,5
r640x400,640,400,20260808_141232,ihawk2,45.0,1,0,5,1,0.0,0.0,5.0552,6.18122,5
r480x300,480,300,20260808_141232,ihawk2,45.0,1,0,5,1,0.6002,0.66004,3.129,3.5530999999999997,5
r320x200,320,200,20260808_141232,ihawk2,45.0,1,0,5,1,0.0347,0.03682,1.8693,2.50232,5
r240x150,240,150,20260808_141232,ihawk2,45.0,1,0,3,0,0.4169,0.42472,1.31,1.4932599999999998,5
r160x100,160,100,20260808_141232,ihawk2,45.0,1,0,2,0,0.1664,0.34868,1.9929,2.3073,5
r640x400,640,400,20260808_141232,ihawk2,45.0,2,0,5,1,0.0,0.0,4.9221,5.49134,5
r480x300,480,300,20260808_141232,ihawk2,45.0,2,0,5,1,0.602,0.6566,3.0556,3.5843,5
r320x200,320,200,20260808_141232,ihawk2,45.0,2,0,5,1,0.0351,0.04784,1.8633,2.006,5
r240x150,240,150,20260808_141232,ihawk2,45.0,2,0,3,0,0.4111,0.42304,1.33,1.36154,5
r160x100,160,100,20260808_141232,ihawk2,45.0,2,0,2,0,0.221,0.52782,1.9262,2.4162399999999997,5
r640x400,640,400,20260808_141232,ihawk2,45.0,3,0,5,1,0.0,0.0,5.5493,6.28048,5
r480x300,480,300,20260808_141232,ihawk2,45.0,3,0,5,1,0.5999,0.60558,3.1497,3.4836199999999997,5
r320x200,320,200,20260808_141232,ihawk2,45.0,3,0,5,1,0.0347,0.04528,1.92,1.98542,5
r240x150,240,150,20260808_141232,ihawk2,45.0,3,0,3,0,0.4314,0.50314,1.3442,1.4156199999999999,5
r160x100,160,100,20260808_141232,ihawk2,45.0,3,0,1,0,0.1584,0.16812000000000002,2.3734,2.9592799999999997,5
r640x400,640,400,20260808_141232,ihawk2,50.0,1,0,5,1,0.0,0.0,7.0149,7.12054,5
r480x300,480,300,20260808_141232,ihawk2,50.0,1,0,5,1,0.5968,0.61044,2.805,2.9152,5
r320x200,320,200,20260808_141232,ihawk2,50.0,1,0,5,1,0.0347,0.03822,1.8784,2.08958,5
r240x150,240,150,20260808_141232,ihawk2,50.0,1,0,4,0,0.416,0.42454000000000003,1.2582,1.6007,5
r160x100,160,100,20260808_141232,ihawk2,50.0,1,0,1,0,0.1596,0.16512,1.5034,1.5413400000000002,5
r640x400,640,400,20260808_141232,ihawk2,50.0,2,0,5,1,0.0,0.0,4.8694,4.99702,5
r480x300,480,300,20260808_141232,ihawk2,50.0,2,0,5,1,0.6026,0.60892,3.6225,4.11706,5
r320x200,320,200,20260808_141232,ihawk2,50.0,2,0,5,1,0.0441,0.14668,2.1009,2.43338,5
r240x150,240,150,20260808_141232,ihawk2,50.0,2,0,4,0,0.4598,0.5327,1.6211,1.88578,5
r160x100,160,100,20260808_141232,ihawk2,50.0,2,0,1,0,0.178,0.22074,1.8598,2.1221799999999997,5
r640x400,640,400,20260808_141232,ihawk2,50.0,3,0,5,1,0.0,0.0,5.9832,6.8357399999999995,5
r480x300,480,300,20260808_141232,ihawk2,50.0,3,0,5,1,0.8206,0.96888,3.2407,3.61874,5
r320x200,320,200,20260808_141232,ihawk2,50.0,3,0,5,1,0.075,0.09644,2.3562,2.79806,5
r240x150,240,150,20260808_141232,ihawk2,50.0,3,0,4,0,0.4722,0.79452,1.4851,1.6053600000000001,5
r160x100,160,100,20260808_141232,ihawk2,50.0,3,0,1,0,0.1624,0.17143999999999998,1.7123,1.868,5
r640x400,640,400,20260808_145501,ihawk1,0.0,1,0,5,1,0.0,0.0,5.6309,6.2965,5
r480x300,480,300,20260808_145501,ihawk1,0.0,1,0,5,1,0.5977,0.8128599999999999,3.4149,3.5505,5
r320x200,320,200,20260808_145501,ihawk1,0.0,1,0,5,1,0.0365,0.05458,2.1961,2.2913,5
r240x150,240,150,20260808_145501,ihawk1,0.0,1,0,3,0,0.4431,0.68116,1.3529,1.43118,5
r160x100,160,100,20260808_145501,ihawk1,0.0,1,0,0,0,0.1573,0.20712,3.1956,4.416919999999999,5
r640x400,640,400,20260808_145501,ihawk1,0.0,2,0,5,1,0.0,0.0,6.6119,6.83422,5
r480x300,480,300,20260808_145501,ihawk1,0.0,2,0,5,1,0.7574,0.78506,4.0221,4.3383199999999995,5
r320x200,320,200,20260808_145501,ihawk1,0.0,2,0,5,1,0.04,0.05028,2.3603,2.73094,5
r240x150,240,150,20260808_145501,ihawk1,0.0,2,0,3,0,0.476,0.65018,1.6378,1.9453,5
r160x100,160,100,20260808_145501,ihawk1,0.0,2,0,0,0,0.1652,0.18847999999999998,3.4421,3.51668,5
r640x400,640,400,20260808_145501,ihawk1,0.0,3,0,5,1,0.0,0.0,6.0305,6.3498399999999995,5
r480x300,480,300,20260808_145501,ihawk1,0.0,3,0,5,1,0.7899,1.1269200000000001,3.5253,3.78404,5
r320x200,320,200,20260808_145501,ihawk1,0.0,3,0,5,1,0.0353,0.0439,2.1707,2.20964,5
r240x150,240,150,20260808_145501,ihawk1,0.0,3,0,3,0,0.4817,0.6574,1.3614,1.7123199999999998,5
r160x100,160,100,20260808_145501,ihawk1,0.0,3,0,0,0,0.167,0.17450000000000002,2.7377,2.8741,5
r640x400,640,400,20260808_145501,ihawk1,5.0,1,0,5,1,0.0,0.0,5.7483,5.94066,5
r480x300,480,300,20260808_145501,ihawk1,5.0,1,0,5,1,0.6428,0.66852,3.0958,3.2380400000000003,5
r320x200,320,200,20260808_145501,ihawk1,5.0,1,0,3,0,0.035,0.037219999999999996,2.0634,2.4068,5
r240x150,240,150,20260808_145501,ihawk1,5.0,1,0,2,0,0.4508,0.45444,1.3837,1.4332200000000002,5
r160x100,160,100,20260808_145501,ihawk1,5.0,1,0,0,0,0.1542,0.18242,2.7889,3.28118,5
r640x400,640,400,20260808_145501,ihawk1,5.0,2,0,5,1,0.0,0.0,5.0065,5.61334,5
r480x300,480,300,20260808_145501,ihawk1,5.0,2,0,5,1,0.6084,0.61186,3.0586,4.10392,5
r320x200,320,200,20260808_145501,ihawk1,5.0,2,0,4,0,0.0431,0.05348,2.0464,2.2418199999999997,5
r240x150,240,150,20260808_145501,ihawk1,5.0,2,0,2,0,0.424,0.48924,1.23,1.30848,5
r160x100,160,100,20260808_145501,ihawk1,5.0,2,0,0,0,0.1553,0.16538,2.8591,3.19644,5
r640x400,640,400,20260808_145501,ihawk1,5.0,3,0,5,1,0.0,0.0,6.0312,7.04214,5
r480x300,480,300,20260808_145501,ihawk1,5.0,3,0,5,1,0.6255,1.37092,3.3282,4.085,5
r320x200,320,200,20260808_145501,ihawk1,5.0,3,0,4,0,0.0355,0.04252,2.6806,2.83198,5
r240x150,240,150,20260808_145501,ihawk1,5.0,3,0,2,0,0.4833,0.94316,1.5579,2.08452,5
r160x100,160,100,20260808_145501,ihawk1,5.0,3,0,0,0,0.1641,0.17304,3.3682,3.6436200000000003,5
r640x400,640,400,20260808_145501,ihawk1,10.0,1,0,5,1,0.0,0.0,5.4937,6.10328,5
r480x300,480,300,20260808_145501,ihawk1,10.0,1,0,5,1,0.5995,0.63966,3.0948,3.3206599999999997,5
r320x200,320,200,20260808_145501,ihawk1,10.0,1,0,3,0,0.0346,0.03746,2.0732,2.4547399999999997,5
r240x150,240,150,20260808_145501,ihawk1,10.0,1,0,2,0,0.422,0.48125999999999997,1.3454,1.53596,5
r160x100,160,100,20260808_145501,ihawk1,10.0,1,0,0,0,0.1571,0.17546,2.63,2.9630799999999997,5
r640x400,640,400,20260808_145501,ihawk1,10.0,2,0,5,1,0.0,0.0,5.3557,6.0740799999999995,5
r480x300,480,300,20260808_145501,ihawk1,10.0,2,0,5,1,0.6022,0.60582,3.1428,3.39764,5
r320x200,320,200,20260808_145501,ihawk1,10.0,2,0,3,0,0.0349,0.04736,1.9473,2.38746,5
r240x150,240,150,20260808_145501,ihawk1,10.0,2,0,2,0,0.4264,0.42898000000000003,1.3688,1.5192,5
r160x100,160,100,20260808_145501,ihawk1,10.0,2,0,0,0,0.1633,0.17526,2.5471,2.71296,5
r640x400,640,400,20260808_145501,ihawk1,10.0,3,0,5,1,0.0,0.0,5.0632,5.18346,5
r480x300,480,300,20260808_145501,ihawk1,10.0,3,0,5,1,0.6047,0.62074,3.002,3.2829,5
r320x200,320,200,20260808_145501,ihawk1,10.0,3,0,3,0,0.0346,0.0366,1.9818,2.37308,5
r240x150,240,150,20260808_145501,ihawk1,10.0,3,0,2,0,0.4131,0.42138,1.4713,2.32758,5
r160x100,160,100,20260808_145501,ihawk1,10.0,3,0,0,0,0.1528,0.17144,2.6225,2.75304,5
r640x400,640,400,20260808_145501,ihawk1,15.0,1,0,5,1,0.0,0.0,4.8096,5.94644,5
r480x300,480,300,20260808_145501,ihawk1,15.0,1,0,5,1,0.5986,0.6099800000000001,3.0219,3.98428,5
r320x200,320,200,20260808_145501,ihawk1,15.0,1,0,4,0,0.0356,0.05076,2.0292,2.8146199999999997,5
r240x150,240,150,20260808_145501,ihawk1,15.0,1,0,2,0,0.4303,0.473,1.3455,1.54724,5
r160x100,160,100,20260808_145501,ihawk1,15.0,1,0,1,0,0.1562,0.18226,2.9294,3.00574,5
r640x400,640,400,20260808_145501,ihawk1,15.0,2,0,5,1,0.0,0.0,5.0104,5.38212,5
r480x300,480,300,20260808_145501,ihawk1,15.0,2,0,5,1,0.5962,0.60004,3.0868,3.2831200000000003,5
r320x200,320,200,20260808_145501,ihawk1,15.0,2,0,4,0,0.0347,0.035960000000000006,2.0005,2.1193999999999997,5
r240x150,240,150,20260808_145501,ihawk1,15.0,2,0,2,0,0.4128,0.42602,1.6156,1.99792,5
r160x100,160,100,20260808_145501,ihawk1,15.0,2,0,1,0,0.1631,0.16918,2.6233,2.9225399999999997,5
r640x400,640,400,20260808_145501,ihawk1,15.0,3,0,5,1,0.0,0.0,4.8723,6.03904,5
r480x300,480,300,20260808_145501,ihawk1,15.0,3,0,5,1,0.6005,0.6051000000000001,3.0252,3.3033,5
r320x200,320,200,20260808_145501,ihawk1,15.0,3,0,4,0,0.0389,0.04164,2.0071,2.0505999999999998,5
r240x150,240,150,20260808_145501,ihawk1,15.0,3,0,2,0,0.421,0.48384,1.4939,2.04792,5
r160x100,160,100,20260808_145501,ihawk1,15.0,3,0,1,0,0.1951,0.22638,2.8156,2.9994799999999997,5
r640x400,640,400,20260808_145501,ihawk1,20.0,1,0,5,1,0.0,0.0,5.2622,5.77098,5
r480x300,480,300,20260808_145501,ihawk1,20.0,1,0,5,1,0.6252,0.71644,3.0422,3.4863199999999996,5
r320x200,320,200,20260808_145501,ihawk1,20.0,1,0,5,1,0.0345,0.03754,1.9589,2.1358,5
r240x150,240,150,20260808_145501,ihawk1,20.0,1,0,3,0,0.419,1.3129799999999998,1.3958,1.51542,5
r160x100,160,100,20260808_145501,ihawk1,20.0,1,0,0,0,0.1579,0.19746,2.5263,2.6393400000000002,5
r640x400,640,400,20260808_145501,ihawk1,20.0,2,0,5,1,0.0,0.0,5.1104,5.91932,5
r480x300,480,300,20260808_145501,ihawk1,20.0,2,0,5,1,0.606,0.75892,2.9739,3.6607399999999997,5
r320x200,320,200,20260808_145501,ihawk1,20.0,2,0,5,1,0.0346,0.0373,1.9137,2.66282,5
r240x150,240,150,20260808_145501,ihawk1,20.0,2,0,3,0,0.4152,0.4261,1.3657,1.52436,5
r160x100,160,100,20260808_145501,ihawk1,20.0,2,0,0,0,0.1566,0.17742,2.4948,3.18472,5
r640x400,640,400,20260808_145501,ihawk1,20.0,3,0,5,1,0.0,0.0,5.1714,7.704279999999999,5
r480x300,480,300,20260808_145501,ihawk1,20.0,3,0,5,1,0.6048,0.62158,3.2282,3.87348,5
r320x200,320,200,20260808_145501,ihawk1,20.0,3,0,4,0,0.0348,0.046079999999999996,1.9403,2.1130400000000003,5
r240x150,240,150,20260808_145501,ihawk1,20.0,3,0,3,0,0.422,0.42464,1.4346,2.31386,5
r160x100,160,100,20260808_145501,ihawk1,20.0,3,0,0,0,0.1548,0.16502,2.4478,3.2399999999999998,5
r640x400,640,400,20260808_145501,ihawk1,25.0,1,0,5,1,0.0,0.0,6.8776,7.07506,5
r480x300,480,300,20260808_145501,ihawk1,25.0,1,0,5,1,0.6062,1.5994199999999998,3.6016,3.83542,5
r320x200,320,200,20260808_145501,ihawk1,25.0,1,0,5,1,0.0384,0.04226,2.0833,2.8035799999999997,5
r240x150,240,150,20260808_145501,ihawk1,25.0,1,0,3,0,0.4408,0.82872,1.4003,1.4512399999999999,5
r160x100,160,100,20260808_145501,ihawk1,25.0,1,0,0,0,0.1647,0.18956,2.5636,2.89236,5
r640x400,640,400,20260808_145501,ihawk1,25.0,2,0,5,1,0.0,0.0,6.6002,6.97798,5
r480x300,480,300,20260808_145501,ihawk1,25.0,2,0,5,1,0.5986,0.6025,3.6432,3.925,5
r320x200,320,200,20260808_145501,ihawk1,25.0,2,0,5,1,0.0352,0.040760000000000005,2.0086,2.03256,5
r240x150,240,150,20260808_145501,ihawk1,25.0,2,0,3,0,0.4272,0.5009199999999999,1.4309,1.5281,5
r160x100,160,100,20260808_145501,ihawk1,25.0,2,0,0,0,0.1933,0.2166,2.5383,2.8329799999999996,5
r640x400,640,400,20260808_145501,ihawk1,25.0,3,0,5,1,0.0,0.0,6.6431,7.50612,5
r480x300,480,300,20260808_145501,ihawk1,25.0,3,0,5,1,0.6015,0.6109600000000001,3.607,3.82268,5
r320x200,320,200,20260808_145501,ihawk1,25.0,3,0,4,0,0.0391,0.0431,2.047,2.09002,5
r240x150,240,150,20260808_145501,ihawk1,25.0,3,0,3,0,0.4125,0.42384,1.4535,1.4916800000000001,5
r160x100,160,100,20260808_145501,ihawk1,25.0,3,0,0,0,0.1664,0.17082,2.5229,2.60766,5
r640x400,640,400,20260808_145501,ihawk1,30.0,1,0,5,1,0.0,0.0,5.4591,5.93806,5
r480x300,480,300,20260808_145501,ihawk1,30.0,1,0,5,1,0.63,0.78514,3.1973,3.39202,5
r320x200,320,200,20260808_145501,ihawk1,30.0,1,0,5,1,0.0344,0.0366,1.9235,2.47,5
r240x150,240,150,20260808_145501,ihawk1,30.0,1,0,2,0,0.4142,0.42126,1.3101,1.3393199999999998,5
r160x100,160,100,20260808_145501,ihawk1,30.0,1,0,0,0,0.2085,0.21694,2.4891,2.80908,5
r640x400,640,400,20260808_145501,ihawk1,30.0,2,0,5,1,0.0,0.0,5.1101,5.73606,5
r480x300,480,300,20260808_145501,ihawk1,30.0,2,0,5,1,0.6061,0.7695799999999999,3.0728,3.57746,5
r320x200,320,200,20260808_145501,ihawk1,30.0,2,0,5,1,0.0423,0.04576,1.953,2.41988,5
r240x150,240,150,20260808_145501,ihawk1,30.0,2,0,2,0,0.4243,0.43072,1.3252,1.36452,5
r160x100,160,100,20260808_145501,ihawk1,30.0,2,0,0,0,0.178,0.19791999999999998,2.3903,2.5568400000000002,5
r640x400,640,400,20260808_145501,ihawk1,30.0,3,0,5,1,0.0,0.0,4.9345,5.16988,5
r480x300,480,300,20260808_145501,ihawk1,30.0,3,0,5,1,0.6013,0.6103799999999999,3.0441,3.4666599999999996,5
r320x200,320,200,20260808_145501,ihawk1,30.0,3,0,5,1,0.0352,0.0474,1.9212,1.94542,5
r240x150,240,150,20260808_145501,ihawk1,30.0,3,0,2,0,0.4262,0.53742,1.3347,1.39058,5
r160x100,160,100,20260808_145501,ihawk1,30.0,3,0,0,0,0.1554,0.16464,2.6418,3.91932,5
r640x400,640,400,20260808_145501,ihawk1,35.0,1,0,5,1,0.0,0.0,5.5927,7.12656,5
r480x300,480,300,20260808_145501,ihawk1,35.0,1,0,5,1,0.6032,0.70154,3.0042,3.65324,5
r320x200,320,200,20260808_145501,ihawk1,35.0,1,0,4,0,0.0346,0.0369,1.8638,2.1287,5
r240x150,240,150,20260808_145501,ihawk1,35.0,1,0,1,0,0.4153,0.42318,1.3814,1.5344,5
r160x100,160,100,20260808_145501,ihawk1,35.0,1,0,1,0,0.1565,0.16786,2.3047,3.30698,5
r640x400,640,400,20260808_145501,ihawk1,35.0,2,0,5,1,0.0,0.0,5.0783,5.37948,5
r480x300,480,300,20260808_145501,ihawk1,35.0,2,0,5,1,0.8957,1.12012,2.9198,3.0939799999999997,5
r320x200,320,200,20260808_145501,ihawk1,35.0,2,0,4,0,0.0381,0.047939999999999997,1.8296,3.0700399999999997,5
r240x150,240,150,20260808_145501,ihawk1,35.0,2,0,1,0,0.4197,0.43498000000000003,1.5205,2.1839399999999998,5
r160x100,160,100,20260808_145501,ihawk1,35.0,2,0,1,0,0.1613,0.16308,2.2842,2.7152,5
r640x400,640,400,20260808_145501,ihawk1,35.0,3,0,5,1,0.0,0.0,4.7739,6.4241399999999995,5
r480x300,480,300,20260808_145501,ihawk1,35.0,3,0,5,1,0.7021,0.76964,3.5439,4.16184,5
r320x200,320,200,20260808_145501,ihawk1,35.0,3,0,4,0,0.0345,0.03678,2.0096,3.10346,5
r240x150,240,150,20260808_145501,ihawk1,35.0,3,0,1,0,0.4159,0.432,1.3655,1.70156,5
r160x100,160,100,20260808_145501,ihawk1,35.0,3,0,1,0,0.1602,0.16574,2.2677,2.75194,5
r640x400,640,400,20260808_145501,ihawk1,40.0,1,0,5,1,0.0,0.0,4.6942,5.0145800000000005,5
r480x300,480,300,20260808_145501,ihawk1,40.0,1,0,4,0,0.6367,1.08272,2.9209,3.00016,5
r320x200,320,200,20260808_145501,ihawk1,40.0,1,0,4,0,0.0344,0.03662,1.8314,2.41676,5
r240x150,240,150,20260808_145501,ihawk1,40.0,1,0,3,0,0.4201,0.43592,1.2079,1.2505,5
r160x100,160,100,20260808_145501,ihawk1,40.0,1,0,0,0,0.1555,0.17342,2.2791,2.9796199999999997,5
r640x400,640,400,20260808_145501,ihawk1,40.0,2,0,5,1,0.0,0.0,4.9068,5.09752,5
r480x300,480,300,20260808_145501,ihawk1,40.0,2,0,4,0,0.6059,0.6089,2.9506,3.5815799999999998,5
r320x200,320,200,20260808_145501,ihawk1,40.0,2,0,4,0,0.0347,0.04538,1.8822,1.9139,5
r240x150,240,150,20260808_145501,ihawk1,40.0,2,0,3,0,0.4535,0.55354,1.2445,1.30222,5
r160x100,160,100,20260808_145501,ihawk1,40.0,2,0,0,0,0.1567,0.1714,2.3269,2.891,5
r640x400,640,400,20260808_145501,ihawk1,40.0,3,0,5,1,0.0,0.0,4.9823,5.40146,5
r480x300,480,300,20260808_145501,ihawk1,40.0,3,0,4,0,0.5993,0.60866,2.9423,3.4404,5
r320x200,320,200,20260808_145501,ihawk1,40.0,3,0,4,0,0.0345,0.0361,2.3671,2.52288,5
r240x150,240,150,20260808_145501,ihawk1,40.0,3,0,3,0,0.4806,0.66054,1.269,1.6935999999999998,5
r160x100,160,100,20260808_145501,ihawk1,40.0,3,0,0,0,0.1578,0.17484,2.3365,3.17894,5
r640x400,640,400,20260808_145501,ihawk1,45.0,1,0,5,1,0.0,0.0,4.9664,5.96528,5
r480x300,480,300,20260808_145501,ihawk1,45.0,1,0,4,0,0.5973,0.6084999999999999,3.1451,3.35066,5
r320x200,320,200,20260808_145501,ihawk1,45.0,1,0,3,0,0.035,0.04068,1.9306,1.96062,5
r240x150,240,150,20260808_145501,ihawk1,45.0,1,0,2,0,0.4675,1.1140999999999999,1.3946,1.9663,5
r160x100,160,100,20260808_145501,ihawk1,45.0,1,0,1,0,0.1871,0.2062,2.3978,2.4647,5
r640x400,640,400,20260808_145501,ihawk1,45.0,2,0,5,1,0.0,0.0,5.2273,6.0789599999999995,5
r480x300,480,300,20260808_145501,ihawk1,45.0,2,0,4,0,0.6119,0.6135200000000001,3.1898,3.7755,5
r320x200,320,200,20260808_145501,ihawk1,45.0,2,0,3,0,0.0346,0.042219999999999994,1.9751,2.86324,5
r240x150,240,150,20260808_145501,ihawk1,45.0,2,0,2,0,0.4172,0.47918,1.4014,1.4477600000000002,5
r160x100,160,100,20260808_145501,ihawk1,45.0,2,0,1,0,0.1971,0.2132,2.1724,3.1843199999999996,5
r640x400,640,400,20260808_145501,ihawk1,45.0,3,0,5,1,0.0,0.0,5.5936,5.8263,5
r480x300,480,300,20260808_145501,ihawk1,45.0,3,0,4,0,0.6072,0.75152,3.258,4.09398,5
r320x200,320,200,20260808_145501,ihawk1,45.0,3,0,3,0,0.0343,0.03608,1.9829,2.70372,5
r240x150,240,150,20260808_145501,ihawk1,45.0,3,0,2,0,0.4151,0.42160000000000003,1.4197,2.2393,5
r160x100,160,100,20260808_145501,ihawk1,45.0,3,0,1,0,0.1529,0.19788,2.3306,3.0723,5
r640x400,640,400,20260808_145501,ihawk1,50.0,1,0,5,1,0.0,0.0,4.8877,6.11132,5
r480x300,480,300,20260808_145501,ihawk1,50.0,1,0,5,1,0.5988,0.6075200000000001,3.07,3.3519,5
r320x200,320,200,20260808_145501,ihawk1,50.0,1,0,3,0,0.0346,0.03688,1.9476,2.1408,5
r240x150,240,150,20260808_145501,ihawk1,50.0,1,0,2,0,0.4182,0.4268,1.3656,2.01396,5
r160x100,160,100,20260808_145501,ihawk1,50.0,1,0,1,0,0.172,0.19478,2.033,2.7374799999999997,5
r640x400,640,400,20260808_145501,ihawk1,50.0,2,0,5,1,0.0,0.0,5.2818,5.4774199999999995,5
r480x300,480,300,20260808_145501,ihawk1,50.0,2,0,5,1,0.6131,0.74812,3.579,3.91614,5
r320x200,320,200,20260808_145501,ihawk1,50.0,2,0,3,0,0.0489,0.09816,2.0906,2.11554,5
r240x150,240,150,20260808_145501,ihawk1,50.0,2,0,2,0,0.4292,0.53124,1.3547,1.48638,5
r160x100,160,100,20260808_145501,ihawk1,50.0,2,0,1,0,0.1942,0.21318,2.019,2.1033399999999998,5
r640x400,640,400,20260808_145501,ihawk1,50.0,3,0,5,1,0.0,0.0,5.7158,6.24204,5
r480x300,480,300,20260808_145501,ihawk1,50.0,3,0,5,1,0.6597,1.5453199999999998,3.5788,4.32882,5
r320x200,320,200,20260808_145501,ihawk1,50.0,3,0,3,0,0.0349,0.04346,2.251,3.2485999999999997,5
r240x150,240,150,20260808_145501,ihawk1,50.0,3,0,2,0,0.4344,0.46866,1.4551,1.57964,5
r160x100,160,100,20260808_145501,ihawk1,50.0,3,0,1,0,0.1696,0.19336,2.4897,2.6127,5
r640x400,640,400,20260808_145501,ihawk2,0.0,1,0,5,1,0.0,0.0,5.1911,6.41686,5
r480x300,480,300,20260808_145501,ihawk2,0.0,1,0,5,1,0.7046,0.9026799999999999,3.1545,3.90224,5
r320x200,320,200,20260808_145501,ihawk2,0.0,1,0,5,1,0.0351,0.04194,1.9101,2.913,5
r240x150,240,150,20260808_145501,ihawk2,0.0,1,0,5,1,0.4208,0.8380599999999999,1.351,1.69828,5
r160x100,160,100,20260808_145501,ihawk2,0.0,1,0,1,0,0.1705,0.39083999999999997,1.6893,2.05326,5
r640x400,640,400,20260808_145501,ihawk2,0.0,2,0,5,1,0.0,0.0,4.5997,5.19144,5
r480x300,480,300,20260808_145501,ihawk2,0.0,2,0,5,1,0.5963,0.6144799999999999,3.065,3.5228599999999997,5
r320x200,320,200,20260808_145501,ihawk2,0.0,2,0,5,1,0.0373,0.03834,1.8047,2.40242,5
r240x150,240,150,20260808_145501,ihawk2,0.0,2,0,5,1,0.5014,0.5505800000000001,1.4574,2.0484999999999998,5
r160x100,160,100,20260808_145501,ihawk2,0.0,2,0,1,0,0.1716,0.35065999999999997,1.9039,2.20996,5
r640x400,640,400,20260808_145501,ihawk2,0.0,3,0,5,1,0.0,0.0,4.3859,5.123200000000001,5
r480x300,480,300,20260808_145501,ihawk2,0.0,3,0,5,1,0.6006,0.71288,2.7442,2.8840600000000003,5
r320x200,320,200,20260808_145501,ihawk2,0.0,3,0,5,1,0.0353,0.038619999999999995,1.739,1.79234,5
r240x150,240,150,20260808_145501,ihawk2,0.0,3,0,5,1,0.4783,0.5191600000000001,1.3284,1.3842999999999999,5
r160x100,160,100,20260808_145501,ihawk2,0.0,3,0,1,0,0.1553,0.1677,1.8125,2.71822,5
r640x400,640,400,20260808_145501,ihawk2,5.0,1,0,5,1,0.0,0.0,4.2408,4.40804,5
r480x300,480,300,20260808_145501,ihawk2,5.0,1,0,5,1,0.6256,0.7442,2.9274,3.12838,5
r320x200,320,200,20260808_145501,ihawk2,5.0,1,0,5,1,0.0346,0.03616,1.8689,2.08222,5
r240x150,240,150,20260808_145501,ihawk2,5.0,1,0,4,0,0.4111,0.4274,1.2281,1.2860800000000001,5
r160x100,160,100,20260808_145501,ihawk2,5.0,1,0,2,0,0.1647,0.17712,1.9529,2.02436,5
r640x400,640,400,20260808_145501,ihawk2,5.0,2,0,5,1,0.0,0.0,4.197,4.42498,5
r480x300,480,300,20260808_145501,ihawk2,5.0,2,0,5,1,0.5978,0.62168,2.8413,3.02868,5
r320x200,320,200,20260808_145501,ihawk2,5.0,2,0,5,1,0.0347,0.03678,1.8475,2.0763599999999998,5
r240x150,240,150,20260808_145501,ihawk2,5.0,2,0,4,0,0.4135,0.42438,1.2272,1.4004599999999998,5
r160x100,160,100,20260808_145501,ihawk2,5.0,2,0,2,0,0.1516,0.16224,2.212,2.34984,5
r640x400,640,400,20260808_145501,ihawk2,5.0,3,0,5,1,0.0,0.0,4.8105,5.54258,5
r480x300,480,300,20260808_145501,ihawk2,5.0,3,0,5,1,0.6018,0.60982,3.0059,3.9531399999999994,5
r320x200,320,200,20260808_145501,ihawk2,5.0,3,0,5,1,0.0342,0.038759999999999996,1.7833,1.80584,5
r240x150,240,150,20260808_145501,ihawk2,5.0,3,0,4,0,0.4447,0.47959999999999997,1.2284,1.2858,5
r160x100,160,100,20260808_145501,ihawk2,5.0,3,0,2,0,0.1545,0.16648000000000002,1.98,2.1563600000000003,5
r640x400,640,400,20260808_145501,ihawk2,10.0,1,0,5,1,0.0,0.0,4.691,5.4853,5
r480x300,480,300,20260808_145501,ihawk2,10.0,1,0,5,1,0.6028,0.60646,2.9187,3.17456,5
r320x200,320,200,20260808_145501,ihawk2,10.0,1,0,5,1,0.0348,0.03644,2.0235,2.2603,5
r240x150,240,150,20260808_145501,ihawk2,10.0,1,0,3,0,0.4197,0.42418,1.3913,1.62392,5
r160x100,160,100,20260808_145501,ihawk2,10.0,1,0,1,0,0.1562,0.16846,1.7939,2.29278,5
r640x400,640,400,20260808_145501,ihawk2,10.0,2,0,5,1,0.0,0.0,4.9702,5.95712,5
r480x300,480,300,20260808_145501,ihawk2,10.0,2,0,5,1,0.6172,0.73798,2.9316,3.2285,5
r320x200,320,200,20260808_145501,ihawk2,10.0,2,0,5,1,0.0345,0.03712,1.969,2.0832,5
r240x150,240,150,20260808_145501,ihawk2,10.0,2,0,3,0,0.4127,0.42436,1.3376,1.3722,5
r160x100,160,100,20260808_145501,ihawk2,10.0,2,0,1,0,0.1999,0.21076,1.966,2.19416,5
r640x400,640,400,20260808_145501,ihawk2,10.0,3,0,5,1,0.0,0.0,5.5617,6.72878,5
r480x300,480,300,20260808_145501,ihawk2,10.0,3,0,5,1,0.6657,0.7102999999999999,3.3238,3.69188,5
r320x200,320,200,20260808_145501,ihawk2,10.0,3,0,5,1,0.0398,0.04288,2.3884,2.76822,5
r240x150,240,150,20260808_145501,ihawk2,10.0,3,0,4,0,0.4401,0.64698,1.6115,2.36284,5
r160x100,160,100,20260808_145501,ihawk2,10.0,3,0,1,0,0.166,0.1829,2.3749,2.64318,5
r640x400,640,400,20260808_145501,ihawk2,15.0,1,0,5,1,0.0,0.0,5.0709,6.0423599999999995,5
r480x300,480,300,20260808_145501,ihawk2,15.0,1,0,5,1,0.6319,0.65998,2.8664,3.96264,5
r320x200,320,200,20260808_145501,ihawk2,15.0,1,0,5,1,0.0347,0.03676,1.9176,2.1244,5
r240x150,240,150,20260808_145501,ihawk2,15.0,1,0,3,0,0.4193,0.43502,1.2326,1.39078,5
r160x100,160,100,20260808_145501,ihawk2,15.0,1,0,1,0,0.1667,0.17996,1.7064,2.07524,5
r640x400,640,400,20260808_145501,ihawk2,15.0,2,0,5,1,0.0,0.0,4.5927,4.7778599999999996,5
r480x300,480,300,20260808_145501,ihawk2,15.0,2,0,5,1,0.6257,0.6795599999999999,2.8221,3.7342799999999996,5
r320x200,320,200,20260808_145501,ihawk2,15.0,2,0,5,1,0.0353,0.044579999999999995,1.9479,2.06904,5
r240x150,240,150,20260808_145501,ihawk2,15.0,2,0,3,0,0.4427,0.47332,1.3107,1.94862,5
r160x100,160,100,20260808_145501,ihawk2,15.0,2,0,1,0,0.1641,0.16862000000000002,2.0095,2.1248799999999997,5
r640x400,640,400,20260808_145501,ihawk2,15.0,3,0,5,1,0.0,0.0,4.4386,5.129560000000001,5
r480x300,480,300,20260808_145501,ihawk2,15.0,3,0,5,1,0.6016,0.62486,2.8998,3.83932,5
r320x200,320,200,20260808_145501,ihawk2,15.0,3,0,5,1,0.0345,0.03752,1.9258,2.17766,5
r240x150,240,150,20260808_145501,ihawk2,15.0,3,0,3,0,0.4167,0.42066,1.3934,2.16574,5
r160x100,160,100,20260808_145501,ihawk2,15.0,3,0,1,0,0.1542,0.16827999999999999,1.8238,2.37758,5
r640x400,640,400,20260808_145501,ihawk2,20.0,1,0,5,1,0.0,0.0,4.9156,5.6024199999999995,5
r480x300,480,300,20260808_145501,ihawk2,20.0,1,0,5,1,0.6829,1.01888,3.3355,3.55304,5
r320x200,320,200,20260808_145501,ihawk2,20.0,1,0,5,1,0.0384,0.04354,2.3904,2.5632599999999996,5
r240x150,240,150,20260808_145501,ihawk2,20.0,1,0,3,0,0.5273,0.6135200000000001,1.7322,2.05462,5
r160x100,160,100,20260808_145501,ihawk2,20.0,1,0,1,0,0.1742,0.22346,2.2832,2.9699999999999998,5
r640x400,640,400,20260808_145501,ihawk2,20.0,2,0,5,1,0.0,0.0,5.8487,6.73792,5
r480x300,480,300,20260808_145501,ihawk2,20.0,2,0,5,1,0.6621,0.97008,3.6179,4.4233199999999995,5
r320x200,320,200,20260808_145501,ihawk2,20.0,2,0,5,1,0.035,0.04382,2.2705,2.3582,5
r240x150,240,150,20260808_145501,ihawk2,20.0,2,0,3,0,0.4773,0.49822000000000005,1.5602,1.7332400000000001,5
r160x100,160,100,20260808_145501,ihawk2,20.0,2,0,1,0,0.1712,0.19125999999999999,2.2526,2.65816,5
r640x400,640,400,20260808_145501,ihawk2,20.0,3,0,5,1,0.0,0.0,5.4563,5.63688,5
r480x300,480,300,20260808_145501,ihawk2,20.0,3,0,5,1,0.6767,0.93174,3.9458,4.3,5
r320x200,320,200,20260808_145501,ihawk2,20.0,3,0,5,1,0.0414,0.04706,2.041,2.64512,5
r240x150,240,150,20260808_145501,ihawk2,20.0,3,0,4,0,0.434,0.51442,1.7349,2.0968199999999997,5
r160x100,160,100,20260808_145501,ihawk2,20.0,3,0,1,0,0.1617,0.17114,2.2939,2.4209400000000003,5
r640x400,640,400,20260808_145501,ihawk2,25.0,1,0,5,1,0.0,0.0,5.2308,6.2649799999999995,5
r480x300,480,300,20260808_145501,ihawk2,25.0,1,0,5,1,0.5999,0.60532,3.0201,3.2994399999999997,5
r320x200,320,200,20260808_145501,ihawk2,25.0,1,0,5,1,0.0346,0.03862,1.7539,1.76888,5
r240x150,240,150,20260808_145501,ihawk2,25.0,1,0,4,0,0.4678,0.50048,1.4008,1.4650999999999998,5
r160x100,160,100,20260808_145501,ihawk2,25.0,1,0,3,0,0.1563,0.1667,2.0636,2.3066,5
r640x400,640,400,20260808_145501,ihawk2,25.0,2,0,5,1,0.0,0.0,5.3434,5.57568,5
r480x300,480,300,20260808_145501,ihawk2,25.0,2,0,5,1,0.5985,0.60522,3.0321,3.28904,5
r320x200,320,200,20260808_145501,ihawk2,25.0,2,0,5,1,0.0347,0.03712,1.7733,1.9791,5
r240x150,240,150,20260808_145501,ihawk2,25.0,2,0,4,0,0.4156,0.42766000000000004,1.4682,1.66998,5
r160x100,160,100,20260808_145501,ihawk2,25.0,2,0,3,0,0.1563,0.16942000000000002,2.1396,2.35692,5
r640x400,640,400,20260808_145501,ihawk2,25.0,3,0,5,1,0.0,0.0,5.2797,5.67142,5
r480x300,480,300,20260808_145501,ihawk2,25.0,3,0,5,1,0.6433,0.81144,2.9836,3.14112,5
r320x200,320,200,20260808_145501,ihawk2,25.0,3,0,5,1,0.0346,0.03728,1.9037,1.9218199999999999,5
r240x150,240,150,20260808_145501,ihawk2,25.0,3,0,4,0,0.4232,0.43034,1.4288,1.54356,5
r160x100,160,100,20260808_145501,ihawk2,25.0,3,0,3,0,0.1537,0.17128,2.0914,2.2515,5
r640x400,640,400,20260808_145501,ihawk2,30.0,1,0,5,1,0.0,0.0,4.3046,5.63982,5
r480x300,480,300,20260808_145501,ihawk2,30.0,1,0,5,1,0.6086,0.6119600000000001,2.7343,2.98456,5
r320x200,320,200,20260808_145501,ihawk2,30.0,1,0,5,1,0.0407,0.0503,2.0171,2.20854,5
r240x150,240,150,20260808_145501,ihawk2,30.0,1,0,3,0,0.4242,1.1273799999999998,1.2875,1.35912,5
r160x100,160,100,20260808_145501,ihawk2,30.0,1,0,0,0,0.1564,0.17822,2.3884,2.87322,5
r640x400,640,400,20260808_145501,ihawk2,30.0,2,0,5,1,0.0,0.0,4.2611,5.7077599999999995,5
r480x300,480,300,20260808_145501,ihawk2,30.0,2,0,5,1,0.6014,0.60874,2.7984,2.9528399999999997,5
r320x200,320,200,20260808_145501,ihawk2,30.0,2,0,5,1,0.0345,0.03682,1.7331,1.92628,5
r240x150,240,150,20260808_145501,ihawk2,30.0,2,0,3,0,0.417,0.42658,1.26,1.2974999999999999,5
r160x100,160,100,20260808_145501,ihawk2,30.0,2,0,0,0,0.1943,0.2223,1.6059,1.6898799999999998,5
r640x400,640,400,20260808_145501,ihawk2,30.0,3,0,5,1,0.0,0.0,4.4618,4.64996,5
r480x300,480,300,20260808_145501,ihawk2,30.0,3,0,5,1,0.5978,0.60654,2.7497,2.95738,5
r320x200,320,200,20260808_145501,ihawk2,30.0,3,0,5,1,0.0347,0.03682,1.7755,2.01596,5
r240x150,240,150,20260808_145501,ihawk2,30.0,3,0,3,0,0.4121,0.41832,1.3156,1.3571,5
r160x100,160,100,20260808_145501,ihawk2,30.0,3,0,0,0,0.1743,0.19282,1.7169,1.7535,5
r640x400,640,400,20260808_145501,ihawk2,35.0,1,0,5,1,0.0,0.0,4.3455,4.48838,5
r480x300,480,300,20260808_145501,ihawk2,35.0,1,0,5,1,0.603,0.6109,2.8065,2.8865399999999997,5
r320x200,320,200,20260808_145501,ihawk2,35.0,1,0,4,0,0.0348,0.03624,1.7891,1.99084,5
r240x150,240,150,20260808_145501,ihawk2,35.0,1,0,3,0,0.4238,0.42735999999999996,1.3514,1.4189399999999999,5
r160x100,160,100,20260808_145501,ihawk2,35.0,1,0,1,0,0.1655,0.20128,1.6259,1.67448,5
r640x400,640,400,20260808_145501,ihawk2,35.0,2,0,5,1,0.0,0.0,4.355,4.56084,5
r480x300,480,300,20260808_145501,ihawk2,35.0,2,0,5,1,0.6025,0.60938,2.8424,3.0082400000000002,5
r320x200,320,200,20260808_145501,ihawk2,35.0,2,0,4,0,0.0348,0.03628,1.8385,1.9965199999999999,5
r240x150,240,150,20260808_145501,ihawk2,35.0,2,0,3,0,0.4148,0.42678,1.4239,1.7164599999999999,5
r160x100,160,100,20260808_145501,ihawk2,35.0,2,0,1,0,0.1565,0.16548,1.5506,1.58924,5
r640x400,640,400,20260808_145501,ihawk2,35.0,3,0,5,1,0.0,0.0,4.6408,5.2193,5
r480x300,480,300,20260808_145501,ihawk2,35.0,3,0,5,1,0.5942,0.6093999999999999,2.7642,2.9047,5
r320x200,320,200,20260808_145501,ihawk2,35.0,3,0,4,0,0.0349,0.0462,1.7803,1.9895800000000001,5
r240x150,240,150,20260808_145501,ihawk2,35.0,3,0,3,0,0.4151,0.42196,1.4119,1.47996,5
r160x100,160,100,20260808_145501,ihawk2,35.0,3,0,1,0,0.1617,0.1671,1.536,1.54818,5
r640x400,640,400,20260808_145501,ihawk2,40.0,1,0,5,1,0.0,0.0,4.278,5.37038,5
r480x300,480,300,20260808_145501,ihawk2,40.0,1,0,5,1,0.6086,1.31924,2.6666,3.51328,5
r320x200,320,200,20260808_145501,ihawk2,40.0,1,0,5,1,0.0345,0.036559999999999995,1.7693,1.9619199999999999,5
r240x150,240,150,20260808_145501,ihawk2,40.0,1,0,5,1,0.4158,0.42426,1.2992,1.8733,5
r160x100,160,100,20260808_145501,ihawk2,40.0,1,0,1,0,0.155,0.16336,1.6204,2.18992,5
r640x400,640,400,20260808_145501,ihawk2,40.0,2,0,5,1,0.0,0.0,4.5201,4.82988,5
r480x300,480,300,20260808_145501,ihawk2,40.0,2,0,5,1,0.6082,0.61848,2.6935,3.37838,5
r320x200,320,200,20260808_145501,ihawk2,40.0,2,0,4,0,0.0351,0.0417,2.5146,2.91868,5
r240x150,240,150,20260808_145501,ihawk2,40.0,2,0,5,1,0.4181,0.43058,1.2446,1.29808,5
r160x100,160,100,20260808_145501,ihawk2,40.0,2,0,1,0,0.156,0.16418,1.6533,2.67502,5
r640x400,640,400,20260808_145501,ihawk2,40.0,3,0,5,1,0.0,0.0,4.2883,5.60848,5
r480x300,480,300,20260808_145501,ihawk2,40.0,3,0,5,1,0.6081,0.63888,3.1888,3.65864,5
r320x200,320,200,20260808_145501,ihawk2,40.0,3,0,4,0,0.0346,0.03828,1.8606,2.10714,5
r240x150,240,150,20260808_145501,ihawk2,40.0,3,0,5,1,0.4177,0.42302,1.2852,1.48604,5
r160x100,160,100,20260808_145501,ihawk2,40.0,3,0,1,0,0.1559,0.17204,1.544,1.58706,5
r640x400,640,400,20260808_145501,ihawk2,45.0,1,0,5,1,0.0,0.0,4.3504,4.5700199999999995,5
r480x300,480,300,20260808_145501,ihawk2,45.0,1,0,5,1,0.6057,0.6213,2.7422,2.96582,5
r320x200,320,200,20260808_145501,ihawk2,45.0,1,0,4,0,0.035,0.04588,1.8892,2.2904999999999998,5
r240x150,240,150,20260808_145501,ihawk2,45.0,1,0,3,0,0.4213,0.42592,1.7029,2.3956399999999998,5
r160x100,160,100,20260808_145501,ihawk2,45.0,1,0,1,0,0.1588,0.16404,1.6011,1.92428,5
r640x400,640,400,20260808_145501,ihawk2,45.0,2,0,5,1,0.0,0.0,4.5127,5.18614,5
r480x300,480,300,20260808_145501,ihawk2,45.0,2,0,5,1,0.6046,0.6106199999999999,2.7389,2.9406,5
r320x200,320,200,20260808_145501,ihawk2,45.0,2,0,4,0,0.0347,0.06743999999999999,1.7572,1.84038,5
r240x150,240,150,20260808_145501,ihawk2,45.0,2,0,3,0,0.4243,0.5275599999999999,1.3325,1.7274399999999999,5
r160x100,160,100,20260808_145501,ihawk2,45.0,2,0,1,0,0.1551,0.18058,1.494,2.0228,5
r640x400,640,400,20260808_145501,ihawk2,45.0,3,0,5,1,0.0,0.0,4.5264,4.9408,5
r480x300,480,300,20260808_145501,ihawk2,45.0,3,0,5,1,0.6024,0.60824,2.7389,3.17896,5
r320x200,320,200,20260808_145501,ihawk2,45.0,3,0,4,0,0.0347,0.11481999999999998,1.7821,1.8438999999999999,5
r240x150,240,150,20260808_145501,ihawk2,45.0,3,0,3,0,0.4896,0.79728,1.2164,1.676,5
r160x100,160,100,20260808_145501,ihawk2,45.0,3,0,1,0,0.1587,0.16476,1.682,2.49934,5
r640x400,640,400,20260808_145501,ihawk2,50.0,1,0,5,1,0.0,0.0,4.5034,5.29894,5
r480x300,480,300,20260808_145501,ihawk2,50.0,1,0,5,1,0.6175,0.6733,2.7882,2.93464,5
r320x200,320,200,20260808_145501,ihawk2,50.0,1,0,4,0,0.0346,0.0367,1.7488,1.9722,5
r240x150,240,150,20260808_145501,ihawk2,50.0,1,0,3,0,0.4236,0.42491999999999996,1.1826,1.2251,5
r160x100,160,100,20260808_145501,ihawk2,50.0,1,0,1,0,0.1548,0.16616,1.5604,1.86476,5
r640x400,640,400,20260808_145501,ihawk2,50.0,2,0,5,1,0.0,0.0,4.2292,4.34734,5
r480x300,480,300,20260808_145501,ihawk2,50.0,2,0,5,1,0.6133,0.66308,2.7251,3.9465,5
r320x200,320,200,20260808_145501,ihawk2,50.0,2,0,4,0,0.0407,0.04472,1.7151,1.8923999999999999,5
r240x150,240,150,20260808_145501,ihawk2,50.0,2,0,3,0,0.4163,0.4264,1.1754,1.20776,5
r160x100,160,100,20260808_145501,ihawk2,50.0,2,0,1,0,0.1568,0.16478,1.5116,1.85178,5
r640x400,640,400,20260808_145501,ihawk2,50.0,3,0,5,1,0.0,0.0,4.1333,5.264139999999999,5
r480x300,480,300,20260808_145501,ihawk2,50.0,3,0,5,1,0.6033,0.6982,2.9039,4.43958,5
r320x200,320,200,20260808_145501,ihawk2,50.0,3,0,4,0,0.0354,0.04896,1.6852,2.2157999999999998,5
r240x150,240,150,20260808_145501,ihawk2,50.0,3,0,3,0,0.4253,1.0181799999999999,1.1481,1.19314,5
r160x100,160,100,20260808_145501,ihawk2,50.0,3,0,1,0,0.1943,0.24281999999999998,1.5505,1.9698799999999999,5
r640x400,640,400,20260808_151001,ihawk1,0.0,1,0,5,1,0.0,0.0,4.5583,4.86168,5
r480x300,480,300,20260808_151001,ihawk1,0.0,1,0,5,1,0.6086,0.6124,2.7406,3.03554,5
r320x200,320,200,20260808_151001,ihawk1,0.0,1,0,4,0,0.0346,0.03718,1.7643,2.40054,5
r240x150,240,150,20260808_151001,ihawk1,0.0,1,0,2,0,0.4191,0.7295799999999999,1.1783,1.5404,5
r160x100,160,100,20260808_151001,ihawk1,0.0,1,0,0,0,0.1572,0.18246,2.1572,2.44522,5
r640x400,640,400,20260808_151001,ihawk1,0.0,2,0,5,1,0.0,0.0,4.8129,6.48424,5
r480x300,480,300,20260808_151001,ihawk1,0.0,2,0,5,1,0.6084,1.07866,2.6995,3.28438,5
r320x200,320,200,20260808_151001,ihawk1,0.0,2,0,4,0,0.0349,0.0379,1.6708,1.6933,5
r240x150,240,150,20260808_151001,ihawk1,0.0,2,0,3,0,0.5509,0.8906799999999999,1.1987,1.2482,5
r160x100,160,100,20260808_151001,ihawk1,0.0,2,0,0,0,0.1566,0.1704,2.341,3.3920199999999996,5
r640x400,640,400,20260808_151001,ihawk1,0.0,3,0,5,1,0.0,0.0,4.6898,5.00318,5
r480x300,480,300,20260808_151001,ihawk1,0.0,3,0,5,1,0.6031,0.60612,3.2277,3.59382,5
r320x200,320,200,20260808_151001,ihawk1,0.0,3,0,4,0,0.0392,0.05704,2.0074,2.58688,5
r240x150,240,150,20260808_151001,ihawk1,0.0,3,0,3,0,0.4275,0.6711199999999999,1.208,1.72706,5
r160x100,160,100,20260808_151001,ihawk1,0.0,3,0,0,0,0.1593,0.1644,2.3254,3.08974,5
r640x400,640,400,20260808_151001,ihawk1,5.0,1,0,5,1,0.0,0.0,4.5968,5.561159999999999,5
r480x300,480,300,20260808_151001,ihawk1,5.0,1,0,5,1,0.5981,0.6078,3.1152,3.39072,5
r320x200,320,200,20260808_151001,ihawk1,5.0,1,0,3,0,0.0346,0.03616,1.781,2.18008,5
r240x150,240,150,20260808_151001,ihawk1,5.0,1,0,1,0,0.4269,0.43195999999999996,1.2719,1.50874,5
r160x100,160,100,20260808_151001,ihawk1,5.0,1,0,1,0,0.156,0.1645,2.3759,3.6282599999999996,5
r640x400,640,400,20260808_151001,ihawk1,5.0,2,0,5,1,0.0,0.0,4.7562,5.44734,5
r480x300,480,300,20260808_151001,ihawk1,5.0,2,0,5,1,0.6144,0.73234,2.9249,3.97758,5
r320x200,320,200,20260808_151001,ihawk1,5.0,2,0,4,0,0.0346,0.03642,1.749,2.6438999999999995,5
r240x150,240,150,20260808_151001,ihawk1,5.0,2,0,1,0,0.4146,0.42088,1.2406,1.28158,5
r160x100,160,100,20260808_151001,ihawk1,5.0,2,0,1,0,0.1607,0.17386000000000001,2.3899,2.8335399999999997,5
r640x400,640,400,20260808_151001,ihawk1,5.0,3,0,5,1,0.0,0.0,4.7755,5.6495,5
r480x300,480,300,20260808_151001,ihawk1,5.0,3,0,5,1,0.5998,0.61544,2.8744,3.1343,5
r320x200,320,200,20260808_151001,ihawk1,5.0,3,0,4,0,0.0354,0.043219999999999995,1.6836,1.71424,5
r240x150,240,150,20260808_151001,ihawk1,5.0,3,0,1,0,0.4979,0.7092599999999999,1.6986,1.80542,5
r160x100,160,100,20260808_151001,ihawk1,5.0,3,0,1,0,0.173,0.228,2.3554,2.4735,5
r640x400,640,400,20260808_151001,ihawk1,10.0,1,0,5,1,0.0,0.0,4.8045,4.969040000000001,5
r480x300,480,300,20260808_151001,ihawk1,10.0,1,0,5,1,0.7156,0.882,3.6522,3.90412,5
r320x200,320,200,20260808_151001,ihawk1,10.0,1,0,3,0,0.0353,0.041679999999999995,1.809,1.8815,5
r240x150,240,150,20260808_151001,ihawk1,10.0,1,0,2,0,0.4681,0.50886,1.265,1.37308,5
r160x100,160,100,20260808_151001,ihawk1,10.0,1,0,0,0,0.1556,0.16476,2.4261,3.92374,5
r640x400,640,400,20260808_151001,ihawk1,10.0,2,0,5,1,0.0,0.0,4.809,5.15,5
r480x300,480,300,20260808_151001,ihawk1,10.0,2,0,5,1,0.5988,0.60214,2.8306,3.15282,5
r320x200,320,200,20260808_151001,ihawk1,10.0,2,0,3,0,0.0349,0.05009999999999999,1.9732,2.26544,5
r240x150,240,150,20260808_151001,ihawk1,10.0,2,0,2,0,0.4268,0.43428,1.4331,2.16184,5
r160x100,160,100,20260808_151001,ihawk1,10.0,2,0,0,0,0.1593,0.17212,2.4332,3.2405999999999997,5
r640x400,640,400,20260808_151001,ihawk1,10.0,3,0,5,1,0.0,0.0,4.4822,5.6846,5
r480x300,480,300,20260808_151001,ihawk1,10.0,3,0,5,1,0.6133,1.07782,2.7627,2.99436,5
r320x200,320,200,20260808_151001,ihawk1,10.0,3,0,3,0,0.0381,0.039420000000000004,1.809,1.99592,5
r240x150,240,150,20260808_151001,ihawk1,10.0,3,0,1,0,0.4638,0.483,1.312,1.56032,5
r160x100,160,100,20260808_151001,ihawk1,10.0,3,0,0,0,0.1675,0.17307999999999998,2.658,3.43826,5
r640x400,640,400,20260808_151001,ihawk1,15.0,1,0,5,1,0.0,0.0,5.4949,5.94184,5
r480x300,480,300,20260808_151001,ihawk1,15.0,1,0,5,1,0.6189,0.6789999999999999,3.0815,4.4954,5
r320x200,320,200,20260808_151001,ihawk1,15.0,1,0,4,0,0.0373,0.04786,1.9279,2.3235799999999998,5
r240x150,240,150,20260808_151001,ihawk1,15.0,1,0,2,0,0.4683,0.5050800000000001,1.402,1.6003,5
r160x100,160,100,20260808_151001,ihawk1,15.0,1,0,1,0,0.1661,0.17042,2.5259,2.75914,5
r640x400,640,400,20260808_151001,ihawk1,15.0,2,0,5,1,0.0,0.0,5.4631,5.72466,5
r480x300,480,300,20260808_151001,ihawk1,15.0,2,0,5,1,0.6263,0.6626,2.9485,3.68906,5
r320x200,320,200,20260808_151001,ihawk1,15.0,2,0,4,0,0.0361,0.055839999999999994,2.0581,2.86862,5
r240x150,240,150,20260808_151001,ihawk1,15.0,2,0,2,0,0.4956,0.8171399999999999,1.3159,1.79198,5
r160x100,160,100,20260808_151001,ihawk1,15.0,2,0,1,0,0.1692,0.17637999999999998,2.239,2.32104,5
r640x400,640,400,20260808_151001,ihawk1,15.0,3,0,5,1,0.0,0.0,4.8804,6.5567,5
r480x300,480,300,20260808_151001,ihawk1,15.0,3,0,5,1,0.8685,0.9561,2.7752,3.1274200000000003,5
r320x200,320,200,20260808_151001,ihawk1,15.0,3,0,4,0,0.0347,0.04954,1.8034,1.83094,5
r240x150,240,150,20260808_151001,ihawk1,15.0,3,0,2,0,0.4238,0.47204,1.2448,1.29668,5
r160x100,160,100,20260808_151001,ihawk1,15.0,3,0,1,0,0.1744,0.51654,2.1392,3.33064,5
r640x400,640,400,20260808_151001,ihawk1,20.0,1,0,5,1,0.0,0.0,4.7099,6.962079999999999,5
r480x300,480,300,20260808_151001,ihawk1,20.0,1,0,5,1,0.6043,0.66674,3.016,3.54132,5
r320x200,320,200,20260808_151001,ihawk1,20.0,1,0,3,0,0.0345,0.05742,1.9133,2.2610799999999998,5
r240x150,240,150,20260808_151001,ihawk1,20.0,1,0,3,0,0.4154,0.42272,1.3991,1.43756,5
r160x100,160,100,20260808_151001,ihawk1,20.0,1,0,0,0,0.1658,0.23134,2.5886,2.8457,5
r640x400,640,400,20260808_151001,ihawk1,20.0,2,0,5,1,0.0,0.0,5.2338,6.13668,5
r480x300,480,300,20260808_151001,ihawk1,20.0,2,0,5,1,0.7245,0.81454,3.2065,3.2686,5
r320x200,320,200,20260808_151001,ihawk1,20.0,2,0,3,0,0.0345,0.04304,2.4155,2.62448,5
r240x150,240,150,20260808_151001,ihawk1,20.0,2,0,3,0,0.4248,0.4637,1.531,1.5822,5
r160x100,160,100,20260808_151001,ihawk1,20.0,2,0,0,0,0.155,0.1663,2.5013,3.17812,5
r640x400,640,400,20260808_151001,ihawk1,20.0,3,0,5,1,0.0,0.0,5.639,6.56536,5
r480x300,480,300,20260808_151001,ihawk1,20.0,3,0,5,1,0.609,0.61718,3.0553,3.1901800000000002,5
r320x200,320,200,20260808_151001,ihawk1,20.0,3,0,3,0,0.0347,0.03872,2.016,2.20194,5
r240x150,240,150,20260808_151001,ihawk1,20.0,3,0,3,0,0.4316,0.7554,1.6801,2.14334,5
r160x100,160,100,20260808_151001,ihawk1,20.0,3,0,0,0,0.155,0.16505999999999998,2.8318,2.92168,5
r640x400,640,400,20260808_151001,ihawk1,25.0,1,0,5,1,0.0,0.0,4.6992,5.33812,5
r480x300,480,300,20260808_151001,ihawk1,25.0,1,0,3,0,0.6818,1.35252,3.3313,4.28728,5
r320x200,320,200,20260808_151001,ihawk1,25.0,1,0,4,0,0.0345,0.03778,1.9043,2.3422799999999997,5
r240x150,240,150,20260808_151001,ihawk1,25.0,1,0,1,0,0.433,0.7657799999999999,1.2798,1.34344,5
r160x100,160,100,20260808_151001,ihawk1,25.0,1,0,0,0,0.1692,0.18569999999999998,2.7545,4.2207,5
r640x400,640,400,20260808_151001,ihawk1,25.0,2,0,5,1,0.0,0.0,4.9805,5.92954,5
r480x300,480,300,20260808_151001,ihawk1,25.0,2,0,3,0,0.6521,0.70328,2.823,3.9669,5
r320x200,320,200,20260808_151001,ihawk1,25.0,2,0,4,0,0.0347,0.03736,1.7341,1.75792,5
r240x150,240,150,20260808_151001,ihawk1,25.0,2,0,1,0,0.4226,0.43124,1.2647,1.70058,5
r160x100,160,100,20260808_151001,ihawk1,25.0,2,0,0,0,0.1573,0.1733,2.8543,2.95194,5
r640x400,640,400,20260808_151001,ihawk1,25.0,3,0,5,1,0.0,0.0,5.6484,6.47454,5
r480x300,480,300,20260808_151001,ihawk1,25.0,3,0,3,0,0.7986,0.81358,3.4233,3.7155400000000003,5
r320x200,320,200,20260808_151001,ihawk1,25.0,3,0,4,0,0.0373,0.052759999999999994,2.3105,3.2611,5
r240x150,240,150,20260808_151001,ihawk1,25.0,3,0,1,0,0.5252,0.57696,1.6192,1.88304,5
r160x100,160,100,20260808_151001,ihawk1,25.0,3,0,0,0,0.2606,0.2682,3.5593,3.6691000000000003,5
r640x400,640,400,20260808_151001,ihawk1,30.0,1,0,5,1,0.0,0.0,6.0277,6.74266,5
r480x300,480,300,20260808_151001,ihawk1,30.0,1,0,5,1,0.7191,0.88118,3.4659,4.54904,5
r320x200,320,200,20260808_151001,ihawk1,30.0,1,0,4,0,0.0392,0.05216,2.0935,2.90826,5
r240x150,240,150,20260808_151001,ihawk1,30.0,1,0,1,0,0.5345,0.84166,1.7636,2.0435600000000003,5
r160x100,160,100,20260808_151001,ihawk1,30.0,1,0,0,0,0.1686,0.20148,2.9526,3.16854,5
r640x400,640,400,20260808_151001,ihawk1,30.0,2,0,5,1,0.0,0.0,5.602,6.37636,5
r480x300,480,300,20260808_151001,ihawk1,30.0,2,0,5,1,0.6939,0.7057,3.3722,4.4091,5
r320x200,320,200,20260808_151001,ihawk1,30.0,2,0,4,0,0.0395,0.05915999999999999,2.0249,2.10642,5
r240x150,240,150,20260808_151001,ihawk1,30.0,2,0,1,0,0.5091,0.6867399999999999,1.4752,1.5234800000000002,5
r160x100,160,100,20260808_151001,ihawk1,30.0,2,0,0,0,0.1992,0.23774,2.5912,2.81056,5
r640x400,640,400,20260808_151001,ihawk1,30.0,3,0,5,1,0.0,0.0,5.427,6.37916,5
r480x300,480,300,20260808_151001,ihawk1,30.0,3,0,5,1,0.7028,0.9545599999999999,3.6899,4.27106,5
r320x200,320,200,20260808_151001,ihawk1,30.0,3,0,4,0,0.0465,0.10103999999999999,2.0961,2.29958,5
r240x150,240,150,20260808_151001,ihawk1,30.0,3,0,1,0,0.5281,0.8060799999999999,1.5151,1.98704,5
r160x100,160,100,20260808_151001,ihawk1,30.0,3,0,0,0,0.1974,0.31504,2.6938,3.42658,5
r640x400,640,400,20260808_151001,ihawk1,35.0,1,0,5,1,0.0,0.0,7.0406,7.6963799999999996,5
r480x300,480,300,20260808_151001,ihawk1,35.0,1,0,5,1,0.6193,0.74028,3.6705,3.8813999999999997,5
r320x200,320,200,20260808_151001,ihawk1,35.0,1,0,5,1,0.0346,0.03998,2.065,2.21408,5
r240x150,240,150,20260808_151001,ihawk1,35.0,1,0,2,0,0.419,0.43184,1.3829,1.4644400000000002,5
r160x100,160,100,20260808_151001,ihawk1,35.0,1,0,0,0,0.1568,0.17446,2.3909,3.54322,5
r640x400,640,400,20260808_151001,ihawk1,35.0,2,0,5,1,0.0,0.0,6.597,6.815300000000001,5
r480x300,480,300,20260808_151001,ihawk1,35.0,2,0,5,1,0.5999,0.60296,3.4034,3.76946,5
r320x200,320,200,20260808_151001,ihawk1,35.0,2,0,5,1,0.0346,0.03666,1.9777,2.5309399999999997,5
r240x150,240,150,20260808_151001,ihawk1,35.0,2,0,2,0,0.4152,0.42238,1.34,1.37882,5
r160x100,160,100,20260808_151001,ihawk1,35.0,2,0,0,0,0.2002,0.20168,2.4,2.61492,5
r640x400,640,400,20260808_151001,ihawk1,35.0,3,0,5,1,0.0,0.0,6.7317,7.20466,5
r480x300,480,300,20260808_151001,ihawk1,35.0,3,0,5,1,0.6223,0.70798,4.7161,4.91732,5
r320x200,320,200,20260808_151001,ihawk1,35.0,3,0,5,1,0.0349,0.0408,2.2682,2.4219,5
r240x150,240,150,20260808_151001,ihawk1,35.0,3,0,2,0,0.4402,0.51956,1.5936,1.7410999999999999,5
r160x100,160,100,20260808_151001,ihawk1,35.0,3,0,0,0,0.1833,0.19138,3.0621,3.50366,5
r640x400,640,400,20260808_151001,ihawk1,40.0,1,0,5,1,0.0,0.0,5.72,6.03676,5
r480x300,480,300,20260808_151001,ihawk1,40.0,1,0,5,1,0.7085,1.17624,3.5724,3.95094,5
r320x200,320,200,20260808_151001,ihawk1,40.0,1,0,3,0,0.0351,0.03986,2.293,2.39314,5
r240x150,240,150,20260808_151001,ihawk1,40.0,1,0,1,0,0.5429,0.5974200000000001,1.6786,1.94664,5
r160x100,160,100,20260808_151001,ihawk1,40.0,1,0,0,0,0.1632,0.18602,3.3522,3.47358,5
r640x400,640,400,20260808_151001,ihawk1,40.0,2,0,5,1,0.0,0.0,6.9683,7.1321200000000005,5
r480x300,480,300,20260808_151001,ihawk1,40.0,2,0,5,1,0.6483,0.6821200000000001,3.8011,4.40044,5
r320x200,320,200,20260808_151001,ihawk1,40.0,2,0,3,0,0.0438,0.048279999999999997,2.0279,2.25372,5
r240x150,240,150,20260808_151001,ihawk1,40.0,2,0,1,0,0.5812,0.65628,1.5271,1.6295600000000001,5
r160x100,160,100,20260808_151001,ihawk1,40.0,2,0,0,0,0.1696,0.20695999999999998,2.8856,3.79464,5
r640x400,640,400,20260808_151001,ihawk1,40.0,3,0,5,1,0.0,0.0,5.2775,5.932799999999999,5
r480x300,480,300,20260808_151001,ihawk1,40.0,3,0,5,1,0.6075,0.81516,2.9136,3.58708,5
r320x200,320,200,20260808_151001,ihawk1,40.0,3,0,3,0,0.0345,0.0386,1.8116,1.97304,5
r240x150,240,150,20260808_151001,ihawk1,40.0,3,0,1,0,0.4176,0.42114,1.3431,1.39666,5
r160x100,160,100,20260808_151001,ihawk1,40.0,3,0,0,0,0.2196,0.28912,2.8834,3.14552,5
r640x400,640,400,20260808_151001,ihawk1,45.0,1,0,5,1,0.0,0.0,5.2935,5.7758,5
r480x300,480,300,20260808_151001,ihawk1,45.0,1,0,4,0,0.6267,0.97868,3.36,4.06398,5
r320x200,320,200,20260808_151001,ihawk1,45.0,1,0,4,0,0.0476,0.05752,2.1847,2.27426,5
r240x150,240,150,20260808_151001,ihawk1,45.0,1,0,2,0,0.7481,0.9709800000000001,1.6907,1.86202,5
r160x100,160,100,20260808_151001,ihawk1,45.0,1,0,0,0,0.1664,0.5152399999999999,2.8251,3.471,5
r640x400,640,400,20260808_151001,ihawk1,45.0,2,0,5,1,0.0,0.0,5.1283,6.14474,5
r480x300,480,300,20260808_151001,ihawk1,45.0,2,0,5,1,0.7382,0.84558,3.2106,3.65834,5
r320x200,320,200,20260808_151001,ihawk1,45.0,2,0,4,0,0.0347,0.0366,1.9261,2.3479799999999997,5
r240x150,240,150,20260808_151001,ihawk1,45.0,2,0,2,0,0.4168,0.42328,1.5804,1.8887399999999999,5
r160x100,160,100,20260808_151001,ihawk1,45.0,2,0,0,0,0.1591,0.1766,2.4255,2.9749,5
r640x400,640,400,20260808_151001,ihawk1,45.0,3,0,5,1,0.0,0.0,4.809,6.49984,5
r480x300,480,300,20260808_151001,ihawk1,45.0,3,0,5,1,0.603,1.1516399999999998,4.5017,5.2195,5
r320x200,320,200,20260808_151001,ihawk1,45.0,3,0,4,0,0.0367,0.06011999999999999,2.8752,3.37378,5
r240x150,240,150,20260808_151001,ihawk1,45.0,3,0,2,0,0.5658,0.6572,2.5972,3.3127,5
r160x100,160,100,20260808_151001,ihawk1,45.0,3,0,0,0,0.2357,0.48929999999999996,2.7713,3.21684,5
r640x400,640,400,20260808_151001,ihawk1,50.0,1,0,5,1,0.0,0.0,6.5468,7.87292,5
r480x300,480,300,20260808_151001,ihawk1,50.0,1,0,5,1,0.8107,0.85676,3.3839,4.9810799999999995,5
r320x200,320,200,20260808_151001,ihawk1,50.0,1,0,4,0,0.0377,0.05186,2.436,2.68818,5
r240x150,240,150,20260808_151001,ihawk1,50.0,1,0,2,0,0.4271,0.45674,1.997,2.03412,5
r160x100,160,100,20260808_151001,ihawk1,50.0,1,0,1,0,0.2666,0.27392,3.1422,3.63122,5
r640x400,640,400,20260808_151001,ihawk1,50.0,2,0,5,1,0.0,0.0,6.2578,8.021759999999999,5
r480x300,480,300,20260808_151001,ihawk1,50.0,2,0,5,1,0.6565,0.9698199999999999,4.7626,5.240060000000001,5
r320x200,320,200,20260808_151001,ihawk1,50.0,2,0,4,0,0.0368,0.04873999999999999,2.3923,2.81314,5
r240x150,240,150,20260808_151001,ihawk1,50.0,2,0,2,0,0.5057,1.1127999999999998,1.835,1.92084,5
r160x100,160,100,20260808_151001,ihawk1,50.0,2,0,1,0,0.2723,0.5775399999999999,2.3383,3.0724599999999995,5
r640x400,640,400,20260808_151001,ihawk1,50.0,3,0,5,1,0.0,0.0,7.3232,7.8716,5
r480x300,480,300,20260808_151001,ihawk1,50.0,3,0,5,1,0.6715,0.7474999999999999,3.7735,4.53888,5
r320x200,320,200,20260808_151001,ihawk1,50.0,3,0,4,0,0.0401,0.06694,2.7232,3.14194,5
r240x150,240,150,20260808_151001,ihawk1,50.0,3,0,2,0,0.4747,0.8774799999999999,1.4134,2.15364,5
r160x100,160,100,20260808_151001,ihawk1,50.0,3,0,1,0,0.1585,0.18136,1.9866,2.9191,5
r640x400,640,400,20260808_151001,ihawk2,0.0,1,0,5,1,0.0,0.0,5.0131,6.37508,5
r480x300,480,300,20260808_151001,ihawk2,0.0,1,0,5,1,0.6412,0.6502399999999999,3.2201,3.59884,5
r320x200,320,200,20260808_151001,ihawk2,0.0,1,0,5,1,0.0753,0.08675999999999999,2.3397,2.6541799999999998,5
r240x150,240,150,20260808_151001,ihawk2,0.0,1,0,4,0,0.5766,0.93102,1.7182,2.29488,5
r160x100,160,100,20260808_151001,ihawk2,0.0,1,0,2,0,0.1671,0.19970000000000002,1.6646,1.7748599999999999,5
r640x400,640,400,20260808_151001,ihawk2,0.0,2,0,5,1,0.0,0.0,5.4324,6.1758,5
r480x300,480,300,20260808_151001,ihawk2,0.0,2,0,5,1,0.6132,0.62938,3.6985,4.2812399999999995,5
r320x200,320,200,20260808_151001,ihawk2,0.0,2,0,5,1,0.0348,0.03834,2.0396,2.74102,5
r240x150,240,150,20260808_151001,ihawk2,0.0,2,0,4,0,0.427,0.63884,1.4911,2.42924,5
r160x100,160,100,20260808_151001,ihawk2,0.0,2,0,2,0,0.1583,0.17222,1.6425,1.9263,5
r640x400,640,400,20260808_151001,ihawk2,0.0,3,0,5,1,0.0,0.0,4.7357,5.169160000000001,5
r480x300,480,300,20260808_151001,ihawk2,0.0,3,0,5,1,0.6018,0.61404,3.9864,4.0984799999999995,5
r320x200,320,200,20260808_151001,ihawk2,0.0,3,0,5,1,0.0355,0.04454,1.7041,2.00596,5
r240x150,240,150,20260808_151001,ihawk2,0.0,3,0,4,0,0.4382,0.4656,1.2936,1.91064,5
r160x100,160,100,20260808_151001,ihawk2,0.0,3,0,2,0,0.1666,0.16814,2.0002,2.52738,5
r640x400,640,400,20260808_151001,ihawk2,5.0,1,0,5,1,0.0,0.0,4.252,5.23648,5
r480x300,480,300,20260808_151001,ihawk2,5.0,1,0,5,1,0.6732,1.05718,3.064,3.61272,5
r320x200,320,200,20260808_151001,ihawk2,5.0,1,0,5,1,0.0346,0.03846,2.1772,2.63956,5
r240x150,240,150,20260808_151001,ihawk2,5.0,1,0,4,0,0.4558,0.45758,1.4449,1.89114,5
r160x100,160,100,20260808_151001,ihawk2,5.0,1,0,1,0,0.1594,0.172,1.6483,1.70716,5
r640x400,640,400,20260808_151001,ihawk2,5.0,2,0,5,1,0.0,0.0,6.4598,6.77136,5
r480x300,480,300,20260808_151001,ihawk2,5.0,2,0,5,1,0.6483,0.9148999999999999,3.6776,3.98304,5
r320x200,320,200,20260808_151001,ihawk2,5.0,2,0,5,1,0.0471,0.05488,2.5153,2.53552,5
r240x150,240,150,20260808_151001,ihawk2,5.0,2,0,4,0,0.6527,0.69092,1.841,1.90128,5
r160x100,160,100,20260808_151001,ihawk2,5.0,2,0,1,0,0.2715,0.28112,2.2718,2.28138,5
r640x400,640,400,20260808_151001,ihawk2,5.0,3,0,5,1,0.0,0.0,6.31,6.74622,5
r480x300,480,300,20260808_151001,ihawk2,5.0,3,0,5,1,0.6393,0.67042,2.8829,3.7264,5
r320x200,320,200,20260808_151001,ihawk2,5.0,3,0,5,1,0.0393,0.04412,1.8142,2.06892,5
r240x150,240,150,20260808_151001,ihawk2,5.0,3,0,5,1,0.4515,0.47458,1.2758,1.7338399999999998,5
r160x100,160,100,20260808_151001,ihawk2,5.0,3,0,1,0,0.2721,0.28148,2.2936,2.30684,5
r640x400,640,400,20260808_151001,ihawk2,10.0,1,0,5,1,0.0,0.0,5.2115,5.90522,5
r480x300,480,300,20260808_151001,ihawk2,10.0,1,0,5,1,0.6695,0.9354,3.7966,4.12688,5
r320x200,320,200,20260808_151001,ihawk2,10.0,1,0,4,0,0.0405,0.05064,2.5944,2.7907200000000003,5
r240x150,240,150,20260808_151001,ihawk2,10.0,1,0,4,0,0.6374,0.85488,1.8775,1.91366,5
r160x100,160,100,20260808_151001,ihawk2,10.0,1,0,2,0,0.264,0.27336,1.8669,2.1449399999999996,5
r640x400,640,400,20260808_151001,ihawk2,10.0,2,0,5,1,0.0,0.0,4.3994,5.6887,5
r480x300,480,300,20260808_151001,ihawk2,10.0,2,0,5,1,0.6049,0.60928,2.7191,3.56404,5
r320x200,320,200,20260808_151001,ihawk2,10.0,2,0,4,0,0.0348,0.04674,1.7581,3.37122,5
r240x150,240,150,20260808_151001,ihawk2,10.0,2,0,4,0,0.4308,0.45166,1.2765,1.3331600000000001,5
r160x100,160,100,20260808_151001,ihawk2,10.0,2,0,2,0,0.2086,0.22024,1.5062,2.00658,5
r640x400,640,400,20260808_151001,ihawk2,10.0,3,0,5,1,0.0,0.0,5.4814,6.3465,5
r480x300,480,300,20260808_151001,ihawk2,10.0,3,0,5,1,0.6234,0.6392599999999999,3.5105,4.29446,5
r320x200,320,200,20260808_151001,ihawk2,10.0,3,0,3,0,0.0354,0.05642,1.7477,1.77568,5
r240x150,240,150,20260808_151001,ihawk2,10.0,3,0,4,0,0.4398,0.51308,1.6035,2.18348,5
r160x100,160,100,20260808_151001,ihawk2,10.0,3,0,2,0,0.1838,0.44133999999999995,1.4357,1.8503,5
r640x400,640,400,20260808_151001,ihawk2,15.0,1,0,5,1,0.0,0.0,6.0209,6.48766,5
r480x300,480,300,20260808_151001,ihawk2,15.0,1,0,5,1,0.7427,0.81456,2.8171,3.9293599999999995,5
r320x200,320,200,20260808_151001,ihawk2,15.0,1,0,5,1,0.0355,0.038540000000000005,2.0973,2.43612,5
r240x150,240,150,20260808_151001,ihawk2,15.0,1,0,3,0,0.4679,0.90182,1.2705,1.40918,5
r160x100,160,100,20260808_151001,ihawk2,15.0,1,0,2,0,0.1577,0.19124,1.6839,2.16578,5
r640x400,640,400,20260808_151001,ihawk2,15.0,2,0,5,1,0.0,0.0,4.7171,4.9893,5
r480x300,480,300,20260808_151001,ihawk2,15.0,2,0,5,1,0.6063,0.61058,2.8667,2.90878,5
r320x200,320,200,20260808_151001,ihawk2,15.0,2,0,5,1,0.0361,0.04226,2.0317,2.77036,5
r240x150,240,150,20260808_151001,ihawk2,15.0,2,0,3,0,0.4161,0.43046,1.3215,1.40394,5
r160x100,160,100,20260808_151001,ihawk2,15.0,2,0,2,0,0.1759,0.33593999999999996,1.634,1.8208799999999998,5
r640x400,640,400,20260808_151001,ihawk2,15.0,3,0,5,1,0.0,0.0,4.8277,6.2930399999999995,5
r480x300,480,300,20260808_151001,ihawk2,15.0,3,0,5,1,0.7193,1.12164,3.2557,3.6462399999999997,5
r320x200,320,200,20260808_151001,ihawk2,15.0,3,0,5,1,0.0346,0.04338,2.0539,2.65098,5
r240x150,240,150,20260808_151001,ihawk2,15.0,3,0,3,0,0.4212,0.49105999999999994,1.2378,1.9902799999999998,5
r160x100,160,100,20260808_151001,ihawk2,15.0,3,0,2,0,0.1727,0.19452,1.6592,1.8641400000000001,5
r640x400,640,400,20260808_151001,ihawk2,20.0,1,0,5,1,0.0,0.0,5.0686,5.6159799999999995,5
r480x300,480,300,20260808_151001,ihawk2,20.0,1,0,5,1,0.6065,0.62314,2.8959,3.28056,5
r320x200,320,200,20260808_151001,ihawk2,20.0,1,0,4,0,0.0358,0.05078,1.8101,1.84996,5
r240x150,240,150,20260808_151001,ihawk2,20.0,1,0,5,1,0.5931,0.8344999999999999,1.4157,2.04954,5
r160x100,160,100,20260808_151001,ihawk2,20.0,1,0,2,0,0.1947,0.21392,1.8014,2.44374,5
r640x400,640,400,20260808_151001,ihawk2,20.0,2,0,5,1,0.0,0.0,4.5181,4.95232,5
r480x300,480,300,20260808_151001,ihawk2,20.0,2,0,5,1,0.6101,0.6492600000000001,3.0221,4.7964,5
r320x200,320,200,20260808_151001,ihawk2,20.0,2,0,4,0,0.035,0.03712,2.463,2.53248,5
r240x150,240,150,20260808_151001,ihawk2,20.0,2,0,5,1,0.4572,0.87432,1.3561,2.06516,5
r160x100,160,100,20260808_151001,ihawk2,20.0,2,0,2,0,0.1624,0.16726000000000002,1.7316,1.92514,5
r640x400,640,400,20260808_151001,ihawk2,20.0,3,0,5,1,0.0,0.0,4.6845,5.32552,5
r480x300,480,300,20260808_151001,ihawk2,20.0,3,0,5,1,0.6462,1.69892,2.9052,3.27964,5
r320x200,320,200,20260808_151001,ihawk2,20.0,3,0,5,1,0.0349,0.03648,1.8883,2.59218,5
r240x150,240,150,20260808_151001,ihawk2,20.0,3,0,5,1,0.4189,0.42608,1.4047,2.22386,5
r160x100,160,100,20260808_151001,ihawk2,20.0,3,0,2,0,0.1552,0.17636,1.7795,2.4993999999999996,5
r640x400,640,400,20260808_151001,ihawk2,25.0,1,0,5,1,0.0,0.0,5.007,6.2459,5
r480x300,480,300,20260808_151001,ihawk2,25.0,1,0,5,1,0.6073,0.93054,2.8061,3.94578,5
r320x200,320,200,20260808_151001,ihawk2,25.0,1,0,5,1,0.0358,0.053899999999999997,1.7807,2.00102,5
r240x150,240,150,20260808_151001,ihawk2,25.0,1,0,5,1,0.4223,0.43248,1.2941,1.33724,5
r160x100,160,100,20260808_151001,ihawk2,25.0,1,0,0,0,0.2088,0.2362,1.5908,1.7290599999999998,5
r640x400,640,400,20260808_151001,ihawk2,25.0,2,0,5,1,0.0,0.0,4.9996,5.27764,5
r480x300,480,300,20260808_151001,ihawk2,25.0,2,0,5,1,0.6054,1.6999799999999996,2.9484,3.16942,5
r320x200,320,200,20260808_151001,ihawk2,25.0,2,0,5,1,0.0346,0.037899999999999996,1.9619,2.3227,5
r240x150,240,150,20260808_151001,ihawk2,25.0,2,0,4,0,0.4271,0.44968,1.4136,1.9466599999999998,5
r160x100,160,100,20260808_151001,ihawk2,25.0,2,0,0,0,0.1583,0.17578000000000002,1.6898,1.7741799999999999,5
r640x400,640,400,20260808_151001,ihawk2,25.0,3,0,5,1,0.0,0.0,4.9976,5.0548399999999996,5
r480x300,480,300,20260808_151001,ihawk2,25.0,3,0,5,1,0.6256,0.76002,2.9626,3.15288,5
r320x200,320,200,20260808_151001,ihawk2,25.0,3,0,5,1,0.0351,0.038040000000000004,1.7504,1.85444,5
r240x150,240,150,20260808_151001,ihawk2,25.0,3,0,4,0,0.4968,0.86134,1.3162,1.40192,5
r160x100,160,100,20260808_151001,ihawk2,25.0,3,0,0,0,0.1693,0.19014,1.8073,1.8408,5
r640x400,640,400,20260808_151001,ihawk2,30.0,1,0,5,1,0.0,0.0,5.486,6.95362,5
r480x300,480,300,20260808_151001,ihawk2,30.0,1,0,5,1,0.6097,0.65442,2.8057,2.9906200000000003,5
r320x200,320,200,20260808_151001,ihawk2,30.0,1,0,4,0,0.0348,0.03854,2.0335,2.2111,5
r240x150,240,150,20260808_151001,ihawk2,30.0,1,0,4,0,0.4265,0.44678,1.5488,2.05266,5
r160x100,160,100,20260808_151001,ihawk2,30.0,1,0,1,0,0.1552,0.16620000000000001,1.9117,2.17656,5
r640x400,640,400,20260808_151001,ihawk2,30.0,2,0,5,1,0.0,0.0,4.3384,5.0577,5
r480x300,480,300,20260808_151001,ihawk2,30.0,2,0,5,1,0.6238,1.1639,2.7529,2.93124,5
r320x200,320,200,20260808_151001,ihawk2,30.0,2,0,4,0,0.0369,0.051179999999999996,1.7718,2.4831,5
r240x150,240,150,20260808_151001,ihawk2,30.0,2,0,3,0,0.4157,0.42578,1.3005,1.33466,5
r160x100,160,100,20260808_151001,ihawk2,30.0,2,0,1,0,0.1655,0.17676,1.5904,1.65174,5
r640x400,640,400,20260808_151001,ihawk2,30.0,3,0,5,1,0.0,0.0,5.763,6.10318,5
r480x300,480,300,20260808_151001,ihawk2,30.0,3,0,5,1,0.6024,0.60524,2.6723,2.94734,5
r320x200,320,200,20260808_151001,ihawk2,30.0,3,0,4,0,0.0347,0.03686,1.816,2.13254,5
r240x150,240,150,20260808_151001,ihawk2,30.0,3,0,3,0,0.4229,0.42876000000000003,1.3158,1.5463,5
r160x100,160,100,20260808_151001,ihawk2,30.0,3,0,1,0,0.162,0.28296,1.634,2.08914,5
r640x400,640,400,20260808_151001,ihawk2,35.0,1,0,5,1,0.0,0.0,5.0015,6.723599999999999,5
r480x300,480,300,20260808_151001,ihawk2,35.0,1,0,5,1,0.6267,0.64248,2.8655,3.02398,5
r320x200,320,200,20260808_151001,ihawk2,35.0,1,0,5,1,0.0344,0.036300000000000006,1.8705,2.23104,5
r240x150,240,150,20260808_151001,ihawk2,35.0,1,0,3,0,0.42,0.49948,1.4209,1.5643,5
r160x100,160,100,20260808_151001,ihawk2,35.0,1,0,2,0,0.1972,0.22046,2.1749,3.1802,5
r640x400,640,400,20260808_151001,ihawk2,35.0,2,0,5,1,0.0,0.0,6.6178,7.43974,5
r480x300,480,300,20260808_151001,ihawk2,35.0,2,0,5,1,0.6773,1.20928,3.7682,4.4050199999999995,5
r320x200,320,200,20260808_151001,ihawk2,35.0,2,0,5,1,0.0435,0.051840000000000004,2.4847,2.787,5
r240x150,240,150,20260808_151001,ihawk2,35.0,2,0,3,0,0.5168,0.6509600000000001,2.0583,2.11928,5
r160x100,160,100,20260808_151001,ihawk2,35.0,2,0,2,0,0.2634,0.29018000000000005,2.8813,3.0863,5
r640x400,640,400,20260808_151001,ihawk2,35.0,3,0,5,1,0.0,0.0,6.9528,8.0573,5
r480x300,480,300,20260808_151001,ihawk2,35.0,3,0,5,1,0.9398,0.95874,3.8775,4.658519999999999,5
r320x200,320,200,20260808_151001,ihawk2,35.0,3,0,5,1,0.0443,0.09853999999999999,2.6155,2.64622,5
r240x150,240,150,20260808_151001,ihawk2,35.0,3,0,3,0,0.4453,0.8441799999999999,2.1634,2.36176,5
r160x100,160,100,20260808_151001,ihawk2,35.0,3,0,2,0,0.1606,0.18458,2.1079,2.6944,5
r640x400,640,400,20260808_151001,ihawk2,40.0,1,0,5,1,0.0,0.0,6.7794,8.4261,5
r480x300,480,300,20260808_151001,ihawk2,40.0,1,0,5,1,0.8271,0.8458800000000001,3.9339,4.74386,5
r320x200,320,200,20260808_151001,ihawk2,40.0,1,0,5,1,0.0447,0.058039999999999994,2.253,2.93378,5
r240x150,240,150,20260808_151001,ihawk2,40.0,1,0,3,0,0.5886,0.635,1.4188,1.8395799999999998,5
r160x100,160,100,20260808_151001,ihawk2,40.0,1,0,2,0,0.2493,0.2692,2.4499,2.56876,5
r640x400,640,400,20260808_151001,ihawk2,40.0,2,0,5,1,0.0,0.0,6.7217,7.5777399999999995,5
r480x300,480,300,20260808_151001,ihawk2,40.0,2,0,5,1,0.9614,1.00866,2.9403,3.8923200000000002,5
r320x200,320,200,20260808_151001,ihawk2,40.0,2,0,5,1,0.0434,0.045540000000000004,2.7783,3.16112,5
r240x150,240,150,20260808_151001,ihawk2,40.0,2,0,3,0,0.4263,0.43457999999999997,1.5047,1.80054,5
r160x100,160,100,20260808_151001,ihawk2,40.0,2,0,2,0,0.2542,0.26974,2.4566,2.66196,5
r640x400,640,400,20260808_151001,ihawk2,40.0,3,0,5,1,0.0,0.0,5.6624,7.1041799999999995,5
r480x300,480,300,20260808_151001,ihawk2,40.0,3,0,5,1,1.0001,1.13204,2.8668,3.0932600000000003,5
r320x200,320,200,20260808_151001,ihawk2,40.0,3,0,5,1,0.035,0.03762,1.802,1.86318,5
r240x150,240,150,20260808_151001,ihawk2,40.0,3,0,3,0,0.422,0.48473999999999995,1.3209,1.3615599999999999,5
r160x100,160,100,20260808_151001,ihawk2,40.0,3,0,2,0,0.1566,0.1672,1.6541,2.27704,5
r640x400,640,400,20260808_151001,ihawk2,45.0,1,0,5,1,0.0,0.0,5.8205,5.85614,5
r480x300,480,300,20260808_151001,ihawk2,45.0,1,0,5,1,0.7225,0.85688,3.1172,3.70548,5
r320x200,320,200,20260808_151001,ihawk2,45.0,1,0,5,1,0.0346,0.03688,2.0236,2.19904,5
r240x150,240,150,20260808_151001,ihawk2,45.0,1,0,4,0,0.4301,0.44570000000000004,1.6867,2.22958,5
r160x100,160,100,20260808_151001,ihawk2,45.0,1,0,1,0,0.1574,0.16593999999999998,1.8612,2.1037399999999997,5
r640x400,640,400,20260808_151001,ihawk2,45.0,2,0,5,1,0.0,0.0,5.3557,6.025099999999999,5
r480x300,480,300,20260808_151001,ihawk2,45.0,2,0,5,1,0.678,1.01794,3.3248,3.48986,5
r320x200,320,200,20260808_151001,ihawk2,45.0,2,0,5,1,0.0346,0.03798,2.1469,2.7142,5
r240x150,240,150,20260808_151001,ihawk2,45.0,2,0,4,0,0.4246,0.42882,1.4335,1.9435,5
r160x100,160,100,20260808_151001,ihawk2,45.0,2,0,1,0,0.1631,0.18225999999999998,1.8762,2.98786,5
r640x400,640,400,20260808_151001,ihawk2,45.0,3,0,5,1,0.0,0.0,5.2254,6.00422,5
r480x300,480,300,20260808_151001,ihawk2,45.0,3,0,5,1,0.8987,0.91152,3.8686,4.68352,5
r320x200,320,200,20260808_151001,ihawk2,45.0,3,0,5,1,0.0412,0.09092,2.0826,2.48056,5
r240x150,240,150,20260808_151001,ihawk2,45.0,3,0,4,0,0.4272,0.44561999999999996,1.4604,1.6934,5
r160x100,160,100,20260808_151001,ihawk2,45.0,3,0,1,0,0.1699,0.19505999999999998,1.8296,1.9028,5
r640x400,640,400,20260808_151001,ihawk2,50.0,1,0,5,1,0.0,0.0,6.0694,6.46228,5
r480x300,480,300,20260808_151001,ihawk2,50.0,1,0,5,1,0.9979,1.49956,4.0559,4.21184,5
r320x200,320,200,20260808_151001,ihawk2,50.0,1,0,4,0,0.0346,0.036539999999999996,1.8643,2.0504000000000002,5
r240x150,240,150,20260808_151001,ihawk2,50.0,1,0,4,0,0.4231,0.4289,1.1851,1.23176,5
r160x100,160,100,20260808_151001,ihawk2,50.0,1,0,3,0,0.1627,0.16914,1.7274,1.79524,5
r640x400,640,400,20260808_151001,ihawk2,50.0,2,0,5,1,0.0,0.0,4.5601,4.7179199999999994,5
r480x300,480,300,20260808_151001,ihawk2,50.0,2,0,5,1,0.6017,0.61044,2.7546,3.16308,5
r320x200,320,200,20260808_151001,ihawk2,50.0,2,0,4,0,0.0345,0.03644,1.7767,2.4657199999999997,5
r240x150,240,150,20260808_151001,ihawk2,50.0,2,0,4,0,0.4121,0.42432,1.2188,1.95132,5
r160x100,160,100,20260808_151001,ihawk2,50.0,2,0,3,0,0.1557,0.16526,1.727,1.77376,5
r640x400,640,400,20260808_151001,ihawk2,50.0,3,0,5,1,0.0,0.0,4.1454,4.99256,5
r480x300,480,300,20260808_151001,ihawk2,50.0,3,0,5,1,0.596,0.60754,2.8198,3.09726,5
r320x200,320,200,20260808_151001,ihawk2,50.0,3,0,4,0,0.0347,0.037,1.7877,2.1981800000000002,5
r240x150,240,150,20260808_151001,ihawk2,50.0,3,0,4,0,0.4157,0.42356,1.2724,1.50718,5
r160x100,160,100,20260808_151001,ihawk2,50.0,3,0,1,0,0.1595,0.17182,1.7147,1.9779399999999998,5
r640x400,640,400,20260808_162715,ihawk1,0.0,1,0,5,1,0.0,0.0,5.2958,5.52262,5
r480x300,480,300,20260808_162715,ihawk1,0.0,1,0,5,1,0.6201,0.75752,3.4861,4.01434,5
r320x200,320,200,20260808_162715,ihawk1,0.0,1,0,4,0,0.0348,0.037520000000000005,2.3317,3.1982999999999997,5
r240x150,240,150,20260808_162715,ihawk1,0.0,1,0,2,0,0.4365,0.75572,1.9233,2.2264,5
r160x100,160,100,20260808_162715,ihawk1,0.0,1,0,1,0,0.1572,0.18216000000000002,2.8609,3.0818999999999996,5
r640x400,640,400,20260808_162715,ihawk1,0.0,2,0,5,1,0.0,0.0,5.7825,6.227340000000001,5
r480x300,480,300,20260808_162715,ihawk1,0.0,2,0,5,1,0.8671,0.92338,3.5421,3.9776599999999998,5
r320x200,320,200,20260808_162715,ihawk1,0.0,2,0,4,0,0.0351,0.04382,2.732,3.1964799999999998,5
r240x150,240,150,20260808_162715,ihawk1,0.0,2,0,1,0,0.447,0.5102,1.4495,1.65664,5
r160x100,160,100,20260808_162715,ihawk1,0.0,2,0,1,0,0.2734,0.37344,3.0019,3.78844,5
r640x400,640,400,20260808_162715,ihawk1,0.0,3,0,5,1,0.0,0.0,6.1227,6.42852,5
r480x300,480,300,20260808_162715,ihawk1,0.0,3,0,5,1,0.6645,0.86086,3.4208,3.8445400000000003,5
r320x200,320,200,20260808_162715,ihawk1,0.0,3,0,4,0,0.0403,0.05762,2.6818,2.8411,5
r240x150,240,150,20260808_162715,ihawk1,0.0,3,0,2,0,0.4436,0.53378,1.6825,2.05804,5
r160x100,160,100,20260808_162715,ihawk1,0.0,3,0,1,0,0.3064,1.8000399999999996,3.0728,3.7457599999999998,5
r640x400,640,400,20260808_162715,ihawk1,5.0,1,0,5,1,0.0,0.0,5.9789,7.0661,5
r480x300,480,300,20260808_162715,ihawk1,5.0,1,0,4,0,0.865,1.11178,3.8725,4.81206,5
r320x200,320,200,20260808_162715,ihawk1,5.0,1,0,3,0,0.0352,0.04172,2.1721,2.6840800000000002,5
r240x150,240,150,20260808_162715,ihawk1,5.0,1,0,2,0,0.5216,0.54488,1.4795,1.60096,5
r160x100,160,100,20260808_162715,ihawk1,5.0,1,0,0,0,0.2078,0.36785999999999996,2.3518,2.66478,5
r640x400,640,400,20260808_162715,ihawk1,5.0,2,0,5,1,0.0,0.0,5.855,5.92682,5
r480x300,480,300,20260808_162715,ihawk1,5.0,2,0,5,1,0.6087,0.7254999999999999,4.0334,4.1587,5
r320x200,320,200,20260808_162715,ihawk1,5.0,2,0,3,0,0.0346,0.03714,2.2817,2.54078,5
r240x150,240,150,20260808_162715,ihawk1,5.0,2,0,2,0,0.4199,0.42982,1.4507,1.68684,5
r160x100,160,100,20260808_162715,ihawk1,5.0,2,0,0,0,0.1575,0.17256,2.3911,2.86948,5
r640x400,640,400,20260808_162715,ihawk1,5.0,3,0,5,1,0.0,0.0,5.1569,5.386340000000001,5
r480x300,480,300,20260808_162715,ihawk1,5.0,3,0,5,1,0.6068,0.6128800000000001,3.276,3.64238,5
r320x200,320,200,20260808_162715,ihawk1,5.0,3,0,3,0,0.0347,0.03818,2.3158,2.9472400000000003,5
r240x150,240,150,20260808_162715,ihawk1,5.0,3,0,2,0,0.4755,1.01776,1.4426,1.58498,5
r160x100,160,100,20260808_162715,ihawk1,5.0,3,0,0,0,0.1636,0.16662,3.0612,3.2347200000000003,5
r640x400,640,400,20260808_162715,ihawk1,10.0,1,0,5,1,0.0,0.0,5.777,7.36532,5
r480x300,480,300,20260808_162715,ihawk1,10.0,1,0,4,0,0.6043,0.61248,3.5347,3.80606,5
r320x200,320,200,20260808_162715,ihawk1,10.0,1,0,3,0,0.0355,0.06763999999999999,2.0636,2.29676,5
r240x150,240,150,20260808_162715,ihawk1,10.0,1,0,3,0,0.4484,0.52006,1.3893,1.4553800000000001,5
r160x100,160,100,20260808_162715,ihawk1,10.0,1,0,0,0,0.1637,0.17486000000000002,3.1981,3.84078,5
r640x400,640,400,20260808_162715,ihawk1,10.0,2,0,5,1,0.0,0.0,6.0937,6.44976,5
r480x300,480,300,20260808_162715,ihawk1,10.0,2,0,4,0,0.6279,0.78742,3.4444,3.58888,5
r320x200,320,200,20260808_162715,ihawk1,10.0,2,0,3,0,0.0346,0.0377,2.0461,2.6289599999999997,5
r240x150,240,150,20260808_162715,ihawk1,10.0,2,0,3,0,0.461,0.48476,1.5293,1.57384,5
r160x100,160,100,20260808_162715,ihawk1,10.0,2,0,0,0,0.1555,0.16658,2.7732,3.1782399999999997,5
r640x400,640,400,20260808_162715,ihawk1,10.0,3,0,5,1,0.0,0.0,5.9494,8.29702,5
r480x300,480,300,20260808_162715,ihawk1,10.0,3,0,4,0,0.6194,1.2947799999999998,3.335,3.7315799999999997,5
r320x200,320,200,20260808_162715,ihawk1,10.0,3,0,3,0,0.037,0.03862,2.0507,2.7734799999999997,5
r240x150,240,150,20260808_162715,ihawk1,10.0,3,0,3,0,0.4977,0.51532,1.8626,2.3045799999999996,5
r160x100,160,100,20260808_162715,ihawk1,10.0,3,0,0,0,0.1956,0.23018,3.4244,4.06898,5
r640x400,640,400,20260808_162715,ihawk1,15.0,1,0,5,1,0.0,0.0,5.3009,7.2658,5
r480x300,480,300,20260808_162715,ihawk1,15.0,1,0,5,1,0.6015,0.61352,3.2914,3.6346399999999996,5
r320x200,320,200,20260808_162715,ihawk1,15.0,1,0,5,1,0.0346,0.03822,2.1426,2.19778,5
r240x150,240,150,20260808_162715,ihawk1,15.0,1,0,1,0,0.4199,0.43532,1.463,2.0599399999999997,5
r160x100,160,100,20260808_162715,ihawk1,15.0,1,0,1,0,0.1571,0.16638,2.5567,3.11592,5
r640x400,640,400,20260808_162715,ihawk1,15.0,2,0,5,1,0.0,0.0,5.4552,6.74126,5
r480x300,480,300,20260808_162715,ihawk1,15.0,2,0,5,1,0.7242,0.9215599999999999,3.3819,4.5104,5
r320x200,320,200,20260808_162715,ihawk1,15.0,2,0,5,1,0.0349,0.03746,2.3093,2.68116,5
r240x150,240,150,20260808_162715,ihawk1,15.0,2,0,1,0,0.4139,0.42768,1.5246,3.00936,5
r160x100,160,100,20260808_162715,ihawk1,15.0,2,0,1,0,0.1544,0.16874,2.8227,3.6881399999999998,5
r640x400,640,400,20260808_162715,ihawk1,15.0,3,0,5,1,0.0,0.0,5.5776,6.29586,5
r480x300,480,300,20260808_162715,ihawk1,15.0,3,0,5,1,0.6044,0.69928,3.1472,3.4967,5
r320x200,320,200,20260808_162715,ihawk1,15.0,3,0,5,1,0.0349,0.0375,1.9271,2.28622,5
r240x150,240,150,20260808_162715,ihawk1,15.0,3,0,1,0,0.451,0.7231599999999999,2.1772,2.2583,5
r160x100,160,100,20260808_162715,ihawk1,15.0,3,0,1,0,0.1575,0.17702,2.624,3.3996399999999998,5
r640x400,640,400,20260808_162715,ihawk1,20.0,1,0,5,1,0.0,0.0,5.3803,6.874899999999999,5
r480x300,480,300,20260808_162715,ihawk1,20.0,1,0,4,0,0.6214,0.63312,3.2718,4.41476,5
r320x200,320,200,20260808_162715,ihawk1,20.0,1,0,5,1,0.0348,0.04104,1.9244,2.4168,5
r240x150,240,150,20260808_162715,ihawk1,20.0,1,0,2,0,0.422,0.42648,1.5019,1.55432,5
r160x100,160,100,20260808_162715,ihawk1,20.0,1,0,0,0,0.1579,0.17787999999999998,2.8301,3.44888,5
r640x400,640,400,20260808_162715,ihawk1,20.0,2,0,5,1,0.0,0.0,5.6486,5.98456,5
r480x300,480,300,20260808_162715,ihawk1,20.0,2,0,4,0,0.5989,0.60412,3.1506,4.2523,5
r320x200,320,200,20260808_162715,ihawk1,20.0,2,0,5,1,0.0347,0.041639999999999996,1.91,2.08788,5
r240x150,240,150,20260808_162715,ihawk1,20.0,2,0,2,0,0.4303,0.8080799999999999,1.4709,2.2914,5
r160x100,160,100,20260808_162715,ihawk1,20.0,2,0,0,0,0.1577,0.16469999999999999,2.6587,3.4686,5
r640x400,640,400,20260808_162715,ihawk1,20.0,3,0,5,1,0.0,0.0,5.5374,6.1976,5
r480x300,480,300,20260808_162715,ihawk1,20.0,3,0,4,0,0.7314,0.79382,3.2798,4.3056,5
r320x200,320,200,20260808_162715,ihawk1,20.0,3,0,5,1,0.0346,0.03696,1.9115,3.1168,5
r240x150,240,150,20260808_162715,ihawk1,20.0,3,0,2,0,0.4163,0.42878,1.635,2.13588,5
r160x100,160,100,20260808_162715,ihawk1,20.0,3,0,0,0,0.1625,0.16605999999999999,2.73,3.39386,5
r640x400,640,400,20260808_162715,ihawk1,25.0,1,0,5,1,0.0,0.0,5.9875,6.85494,5
r480x300,480,300,20260808_162715,ihawk1,25.0,1,0,4,0,0.6465,0.9821,3.9452,4.779599999999999,5
r320x200,320,200,20260808_162715,ihawk1,25.0,1,0,4,0,0.034,0.0414,2.0416,2.3303,5
r240x150,240,150,20260808_162715,ihawk1,25.0,1,0,0,0,0.4189,0.42904000000000003,1.4558,1.63392,5
r160x100,160,100,20260808_162715,ihawk1,25.0,1,0,1,0,0.1562,0.16538,2.9286,3.7338999999999998,5
r640x400,640,400,20260808_162715,ihawk1,25.0,2,0,5,1,0.0,0.0,5.9256,6.75076,5
r480x300,480,300,20260808_162715,ihawk1,25.0,2,0,4,0,0.61,0.7580199999999999,3.6776,4.32034,5
r320x200,320,200,20260808_162715,ihawk1,25.0,2,0,3,0,0.0345,0.04688,2.0884,3.06654,5
r240x150,240,150,20260808_162715,ihawk1,25.0,2,0,0,0,0.4188,0.42736,1.5683,1.6521000000000001,5
r160x100,160,100,20260808_162715,ihawk1,25.0,2,0,1,0,0.1582,0.18774,2.6902,2.9745399999999997,5
r640x400,640,400,20260808_162715,ihawk1,25.0,3,0,5,1,0.0,0.0,6.2241,6.91484,5
r480x300,480,300,20260808_162715,ihawk1,25.0,3,0,4,0,0.6505,0.7020000000000001,3.1364,3.97124,5
r320x200,320,200,20260808_162715,ihawk1,25.0,3,0,4,0,0.0346,0.048279999999999997,1.9695,2.50372,5
r240x150,240,150,20260808_162715,ihawk1,25.0,3,0,0,0,0.4151,0.43404,1.479,1.9661,5
r160x100,160,100,20260808_162715,ihawk1,25.0,3,0,1,0,0.1567,0.17346,3.0967,3.5841999999999996,5
r640x400,640,400,20260808_162715,ihawk1,30.0,1,0,5,1,0.0,0.0,5.0306,6.7867,5
r480x300,480,300,20260808_162715,ihawk1,30.0,1,0,5,1,0.6369,0.9117999999999999,4.3191,4.5112,5
r320x200,320,200,20260808_162715,ihawk1,30.0,1,0,4,0,0.0384,0.0867,2.488,3.35404,5
r240x150,240,150,20260808_162715,ihawk1,30.0,1,0,2,0,0.4459,0.79896,1.6228,2.1623799999999997,5
r160x100,160,100,20260808_162715,ihawk1,30.0,1,0,0,0,0.1559,0.19772,2.9871,3.37756,5
r640x400,640,400,20260808_162715,ihawk1,30.0,2,0,5,1,0.0,0.0,5.9911,6.3845,5
r480x300,480,300,20260808_162715,ihawk1,30.0,2,0,5,1,0.6815,1.05578,3.5495,3.72808,5
r320x200,320,200,20260808_162715,ihawk1,30.0,2,0,4,0,0.0357,0.03832,1.9954,2.5192,5
r240x150,240,150,20260808_162715,ihawk1,30.0,2,0,2,0,0.4228,0.42882000000000003,1.3716,1.64656,5
r160x100,160,100,20260808_162715,ihawk1,30.0,2,0,0,0,0.1564,0.16656,2.7561,3.0852,5
r640x400,640,400,20260808_162715,ihawk1,30.0,3,0,5,1,0.0,0.0,5.6657,5.8682,5
r480x300,480,300,20260808_162715,ihawk1,30.0,3,0,5,1,0.8201,0.9966,3.3767,4.23642,5
r320x200,320,200,20260808_162715,ihawk1,30.0,3,0,4,0,0.039,0.04256,2.2775,3.2364800000000002,5
r240x150,240,150,20260808_162715,ihawk1,30.0,3,0,2,0,0.4262,0.80668,1.491,2.24494,5
r160x100,160,100,20260808_162715,ihawk1,30.0,3,0,0,0,0.1711,0.17424,3.2471,3.28852,5
r640x400,640,400,20260808_162715,ihawk1,35.0,1,0,5,1,0.0,0.0,5.4865,5.9811000000000005,5
r480x300,480,300,20260808_162715,ihawk1,35.0,1,0,5,1,0.6126,0.73358,3.071,4.1272199999999994,5
r320x200,320,200,20260808_162715,ihawk1,35.0,1,0,3,0,0.0349,0.040959999999999996,1.8914,2.5450999999999997,5
r240x150,240,150,20260808_162715,ihawk1,35.0,1,0,2,0,0.425,0.86156,1.3223,1.36958,5
r160x100,160,100,20260808_162715,ihawk1,35.0,1,0,0,0,0.1616,0.4653,2.4219,2.6786399999999997,5
r640x400,640,400,20260808_162715,ihawk1,35.0,2,0,5,1,0.0,0.0,5.3677,6.02854,5
r480x300,480,300,20260808_162715,ihawk1,35.0,2,0,5,1,0.6013,0.6061,3.3167,3.80434,5
r320x200,320,200,20260808_162715,ihawk1,35.0,2,0,3,0,0.035,0.04206,1.9465,1.99988,5
r240x150,240,150,20260808_162715,ihawk1,35.0,2,0,2,0,0.4346,0.53562,1.4426,1.6298599999999999,5
r160x100,160,100,20260808_162715,ihawk1,35.0,2,0,0,0,0.1611,0.32033999999999996,2.5294,2.72548,5
r640x400,640,400,20260808_162715,ihawk1,35.0,3,0,5,1,0.0,0.0,5.1184,5.25706,5
r480x300,480,300,20260808_162715,ihawk1,35.0,3,0,5,1,0.6031,0.60932,3.042,4.308159999999999,5
r320x200,320,200,20260808_162715,ihawk1,35.0,3,0,3,0,0.0348,0.03864,1.9002,2.11828,5
r240x150,240,150,20260808_162715,ihawk1,35.0,3,0,2,0,0.4214,0.43126,1.3582,1.39622,5
r160x100,160,100,20260808_162715,ihawk1,35.0,3,0,0,0,0.1919,0.20142000000000002,2.4539,3.10576,5
r640x400,640,400,20260808_162715,ihawk1,40.0,1,0,5,1,0.0,0.0,4.9922,5.6369,5
r480x300,480,300,20260808_162715,ihawk1,40.0,1,0,4,0,0.8207,0.9429,3.7418,4.33996,5
r320x200,320,200,20260808_162715,ihawk1,40.0,1,0,3,0,0.0351,0.03784,1.9642,2.24314,5
r240x150,240,150,20260808_162715,ihawk1,40.0,1,0,2,0,0.4254,0.42748,1.445,1.66978,5
r160x100,160,100,20260808_162715,ihawk1,40.0,1,0,0,0,0.1579,0.17062,2.4572,3.1609599999999998,5
r640x400,640,400,20260808_162715,ihawk1,40.0,2,0,5,1,0.0,0.0,5.3018,5.94042,5
r480x300,480,300,20260808_162715,ihawk1,40.0,2,0,4,0,0.5954,0.61728,3.5488,3.98952,5
r320x200,320,200,20260808_162715,ihawk1,40.0,2,0,3,0,0.0395,0.05914,2.1023,2.5736399999999997,5
r240x150,240,150,20260808_162715,ihawk1,40.0,2,0,2,0,0.5684,0.80158,1.4911,2.15048,5
r160x100,160,100,20260808_162715,ihawk1,40.0,2,0,0,0,0.1938,0.19820000000000002,2.3944,2.66142,5
r640x400,640,400,20260808_162715,ihawk1,40.0,3,0,5,1,0.0,0.0,6.312,6.68302,5
r480x300,480,300,20260808_162715,ihawk1,40.0,3,0,4,0,0.6269,0.7339399999999999,3.2255,3.61576,5
r320x200,320,200,20260808_162715,ihawk1,40.0,3,0,3,0,0.035,0.048839999999999995,2.1507,3.29492,5
r240x150,240,150,20260808_162715,ihawk1,40.0,3,0,2,0,0.4209,0.42538,1.4523,1.64824,5
r160x100,160,100,20260808_162715,ihawk1,40.0,3,0,0,0,0.1575,0.19161999999999998,2.4038,2.78486,5
r640x400,640,400,20260808_162715,ihawk1,45.0,1,0,5,1,0.0,0.0,5.6529,6.39022,5
r480x300,480,300,20260808_162715,ihawk1,45.0,1,0,4,0,0.7097,1.0990399999999998,3.2747,3.87674,5
r320x200,320,200,20260808_162715,ihawk1,45.0,1,0,4,0,0.0762,0.09166,1.9284,2.31442,5
r240x150,240,150,20260808_162715,ihawk1,45.0,1,0,2,0,0.4249,0.49526,1.2996,1.35564,5
r160x100,160,100,20260808_162715,ihawk1,45.0,1,0,0,0,0.2623,0.40064,2.2638,3.0877199999999996,5
r640x400,640,400,20260808_162715,ihawk1,45.0,2,0,5,1,0.0,0.0,5.5288,5.851520000000001,5
r480x300,480,300,20260808_162715,ihawk1,45.0,2,0,5,1,0.6622,1.32754,3.299,3.76526,5
r320x200,320,200,20260808_162715,ihawk1,45.0,2,0,4,0,0.0347,0.0383,1.9823,2.64718,5
r240x150,240,150,20260808_162715,ihawk1,45.0,2,0,2,0,0.4316,0.4412,1.3581,1.55846,5
r160x100,160,100,20260808_162715,ihawk1,45.0,2,0,0,0,0.159,0.16968,2.1376,2.9461599999999994,5
r640x400,640,400,20260808_162715,ihawk1,45.0,3,0,5,1,0.0,0.0,5.4661,6.35808,5
r480x300,480,300,20260808_162715,ihawk1,45.0,3,0,4,0,0.6717,0.78006,3.8384,4.55052,5
r320x200,320,200,20260808_162715,ihawk1,45.0,3,0,4,0,0.041,0.04776,2.7613,3.0670800000000003,5
r240x150,240,150,20260808_162715,ihawk1,45.0,3,0,2,0,0.525,0.7418399999999999,1.3183,1.3713,5
r160x100,160,100,20260808_162715,ihawk1,45.0,3,0,0,0,0.2005,0.58598,2.1761,2.67314,5
r640x400,640,400,20260808_162715,ihawk1,50.0,1,0,5,1,0.0,0.0,5.6936,6.6921,5
r480x300,480,300,20260808_162715,ihawk1,50.0,1,0,4,0,0.8246,0.9528,4.0539,4.82452,5
r320x200,320,200,20260808_162715,ihawk1,50.0,1,0,5,1,0.0355,0.04038,2.1155,3.2401199999999997,5
r240x150,240,150,20260808_162715,ihawk1,50.0,1,0,3,0,0.4437,0.7375999999999999,1.423,1.4717,5
r160x100,160,100,20260808_162715,ihawk1,50.0,1,0,0,0,0.1643,0.1695,2.5492,3.17582,5
r640x400,640,400,20260808_162715,ihawk1,50.0,2,0,5,1,0.0,0.0,5.2498,5.73884,5
r480x300,480,300,20260808_162715,ihawk1,50.0,2,0,4,0,0.6019,0.60732,3.1188,4.9711799999999995,5
r320x200,320,200,20260808_162715,ihawk1,50.0,2,0,5,1,0.0348,0.05422,2.0818,2.5318799999999997,5
r240x150,240,150,20260808_162715,ihawk1,50.0,2,0,3,0,0.4292,0.43544,1.4295,1.92534,5
r160x100,160,100,20260808_162715,ihawk1,50.0,2,0,0,0,0.1645,0.16732,2.6728,3.2001,5
r640x400,640,400,20260808_162715,ihawk1,50.0,3,0,5,1,0.0,0.0,4.9412,5.7776,5
r480x300,480,300,20260808_162715,ihawk1,50.0,3,0,5,1,0.6258,1.02436,3.4819,3.9978799999999994,5
r320x200,320,200,20260808_162715,ihawk1,50.0,3,0,5,1,0.0348,0.0361,2.0361,2.2912399999999997,5
r240x150,240,150,20260808_162715,ihawk1,50.0,3,0,3,0,0.4215,0.48584,1.3893,1.65238,5
r160x100,160,100,20260808_162715,ihawk1,50.0,3,0,0,0,0.1566,0.16662,2.4402,3.35906,5
r640x400,640,400,20260808_162715,ihawk2,0.0,1,0,5,1,0.0,0.0,4.076,5.22624,5
r480x300,480,300,20260808_162715,ihawk2,0.0,1,0,5,1,0.6014,0.6115999999999999,2.7224,3.0926799999999997,5
r320x200,320,200,20260808_162715,ihawk2,0.0,1,0,5,1,0.0346,0.0369,1.6945,2.38062,5
r240x150,240,150,20260808_162715,ihawk2,0.0,1,0,4,0,0.4216,0.42566000000000004,1.2223,1.31124,5
r160x100,160,100,20260808_162715,ihawk2,0.0,1,0,2,0,0.1911,0.38356,1.9486,2.56308,5
r640x400,640,400,20260808_162715,ihawk2,0.0,2,0,5,1,0.0,0.0,4.8455,5.4923399999999996,5
r480x300,480,300,20260808_162715,ihawk2,0.0,2,0,5,1,0.6074,0.68712,2.7519,3.7991,5
r320x200,320,200,20260808_162715,ihawk2,0.0,2,0,5,1,0.0509,0.06032,1.9469,2.19374,5
r240x150,240,150,20260808_162715,ihawk2,0.0,2,0,4,0,0.4167,0.4486,1.213,1.2655800000000001,5
r160x100,160,100,20260808_162715,ihawk2,0.0,2,0,2,0,0.2109,0.2197,2.5604,2.9868200000000003,5
r640x400,640,400,20260808_162715,ihawk2,0.0,3,0,5,1,0.0,0.0,4.1962,5.3213799999999996,5
r480x300,480,300,20260808_162715,ihawk2,0.0,3,0,5,1,0.6115,0.61804,2.7966,3.74526,5
r320x200,320,200,20260808_162715,ihawk2,0.0,3,0,5,1,0.0344,0.039,1.7054,2.21076,5
r240x150,240,150,20260808_162715,ihawk2,0.0,3,0,4,0,0.4146,0.42488000000000004,1.2879,1.5671599999999999,5
r160x100,160,100,20260808_162715,ihawk2,0.0,3,0,2,0,0.1577,0.17212,1.8775,2.50908,5
r640x400,640,400,20260808_162715,ihawk2,5.0,1,0,5,1,0.0,0.0,4.1644,4.8007599999999995,5
r480x300,480,300,20260808_162715,ihawk2,5.0,1,0,5,1,0.6034,0.60632,2.851,3.4193000000000002,5
r320x200,320,200,20260808_162715,ihawk2,5.0,1,0,5,1,0.0433,0.0482,1.7717,1.8882999999999999,5
r240x150,240,150,20260808_162715,ihawk2,5.0,1,0,5,1,0.4169,0.42716,1.2457,2.6634999999999995,5
r160x100,160,100,20260808_162715,ihawk2,5.0,1,0,1,0,0.1557,0.16762,2.0584,2.39282,5
r640x400,640,400,20260808_162715,ihawk2,5.0,2,0,5,1,0.0,0.0,4.2118,5.75592,5
r480x300,480,300,20260808_162715,ihawk2,5.0,2,0,5,1,0.7001,0.84556,3.8503,3.90192,5
r320x200,320,200,20260808_162715,ihawk2,5.0,2,0,5,1,0.0482,0.058199999999999995,2.5058,2.7813,5
r240x150,240,150,20260808_162715,ihawk2,5.0,2,0,5,1,0.5588,0.96812,1.212,1.3021200000000002,5
r160x100,160,100,20260808_162715,ihawk2,5.0,2,0,1,0,0.1594,0.16652,1.9301,2.64692,5
r640x400,640,400,20260808_162715,ihawk2,5.0,3,0,5,1,0.0,0.0,4.4397,4.7560199999999995,5
r480x300,480,300,20260808_162715,ihawk2,5.0,3,0,5,1,0.7408,0.87,3.1601,3.82934,5
r320x200,320,200,20260808_162715,ihawk2,5.0,3,0,5,1,0.0423,0.045899999999999996,2.7394,2.99562,5
r240x150,240,150,20260808_162715,ihawk2,5.0,3,0,5,1,0.4249,0.46282,1.231,1.4316799999999998,5
r160x100,160,100,20260808_162715,ihawk2,5.0,3,0,1,0,0.156,0.17552,1.7405,2.2034000000000002,5
r640x400,640,400,20260808_162715,ihawk2,10.0,1,0,5,1,0.0,0.0,4.8358,6.0415399999999995,5
r480x300,480,300,20260808_162715,ihawk2,10.0,1,0,5,1,0.6417,0.7506,3.123,3.75386,5
r320x200,320,200,20260808_162715,ihawk2,10.0,1,0,5,1,0.0357,0.04082,1.8783,2.1108,5
r240x150,240,150,20260808_162715,ihawk2,10.0,1,0,4,0,0.4171,0.42688,1.2437,1.45232,5
r160x100,160,100,20260808_162715,ihawk2,10.0,1,0,1,0,0.1573,0.16556,2.0219,2.15536,5
r640x400,640,400,20260808_162715,ihawk2,10.0,2,0,5,1,0.0,0.0,4.9462,5.31408,5
r480x300,480,300,20260808_162715,ihawk2,10.0,2,0,5,1,0.6045,0.64678,3.6652,4.6268,5
r320x200,320,200,20260808_162715,ihawk2,10.0,2,0,5,1,0.0352,0.03828,1.9421,2.49904,5
r240x150,240,150,20260808_162715,ihawk2,10.0,2,0,4,0,0.4124,0.424,1.1902,1.2448599999999999,5
r160x100,160,100,20260808_162715,ihawk2,10.0,2,0,1,0,0.1578,0.17924,2.0796,2.1288,5
r640x400,640,400,20260808_162715,ihawk2,10.0,3,0,5,1,0.0,0.0,4.8609,5.83068,5
r480x300,480,300,20260808_162715,ihawk2,10.0,3,0,5,1,0.6307,0.64058,3.1424,3.9206999999999996,5
r320x200,320,200,20260808_162715,ihawk2,10.0,3,0,5,1,0.0388,0.05148,1.8781,1.9454,5
r240x150,240,150,20260808_162715,ihawk2,10.0,3,0,4,0,0.4166,0.41952,1.2303,1.26094,5
r160x100,160,100,20260808_162715,ihawk2,10.0,3,0,1,0,0.2084,0.27471999999999996,2.0264,4.195799999999999,5
r640x400,640,400,20260808_162715,ihawk2,15.0,1,0,5,1,0.0,0.0,4.4912,5.1186799999999995,5
r480x300,480,300,20260808_162715,ihawk2,15.0,1,0,5,1,0.6346,0.63944,2.7623,2.9673,5
r320x200,320,200,20260808_162715,ihawk2,15.0,1,0,5,1,0.0348,0.03606,1.7718,2.05356,5
r240x150,240,150,20260808_162715,ihawk2,15.0,1,0,4,0,0.4157,0.44667999999999997,1.1583,1.8762599999999998,5
r160x100,160,100,20260808_162715,ihawk2,15.0,1,0,2,0,0.155,0.19838,1.7874,2.49238,5
r640x400,640,400,20260808_162715,ihawk2,15.0,2,0,5,1,0.0,0.0,5.0082,5.06478,5
r480x300,480,300,20260808_162715,ihawk2,15.0,2,0,5,1,0.5991,0.60546,2.7883,3.0789,5
r320x200,320,200,20260808_162715,ihawk2,15.0,2,0,5,1,0.0347,0.040279999999999996,1.8502,2.58924,5
r240x150,240,150,20260808_162715,ihawk2,15.0,2,0,4,0,0.5472,0.82184,1.1227,1.18694,5
r160x100,160,100,20260808_162715,ihawk2,15.0,2,0,2,0,0.1578,0.16758,1.7488,1.92002,5
r640x400,640,400,20260808_162715,ihawk2,15.0,3,0,5,1,0.0,0.0,4.4492,5.67634,5
r480x300,480,300,20260808_162715,ihawk2,15.0,3,0,5,1,0.6017,0.77812,3.0029,3.61074,5
r320x200,320,200,20260808_162715,ihawk2,15.0,3,0,5,1,0.0347,0.03638,1.7931,3.10122,5
r240x150,240,150,20260808_162715,ihawk2,15.0,3,0,4,0,0.4136,0.42144,1.1539,1.6790399999999999,5
r160x100,160,100,20260808_162715,ihawk2,15.0,3,0,2,0,0.1564,0.16618,1.659,1.7458200000000001,5
r640x400,640,400,20260808_162715,ihawk2,20.0,1,0,5,1,0.0,0.0,4.8023,5.96214,5
r480x300,480,300,20260808_162715,ihawk2,20.0,1,0,5,1,0.6019,0.60648,3.1119,4.0491600000000005,5
r320x200,320,200,20260808_162715,ihawk2,20.0,1,0,5,1,0.0349,0.03892,1.7714,1.81882,5
r240x150,240,150,20260808_162715,ihawk2,20.0,1,0,2,0,0.4279,0.45432,1.2378,1.29548,5
r160x100,160,100,20260808_162715,ihawk2,20.0,1,0,3,0,0.157,0.16726,1.7027,1.96268,5
r640x400,640,400,20260808_162715,ihawk2,20.0,2,0,5,1,0.0,0.0,4.3116,5.388920000000001,5
r480x300,480,300,20260808_162715,ihawk2,20.0,2,0,5,1,0.6119,0.75388,3.4485,3.76248,5
r320x200,320,200,20260808_162715,ihawk2,20.0,2,0,5,1,0.0353,0.03814,1.8085,2.1940399999999998,5
r240x150,240,150,20260808_162715,ihawk2,20.0,2,0,2,0,0.4223,0.43182000000000004,1.2287,1.5024199999999999,5
r160x100,160,100,20260808_162715,ihawk2,20.0,2,0,3,0,0.1605,0.1671,1.7814,1.9290399999999999,5
r640x400,640,400,20260808_162715,ihawk2,20.0,3,0,5,1,0.0,0.0,4.2649,5.411199999999999,5
r480x300,480,300,20260808_162715,ihawk2,20.0,3,0,5,1,0.5996,0.6073799999999999,3.427,4.2306799999999996,5
r320x200,320,200,20260808_162715,ihawk2,20.0,3,0,5,1,0.0348,0.03816,2.0826,2.21086,5
r240x150,240,150,20260808_162715,ihawk2,20.0,3,0,2,0,0.4258,0.44846,1.2394,1.6747199999999998,5
r160x100,160,100,20260808_162715,ihawk2,20.0,3,0,3,0,0.1575,0.17036,1.979,2.63026,5
r640x400,640,400,20260808_162715,ihawk2,25.0,1,0,5,1,0.0,0.0,4.6624,4.92046,5
r480x300,480,300,20260808_162715,ihawk2,25.0,1,0,5,1,0.6039,0.72128,2.9109,3.92514,5
r320x200,320,200,20260808_162715,ihawk2,25.0,1,0,5,1,0.0351,0.04028,1.7078,1.7555200000000002,5
r240x150,240,150,20260808_162715,ihawk2,25.0,1,0,2,0,0.4152,0.4331,1.1982,1.2426599999999999,5
r160x100,160,100,20260808_162715,ihawk2,25.0,1,0,3,0,0.1594,0.16546,1.6712,1.7922399999999998,5
r640x400,640,400,20260808_162715,ihawk2,25.0,2,0,5,1,0.0,0.0,4.393,5.2485599999999994,5
r480x300,480,300,20260808_162715,ihawk2,25.0,2,0,5,1,0.6669,0.70742,3.0225,3.49348,5
r320x200,320,200,20260808_162715,ihawk2,25.0,2,0,5,1,0.0348,0.0378,1.7195,2.13204,5
r240x150,240,150,20260808_162715,ihawk2,25.0,2,0,2,0,0.42,0.4338,1.1809,1.2355800000000001,5
r160x100,160,100,20260808_162715,ihawk2,25.0,2,0,3,0,0.2071,0.2296,1.4669,1.52014,5
r640x400,640,400,20260808_162715,ihawk2,25.0,3,0,5,1,0.0,0.0,4.2721,4.6295,5
r480x300,480,300,20260808_162715,ihawk2,25.0,3,0,5,1,0.6108,0.86334,2.9409,3.42626,5
r320x200,320,200,20260808_162715,ihawk2,25.0,3,0,5,1,0.0352,0.037380000000000004,1.9174,2.2681199999999997,5
r240x150,240,150,20260808_162715,ihawk2,25.0,3,0,2,0,0.4157,0.42766,1.2122,1.41916,5
r160x100,160,100,20260808_162715,ihawk2,25.0,3,0,3,0,0.1595,0.17114,1.5646,1.61544,5
r640x400,640,400,20260808_162715,ihawk2,30.0,1,0,5,1,0.0,0.0,4.5055,4.70128,5
r480x300,480,300,20260808_162715,ihawk2,30.0,1,0,5,1,0.5997,0.6052,2.8425,3.5774999999999997,5
r320x200,320,200,20260808_162715,ihawk2,30.0,1,0,4,0,0.0383,0.044039999999999996,1.7523,2.15992,5
r240x150,240,150,20260808_162715,ihawk2,30.0,1,0,4,0,0.416,0.42542,1.2227,1.85682,5
r160x100,160,100,20260808_162715,ihawk2,30.0,1,0,1,0,0.1558,0.16716,1.818,2.05608,5
r640x400,640,400,20260808_162715,ihawk2,30.0,2,0,5,1,0.0,0.0,4.2447,4.764,5
r480x300,480,300,20260808_162715,ihawk2,30.0,2,0,5,1,0.5997,0.61114,2.7606,3.55192,5
r320x200,320,200,20260808_162715,ihawk2,30.0,2,0,4,0,0.035,0.03636,1.8006,2.61634,5
r240x150,240,150,20260808_162715,ihawk2,30.0,2,0,4,0,0.4199,0.42764,1.3318,1.5536999999999999,5
r160x100,160,100,20260808_162715,ihawk2,30.0,2,0,0,0,0.1558,0.173,1.7936,1.93692,5
r640x400,640,400,20260808_162715,ihawk2,30.0,3,0,5,1,0.0,0.0,4.2195,5.00704,5
r480x300,480,300,20260808_162715,ihawk2,30.0,3,0,5,1,0.6007,0.60942,2.7662,3.63136,5
r320x200,320,200,20260808_162715,ihawk2,30.0,3,0,4,0,0.0344,0.03866,1.6665,1.69572,5
r240x150,240,150,20260808_162715,ihawk2,30.0,3,0,4,0,0.4329,0.5688,1.1718,1.32856,5
r160x100,160,100,20260808_162715,ihawk2,30.0,3,0,0,0,0.159,0.17614000000000002,1.8024,2.46666,5
r640x400,640,400,20260808_162715,ihawk2,35.0,1,0,5,1,0.0,0.0,4.1943,5.05742,5
r480x300,480,300,20260808_162715,ihawk2,35.0,1,0,5,1,0.6047,0.7490399999999999,2.7574,2.94828,5
r320x200,320,200,20260808_162715,ihawk2,35.0,1,0,4,0,0.035,0.040799999999999996,1.6201,1.68542,5
r240x150,240,150,20260808_162715,ihawk2,35.0,1,0,4,0,0.4286,0.53374,1.095,1.19526,5
r160x100,160,100,20260808_162715,ihawk2,35.0,1,0,2,0,0.1557,0.17546,1.4351,2.37004,5
r640x400,640,400,20260808_162715,ihawk2,35.0,2,0,5,1,0.0,0.0,4.4952,5.08348,5
r480x300,480,300,20260808_162715,ihawk2,35.0,2,0,5,1,0.6006,0.6078600000000001,2.7826,3.0135,5
r320x200,320,200,20260808_162715,ihawk2,35.0,2,0,4,0,0.0385,0.06326,1.6738,1.76106,5
r240x150,240,150,20260808_162715,ihawk2,35.0,2,0,4,0,0.4188,0.42454000000000003,1.2117,1.39626,5
r160x100,160,100,20260808_162715,ihawk2,35.0,2,0,2,0,0.1545,0.17537999999999998,1.3487,2.23858,5
r640x400,640,400,20260808_162715,ihawk2,35.0,3,0,5,1,0.0,0.0,4.3669,5.448359999999999,5
r480x300,480,300,20260808_162715,ihawk2,35.0,3,0,5,1,0.6032,0.60888,2.7805,4.11308,5
r320x200,320,200,20260808_162715,ihawk2,35.0,3,0,4,0,0.0385,0.047479999999999994,2.2039,2.5105999999999997,5
r240x150,240,150,20260808_162715,ihawk2,35.0,3,0,4,0,0.53,0.7571,1.0843,1.1386999999999998,5
r160x100,160,100,20260808_162715,ihawk2,35.0,3,0,2,0,0.1612,0.16834,1.4383,2.1862399999999997,5
r640x400,640,400,20260808_162715,ihawk2,40.0,1,0,5,1,0.0,0.0,4.2169,4.487959999999999,5
r480x300,480,300,20260808_162715,ihawk2,40.0,1,0,5,1,0.6035,0.68674,2.6057,2.77578,5
r320x200,320,200,20260808_162715,ihawk2,40.0,1,0,3,0,0.0409,0.04766,1.6471,1.69116,5
r240x150,240,150,20260808_162715,ihawk2,40.0,1,0,3,0,0.4285,0.5028,1.25,1.46812,5
r160x100,160,100,20260808_162715,ihawk2,40.0,1,0,2,0,0.1569,0.1742,1.3639,2.01234,5
r640x400,640,400,20260808_162715,ihawk2,40.0,2,0,5,1,0.0,0.0,4.4212,5.20164,5
r480x300,480,300,20260808_162715,ihawk2,40.0,2,0,5,1,0.6018,0.6026400000000001,2.5717,2.73786,5
r320x200,320,200,20260808_162715,ihawk2,40.0,2,0,4,0,0.0349,0.036000000000000004,1.6588,2.2799,5
r240x150,240,150,20260808_162715,ihawk2,40.0,2,0,3,0,0.4157,0.42360000000000003,1.1987,1.5173,5
r160x100,160,100,20260808_162715,ihawk2,40.0,2,0,2,0,0.1539,0.17224,1.3026,1.36648,5
r640x400,640,400,20260808_162715,ihawk2,40.0,3,0,5,1,0.0,0.0,4.1059,4.60982,5
r480x300,480,300,20260808_162715,ihawk2,40.0,3,0,5,1,0.5986,0.59976,2.6637,2.79636,5
r320x200,320,200,20260808_162715,ihawk2,40.0,3,0,4,0,0.0347,0.03688,1.8129,2.2879,5
r240x150,240,150,20260808_162715,ihawk2,40.0,3,0,3,0,0.4163,0.43132,1.1764,1.39336,5
r160x100,160,100,20260808_162715,ihawk2,40.0,3,0,2,0,0.1689,0.17650000000000002,1.2297,1.27674,5
r640x400,640,400,20260808_162715,ihawk2,45.0,1,0,5,1,0.0,0.0,4.4972,4.6507,5
r480x300,480,300,20260808_162715,ihawk2,45.0,1,0,5,1,0.6047,0.62198,2.8203,3.8099799999999995,5
r320x200,320,200,20260808_162715,ihawk2,45.0,1,0,5,1,0.0353,0.05048,1.6601,2.0608,5
r240x150,240,150,20260808_162715,ihawk2,45.0,1,0,2,0,0.4194,0.4271,1.2285,1.4378199999999999,5
r160x100,160,100,20260808_162715,ihawk2,45.0,1,0,2,0,0.1752,0.18018,1.5671,1.62382,5
r640x400,640,400,20260808_162715,ihawk2,45.0,2,0,5,1,0.0,0.0,4.4047,4.985040000000001,5
r480x300,480,300,20260808_162715,ihawk2,45.0,2,0,5,1,0.5971,0.60866,2.8476,3.68764,5
r320x200,320,200,20260808_162715,ihawk2,45.0,2,0,5,1,0.0347,0.047619999999999996,1.7212,2.14332,5
r240x150,240,150,20260808_162715,ihawk2,45.0,2,0,2,0,0.4238,0.44892,1.2731,1.6358199999999998,5
r160x100,160,100,20260808_162715,ihawk2,45.0,2,0,2,0,0.1596,0.17168,1.6419,2.096,5
r640x400,640,400,20260808_162715,ihawk2,45.0,3,0,5,1,0.0,0.0,4.8764,5.4345,5
r480x300,480,300,20260808_162715,ihawk2,45.0,3,0,5,1,0.6149,0.72538,2.7733,3.0773,5
r320x200,320,200,20260808_162715,ihawk2,45.0,3,0,5,1,0.0408,0.048999999999999995,1.6561,1.67414,5
r240x150,240,150,20260808_162715,ihawk2,45.0,3,0,2,0,0.4646,0.5378000000000001,1.1565,1.23028,5
r160x100,160,100,20260808_162715,ihawk2,45.0,3,0,2,0,0.1628,0.17042,1.644,1.8,5
r640x400,640,400,20260808_162715,ihawk2,50.0,1,0,5,1,0.0,0.0,4.338,6.10218,5
r480x300,480,300,20260808_162715,ihawk2,50.0,1,0,5,1,0.6525,0.7042999999999999,2.827,3.15748,5
r320x200,320,200,20260808_162715,ihawk2,50.0,1,0,5,1,0.0341,0.03778,1.842,2.11516,5
r240x150,240,150,20260808_162715,ihawk2,50.0,1,0,3,0,0.5487,0.56074,1.4037,1.47022,5
r160x100,160,100,20260808_162715,ihawk2,50.0,1,0,1,0,0.1767,0.4387,1.5645,1.62406,5
r640x400,640,400,20260808_162715,ihawk2,50.0,2,0,5,1,0.0,0.0,6.2859,6.43506,5
r480x300,480,300,20260808_162715,ihawk2,50.0,2,0,5,1,0.9412,0.95096,4.1536,4.3488,5
r320x200,320,200,20260808_162715,ihawk2,50.0,2,0,5,1,0.0352,0.03832,1.8552,2.8451799999999996,5
r240x150,240,150,20260808_162715,ihawk2,50.0,2,0,3,0,0.4188,0.42944,1.157,1.79446,5
r160x100,160,100,20260808_162715,ihawk2,50.0,2,0,1,0,0.1583,0.17598,1.5648,1.59348,5
r640x400,640,400,20260808_162715,ihawk2,50.0,3,0,5,1,0.0,0.0,4.5968,4.97316,5
r480x300,480,300,20260808_162715,ihawk2,50.0,3,0,5,1,0.6032,0.6073,2.7309,2.96198,5
r320x200,320,200,20260808_162715,ihawk2,50.0,3,0,5,1,0.0349,0.04724,1.8399,2.88784,5
r240x150,240,150,20260808_162715,ihawk2,50.0,3,0,3,0,0.4175,0.42264,1.1106,1.8550399999999998,5
r160x100,160,100,20260808_162715,ihawk2,50.0,3,0,1,0,0.1569,0.17054,1.4134,1.45536,5
