resolution_id,width_px,height_px,run_id,camera_id,height_gt_mm,frame_index,model,markers_per_frame,mapping_latency_median_ms,mapping_timing_outer_repeats,mapping_timing_inner_repeats,detection_latency_median_ms,pipeline_latency_ms
r640x400,640,400,20260808_131913,ihawk1,0.0,1,Affine,5,0.017088000000000002,5,50,4.7843,4.801388
r640x400,640,400,20260808_131913,ihawk1,0.0,1,Homography,5,0.016257999999999998,5,50,4.7843,4.800558
r640x400,640,400,20260808_131913,ihawk1,0.0,1,PnP,5,1.2754219999999998,5,50,4.7843,6.059722
r640x400,640,400,20260808_131913,ihawk1,0.0,2,Affine,5,0.016906,5,50,4.6296,4.646506
r640x400,640,400,20260808_131913,ihawk1,0.0,2,Homography,5,0.01621,5,50,4.6296,4.64581
r640x400,640,400,20260808_131913,ihawk1,0.0,2,PnP,5,1.161824,5,50,4.6296,5.791424
r640x400,640,400,20260808_131913,ihawk1,0.0,3,Affine,5,0.017108,5,50,4.7421,4.759208
r640x400,640,400,20260808_131913,ihawk1,0.0,3,Homography,5,0.016266,5,50,4.7421,4.758366
r640x400,640,400,20260808_131913,ihawk1,0.0,3,PnP,5,1.203062,5,50,4.7421,5.945162
r640x400,640,400,20260808_131913,ihawk1,5.0,1,Affine,5,0.01714,5,50,4.7885,4.80564
r640x400,640,400,20260808_131913,ihawk1,5.0,1,Homography,5,0.016458,5,50,4.7885,4.804958
r640x400,640,400,20260808_131913,ihawk1,5.0,1,PnP,5,1.3295320000000002,5,50,4.7885,6.118032
r640x400,640,400,20260808_131913,ihawk1,5.0,2,Affine,5,0.017216,5,50,4.6285,4.645716
r640x400,640,400,20260808_131913,ihawk1,5.0,2,Homography,5,0.016242,5,50,4.6285,4.644742
r640x400,640,400,20260808_131913,ihawk1,5.0,2,PnP,5,1.2134340000000001,5,50,4.6285,5.841934
r640x400,640,400,20260808_131913,ihawk1,5.0,3,Affine,5,0.017026,5,50,5.0671,5.084126
r640x400,640,400,20260808_131913,ihawk1,5.0,3,Homography,5,0.016319999999999998,5,50,5.0671,5.08342
r640x400,640,400,20260808_131913,ihawk1,5.0,3,PnP,5,1.1816339999999999,5,50,5.0671,6.248734
r640x400,640,400,20260808_131913,ihawk1,10.0,1,Affine,5,0.016906,5,50,4.9322,4.949106
r640x400,640,400,20260808_131913,ihawk1,10.0,1,Homography,5,0.016196,5,50,4.9322,4.948396
r640x400,640,400,20260808_131913,ihawk1,10.0,1,PnP,5,1.334224,5,50,4.9322,6.266424
r640x400,640,400,20260808_131913,ihawk1,10.0,2,Affine,5,0.019096,5,50,4.9049,4.923996
r640x400,640,400,20260808_131913,ihawk1,10.0,2,Homography,5,0.01615,5,50,4.9049,4.921049999999999
r640x400,640,400,20260808_131913,ihawk1,10.0,2,PnP,5,1.5752000000000002,5,50,4.9049,6.4801
r640x400,640,400,20260808_131913,ihawk1,10.0,3,Affine,5,0.017316,5,50,4.7924,4.809716
r640x400,640,400,20260808_131913,ihawk1,10.0,3,Homography,5,0.016364,5,50,4.7924,4.808764
r640x400,640,400,20260808_131913,ihawk1,10.0,3,PnP,5,1.305866,5,50,4.7924,6.098266
r640x400,640,400,20260808_131913,ihawk1,15.0,1,Affine,5,0.016976,5,50,5.1357,5.152676
r640x400,640,400,20260808_131913,ihawk1,15.0,1,Homography,5,0.016294,5,50,5.1357,5.151994
r640x400,640,400,20260808_131913,ihawk1,15.0,1,PnP,5,1.1010980000000001,5,50,5.1357,6.236798
r640x400,640,400,20260808_131913,ihawk1,15.0,2,Affine,5,0.017172,5,50,4.9382,4.9553720000000006
r640x400,640,400,20260808_131913,ihawk1,15.0,2,Homography,5,0.016294,5,50,4.9382,4.954494
r640x400,640,400,20260808_131913,ihawk1,15.0,2,PnP,5,1.105318,5,50,4.9382,6.043518000000001
r640x400,640,400,20260808_131913,ihawk1,15.0,3,Affine,5,0.016936,5,50,4.8384,4.855336
r640x400,640,400,20260808_131913,ihawk1,15.0,3,Homography,5,0.01617,5,50,4.8384,4.85457
r640x400,640,400,20260808_131913,ihawk1,15.0,3,PnP,5,1.1220780000000001,5,50,4.8384,5.960478
r640x400,640,400,20260808_131913,ihawk1,20.0,1,Affine,5,0.018224,5,50,4.6764,4.694624
r640x400,640,400,20260808_131913,ihawk1,20.0,1,Homography,5,0.01611,5,50,4.6764,4.69251
r640x400,640,400,20260808_131913,ihawk1,20.0,1,PnP,5,1.218112,5,50,4.6764,5.894512000000001
r640x400,640,400,20260808_131913,ihawk1,20.0,2,Affine,5,0.020099999999999996,5,50,4.75,4.7701
r640x400,640,400,20260808_131913,ihawk1,20.0,2,Homography,5,0.016890000000000002,5,50,4.75,4.76689
r640x400,640,400,20260808_131913,ihawk1,20.0,2,PnP,5,1.551486,5,50,4.75,6.301486
r640x400,640,400,20260808_131913,ihawk1,20.0,3,Affine,5,0.025456,5,50,4.7925,4.817956000000001
r640x400,640,400,20260808_131913,ihawk1,20.0,3,Homography,5,0.01667,5,50,4.7925,4.809170000000001
r640x400,640,400,20260808_131913,ihawk1,20.0,3,PnP,5,1.6826079999999999,5,50,4.7925,6.4751080000000005
r640x400,640,400,20260808_131913,ihawk1,25.0,1,Affine,5,0.027592,5,50,5.1413,5.1688920000000005
r640x400,640,400,20260808_131913,ihawk1,25.0,1,Homography,5,0.02741,5,50,5.1413,5.16871
r640x400,640,400,20260808_131913,ihawk1,25.0,1,PnP,5,1.34352,5,50,5.1413,6.48482
r640x400,640,400,20260808_131913,ihawk1,25.0,2,Affine,5,0.017492,5,50,5.0965,5.113992
r640x400,640,400,20260808_131913,ihawk1,25.0,2,Homography,5,0.019636,5,50,5.0965,5.116136
r640x400,640,400,20260808_131913,ihawk1,25.0,2,PnP,5,1.2973400000000002,5,50,5.0965,6.39384
r640x400,640,400,20260808_131913,ihawk1,25.0,3,Affine,5,0.01745,5,50,5.1403,5.15775
r640x400,640,400,20260808_131913,ihawk1,25.0,3,Homography,5,0.0165,5,50,5.1403,5.1568
r640x400,640,400,20260808_131913,ihawk1,25.0,3,PnP,5,1.213962,5,50,5.1403,6.354262
r640x400,640,400,20260808_131913,ihawk1,30.0,1,Affine,5,0.017658,5,50,4.9146,4.932258
r640x400,640,400,20260808_131913,ihawk1,30.0,1,Homography,5,0.017932,5,50,4.9146,4.932532
r640x400,640,400,20260808_131913,ihawk1,30.0,1,PnP,5,1.94647,5,50,4.9146,6.86107
r640x400,640,400,20260808_131913,ihawk1,30.0,2,Affine,5,0.019015999999999998,5,50,5.1341,5.153116
r640x400,640,400,20260808_131913,ihawk1,30.0,2,Homography,5,0.01773,5,50,5.1341,5.15183
r640x400,640,400,20260808_131913,ihawk1,30.0,2,PnP,5,1.422104,5,50,5.1341,6.556204
r640x400,640,400,20260808_131913,ihawk1,30.0,3,Affine,5,0.017054,5,50,5.1088,5.1258539999999995
r640x400,640,400,20260808_131913,ihawk1,30.0,3,Homography,5,0.0163,5,50,5.1088,5.1251
r640x400,640,400,20260808_131913,ihawk1,30.0,3,PnP,5,1.656746,5,50,5.1088,6.765546
r640x400,640,400,20260808_131913,ihawk1,35.0,1,Affine,5,0.017012,5,50,5.199,5.216012
r640x400,640,400,20260808_131913,ihawk1,35.0,1,Homography,5,0.01616,5,50,5.199,5.21516
r640x400,640,400,20260808_131913,ihawk1,35.0,1,PnP,5,1.314084,5,50,5.199,6.513084
r640x400,640,400,20260808_131913,ihawk1,35.0,2,Affine,5,0.017008000000000002,5,50,5.1306,5.147608
r640x400,640,400,20260808_131913,ihawk1,35.0,2,Homography,5,0.020541999999999998,5,50,5.1306,5.151142
r640x400,640,400,20260808_131913,ihawk1,35.0,2,PnP,5,1.543306,5,50,5.1306,6.673906000000001
r640x400,640,400,20260808_131913,ihawk1,35.0,3,Affine,5,0.01699,5,50,5.5317,5.54869
r640x400,640,400,20260808_131913,ihawk1,35.0,3,Homography,5,0.01841,5,50,5.5317,5.55011
r640x400,640,400,20260808_131913,ihawk1,35.0,3,PnP,5,1.355306,5,50,5.5317,6.8870059999999995
r640x400,640,400,20260808_131913,ihawk1,40.0,1,Affine,5,0.016972,5,50,5.6082,5.625172
r640x400,640,400,20260808_131913,ihawk1,40.0,1,Homography,5,0.01633,5,50,5.6082,5.62453
r640x400,640,400,20260808_131913,ihawk1,40.0,1,PnP,5,1.291268,5,50,5.6082,6.899468000000001
r640x400,640,400,20260808_131913,ihawk1,40.0,2,Affine,5,0.016944,5,50,5.3742,5.391144
r640x400,640,400,20260808_131913,ihawk1,40.0,2,Homography,5,0.016234,5,50,5.3742,5.390434
r640x400,640,400,20260808_131913,ihawk1,40.0,2,PnP,5,1.2596420000000002,5,50,5.3742,6.6338420000000005
r640x400,640,400,20260808_131913,ihawk1,40.0,3,Affine,5,0.029206,5,50,5.4819,5.511106000000001
r640x400,640,400,20260808_131913,ihawk1,40.0,3,Homography,5,0.016413999999999998,5,50,5.4819,5.498314000000001
r640x400,640,400,20260808_131913,ihawk1,40.0,3,PnP,5,1.45569,5,50,5.4819,6.93759
r640x400,640,400,20260808_131913,ihawk1,45.0,1,Affine,5,0.017103999999999998,5,50,5.5376,5.554704
r640x400,640,400,20260808_131913,ihawk1,45.0,1,Homography,5,0.020276000000000002,5,50,5.5376,5.557876
r640x400,640,400,20260808_131913,ihawk1,45.0,1,PnP,5,1.588178,5,50,5.5376,7.125778
r640x400,640,400,20260808_131913,ihawk1,45.0,2,Affine,5,0.016972,5,50,5.1226,5.139572
r640x400,640,400,20260808_131913,ihawk1,45.0,2,Homography,5,0.016156,5,50,5.1226,5.138756
r640x400,640,400,20260808_131913,ihawk1,45.0,2,PnP,5,1.314524,5,50,5.1226,6.437124000000001
r640x400,640,400,20260808_131913,ihawk1,45.0,3,Affine,5,0.017124,5,50,5.0287,5.045824
r640x400,640,400,20260808_131913,ihawk1,45.0,3,Homography,5,0.017384,5,50,5.0287,5.046084
r640x400,640,400,20260808_131913,ihawk1,45.0,3,PnP,5,1.2683119999999999,5,50,5.0287,6.297012
r640x400,640,400,20260808_131913,ihawk1,50.0,1,Affine,5,0.019292,5,50,5.8473,5.866592
r640x400,640,400,20260808_131913,ihawk1,50.0,1,Homography,5,0.018009999999999998,5,50,5.8473,5.86531
r640x400,640,400,20260808_131913,ihawk1,50.0,1,PnP,5,1.189002,5,50,5.8473,7.036301999999999
r640x400,640,400,20260808_131913,ihawk1,50.0,2,Affine,5,0.017072,5,50,5.1947,5.211772
r640x400,640,400,20260808_131913,ihawk1,50.0,2,Homography,5,0.016352,5,50,5.1947,5.2110520000000005
r640x400,640,400,20260808_131913,ihawk1,50.0,2,PnP,5,1.247762,5,50,5.1947,6.442462
r640x400,640,400,20260808_131913,ihawk1,50.0,3,Affine,5,0.017084,5,50,5.1133,5.130383999999999
r640x400,640,400,20260808_131913,ihawk1,50.0,3,Homography,5,0.01635,5,50,5.1133,5.12965
r640x400,640,400,20260808_131913,ihawk1,50.0,3,PnP,5,1.161146,5,50,5.1133,6.274445999999999
r640x400,640,400,20260808_131913,ihawk2,0.0,1,Affine,5,0.01721,5,50,4.2565,4.27371
r640x400,640,400,20260808_131913,ihawk2,0.0,1,Homography,5,0.016295999999999998,5,50,4.2565,4.272796
r640x400,640,400,20260808_131913,ihawk2,0.0,1,PnP,5,1.1626640000000001,5,50,4.2565,5.419164
r640x400,640,400,20260808_131913,ihawk2,0.0,2,Affine,5,0.01758,5,50,4.3557,4.373279999999999
r640x400,640,400,20260808_131913,ihawk2,0.0,2,Homography,5,0.016958,5,50,4.3557,4.3726579999999995
r640x400,640,400,20260808_131913,ihawk2,0.0,2,PnP,5,1.1640059999999999,5,50,4.3557,5.519705999999999
r640x400,640,400,20260808_131913,ihawk2,0.0,3,Affine,5,0.017166,5,50,4.3805,4.397665999999999
r640x400,640,400,20260808_131913,ihawk2,0.0,3,Homography,5,0.016742,5,50,4.3805,4.397241999999999
r640x400,640,400,20260808_131913,ihawk2,0.0,3,PnP,5,1.224514,5,50,4.3805,5.605014
r640x400,640,400,20260808_131913,ihawk2,5.0,1,Affine,5,0.017638,5,50,4.6175,4.6351379999999995
r640x400,640,400,20260808_131913,ihawk2,5.0,1,Homography,5,0.016884,5,50,4.6175,4.634384
r640x400,640,400,20260808_131913,ihawk2,5.0,1,PnP,5,1.474884,5,50,4.6175,6.092384
r640x400,640,400,20260808_131913,ihawk2,5.0,2,Affine,5,0.016998,5,50,4.5798,4.596798
r640x400,640,400,20260808_131913,ihawk2,5.0,2,Homography,5,0.01811,5,50,4.5798,4.59791
r640x400,640,400,20260808_131913,ihawk2,5.0,2,PnP,5,1.196024,5,50,4.5798,5.775824
r640x400,640,400,20260808_131913,ihawk2,5.0,3,Affine,5,0.01891,5,50,5.2259,5.24481
r640x400,640,400,20260808_131913,ihawk2,5.0,3,Homography,5,0.016888,5,50,5.2259,5.242788
r640x400,640,400,20260808_131913,ihawk2,5.0,3,PnP,5,1.3606120000000002,5,50,5.2259,6.586512000000001
r640x400,640,400,20260808_131913,ihawk2,10.0,1,Affine,5,0.016906,5,50,5.0057,5.022606
r640x400,640,400,20260808_131913,ihawk2,10.0,1,Homography,5,0.016226,5,50,5.0057,5.021926
r640x400,640,400,20260808_131913,ihawk2,10.0,1,PnP,5,1.10545,5,50,5.0057,6.11115
r640x400,640,400,20260808_131913,ihawk2,10.0,2,Affine,5,0.017136,5,50,4.581,4.598136
r640x400,640,400,20260808_131913,ihawk2,10.0,2,Homography,5,0.01611,5,50,4.581,4.597110000000001
r640x400,640,400,20260808_131913,ihawk2,10.0,2,PnP,5,1.12316,5,50,4.581,5.70416
r640x400,640,400,20260808_131913,ihawk2,10.0,3,Affine,5,0.017018,5,50,4.6176,4.634618000000001
r640x400,640,400,20260808_131913,ihawk2,10.0,3,Homography,5,0.016256,5,50,4.6176,4.633856000000001
r640x400,640,400,20260808_131913,ihawk2,10.0,3,PnP,5,1.125024,5,50,4.6176,5.742624
r640x400,640,400,20260808_131913,ihawk2,15.0,1,Affine,5,0.016988,5,50,4.1814,4.198388
r640x400,640,400,20260808_131913,ihawk2,15.0,1,Homography,5,0.016828,5,50,4.1814,4.198228
r640x400,640,400,20260808_131913,ihawk2,15.0,1,PnP,5,1.3402420000000002,5,50,4.1814,5.521642
r640x400,640,400,20260808_131913,ihawk2,15.0,2,Affine,5,0.018938,5,50,4.4463,4.465238
r640x400,640,400,20260808_131913,ihawk2,15.0,2,Homography,5,0.016226,5,50,4.4463,4.4625259999999995
r640x400,640,400,20260808_131913,ihawk2,15.0,2,PnP,5,1.232572,5,50,4.4463,5.678872
r640x400,640,400,20260808_131913,ihawk2,15.0,3,Affine,5,0.017634,5,50,4.3332,4.350834
r640x400,640,400,20260808_131913,ihawk2,15.0,3,Homography,5,0.019842,5,50,4.3332,4.353041999999999
r640x400,640,400,20260808_131913,ihawk2,15.0,3,PnP,5,1.475926,5,50,4.3332,5.809126
r640x400,640,400,20260808_131913,ihawk2,20.0,1,Affine,5,0.027184,5,50,4.2304,4.2575840000000005
r640x400,640,400,20260808_131913,ihawk2,20.0,1,Homography,5,0.026458,5,50,4.2304,4.256858
r640x400,640,400,20260808_131913,ihawk2,20.0,1,PnP,5,1.345388,5,50,4.2304,5.575788
r640x400,640,400,20260808_131913,ihawk2,20.0,2,Affine,5,0.018266,5,50,4.3025,4.320766
r640x400,640,400,20260808_131913,ihawk2,20.0,2,Homography,5,0.0166,5,50,4.3025,4.319100000000001
r640x400,640,400,20260808_131913,ihawk2,20.0,2,PnP,5,1.2849879999999998,5,50,4.3025,5.5874880000000005
r640x400,640,400,20260808_131913,ihawk2,20.0,3,Affine,5,0.0183,5,50,4.0147,4.033
r640x400,640,400,20260808_131913,ihawk2,20.0,3,Homography,5,0.01736,5,50,4.0147,4.03206
r640x400,640,400,20260808_131913,ihawk2,20.0,3,PnP,5,1.3310579999999999,5,50,4.0147,5.345758
r640x400,640,400,20260808_131913,ihawk2,25.0,1,Affine,5,0.017669999999999998,5,50,4.1752,4.19287
r640x400,640,400,20260808_131913,ihawk2,25.0,1,Homography,5,0.022566000000000003,5,50,4.1752,4.1977660000000006
r640x400,640,400,20260808_131913,ihawk2,25.0,1,PnP,5,1.211608,5,50,4.1752,5.386808
r640x400,640,400,20260808_131913,ihawk2,25.0,2,Affine,5,0.025872000000000003,5,50,4.5745,4.600371999999999
r640x400,640,400,20260808_131913,ihawk2,25.0,2,Homography,5,0.016836,5,50,4.5745,4.591335999999999
r640x400,640,400,20260808_131913,ihawk2,25.0,2,PnP,5,1.174018,5,50,4.5745,5.748518
r640x400,640,400,20260808_131913,ihawk2,25.0,3,Affine,5,0.016982,5,50,4.9251,4.942081999999999
r640x400,640,400,20260808_131913,ihawk2,25.0,3,Homography,5,0.01629,5,50,4.9251,4.941389999999999
r640x400,640,400,20260808_131913,ihawk2,25.0,3,PnP,5,1.15209,5,50,4.9251,6.07719
r640x400,640,400,20260808_131913,ihawk2,30.0,1,Affine,5,0.01737,5,50,4.356,4.3733699999999995
r640x400,640,400,20260808_131913,ihawk2,30.0,1,Homography,5,0.016552,5,50,4.356,4.372552
r640x400,640,400,20260808_131913,ihawk2,30.0,1,PnP,5,1.104812,5,50,4.356,5.460812
r640x400,640,400,20260808_131913,ihawk2,30.0,2,Affine,5,0.01702,5,50,4.6943,4.71132
r640x400,640,400,20260808_131913,ihawk2,30.0,2,Homography,5,0.01671,5,50,4.6943,4.71101
r640x400,640,400,20260808_131913,ihawk2,30.0,2,PnP,5,1.12881,5,50,4.6943,5.82311
r640x400,640,400,20260808_131913,ihawk2,30.0,3,Affine,5,0.017564,5,50,4.3604,4.377964
r640x400,640,400,20260808_131913,ihawk2,30.0,3,Homography,5,0.016843999999999998,5,50,4.3604,4.377244
r640x400,640,400,20260808_131913,ihawk2,30.0,3,PnP,5,1.199694,5,50,4.3604,5.560094
r640x400,640,400,20260808_131913,ihawk2,35.0,1,Affine,5,0.023001999999999998,5,50,4.611,4.634002
r640x400,640,400,20260808_131913,ihawk2,35.0,1,Homography,5,0.016266,5,50,4.611,4.627266
r640x400,640,400,20260808_131913,ihawk2,35.0,1,PnP,5,1.316512,5,50,4.611,5.927512
r640x400,640,400,20260808_131913,ihawk2,35.0,2,Affine,5,0.02703,5,50,4.8652,4.89223
r640x400,640,400,20260808_131913,ihawk2,35.0,2,Homography,5,0.026072,5,50,4.8652,4.891272
r640x400,640,400,20260808_131913,ihawk2,35.0,2,PnP,5,1.302722,5,50,4.8652,6.167922
r640x400,640,400,20260808_131913,ihawk2,35.0,3,Affine,5,0.01696,5,50,4.685,4.70196
r640x400,640,400,20260808_131913,ihawk2,35.0,3,Homography,5,0.018608,5,50,4.685,4.703608
r640x400,640,400,20260808_131913,ihawk2,35.0,3,PnP,5,1.388124,5,50,4.685,6.073124
r640x400,640,400,20260808_131913,ihawk2,40.0,1,Affine,5,0.017034,5,50,4.0699,4.086933999999999
r640x400,640,400,20260808_131913,ihawk2,40.0,1,Homography,5,0.01644,5,50,4.0699,4.08634
r640x400,640,400,20260808_131913,ihawk2,40.0,1,PnP,5,1.2905959999999999,5,50,4.0699,5.3604959999999995
r640x400,640,400,20260808_131913,ihawk2,40.0,2,Affine,5,0.01703,5,50,4.1771,4.19413
r640x400,640,400,20260808_131913,ihawk2,40.0,2,Homography,5,0.016375999999999998,5,50,4.1771,4.193476
r640x400,640,400,20260808_131913,ihawk2,40.0,2,PnP,5,1.190582,5,50,4.1771,5.367682
r640x400,640,400,20260808_131913,ihawk2,40.0,3,Affine,5,0.023344,5,50,4.2317,4.255044
r640x400,640,400,20260808_131913,ihawk2,40.0,3,Homography,5,0.016654,5,50,4.2317,4.248354
r640x400,640,400,20260808_131913,ihawk2,40.0,3,PnP,5,1.521266,5,50,4.2317,5.752966
r640x400,640,400,20260808_131913,ihawk2,45.0,1,Affine,5,0.017216,5,50,4.2635,4.280716
r640x400,640,400,20260808_131913,ihawk2,45.0,1,Homography,5,0.016324,5,50,4.2635,4.279824
r640x400,640,400,20260808_131913,ihawk2,45.0,1,PnP,5,1.475616,5,50,4.2635,5.739115999999999
r640x400,640,400,20260808_131913,ihawk2,45.0,2,Affine,5,0.017086,5,50,5.1123,5.129386
r640x400,640,400,20260808_131913,ihawk2,45.0,2,Homography,5,0.016668000000000002,5,50,5.1123,5.128968
r640x400,640,400,20260808_131913,ihawk2,45.0,2,PnP,5,1.270518,5,50,5.1123,6.382818
r640x400,640,400,20260808_131913,ihawk2,45.0,3,Affine,5,0.01796,5,50,4.4683,4.486260000000001
r640x400,640,400,20260808_131913,ihawk2,45.0,3,Homography,5,0.01721,5,50,4.4683,4.4855100000000006
r640x400,640,400,20260808_131913,ihawk2,45.0,3,PnP,5,1.283166,5,50,4.4683,5.751466000000001
r640x400,640,400,20260808_131913,ihawk2,50.0,1,Affine,5,0.017178,5,50,4.1052,4.122378
r640x400,640,400,20260808_131913,ihawk2,50.0,1,Homography,5,0.016302,5,50,4.1052,4.1215019999999996
r640x400,640,400,20260808_131913,ihawk2,50.0,1,PnP,5,1.1516,5,50,4.1052,5.2568
r640x400,640,400,20260808_131913,ihawk2,50.0,2,Affine,5,0.018269999999999998,5,50,4.2219,4.24017
r640x400,640,400,20260808_131913,ihawk2,50.0,2,Homography,5,0.016082,5,50,4.2219,4.237982
r640x400,640,400,20260808_131913,ihawk2,50.0,2,PnP,5,1.230216,5,50,4.2219,5.452116
r640x400,640,400,20260808_131913,ihawk2,50.0,3,Affine,5,0.017378,5,50,4.0675,4.084878
r640x400,640,400,20260808_131913,ihawk2,50.0,3,Homography,5,0.01733,5,50,4.0675,4.08483
r640x400,640,400,20260808_131913,ihawk2,50.0,3,PnP,5,1.80471,5,50,4.0675,5.87221
r640x400,640,400,20260808_141232,ihawk1,0.0,1,Affine,5,0.028281999999999998,5,50,5.0036,5.0318819999999995
r640x400,640,400,20260808_141232,ihawk1,0.0,1,Homography,5,0.027507999999999998,5,50,5.0036,5.031108
r640x400,640,400,20260808_141232,ihawk1,0.0,1,PnP,5,2.018224,5,50,5.0036,7.021824
r640x400,640,400,20260808_141232,ihawk1,0.0,2,Affine,5,0.025849999999999998,5,50,4.8905,4.91635
r640x400,640,400,20260808_141232,ihawk1,0.0,2,Homography,5,0.018420000000000002,5,50,4.8905,4.90892
r640x400,640,400,20260808_141232,ihawk1,0.0,2,PnP,5,1.611258,5,50,4.8905,6.501758000000001
r640x400,640,400,20260808_141232,ihawk1,0.0,3,Affine,5,0.025192000000000003,5,50,4.8248,4.849991999999999
r640x400,640,400,20260808_141232,ihawk1,0.0,3,Homography,5,0.025648,5,50,4.8248,4.850448
r640x400,640,400,20260808_141232,ihawk1,0.0,3,PnP,5,1.524476,5,50,4.8248,6.349276
r640x400,640,400,20260808_141232,ihawk1,5.0,1,Affine,5,0.022591999999999998,5,50,4.9621,4.984692000000001
r640x400,640,400,20260808_141232,ihawk1,5.0,1,Homography,5,0.022912,5,50,4.9621,4.985012
r640x400,640,400,20260808_141232,ihawk1,5.0,1,PnP,5,1.780342,5,50,4.9621,6.7424420000000005
r640x400,640,400,20260808_141232,ihawk1,5.0,2,Affine,5,0.02859,5,50,5.9913,6.01989
r640x400,640,400,20260808_141232,ihawk1,5.0,2,Homography,5,0.03078,5,50,5.9913,6.02208
r640x400,640,400,20260808_141232,ihawk1,5.0,2,PnP,5,1.6899959999999998,5,50,5.9913,7.681296
r640x400,640,400,20260808_141232,ihawk1,5.0,3,Affine,5,0.022002,5,50,5.1626,5.184602
r640x400,640,400,20260808_141232,ihawk1,5.0,3,Homography,5,0.018266,5,50,5.1626,5.180866
r640x400,640,400,20260808_141232,ihawk1,5.0,3,PnP,5,1.9246240000000001,5,50,5.1626,7.087224000000001
r640x400,640,400,20260808_141232,ihawk1,10.0,1,Affine,5,0.026328,5,50,4.7886,4.814928
r640x400,640,400,20260808_141232,ihawk1,10.0,1,Homography,5,0.015986,5,50,4.7886,4.804586
r640x400,640,400,20260808_141232,ihawk1,10.0,1,PnP,5,1.480052,5,50,4.7886,6.2686519999999994
r640x400,640,400,20260808_141232,ihawk1,10.0,2,Affine,5,0.018448,5,50,5.2996,5.318048
r640x400,640,400,20260808_141232,ihawk1,10.0,2,Homography,5,0.0182,5,50,5.2996,5.3178
r640x400,640,400,20260808_141232,ihawk1,10.0,2,PnP,5,1.453158,5,50,5.2996,6.752758
r640x400,640,400,20260808_141232,ihawk1,10.0,3,Affine,5,0.019374,5,50,4.9364,4.955774
r640x400,640,400,20260808_141232,ihawk1,10.0,3,Homography,5,0.016174,5,50,4.9364,4.952574
r640x400,640,400,20260808_141232,ihawk1,10.0,3,PnP,5,1.3662960000000002,5,50,4.9364,6.302696
r640x400,640,400,20260808_141232,ihawk1,15.0,1,Affine,5,0.020948,5,50,6.0972,6.118148
r640x400,640,400,20260808_141232,ihawk1,15.0,1,Homography,5,0.021376,5,50,6.0972,6.118576
r640x400,640,400,20260808_141232,ihawk1,15.0,1,PnP,5,1.556712,5,50,6.0972,7.653912
r640x400,640,400,20260808_141232,ihawk1,15.0,2,Affine,5,0.017070000000000002,5,50,5.1634,5.180470000000001
r640x400,640,400,20260808_141232,ihawk1,15.0,2,Homography,5,0.021768,5,50,5.1634,5.185168
r640x400,640,400,20260808_141232,ihawk1,15.0,2,PnP,5,1.7840539999999998,5,50,5.1634,6.9474540000000005
r640x400,640,400,20260808_141232,ihawk1,15.0,3,Affine,5,0.017064,5,50,6.0745,6.091564
r640x400,640,400,20260808_141232,ihawk1,15.0,3,Homography,5,0.016072,5,50,6.0745,6.090572
r640x400,640,400,20260808_141232,ihawk1,15.0,3,PnP,5,1.5066499999999998,5,50,6.0745,7.581149999999999
r640x400,640,400,20260808_141232,ihawk1,20.0,1,Affine,5,0.026158,5,50,5.0136,5.039758
r640x400,640,400,20260808_141232,ihawk1,20.0,1,Homography,5,0.026528,5,50,5.0136,5.040128
r640x400,640,400,20260808_141232,ihawk1,20.0,1,PnP,5,1.8117539999999999,5,50,5.0136,6.825354
r640x400,640,400,20260808_141232,ihawk1,20.0,2,Affine,5,0.026848,5,50,5.116,5.142848
r640x400,640,400,20260808_141232,ihawk1,20.0,2,Homography,5,0.018116,5,50,5.116,5.134116
r640x400,640,400,20260808_141232,ihawk1,20.0,2,PnP,5,1.65878,5,50,5.116,6.77478
r640x400,640,400,20260808_141232,ihawk1,20.0,3,Affine,5,0.018574,5,50,7.0197,7.038274
r640x400,640,400,20260808_141232,ihawk1,20.0,3,Homography,5,0.016282,5,50,7.0197,7.035982000000001
r640x400,640,400,20260808_141232,ihawk1,20.0,3,PnP,5,1.503768,5,50,7.0197,8.523468000000001
r640x400,640,400,20260808_141232,ihawk1,25.0,1,Affine,5,0.021818,5,50,5.1108,5.132618
r640x400,640,400,20260808_141232,ihawk1,25.0,1,Homography,5,0.016040000000000002,5,50,5.1108,5.1268400000000005
r640x400,640,400,20260808_141232,ihawk1,25.0,1,PnP,5,1.454872,5,50,5.1108,6.565672
r640x400,640,400,20260808_141232,ihawk1,25.0,2,Affine,5,0.020426000000000003,5,50,5.382,5.402425999999999
r640x400,640,400,20260808_141232,ihawk1,25.0,2,Homography,5,0.021086,5,50,5.382,5.403086
r640x400,640,400,20260808_141232,ihawk1,25.0,2,PnP,5,1.461002,5,50,5.382,6.843001999999999
r640x400,640,400,20260808_141232,ihawk1,25.0,3,Affine,5,0.022706,5,50,5.1644,5.187106
r640x400,640,400,20260808_141232,ihawk1,25.0,3,Homography,5,0.01936,5,50,5.1644,5.1837599999999995
r640x400,640,400,20260808_141232,ihawk1,25.0,3,PnP,5,1.251406,5,50,5.1644,6.415806
r640x400,640,400,20260808_141232,ihawk1,35.0,1,Affine,5,0.017198,5,50,5.295,5.3121979999999995
r640x400,640,400,20260808_141232,ihawk1,35.0,1,Homography,5,0.016228,5,50,5.295,5.311228
r640x400,640,400,20260808_141232,ihawk1,35.0,1,PnP,5,1.33979,5,50,5.295,6.63479
r640x400,640,400,20260808_141232,ihawk1,35.0,2,Affine,5,0.016792,5,50,5.384,5.400792
r640x400,640,400,20260808_141232,ihawk1,35.0,2,Homography,5,0.016108,5,50,5.384,5.400108
r640x400,640,400,20260808_141232,ihawk1,35.0,2,PnP,5,1.2023359999999998,5,50,5.384,6.586336
r640x400,640,400,20260808_141232,ihawk1,35.0,3,Affine,5,0.016774,5,50,5.3588,5.375573999999999
r640x400,640,400,20260808_141232,ihawk1,35.0,3,Homography,5,0.024848,5,50,5.3588,5.383648
r640x400,640,400,20260808_141232,ihawk1,35.0,3,PnP,5,1.248022,5,50,5.3588,6.606821999999999
r640x400,640,400,20260808_141232,ihawk1,40.0,1,Affine,5,0.016762,5,50,5.367,5.383762
r640x400,640,400,20260808_141232,ihawk1,40.0,1,Homography,5,0.015996,5,50,5.367,5.382996
r640x400,640,400,20260808_141232,ihawk1,40.0,1,PnP,5,1.26055,5,50,5.367,6.62755
r640x400,640,400,20260808_141232,ihawk1,40.0,2,Affine,5,0.016824,5,50,5.5588,5.5756239999999995
r640x400,640,400,20260808_141232,ihawk1,40.0,2,Homography,5,0.016200000000000003,5,50,5.5588,5.575
r640x400,640,400,20260808_141232,ihawk1,40.0,2,PnP,5,1.32903,5,50,5.5588,6.887829999999999
r640x400,640,400,20260808_141232,ihawk1,40.0,3,Affine,5,0.025310000000000003,5,50,6.1291,6.15441
r640x400,640,400,20260808_141232,ihawk1,40.0,3,Homography,5,0.024544,5,50,6.1291,6.153644
r640x400,640,400,20260808_141232,ihawk1,40.0,3,PnP,5,1.230828,5,50,6.1291,7.359928
r640x400,640,400,20260808_141232,ihawk1,45.0,1,Affine,5,0.01672,5,50,6.5692,6.585920000000001
r640x400,640,400,20260808_141232,ihawk1,45.0,1,Homography,5,0.016034,5,50,6.5692,6.585234000000001
r640x400,640,400,20260808_141232,ihawk1,45.0,1,PnP,5,1.3026159999999998,5,50,6.5692,7.871816
r640x400,640,400,20260808_141232,ihawk1,45.0,2,Affine,5,0.016778,5,50,6.3239,6.3406780000000005
r640x400,640,400,20260808_141232,ihawk1,45.0,2,Homography,5,0.016124,5,50,6.3239,6.340024
r640x400,640,400,20260808_141232,ihawk1,45.0,2,PnP,5,1.308954,5,50,6.3239,7.632854
r640x400,640,400,20260808_141232,ihawk1,45.0,3,Affine,5,0.016804,5,50,6.5249,6.541703999999999
r640x400,640,400,20260808_141232,ihawk1,45.0,3,Homography,5,0.016124,5,50,6.5249,6.541023999999999
r640x400,640,400,20260808_141232,ihawk1,45.0,3,PnP,5,1.182204,5,50,6.5249,7.707103999999999
r640x400,640,400,20260808_141232,ihawk1,50.0,1,Affine,5,0.016738,5,50,7.7976,7.814338
r640x400,640,400,20260808_141232,ihawk1,50.0,1,Homography,5,0.016024,5,50,7.7976,7.813624
r640x400,640,400,20260808_141232,ihawk1,50.0,1,PnP,5,1.2909620000000002,5,50,7.7976,9.088562
r640x400,640,400,20260808_141232,ihawk1,50.0,2,Affine,5,0.016866000000000003,5,50,5.8656,5.882466
r640x400,640,400,20260808_141232,ihawk1,50.0,2,Homography,5,0.016064000000000002,5,50,5.8656,5.881664
r640x400,640,400,20260808_141232,ihawk1,50.0,2,PnP,5,1.312432,5,50,5.8656,7.178032
r640x400,640,400,20260808_141232,ihawk1,50.0,3,Affine,5,0.017046,5,50,7.5953,7.612346
r640x400,640,400,20260808_141232,ihawk1,50.0,3,Homography,5,0.016364,5,50,7.5953,7.611664
r640x400,640,400,20260808_141232,ihawk1,50.0,3,PnP,5,1.5778980000000002,5,50,7.5953,9.173198
r640x400,640,400,20260808_141232,ihawk2,0.0,1,Affine,5,0.017768,5,50,5.2423,5.260068
r640x400,640,400,20260808_141232,ihawk2,0.0,1,Homography,5,0.015962,5,50,5.2423,5.258262
r640x400,640,400,20260808_141232,ihawk2,0.0,1,PnP,5,1.216288,5,50,5.2423,6.458588000000001
r640x400,640,400,20260808_141232,ihawk2,0.0,2,Affine,5,0.018608,5,50,5.5007,5.5193080000000005
r640x400,640,400,20260808_141232,ihawk2,0.0,2,Homography,5,0.016826,5,50,5.5007,5.517526
r640x400,640,400,20260808_141232,ihawk2,0.0,2,PnP,5,1.269062,5,50,5.5007,6.769762
r640x400,640,400,20260808_141232,ihawk2,0.0,3,Affine,5,0.018112,5,50,4.6229,4.641012
r640x400,640,400,20260808_141232,ihawk2,0.0,3,Homography,5,0.01687,5,50,4.6229,4.6397699999999995
r640x400,640,400,20260808_141232,ihawk2,0.0,3,PnP,5,1.265476,5,50,4.6229,5.888375999999999
r640x400,640,400,20260808_141232,ihawk2,5.0,1,Affine,5,0.018595999999999998,5,50,5.5011,5.519696
r640x400,640,400,20260808_141232,ihawk2,5.0,1,Homography,5,0.024642,5,50,5.5011,5.525742
r640x400,640,400,20260808_141232,ihawk2,5.0,1,PnP,5,1.274982,5,50,5.5011,6.776082000000001
r640x400,640,400,20260808_141232,ihawk2,5.0,2,Affine,5,0.024125999999999998,5,50,4.8327,4.856826
r640x400,640,400,20260808_141232,ihawk2,5.0,2,Homography,5,0.02626,5,50,4.8327,4.85896
r640x400,640,400,20260808_141232,ihawk2,5.0,2,PnP,5,1.228762,5,50,4.8327,6.061462
r640x400,640,400,20260808_141232,ihawk2,5.0,3,Affine,5,0.016842,5,50,5.5903,5.607142
r640x400,640,400,20260808_141232,ihawk2,5.0,3,Homography,5,0.018046,5,50,5.5903,5.608346
r640x400,640,400,20260808_141232,ihawk2,5.0,3,PnP,5,1.20316,5,50,5.5903,6.79346
r640x400,640,400,20260808_141232,ihawk2,10.0,1,Affine,5,0.028148,5,50,4.7417,4.769848
r640x400,640,400,20260808_141232,ihawk2,10.0,1,Homography,5,0.026814,5,50,4.7417,4.768514
r640x400,640,400,20260808_141232,ihawk2,10.0,1,PnP,5,1.244944,5,50,4.7417,5.986644
r640x400,640,400,20260808_141232,ihawk2,10.0,2,Affine,5,0.02559,5,50,5.2804,5.30599
r640x400,640,400,20260808_141232,ihawk2,10.0,2,Homography,5,0.017367999999999998,5,50,5.2804,5.2977680000000005
r640x400,640,400,20260808_141232,ihawk2,10.0,2,PnP,5,1.204554,5,50,5.2804,6.484954
r640x400,640,400,20260808_141232,ihawk2,10.0,3,Affine,5,0.020802,5,50,5.0392,5.060002
r640x400,640,400,20260808_141232,ihawk2,10.0,3,Homography,5,0.017176,5,50,5.0392,5.056376
r640x400,640,400,20260808_141232,ihawk2,10.0,3,PnP,5,1.332098,5,50,5.0392,6.371298
r640x400,640,400,20260808_141232,ihawk2,15.0,1,Affine,5,0.017022,5,50,5.321,5.338022
r640x400,640,400,20260808_141232,ihawk2,15.0,1,Homography,5,0.01879,5,50,5.321,5.33979
r640x400,640,400,20260808_141232,ihawk2,15.0,1,PnP,5,1.210858,5,50,5.321,6.531858
r640x400,640,400,20260808_141232,ihawk2,15.0,2,Affine,5,0.016906,5,50,5.6007,5.617605999999999
r640x400,640,400,20260808_141232,ihawk2,15.0,2,Homography,5,0.018832,5,50,5.6007,5.6195319999999995
r640x400,640,400,20260808_141232,ihawk2,15.0,2,PnP,5,1.201182,5,50,5.6007,6.801882
r640x400,640,400,20260808_141232,ihawk2,15.0,3,Affine,5,0.01688,5,50,4.9448,4.961679999999999
r640x400,640,400,20260808_141232,ihawk2,15.0,3,Homography,5,0.01614,5,50,4.9448,4.96094
r640x400,640,400,20260808_141232,ihawk2,15.0,3,PnP,5,1.113326,5,50,4.9448,6.058126
r640x400,640,400,20260808_141232,ihawk2,20.0,1,Affine,5,0.016776,5,50,5.025,5.0417760000000005
r640x400,640,400,20260808_141232,ihawk2,20.0,1,Homography,5,0.016144000000000002,5,50,5.025,5.041144
r640x400,640,400,20260808_141232,ihawk2,20.0,1,PnP,5,1.206944,5,50,5.025,6.231944
r640x400,640,400,20260808_141232,ihawk2,20.0,2,Affine,5,0.018006,5,50,4.8215,4.839506
r640x400,640,400,20260808_141232,ihawk2,20.0,2,Homography,5,0.016028,5,50,4.8215,4.837528000000001
r640x400,640,400,20260808_141232,ihawk2,20.0,2,PnP,5,1.193842,5,50,4.8215,6.015342
r640x400,640,400,20260808_141232,ihawk2,20.0,3,Affine,5,0.018524,5,50,4.7886,4.807124
r640x400,640,400,20260808_141232,ihawk2,20.0,3,Homography,5,0.015998000000000002,5,50,4.7886,4.8045979999999995
r640x400,640,400,20260808_141232,ihawk2,20.0,3,PnP,5,1.242072,5,50,4.7886,6.030672
r640x400,640,400,20260808_141232,ihawk2,25.0,1,Affine,5,0.016732,5,50,6.1191,6.135832000000001
r640x400,640,400,20260808_141232,ihawk2,25.0,1,Homography,5,0.016492,5,50,6.1191,6.135592000000001
r640x400,640,400,20260808_141232,ihawk2,25.0,1,PnP,5,1.144106,5,50,6.1191,7.263206
r640x400,640,400,20260808_141232,ihawk2,25.0,2,Affine,5,0.016868,5,50,4.8611,4.877968
r640x400,640,400,20260808_141232,ihawk2,25.0,2,Homography,5,0.016152,5,50,4.8611,4.877252
r640x400,640,400,20260808_141232,ihawk2,25.0,2,PnP,5,1.173412,5,50,4.8611,6.034512
r640x400,640,400,20260808_141232,ihawk2,25.0,3,Affine,5,0.01905,5,50,5.861,5.88005
r640x400,640,400,20260808_141232,ihawk2,25.0,3,Homography,5,0.016092,5,50,5.861,5.877092
r640x400,640,400,20260808_141232,ihawk2,25.0,3,PnP,5,1.145262,5,50,5.861,7.0062619999999995
r640x400,640,400,20260808_141232,ihawk2,35.0,1,Affine,5,0.016812,5,50,4.63,4.646812
r640x400,640,400,20260808_141232,ihawk2,35.0,1,Homography,5,0.025194,5,50,4.63,4.655194
r640x400,640,400,20260808_141232,ihawk2,35.0,1,PnP,5,1.163936,5,50,4.63,5.793936
r640x400,640,400,20260808_141232,ihawk2,35.0,2,Affine,5,0.016756,5,50,4.692,4.708756
r640x400,640,400,20260808_141232,ihawk2,35.0,2,Homography,5,0.016272,5,50,4.692,4.708272
r640x400,640,400,20260808_141232,ihawk2,35.0,2,PnP,5,1.144842,5,50,4.692,5.836842
r640x400,640,400,20260808_141232,ihawk2,35.0,3,Affine,5,0.016876,5,50,4.5716,4.588476
r640x400,640,400,20260808_141232,ihawk2,35.0,3,Homography,5,0.01613,5,50,4.5716,4.5877300000000005
r640x400,640,400,20260808_141232,ihawk2,35.0,3,PnP,5,1.140558,5,50,4.5716,5.7121580000000005
r640x400,640,400,20260808_141232,ihawk2,40.0,1,Affine,5,0.022344,5,50,4.6593,4.681644
r640x400,640,400,20260808_141232,ihawk2,40.0,1,Homography,5,0.016035999999999998,5,50,4.6593,4.675336
r640x400,640,400,20260808_141232,ihawk2,40.0,1,PnP,5,1.256456,5,50,4.6593,5.915756
r640x400,640,400,20260808_141232,ihawk2,40.0,2,Affine,5,0.016810000000000002,5,50,5.0222,5.03901
r640x400,640,400,20260808_141232,ihawk2,40.0,2,Homography,5,0.016106,5,50,5.0222,5.0383059999999995
r640x400,640,400,20260808_141232,ihawk2,40.0,2,PnP,5,1.1070099999999998,5,50,5.0222,6.12921
r640x400,640,400,20260808_141232,ihawk2,40.0,3,Affine,5,0.016722,5,50,4.8259,4.8426219999999995
r640x400,640,400,20260808_141232,ihawk2,40.0,3,Homography,5,0.016120000000000002,5,50,4.8259,4.84202
r640x400,640,400,20260808_141232,ihawk2,40.0,3,PnP,5,1.162772,5,50,4.8259,5.988671999999999
r640x400,640,400,20260808_141232,ihawk2,45.0,1,Affine,5,0.016812,5,50,5.0552,5.072012
r640x400,640,400,20260808_141232,ihawk2,45.0,1,Homography,5,0.015988,5,50,5.0552,5.071188
r640x400,640,400,20260808_141232,ihawk2,45.0,1,PnP,5,1.176904,5,50,5.0552,6.232104
r640x400,640,400,20260808_141232,ihawk2,45.0,2,Affine,5,0.016774,5,50,4.9221,4.938874
r640x400,640,400,20260808_141232,ihawk2,45.0,2,Homography,5,0.016106,5,50,4.9221,4.938206
r640x400,640,400,20260808_141232,ihawk2,45.0,2,PnP,5,1.19691,5,50,4.9221,6.11901
r640x400,640,400,20260808_141232,ihawk2,45.0,3,Affine,5,0.016701999999999998,5,50,5.5493,5.566002
r640x400,640,400,20260808_141232,ihawk2,45.0,3,Homography,5,0.01603,5,50,5.5493,5.565329999999999
r640x400,640,400,20260808_141232,ihawk2,45.0,3,PnP,5,1.155842,5,50,5.5493,6.7051419999999995
r640x400,640,400,20260808_141232,ihawk2,50.0,1,Affine,5,0.016701999999999998,5,50,7.0149,7.031602
r640x400,640,400,20260808_141232,ihawk2,50.0,1,Homography,5,0.016082,5,50,7.0149,7.030982
r640x400,640,400,20260808_141232,ihawk2,50.0,1,PnP,5,1.144084,5,50,7.0149,8.158984
r640x400,640,400,20260808_141232,ihawk2,50.0,2,Affine,5,0.017064,5,50,4.8694,4.886464
r640x400,640,400,20260808_141232,ihawk2,50.0,2,Homography,5,0.016428,5,50,4.8694,4.885828
r640x400,640,400,20260808_141232,ihawk2,50.0,2,PnP,5,1.21247,5,50,4.8694,6.081869999999999
r640x400,640,400,20260808_141232,ihawk2,50.0,3,Affine,5,0.016712,5,50,5.9832,5.999912
r640x400,640,400,20260808_141232,ihawk2,50.0,3,Homography,5,0.01601,5,50,5.9832,5.99921
r640x400,640,400,20260808_141232,ihawk2,50.0,3,PnP,5,1.243856,5,50,5.9832,7.227056
r640x400,640,400,20260808_145501,ihawk1,0.0,1,Affine,5,0.016818,5,50,5.6309,5.647717999999999
r640x400,640,400,20260808_145501,ihawk1,0.0,1,Homography,5,0.015844,5,50,5.6309,5.646744
r640x400,640,400,20260808_145501,ihawk1,0.0,1,PnP,5,1.186164,5,50,5.6309,6.817063999999999
r640x400,640,400,20260808_145501,ihawk1,0.0,2,Affine,5,0.018234,5,50,6.6119,6.630134
r640x400,640,400,20260808_145501,ihawk1,0.0,2,Homography,5,0.01625,5,50,6.6119,6.628150000000001
r640x400,640,400,20260808_145501,ihawk1,0.0,2,PnP,5,1.270418,5,50,6.6119,7.882318000000001
r640x400,640,400,20260808_145501,ihawk1,0.0,3,Affine,5,0.016763999999999998,5,50,6.0305,6.047264
r640x400,640,400,20260808_145501,ihawk1,0.0,3,Homography,5,0.017208,5,50,6.0305,6.047708
r640x400,640,400,20260808_145501,ihawk1,0.0,3,PnP,5,1.388758,5,50,6.0305,7.419258
r640x400,640,400,20260808_145501,ihawk1,5.0,1,Affine,5,0.02183,5,50,5.7483,5.77013
r640x400,640,400,20260808_145501,ihawk1,5.0,1,Homography,5,0.021722,5,50,5.7483,5.770022
r640x400,640,400,20260808_145501,ihawk1,5.0,1,PnP,5,1.22693,5,50,5.7483,6.975230000000001
r640x400,640,400,20260808_145501,ihawk1,5.0,2,Affine,5,0.017008000000000002,5,50,5.0065,5.023508
r640x400,640,400,20260808_145501,ihawk1,5.0,2,Homography,5,0.016108,5,50,5.0065,5.022608
r640x400,640,400,20260808_145501,ihawk1,5.0,2,PnP,5,1.249436,5,50,5.0065,6.255936
r640x400,640,400,20260808_145501,ihawk1,5.0,3,Affine,5,0.017964,5,50,6.0312,6.049164
r640x400,640,400,20260808_145501,ihawk1,5.0,3,Homography,5,0.016528,5,50,6.0312,6.047728
r640x400,640,400,20260808_145501,ihawk1,5.0,3,PnP,5,1.244952,5,50,6.0312,7.276152
r640x400,640,400,20260808_145501,ihawk1,10.0,1,Affine,5,0.016724000000000003,5,50,5.4937,5.5104239999999995
r640x400,640,400,20260808_145501,ihawk1,10.0,1,Homography,5,0.016138,5,50,5.4937,5.509837999999999
r640x400,640,400,20260808_145501,ihawk1,10.0,1,PnP,5,1.311372,5,50,5.4937,6.805071999999999
r640x400,640,400,20260808_145501,ihawk1,10.0,2,Affine,5,0.016904,5,50,5.3557,5.372604
r640x400,640,400,20260808_145501,ihawk1,10.0,2,Homography,5,0.016144000000000002,5,50,5.3557,5.371843999999999
r640x400,640,400,20260808_145501,ihawk1,10.0,2,PnP,5,1.454424,5,50,5.3557,6.810124
r640x400,640,400,20260808_145501,ihawk1,10.0,3,Affine,5,0.016834000000000002,5,50,5.0632,5.080034
r640x400,640,400,20260808_145501,ihawk1,10.0,3,Homography,5,0.016102,5,50,5.0632,5.079302
r640x400,640,400,20260808_145501,ihawk1,10.0,3,PnP,5,1.228466,5,50,5.0632,6.291666
r640x400,640,400,20260808_145501,ihawk1,15.0,1,Affine,5,0.016914,5,50,4.8096,4.8265139999999995
r640x400,640,400,20260808_145501,ihawk1,15.0,1,Homography,5,0.01623,5,50,4.8096,4.82583
r640x400,640,400,20260808_145501,ihawk1,15.0,1,PnP,5,1.142244,5,50,4.8096,5.9518439999999995
r640x400,640,400,20260808_145501,ihawk1,15.0,2,Affine,5,0.016808,5,50,5.0104,5.027208
r640x400,640,400,20260808_145501,ihawk1,15.0,2,Homography,5,0.017576,5,50,5.0104,5.027976
r640x400,640,400,20260808_145501,ihawk1,15.0,2,PnP,5,1.177082,5,50,5.0104,6.187481999999999
r640x400,640,400,20260808_145501,ihawk1,15.0,3,Affine,5,0.017014,5,50,4.8723,4.889314
r640x400,640,400,20260808_145501,ihawk1,15.0,3,Homography,5,0.018816,5,50,4.8723,4.891116
r640x400,640,400,20260808_145501,ihawk1,15.0,3,PnP,5,1.101866,5,50,4.8723,5.974166
r640x400,640,400,20260808_145501,ihawk1,20.0,1,Affine,5,0.024114,5,50,5.2622,5.286314
r640x400,640,400,20260808_145501,ihawk1,20.0,1,Homography,5,0.017576,5,50,5.2622,5.279776
r640x400,640,400,20260808_145501,ihawk1,20.0,1,PnP,5,1.5861539999999998,5,50,5.2622,6.848354
r640x400,640,400,20260808_145501,ihawk1,20.0,2,Affine,5,0.018984,5,50,5.1104,5.129384
r640x400,640,400,20260808_145501,ihawk1,20.0,2,Homography,5,0.01609,5,50,5.1104,5.12649
r640x400,640,400,20260808_145501,ihawk1,20.0,2,PnP,5,1.4247900000000002,5,50,5.1104,6.53519
r640x400,640,400,20260808_145501,ihawk1,20.0,3,Affine,5,0.02552,5,50,5.1714,5.19692
r640x400,640,400,20260808_145501,ihawk1,20.0,3,Homography,5,0.026185999999999997,5,50,5.1714,5.197586
r640x400,640,400,20260808_145501,ihawk1,20.0,3,PnP,5,1.3467580000000001,5,50,5.1714,6.518158000000001
r640x400,640,400,20260808_145501,ihawk1,25.0,1,Affine,5,0.016876,5,50,6.8776,6.894476
r640x400,640,400,20260808_145501,ihawk1,25.0,1,Homography,5,0.016946000000000003,5,50,6.8776,6.894546
r640x400,640,400,20260808_145501,ihawk1,25.0,1,PnP,5,1.280726,5,50,6.8776,8.158326
r640x400,640,400,20260808_145501,ihawk1,25.0,2,Affine,5,0.017282,5,50,6.6002,6.617482
r640x400,640,400,20260808_145501,ihawk1,25.0,2,Homography,5,0.01611,5,50,6.6002,6.61631
r640x400,640,400,20260808_145501,ihawk1,25.0,2,PnP,5,1.331364,5,50,6.6002,7.931564
r640x400,640,400,20260808_145501,ihawk1,25.0,3,Affine,5,0.016908,5,50,6.6431,6.6600079999999995
r640x400,640,400,20260808_145501,ihawk1,25.0,3,Homography,5,0.016118,5,50,6.6431,6.659217999999999
r640x400,640,400,20260808_145501,ihawk1,25.0,3,PnP,5,1.497622,5,50,6.6431,8.140722
r640x400,640,400,20260808_145501,ihawk1,30.0,1,Affine,5,0.02773,5,50,5.4591,5.48683
r640x400,640,400,20260808_145501,ihawk1,30.0,1,Homography,5,0.02724,5,50,5.4591,5.48634
r640x400,640,400,20260808_145501,ihawk1,30.0,1,PnP,5,1.3388820000000001,5,50,5.4591,6.797982
r640x400,640,400,20260808_145501,ihawk1,30.0,2,Affine,5,0.017726,5,50,5.1101,5.127826
r640x400,640,400,20260808_145501,ihawk1,30.0,2,Homography,5,0.018464,5,50,5.1101,5.128564
r640x400,640,400,20260808_145501,ihawk1,30.0,2,PnP,5,1.3418180000000002,5,50,5.1101,6.451918
r640x400,640,400,20260808_145501,ihawk1,30.0,3,Affine,5,0.016718,5,50,4.9345,4.951218
r640x400,640,400,20260808_145501,ihawk1,30.0,3,Homography,5,0.016052,5,50,4.9345,4.950552
r640x400,640,400,20260808_145501,ihawk1,30.0,3,PnP,5,1.4032740000000001,5,50,4.9345,6.337774
r640x400,640,400,20260808_145501,ihawk1,35.0,1,Affine,5,0.016884,5,50,5.5927,5.609584
r640x400,640,400,20260808_145501,ihawk1,35.0,1,Homography,5,0.01656,5,50,5.5927,5.60926
r640x400,640,400,20260808_145501,ihawk1,35.0,1,PnP,5,1.505446,5,50,5.5927,7.098146
r640x400,640,400,20260808_145501,ihawk1,35.0,2,Affine,5,0.017404,5,50,5.0783,5.095704
r640x400,640,400,20260808_145501,ihawk1,35.0,2,Homography,5,0.01605,5,50,5.0783,5.0943499999999995
r640x400,640,400,20260808_145501,ihawk1,35.0,2,PnP,5,1.5898480000000001,5,50,5.0783,6.6681479999999995
r640x400,640,400,20260808_145501,ihawk1,35.0,3,Affine,5,0.017058,5,50,4.7739,4.790958
r640x400,640,400,20260808_145501,ihawk1,35.0,3,Homography,5,0.016118,5,50,4.7739,4.790018
r640x400,640,400,20260808_145501,ihawk1,35.0,3,PnP,5,1.4584780000000002,5,50,4.7739,6.232378000000001
r640x400,640,400,20260808_145501,ihawk1,40.0,1,Affine,5,0.0168,5,50,4.6942,4.711
r640x400,640,400,20260808_145501,ihawk1,40.0,1,Homography,5,0.016073999999999998,5,50,4.6942,4.710274
r640x400,640,400,20260808_145501,ihawk1,40.0,1,PnP,5,1.61904,5,50,4.6942,6.31324
r640x400,640,400,20260808_145501,ihawk1,40.0,2,Affine,5,0.018314,5,50,4.9068,4.925114
r640x400,640,400,20260808_145501,ihawk1,40.0,2,Homography,5,0.01605,5,50,4.9068,4.9228499999999995
r640x400,640,400,20260808_145501,ihawk1,40.0,2,PnP,5,1.556146,5,50,4.9068,6.462946
r640x400,640,400,20260808_145501,ihawk1,40.0,3,Affine,5,0.016948,5,50,4.9823,4.999248000000001
r640x400,640,400,20260808_145501,ihawk1,40.0,3,Homography,5,0.016234,5,50,4.9823,4.998534
r640x400,640,400,20260808_145501,ihawk1,40.0,3,PnP,5,1.248094,5,50,4.9823,6.230394
r640x400,640,400,20260808_145501,ihawk1,45.0,1,Affine,5,0.016912,5,50,4.9664,4.983312
r640x400,640,400,20260808_145501,ihawk1,45.0,1,Homography,5,0.016177999999999998,5,50,4.9664,4.982578
r640x400,640,400,20260808_145501,ihawk1,45.0,1,PnP,5,1.31142,5,50,4.9664,6.27782
r640x400,640,400,20260808_145501,ihawk1,45.0,2,Affine,5,0.016918,5,50,5.2273,5.244218
r640x400,640,400,20260808_145501,ihawk1,45.0,2,Homography,5,0.016978,5,50,5.2273,5.2442779999999996
r640x400,640,400,20260808_145501,ihawk1,45.0,2,PnP,5,1.134538,5,50,5.2273,6.361838
r640x400,640,400,20260808_145501,ihawk1,45.0,3,Affine,5,0.018234,5,50,5.5936,5.611834
r640x400,640,400,20260808_145501,ihawk1,45.0,3,Homography,5,0.015962,5,50,5.5936,5.609562
r640x400,640,400,20260808_145501,ihawk1,45.0,3,PnP,5,1.3772499999999999,5,50,5.5936,6.97085
r640x400,640,400,20260808_145501,ihawk1,50.0,1,Affine,5,0.01678,5,50,4.8877,4.9044799999999995
r640x400,640,400,20260808_145501,ihawk1,50.0,1,Homography,5,0.016008,5,50,4.8877,4.903708
r640x400,640,400,20260808_145501,ihawk1,50.0,1,PnP,5,1.42166,5,50,4.8877,6.30936
r640x400,640,400,20260808_145501,ihawk1,50.0,2,Affine,5,0.0168,5,50,5.2818,5.2985999999999995
r640x400,640,400,20260808_145501,ihawk1,50.0,2,Homography,5,0.016257999999999998,5,50,5.2818,5.298057999999999
r640x400,640,400,20260808_145501,ihawk1,50.0,2,PnP,5,1.447832,5,50,5.2818,6.729632
r640x400,640,400,20260808_145501,ihawk1,50.0,3,Affine,5,0.016786000000000002,5,50,5.7158,5.7325859999999995
r640x400,640,400,20260808_145501,ihawk1,50.0,3,Homography,5,0.015946000000000002,5,50,5.7158,5.731745999999999
r640x400,640,400,20260808_145501,ihawk1,50.0,3,PnP,5,1.331688,5,50,5.7158,7.0474879999999995
r640x400,640,400,20260808_145501,ihawk2,0.0,1,Affine,5,0.019258,5,50,5.1911,5.210357999999999
r640x400,640,400,20260808_145501,ihawk2,0.0,1,Homography,5,0.016848000000000002,5,50,5.1911,5.207948
r640x400,640,400,20260808_145501,ihawk2,0.0,1,PnP,5,1.5085499999999998,5,50,5.1911,6.699649999999999
r640x400,640,400,20260808_145501,ihawk2,0.0,2,Affine,5,0.01701,5,50,4.5997,4.61671
r640x400,640,400,20260808_145501,ihawk2,0.0,2,Homography,5,0.016118,5,50,4.5997,4.615818
r640x400,640,400,20260808_145501,ihawk2,0.0,2,PnP,5,1.217344,5,50,4.5997,5.817044
r640x400,640,400,20260808_145501,ihawk2,0.0,3,Affine,5,0.016890000000000002,5,50,4.3859,4.40279
r640x400,640,400,20260808_145501,ihawk2,0.0,3,Homography,5,0.017574,5,50,4.3859,4.403474
r640x400,640,400,20260808_145501,ihawk2,0.0,3,PnP,5,1.174658,5,50,4.3859,5.560558
r640x400,640,400,20260808_145501,ihawk2,5.0,1,Affine,5,0.017068,5,50,4.2408,4.257868
r640x400,640,400,20260808_145501,ihawk2,5.0,1,Homography,5,0.016040000000000002,5,50,4.2408,4.25684
r640x400,640,400,20260808_145501,ihawk2,5.0,1,PnP,5,1.125762,5,50,4.2408,5.366562
r640x400,640,400,20260808_145501,ihawk2,5.0,2,Affine,5,0.01687,5,50,4.197,4.21387
r640x400,640,400,20260808_145501,ihawk2,5.0,2,Homography,5,0.018882,5,50,4.197,4.215882
r640x400,640,400,20260808_145501,ihawk2,5.0,2,PnP,5,1.174054,5,50,4.197,5.371054
r640x400,640,400,20260808_145501,ihawk2,5.0,3,Affine,5,0.01693,5,50,4.8105,4.8274300000000006
r640x400,640,400,20260808_145501,ihawk2,5.0,3,Homography,5,0.016104,5,50,4.8105,4.826604000000001
r640x400,640,400,20260808_145501,ihawk2,5.0,3,PnP,5,1.163572,5,50,4.8105,5.9740720000000005
r640x400,640,400,20260808_145501,ihawk2,10.0,1,Affine,5,0.016902,5,50,4.691,4.707902
r640x400,640,400,20260808_145501,ihawk2,10.0,1,Homography,5,0.016284,5,50,4.691,4.707284
r640x400,640,400,20260808_145501,ihawk2,10.0,1,PnP,5,1.221404,5,50,4.691,5.9124039999999995
r640x400,640,400,20260808_145501,ihawk2,10.0,2,Affine,5,0.017202,5,50,4.9702,4.987402
r640x400,640,400,20260808_145501,ihawk2,10.0,2,Homography,5,0.016818,5,50,4.9702,4.987018
r640x400,640,400,20260808_145501,ihawk2,10.0,2,PnP,5,1.241248,5,50,4.9702,6.211448
r640x400,640,400,20260808_145501,ihawk2,10.0,3,Affine,5,0.019686,5,50,5.5617,5.581386
r640x400,640,400,20260808_145501,ihawk2,10.0,3,Homography,5,0.016176,5,50,5.5617,5.577876
r640x400,640,400,20260808_145501,ihawk2,10.0,3,PnP,5,1.189694,5,50,5.5617,6.751394
r640x400,640,400,20260808_145501,ihawk2,15.0,1,Affine,5,0.019001999999999998,5,50,5.0709,5.089902
r640x400,640,400,20260808_145501,ihawk2,15.0,1,Homography,5,0.016073999999999998,5,50,5.0709,5.086974
r640x400,640,400,20260808_145501,ihawk2,15.0,1,PnP,5,1.152606,5,50,5.0709,6.223506
r640x400,640,400,20260808_145501,ihawk2,15.0,2,Affine,5,0.018084,5,50,4.5927,4.610784
r640x400,640,400,20260808_145501,ihawk2,15.0,2,Homography,5,0.016028,5,50,4.5927,4.608728
r640x400,640,400,20260808_145501,ihawk2,15.0,2,PnP,5,1.1655119999999999,5,50,4.5927,5.758211999999999
r640x400,640,400,20260808_145501,ihawk2,15.0,3,Affine,5,0.01702,5,50,4.4386,4.45562
r640x400,640,400,20260808_145501,ihawk2,15.0,3,Homography,5,0.016135999999999998,5,50,4.4386,4.4547360000000005
r640x400,640,400,20260808_145501,ihawk2,15.0,3,PnP,5,1.20211,5,50,4.4386,5.64071
r640x400,640,400,20260808_145501,ihawk2,20.0,1,Affine,5,0.016728,5,50,4.9156,4.932328
r640x400,640,400,20260808_145501,ihawk2,20.0,1,Homography,5,0.016628,5,50,4.9156,4.932228
r640x400,640,400,20260808_145501,ihawk2,20.0,1,PnP,5,1.178184,5,50,4.9156,6.093784
r640x400,640,400,20260808_145501,ihawk2,20.0,2,Affine,5,0.017252,5,50,5.8487,5.865952
r640x400,640,400,20260808_145501,ihawk2,20.0,2,Homography,5,0.016666,5,50,5.8487,5.865366
r640x400,640,400,20260808_145501,ihawk2,20.0,2,PnP,5,1.49301,5,50,5.8487,7.34171
r640x400,640,400,20260808_145501,ihawk2,20.0,3,Affine,5,0.016822,5,50,5.4563,5.473122
r640x400,640,400,20260808_145501,ihawk2,20.0,3,Homography,5,0.01617,5,50,5.4563,5.4724699999999995
r640x400,640,400,20260808_145501,ihawk2,20.0,3,PnP,5,1.223496,5,50,5.4563,6.679796
r640x400,640,400,20260808_145501,ihawk2,25.0,1,Affine,5,0.01688,5,50,5.2308,5.24768
r640x400,640,400,20260808_145501,ihawk2,25.0,1,Homography,5,0.016,5,50,5.2308,5.2468
r640x400,640,400,20260808_145501,ihawk2,25.0,1,PnP,5,1.277544,5,50,5.2308,6.508344
r640x400,640,400,20260808_145501,ihawk2,25.0,2,Affine,5,0.017212,5,50,5.3434,5.360612
r640x400,640,400,20260808_145501,ihawk2,25.0,2,Homography,5,0.017002,5,50,5.3434,5.360402
r640x400,640,400,20260808_145501,ihawk2,25.0,2,PnP,5,1.3002799999999999,5,50,5.3434,6.64368
r640x400,640,400,20260808_145501,ihawk2,25.0,3,Affine,5,0.019344,5,50,5.2797,5.299044
r640x400,640,400,20260808_145501,ihawk2,25.0,3,Homography,5,0.016218,5,50,5.2797,5.295918
r640x400,640,400,20260808_145501,ihawk2,25.0,3,PnP,5,1.50623,5,50,5.2797,6.7859300000000005
r640x400,640,400,20260808_145501,ihawk2,30.0,1,Affine,5,0.016596,5,50,4.3046,4.321196
r640x400,640,400,20260808_145501,ihawk2,30.0,1,Homography,5,0.015913999999999998,5,50,4.3046,4.320514
r640x400,640,400,20260808_145501,ihawk2,30.0,1,PnP,5,1.1759439999999999,5,50,4.3046,5.480544
r640x400,640,400,20260808_145501,ihawk2,30.0,2,Affine,5,0.016819999999999998,5,50,4.2611,4.27792
r640x400,640,400,20260808_145501,ihawk2,30.0,2,Homography,5,0.016104,5,50,4.2611,4.277204
r640x400,640,400,20260808_145501,ihawk2,30.0,2,PnP,5,1.1506100000000001,5,50,4.2611,5.41171
r640x400,640,400,20260808_145501,ihawk2,30.0,3,Affine,5,0.016682,5,50,4.4618,4.4784820000000005
r640x400,640,400,20260808_145501,ihawk2,30.0,3,Homography,5,0.01595,5,50,4.4618,4.47775
r640x400,640,400,20260808_145501,ihawk2,30.0,3,PnP,5,1.22247,5,50,4.4618,5.68427
r640x400,640,400,20260808_145501,ihawk2,35.0,1,Affine,5,0.016884,5,50,4.3455,4.3623840000000005
r640x400,640,400,20260808_145501,ihawk2,35.0,1,Homography,5,0.01764,5,50,4.3455,4.3631400000000005
r640x400,640,400,20260808_145501,ihawk2,35.0,1,PnP,5,1.176686,5,50,4.3455,5.5221860000000005
r640x400,640,400,20260808_145501,ihawk2,35.0,2,Affine,5,0.01676,5,50,4.355,4.37176
r640x400,640,400,20260808_145501,ihawk2,35.0,2,Homography,5,0.016078,5,50,4.355,4.371078000000001
r640x400,640,400,20260808_145501,ihawk2,35.0,2,PnP,5,1.27072,5,50,4.355,5.62572
r640x400,640,400,20260808_145501,ihawk2,35.0,3,Affine,5,0.016806,5,50,4.6408,4.6576059999999995
r640x400,640,400,20260808_145501,ihawk2,35.0,3,Homography,5,0.015952,5,50,4.6408,4.656752
r640x400,640,400,20260808_145501,ihawk2,35.0,3,PnP,5,1.400156,5,50,4.6408,6.0409559999999995
r640x400,640,400,20260808_145501,ihawk2,40.0,1,Affine,5,0.016722,5,50,4.278,4.294721999999999
r640x400,640,400,20260808_145501,ihawk2,40.0,1,Homography,5,0.016096,5,50,4.278,4.294096
r640x400,640,400,20260808_145501,ihawk2,40.0,1,PnP,5,1.4251019999999999,5,50,4.278,5.7031019999999994
r640x400,640,400,20260808_145501,ihawk2,40.0,2,Affine,5,0.01914,5,50,4.5201,4.53924
r640x400,640,400,20260808_145501,ihawk2,40.0,2,Homography,5,0.016038,5,50,4.5201,4.536138
r640x400,640,400,20260808_145501,ihawk2,40.0,2,PnP,5,1.1628660000000002,5,50,4.5201,5.682966
r640x400,640,400,20260808_145501,ihawk2,40.0,3,Affine,5,0.016788,5,50,4.2883,4.305088
r640x400,640,400,20260808_145501,ihawk2,40.0,3,Homography,5,0.017658,5,50,4.2883,4.3059579999999995
r640x400,640,400,20260808_145501,ihawk2,40.0,3,PnP,5,1.18364,5,50,4.2883,5.47194
r640x400,640,400,20260808_145501,ihawk2,45.0,1,Affine,5,0.016898,5,50,4.3504,4.367298
r640x400,640,400,20260808_145501,ihawk2,45.0,1,Homography,5,0.016116,5,50,4.3504,4.366516
r640x400,640,400,20260808_145501,ihawk2,45.0,1,PnP,5,1.136786,5,50,4.3504,5.4871859999999995
r640x400,640,400,20260808_145501,ihawk2,45.0,2,Affine,5,0.017798,5,50,4.5127,4.530498
r640x400,640,400,20260808_145501,ihawk2,45.0,2,Homography,5,0.017286,5,50,4.5127,4.529986
r640x400,640,400,20260808_145501,ihawk2,45.0,2,PnP,5,1.305566,5,50,4.5127,5.8182659999999995
r640x400,640,400,20260808_145501,ihawk2,45.0,3,Affine,5,0.017396000000000002,5,50,4.5264,4.5437959999999995
r640x400,640,400,20260808_145501,ihawk2,45.0,3,Homography,5,0.01973,5,50,4.5264,4.54613
r640x400,640,400,20260808_145501,ihawk2,45.0,3,PnP,5,1.314802,5,50,4.5264,5.841202
r640x400,640,400,20260808_145501,ihawk2,50.0,1,Affine,5,0.020552,5,50,4.5034,4.523952
r640x400,640,400,20260808_145501,ihawk2,50.0,1,Homography,5,0.01847,5,50,4.5034,4.52187
r640x400,640,400,20260808_145501,ihawk2,50.0,1,PnP,5,1.3198079999999999,5,50,4.5034,5.823208
r640x400,640,400,20260808_145501,ihawk2,50.0,2,Affine,5,0.01778,5,50,4.2292,4.24698
r640x400,640,400,20260808_145501,ihawk2,50.0,2,Homography,5,0.020224000000000002,5,50,4.2292,4.249423999999999
r640x400,640,400,20260808_145501,ihawk2,50.0,2,PnP,5,1.3323660000000002,5,50,4.2292,5.561566
r640x400,640,400,20260808_145501,ihawk2,50.0,3,Affine,5,0.017348,5,50,4.1333,4.150648
r640x400,640,400,20260808_145501,ihawk2,50.0,3,Homography,5,0.021616,5,50,4.1333,4.154916
r640x400,640,400,20260808_145501,ihawk2,50.0,3,PnP,5,1.3091739999999998,5,50,4.1333,5.442474
r640x400,640,400,20260808_151001,ihawk1,0.0,1,Affine,5,0.025066,5,50,4.5583,4.583366
r640x400,640,400,20260808_151001,ihawk1,0.0,1,Homography,5,0.017686,5,50,4.5583,4.575986
r640x400,640,400,20260808_151001,ihawk1,0.0,1,PnP,5,2.10079,5,50,4.5583,6.65909
r640x400,640,400,20260808_151001,ihawk1,0.0,2,Affine,5,0.021183999999999998,5,50,4.8129,4.834084
r640x400,640,400,20260808_151001,ihawk1,0.0,2,Homography,5,0.017484,5,50,4.8129,4.830384
r640x400,640,400,20260808_151001,ihawk1,0.0,2,PnP,5,1.3358160000000001,5,50,4.8129,6.148716
r640x400,640,400,20260808_151001,ihawk1,0.0,3,Affine,5,0.017234,5,50,4.6898,4.707034
r640x400,640,400,20260808_151001,ihawk1,0.0,3,Homography,5,0.016218,5,50,4.6898,4.706018
r640x400,640,400,20260808_151001,ihawk1,0.0,3,PnP,5,1.324154,5,50,4.6898,6.013954
r640x400,640,400,20260808_151001,ihawk1,5.0,1,Affine,5,0.017818,5,50,4.5968,4.614618
r640x400,640,400,20260808_151001,ihawk1,5.0,1,Homography,5,0.016188,5,50,4.5968,4.612988
r640x400,640,400,20260808_151001,ihawk1,5.0,1,PnP,5,2.188762,5,50,4.5968,6.7855620000000005
r640x400,640,400,20260808_151001,ihawk1,5.0,2,Affine,5,0.016881999999999998,5,50,4.7562,4.773082
r640x400,640,400,20260808_151001,ihawk1,5.0,2,Homography,5,0.017114,5,50,4.7562,4.773314
r640x400,640,400,20260808_151001,ihawk1,5.0,2,PnP,5,1.5131860000000001,5,50,4.7562,6.269386
r640x400,640,400,20260808_151001,ihawk1,5.0,3,Affine,5,0.018033999999999998,5,50,4.7755,4.793534
r640x400,640,400,20260808_151001,ihawk1,5.0,3,Homography,5,0.016096,5,50,4.7755,4.791596
r640x400,640,400,20260808_151001,ihawk1,5.0,3,PnP,5,1.642784,5,50,4.7755,6.418284
r640x400,640,400,20260808_151001,ihawk1,10.0,1,Affine,5,0.016912,5,50,4.8045,4.821412
r640x400,640,400,20260808_151001,ihawk1,10.0,1,Homography,5,0.016144000000000002,5,50,4.8045,4.820644
r640x400,640,400,20260808_151001,ihawk1,10.0,1,PnP,5,1.4815379999999998,5,50,4.8045,6.286038
r640x400,640,400,20260808_151001,ihawk1,10.0,2,Affine,5,0.018948,5,50,4.809,4.827948
r640x400,640,400,20260808_151001,ihawk1,10.0,2,Homography,5,0.017032000000000002,5,50,4.809,4.8260320000000005
r640x400,640,400,20260808_151001,ihawk1,10.0,2,PnP,5,1.304926,5,50,4.809,6.113926
r640x400,640,400,20260808_151001,ihawk1,10.0,3,Affine,5,0.016854,5,50,4.4822,4.499054
r640x400,640,400,20260808_151001,ihawk1,10.0,3,Homography,5,0.01665,5,50,4.4822,4.49885
r640x400,640,400,20260808_151001,ihawk1,10.0,3,PnP,5,1.2280200000000001,5,50,4.4822,5.71022
r640x400,640,400,20260808_151001,ihawk1,15.0,1,Affine,5,0.019577999999999998,5,50,5.4949,5.514478
r640x400,640,400,20260808_151001,ihawk1,15.0,1,Homography,5,0.015993999999999998,5,50,5.4949,5.510894
r640x400,640,400,20260808_151001,ihawk1,15.0,1,PnP,5,1.1679760000000001,5,50,5.4949,6.662876000000001
r640x400,640,400,20260808_151001,ihawk1,15.0,2,Affine,5,0.016704,5,50,5.4631,5.479804
r640x400,640,400,20260808_151001,ihawk1,15.0,2,Homography,5,0.025008,5,50,5.4631,5.4881079999999995
r640x400,640,400,20260808_151001,ihawk1,15.0,2,PnP,5,1.2354859999999999,5,50,5.4631,6.698586
r640x400,640,400,20260808_151001,ihawk1,15.0,3,Affine,5,0.018042,5,50,4.8804,4.898442
r640x400,640,400,20260808_151001,ihawk1,15.0,3,Homography,5,0.01756,5,50,4.8804,4.897959999999999
r640x400,640,400,20260808_151001,ihawk1,15.0,3,PnP,5,1.567866,5,50,4.8804,6.448266
r640x400,640,400,20260808_151001,ihawk1,20.0,1,Affine,5,0.018456,5,50,4.7099,4.728356
r640x400,640,400,20260808_151001,ihawk1,20.0,1,Homography,5,0.016066,5,50,4.7099,4.7259660000000006
r640x400,640,400,20260808_151001,ihawk1,20.0,1,PnP,5,1.251872,5,50,4.7099,5.961772
r640x400,640,400,20260808_151001,ihawk1,20.0,2,Affine,5,0.016788,5,50,5.2338,5.250588
r640x400,640,400,20260808_151001,ihawk1,20.0,2,Homography,5,0.01615,5,50,5.2338,5.249949999999999
r640x400,640,400,20260808_151001,ihawk1,20.0,2,PnP,5,1.585222,5,50,5.2338,6.8190219999999995
r640x400,640,400,20260808_151001,ihawk1,20.0,3,Affine,5,0.016836,5,50,5.639,5.655836
r640x400,640,400,20260808_151001,ihawk1,20.0,3,Homography,5,0.022233999999999997,5,50,5.639,5.661234
r640x400,640,400,20260808_151001,ihawk1,20.0,3,PnP,5,1.33471,5,50,5.639,6.9737100000000005
r640x400,640,400,20260808_151001,ihawk1,25.0,1,Affine,5,0.016948,5,50,4.6992,4.7161480000000005
r640x400,640,400,20260808_151001,ihawk1,25.0,1,Homography,5,0.016108,5,50,4.6992,4.715308
r640x400,640,400,20260808_151001,ihawk1,25.0,1,PnP,5,1.528358,5,50,4.6992,6.227558
r640x400,640,400,20260808_151001,ihawk1,25.0,2,Affine,5,0.01684,5,50,4.9805,4.99734
r640x400,640,400,20260808_151001,ihawk1,25.0,2,Homography,5,0.016040000000000002,5,50,4.9805,4.99654
r640x400,640,400,20260808_151001,ihawk1,25.0,2,PnP,5,1.171788,5,50,4.9805,6.152288
r640x400,640,400,20260808_151001,ihawk1,25.0,3,Affine,5,0.016857999999999998,5,50,5.6484,5.665258
r640x400,640,400,20260808_151001,ihawk1,25.0,3,Homography,5,0.016132,5,50,5.6484,5.6645319999999995
r640x400,640,400,20260808_151001,ihawk1,25.0,3,PnP,5,1.26288,5,50,5.6484,6.91128
r640x400,640,400,20260808_151001,ihawk1,30.0,1,Affine,5,0.018126,5,50,6.0277,6.045826
r640x400,640,400,20260808_151001,ihawk1,30.0,1,Homography,5,0.016082,5,50,6.0277,6.043782
r640x400,640,400,20260808_151001,ihawk1,30.0,1,PnP,5,1.173842,5,50,6.0277,7.201542
r640x400,640,400,20260808_151001,ihawk1,30.0,2,Affine,5,0.017328,5,50,5.602,5.619328
r640x400,640,400,20260808_151001,ihawk1,30.0,2,Homography,5,0.016152,5,50,5.602,5.618152
r640x400,640,400,20260808_151001,ihawk1,30.0,2,PnP,5,1.866892,5,50,5.602,7.468892
r640x400,640,400,20260808_151001,ihawk1,30.0,3,Affine,5,0.01685,5,50,5.427,5.443849999999999
r640x400,640,400,20260808_151001,ihawk1,30.0,3,Homography,5,0.016096,5,50,5.427,5.443096
r640x400,640,400,20260808_151001,ihawk1,30.0,3,PnP,5,1.175288,5,50,5.427,6.602288
r640x400,640,400,20260808_151001,ihawk1,35.0,1,Affine,5,0.016752,5,50,7.0406,7.057352000000001
r640x400,640,400,20260808_151001,ihawk1,35.0,1,Homography,5,0.015993999999999998,5,50,7.0406,7.0565940000000005
r640x400,640,400,20260808_151001,ihawk1,35.0,1,PnP,5,1.177342,5,50,7.0406,8.217942
r640x400,640,400,20260808_151001,ihawk1,35.0,2,Affine,5,0.017782,5,50,6.597,6.614782000000001
r640x400,640,400,20260808_151001,ihawk1,35.0,2,Homography,5,0.016097999999999998,5,50,6.597,6.613098000000001
r640x400,640,400,20260808_151001,ihawk1,35.0,2,PnP,5,1.5526,5,50,6.597,8.1496
r640x400,640,400,20260808_151001,ihawk1,35.0,3,Affine,5,0.017122,5,50,6.7317,6.748822
r640x400,640,400,20260808_151001,ihawk1,35.0,3,Homography,5,0.016988,5,50,6.7317,6.748688
r640x400,640,400,20260808_151001,ihawk1,35.0,3,PnP,5,1.257958,5,50,6.7317,7.989658
r640x400,640,400,20260808_151001,ihawk1,40.0,1,Affine,5,0.023064,5,50,5.72,5.7430639999999995
r640x400,640,400,20260808_151001,ihawk1,40.0,1,Homography,5,0.018792,5,50,5.72,5.738792
r640x400,640,400,20260808_151001,ihawk1,40.0,1,PnP,5,1.403988,5,50,5.72,7.123988
r640x400,640,400,20260808_151001,ihawk1,40.0,2,Affine,5,0.017,5,50,6.9683,6.9853000000000005
r640x400,640,400,20260808_151001,ihawk1,40.0,2,Homography,5,0.016954,5,50,6.9683,6.985254
r640x400,640,400,20260808_151001,ihawk1,40.0,2,PnP,5,1.3044419999999999,5,50,6.9683,8.272742000000001
r640x400,640,400,20260808_151001,ihawk1,40.0,3,Affine,5,0.016982,5,50,5.2775,5.2944819999999995
r640x400,640,400,20260808_151001,ihawk1,40.0,3,Homography,5,0.016196,5,50,5.2775,5.293696
r640x400,640,400,20260808_151001,ihawk1,40.0,3,PnP,5,1.4496619999999998,5,50,5.2775,6.727162
r640x400,640,400,20260808_151001,ihawk1,45.0,1,Affine,5,0.01677,5,50,5.2935,5.31027
r640x400,640,400,20260808_151001,ihawk1,45.0,1,Homography,5,0.016152,5,50,5.2935,5.309652
r640x400,640,400,20260808_151001,ihawk1,45.0,1,PnP,5,1.363448,5,50,5.2935,6.656948
r640x400,640,400,20260808_151001,ihawk1,45.0,2,Affine,5,0.019348,5,50,5.1283,5.147648
r640x400,640,400,20260808_151001,ihawk1,45.0,2,Homography,5,0.01601,5,50,5.1283,5.14431
r640x400,640,400,20260808_151001,ihawk1,45.0,2,PnP,5,1.239556,5,50,5.1283,6.367856000000001
r640x400,640,400,20260808_151001,ihawk1,45.0,3,Affine,5,0.017194,5,50,4.809,4.826194
r640x400,640,400,20260808_151001,ihawk1,45.0,3,Homography,5,0.021234000000000003,5,50,4.809,4.830234
r640x400,640,400,20260808_151001,ihawk1,45.0,3,PnP,5,1.4206,5,50,4.809,6.2296000000000005
r640x400,640,400,20260808_151001,ihawk1,50.0,1,Affine,5,0.016923999999999998,5,50,6.5468,6.563724000000001
r640x400,640,400,20260808_151001,ihawk1,50.0,1,Homography,5,0.016908,5,50,6.5468,6.563708
r640x400,640,400,20260808_151001,ihawk1,50.0,1,PnP,5,1.770812,5,50,6.5468,8.317612
r640x400,640,400,20260808_151001,ihawk1,50.0,2,Affine,5,0.01684,5,50,6.2578,6.27464
r640x400,640,400,20260808_151001,ihawk1,50.0,2,Homography,5,0.016,5,50,6.2578,6.2738
r640x400,640,400,20260808_151001,ihawk1,50.0,2,PnP,5,1.7023400000000002,5,50,6.2578,7.96014
r640x400,640,400,20260808_151001,ihawk1,50.0,3,Affine,5,0.016746,5,50,7.3232,7.339946
r640x400,640,400,20260808_151001,ihawk1,50.0,3,Homography,5,0.016144000000000002,5,50,7.3232,7.339344
r640x400,640,400,20260808_151001,ihawk1,50.0,3,PnP,5,1.484604,5,50,7.3232,8.807804
r640x400,640,400,20260808_151001,ihawk2,0.0,1,Affine,5,0.016766,5,50,5.0131,5.029865999999999
r640x400,640,400,20260808_151001,ihawk2,0.0,1,Homography,5,0.015976,5,50,5.0131,5.029076
r640x400,640,400,20260808_151001,ihawk2,0.0,1,PnP,5,1.192366,5,50,5.0131,6.2054659999999995
r640x400,640,400,20260808_151001,ihawk2,0.0,2,Affine,5,0.018422,5,50,5.4324,5.4508220000000005
r640x400,640,400,20260808_151001,ihawk2,0.0,2,Homography,5,0.016064000000000002,5,50,5.4324,5.448464
r640x400,640,400,20260808_151001,ihawk2,0.0,2,PnP,5,1.184382,5,50,5.4324,6.616782000000001
r640x400,640,400,20260808_151001,ihawk2,0.0,3,Affine,5,0.016706000000000002,5,50,4.7357,4.752406
r640x400,640,400,20260808_151001,ihawk2,0.0,3,Homography,5,0.016248,5,50,4.7357,4.751948
r640x400,640,400,20260808_151001,ihawk2,0.0,3,PnP,5,1.154212,5,50,4.7357,5.889912
r640x400,640,400,20260808_151001,ihawk2,5.0,1,Affine,5,0.017206,5,50,4.252,4.269206
r640x400,640,400,20260808_151001,ihawk2,5.0,1,Homography,5,0.016662,5,50,4.252,4.268662
r640x400,640,400,20260808_151001,ihawk2,5.0,1,PnP,5,1.2039199999999999,5,50,4.252,5.45592
r640x400,640,400,20260808_151001,ihawk2,5.0,2,Affine,5,0.016768,5,50,6.4598,6.476568
r640x400,640,400,20260808_151001,ihawk2,5.0,2,Homography,5,0.020876000000000002,5,50,6.4598,6.480676000000001
r640x400,640,400,20260808_151001,ihawk2,5.0,2,PnP,5,1.2619259999999999,5,50,6.4598,7.721726
r640x400,640,400,20260808_151001,ihawk2,5.0,3,Affine,5,0.017956,5,50,6.31,6.3279559999999995
r640x400,640,400,20260808_151001,ihawk2,5.0,3,Homography,5,0.016176,5,50,6.31,6.326175999999999
r640x400,640,400,20260808_151001,ihawk2,5.0,3,PnP,5,1.11775,5,50,6.31,7.42775
r640x400,640,400,20260808_151001,ihawk2,10.0,1,Affine,5,0.016726,5,50,5.2115,5.228226
r640x400,640,400,20260808_151001,ihawk2,10.0,1,Homography,5,0.015992,5,50,5.2115,5.227492
r640x400,640,400,20260808_151001,ihawk2,10.0,1,PnP,5,1.194596,5,50,5.2115,6.406096
r640x400,640,400,20260808_151001,ihawk2,10.0,2,Affine,5,0.016756,5,50,4.3994,4.416156
r640x400,640,400,20260808_151001,ihawk2,10.0,2,Homography,5,0.016038,5,50,4.3994,4.415438
r640x400,640,400,20260808_151001,ihawk2,10.0,2,PnP,5,1.132174,5,50,4.3994,5.531574
r640x400,640,400,20260808_151001,ihawk2,10.0,3,Affine,5,0.017954,5,50,5.4814,5.499353999999999
r640x400,640,400,20260808_151001,ihawk2,10.0,3,Homography,5,0.016502,5,50,5.4814,5.497902
r640x400,640,400,20260808_151001,ihawk2,10.0,3,PnP,5,1.1666759999999998,5,50,5.4814,6.648076
r640x400,640,400,20260808_151001,ihawk2,15.0,1,Affine,5,0.022597999999999997,5,50,6.0209,6.0434980000000005
r640x400,640,400,20260808_151001,ihawk2,15.0,1,Homography,5,0.018526,5,50,6.0209,6.039426
r640x400,640,400,20260808_151001,ihawk2,15.0,1,PnP,5,1.14798,5,50,6.0209,7.16888
r640x400,640,400,20260808_151001,ihawk2,15.0,2,Affine,5,0.016816,5,50,4.7171,4.733916000000001
r640x400,640,400,20260808_151001,ihawk2,15.0,2,Homography,5,0.016048,5,50,4.7171,4.733148
r640x400,640,400,20260808_151001,ihawk2,15.0,2,PnP,5,1.229886,5,50,4.7171,5.946986000000001
r640x400,640,400,20260808_151001,ihawk2,15.0,3,Affine,5,0.02741,5,50,4.8277,4.85511
r640x400,640,400,20260808_151001,ihawk2,15.0,3,Homography,5,0.027488000000000002,5,50,4.8277,4.855188
r640x400,640,400,20260808_151001,ihawk2,15.0,3,PnP,5,1.24136,5,50,4.8277,6.06906
r640x400,640,400,20260808_151001,ihawk2,20.0,1,Affine,5,0.017626,5,50,5.0686,5.086226
r640x400,640,400,20260808_151001,ihawk2,20.0,1,Homography,5,0.016024,5,50,5.0686,5.084624
r640x400,640,400,20260808_151001,ihawk2,20.0,1,PnP,5,1.569632,5,50,5.0686,6.638232
r640x400,640,400,20260808_151001,ihawk2,20.0,2,Affine,5,0.01678,5,50,4.5181,4.534879999999999
r640x400,640,400,20260808_151001,ihawk2,20.0,2,Homography,5,0.016052,5,50,4.5181,4.534152
r640x400,640,400,20260808_151001,ihawk2,20.0,2,PnP,5,1.144166,5,50,4.5181,5.662266
r640x400,640,400,20260808_151001,ihawk2,20.0,3,Affine,5,0.017196,5,50,4.6845,4.701696
r640x400,640,400,20260808_151001,ihawk2,20.0,3,Homography,5,0.016118,5,50,4.6845,4.7006179999999995
r640x400,640,400,20260808_151001,ihawk2,20.0,3,PnP,5,1.1711239999999998,5,50,4.6845,5.855624
r640x400,640,400,20260808_151001,ihawk2,25.0,1,Affine,5,0.016728,5,50,5.007,5.023727999999999
r640x400,640,400,20260808_151001,ihawk2,25.0,1,Homography,5,0.016022,5,50,5.007,5.023022
r640x400,640,400,20260808_151001,ihawk2,25.0,1,PnP,5,1.14167,5,50,5.007,6.148669999999999
r640x400,640,400,20260808_151001,ihawk2,25.0,2,Affine,5,0.016786000000000002,5,50,4.9996,5.016386
r640x400,640,400,20260808_151001,ihawk2,25.0,2,Homography,5,0.016026,5,50,4.9996,5.015626
r640x400,640,400,20260808_151001,ihawk2,25.0,2,PnP,5,1.5716720000000002,5,50,4.9996,6.5712720000000004
r640x400,640,400,20260808_151001,ihawk2,25.0,3,Affine,5,0.016906,5,50,4.9976,5.014506
r640x400,640,400,20260808_151001,ihawk2,25.0,3,Homography,5,0.016118,5,50,4.9976,5.013718
r640x400,640,400,20260808_151001,ihawk2,25.0,3,PnP,5,1.4672980000000002,5,50,4.9976,6.464898000000001
r640x400,640,400,20260808_151001,ihawk2,30.0,1,Affine,5,0.016715999999999998,5,50,5.486,5.5027159999999995
r640x400,640,400,20260808_151001,ihawk2,30.0,1,Homography,5,0.016198,5,50,5.486,5.502198
r640x400,640,400,20260808_151001,ihawk2,30.0,1,PnP,5,1.146876,5,50,5.486,6.6328759999999996
r640x400,640,400,20260808_151001,ihawk2,30.0,2,Affine,5,0.016782,5,50,4.3384,4.355182
r640x400,640,400,20260808_151001,ihawk2,30.0,2,Homography,5,0.016156,5,50,4.3384,4.354556
r640x400,640,400,20260808_151001,ihawk2,30.0,2,PnP,5,1.116854,5,50,4.3384,5.455254
r640x400,640,400,20260808_151001,ihawk2,30.0,3,Affine,5,0.023664,5,50,5.763,5.786664
r640x400,640,400,20260808_151001,ihawk2,30.0,3,Homography,5,0.016124,5,50,5.763,5.7791239999999995
r640x400,640,400,20260808_151001,ihawk2,30.0,3,PnP,5,1.28072,5,50,5.763,7.04372
r640x400,640,400,20260808_151001,ihawk2,35.0,1,Affine,5,0.016739999999999998,5,50,5.0015,5.0182400000000005
r640x400,640,400,20260808_151001,ihawk2,35.0,1,Homography,5,0.016017999999999998,5,50,5.0015,5.017518
r640x400,640,400,20260808_151001,ihawk2,35.0,1,PnP,5,1.1209879999999999,5,50,5.0015,6.122488
r640x400,640,400,20260808_151001,ihawk2,35.0,2,Affine,5,0.017046,5,50,6.6178,6.634846
r640x400,640,400,20260808_151001,ihawk2,35.0,2,Homography,5,0.016106,5,50,6.6178,6.633906
r640x400,640,400,20260808_151001,ihawk2,35.0,2,PnP,5,1.10376,5,50,6.6178,7.72156
r640x400,640,400,20260808_151001,ihawk2,35.0,3,Affine,5,0.016763999999999998,5,50,6.9528,6.969564
r640x400,640,400,20260808_151001,ihawk2,35.0,3,Homography,5,0.016146,5,50,6.9528,6.968946
r640x400,640,400,20260808_151001,ihawk2,35.0,3,PnP,5,1.169252,5,50,6.9528,8.122052
r640x400,640,400,20260808_151001,ihawk2,40.0,1,Affine,5,0.016778,5,50,6.7794,6.796178
r640x400,640,400,20260808_151001,ihawk2,40.0,1,Homography,5,0.016022,5,50,6.7794,6.795422
r640x400,640,400,20260808_151001,ihawk2,40.0,1,PnP,5,1.148198,5,50,6.7794,7.927598
r640x400,640,400,20260808_151001,ihawk2,40.0,2,Affine,5,0.016746,5,50,6.7217,6.738446000000001
r640x400,640,400,20260808_151001,ihawk2,40.0,2,Homography,5,0.015992,5,50,6.7217,6.737692
r640x400,640,400,20260808_151001,ihawk2,40.0,2,PnP,5,1.141928,5,50,6.7217,7.863628
r640x400,640,400,20260808_151001,ihawk2,40.0,3,Affine,5,0.025287999999999998,5,50,5.6624,5.687688
r640x400,640,400,20260808_151001,ihawk2,40.0,3,Homography,5,0.016022,5,50,5.6624,5.678422
r640x400,640,400,20260808_151001,ihawk2,40.0,3,PnP,5,1.1052760000000001,5,50,5.6624,6.767676
r640x400,640,400,20260808_151001,ihawk2,45.0,1,Affine,5,0.016826,5,50,5.8205,5.837326
r640x400,640,400,20260808_151001,ihawk2,45.0,1,Homography,5,0.016162,5,50,5.8205,5.836662
r640x400,640,400,20260808_151001,ihawk2,45.0,1,PnP,5,1.1559059999999999,5,50,5.8205,6.976406
r640x400,640,400,20260808_151001,ihawk2,45.0,2,Affine,5,0.016814,5,50,5.3557,5.372514
r640x400,640,400,20260808_151001,ihawk2,45.0,2,Homography,5,0.016035999999999998,5,50,5.3557,5.371735999999999
r640x400,640,400,20260808_151001,ihawk2,45.0,2,PnP,5,1.135346,5,50,5.3557,6.491046
r640x400,640,400,20260808_151001,ihawk2,45.0,3,Affine,5,0.016958,5,50,5.2254,5.242357999999999
r640x400,640,400,20260808_151001,ihawk2,45.0,3,Homography,5,0.018348,5,50,5.2254,5.243747999999999
r640x400,640,400,20260808_151001,ihawk2,45.0,3,PnP,5,1.3832980000000001,5,50,5.2254,6.6086979999999995
r640x400,640,400,20260808_151001,ihawk2,50.0,1,Affine,5,0.018306,5,50,6.0694,6.087706
r640x400,640,400,20260808_151001,ihawk2,50.0,1,Homography,5,0.016466,5,50,6.0694,6.085866
r640x400,640,400,20260808_151001,ihawk2,50.0,1,PnP,5,1.136114,5,50,6.0694,7.205514
r640x400,640,400,20260808_151001,ihawk2,50.0,2,Affine,5,0.017636,5,50,4.5601,4.577736000000001
r640x400,640,400,20260808_151001,ihawk2,50.0,2,Homography,5,0.017390000000000003,5,50,4.5601,4.57749
r640x400,640,400,20260808_151001,ihawk2,50.0,2,PnP,5,1.153106,5,50,4.5601,5.7132060000000005
r640x400,640,400,20260808_151001,ihawk2,50.0,3,Affine,5,0.018588,5,50,4.1454,4.163988000000001
r640x400,640,400,20260808_151001,ihawk2,50.0,3,Homography,5,0.01616,5,50,4.1454,4.161560000000001
r640x400,640,400,20260808_151001,ihawk2,50.0,3,PnP,5,1.34028,5,50,4.1454,5.48568
r640x400,640,400,20260808_162715,ihawk1,0.0,1,Affine,5,0.01719,5,50,5.2958,5.31299
r640x400,640,400,20260808_162715,ihawk1,0.0,1,Homography,5,0.016552,5,50,5.2958,5.312352
r640x400,640,400,20260808_162715,ihawk1,0.0,1,PnP,5,1.174802,5,50,5.2958,6.4706019999999995
r640x400,640,400,20260808_162715,ihawk1,0.0,2,Affine,5,0.016732,5,50,5.7825,5.799232
r640x400,640,400,20260808_162715,ihawk1,0.0,2,Homography,5,0.016052,5,50,5.7825,5.798552
r640x400,640,400,20260808_162715,ihawk1,0.0,2,PnP,5,1.169328,5,50,5.7825,6.951828
r640x400,640,400,20260808_162715,ihawk1,0.0,3,Affine,5,0.016782,5,50,6.1227,6.139482
r640x400,640,400,20260808_162715,ihawk1,0.0,3,Homography,5,0.016096,5,50,6.1227,6.138796
r640x400,640,400,20260808_162715,ihawk1,0.0,3,PnP,5,1.163008,5,50,6.1227,7.285708
r640x400,640,400,20260808_162715,ihawk1,5.0,1,Affine,5,0.020346000000000003,5,50,5.9789,5.999246
r640x400,640,400,20260808_162715,ihawk1,5.0,1,Homography,5,0.016204,5,50,5.9789,5.995104
r640x400,640,400,20260808_162715,ihawk1,5.0,1,PnP,5,1.258494,5,50,5.9789,7.237394
r640x400,640,400,20260808_162715,ihawk1,5.0,2,Affine,5,0.018322,5,50,5.855,5.873322000000001
r640x400,640,400,20260808_162715,ihawk1,5.0,2,Homography,5,0.016295999999999998,5,50,5.855,5.871296
r640x400,640,400,20260808_162715,ihawk1,5.0,2,PnP,5,1.542054,5,50,5.855,7.397054000000001
r640x400,640,400,20260808_162715,ihawk1,5.0,3,Affine,5,0.017432,5,50,5.1569,5.174332000000001
r640x400,640,400,20260808_162715,ihawk1,5.0,3,Homography,5,0.016512,5,50,5.1569,5.173412
r640x400,640,400,20260808_162715,ihawk1,5.0,3,PnP,5,1.2360280000000001,5,50,5.1569,6.392928
r640x400,640,400,20260808_162715,ihawk1,10.0,1,Affine,5,0.016772,5,50,5.777,5.793772
r640x400,640,400,20260808_162715,ihawk1,10.0,1,Homography,5,0.016082,5,50,5.777,5.793082
r640x400,640,400,20260808_162715,ihawk1,10.0,1,PnP,5,1.215672,5,50,5.777,6.992672000000001
r640x400,640,400,20260808_162715,ihawk1,10.0,2,Affine,5,0.016932,5,50,6.0937,6.110632
r640x400,640,400,20260808_162715,ihawk1,10.0,2,Homography,5,0.016586,5,50,6.0937,6.110286
r640x400,640,400,20260808_162715,ihawk1,10.0,2,PnP,5,1.163208,5,50,6.0937,7.256908
r640x400,640,400,20260808_162715,ihawk1,10.0,3,Affine,5,0.016878,5,50,5.9494,5.966278
r640x400,640,400,20260808_162715,ihawk1,10.0,3,Homography,5,0.016112,5,50,5.9494,5.9655119999999995
r640x400,640,400,20260808_162715,ihawk1,10.0,3,PnP,5,1.198512,5,50,5.9494,7.147912
r640x400,640,400,20260808_162715,ihawk1,15.0,1,Affine,5,0.017272,5,50,5.3009,5.318172000000001
r640x400,640,400,20260808_162715,ihawk1,15.0,1,Homography,5,0.016122,5,50,5.3009,5.317022000000001
r640x400,640,400,20260808_162715,ihawk1,15.0,1,PnP,5,1.5989840000000002,5,50,5.3009,6.899884
r640x400,640,400,20260808_162715,ihawk1,15.0,2,Affine,5,0.017286,5,50,5.4552,5.472486
r640x400,640,400,20260808_162715,ihawk1,15.0,2,Homography,5,0.01603,5,50,5.4552,5.471229999999999
r640x400,640,400,20260808_162715,ihawk1,15.0,2,PnP,5,1.25238,5,50,5.4552,6.70758
r640x400,640,400,20260808_162715,ihawk1,15.0,3,Affine,5,0.016782,5,50,5.5776,5.594382
r640x400,640,400,20260808_162715,ihawk1,15.0,3,Homography,5,0.021884,5,50,5.5776,5.599484
r640x400,640,400,20260808_162715,ihawk1,15.0,3,PnP,5,1.200114,5,50,5.5776,6.7777140000000005
r640x400,640,400,20260808_162715,ihawk1,20.0,1,Affine,5,0.016862,5,50,5.3803,5.397162
r640x400,640,400,20260808_162715,ihawk1,20.0,1,Homography,5,0.016024,5,50,5.3803,5.396324
r640x400,640,400,20260808_162715,ihawk1,20.0,1,PnP,5,1.130072,5,50,5.3803,6.510372
r640x400,640,400,20260808_162715,ihawk1,20.0,2,Affine,5,0.016794,5,50,5.6486,5.665394
r640x400,640,400,20260808_162715,ihawk1,20.0,2,Homography,5,0.01607,5,50,5.6486,5.66467
r640x400,640,400,20260808_162715,ihawk1,20.0,2,PnP,5,1.124608,5,50,5.6486,6.773208
r640x400,640,400,20260808_162715,ihawk1,20.0,3,Affine,5,0.017044,5,50,5.5374,5.554444
r640x400,640,400,20260808_162715,ihawk1,20.0,3,Homography,5,0.016146,5,50,5.5374,5.553546
r640x400,640,400,20260808_162715,ihawk1,20.0,3,PnP,5,1.12953,5,50,5.5374,6.66693
r640x400,640,400,20260808_162715,ihawk1,25.0,1,Affine,5,0.016662,5,50,5.9875,6.004162
r640x400,640,400,20260808_162715,ihawk1,25.0,1,Homography,5,0.016058,5,50,5.9875,6.003558
r640x400,640,400,20260808_162715,ihawk1,25.0,1,PnP,5,1.646916,5,50,5.9875,7.634416
r640x400,640,400,20260808_162715,ihawk1,25.0,2,Affine,5,0.016784,5,50,5.9256,5.9423840000000006
r640x400,640,400,20260808_162715,ihawk1,25.0,2,Homography,5,0.016042,5,50,5.9256,5.941642
r640x400,640,400,20260808_162715,ihawk1,25.0,2,PnP,5,1.9918799999999999,5,50,5.9256,7.91748
r640x400,640,400,20260808_162715,ihawk1,25.0,3,Affine,5,0.01766,5,50,6.2241,6.24176
r640x400,640,400,20260808_162715,ihawk1,25.0,3,Homography,5,0.016256,5,50,6.2241,6.240356
r640x400,640,400,20260808_162715,ihawk1,25.0,3,PnP,5,1.517568,5,50,6.2241,7.741668
r640x400,640,400,20260808_162715,ihawk1,30.0,1,Affine,5,0.017656,5,50,5.0306,5.048255999999999
r640x400,640,400,20260808_162715,ihawk1,30.0,1,Homography,5,0.017756,5,50,5.0306,5.048356
r640x400,640,400,20260808_162715,ihawk1,30.0,1,PnP,5,1.243502,5,50,5.0306,6.274102
r640x400,640,400,20260808_162715,ihawk1,30.0,2,Affine,5,0.017920000000000002,5,50,5.9911,6.0090200000000005
r640x400,640,400,20260808_162715,ihawk1,30.0,2,Homography,5,0.019101999999999997,5,50,5.9911,6.0102020000000005
r640x400,640,400,20260808_162715,ihawk1,30.0,2,PnP,5,1.3699219999999999,5,50,5.9911,7.361022
r640x400,640,400,20260808_162715,ihawk1,30.0,3,Affine,5,0.018133999999999997,5,50,5.6657,5.683834
r640x400,640,400,20260808_162715,ihawk1,30.0,3,Homography,5,0.017664,5,50,5.6657,5.683364
r640x400,640,400,20260808_162715,ihawk1,30.0,3,PnP,5,1.31599,5,50,5.6657,6.98169
r640x400,640,400,20260808_162715,ihawk1,35.0,1,Affine,5,0.017245999999999997,5,50,5.4865,5.5037460000000005
r640x400,640,400,20260808_162715,ihawk1,35.0,1,Homography,5,0.016114,5,50,5.4865,5.502614
r640x400,640,400,20260808_162715,ihawk1,35.0,1,PnP,5,1.653036,5,50,5.4865,7.1395360000000005
r640x400,640,400,20260808_162715,ihawk1,35.0,2,Affine,5,0.018376,5,50,5.3677,5.386076
r640x400,640,400,20260808_162715,ihawk1,35.0,2,Homography,5,0.018926000000000002,5,50,5.3677,5.386626000000001
r640x400,640,400,20260808_162715,ihawk1,35.0,2,PnP,5,1.4725059999999999,5,50,5.3677,6.840206
r640x400,640,400,20260808_162715,ihawk1,35.0,3,Affine,5,0.01756,5,50,5.1184,5.13596
r640x400,640,400,20260808_162715,ihawk1,35.0,3,Homography,5,0.01768,5,50,5.1184,5.136080000000001
r640x400,640,400,20260808_162715,ihawk1,35.0,3,PnP,5,1.415376,5,50,5.1184,6.5337760000000005
r640x400,640,400,20260808_162715,ihawk1,40.0,1,Affine,5,0.01747,5,50,4.9922,5.009670000000001
r640x400,640,400,20260808_162715,ihawk1,40.0,1,Homography,5,0.017482,5,50,4.9922,5.009682000000001
r640x400,640,400,20260808_162715,ihawk1,40.0,1,PnP,5,1.393188,5,50,4.9922,6.385388000000001
r640x400,640,400,20260808_162715,ihawk1,40.0,2,Affine,5,0.01696,5,50,5.3018,5.31876
r640x400,640,400,20260808_162715,ihawk1,40.0,2,Homography,5,0.016032,5,50,5.3018,5.317832
r640x400,640,400,20260808_162715,ihawk1,40.0,2,PnP,5,1.534368,5,50,5.3018,6.836168
r640x400,640,400,20260808_162715,ihawk1,40.0,3,Affine,5,0.018986,5,50,6.312,6.330986
r640x400,640,400,20260808_162715,ihawk1,40.0,3,Homography,5,0.016044,5,50,6.312,6.328044
r640x400,640,400,20260808_162715,ihawk1,40.0,3,PnP,5,1.121588,5,50,6.312,7.433588
r640x400,640,400,20260808_162715,ihawk1,45.0,1,Affine,5,0.016936,5,50,5.6529,5.669836
r640x400,640,400,20260808_162715,ihawk1,45.0,1,Homography,5,0.016196,5,50,5.6529,5.669096
r640x400,640,400,20260808_162715,ihawk1,45.0,1,PnP,5,1.18032,5,50,5.6529,6.83322
r640x400,640,400,20260808_162715,ihawk1,45.0,2,Affine,5,0.01677,5,50,5.5288,5.5455700000000006
r640x400,640,400,20260808_162715,ihawk1,45.0,2,Homography,5,0.016120000000000002,5,50,5.5288,5.54492
r640x400,640,400,20260808_162715,ihawk1,45.0,2,PnP,5,1.21267,5,50,5.5288,6.7414700000000005
r640x400,640,400,20260808_162715,ihawk1,45.0,3,Affine,5,0.01691,5,50,5.4661,5.48301
r640x400,640,400,20260808_162715,ihawk1,45.0,3,Homography,5,0.016242,5,50,5.4661,5.482342
r640x400,640,400,20260808_162715,ihawk1,45.0,3,PnP,5,1.16645,5,50,5.4661,6.63255
r640x400,640,400,20260808_162715,ihawk1,50.0,1,Affine,5,0.017230000000000002,5,50,5.6936,5.71083
r640x400,640,400,20260808_162715,ihawk1,50.0,1,Homography,5,0.01611,5,50,5.6936,5.70971
r640x400,640,400,20260808_162715,ihawk1,50.0,1,PnP,5,1.205118,5,50,5.6936,6.898718
r640x400,640,400,20260808_162715,ihawk1,50.0,2,Affine,5,0.016676,5,50,5.2498,5.266476
r640x400,640,400,20260808_162715,ihawk1,50.0,2,Homography,5,0.016012,5,50,5.2498,5.2658119999999995
r640x400,640,400,20260808_162715,ihawk1,50.0,2,PnP,5,1.21373,5,50,5.2498,6.4635299999999996
r640x400,640,400,20260808_162715,ihawk1,50.0,3,Affine,5,0.016801999999999997,5,50,4.9412,4.9580020000000005
r640x400,640,400,20260808_162715,ihawk1,50.0,3,Homography,5,0.016046,5,50,4.9412,4.9572460000000005
r640x400,640,400,20260808_162715,ihawk1,50.0,3,PnP,5,1.198126,5,50,4.9412,6.1393260000000005
r640x400,640,400,20260808_162715,ihawk2,0.0,1,Affine,5,0.016726,5,50,4.076,4.092726
r640x400,640,400,20260808_162715,ihawk2,0.0,1,Homography,5,0.016116,5,50,4.076,4.092116
r640x400,640,400,20260808_162715,ihawk2,0.0,1,PnP,5,1.2444979999999999,5,50,4.076,5.320498
r640x400,640,400,20260808_162715,ihawk2,0.0,2,Affine,5,0.016768,5,50,4.8455,4.862268
r640x400,640,400,20260808_162715,ihawk2,0.0,2,Homography,5,0.016262000000000002,5,50,4.8455,4.861762000000001
r640x400,640,400,20260808_162715,ihawk2,0.0,2,PnP,5,1.558658,5,50,4.8455,6.404158000000001
r640x400,640,400,20260808_162715,ihawk2,0.0,3,Affine,5,0.016857999999999998,5,50,4.1962,4.213058
r640x400,640,400,20260808_162715,ihawk2,0.0,3,Homography,5,0.016718,5,50,4.1962,4.212918
r640x400,640,400,20260808_162715,ihawk2,0.0,3,PnP,5,1.232854,5,50,4.1962,5.429054
r640x400,640,400,20260808_162715,ihawk2,5.0,1,Affine,5,0.016908,5,50,4.1644,4.181308
r640x400,640,400,20260808_162715,ihawk2,5.0,1,Homography,5,0.017862,5,50,4.1644,4.182262
r640x400,640,400,20260808_162715,ihawk2,5.0,1,PnP,5,1.4835800000000001,5,50,4.1644,5.64798
r640x400,640,400,20260808_162715,ihawk2,5.0,2,Affine,5,0.016814,5,50,4.2118,4.228614
r640x400,640,400,20260808_162715,ihawk2,5.0,2,Homography,5,0.018009999999999998,5,50,4.2118,4.2298100000000005
r640x400,640,400,20260808_162715,ihawk2,5.0,2,PnP,5,1.2423359999999999,5,50,4.2118,5.454136
r640x400,640,400,20260808_162715,ihawk2,5.0,3,Affine,5,0.016814,5,50,4.4397,4.456514
r640x400,640,400,20260808_162715,ihawk2,5.0,3,Homography,5,0.016102,5,50,4.4397,4.455802
r640x400,640,400,20260808_162715,ihawk2,5.0,3,PnP,5,1.207404,5,50,4.4397,5.647104000000001
r640x400,640,400,20260808_162715,ihawk2,10.0,1,Affine,5,0.016819999999999998,5,50,4.8358,4.85262
r640x400,640,400,20260808_162715,ihawk2,10.0,1,Homography,5,0.016054,5,50,4.8358,4.8518539999999994
r640x400,640,400,20260808_162715,ihawk2,10.0,1,PnP,5,1.17764,5,50,4.8358,6.01344
r640x400,640,400,20260808_162715,ihawk2,10.0,2,Affine,5,0.016874,5,50,4.9462,4.963074
r640x400,640,400,20260808_162715,ihawk2,10.0,2,Homography,5,0.01755,5,50,4.9462,4.96375
r640x400,640,400,20260808_162715,ihawk2,10.0,2,PnP,5,1.147096,5,50,4.9462,6.0932960000000005
r640x400,640,400,20260808_162715,ihawk2,10.0,3,Affine,5,0.016706000000000002,5,50,4.8609,4.877606
r640x400,640,400,20260808_162715,ihawk2,10.0,3,Homography,5,0.016052,5,50,4.8609,4.876952
r640x400,640,400,20260808_162715,ihawk2,10.0,3,PnP,5,1.154638,5,50,4.8609,6.015538
r640x400,640,400,20260808_162715,ihawk2,15.0,1,Affine,5,0.01683,5,50,4.4912,4.50803
r640x400,640,400,20260808_162715,ihawk2,15.0,1,Homography,5,0.016073999999999998,5,50,4.4912,4.507274
r640x400,640,400,20260808_162715,ihawk2,15.0,1,PnP,5,1.140606,5,50,4.4912,5.631806
r640x400,640,400,20260808_162715,ihawk2,15.0,2,Affine,5,0.016812,5,50,5.0082,5.025012
r640x400,640,400,20260808_162715,ihawk2,15.0,2,Homography,5,0.016097999999999998,5,50,5.0082,5.024298000000001
r640x400,640,400,20260808_162715,ihawk2,15.0,2,PnP,5,1.454738,5,50,5.0082,6.462938
r640x400,640,400,20260808_162715,ihawk2,15.0,3,Affine,5,0.016788,5,50,4.4492,4.465988
r640x400,640,400,20260808_162715,ihawk2,15.0,3,Homography,5,0.016035999999999998,5,50,4.4492,4.465236
r640x400,640,400,20260808_162715,ihawk2,15.0,3,PnP,5,1.2663339999999998,5,50,4.4492,5.715534
r640x400,640,400,20260808_162715,ihawk2,20.0,1,Affine,5,0.01692,5,50,4.8023,4.81922
r640x400,640,400,20260808_162715,ihawk2,20.0,1,Homography,5,0.015982,5,50,4.8023,4.818282
r640x400,640,400,20260808_162715,ihawk2,20.0,1,PnP,5,1.172606,5,50,4.8023,5.974906
r640x400,640,400,20260808_162715,ihawk2,20.0,2,Affine,5,0.017811999999999998,5,50,4.3116,4.3294120000000005
r640x400,640,400,20260808_162715,ihawk2,20.0,2,Homography,5,0.016452,5,50,4.3116,4.3280520000000005
r640x400,640,400,20260808_162715,ihawk2,20.0,2,PnP,5,1.296854,5,50,4.3116,5.608454
r640x400,640,400,20260808_162715,ihawk2,20.0,3,Affine,5,0.027347999999999997,5,50,4.2649,4.292248
r640x400,640,400,20260808_162715,ihawk2,20.0,3,Homography,5,0.026396000000000003,5,50,4.2649,4.291296
r640x400,640,400,20260808_162715,ihawk2,20.0,3,PnP,5,1.56209,5,50,4.2649,5.82699
r640x400,640,400,20260808_162715,ihawk2,25.0,1,Affine,5,0.016918,5,50,4.6624,4.679318
r640x400,640,400,20260808_162715,ihawk2,25.0,1,Homography,5,0.01605,5,50,4.6624,4.67845
r640x400,640,400,20260808_162715,ihawk2,25.0,1,PnP,5,1.141484,5,50,4.6624,5.803884
r640x400,640,400,20260808_162715,ihawk2,25.0,2,Affine,5,0.016794,5,50,4.393,4.409794
r640x400,640,400,20260808_162715,ihawk2,25.0,2,Homography,5,0.01616,5,50,4.393,4.40916
r640x400,640,400,20260808_162715,ihawk2,25.0,2,PnP,5,1.131284,5,50,4.393,5.524284
r640x400,640,400,20260808_162715,ihawk2,25.0,3,Affine,5,0.016801999999999997,5,50,4.2721,4.288902
r640x400,640,400,20260808_162715,ihawk2,25.0,3,Homography,5,0.016038,5,50,4.2721,4.288138
r640x400,640,400,20260808_162715,ihawk2,25.0,3,PnP,5,1.15745,5,50,4.2721,5.42955
r640x400,640,400,20260808_162715,ihawk2,30.0,1,Affine,5,0.016818,5,50,4.5055,4.522317999999999
r640x400,640,400,20260808_162715,ihawk2,30.0,1,Homography,5,0.018654,5,50,4.5055,4.524153999999999
r640x400,640,400,20260808_162715,ihawk2,30.0,1,PnP,5,1.127686,5,50,4.5055,5.633185999999999
r640x400,640,400,20260808_162715,ihawk2,30.0,2,Affine,5,0.016756,5,50,4.2447,4.261456
r640x400,640,400,20260808_162715,ihawk2,30.0,2,Homography,5,0.01609,5,50,4.2447,4.26079
r640x400,640,400,20260808_162715,ihawk2,30.0,2,PnP,5,1.2444119999999999,5,50,4.2447,5.4891119999999995
r640x400,640,400,20260808_162715,ihawk2,30.0,3,Affine,5,0.01679,5,50,4.2195,4.23629
r640x400,640,400,20260808_162715,ihawk2,30.0,3,Homography,5,0.016073999999999998,5,50,4.2195,4.235574
r640x400,640,400,20260808_162715,ihawk2,30.0,3,PnP,5,1.188922,5,50,4.2195,5.408422
r640x400,640,400,20260808_162715,ihawk2,35.0,1,Affine,5,0.01701,5,50,4.1943,4.21131
r640x400,640,400,20260808_162715,ihawk2,35.0,1,Homography,5,0.016032,5,50,4.1943,4.210332
r640x400,640,400,20260808_162715,ihawk2,35.0,1,PnP,5,1.204936,5,50,4.1943,5.399236
r640x400,640,400,20260808_162715,ihawk2,35.0,2,Affine,5,0.016810000000000002,5,50,4.4952,4.51201
r640x400,640,400,20260808_162715,ihawk2,35.0,2,Homography,5,0.016102,5,50,4.4952,4.511302
r640x400,640,400,20260808_162715,ihawk2,35.0,2,PnP,5,1.293938,5,50,4.4952,5.7891379999999995
r640x400,640,400,20260808_162715,ihawk2,35.0,3,Affine,5,0.01817,5,50,4.3669,4.38507
r640x400,640,400,20260808_162715,ihawk2,35.0,3,Homography,5,0.02168,5,50,4.3669,4.38858
r640x400,640,400,20260808_162715,ihawk2,35.0,3,PnP,5,1.4617339999999999,5,50,4.3669,5.828634
r640x400,640,400,20260808_162715,ihawk2,40.0,1,Affine,5,0.016868,5,50,4.2169,4.2337679999999995
r640x400,640,400,20260808_162715,ihawk2,40.0,1,Homography,5,0.016176,5,50,4.2169,4.233076
r640x400,640,400,20260808_162715,ihawk2,40.0,1,PnP,5,1.3357839999999999,5,50,4.2169,5.552683999999999
r640x400,640,400,20260808_162715,ihawk2,40.0,2,Affine,5,0.016906,5,50,4.4212,4.438105999999999
r640x400,640,400,20260808_162715,ihawk2,40.0,2,Homography,5,0.017126,5,50,4.4212,4.438326
r640x400,640,400,20260808_162715,ihawk2,40.0,2,PnP,5,1.228604,5,50,4.4212,5.649804
r640x400,640,400,20260808_162715,ihawk2,40.0,3,Affine,5,0.016862,5,50,4.1059,4.122762
r640x400,640,400,20260808_162715,ihawk2,40.0,3,Homography,5,0.016092,5,50,4.1059,4.1219920000000005
r640x400,640,400,20260808_162715,ihawk2,40.0,3,PnP,5,1.2861859999999998,5,50,4.1059,5.392086
r640x400,640,400,20260808_162715,ihawk2,45.0,1,Affine,5,0.017164,5,50,4.4972,4.5143640000000005
r640x400,640,400,20260808_162715,ihawk2,45.0,1,Homography,5,0.016016,5,50,4.4972,4.513216
r640x400,640,400,20260808_162715,ihawk2,45.0,1,PnP,5,1.150484,5,50,4.4972,5.647684
r640x400,640,400,20260808_162715,ihawk2,45.0,2,Affine,5,0.016782,5,50,4.4047,4.421482
r640x400,640,400,20260808_162715,ihawk2,45.0,2,Homography,5,0.01611,5,50,4.4047,4.42081
r640x400,640,400,20260808_162715,ihawk2,45.0,2,PnP,5,1.1434220000000002,5,50,4.4047,5.548122
r640x400,640,400,20260808_162715,ihawk2,45.0,3,Affine,5,0.017086,5,50,4.8764,4.893486
r640x400,640,400,20260808_162715,ihawk2,45.0,3,Homography,5,0.016398,5,50,4.8764,4.892798
r640x400,640,400,20260808_162715,ihawk2,45.0,3,PnP,5,1.116468,5,50,4.8764,5.9928680000000005
r640x400,640,400,20260808_162715,ihawk2,50.0,1,Affine,5,0.016982,5,50,4.338,4.354982
r640x400,640,400,20260808_162715,ihawk2,50.0,1,Homography,5,0.016038,5,50,4.338,4.354038
r640x400,640,400,20260808_162715,ihawk2,50.0,1,PnP,5,1.132054,5,50,4.338,5.470054
r640x400,640,400,20260808_162715,ihawk2,50.0,2,Affine,5,0.016852,5,50,6.2859,6.302752
r640x400,640,400,20260808_162715,ihawk2,50.0,2,Homography,5,0.016174,5,50,6.2859,6.302074
r640x400,640,400,20260808_162715,ihawk2,50.0,2,PnP,5,1.1329900000000002,5,50,6.2859,7.41889
r640x400,640,400,20260808_162715,ihawk2,50.0,3,Affine,5,0.016886,5,50,4.5968,4.613686
r640x400,640,400,20260808_162715,ihawk2,50.0,3,Homography,5,0.016215999999999998,5,50,4.5968,4.613016
r640x400,640,400,20260808_162715,ihawk2,50.0,3,PnP,5,1.158508,5,50,4.5968,5.755308
r480x300,480,300,20260808_131913,ihawk1,0.0,1,Affine,5,0.017918,5,50,3.0615,3.079418
r480x300,480,300,20260808_131913,ihawk1,0.0,1,Homography,5,0.017366,5,50,3.0615,3.078866
r480x300,480,300,20260808_131913,ihawk1,0.0,1,PnP,5,1.9298359999999999,5,50,3.0615,4.991336
r480x300,480,300,20260808_131913,ihawk1,0.0,2,Affine,5,0.026238,5,50,2.9326,2.958838
r480x300,480,300,20260808_131913,ihawk1,0.0,2,Homography,5,0.017142,5,50,2.9326,2.949742
r480x300,480,300,20260808_131913,ihawk1,0.0,2,PnP,5,1.5197180000000001,5,50,2.9326,4.452318
r480x300,480,300,20260808_131913,ihawk1,0.0,3,Affine,5,0.016664,5,50,2.8944,2.911064
r480x300,480,300,20260808_131913,ihawk1,0.0,3,Homography,5,0.017036,5,50,2.8944,2.911436
r480x300,480,300,20260808_131913,ihawk1,0.0,3,PnP,5,1.418844,5,50,2.8944,4.313244
r480x300,480,300,20260808_131913,ihawk1,5.0,1,Affine,5,0.016786000000000002,5,50,3.0149,3.031686
r480x300,480,300,20260808_131913,ihawk1,5.0,1,Homography,5,0.01608,5,50,3.0149,3.03098
r480x300,480,300,20260808_131913,ihawk1,5.0,1,PnP,5,1.7601959999999999,5,50,3.0149,4.775096
r480x300,480,300,20260808_131913,ihawk1,5.0,2,Affine,5,0.016806,5,50,2.9807,2.997506
r480x300,480,300,20260808_131913,ihawk1,5.0,2,Homography,5,0.016112,5,50,2.9807,2.9968120000000003
r480x300,480,300,20260808_131913,ihawk1,5.0,2,PnP,5,1.7568279999999998,5,50,2.9807,4.737528
r480x300,480,300,20260808_131913,ihawk1,5.0,3,Affine,5,0.016715999999999998,5,50,2.9759,2.9926160000000004
r480x300,480,300,20260808_131913,ihawk1,5.0,3,Homography,5,0.016,5,50,2.9759,2.9919000000000002
r480x300,480,300,20260808_131913,ihawk1,5.0,3,PnP,5,1.767886,5,50,2.9759,4.743786
r480x300,480,300,20260808_131913,ihawk1,10.0,1,Affine,5,0.01675,5,50,3.021,3.03775
r480x300,480,300,20260808_131913,ihawk1,10.0,1,Homography,5,0.01688,5,50,3.021,3.03788
r480x300,480,300,20260808_131913,ihawk1,10.0,1,PnP,5,1.404594,5,50,3.021,4.425594
r480x300,480,300,20260808_131913,ihawk1,10.0,2,Affine,5,0.017018,5,50,3.0301,3.047118
r480x300,480,300,20260808_131913,ihawk1,10.0,2,Homography,5,0.016676,5,50,3.0301,3.046776
r480x300,480,300,20260808_131913,ihawk1,10.0,2,PnP,5,1.376636,5,50,3.0301,4.406736
r480x300,480,300,20260808_131913,ihawk1,10.0,3,Affine,5,0.016856,5,50,3.1807,3.197556
r480x300,480,300,20260808_131913,ihawk1,10.0,3,Homography,5,0.016066,5,50,3.1807,3.1967659999999998
r480x300,480,300,20260808_131913,ihawk1,10.0,3,PnP,5,1.260138,5,50,3.1807,4.440837999999999
r480x300,480,300,20260808_131913,ihawk1,15.0,1,Affine,5,0.016796,5,50,3.1225,3.139296
r480x300,480,300,20260808_131913,ihawk1,15.0,1,Homography,5,0.015998000000000002,5,50,3.1225,3.1384980000000002
r480x300,480,300,20260808_131913,ihawk1,15.0,1,PnP,5,1.725894,5,50,3.1225,4.848394
r480x300,480,300,20260808_131913,ihawk1,15.0,2,Affine,5,0.016778,5,50,3.207,3.223778
r480x300,480,300,20260808_131913,ihawk1,15.0,2,Homography,5,0.016118,5,50,3.207,3.223118
r480x300,480,300,20260808_131913,ihawk1,15.0,2,PnP,5,1.71842,5,50,3.207,4.92542
r480x300,480,300,20260808_131913,ihawk1,20.0,1,Affine,5,0.016856,5,50,3.0177,3.0345560000000003
r480x300,480,300,20260808_131913,ihawk1,20.0,1,Homography,5,0.016172,5,50,3.0177,3.033872
r480x300,480,300,20260808_131913,ihawk1,20.0,1,PnP,5,2.227118,5,50,3.0177,5.244818
r480x300,480,300,20260808_131913,ihawk1,20.0,3,Affine,5,0.01685,5,50,3.1226,3.1394499999999996
r480x300,480,300,20260808_131913,ihawk1,20.0,3,Homography,5,0.016134,5,50,3.1226,3.138734
r480x300,480,300,20260808_131913,ihawk1,20.0,3,PnP,5,2.08949,5,50,3.1226,5.21209
r480x300,480,300,20260808_131913,ihawk1,25.0,1,Affine,5,0.027522,5,50,3.3709,3.3984219999999996
r480x300,480,300,20260808_131913,ihawk1,25.0,1,Homography,5,0.026122,5,50,3.3709,3.3970219999999998
r480x300,480,300,20260808_131913,ihawk1,25.0,1,PnP,5,1.721992,5,50,3.3709,5.092892
r480x300,480,300,20260808_131913,ihawk1,25.0,2,Affine,5,0.016732,5,50,3.322,3.3387320000000003
r480x300,480,300,20260808_131913,ihawk1,25.0,2,Homography,5,0.022454000000000002,5,50,3.322,3.3444540000000003
r480x300,480,300,20260808_131913,ihawk1,25.0,2,PnP,5,1.447954,5,50,3.322,4.769954
r480x300,480,300,20260808_131913,ihawk1,25.0,3,Affine,5,0.016822,5,50,3.2187,3.235522
r480x300,480,300,20260808_131913,ihawk1,25.0,3,Homography,5,0.016002000000000002,5,50,3.2187,3.234702
r480x300,480,300,20260808_131913,ihawk1,25.0,3,PnP,5,1.3569319999999998,5,50,3.2187,4.575632
r480x300,480,300,20260808_131913,ihawk1,35.0,1,Affine,5,0.01686,5,50,3.1743,3.19116
r480x300,480,300,20260808_131913,ihawk1,35.0,1,Homography,5,0.019799999999999998,5,50,3.1743,3.1941
r480x300,480,300,20260808_131913,ihawk1,35.0,1,PnP,5,1.837636,5,50,3.1743,5.011936
r480x300,480,300,20260808_131913,ihawk1,35.0,2,Affine,5,0.01747,5,50,3.2039,3.22137
r480x300,480,300,20260808_131913,ihawk1,35.0,2,Homography,5,0.017106,5,50,3.2039,3.221006
r480x300,480,300,20260808_131913,ihawk1,35.0,2,PnP,5,1.590978,5,50,3.2039,4.794878
r480x300,480,300,20260808_131913,ihawk1,35.0,3,Affine,5,0.017126,5,50,3.1888,3.2059260000000003
r480x300,480,300,20260808_131913,ihawk1,35.0,3,Homography,5,0.016252,5,50,3.1888,3.2050520000000002
r480x300,480,300,20260808_131913,ihawk1,35.0,3,PnP,5,1.460234,5,50,3.1888,4.649034
r480x300,480,300,20260808_131913,ihawk1,45.0,1,Affine,5,0.01686,5,50,3.1635,3.18036
r480x300,480,300,20260808_131913,ihawk1,45.0,1,Homography,5,0.01615,5,50,3.1635,3.17965
r480x300,480,300,20260808_131913,ihawk1,45.0,1,PnP,5,1.407774,5,50,3.1635,4.571274
r480x300,480,300,20260808_131913,ihawk1,45.0,2,Affine,5,0.016814,5,50,3.121,3.137814
r480x300,480,300,20260808_131913,ihawk1,45.0,2,Homography,5,0.01625,5,50,3.121,3.13725
r480x300,480,300,20260808_131913,ihawk1,45.0,2,PnP,5,1.442874,5,50,3.121,4.563874
r480x300,480,300,20260808_131913,ihawk1,45.0,3,Affine,5,0.017098,5,50,3.1169,3.1339979999999996
r480x300,480,300,20260808_131913,ihawk1,45.0,3,Homography,5,0.018577999999999997,5,50,3.1169,3.135478
r480x300,480,300,20260808_131913,ihawk1,45.0,3,PnP,5,1.467574,5,50,3.1169,4.584474
r480x300,480,300,20260808_131913,ihawk1,50.0,1,Affine,5,0.018136,5,50,3.5668,3.5849360000000003
r480x300,480,300,20260808_131913,ihawk1,50.0,1,Homography,5,0.016046,5,50,3.5668,3.582846
r480x300,480,300,20260808_131913,ihawk1,50.0,1,PnP,5,1.467892,5,50,3.5668,5.034692
r480x300,480,300,20260808_131913,ihawk1,50.0,2,Affine,5,0.017322,5,50,3.1801,3.197422
r480x300,480,300,20260808_131913,ihawk1,50.0,2,Homography,5,0.016493999999999998,5,50,3.1801,3.1965939999999997
r480x300,480,300,20260808_131913,ihawk1,50.0,2,PnP,5,1.359792,5,50,3.1801,4.539892
r480x300,480,300,20260808_131913,ihawk1,50.0,3,Affine,5,0.018128,5,50,3.2422,3.260328
r480x300,480,300,20260808_131913,ihawk1,50.0,3,Homography,5,0.017062,5,50,3.2422,3.259262
r480x300,480,300,20260808_131913,ihawk1,50.0,3,PnP,5,1.407772,5,50,3.2422,4.649972
r480x300,480,300,20260808_131913,ihawk2,0.0,1,Affine,5,0.016732,5,50,2.8209,2.837632
r480x300,480,300,20260808_131913,ihawk2,0.0,1,Homography,5,0.016040000000000002,5,50,2.8209,2.83694
r480x300,480,300,20260808_131913,ihawk2,0.0,1,PnP,5,1.089576,5,50,2.8209,3.910476
r480x300,480,300,20260808_131913,ihawk2,0.0,2,Affine,5,0.017023999999999997,5,50,2.8211,2.838124
r480x300,480,300,20260808_131913,ihawk2,0.0,2,Homography,5,0.016128,5,50,2.8211,2.837228
r480x300,480,300,20260808_131913,ihawk2,0.0,2,PnP,5,1.119286,5,50,2.8211,3.940386
r480x300,480,300,20260808_131913,ihawk2,0.0,3,Affine,5,0.017178,5,50,2.8248,2.841978
r480x300,480,300,20260808_131913,ihawk2,0.0,3,Homography,5,0.017016,5,50,2.8248,2.841816
r480x300,480,300,20260808_131913,ihawk2,0.0,3,PnP,5,1.082162,5,50,2.8248,3.906962
r480x300,480,300,20260808_131913,ihawk2,5.0,1,Affine,5,0.017014,5,50,2.7809,2.797914
r480x300,480,300,20260808_131913,ihawk2,5.0,1,Homography,5,0.016479999999999998,5,50,2.7809,2.79738
r480x300,480,300,20260808_131913,ihawk2,5.0,1,PnP,5,1.126406,5,50,2.7809,3.907306
r480x300,480,300,20260808_131913,ihawk2,5.0,2,Affine,5,0.019996,5,50,2.9199,2.939896
r480x300,480,300,20260808_131913,ihawk2,5.0,2,Homography,5,0.016186,5,50,2.9199,2.936086
r480x300,480,300,20260808_131913,ihawk2,5.0,2,PnP,5,1.1954500000000001,5,50,2.9199,4.11535
r480x300,480,300,20260808_131913,ihawk2,5.0,3,Affine,5,0.016730000000000002,5,50,2.967,2.98373
r480x300,480,300,20260808_131913,ihawk2,5.0,3,Homography,5,0.016200000000000003,5,50,2.967,2.9832
r480x300,480,300,20260808_131913,ihawk2,5.0,3,PnP,5,1.193318,5,50,2.967,4.160318
r480x300,480,300,20260808_131913,ihawk2,10.0,1,Affine,5,0.017310000000000002,5,50,2.6088,2.62611
r480x300,480,300,20260808_131913,ihawk2,10.0,1,Homography,5,0.016008,5,50,2.6088,2.624808
r480x300,480,300,20260808_131913,ihawk2,10.0,1,PnP,5,1.096802,5,50,2.6088,3.705602
r480x300,480,300,20260808_131913,ihawk2,10.0,2,Affine,5,0.017325999999999998,5,50,2.7286,2.7459260000000003
r480x300,480,300,20260808_131913,ihawk2,10.0,2,Homography,5,0.016166,5,50,2.7286,2.7447660000000003
r480x300,480,300,20260808_131913,ihawk2,10.0,2,PnP,5,1.237194,5,50,2.7286,3.965794
r480x300,480,300,20260808_131913,ihawk2,10.0,3,Affine,5,0.016635999999999998,5,50,2.5883,2.604936
r480x300,480,300,20260808_131913,ihawk2,10.0,3,Homography,5,0.016035999999999998,5,50,2.5883,2.604336
r480x300,480,300,20260808_131913,ihawk2,10.0,3,PnP,5,1.099096,5,50,2.5883,3.6873959999999997
r480x300,480,300,20260808_131913,ihawk2,15.0,1,Affine,5,0.016822,5,50,2.5922,2.609022
r480x300,480,300,20260808_131913,ihawk2,15.0,1,Homography,5,0.016035999999999998,5,50,2.5922,2.608236
r480x300,480,300,20260808_131913,ihawk2,15.0,1,PnP,5,1.251946,5,50,2.5922,3.8441460000000003
r480x300,480,300,20260808_131913,ihawk2,15.0,2,Affine,5,0.016908,5,50,2.5586,2.575508
r480x300,480,300,20260808_131913,ihawk2,15.0,2,Homography,5,0.017192,5,50,2.5586,2.5757920000000003
r480x300,480,300,20260808_131913,ihawk2,15.0,2,PnP,5,1.1806999999999999,5,50,2.5586,3.7393
r480x300,480,300,20260808_131913,ihawk2,15.0,3,Affine,5,0.016902,5,50,2.6013,2.618202
r480x300,480,300,20260808_131913,ihawk2,15.0,3,Homography,5,0.016478,5,50,2.6013,2.6177780000000004
r480x300,480,300,20260808_131913,ihawk2,15.0,3,PnP,5,1.195454,5,50,2.6013,3.796754
r480x300,480,300,20260808_131913,ihawk2,20.0,3,Affine,5,0.017225999999999998,5,50,2.9316,2.948826
r480x300,480,300,20260808_131913,ihawk2,20.0,3,Homography,5,0.022018,5,50,2.9316,2.953618
r480x300,480,300,20260808_131913,ihawk2,20.0,3,PnP,5,1.27143,5,50,2.9316,4.20303
r480x300,480,300,20260808_131913,ihawk2,25.0,1,Affine,5,0.017276,5,50,2.7337,2.7509759999999996
r480x300,480,300,20260808_131913,ihawk2,25.0,1,Homography,5,0.020543999999999996,5,50,2.7337,2.754244
r480x300,480,300,20260808_131913,ihawk2,25.0,1,PnP,5,1.5382980000000002,5,50,2.7337,4.271998
r480x300,480,300,20260808_131913,ihawk2,25.0,2,Affine,5,0.017852,5,50,2.7597,2.777552
r480x300,480,300,20260808_131913,ihawk2,25.0,2,Homography,5,0.0167,5,50,2.7597,2.7764
r480x300,480,300,20260808_131913,ihawk2,25.0,2,PnP,5,1.507354,5,50,2.7597,4.267054
r480x300,480,300,20260808_131913,ihawk2,25.0,3,Affine,5,0.021911999999999997,5,50,2.9207,2.942612
r480x300,480,300,20260808_131913,ihawk2,25.0,3,Homography,5,0.016788,5,50,2.9207,2.937488
r480x300,480,300,20260808_131913,ihawk2,25.0,3,PnP,5,1.7583840000000002,5,50,2.9207,4.6790840000000005
r480x300,480,300,20260808_131913,ihawk2,30.0,1,Affine,5,0.017998,5,50,2.9182,2.936198
r480x300,480,300,20260808_131913,ihawk2,30.0,1,Homography,5,0.016378,5,50,2.9182,2.934578
r480x300,480,300,20260808_131913,ihawk2,30.0,1,PnP,5,1.425696,5,50,2.9182,4.343896
r480x300,480,300,20260808_131913,ihawk2,30.0,2,Affine,5,0.017816000000000002,5,50,2.8298,2.847616
r480x300,480,300,20260808_131913,ihawk2,30.0,2,Homography,5,0.017238,5,50,2.8298,2.847038
r480x300,480,300,20260808_131913,ihawk2,30.0,2,PnP,5,1.61737,5,50,2.8298,4.44717
r480x300,480,300,20260808_131913,ihawk2,30.0,3,Affine,5,0.01794,5,50,3.0499,3.06784
r480x300,480,300,20260808_131913,ihawk2,30.0,3,Homography,5,0.017686,5,50,3.0499,3.067586
r480x300,480,300,20260808_131913,ihawk2,30.0,3,PnP,5,1.409316,5,50,3.0499,4.459216
r480x300,480,300,20260808_131913,ihawk2,35.0,1,Affine,5,0.016801999999999997,5,50,2.7492,2.7660020000000003
r480x300,480,300,20260808_131913,ihawk2,35.0,1,Homography,5,0.021272000000000003,5,50,2.7492,2.7704720000000003
r480x300,480,300,20260808_131913,ihawk2,35.0,1,PnP,5,1.61853,5,50,2.7492,4.36773
r480x300,480,300,20260808_131913,ihawk2,35.0,2,Affine,5,0.01726,5,50,2.7622,2.77946
r480x300,480,300,20260808_131913,ihawk2,35.0,2,Homography,5,0.016514,5,50,2.7622,2.778714
r480x300,480,300,20260808_131913,ihawk2,35.0,2,PnP,5,1.2611020000000002,5,50,2.7622,4.023302
r480x300,480,300,20260808_131913,ihawk2,35.0,3,Affine,5,0.016918,5,50,2.7126,2.729518
r480x300,480,300,20260808_131913,ihawk2,35.0,3,Homography,5,0.016928000000000002,5,50,2.7126,2.729528
r480x300,480,300,20260808_131913,ihawk2,35.0,3,PnP,5,1.1656900000000001,5,50,2.7126,3.8782900000000002
r480x300,480,300,20260808_131913,ihawk2,40.0,1,Affine,5,0.017642,5,50,2.7407,2.758342
r480x300,480,300,20260808_131913,ihawk2,40.0,1,Homography,5,0.016097999999999998,5,50,2.7407,2.756798
r480x300,480,300,20260808_131913,ihawk2,40.0,1,PnP,5,1.481292,5,50,2.7407,4.221992
r480x300,480,300,20260808_131913,ihawk2,40.0,2,Affine,5,0.017178,5,50,2.7328,2.749978
r480x300,480,300,20260808_131913,ihawk2,40.0,2,Homography,5,0.016532,5,50,2.7328,2.7493320000000003
r480x300,480,300,20260808_131913,ihawk2,40.0,2,PnP,5,1.3153620000000001,5,50,2.7328,4.0481620000000005
r480x300,480,300,20260808_131913,ihawk2,40.0,3,Affine,5,0.017276,5,50,2.7539,2.7711759999999996
r480x300,480,300,20260808_131913,ihawk2,40.0,3,Homography,5,0.016106,5,50,2.7539,2.770006
r480x300,480,300,20260808_131913,ihawk2,40.0,3,PnP,5,1.35219,5,50,2.7539,4.10609
r480x300,480,300,20260808_131913,ihawk2,45.0,1,Affine,5,0.017334000000000002,5,50,2.6534,2.670734
r480x300,480,300,20260808_131913,ihawk2,45.0,1,Homography,5,0.016826,5,50,2.6534,2.670226
r480x300,480,300,20260808_131913,ihawk2,45.0,1,PnP,5,1.296892,5,50,2.6534,3.950292
r480x300,480,300,20260808_131913,ihawk2,45.0,2,Affine,5,0.017584,5,50,3.4413,3.458884
r480x300,480,300,20260808_131913,ihawk2,45.0,2,Homography,5,0.016718,5,50,3.4413,3.458018
r480x300,480,300,20260808_131913,ihawk2,45.0,2,PnP,5,1.249508,5,50,3.4413,4.6908080000000005
r480x300,480,300,20260808_131913,ihawk2,45.0,3,Affine,5,0.016762,5,50,2.6937,2.710462
r480x300,480,300,20260808_131913,ihawk2,45.0,3,Homography,5,0.017668,5,50,2.6937,2.7113680000000002
r480x300,480,300,20260808_131913,ihawk2,45.0,3,PnP,5,1.345196,5,50,2.6937,4.038896
r480x300,480,300,20260808_131913,ihawk2,50.0,1,Affine,5,0.016796,5,50,3.0037,3.0204959999999996
r480x300,480,300,20260808_131913,ihawk2,50.0,1,Homography,5,0.016112,5,50,3.0037,3.019812
r480x300,480,300,20260808_131913,ihawk2,50.0,1,PnP,5,1.233372,5,50,3.0037,4.2370719999999995
r480x300,480,300,20260808_131913,ihawk2,50.0,2,Affine,5,0.017764,5,50,2.7042,2.7219640000000003
r480x300,480,300,20260808_131913,ihawk2,50.0,2,Homography,5,0.017405999999999998,5,50,2.7042,2.721606
r480x300,480,300,20260808_131913,ihawk2,50.0,2,PnP,5,1.2223739999999998,5,50,2.7042,3.926574
r480x300,480,300,20260808_131913,ihawk2,50.0,3,Affine,5,0.016948,5,50,2.5029,2.519848
r480x300,480,300,20260808_131913,ihawk2,50.0,3,Homography,5,0.016014,5,50,2.5029,2.518914
r480x300,480,300,20260808_131913,ihawk2,50.0,3,PnP,5,1.221766,5,50,2.5029,3.724666
r480x300,480,300,20260808_141232,ihawk1,0.0,1,Affine,5,0.017756,5,50,3.1385,3.156256
r480x300,480,300,20260808_141232,ihawk1,0.0,1,Homography,5,0.016206,5,50,3.1385,3.154706
r480x300,480,300,20260808_141232,ihawk1,0.0,1,PnP,5,1.421034,5,50,3.1385,4.559534
r480x300,480,300,20260808_141232,ihawk1,0.0,2,Affine,5,0.01677,5,50,3.1708,3.18757
r480x300,480,300,20260808_141232,ihawk1,0.0,2,Homography,5,0.016064000000000002,5,50,3.1708,3.186864
r480x300,480,300,20260808_141232,ihawk1,0.0,2,PnP,5,1.40197,5,50,3.1708,4.57277
r480x300,480,300,20260808_141232,ihawk1,0.0,3,Affine,5,0.017324,5,50,3.3026,3.319924
r480x300,480,300,20260808_141232,ihawk1,0.0,3,Homography,5,0.016094,5,50,3.3026,3.318694
r480x300,480,300,20260808_141232,ihawk1,0.0,3,PnP,5,1.403886,5,50,3.3026,4.706486
r480x300,480,300,20260808_141232,ihawk1,5.0,1,Affine,5,0.017162,5,50,3.1561,3.173262
r480x300,480,300,20260808_141232,ihawk1,5.0,1,Homography,5,0.015993999999999998,5,50,3.1561,3.172094
r480x300,480,300,20260808_141232,ihawk1,5.0,1,PnP,5,1.628304,5,50,3.1561,4.784404
r480x300,480,300,20260808_141232,ihawk1,5.0,2,Affine,5,0.016819999999999998,5,50,3.4267,3.44352
r480x300,480,300,20260808_141232,ihawk1,5.0,2,Homography,5,0.01599,5,50,3.4267,3.44269
r480x300,480,300,20260808_141232,ihawk1,5.0,2,PnP,5,1.39733,5,50,3.4267,4.82403
r480x300,480,300,20260808_141232,ihawk1,5.0,3,Affine,5,0.016692,5,50,3.3398,3.356492
r480x300,480,300,20260808_141232,ihawk1,5.0,3,Homography,5,0.01765,5,50,3.3398,3.35745
r480x300,480,300,20260808_141232,ihawk1,5.0,3,PnP,5,1.576918,5,50,3.3398,4.9167179999999995
r480x300,480,300,20260808_141232,ihawk1,10.0,1,Affine,5,0.016768,5,50,3.1378,3.154568
r480x300,480,300,20260808_141232,ihawk1,10.0,1,Homography,5,0.016514,5,50,3.1378,3.154314
r480x300,480,300,20260808_141232,ihawk1,10.0,1,PnP,5,1.5624959999999999,5,50,3.1378,4.700296
r480x300,480,300,20260808_141232,ihawk1,10.0,2,Affine,5,0.017386,5,50,3.1807,3.198086
r480x300,480,300,20260808_141232,ihawk1,10.0,2,Homography,5,0.015978000000000003,5,50,3.1807,3.196678
r480x300,480,300,20260808_141232,ihawk1,10.0,2,PnP,5,1.7706720000000002,5,50,3.1807,4.951372
r480x300,480,300,20260808_141232,ihawk1,10.0,3,Affine,5,0.018266,5,50,3.1622,3.180466
r480x300,480,300,20260808_141232,ihawk1,10.0,3,Homography,5,0.016048,5,50,3.1622,3.178248
r480x300,480,300,20260808_141232,ihawk1,10.0,3,PnP,5,1.819572,5,50,3.1622,4.981771999999999
r480x300,480,300,20260808_141232,ihawk1,15.0,1,Affine,5,0.017206,5,50,3.4623,3.4795059999999998
r480x300,480,300,20260808_141232,ihawk1,15.0,1,Homography,5,0.018216,5,50,3.4623,3.4805159999999997
r480x300,480,300,20260808_141232,ihawk1,15.0,1,PnP,5,1.601644,5,50,3.4623,5.063944
r480x300,480,300,20260808_141232,ihawk1,15.0,2,Affine,5,0.016618,5,50,3.1496,3.1662179999999998
r480x300,480,300,20260808_141232,ihawk1,15.0,2,Homography,5,0.017338,5,50,3.1496,3.166938
r480x300,480,300,20260808_141232,ihawk1,15.0,2,PnP,5,1.4817740000000001,5,50,3.1496,4.631374
r480x300,480,300,20260808_141232,ihawk1,15.0,3,Affine,5,0.01677,5,50,3.3558,3.37257
r480x300,480,300,20260808_141232,ihawk1,15.0,3,Homography,5,0.01659,5,50,3.3558,3.3723899999999998
r480x300,480,300,20260808_141232,ihawk1,15.0,3,PnP,5,1.4807540000000001,5,50,3.3558,4.836554
r480x300,480,300,20260808_141232,ihawk1,20.0,1,Affine,5,0.016814,5,50,3.2834,3.300214
r480x300,480,300,20260808_141232,ihawk1,20.0,1,Homography,5,0.017378,5,50,3.2834,3.3007779999999998
r480x300,480,300,20260808_141232,ihawk1,20.0,1,PnP,5,1.608294,5,50,3.2834,4.891693999999999
r480x300,480,300,20260808_141232,ihawk1,20.0,2,Affine,5,0.017744,5,50,3.2108,3.228544
r480x300,480,300,20260808_141232,ihawk1,20.0,2,Homography,5,0.024434,5,50,3.2108,3.2352339999999997
r480x300,480,300,20260808_141232,ihawk1,20.0,2,PnP,5,1.610814,5,50,3.2108,4.821614
r480x300,480,300,20260808_141232,ihawk1,20.0,3,Affine,5,0.016772,5,50,3.2188,3.235572
r480x300,480,300,20260808_141232,ihawk1,20.0,3,Homography,5,0.016096,5,50,3.2188,3.234896
r480x300,480,300,20260808_141232,ihawk1,20.0,3,PnP,5,1.7195939999999998,5,50,3.2188,4.938394
r480x300,480,300,20260808_141232,ihawk1,25.0,1,Affine,5,0.017222,5,50,3.143,3.1602219999999996
r480x300,480,300,20260808_141232,ihawk1,25.0,1,Homography,5,0.016678,5,50,3.143,3.159678
r480x300,480,300,20260808_141232,ihawk1,25.0,1,PnP,5,1.9954079999999998,5,50,3.143,5.138408
r480x300,480,300,20260808_141232,ihawk1,25.0,2,Affine,5,0.017278,5,50,3.0899,3.107178
r480x300,480,300,20260808_141232,ihawk1,25.0,2,Homography,5,0.016734,5,50,3.0899,3.106634
r480x300,480,300,20260808_141232,ihawk1,25.0,2,PnP,5,1.737172,5,50,3.0899,4.827072
r480x300,480,300,20260808_141232,ihawk1,25.0,3,Affine,5,0.017204,5,50,3.1927,3.209904
r480x300,480,300,20260808_141232,ihawk1,25.0,3,Homography,5,0.016812,5,50,3.1927,3.2095119999999997
r480x300,480,300,20260808_141232,ihawk1,25.0,3,PnP,5,2.079802,5,50,3.1927,5.272501999999999
r480x300,480,300,20260808_141232,ihawk1,35.0,1,Affine,5,0.016824,5,50,3.3645,3.381324
r480x300,480,300,20260808_141232,ihawk1,35.0,1,Homography,5,0.017156,5,50,3.3645,3.381656
r480x300,480,300,20260808_141232,ihawk1,35.0,1,PnP,5,1.682532,5,50,3.3645,5.047032
r480x300,480,300,20260808_141232,ihawk1,35.0,2,Affine,5,0.019181999999999998,5,50,4.0232,4.042382
r480x300,480,300,20260808_141232,ihawk1,35.0,2,Homography,5,0.016544,5,50,4.0232,4.039744
r480x300,480,300,20260808_141232,ihawk1,35.0,2,PnP,5,2.418466,5,50,4.0232,6.441666
r480x300,480,300,20260808_141232,ihawk1,35.0,3,Affine,5,0.016752,5,50,3.383,3.399752
r480x300,480,300,20260808_141232,ihawk1,35.0,3,Homography,5,0.018274,5,50,3.383,3.401274
r480x300,480,300,20260808_141232,ihawk1,35.0,3,PnP,5,1.440366,5,50,3.383,4.823366
r480x300,480,300,20260808_141232,ihawk1,40.0,1,Affine,5,0.016676,5,50,3.3502,3.366876
r480x300,480,300,20260808_141232,ihawk1,40.0,1,Homography,5,0.016044,5,50,3.3502,3.366244
r480x300,480,300,20260808_141232,ihawk1,40.0,1,PnP,5,1.4025100000000001,5,50,3.3502,4.75271
r480x300,480,300,20260808_141232,ihawk1,40.0,2,Affine,5,0.017014,5,50,3.3697,3.386714
r480x300,480,300,20260808_141232,ihawk1,40.0,2,Homography,5,0.016164,5,50,3.3697,3.3858639999999998
r480x300,480,300,20260808_141232,ihawk1,40.0,2,PnP,5,1.611434,5,50,3.3697,4.981134
r480x300,480,300,20260808_141232,ihawk1,40.0,3,Affine,5,0.016654,5,50,3.3902,3.406854
r480x300,480,300,20260808_141232,ihawk1,40.0,3,Homography,5,0.016048,5,50,3.3902,3.406248
r480x300,480,300,20260808_141232,ihawk1,40.0,3,PnP,5,1.581276,5,50,3.3902,4.971476
r480x300,480,300,20260808_141232,ihawk1,45.0,1,Affine,5,0.016715999999999998,5,50,3.7243,3.741016
r480x300,480,300,20260808_141232,ihawk1,45.0,1,Homography,5,0.01602,5,50,3.7243,3.74032
r480x300,480,300,20260808_141232,ihawk1,45.0,1,PnP,5,1.665952,5,50,3.7243,5.390252
r480x300,480,300,20260808_141232,ihawk1,45.0,2,Affine,5,0.016784,5,50,4.0258,4.042584000000001
r480x300,480,300,20260808_141232,ihawk1,45.0,2,Homography,5,0.016076,5,50,4.0258,4.041876
r480x300,480,300,20260808_141232,ihawk1,45.0,2,PnP,5,1.6110740000000001,5,50,4.0258,5.636874000000001
r480x300,480,300,20260808_141232,ihawk1,45.0,3,Affine,5,0.016788,5,50,3.3701,3.386888
r480x300,480,300,20260808_141232,ihawk1,45.0,3,Homography,5,0.01606,5,50,3.3701,3.38616
r480x300,480,300,20260808_141232,ihawk1,45.0,3,PnP,5,1.521782,5,50,3.3701,4.891882
r480x300,480,300,20260808_141232,ihawk1,50.0,1,Affine,5,0.01705,5,50,4.2479,4.26495
r480x300,480,300,20260808_141232,ihawk1,50.0,1,Homography,5,0.01606,5,50,4.2479,4.26396
r480x300,480,300,20260808_141232,ihawk1,50.0,1,PnP,5,1.323906,5,50,4.2479,5.571806
r480x300,480,300,20260808_141232,ihawk1,50.0,2,Affine,5,0.016794,5,50,3.9988,4.015594
r480x300,480,300,20260808_141232,ihawk1,50.0,2,Homography,5,0.016076,5,50,3.9988,4.014876
r480x300,480,300,20260808_141232,ihawk1,50.0,2,PnP,5,1.309118,5,50,3.9988,5.307918
r480x300,480,300,20260808_141232,ihawk1,50.0,3,Affine,5,0.016568,5,50,3.6597,3.676268
r480x300,480,300,20260808_141232,ihawk1,50.0,3,Homography,5,0.015886,5,50,3.6597,3.675586
r480x300,480,300,20260808_141232,ihawk1,50.0,3,PnP,5,1.283898,5,50,3.6597,4.943598
r480x300,480,300,20260808_141232,ihawk2,0.0,1,Affine,5,0.016792,5,50,3.4513,3.468092
r480x300,480,300,20260808_141232,ihawk2,0.0,1,Homography,5,0.01605,5,50,3.4513,3.4673499999999997
r480x300,480,300,20260808_141232,ihawk2,0.0,1,PnP,5,1.2461440000000001,5,50,3.4513,4.697444
r480x300,480,300,20260808_141232,ihawk2,0.0,2,Affine,5,0.01719,5,50,3.6317,3.6488899999999997
r480x300,480,300,20260808_141232,ihawk2,0.0,2,Homography,5,0.016466,5,50,3.6317,3.648166
r480x300,480,300,20260808_141232,ihawk2,0.0,2,PnP,5,1.377288,5,50,3.6317,5.008988
r480x300,480,300,20260808_141232,ihawk2,0.0,3,Affine,5,0.016912,5,50,3.5687,3.5856120000000002
r480x300,480,300,20260808_141232,ihawk2,0.0,3,Homography,5,0.017038,5,50,3.5687,3.585738
r480x300,480,300,20260808_141232,ihawk2,0.0,3,PnP,5,1.37666,5,50,3.5687,4.94536
r480x300,480,300,20260808_141232,ihawk2,5.0,1,Affine,5,0.0171,5,50,3.1327,3.1498
r480x300,480,300,20260808_141232,ihawk2,5.0,1,Homography,5,0.01614,5,50,3.1327,3.14884
r480x300,480,300,20260808_141232,ihawk2,5.0,1,PnP,5,1.490956,5,50,3.1327,4.6236559999999995
r480x300,480,300,20260808_141232,ihawk2,5.0,2,Affine,5,0.017876,5,50,3.5874,3.605276
r480x300,480,300,20260808_141232,ihawk2,5.0,2,Homography,5,0.016148,5,50,3.5874,3.603548
r480x300,480,300,20260808_141232,ihawk2,5.0,2,PnP,5,1.17384,5,50,3.5874,4.76124
r480x300,480,300,20260808_141232,ihawk2,5.0,3,Affine,5,0.018828,5,50,3.6343,3.653128
r480x300,480,300,20260808_141232,ihawk2,5.0,3,Homography,5,0.016418,5,50,3.6343,3.650718
r480x300,480,300,20260808_141232,ihawk2,5.0,3,PnP,5,1.2527979999999999,5,50,3.6343,4.887098
r480x300,480,300,20260808_141232,ihawk2,10.0,1,Affine,5,0.017136,5,50,3.2335,3.2506359999999996
r480x300,480,300,20260808_141232,ihawk2,10.0,1,Homography,5,0.016022,5,50,3.2335,3.249522
r480x300,480,300,20260808_141232,ihawk2,10.0,1,PnP,5,1.24223,5,50,3.2335,4.4757299999999995
r480x300,480,300,20260808_141232,ihawk2,10.0,2,Affine,5,0.016956,5,50,3.3396,3.356556
r480x300,480,300,20260808_141232,ihawk2,10.0,2,Homography,5,0.015875999999999998,5,50,3.3396,3.355476
r480x300,480,300,20260808_141232,ihawk2,10.0,2,PnP,5,1.213698,5,50,3.3396,4.553298
r480x300,480,300,20260808_141232,ihawk2,10.0,3,Affine,5,0.017878,5,50,3.025,3.042878
r480x300,480,300,20260808_141232,ihawk2,10.0,3,Homography,5,0.016097999999999998,5,50,3.025,3.041098
r480x300,480,300,20260808_141232,ihawk2,10.0,3,PnP,5,1.235278,5,50,3.025,4.260278
r480x300,480,300,20260808_141232,ihawk2,15.0,1,Affine,5,0.016819999999999998,5,50,3.6872,3.70402
r480x300,480,300,20260808_141232,ihawk2,15.0,1,Homography,5,0.016352,5,50,3.6872,3.7035519999999997
r480x300,480,300,20260808_141232,ihawk2,15.0,1,PnP,5,1.3682759999999998,5,50,3.6872,5.055476
r480x300,480,300,20260808_141232,ihawk2,15.0,2,Affine,5,0.016828,5,50,3.2799,3.296728
r480x300,480,300,20260808_141232,ihawk2,15.0,2,Homography,5,0.020722,5,50,3.2799,3.300622
r480x300,480,300,20260808_141232,ihawk2,15.0,2,PnP,5,1.471428,5,50,3.2799,4.751328
r480x300,480,300,20260808_141232,ihawk2,15.0,3,Affine,5,0.018292,5,50,3.2691,3.287392
r480x300,480,300,20260808_141232,ihawk2,15.0,3,Homography,5,0.018758,5,50,3.2691,3.287858
r480x300,480,300,20260808_141232,ihawk2,15.0,3,PnP,5,1.438144,5,50,3.2691,4.707244
r480x300,480,300,20260808_141232,ihawk2,20.0,1,Affine,5,0.016776,5,50,3.128,3.1447760000000002
r480x300,480,300,20260808_141232,ihawk2,20.0,1,Homography,5,0.017896000000000002,5,50,3.128,3.145896
r480x300,480,300,20260808_141232,ihawk2,20.0,1,PnP,5,1.195004,5,50,3.128,4.323004
r480x300,480,300,20260808_141232,ihawk2,20.0,2,Affine,5,0.017338,5,50,3.182,3.199338
r480x300,480,300,20260808_141232,ihawk2,20.0,2,Homography,5,0.0175,5,50,3.182,3.1995
r480x300,480,300,20260808_141232,ihawk2,20.0,2,PnP,5,1.1914660000000001,5,50,3.182,4.3734660000000005
r480x300,480,300,20260808_141232,ihawk2,20.0,3,Affine,5,0.017796,5,50,3.1606,3.178396
r480x300,480,300,20260808_141232,ihawk2,20.0,3,Homography,5,0.016054,5,50,3.1606,3.176654
r480x300,480,300,20260808_141232,ihawk2,20.0,3,PnP,5,1.186152,5,50,3.1606,4.346752
r480x300,480,300,20260808_141232,ihawk2,25.0,1,Affine,5,0.019774,5,50,3.2057,3.225474
r480x300,480,300,20260808_141232,ihawk2,25.0,1,Homography,5,0.020926,5,50,3.2057,3.2266260000000004
r480x300,480,300,20260808_141232,ihawk2,25.0,1,PnP,5,1.266396,5,50,3.2057,4.4720960000000005
r480x300,480,300,20260808_141232,ihawk2,25.0,2,Affine,5,0.01684,5,50,3.3939,3.41074
r480x300,480,300,20260808_141232,ihawk2,25.0,2,Homography,5,0.016228,5,50,3.3939,3.410128
r480x300,480,300,20260808_141232,ihawk2,25.0,2,PnP,5,1.2962479999999998,5,50,3.3939,4.690148
r480x300,480,300,20260808_141232,ihawk2,25.0,3,Affine,5,0.016886,5,50,3.8693,3.886186
r480x300,480,300,20260808_141232,ihawk2,25.0,3,Homography,5,0.01841,5,50,3.8693,3.8877099999999998
r480x300,480,300,20260808_141232,ihawk2,25.0,3,PnP,5,1.2695699999999999,5,50,3.8693,5.13887
r480x300,480,300,20260808_141232,ihawk2,35.0,1,Affine,5,0.01676,5,50,3.2028,3.21956
r480x300,480,300,20260808_141232,ihawk2,35.0,1,Homography,5,0.016158,5,50,3.2028,3.2189579999999998
r480x300,480,300,20260808_141232,ihawk2,35.0,1,PnP,5,1.30236,5,50,3.2028,4.50516
r480x300,480,300,20260808_141232,ihawk2,35.0,2,Affine,5,0.01902,5,50,2.9022,2.92122
r480x300,480,300,20260808_141232,ihawk2,35.0,2,Homography,5,0.016252,5,50,2.9022,2.9184520000000003
r480x300,480,300,20260808_141232,ihawk2,35.0,2,PnP,5,1.39296,5,50,2.9022,4.29516
r480x300,480,300,20260808_141232,ihawk2,35.0,3,Affine,5,0.019577999999999998,5,50,2.8722,2.891778
r480x300,480,300,20260808_141232,ihawk2,35.0,3,Homography,5,0.01781,5,50,2.8722,2.8900099999999997
r480x300,480,300,20260808_141232,ihawk2,35.0,3,PnP,5,1.449074,5,50,2.8722,4.321274
r480x300,480,300,20260808_141232,ihawk2,40.0,1,Affine,5,0.01712,5,50,2.9516,2.96872
r480x300,480,300,20260808_141232,ihawk2,40.0,1,Homography,5,0.016528,5,50,2.9516,2.968128
r480x300,480,300,20260808_141232,ihawk2,40.0,1,PnP,5,1.3496080000000001,5,50,2.9516,4.301208
r480x300,480,300,20260808_141232,ihawk2,40.0,2,Affine,5,0.016843999999999998,5,50,2.9647,2.981544
r480x300,480,300,20260808_141232,ihawk2,40.0,2,Homography,5,0.022026,5,50,2.9647,2.986726
r480x300,480,300,20260808_141232,ihawk2,40.0,2,PnP,5,1.363632,5,50,2.9647,4.328332
r480x300,480,300,20260808_141232,ihawk2,40.0,3,Affine,5,0.017058,5,50,2.93,2.947058
r480x300,480,300,20260808_141232,ihawk2,40.0,3,Homography,5,0.016541999999999998,5,50,2.93,2.946542
r480x300,480,300,20260808_141232,ihawk2,40.0,3,PnP,5,1.4213220000000002,5,50,2.93,4.351322000000001
r480x300,480,300,20260808_141232,ihawk2,45.0,1,Affine,5,0.016958,5,50,3.129,3.145958
r480x300,480,300,20260808_141232,ihawk2,45.0,1,Homography,5,0.01687,5,50,3.129,3.14587
r480x300,480,300,20260808_141232,ihawk2,45.0,1,PnP,5,1.650984,5,50,3.129,4.779984
r480x300,480,300,20260808_141232,ihawk2,45.0,2,Affine,5,0.019256,5,50,3.0556,3.074856
r480x300,480,300,20260808_141232,ihawk2,45.0,2,Homography,5,0.018600000000000002,5,50,3.0556,3.0742000000000003
r480x300,480,300,20260808_141232,ihawk2,45.0,2,PnP,5,1.3003559999999998,5,50,3.0556,4.355956
r480x300,480,300,20260808_141232,ihawk2,45.0,3,Affine,5,0.01676,5,50,3.1497,3.1664600000000003
r480x300,480,300,20260808_141232,ihawk2,45.0,3,Homography,5,0.016052,5,50,3.1497,3.1657520000000003
r480x300,480,300,20260808_141232,ihawk2,45.0,3,PnP,5,1.325696,5,50,3.1497,4.475396
r480x300,480,300,20260808_141232,ihawk2,50.0,1,Affine,5,0.025746,5,50,2.805,2.830746
r480x300,480,300,20260808_141232,ihawk2,50.0,1,Homography,5,0.016148,5,50,2.805,2.821148
r480x300,480,300,20260808_141232,ihawk2,50.0,1,PnP,5,1.23472,5,50,2.805,4.03972
r480x300,480,300,20260808_141232,ihawk2,50.0,2,Affine,5,0.01832,5,50,3.6225,3.64082
r480x300,480,300,20260808_141232,ihawk2,50.0,2,Homography,5,0.022364000000000002,5,50,3.6225,3.644864
r480x300,480,300,20260808_141232,ihawk2,50.0,2,PnP,5,1.279714,5,50,3.6225,4.902214
r480x300,480,300,20260808_141232,ihawk2,50.0,3,Affine,5,0.017068,5,50,3.2407,3.257768
r480x300,480,300,20260808_141232,ihawk2,50.0,3,Homography,5,0.0163,5,50,3.2407,3.257
r480x300,480,300,20260808_141232,ihawk2,50.0,3,PnP,5,1.2047020000000002,5,50,3.2407,4.445402
r480x300,480,300,20260808_145501,ihawk1,0.0,1,Affine,5,0.02357,5,50,3.4149,3.4384699999999997
r480x300,480,300,20260808_145501,ihawk1,0.0,1,Homography,5,0.016288,5,50,3.4149,3.4311879999999997
r480x300,480,300,20260808_145501,ihawk1,0.0,1,PnP,5,1.3599780000000001,5,50,3.4149,4.774878
r480x300,480,300,20260808_145501,ihawk1,0.0,2,Affine,5,0.016810000000000002,5,50,4.0221,4.0389100000000004
r480x300,480,300,20260808_145501,ihawk1,0.0,2,Homography,5,0.019378,5,50,4.0221,4.041478
r480x300,480,300,20260808_145501,ihawk1,0.0,2,PnP,5,1.4449340000000002,5,50,4.0221,5.467034
r480x300,480,300,20260808_145501,ihawk1,0.0,3,Affine,5,0.017245999999999997,5,50,3.5253,3.542546
r480x300,480,300,20260808_145501,ihawk1,0.0,3,Homography,5,0.016384,5,50,3.5253,3.541684
r480x300,480,300,20260808_145501,ihawk1,0.0,3,PnP,5,1.418668,5,50,3.5253,4.943968
r480x300,480,300,20260808_145501,ihawk1,5.0,1,Affine,5,0.018978,5,50,3.0958,3.1147780000000003
r480x300,480,300,20260808_145501,ihawk1,5.0,1,Homography,5,0.021644,5,50,3.0958,3.1174440000000003
r480x300,480,300,20260808_145501,ihawk1,5.0,1,PnP,5,1.701652,5,50,3.0958,4.797452
r480x300,480,300,20260808_145501,ihawk1,5.0,2,Affine,5,0.018352,5,50,3.0586,3.0769520000000004
r480x300,480,300,20260808_145501,ihawk1,5.0,2,Homography,5,0.016824,5,50,3.0586,3.0754240000000004
r480x300,480,300,20260808_145501,ihawk1,5.0,2,PnP,5,1.605226,5,50,3.0586,4.663826
r480x300,480,300,20260808_145501,ihawk1,5.0,3,Affine,5,0.017996,5,50,3.3282,3.346196
r480x300,480,300,20260808_145501,ihawk1,5.0,3,Homography,5,0.016184,5,50,3.3282,3.344384
r480x300,480,300,20260808_145501,ihawk1,5.0,3,PnP,5,1.5292339999999998,5,50,3.3282,4.857434
r480x300,480,300,20260808_145501,ihawk1,10.0,1,Affine,5,0.018959999999999998,5,50,3.0948,3.11376
r480x300,480,300,20260808_145501,ihawk1,10.0,1,Homography,5,0.017842,5,50,3.0948,3.112642
r480x300,480,300,20260808_145501,ihawk1,10.0,1,PnP,5,2.088968,5,50,3.0948,5.183768000000001
r480x300,480,300,20260808_145501,ihawk1,10.0,2,Affine,5,0.017038,5,50,3.1428,3.1598379999999997
r480x300,480,300,20260808_145501,ihawk1,10.0,2,Homography,5,0.016736,5,50,3.1428,3.1595359999999997
r480x300,480,300,20260808_145501,ihawk1,10.0,2,PnP,5,2.161012,5,50,3.1428,5.303812
r480x300,480,300,20260808_145501,ihawk1,10.0,3,Affine,5,0.020284,5,50,3.002,3.022284
r480x300,480,300,20260808_145501,ihawk1,10.0,3,Homography,5,0.021307999999999997,5,50,3.002,3.0233079999999997
r480x300,480,300,20260808_145501,ihawk1,10.0,3,PnP,5,2.024094,5,50,3.002,5.026094
r480x300,480,300,20260808_145501,ihawk1,15.0,1,Affine,5,0.017828,5,50,3.0219,3.039728
r480x300,480,300,20260808_145501,ihawk1,15.0,1,Homography,5,0.016332,5,50,3.0219,3.038232
r480x300,480,300,20260808_145501,ihawk1,15.0,1,PnP,5,1.596676,5,50,3.0219,4.618576
r480x300,480,300,20260808_145501,ihawk1,15.0,2,Affine,5,0.017284,5,50,3.0868,3.1040840000000003
r480x300,480,300,20260808_145501,ihawk1,15.0,2,Homography,5,0.016536,5,50,3.0868,3.103336
r480x300,480,300,20260808_145501,ihawk1,15.0,2,PnP,5,1.493156,5,50,3.0868,4.579956
r480x300,480,300,20260808_145501,ihawk1,15.0,3,Affine,5,0.020714,5,50,3.0252,3.045914
r480x300,480,300,20260808_145501,ihawk1,15.0,3,Homography,5,0.016052,5,50,3.0252,3.041252
r480x300,480,300,20260808_145501,ihawk1,15.0,3,PnP,5,1.652854,5,50,3.0252,4.6780539999999995
r480x300,480,300,20260808_145501,ihawk1,20.0,1,Affine,5,0.01693,5,50,3.0422,3.0591299999999997
r480x300,480,300,20260808_145501,ihawk1,20.0,1,Homography,5,0.017811999999999998,5,50,3.0422,3.060012
r480x300,480,300,20260808_145501,ihawk1,20.0,1,PnP,5,1.341554,5,50,3.0422,4.383754
r480x300,480,300,20260808_145501,ihawk1,20.0,2,Affine,5,0.01676,5,50,2.9739,2.99066
r480x300,480,300,20260808_145501,ihawk1,20.0,2,Homography,5,0.023666,5,50,2.9739,2.997566
r480x300,480,300,20260808_145501,ihawk1,20.0,2,PnP,5,1.568278,5,50,2.9739,4.542178
r480x300,480,300,20260808_145501,ihawk1,20.0,3,Affine,5,0.016982,5,50,3.2282,3.2451820000000002
r480x300,480,300,20260808_145501,ihawk1,20.0,3,Homography,5,0.024604,5,50,3.2282,3.2528040000000003
r480x300,480,300,20260808_145501,ihawk1,20.0,3,PnP,5,1.457912,5,50,3.2282,4.6861120000000005
r480x300,480,300,20260808_145501,ihawk1,25.0,1,Affine,5,0.016798,5,50,3.6016,3.618398
r480x300,480,300,20260808_145501,ihawk1,25.0,1,Homography,5,0.016104,5,50,3.6016,3.617704
r480x300,480,300,20260808_145501,ihawk1,25.0,1,PnP,5,1.4428,5,50,3.6016,5.0443999999999996
r480x300,480,300,20260808_145501,ihawk1,25.0,2,Affine,5,0.017062,5,50,3.6432,3.6602620000000003
r480x300,480,300,20260808_145501,ihawk1,25.0,2,Homography,5,0.017367999999999998,5,50,3.6432,3.660568
r480x300,480,300,20260808_145501,ihawk1,25.0,2,PnP,5,1.42216,5,50,3.6432,5.06536
r480x300,480,300,20260808_145501,ihawk1,25.0,3,Affine,5,0.016928000000000002,5,50,3.607,3.6239280000000003
r480x300,480,300,20260808_145501,ihawk1,25.0,3,Homography,5,0.016378,5,50,3.607,3.623378
r480x300,480,300,20260808_145501,ihawk1,25.0,3,PnP,5,1.410726,5,50,3.607,5.017726
r480x300,480,300,20260808_145501,ihawk1,30.0,1,Affine,5,0.02198,5,50,3.1973,3.21928
r480x300,480,300,20260808_145501,ihawk1,30.0,1,Homography,5,0.016944,5,50,3.1973,3.214244
r480x300,480,300,20260808_145501,ihawk1,30.0,1,PnP,5,1.5398580000000002,5,50,3.1973,4.737158
r480x300,480,300,20260808_145501,ihawk1,30.0,2,Affine,5,0.016988,5,50,3.0728,3.089788
r480x300,480,300,20260808_145501,ihawk1,30.0,2,Homography,5,0.017164,5,50,3.0728,3.089964
r480x300,480,300,20260808_145501,ihawk1,30.0,2,PnP,5,1.394698,5,50,3.0728,4.467498
r480x300,480,300,20260808_145501,ihawk1,30.0,3,Affine,5,0.016772,5,50,3.0441,3.060872
r480x300,480,300,20260808_145501,ihawk1,30.0,3,Homography,5,0.015996,5,50,3.0441,3.0600959999999997
r480x300,480,300,20260808_145501,ihawk1,30.0,3,PnP,5,1.4091960000000001,5,50,3.0441,4.453296
r480x300,480,300,20260808_145501,ihawk1,35.0,1,Affine,5,0.016946000000000003,5,50,3.0042,3.021146
r480x300,480,300,20260808_145501,ihawk1,35.0,1,Homography,5,0.01605,5,50,3.0042,3.02025
r480x300,480,300,20260808_145501,ihawk1,35.0,1,PnP,5,1.6774700000000002,5,50,3.0042,4.68167
r480x300,480,300,20260808_145501,ihawk1,35.0,2,Affine,5,0.016928000000000002,5,50,2.9198,2.936728
r480x300,480,300,20260808_145501,ihawk1,35.0,2,Homography,5,0.016406,5,50,2.9198,2.936206
r480x300,480,300,20260808_145501,ihawk1,35.0,2,PnP,5,1.656748,5,50,2.9198,4.576548
r480x300,480,300,20260808_145501,ihawk1,35.0,3,Affine,5,0.016686,5,50,3.5439,3.560586
r480x300,480,300,20260808_145501,ihawk1,35.0,3,Homography,5,0.01713,5,50,3.5439,3.5610299999999997
r480x300,480,300,20260808_145501,ihawk1,35.0,3,PnP,5,1.611978,5,50,3.5439,5.1558779999999995
r480x300,480,300,20260808_145501,ihawk1,50.0,1,Affine,5,0.016878,5,50,3.07,3.086878
r480x300,480,300,20260808_145501,ihawk1,50.0,1,Homography,5,0.016096,5,50,3.07,3.086096
r480x300,480,300,20260808_145501,ihawk1,50.0,1,PnP,5,1.3559139999999998,5,50,3.07,4.425914
r480x300,480,300,20260808_145501,ihawk1,50.0,2,Affine,5,0.017518,5,50,3.579,3.596518
r480x300,480,300,20260808_145501,ihawk1,50.0,2,Homography,5,0.016286000000000002,5,50,3.579,3.595286
r480x300,480,300,20260808_145501,ihawk1,50.0,2,PnP,5,1.4873580000000002,5,50,3.579,5.066358
r480x300,480,300,20260808_145501,ihawk1,50.0,3,Affine,5,0.02198,5,50,3.5788,3.6007800000000003
r480x300,480,300,20260808_145501,ihawk1,50.0,3,Homography,5,0.016162,5,50,3.5788,3.594962
r480x300,480,300,20260808_145501,ihawk1,50.0,3,PnP,5,1.5730279999999999,5,50,3.5788,5.151828
r480x300,480,300,20260808_145501,ihawk2,0.0,1,Affine,5,0.017263999999999998,5,50,3.1545,3.171764
r480x300,480,300,20260808_145501,ihawk2,0.0,1,Homography,5,0.01787,5,50,3.1545,3.17237
r480x300,480,300,20260808_145501,ihawk2,0.0,1,PnP,5,1.2231480000000001,5,50,3.1545,4.377648000000001
r480x300,480,300,20260808_145501,ihawk2,0.0,2,Affine,5,0.01837,5,50,3.065,3.08337
r480x300,480,300,20260808_145501,ihawk2,0.0,2,Homography,5,0.01607,5,50,3.065,3.08107
r480x300,480,300,20260808_145501,ihawk2,0.0,2,PnP,5,1.208498,5,50,3.065,4.273498
r480x300,480,300,20260808_145501,ihawk2,0.0,3,Affine,5,0.017364,5,50,2.7442,2.7615640000000004
r480x300,480,300,20260808_145501,ihawk2,0.0,3,Homography,5,0.016086,5,50,2.7442,2.7602860000000002
r480x300,480,300,20260808_145501,ihawk2,0.0,3,PnP,5,1.42166,5,50,2.7442,4.16586
r480x300,480,300,20260808_145501,ihawk2,5.0,1,Affine,5,0.016854,5,50,2.9274,2.944254
r480x300,480,300,20260808_145501,ihawk2,5.0,1,Homography,5,0.018254,5,50,2.9274,2.945654
r480x300,480,300,20260808_145501,ihawk2,5.0,1,PnP,5,1.195574,5,50,2.9274,4.122974
r480x300,480,300,20260808_145501,ihawk2,5.0,2,Affine,5,0.017166,5,50,2.8413,2.858466
r480x300,480,300,20260808_145501,ihawk2,5.0,2,Homography,5,0.01654,5,50,2.8413,2.85784
r480x300,480,300,20260808_145501,ihawk2,5.0,2,PnP,5,1.181812,5,50,2.8413,4.023112
r480x300,480,300,20260808_145501,ihawk2,5.0,3,Affine,5,0.01725,5,50,3.0059,3.0231500000000002
r480x300,480,300,20260808_145501,ihawk2,5.0,3,Homography,5,0.016390000000000002,5,50,3.0059,3.02229
r480x300,480,300,20260808_145501,ihawk2,5.0,3,PnP,5,1.168184,5,50,3.0059,4.174084
r480x300,480,300,20260808_145501,ihawk2,10.0,1,Affine,5,0.018514,5,50,2.9187,2.937214
r480x300,480,300,20260808_145501,ihawk2,10.0,1,Homography,5,0.016064000000000002,5,50,2.9187,2.934764
r480x300,480,300,20260808_145501,ihawk2,10.0,1,PnP,5,1.449942,5,50,2.9187,4.3686419999999995
r480x300,480,300,20260808_145501,ihawk2,10.0,2,Affine,5,0.016778,5,50,2.9316,2.948378
r480x300,480,300,20260808_145501,ihawk2,10.0,2,Homography,5,0.01615,5,50,2.9316,2.94775
r480x300,480,300,20260808_145501,ihawk2,10.0,2,PnP,5,1.205642,5,50,2.9316,4.1372420000000005
r480x300,480,300,20260808_145501,ihawk2,10.0,3,Affine,5,0.016698,5,50,3.3238,3.3404979999999997
r480x300,480,300,20260808_145501,ihawk2,10.0,3,Homography,5,0.016096,5,50,3.3238,3.339896
r480x300,480,300,20260808_145501,ihawk2,10.0,3,PnP,5,1.284496,5,50,3.3238,4.608296
r480x300,480,300,20260808_145501,ihawk2,15.0,1,Affine,5,0.016712,5,50,2.8664,2.883112
r480x300,480,300,20260808_145501,ihawk2,15.0,1,Homography,5,0.016042,5,50,2.8664,2.882442
r480x300,480,300,20260808_145501,ihawk2,15.0,1,PnP,5,1.074234,5,50,2.8664,3.940634
r480x300,480,300,20260808_145501,ihawk2,15.0,2,Affine,5,0.016768,5,50,2.8221,2.8388679999999997
r480x300,480,300,20260808_145501,ihawk2,15.0,2,Homography,5,0.01606,5,50,2.8221,2.83816
r480x300,480,300,20260808_145501,ihawk2,15.0,2,PnP,5,1.15068,5,50,2.8221,3.9727799999999998
r480x300,480,300,20260808_145501,ihawk2,15.0,3,Affine,5,0.016994,5,50,2.8998,2.916794
r480x300,480,300,20260808_145501,ihawk2,15.0,3,Homography,5,0.016468,5,50,2.8998,2.916268
r480x300,480,300,20260808_145501,ihawk2,15.0,3,PnP,5,1.122114,5,50,2.8998,4.021914
r480x300,480,300,20260808_145501,ihawk2,20.0,1,Affine,5,0.017686,5,50,3.3355,3.353186
r480x300,480,300,20260808_145501,ihawk2,20.0,1,Homography,5,0.01982,5,50,3.3355,3.3553200000000003
r480x300,480,300,20260808_145501,ihawk2,20.0,1,PnP,5,1.223806,5,50,3.3355,4.559306
r480x300,480,300,20260808_145501,ihawk2,20.0,2,Affine,5,0.017929999999999998,5,50,3.6179,3.63583
r480x300,480,300,20260808_145501,ihawk2,20.0,2,Homography,5,0.01609,5,50,3.6179,3.6339900000000003
r480x300,480,300,20260808_145501,ihawk2,20.0,2,PnP,5,1.331764,5,50,3.6179,4.949664
r480x300,480,300,20260808_145501,ihawk2,20.0,3,Affine,5,0.017462,5,50,3.9458,3.9632620000000003
r480x300,480,300,20260808_145501,ihawk2,20.0,3,Homography,5,0.016694,5,50,3.9458,3.9624940000000004
r480x300,480,300,20260808_145501,ihawk2,20.0,3,PnP,5,1.2835079999999999,5,50,3.9458,5.229308
r480x300,480,300,20260808_145501,ihawk2,25.0,1,Affine,5,0.016857999999999998,5,50,3.0201,3.036958
r480x300,480,300,20260808_145501,ihawk2,25.0,1,Homography,5,0.016488,5,50,3.0201,3.0365879999999996
r480x300,480,300,20260808_145501,ihawk2,25.0,1,PnP,5,1.3392220000000001,5,50,3.0201,4.359322
r480x300,480,300,20260808_145501,ihawk2,25.0,2,Affine,5,0.017362,5,50,3.0321,3.0494619999999997
r480x300,480,300,20260808_145501,ihawk2,25.0,2,Homography,5,0.017070000000000002,5,50,3.0321,3.0491699999999997
r480x300,480,300,20260808_145501,ihawk2,25.0,2,PnP,5,1.2842580000000001,5,50,3.0321,4.316358
r480x300,480,300,20260808_145501,ihawk2,25.0,3,Affine,5,0.017038,5,50,2.9836,3.000638
r480x300,480,300,20260808_145501,ihawk2,25.0,3,Homography,5,0.017159999999999998,5,50,2.9836,3.00076
r480x300,480,300,20260808_145501,ihawk2,25.0,3,PnP,5,1.396044,5,50,2.9836,4.379644
r480x300,480,300,20260808_145501,ihawk2,30.0,1,Affine,5,0.017036,5,50,2.7343,2.7513360000000002
r480x300,480,300,20260808_145501,ihawk2,30.0,1,Homography,5,0.01605,5,50,2.7343,2.75035
r480x300,480,300,20260808_145501,ihawk2,30.0,1,PnP,5,1.1771120000000002,5,50,2.7343,3.9114120000000003
r480x300,480,300,20260808_145501,ihawk2,30.0,2,Affine,5,0.01686,5,50,2.7984,2.81526
r480x300,480,300,20260808_145501,ihawk2,30.0,2,Homography,5,0.016064000000000002,5,50,2.7984,2.814464
r480x300,480,300,20260808_145501,ihawk2,30.0,2,PnP,5,1.263912,5,50,2.7984,4.062312
r480x300,480,300,20260808_145501,ihawk2,30.0,3,Affine,5,0.016698,5,50,2.7497,2.7663979999999997
r480x300,480,300,20260808_145501,ihawk2,30.0,3,Homography,5,0.016064000000000002,5,50,2.7497,2.765764
r480x300,480,300,20260808_145501,ihawk2,30.0,3,PnP,5,1.314328,5,50,2.7497,4.0640279999999995
r480x300,480,300,20260808_145501,ihawk2,35.0,1,Affine,5,0.016902,5,50,2.8065,2.823402
r480x300,480,300,20260808_145501,ihawk2,35.0,1,Homography,5,0.018798,5,50,2.8065,2.825298
r480x300,480,300,20260808_145501,ihawk2,35.0,1,PnP,5,1.1813259999999999,5,50,2.8065,3.987826
r480x300,480,300,20260808_145501,ihawk2,35.0,2,Affine,5,0.016776,5,50,2.8424,2.859176
r480x300,480,300,20260808_145501,ihawk2,35.0,2,Homography,5,0.016072,5,50,2.8424,2.858472
r480x300,480,300,20260808_145501,ihawk2,35.0,2,PnP,5,1.188088,5,50,2.8424,4.030488
r480x300,480,300,20260808_145501,ihawk2,35.0,3,Affine,5,0.016937999999999998,5,50,2.7642,2.7811380000000003
r480x300,480,300,20260808_145501,ihawk2,35.0,3,Homography,5,0.016017999999999998,5,50,2.7642,2.780218
r480x300,480,300,20260808_145501,ihawk2,35.0,3,PnP,5,1.208736,5,50,2.7642,3.9729360000000002
r480x300,480,300,20260808_145501,ihawk2,40.0,1,Affine,5,0.01684,5,50,2.6666,2.68344
r480x300,480,300,20260808_145501,ihawk2,40.0,1,Homography,5,0.020578,5,50,2.6666,2.687178
r480x300,480,300,20260808_145501,ihawk2,40.0,1,PnP,5,1.425528,5,50,2.6666,4.092128
r480x300,480,300,20260808_145501,ihawk2,40.0,2,Affine,5,0.016822,5,50,2.6935,2.7103219999999997
r480x300,480,300,20260808_145501,ihawk2,40.0,2,Homography,5,0.016186,5,50,2.6935,2.7096859999999996
r480x300,480,300,20260808_145501,ihawk2,40.0,2,PnP,5,1.303614,5,50,2.6935,3.997114
r480x300,480,300,20260808_145501,ihawk2,40.0,3,Affine,5,0.016638,5,50,3.1888,3.205438
r480x300,480,300,20260808_145501,ihawk2,40.0,3,Homography,5,0.016082,5,50,3.1888,3.204882
r480x300,480,300,20260808_145501,ihawk2,40.0,3,PnP,5,1.298728,5,50,3.1888,4.487528
r480x300,480,300,20260808_145501,ihawk2,45.0,1,Affine,5,0.016739999999999998,5,50,2.7422,2.75894
r480x300,480,300,20260808_145501,ihawk2,45.0,1,Homography,5,0.016052,5,50,2.7422,2.758252
r480x300,480,300,20260808_145501,ihawk2,45.0,1,PnP,5,1.238212,5,50,2.7422,3.9804120000000003
r480x300,480,300,20260808_145501,ihawk2,45.0,2,Affine,5,0.02487,5,50,2.7389,2.76377
r480x300,480,300,20260808_145501,ihawk2,45.0,2,Homography,5,0.02404,5,50,2.7389,2.76294
r480x300,480,300,20260808_145501,ihawk2,45.0,2,PnP,5,1.235816,5,50,2.7389,3.974716
r480x300,480,300,20260808_145501,ihawk2,45.0,3,Affine,5,0.016819999999999998,5,50,2.7389,2.75572
r480x300,480,300,20260808_145501,ihawk2,45.0,3,Homography,5,0.016224000000000002,5,50,2.7389,2.755124
r480x300,480,300,20260808_145501,ihawk2,45.0,3,PnP,5,1.1974179999999999,5,50,2.7389,3.936318
r480x300,480,300,20260808_145501,ihawk2,50.0,1,Affine,5,0.016868,5,50,2.7882,2.805068
r480x300,480,300,20260808_145501,ihawk2,50.0,1,Homography,5,0.01599,5,50,2.7882,2.8041899999999997
r480x300,480,300,20260808_145501,ihawk2,50.0,1,PnP,5,1.5885179999999999,5,50,2.7882,4.376717999999999
r480x300,480,300,20260808_145501,ihawk2,50.0,2,Affine,5,0.016824,5,50,2.7251,2.741924
r480x300,480,300,20260808_145501,ihawk2,50.0,2,Homography,5,0.016002000000000002,5,50,2.7251,2.7411019999999997
r480x300,480,300,20260808_145501,ihawk2,50.0,2,PnP,5,1.197686,5,50,2.7251,3.922786
r480x300,480,300,20260808_145501,ihawk2,50.0,3,Affine,5,0.0169,5,50,2.9039,2.9208000000000003
r480x300,480,300,20260808_145501,ihawk2,50.0,3,Homography,5,0.016104,5,50,2.9039,2.920004
r480x300,480,300,20260808_145501,ihawk2,50.0,3,PnP,5,1.33518,5,50,2.9039,4.23908
r480x300,480,300,20260808_151001,ihawk1,0.0,1,Affine,5,0.016806,5,50,2.7406,2.757406
r480x300,480,300,20260808_151001,ihawk1,0.0,1,Homography,5,0.016096,5,50,2.7406,2.7566960000000003
r480x300,480,300,20260808_151001,ihawk1,0.0,1,PnP,5,1.3324639999999999,5,50,2.7406,4.0730640000000005
r480x300,480,300,20260808_151001,ihawk1,0.0,2,Affine,5,0.016810000000000002,5,50,2.6995,2.71631
r480x300,480,300,20260808_151001,ihawk1,0.0,2,Homography,5,0.021532,5,50,2.6995,2.721032
r480x300,480,300,20260808_151001,ihawk1,0.0,2,PnP,5,1.316524,5,50,2.6995,4.016024
r480x300,480,300,20260808_151001,ihawk1,0.0,3,Affine,5,0.016734,5,50,3.2277,3.244434
r480x300,480,300,20260808_151001,ihawk1,0.0,3,Homography,5,0.016734,5,50,3.2277,3.244434
r480x300,480,300,20260808_151001,ihawk1,0.0,3,PnP,5,1.3906999999999998,5,50,3.2277,4.618399999999999
r480x300,480,300,20260808_151001,ihawk1,5.0,1,Affine,5,0.016676,5,50,3.1152,3.131876
r480x300,480,300,20260808_151001,ihawk1,5.0,1,Homography,5,0.020301999999999997,5,50,3.1152,3.1355020000000002
r480x300,480,300,20260808_151001,ihawk1,5.0,1,PnP,5,1.346992,5,50,3.1152,4.462192
r480x300,480,300,20260808_151001,ihawk1,5.0,2,Affine,5,0.01889,5,50,2.9249,2.94379
r480x300,480,300,20260808_151001,ihawk1,5.0,2,Homography,5,0.016004,5,50,2.9249,2.940904
r480x300,480,300,20260808_151001,ihawk1,5.0,2,PnP,5,1.6871459999999998,5,50,2.9249,4.612045999999999
r480x300,480,300,20260808_151001,ihawk1,5.0,3,Affine,5,0.018212,5,50,2.8744,2.892612
r480x300,480,300,20260808_151001,ihawk1,5.0,3,Homography,5,0.020118,5,50,2.8744,2.894518
r480x300,480,300,20260808_151001,ihawk1,5.0,3,PnP,5,1.6832740000000002,5,50,2.8744,4.5576740000000004
r480x300,480,300,20260808_151001,ihawk1,10.0,1,Affine,5,0.016748,5,50,3.6522,3.6689480000000003
r480x300,480,300,20260808_151001,ihawk1,10.0,1,Homography,5,0.016126,5,50,3.6522,3.668326
r480x300,480,300,20260808_151001,ihawk1,10.0,1,PnP,5,1.471688,5,50,3.6522,5.123888
r480x300,480,300,20260808_151001,ihawk1,10.0,2,Affine,5,0.016664,5,50,2.8306,2.847264
r480x300,480,300,20260808_151001,ihawk1,10.0,2,Homography,5,0.016204,5,50,2.8306,2.846804
r480x300,480,300,20260808_151001,ihawk1,10.0,2,PnP,5,1.647504,5,50,2.8306,4.478104
r480x300,480,300,20260808_151001,ihawk1,10.0,3,Affine,5,0.017614,5,50,2.7627,2.780314
r480x300,480,300,20260808_151001,ihawk1,10.0,3,Homography,5,0.015966,5,50,2.7627,2.7786660000000003
r480x300,480,300,20260808_151001,ihawk1,10.0,3,PnP,5,1.594918,5,50,2.7627,4.357618
r480x300,480,300,20260808_151001,ihawk1,15.0,1,Affine,5,0.021456,5,50,3.0815,3.1029560000000003
r480x300,480,300,20260808_151001,ihawk1,15.0,1,Homography,5,0.016032,5,50,3.0815,3.097532
r480x300,480,300,20260808_151001,ihawk1,15.0,1,PnP,5,1.481326,5,50,3.0815,4.562826
r480x300,480,300,20260808_151001,ihawk1,15.0,2,Affine,5,0.0169,5,50,2.9485,2.9654000000000003
r480x300,480,300,20260808_151001,ihawk1,15.0,2,Homography,5,0.016122,5,50,2.9485,2.9646220000000003
r480x300,480,300,20260808_151001,ihawk1,15.0,2,PnP,5,1.552338,5,50,2.9485,4.500838
r480x300,480,300,20260808_151001,ihawk1,15.0,3,Affine,5,0.017589999999999998,5,50,2.7752,2.79279
r480x300,480,300,20260808_151001,ihawk1,15.0,3,Homography,5,0.016357999999999998,5,50,2.7752,2.7915579999999998
r480x300,480,300,20260808_151001,ihawk1,15.0,3,PnP,5,1.483788,5,50,2.7752,4.258988
r480x300,480,300,20260808_151001,ihawk1,20.0,1,Affine,5,0.01683,5,50,3.016,3.03283
r480x300,480,300,20260808_151001,ihawk1,20.0,1,Homography,5,0.016062,5,50,3.016,3.032062
r480x300,480,300,20260808_151001,ihawk1,20.0,1,PnP,5,1.8071840000000001,5,50,3.016,4.823184
r480x300,480,300,20260808_151001,ihawk1,20.0,2,Affine,5,0.028458,5,50,3.2065,3.2349580000000002
r480x300,480,300,20260808_151001,ihawk1,20.0,2,Homography,5,0.024632,5,50,3.2065,3.231132
r480x300,480,300,20260808_151001,ihawk1,20.0,2,PnP,5,1.573972,5,50,3.2065,4.780472
r480x300,480,300,20260808_151001,ihawk1,20.0,3,Affine,5,0.016782,5,50,3.0553,3.072082
r480x300,480,300,20260808_151001,ihawk1,20.0,3,Homography,5,0.016102,5,50,3.0553,3.071402
r480x300,480,300,20260808_151001,ihawk1,20.0,3,PnP,5,2.16416,5,50,3.0553,5.21946
r480x300,480,300,20260808_151001,ihawk1,30.0,1,Affine,5,0.017018,5,50,3.4659,3.482918
r480x300,480,300,20260808_151001,ihawk1,30.0,1,Homography,5,0.016382,5,50,3.4659,3.482282
r480x300,480,300,20260808_151001,ihawk1,30.0,1,PnP,5,1.5047,5,50,3.4659,4.9706
r480x300,480,300,20260808_151001,ihawk1,30.0,2,Affine,5,0.017072,5,50,3.3722,3.389272
r480x300,480,300,20260808_151001,ihawk1,30.0,2,Homography,5,0.018766,5,50,3.3722,3.3909659999999997
r480x300,480,300,20260808_151001,ihawk1,30.0,2,PnP,5,1.6560499999999998,5,50,3.3722,5.02825
r480x300,480,300,20260808_151001,ihawk1,30.0,3,Affine,5,0.021472,5,50,3.6899,3.7113720000000003
r480x300,480,300,20260808_151001,ihawk1,30.0,3,Homography,5,0.016826,5,50,3.6899,3.706726
r480x300,480,300,20260808_151001,ihawk1,30.0,3,PnP,5,1.3757759999999999,5,50,3.6899,5.065676
r480x300,480,300,20260808_151001,ihawk1,35.0,1,Affine,5,0.016948,5,50,3.6705,3.6874480000000003
r480x300,480,300,20260808_151001,ihawk1,35.0,1,Homography,5,0.017318,5,50,3.6705,3.687818
r480x300,480,300,20260808_151001,ihawk1,35.0,1,PnP,5,1.4414580000000001,5,50,3.6705,5.1119580000000004
r480x300,480,300,20260808_151001,ihawk1,35.0,2,Affine,5,0.016828,5,50,3.4034,3.420228
r480x300,480,300,20260808_151001,ihawk1,35.0,2,Homography,5,0.019536,5,50,3.4034,3.422936
r480x300,480,300,20260808_151001,ihawk1,35.0,2,PnP,5,2.03369,5,50,3.4034,5.4370899999999995
r480x300,480,300,20260808_151001,ihawk1,35.0,3,Affine,5,0.016936,5,50,4.7161,4.733036
r480x300,480,300,20260808_151001,ihawk1,35.0,3,Homography,5,0.016177999999999998,5,50,4.7161,4.732278
r480x300,480,300,20260808_151001,ihawk1,35.0,3,PnP,5,1.721416,5,50,4.7161,6.4375160000000005
r480x300,480,300,20260808_151001,ihawk1,40.0,1,Affine,5,0.017386,5,50,3.5724,3.589786
r480x300,480,300,20260808_151001,ihawk1,40.0,1,Homography,5,0.01771,5,50,3.5724,3.59011
r480x300,480,300,20260808_151001,ihawk1,40.0,1,PnP,5,1.682484,5,50,3.5724,5.2548840000000006
r480x300,480,300,20260808_151001,ihawk1,40.0,2,Affine,5,0.017076,5,50,3.8011,3.818176
r480x300,480,300,20260808_151001,ihawk1,40.0,2,Homography,5,0.01661,5,50,3.8011,3.81771
r480x300,480,300,20260808_151001,ihawk1,40.0,2,PnP,5,1.488664,5,50,3.8011,5.289764
r480x300,480,300,20260808_151001,ihawk1,40.0,3,Affine,5,0.018614,5,50,2.9136,2.932214
r480x300,480,300,20260808_151001,ihawk1,40.0,3,Homography,5,0.017262,5,50,2.9136,2.9308620000000003
r480x300,480,300,20260808_151001,ihawk1,40.0,3,PnP,5,1.468534,5,50,2.9136,4.382134000000001
r480x300,480,300,20260808_151001,ihawk1,45.0,2,Affine,5,0.018054,5,50,3.2106,3.2286539999999997
r480x300,480,300,20260808_151001,ihawk1,45.0,2,Homography,5,0.020226,5,50,3.2106,3.230826
r480x300,480,300,20260808_151001,ihawk1,45.0,2,PnP,5,1.615472,5,50,3.2106,4.826072
r480x300,480,300,20260808_151001,ihawk1,45.0,3,Affine,5,0.01729,5,50,4.5017,4.51899
r480x300,480,300,20260808_151001,ihawk1,45.0,3,Homography,5,0.017586,5,50,4.5017,4.519285999999999
r480x300,480,300,20260808_151001,ihawk1,45.0,3,PnP,5,1.5975700000000002,5,50,4.5017,6.09927
r480x300,480,300,20260808_151001,ihawk1,50.0,1,Affine,5,0.025494,5,50,3.3839,3.4093940000000003
r480x300,480,300,20260808_151001,ihawk1,50.0,1,Homography,5,0.024582000000000003,5,50,3.3839,3.4084820000000002
r480x300,480,300,20260808_151001,ihawk1,50.0,1,PnP,5,1.576206,5,50,3.3839,4.960106
r480x300,480,300,20260808_151001,ihawk1,50.0,2,Affine,5,0.017504,5,50,4.7626,4.780104
r480x300,480,300,20260808_151001,ihawk1,50.0,2,Homography,5,0.017156,5,50,4.7626,4.779756
r480x300,480,300,20260808_151001,ihawk1,50.0,2,PnP,5,1.6107919999999998,5,50,4.7626,6.373392
r480x300,480,300,20260808_151001,ihawk1,50.0,3,Affine,5,0.017318,5,50,3.7735,3.790818
r480x300,480,300,20260808_151001,ihawk1,50.0,3,Homography,5,0.020706000000000002,5,50,3.7735,3.794206
r480x300,480,300,20260808_151001,ihawk1,50.0,3,PnP,5,1.550686,5,50,3.7735,5.324186
r480x300,480,300,20260808_151001,ihawk2,0.0,1,Affine,5,0.017134,5,50,3.2201,3.237234
r480x300,480,300,20260808_151001,ihawk2,0.0,1,Homography,5,0.016352,5,50,3.2201,3.236452
r480x300,480,300,20260808_151001,ihawk2,0.0,1,PnP,5,1.390748,5,50,3.2201,4.610848
r480x300,480,300,20260808_151001,ihawk2,0.0,2,Affine,5,0.017806,5,50,3.6985,3.7163060000000003
r480x300,480,300,20260808_151001,ihawk2,0.0,2,Homography,5,0.017096,5,50,3.6985,3.715596
r480x300,480,300,20260808_151001,ihawk2,0.0,2,PnP,5,1.33629,5,50,3.6985,5.03479
r480x300,480,300,20260808_151001,ihawk2,0.0,3,Affine,5,0.017732,5,50,3.9864,4.004132
r480x300,480,300,20260808_151001,ihawk2,0.0,3,Homography,5,0.01618,5,50,3.9864,4.00258
r480x300,480,300,20260808_151001,ihawk2,0.0,3,PnP,5,1.2502760000000002,5,50,3.9864,5.236676
r480x300,480,300,20260808_151001,ihawk2,5.0,1,Affine,5,0.016852,5,50,3.064,3.080852
r480x300,480,300,20260808_151001,ihawk2,5.0,1,Homography,5,0.016666,5,50,3.064,3.080666
r480x300,480,300,20260808_151001,ihawk2,5.0,1,PnP,5,1.146858,5,50,3.064,4.210858
r480x300,480,300,20260808_151001,ihawk2,5.0,2,Affine,5,0.016766,5,50,3.6776,3.694366
r480x300,480,300,20260808_151001,ihawk2,5.0,2,Homography,5,0.016138,5,50,3.6776,3.693738
r480x300,480,300,20260808_151001,ihawk2,5.0,2,PnP,5,1.443606,5,50,3.6776,5.121206
r480x300,480,300,20260808_151001,ihawk2,5.0,3,Affine,5,0.01916,5,50,2.8829,2.9020599999999996
r480x300,480,300,20260808_151001,ihawk2,5.0,3,Homography,5,0.015969999999999998,5,50,2.8829,2.8988699999999996
r480x300,480,300,20260808_151001,ihawk2,5.0,3,PnP,5,1.111856,5,50,2.8829,3.9947559999999998
r480x300,480,300,20260808_151001,ihawk2,10.0,1,Affine,5,0.016872,5,50,3.7966,3.8134720000000004
r480x300,480,300,20260808_151001,ihawk2,10.0,1,Homography,5,0.016366000000000002,5,50,3.7966,3.8129660000000003
r480x300,480,300,20260808_151001,ihawk2,10.0,1,PnP,5,1.14289,5,50,3.7966,4.93949
r480x300,480,300,20260808_151001,ihawk2,10.0,2,Affine,5,0.016644000000000003,5,50,2.7191,2.735744
r480x300,480,300,20260808_151001,ihawk2,10.0,2,Homography,5,0.016002000000000002,5,50,2.7191,2.735102
r480x300,480,300,20260808_151001,ihawk2,10.0,2,PnP,5,1.088172,5,50,2.7191,3.807272
r480x300,480,300,20260808_151001,ihawk2,10.0,3,Affine,5,0.016748,5,50,3.5105,3.527248
r480x300,480,300,20260808_151001,ihawk2,10.0,3,Homography,5,0.017176,5,50,3.5105,3.527676
r480x300,480,300,20260808_151001,ihawk2,10.0,3,PnP,5,1.10431,5,50,3.5105,4.61481
r480x300,480,300,20260808_151001,ihawk2,15.0,1,Affine,5,0.016756,5,50,2.8171,2.833856
r480x300,480,300,20260808_151001,ihawk2,15.0,1,Homography,5,0.017405999999999998,5,50,2.8171,2.8345059999999997
r480x300,480,300,20260808_151001,ihawk2,15.0,1,PnP,5,1.1783620000000001,5,50,2.8171,3.995462
r480x300,480,300,20260808_151001,ihawk2,15.0,2,Affine,5,0.016836,5,50,2.8667,2.883536
r480x300,480,300,20260808_151001,ihawk2,15.0,2,Homography,5,0.015824,5,50,2.8667,2.8825239999999996
r480x300,480,300,20260808_151001,ihawk2,15.0,2,PnP,5,1.08236,5,50,2.8667,3.94906
r480x300,480,300,20260808_151001,ihawk2,15.0,3,Affine,5,0.016784,5,50,3.2557,3.272484
r480x300,480,300,20260808_151001,ihawk2,15.0,3,Homography,5,0.015926,5,50,3.2557,3.271626
r480x300,480,300,20260808_151001,ihawk2,15.0,3,PnP,5,1.14832,5,50,3.2557,4.40402
r480x300,480,300,20260808_151001,ihawk2,20.0,1,Affine,5,0.016812,5,50,2.8959,2.912712
r480x300,480,300,20260808_151001,ihawk2,20.0,1,Homography,5,0.019028,5,50,2.8959,2.914928
r480x300,480,300,20260808_151001,ihawk2,20.0,1,PnP,5,1.223904,5,50,2.8959,4.119804
r480x300,480,300,20260808_151001,ihawk2,20.0,2,Affine,5,0.02084,5,50,3.0221,3.04294
r480x300,480,300,20260808_151001,ihawk2,20.0,2,Homography,5,0.023972000000000004,5,50,3.0221,3.046072
r480x300,480,300,20260808_151001,ihawk2,20.0,2,PnP,5,1.4259119999999998,5,50,3.0221,4.448012
r480x300,480,300,20260808_151001,ihawk2,20.0,3,Affine,5,0.017296,5,50,2.9052,2.9224959999999998
r480x300,480,300,20260808_151001,ihawk2,20.0,3,Homography,5,0.016042,5,50,2.9052,2.921242
r480x300,480,300,20260808_151001,ihawk2,20.0,3,PnP,5,1.112042,5,50,2.9052,4.0172419999999995
r480x300,480,300,20260808_151001,ihawk2,25.0,1,Affine,5,0.016776,5,50,2.8061,2.822876
r480x300,480,300,20260808_151001,ihawk2,25.0,1,Homography,5,0.016038,5,50,2.8061,2.822138
r480x300,480,300,20260808_151001,ihawk2,25.0,1,PnP,5,1.8403100000000001,5,50,2.8061,4.6464099999999995
r480x300,480,300,20260808_151001,ihawk2,25.0,2,Affine,5,0.017124,5,50,2.9484,2.965524
r480x300,480,300,20260808_151001,ihawk2,25.0,2,Homography,5,0.017482,5,50,2.9484,2.965882
r480x300,480,300,20260808_151001,ihawk2,25.0,2,PnP,5,1.703388,5,50,2.9484,4.651788
r480x300,480,300,20260808_151001,ihawk2,25.0,3,Affine,5,0.018014,5,50,2.9626,2.980614
r480x300,480,300,20260808_151001,ihawk2,25.0,3,Homography,5,0.022004000000000003,5,50,2.9626,2.984604
r480x300,480,300,20260808_151001,ihawk2,25.0,3,PnP,5,1.522704,5,50,2.9626,4.485304
r480x300,480,300,20260808_151001,ihawk2,30.0,1,Affine,5,0.027462,5,50,2.8057,2.8331619999999997
r480x300,480,300,20260808_151001,ihawk2,30.0,1,Homography,5,0.016881999999999998,5,50,2.8057,2.8225819999999997
r480x300,480,300,20260808_151001,ihawk2,30.0,1,PnP,5,1.714344,5,50,2.8057,4.520044
r480x300,480,300,20260808_151001,ihawk2,30.0,2,Affine,5,0.017058,5,50,2.7529,2.769958
r480x300,480,300,20260808_151001,ihawk2,30.0,2,Homography,5,0.017328,5,50,2.7529,2.770228
r480x300,480,300,20260808_151001,ihawk2,30.0,2,PnP,5,1.5202799999999999,5,50,2.7529,4.27318
r480x300,480,300,20260808_151001,ihawk2,30.0,3,Affine,5,0.016766,5,50,2.6723,2.689066
r480x300,480,300,20260808_151001,ihawk2,30.0,3,Homography,5,0.017672,5,50,2.6723,2.689972
r480x300,480,300,20260808_151001,ihawk2,30.0,3,PnP,5,1.539294,5,50,2.6723,4.211594
r480x300,480,300,20260808_151001,ihawk2,35.0,1,Affine,5,0.019622,5,50,2.8655,2.885122
r480x300,480,300,20260808_151001,ihawk2,35.0,1,Homography,5,0.024045999999999998,5,50,2.8655,2.8895459999999997
r480x300,480,300,20260808_151001,ihawk2,35.0,1,PnP,5,1.438176,5,50,2.8655,4.303675999999999
r480x300,480,300,20260808_151001,ihawk2,35.0,2,Affine,5,0.018414,5,50,3.7682,3.786614
r480x300,480,300,20260808_151001,ihawk2,35.0,2,Homography,5,0.01744,5,50,3.7682,3.7856400000000003
r480x300,480,300,20260808_151001,ihawk2,35.0,2,PnP,5,1.307346,5,50,3.7682,5.075546
r480x300,480,300,20260808_151001,ihawk2,35.0,3,Affine,5,0.016857999999999998,5,50,3.8775,3.894358
r480x300,480,300,20260808_151001,ihawk2,35.0,3,Homography,5,0.016176,5,50,3.8775,3.893676
r480x300,480,300,20260808_151001,ihawk2,35.0,3,PnP,5,1.333682,5,50,3.8775,5.211182
r480x300,480,300,20260808_151001,ihawk2,40.0,1,Affine,5,0.019450000000000002,5,50,3.9339,3.95335
r480x300,480,300,20260808_151001,ihawk2,40.0,1,Homography,5,0.016146,5,50,3.9339,3.950046
r480x300,480,300,20260808_151001,ihawk2,40.0,1,PnP,5,1.338142,5,50,3.9339,5.272042
r480x300,480,300,20260808_151001,ihawk2,40.0,2,Affine,5,0.01676,5,50,2.9403,2.9570600000000002
r480x300,480,300,20260808_151001,ihawk2,40.0,2,Homography,5,0.01609,5,50,2.9403,2.9563900000000003
r480x300,480,300,20260808_151001,ihawk2,40.0,2,PnP,5,1.330438,5,50,2.9403,4.270738
r480x300,480,300,20260808_151001,ihawk2,40.0,3,Affine,5,0.016668000000000002,5,50,2.8668,2.883468
r480x300,480,300,20260808_151001,ihawk2,40.0,3,Homography,5,0.016112,5,50,2.8668,2.882912
r480x300,480,300,20260808_151001,ihawk2,40.0,3,PnP,5,1.4211699999999998,5,50,2.8668,4.28797
r480x300,480,300,20260808_151001,ihawk2,45.0,1,Affine,5,0.01698,5,50,3.1172,3.13418
r480x300,480,300,20260808_151001,ihawk2,45.0,1,Homography,5,0.016268,5,50,3.1172,3.133468
r480x300,480,300,20260808_151001,ihawk2,45.0,1,PnP,5,1.3089140000000001,5,50,3.1172,4.426114
r480x300,480,300,20260808_151001,ihawk2,45.0,2,Affine,5,0.021429999999999998,5,50,3.3248,3.3462300000000003
r480x300,480,300,20260808_151001,ihawk2,45.0,2,Homography,5,0.016168000000000002,5,50,3.3248,3.340968
r480x300,480,300,20260808_151001,ihawk2,45.0,2,PnP,5,1.3134700000000001,5,50,3.3248,4.63827
r480x300,480,300,20260808_151001,ihawk2,45.0,3,Affine,5,0.021551999999999998,5,50,3.8686,3.8901519999999996
r480x300,480,300,20260808_151001,ihawk2,45.0,3,Homography,5,0.018158,5,50,3.8686,3.886758
r480x300,480,300,20260808_151001,ihawk2,45.0,3,PnP,5,1.361854,5,50,3.8686,5.230454
r480x300,480,300,20260808_151001,ihawk2,50.0,1,Affine,5,0.01702,5,50,4.0559,4.07292
r480x300,480,300,20260808_151001,ihawk2,50.0,1,Homography,5,0.016319999999999998,5,50,4.0559,4.072220000000001
r480x300,480,300,20260808_151001,ihawk2,50.0,1,PnP,5,1.118754,5,50,4.0559,5.174654
r480x300,480,300,20260808_151001,ihawk2,50.0,2,Affine,5,0.01817,5,50,2.7546,2.77277
r480x300,480,300,20260808_151001,ihawk2,50.0,2,Homography,5,0.016042,5,50,2.7546,2.770642
r480x300,480,300,20260808_151001,ihawk2,50.0,2,PnP,5,1.1625860000000001,5,50,2.7546,3.917186
r480x300,480,300,20260808_151001,ihawk2,50.0,3,Affine,5,0.016782,5,50,2.8198,2.836582
r480x300,480,300,20260808_151001,ihawk2,50.0,3,Homography,5,0.022042000000000003,5,50,2.8198,2.8418419999999998
r480x300,480,300,20260808_151001,ihawk2,50.0,3,PnP,5,1.189096,5,50,2.8198,4.008896
r480x300,480,300,20260808_162715,ihawk1,0.0,1,Affine,5,0.01698,5,50,3.4861,3.50308
r480x300,480,300,20260808_162715,ihawk1,0.0,1,Homography,5,0.015928,5,50,3.4861,3.502028
r480x300,480,300,20260808_162715,ihawk1,0.0,1,PnP,5,1.280226,5,50,3.4861,4.766326
r480x300,480,300,20260808_162715,ihawk1,0.0,2,Affine,5,0.016826,5,50,3.5421,3.558926
r480x300,480,300,20260808_162715,ihawk1,0.0,2,Homography,5,0.016134,5,50,3.5421,3.558234
r480x300,480,300,20260808_162715,ihawk1,0.0,2,PnP,5,1.319684,5,50,3.5421,4.861784
r480x300,480,300,20260808_162715,ihawk1,0.0,3,Affine,5,0.017494,5,50,3.4208,3.438294
r480x300,480,300,20260808_162715,ihawk1,0.0,3,Homography,5,0.027426,5,50,3.4208,3.448226
r480x300,480,300,20260808_162715,ihawk1,0.0,3,PnP,5,2.084416,5,50,3.4208,5.505216
r480x300,480,300,20260808_162715,ihawk1,5.0,2,Affine,5,0.017312,5,50,4.0334,4.050712000000001
r480x300,480,300,20260808_162715,ihawk1,5.0,2,Homography,5,0.016120000000000002,5,50,4.0334,4.04952
r480x300,480,300,20260808_162715,ihawk1,5.0,2,PnP,5,2.0251959999999998,5,50,4.0334,6.058596
r480x300,480,300,20260808_162715,ihawk1,5.0,3,Affine,5,0.018144,5,50,3.276,3.2941439999999997
r480x300,480,300,20260808_162715,ihawk1,5.0,3,Homography,5,0.016763999999999998,5,50,3.276,3.2927639999999996
r480x300,480,300,20260808_162715,ihawk1,5.0,3,PnP,5,1.99354,5,50,3.276,5.26954
r480x300,480,300,20260808_162715,ihawk1,15.0,1,Affine,5,0.016838,5,50,3.2914,3.308238
r480x300,480,300,20260808_162715,ihawk1,15.0,1,Homography,5,0.016114,5,50,3.2914,3.307514
r480x300,480,300,20260808_162715,ihawk1,15.0,1,PnP,5,1.5214420000000002,5,50,3.2914,4.812842
r480x300,480,300,20260808_162715,ihawk1,15.0,2,Affine,5,0.01694,5,50,3.3819,3.39884
r480x300,480,300,20260808_162715,ihawk1,15.0,2,Homography,5,0.01847,5,50,3.3819,3.40037
r480x300,480,300,20260808_162715,ihawk1,15.0,2,PnP,5,1.4915379999999998,5,50,3.3819,4.873438
r480x300,480,300,20260808_162715,ihawk1,15.0,3,Affine,5,0.01675,5,50,3.1472,3.1639500000000003
r480x300,480,300,20260808_162715,ihawk1,15.0,3,Homography,5,0.016128,5,50,3.1472,3.1633280000000004
r480x300,480,300,20260808_162715,ihawk1,15.0,3,PnP,5,1.465522,5,50,3.1472,4.612722
r480x300,480,300,20260808_162715,ihawk1,30.0,1,Affine,5,0.018384,5,50,4.3191,4.337484
r480x300,480,300,20260808_162715,ihawk1,30.0,1,Homography,5,0.01602,5,50,4.3191,4.33512
r480x300,480,300,20260808_162715,ihawk1,30.0,1,PnP,5,1.4265860000000001,5,50,4.3191,5.745686
r480x300,480,300,20260808_162715,ihawk1,30.0,2,Affine,5,0.016832,5,50,3.5495,3.566332
r480x300,480,300,20260808_162715,ihawk1,30.0,2,Homography,5,0.016162,5,50,3.5495,3.565662
r480x300,480,300,20260808_162715,ihawk1,30.0,2,PnP,5,1.5658459999999998,5,50,3.5495,5.115346
r480x300,480,300,20260808_162715,ihawk1,30.0,3,Affine,5,0.017065999999999998,5,50,3.3767,3.393766
r480x300,480,300,20260808_162715,ihawk1,30.0,3,Homography,5,0.016274,5,50,3.3767,3.392974
r480x300,480,300,20260808_162715,ihawk1,30.0,3,PnP,5,1.69276,5,50,3.3767,5.06946
r480x300,480,300,20260808_162715,ihawk1,35.0,1,Affine,5,0.020036,5,50,3.071,3.0910360000000003
r480x300,480,300,20260808_162715,ihawk1,35.0,1,Homography,5,0.017183999999999998,5,50,3.071,3.088184
r480x300,480,300,20260808_162715,ihawk1,35.0,1,PnP,5,1.662708,5,50,3.071,4.733708
r480x300,480,300,20260808_162715,ihawk1,35.0,2,Affine,5,0.016888,5,50,3.3167,3.3335879999999998
r480x300,480,300,20260808_162715,ihawk1,35.0,2,Homography,5,0.016194,5,50,3.3167,3.332894
r480x300,480,300,20260808_162715,ihawk1,35.0,2,PnP,5,1.7059600000000001,5,50,3.3167,5.02266
r480x300,480,300,20260808_162715,ihawk1,35.0,3,Affine,5,0.016819999999999998,5,50,3.042,3.05882
r480x300,480,300,20260808_162715,ihawk1,35.0,3,Homography,5,0.019001999999999998,5,50,3.042,3.061002
r480x300,480,300,20260808_162715,ihawk1,35.0,3,PnP,5,1.956572,5,50,3.042,4.998571999999999
r480x300,480,300,20260808_162715,ihawk1,45.0,2,Affine,5,0.016772,5,50,3.299,3.315772
r480x300,480,300,20260808_162715,ihawk1,45.0,2,Homography,5,0.015998000000000002,5,50,3.299,3.314998
r480x300,480,300,20260808_162715,ihawk1,45.0,2,PnP,5,1.52683,5,50,3.299,4.82583
r480x300,480,300,20260808_162715,ihawk1,50.0,3,Affine,5,0.016857999999999998,5,50,3.4819,3.498758
r480x300,480,300,20260808_162715,ihawk1,50.0,3,Homography,5,0.016118,5,50,3.4819,3.498018
r480x300,480,300,20260808_162715,ihawk1,50.0,3,PnP,5,1.552876,5,50,3.4819,5.034776
r480x300,480,300,20260808_162715,ihawk2,0.0,1,Affine,5,0.01688,5,50,2.7224,2.73928
r480x300,480,300,20260808_162715,ihawk2,0.0,1,Homography,5,0.016864,5,50,2.7224,2.739264
r480x300,480,300,20260808_162715,ihawk2,0.0,1,PnP,5,1.522686,5,50,2.7224,4.245086
r480x300,480,300,20260808_162715,ihawk2,0.0,2,Affine,5,0.016826,5,50,2.7519,2.768726
r480x300,480,300,20260808_162715,ihawk2,0.0,2,Homography,5,0.016144000000000002,5,50,2.7519,2.768044
r480x300,480,300,20260808_162715,ihawk2,0.0,2,PnP,5,1.175582,5,50,2.7519,3.927482
r480x300,480,300,20260808_162715,ihawk2,0.0,3,Affine,5,0.016928000000000002,5,50,2.7966,2.8135280000000003
r480x300,480,300,20260808_162715,ihawk2,0.0,3,Homography,5,0.016144000000000002,5,50,2.7966,2.8127440000000004
r480x300,480,300,20260808_162715,ihawk2,0.0,3,PnP,5,1.16479,5,50,2.7966,3.96139
r480x300,480,300,20260808_162715,ihawk2,5.0,1,Affine,5,0.01676,5,50,2.851,2.86776
r480x300,480,300,20260808_162715,ihawk2,5.0,1,Homography,5,0.016124,5,50,2.851,2.867124
r480x300,480,300,20260808_162715,ihawk2,5.0,1,PnP,5,1.179266,5,50,2.851,4.030266
r480x300,480,300,20260808_162715,ihawk2,5.0,2,Affine,5,0.029188000000000002,5,50,3.8503,3.879488
r480x300,480,300,20260808_162715,ihawk2,5.0,2,Homography,5,0.016042,5,50,3.8503,3.866342
r480x300,480,300,20260808_162715,ihawk2,5.0,2,PnP,5,1.13186,5,50,3.8503,4.98216
r480x300,480,300,20260808_162715,ihawk2,5.0,3,Affine,5,0.017404,5,50,3.1601,3.177504
r480x300,480,300,20260808_162715,ihawk2,5.0,3,Homography,5,0.016038,5,50,3.1601,3.176138
r480x300,480,300,20260808_162715,ihawk2,5.0,3,PnP,5,1.138202,5,50,3.1601,4.298302
r480x300,480,300,20260808_162715,ihawk2,10.0,1,Affine,5,0.017,5,50,3.123,3.14
r480x300,480,300,20260808_162715,ihawk2,10.0,1,Homography,5,0.016172,5,50,3.123,3.1391720000000003
r480x300,480,300,20260808_162715,ihawk2,10.0,1,PnP,5,1.259066,5,50,3.123,4.382066
r480x300,480,300,20260808_162715,ihawk2,10.0,2,Affine,5,0.01677,5,50,3.6652,3.68197
r480x300,480,300,20260808_162715,ihawk2,10.0,2,Homography,5,0.021042,5,50,3.6652,3.686242
r480x300,480,300,20260808_162715,ihawk2,10.0,2,PnP,5,1.416314,5,50,3.6652,5.081514
r480x300,480,300,20260808_162715,ihawk2,10.0,3,Affine,5,0.01677,5,50,3.1424,3.15917
r480x300,480,300,20260808_162715,ihawk2,10.0,3,Homography,5,0.019299999999999998,5,50,3.1424,3.1616999999999997
r480x300,480,300,20260808_162715,ihawk2,10.0,3,PnP,5,1.3040559999999999,5,50,3.1424,4.4464559999999995
r480x300,480,300,20260808_162715,ihawk2,15.0,1,Affine,5,0.016890000000000002,5,50,2.7623,2.7791900000000003
r480x300,480,300,20260808_162715,ihawk2,15.0,1,Homography,5,0.016008,5,50,2.7623,2.778308
r480x300,480,300,20260808_162715,ihawk2,15.0,1,PnP,5,1.223258,5,50,2.7623,3.985558
r480x300,480,300,20260808_162715,ihawk2,15.0,2,Affine,5,0.016772,5,50,2.7883,2.805072
r480x300,480,300,20260808_162715,ihawk2,15.0,2,Homography,5,0.01611,5,50,2.7883,2.80441
r480x300,480,300,20260808_162715,ihawk2,15.0,2,PnP,5,1.161982,5,50,2.7883,3.950282
r480x300,480,300,20260808_162715,ihawk2,15.0,3,Affine,5,0.016712,5,50,3.0029,3.019612
r480x300,480,300,20260808_162715,ihawk2,15.0,3,Homography,5,0.016094,5,50,3.0029,3.0189939999999997
r480x300,480,300,20260808_162715,ihawk2,15.0,3,PnP,5,1.1736440000000001,5,50,3.0029,4.176544
r480x300,480,300,20260808_162715,ihawk2,20.0,1,Affine,5,0.019,5,50,3.1119,3.1309
r480x300,480,300,20260808_162715,ihawk2,20.0,1,Homography,5,0.015918,5,50,3.1119,3.127818
r480x300,480,300,20260808_162715,ihawk2,20.0,1,PnP,5,1.193066,5,50,3.1119,4.304966
r480x300,480,300,20260808_162715,ihawk2,20.0,2,Affine,5,0.01684,5,50,3.4485,3.4653400000000003
r480x300,480,300,20260808_162715,ihawk2,20.0,2,Homography,5,0.022462,5,50,3.4485,3.470962
r480x300,480,300,20260808_162715,ihawk2,20.0,2,PnP,5,1.275682,5,50,3.4485,4.724182
r480x300,480,300,20260808_162715,ihawk2,20.0,3,Affine,5,0.016746,5,50,3.427,3.443746
r480x300,480,300,20260808_162715,ihawk2,20.0,3,Homography,5,0.016044,5,50,3.427,3.443044
r480x300,480,300,20260808_162715,ihawk2,20.0,3,PnP,5,1.2558799999999999,5,50,3.427,4.68288
r480x300,480,300,20260808_162715,ihawk2,25.0,1,Affine,5,0.016934,5,50,2.9109,2.927834
r480x300,480,300,20260808_162715,ihawk2,25.0,1,Homography,5,0.016152,5,50,2.9109,2.9270519999999998
r480x300,480,300,20260808_162715,ihawk2,25.0,1,PnP,5,1.2633320000000001,5,50,2.9109,4.174232
r480x300,480,300,20260808_162715,ihawk2,25.0,2,Affine,5,0.017004,5,50,3.0225,3.039504
r480x300,480,300,20260808_162715,ihawk2,25.0,2,Homography,5,0.01615,5,50,3.0225,3.03865
r480x300,480,300,20260808_162715,ihawk2,25.0,2,PnP,5,1.2650700000000001,5,50,3.0225,4.2875700000000005
r480x300,480,300,20260808_162715,ihawk2,25.0,3,Affine,5,0.01693,5,50,2.9409,2.95783
r480x300,480,300,20260808_162715,ihawk2,25.0,3,Homography,5,0.016096,5,50,2.9409,2.956996
r480x300,480,300,20260808_162715,ihawk2,25.0,3,PnP,5,1.320036,5,50,2.9409,4.260936
r480x300,480,300,20260808_162715,ihawk2,30.0,1,Affine,5,0.016742,5,50,2.8425,2.8592419999999996
r480x300,480,300,20260808_162715,ihawk2,30.0,1,Homography,5,0.016052,5,50,2.8425,2.858552
r480x300,480,300,20260808_162715,ihawk2,30.0,1,PnP,5,1.224036,5,50,2.8425,4.066535999999999
r480x300,480,300,20260808_162715,ihawk2,30.0,2,Affine,5,0.0168,5,50,2.7606,2.7774
r480x300,480,300,20260808_162715,ihawk2,30.0,2,Homography,5,0.017688,5,50,2.7606,2.7782880000000003
r480x300,480,300,20260808_162715,ihawk2,30.0,2,PnP,5,1.137214,5,50,2.7606,3.8978140000000003
r480x300,480,300,20260808_162715,ihawk2,30.0,3,Affine,5,0.017292000000000002,5,50,2.7662,2.783492
r480x300,480,300,20260808_162715,ihawk2,30.0,3,Homography,5,0.022778,5,50,2.7662,2.788978
r480x300,480,300,20260808_162715,ihawk2,30.0,3,PnP,5,1.380954,5,50,2.7662,4.1471540000000005
r480x300,480,300,20260808_162715,ihawk2,35.0,1,Affine,5,0.016818,5,50,2.7574,2.7742180000000003
r480x300,480,300,20260808_162715,ihawk2,35.0,1,Homography,5,0.018520000000000002,5,50,2.7574,2.77592
r480x300,480,300,20260808_162715,ihawk2,35.0,1,PnP,5,1.4259680000000001,5,50,2.7574,4.183368
r480x300,480,300,20260808_162715,ihawk2,35.0,2,Affine,5,0.017689999999999997,5,50,2.7826,2.80029
r480x300,480,300,20260808_162715,ihawk2,35.0,2,Homography,5,0.016120000000000002,5,50,2.7826,2.79872
r480x300,480,300,20260808_162715,ihawk2,35.0,2,PnP,5,1.340274,5,50,2.7826,4.1228739999999995
r480x300,480,300,20260808_162715,ihawk2,35.0,3,Affine,5,0.016806,5,50,2.7805,2.797306
r480x300,480,300,20260808_162715,ihawk2,35.0,3,Homography,5,0.015974,5,50,2.7805,2.796474
r480x300,480,300,20260808_162715,ihawk2,35.0,3,PnP,5,1.545198,5,50,2.7805,4.325698
r480x300,480,300,20260808_162715,ihawk2,40.0,1,Affine,5,0.025248,5,50,2.6057,2.630948
r480x300,480,300,20260808_162715,ihawk2,40.0,1,Homography,5,0.026226,5,50,2.6057,2.631926
r480x300,480,300,20260808_162715,ihawk2,40.0,1,PnP,5,1.3184460000000002,5,50,2.6057,3.9241460000000004
r480x300,480,300,20260808_162715,ihawk2,40.0,2,Affine,5,0.016579999999999998,5,50,2.5717,2.5882799999999997
r480x300,480,300,20260808_162715,ihawk2,40.0,2,Homography,5,0.016056,5,50,2.5717,2.5877559999999997
r480x300,480,300,20260808_162715,ihawk2,40.0,2,PnP,5,1.314796,5,50,2.5717,3.886496
r480x300,480,300,20260808_162715,ihawk2,40.0,3,Affine,5,0.016872,5,50,2.6637,2.680572
r480x300,480,300,20260808_162715,ihawk2,40.0,3,Homography,5,0.015958,5,50,2.6637,2.679658
r480x300,480,300,20260808_162715,ihawk2,40.0,3,PnP,5,1.492898,5,50,2.6637,4.156598
r480x300,480,300,20260808_162715,ihawk2,45.0,1,Affine,5,0.017334000000000002,5,50,2.8203,2.837634
r480x300,480,300,20260808_162715,ihawk2,45.0,1,Homography,5,0.016602,5,50,2.8203,2.836902
r480x300,480,300,20260808_162715,ihawk2,45.0,1,PnP,5,1.292994,5,50,2.8203,4.113294
r480x300,480,300,20260808_162715,ihawk2,45.0,2,Affine,5,0.017868,5,50,2.8476,2.865468
r480x300,480,300,20260808_162715,ihawk2,45.0,2,Homography,5,0.01864,5,50,2.8476,2.86624
r480x300,480,300,20260808_162715,ihawk2,45.0,2,PnP,5,1.366716,5,50,2.8476,4.214316
r480x300,480,300,20260808_162715,ihawk2,45.0,3,Affine,5,0.023208000000000003,5,50,2.7733,2.7965079999999998
r480x300,480,300,20260808_162715,ihawk2,45.0,3,Homography,5,0.020954,5,50,2.7733,2.794254
r480x300,480,300,20260808_162715,ihawk2,45.0,3,PnP,5,1.3361,5,50,2.7733,4.1094
r480x300,480,300,20260808_162715,ihawk2,50.0,1,Affine,5,0.017716,5,50,2.827,2.844716
r480x300,480,300,20260808_162715,ihawk2,50.0,1,Homography,5,0.016862,5,50,2.827,2.843862
r480x300,480,300,20260808_162715,ihawk2,50.0,1,PnP,5,1.3023159999999998,5,50,2.827,4.129315999999999
r480x300,480,300,20260808_162715,ihawk2,50.0,2,Affine,5,0.017150000000000002,5,50,4.1536,4.17075
r480x300,480,300,20260808_162715,ihawk2,50.0,2,Homography,5,0.016288,5,50,4.1536,4.169888
r480x300,480,300,20260808_162715,ihawk2,50.0,2,PnP,5,1.809352,5,50,4.1536,5.962952
r480x300,480,300,20260808_162715,ihawk2,50.0,3,Affine,5,0.018046,5,50,2.7309,2.748946
r480x300,480,300,20260808_162715,ihawk2,50.0,3,Homography,5,0.018598,5,50,2.7309,2.749498
r480x300,480,300,20260808_162715,ihawk2,50.0,3,PnP,5,1.2933439999999998,5,50,2.7309,4.0242439999999995
r320x200,320,200,20260808_131913,ihawk2,0.0,1,Affine,5,0.016978,5,50,1.7104,1.7273779999999999
r320x200,320,200,20260808_131913,ihawk2,0.0,1,Homography,5,0.01677,5,50,1.7104,1.7271699999999999
r320x200,320,200,20260808_131913,ihawk2,0.0,1,PnP,5,1.574134,5,50,1.7104,3.284534
r320x200,320,200,20260808_131913,ihawk2,0.0,2,Affine,5,0.024874,5,50,1.6771,1.701974
r320x200,320,200,20260808_131913,ihawk2,0.0,2,Homography,5,0.018238,5,50,1.6771,1.695338
r320x200,320,200,20260808_131913,ihawk2,0.0,2,PnP,5,1.541242,5,50,1.6771,3.218342
r320x200,320,200,20260808_131913,ihawk2,0.0,3,Affine,5,0.019927999999999998,5,50,1.7658,1.785728
r320x200,320,200,20260808_131913,ihawk2,0.0,3,Homography,5,0.016056,5,50,1.7658,1.781856
r320x200,320,200,20260808_131913,ihawk2,0.0,3,PnP,5,1.4424379999999999,5,50,1.7658,3.2082379999999997
r320x200,320,200,20260808_131913,ihawk2,5.0,1,Affine,5,0.016776,5,50,1.6761,1.6928759999999998
r320x200,320,200,20260808_131913,ihawk2,5.0,1,Homography,5,0.017252,5,50,1.6761,1.693352
r320x200,320,200,20260808_131913,ihawk2,5.0,1,PnP,5,1.2510620000000001,5,50,1.6761,2.927162
r320x200,320,200,20260808_131913,ihawk2,5.0,2,Affine,5,0.016828,5,50,1.6671,1.683928
r320x200,320,200,20260808_131913,ihawk2,5.0,2,Homography,5,0.016936,5,50,1.6671,1.684036
r320x200,320,200,20260808_131913,ihawk2,5.0,2,PnP,5,1.20621,5,50,1.6671,2.87331
r320x200,320,200,20260808_131913,ihawk2,5.0,3,Affine,5,0.01687,5,50,1.6862,1.7030699999999999
r320x200,320,200,20260808_131913,ihawk2,5.0,3,Homography,5,0.016122,5,50,1.6862,1.702322
r320x200,320,200,20260808_131913,ihawk2,5.0,3,PnP,5,1.20266,5,50,1.6862,2.88886
r320x200,320,200,20260808_131913,ihawk2,15.0,1,Affine,5,0.016763999999999998,5,50,1.6672,1.683964
r320x200,320,200,20260808_131913,ihawk2,15.0,1,Homography,5,0.016118,5,50,1.6672,1.683318
r320x200,320,200,20260808_131913,ihawk2,15.0,1,PnP,5,1.243828,5,50,1.6672,2.911028
r320x200,320,200,20260808_131913,ihawk2,15.0,2,Affine,5,0.016784,5,50,1.6137,1.6304839999999998
r320x200,320,200,20260808_131913,ihawk2,15.0,2,Homography,5,0.016177999999999998,5,50,1.6137,1.629878
r320x200,320,200,20260808_131913,ihawk2,15.0,2,PnP,5,1.471746,5,50,1.6137,3.085446
r320x200,320,200,20260808_131913,ihawk2,15.0,3,Affine,5,0.01676,5,50,1.9076,1.92436
r320x200,320,200,20260808_131913,ihawk2,15.0,3,Homography,5,0.01601,5,50,1.9076,1.92361
r320x200,320,200,20260808_131913,ihawk2,15.0,3,PnP,5,1.3522880000000002,5,50,1.9076,3.259888
r320x200,320,200,20260808_131913,ihawk2,25.0,1,Affine,5,0.016786000000000002,5,50,1.6774,1.694186
r320x200,320,200,20260808_131913,ihawk2,25.0,1,Homography,5,0.016168000000000002,5,50,1.6774,1.693568
r320x200,320,200,20260808_131913,ihawk2,25.0,1,PnP,5,2.2292259999999997,5,50,1.6774,3.9066259999999997
r320x200,320,200,20260808_131913,ihawk2,25.0,2,Affine,5,0.01692,5,50,1.7079,1.72482
r320x200,320,200,20260808_131913,ihawk2,25.0,2,Homography,5,0.018406,5,50,1.7079,1.726306
r320x200,320,200,20260808_131913,ihawk2,25.0,2,PnP,5,2.038006,5,50,1.7079,3.745906
r320x200,320,200,20260808_131913,ihawk2,25.0,3,Affine,5,0.01688,5,50,1.655,1.67188
r320x200,320,200,20260808_131913,ihawk2,25.0,3,Homography,5,0.016040000000000002,5,50,1.655,1.67104
r320x200,320,200,20260808_131913,ihawk2,25.0,3,PnP,5,1.5629419999999998,5,50,1.655,3.217942
r320x200,320,200,20260808_131913,ihawk2,30.0,1,Affine,5,0.0168,5,50,1.7259,1.7427
r320x200,320,200,20260808_131913,ihawk2,30.0,1,Homography,5,0.016097999999999998,5,50,1.7259,1.741998
r320x200,320,200,20260808_131913,ihawk2,30.0,1,PnP,5,1.42569,5,50,1.7259,3.1515899999999997
r320x200,320,200,20260808_131913,ihawk2,30.0,2,Affine,5,0.01692,5,50,1.7546,1.77152
r320x200,320,200,20260808_131913,ihawk2,30.0,2,Homography,5,0.016038,5,50,1.7546,1.770638
r320x200,320,200,20260808_131913,ihawk2,30.0,2,PnP,5,1.409092,5,50,1.7546,3.163692
r320x200,320,200,20260808_131913,ihawk2,30.0,3,Affine,5,0.016758,5,50,1.8283,1.845058
r320x200,320,200,20260808_131913,ihawk2,30.0,3,Homography,5,0.016086,5,50,1.8283,1.844386
r320x200,320,200,20260808_131913,ihawk2,30.0,3,PnP,5,1.390118,5,50,1.8283,3.218418
r320x200,320,200,20260808_131913,ihawk2,35.0,1,Affine,5,0.01677,5,50,1.7274,1.74417
r320x200,320,200,20260808_131913,ihawk2,35.0,1,Homography,5,0.017612000000000003,5,50,1.7274,1.745012
r320x200,320,200,20260808_131913,ihawk2,35.0,1,PnP,5,1.268536,5,50,1.7274,2.9959360000000004
r320x200,320,200,20260808_131913,ihawk2,35.0,2,Affine,5,0.016728,5,50,1.7242,1.740928
r320x200,320,200,20260808_131913,ihawk2,35.0,2,Homography,5,0.016164,5,50,1.7242,1.740364
r320x200,320,200,20260808_131913,ihawk2,35.0,2,PnP,5,1.237938,5,50,1.7242,2.962138
r320x200,320,200,20260808_131913,ihawk2,35.0,3,Affine,5,0.019476,5,50,1.7282,1.747676
r320x200,320,200,20260808_131913,ihawk2,35.0,3,Homography,5,0.01594,5,50,1.7282,1.74414
r320x200,320,200,20260808_131913,ihawk2,35.0,3,PnP,5,1.252814,5,50,1.7282,2.981014
r320x200,320,200,20260808_131913,ihawk2,40.0,1,Affine,5,0.020204,5,50,1.7452,1.7654040000000002
r320x200,320,200,20260808_131913,ihawk2,40.0,1,Homography,5,0.016122,5,50,1.7452,1.761322
r320x200,320,200,20260808_131913,ihawk2,40.0,1,PnP,5,1.543072,5,50,1.7452,3.288272
r320x200,320,200,20260808_131913,ihawk2,40.0,2,Affine,5,0.01683,5,50,1.74,1.75683
r320x200,320,200,20260808_131913,ihawk2,40.0,2,Homography,5,0.016034,5,50,1.74,1.756034
r320x200,320,200,20260808_131913,ihawk2,40.0,2,PnP,5,1.7283000000000002,5,50,1.74,3.4683
r320x200,320,200,20260808_131913,ihawk2,40.0,3,Affine,5,0.01671,5,50,1.7614,1.77811
r320x200,320,200,20260808_131913,ihawk2,40.0,3,Homography,5,0.016106,5,50,1.7614,1.777506
r320x200,320,200,20260808_131913,ihawk2,40.0,3,PnP,5,1.838792,5,50,1.7614,3.600192
r320x200,320,200,20260808_131913,ihawk2,45.0,1,Affine,5,0.016836,5,50,1.6193,1.636136
r320x200,320,200,20260808_131913,ihawk2,45.0,1,Homography,5,0.01614,5,50,1.6193,1.63544
r320x200,320,200,20260808_131913,ihawk2,45.0,1,PnP,5,1.623958,5,50,1.6193,3.243258
r320x200,320,200,20260808_131913,ihawk2,45.0,2,Affine,5,0.0168,5,50,1.5783,1.5951
r320x200,320,200,20260808_131913,ihawk2,45.0,2,Homography,5,0.02116,5,50,1.5783,1.59946
r320x200,320,200,20260808_131913,ihawk2,45.0,2,PnP,5,1.556788,5,50,1.5783,3.135088
r320x200,320,200,20260808_131913,ihawk2,45.0,3,Affine,5,0.016806,5,50,1.5791,1.595906
r320x200,320,200,20260808_131913,ihawk2,45.0,3,Homography,5,0.01599,5,50,1.5791,1.59509
r320x200,320,200,20260808_131913,ihawk2,45.0,3,PnP,5,1.351076,5,50,1.5791,2.930176
r320x200,320,200,20260808_131913,ihawk2,50.0,1,Affine,5,0.016894,5,50,1.7502,1.767094
r320x200,320,200,20260808_131913,ihawk2,50.0,1,Homography,5,0.016228,5,50,1.7502,1.7664279999999999
r320x200,320,200,20260808_131913,ihawk2,50.0,1,PnP,5,1.3895259999999998,5,50,1.7502,3.1397259999999996
r320x200,320,200,20260808_131913,ihawk2,50.0,2,Affine,5,0.016758,5,50,1.803,1.819758
r320x200,320,200,20260808_131913,ihawk2,50.0,2,Homography,5,0.016040000000000002,5,50,1.803,1.81904
r320x200,320,200,20260808_131913,ihawk2,50.0,2,PnP,5,1.362402,5,50,1.803,3.165402
r320x200,320,200,20260808_131913,ihawk2,50.0,3,Affine,5,0.016752,5,50,1.8208,1.837552
r320x200,320,200,20260808_131913,ihawk2,50.0,3,Homography,5,0.016224000000000002,5,50,1.8208,1.837024
r320x200,320,200,20260808_131913,ihawk2,50.0,3,PnP,5,1.3799100000000002,5,50,1.8208,3.20071
r320x200,320,200,20260808_141232,ihawk2,0.0,1,Affine,5,0.017414,5,50,1.9784,1.995814
r320x200,320,200,20260808_141232,ihawk2,0.0,1,Homography,5,0.016794,5,50,1.9784,1.995194
r320x200,320,200,20260808_141232,ihawk2,0.0,1,PnP,5,1.4940440000000001,5,50,1.9784,3.4724440000000003
r320x200,320,200,20260808_141232,ihawk2,0.0,2,Affine,5,0.017236,5,50,2.8708,2.888036
r320x200,320,200,20260808_141232,ihawk2,0.0,2,Homography,5,0.022841999999999998,5,50,2.8708,2.893642
r320x200,320,200,20260808_141232,ihawk2,0.0,2,PnP,5,1.744348,5,50,2.8708,4.615148
r320x200,320,200,20260808_141232,ihawk2,0.0,3,Affine,5,0.019098,5,50,2.025,2.044098
r320x200,320,200,20260808_141232,ihawk2,0.0,3,Homography,5,0.01635,5,50,2.025,2.04135
r320x200,320,200,20260808_141232,ihawk2,0.0,3,PnP,5,1.318226,5,50,2.025,3.3432259999999996
r320x200,320,200,20260808_141232,ihawk2,5.0,1,Affine,5,0.016864,5,50,1.824,1.840864
r320x200,320,200,20260808_141232,ihawk2,5.0,1,Homography,5,0.01651,5,50,1.824,1.84051
r320x200,320,200,20260808_141232,ihawk2,5.0,1,PnP,5,2.105898,5,50,1.824,3.9298979999999997
r320x200,320,200,20260808_141232,ihawk2,5.0,2,Affine,5,0.016926,5,50,1.9779,1.994826
r320x200,320,200,20260808_141232,ihawk2,5.0,2,Homography,5,0.016194,5,50,1.9779,1.994094
r320x200,320,200,20260808_141232,ihawk2,5.0,2,PnP,5,1.9096199999999999,5,50,1.9779,3.88752
r320x200,320,200,20260808_141232,ihawk2,5.0,3,Affine,5,0.016806,5,50,2.0814,2.098206
r320x200,320,200,20260808_141232,ihawk2,5.0,3,Homography,5,0.016624,5,50,2.0814,2.098024
r320x200,320,200,20260808_141232,ihawk2,5.0,3,PnP,5,2.019464,5,50,2.0814,4.100864
r320x200,320,200,20260808_141232,ihawk2,20.0,1,Affine,5,0.017026,5,50,1.8476,1.864626
r320x200,320,200,20260808_141232,ihawk2,20.0,1,Homography,5,0.016120000000000002,5,50,1.8476,1.8637199999999998
r320x200,320,200,20260808_141232,ihawk2,20.0,1,PnP,5,1.6312200000000001,5,50,1.8476,3.47882
r320x200,320,200,20260808_141232,ihawk2,20.0,2,Affine,5,0.016768,5,50,1.8715,1.8882679999999998
r320x200,320,200,20260808_141232,ihawk2,20.0,2,Homography,5,0.016022,5,50,1.8715,1.887522
r320x200,320,200,20260808_141232,ihawk2,20.0,2,PnP,5,1.52729,5,50,1.8715,3.39879
r320x200,320,200,20260808_141232,ihawk2,20.0,3,Affine,5,0.019116,5,50,2.244,2.263116
r320x200,320,200,20260808_141232,ihawk2,20.0,3,Homography,5,0.015992,5,50,2.244,2.259992
r320x200,320,200,20260808_141232,ihawk2,20.0,3,PnP,5,1.506324,5,50,2.244,3.750324
r320x200,320,200,20260808_141232,ihawk2,25.0,1,Affine,5,0.016814,5,50,1.9024,1.9192140000000002
r320x200,320,200,20260808_141232,ihawk2,25.0,1,Homography,5,0.016124,5,50,1.9024,1.9185240000000001
r320x200,320,200,20260808_141232,ihawk2,25.0,1,PnP,5,1.4028239999999998,5,50,1.9024,3.305224
r320x200,320,200,20260808_141232,ihawk2,25.0,2,Affine,5,0.018246,5,50,2.0277,2.045946
r320x200,320,200,20260808_141232,ihawk2,25.0,2,Homography,5,0.016064000000000002,5,50,2.0277,2.043764
r320x200,320,200,20260808_141232,ihawk2,25.0,2,PnP,5,1.4425,5,50,2.0277,3.4701999999999997
r320x200,320,200,20260808_141232,ihawk2,25.0,3,Affine,5,0.016890000000000002,5,50,2.4873,2.50419
r320x200,320,200,20260808_141232,ihawk2,25.0,3,Homography,5,0.015992,5,50,2.4873,2.5032919999999996
r320x200,320,200,20260808_141232,ihawk2,25.0,3,PnP,5,1.453164,5,50,2.4873,3.9404639999999995
r320x200,320,200,20260808_141232,ihawk2,40.0,1,Affine,5,0.016881999999999998,5,50,1.9195,1.936382
r320x200,320,200,20260808_141232,ihawk2,40.0,1,Homography,5,0.016142,5,50,1.9195,1.935642
r320x200,320,200,20260808_141232,ihawk2,40.0,1,PnP,5,2.533784,5,50,1.9195,4.453284
r320x200,320,200,20260808_141232,ihawk2,40.0,2,Affine,5,0.016843999999999998,5,50,1.8914,1.908244
r320x200,320,200,20260808_141232,ihawk2,40.0,2,Homography,5,0.024651999999999997,5,50,1.8914,1.9160519999999999
r320x200,320,200,20260808_141232,ihawk2,40.0,2,PnP,5,2.001206,5,50,1.8914,3.892606
r320x200,320,200,20260808_141232,ihawk2,40.0,3,Affine,5,0.0192,5,50,1.8256,1.8448
r320x200,320,200,20260808_141232,ihawk2,40.0,3,Homography,5,0.01598,5,50,1.8256,1.84158
r320x200,320,200,20260808_141232,ihawk2,40.0,3,PnP,5,2.04062,5,50,1.8256,3.86622
r320x200,320,200,20260808_141232,ihawk2,45.0,1,Affine,5,0.017076,5,50,1.8693,1.886376
r320x200,320,200,20260808_141232,ihawk2,45.0,1,Homography,5,0.016078,5,50,1.8693,1.885378
r320x200,320,200,20260808_141232,ihawk2,45.0,1,PnP,5,1.3296100000000002,5,50,1.8693,3.19891
r320x200,320,200,20260808_141232,ihawk2,45.0,2,Affine,5,0.01733,5,50,1.8633,1.88063
r320x200,320,200,20260808_141232,ihawk2,45.0,2,Homography,5,0.016046,5,50,1.8633,1.879346
r320x200,320,200,20260808_141232,ihawk2,45.0,2,PnP,5,1.361434,5,50,1.8633,3.2247339999999998
r320x200,320,200,20260808_141232,ihawk2,45.0,3,Affine,5,0.016754,5,50,1.92,1.9367539999999999
r320x200,320,200,20260808_141232,ihawk2,45.0,3,Homography,5,0.017928,5,50,1.92,1.9379279999999999
r320x200,320,200,20260808_141232,ihawk2,45.0,3,PnP,5,1.361946,5,50,1.92,3.281946
r320x200,320,200,20260808_141232,ihawk2,50.0,1,Affine,5,0.02328,5,50,1.8784,1.90168
r320x200,320,200,20260808_141232,ihawk2,50.0,1,Homography,5,0.016034,5,50,1.8784,1.8944340000000002
r320x200,320,200,20260808_141232,ihawk2,50.0,1,PnP,5,1.345486,5,50,1.8784,3.2238860000000003
r320x200,320,200,20260808_141232,ihawk2,50.0,2,Affine,5,0.016754,5,50,2.1009,2.1176540000000004
r320x200,320,200,20260808_141232,ihawk2,50.0,2,Homography,5,0.019474,5,50,2.1009,2.1203740000000004
r320x200,320,200,20260808_141232,ihawk2,50.0,2,PnP,5,1.31121,5,50,2.1009,3.41211
r320x200,320,200,20260808_141232,ihawk2,50.0,3,Affine,5,0.016834000000000002,5,50,2.3562,2.3730339999999996
r320x200,320,200,20260808_141232,ihawk2,50.0,3,Homography,5,0.016881999999999998,5,50,2.3562,2.3730819999999997
r320x200,320,200,20260808_141232,ihawk2,50.0,3,PnP,5,1.3694,5,50,2.3562,3.7256
r320x200,320,200,20260808_145501,ihawk1,0.0,1,Affine,5,0.016744000000000002,5,50,2.1961,2.212844
r320x200,320,200,20260808_145501,ihawk1,0.0,1,Homography,5,0.017128,5,50,2.1961,2.213228
r320x200,320,200,20260808_145501,ihawk1,0.0,1,PnP,5,1.414848,5,50,2.1961,3.610948
r320x200,320,200,20260808_145501,ihawk1,0.0,2,Affine,5,0.0169,5,50,2.3603,2.3772
r320x200,320,200,20260808_145501,ihawk1,0.0,2,Homography,5,0.016116,5,50,2.3603,2.376416
r320x200,320,200,20260808_145501,ihawk1,0.0,2,PnP,5,1.592274,5,50,2.3603,3.9525740000000003
r320x200,320,200,20260808_145501,ihawk1,0.0,3,Affine,5,0.01684,5,50,2.1707,2.1875400000000003
r320x200,320,200,20260808_145501,ihawk1,0.0,3,Homography,5,0.01608,5,50,2.1707,2.18678
r320x200,320,200,20260808_145501,ihawk1,0.0,3,PnP,5,1.460522,5,50,2.1707,3.631222
r320x200,320,200,20260808_145501,ihawk1,20.0,1,Affine,5,0.01688,5,50,1.9589,1.97578
r320x200,320,200,20260808_145501,ihawk1,20.0,1,Homography,5,0.017394,5,50,1.9589,1.976294
r320x200,320,200,20260808_145501,ihawk1,20.0,1,PnP,5,1.43678,5,50,1.9589,3.39568
r320x200,320,200,20260808_145501,ihawk1,20.0,2,Affine,5,0.021138,5,50,1.9137,1.934838
r320x200,320,200,20260808_145501,ihawk1,20.0,2,Homography,5,0.01606,5,50,1.9137,1.92976
r320x200,320,200,20260808_145501,ihawk1,20.0,2,PnP,5,1.477958,5,50,1.9137,3.391658
r320x200,320,200,20260808_145501,ihawk1,25.0,1,Affine,5,0.016728,5,50,2.0833,2.100028
r320x200,320,200,20260808_145501,ihawk1,25.0,1,Homography,5,0.020846,5,50,2.0833,2.104146
r320x200,320,200,20260808_145501,ihawk1,25.0,1,PnP,5,1.7241499999999998,5,50,2.0833,3.80745
r320x200,320,200,20260808_145501,ihawk1,25.0,2,Affine,5,0.016784,5,50,2.0086,2.025384
r320x200,320,200,20260808_145501,ihawk1,25.0,2,Homography,5,0.0161,5,50,2.0086,2.0246999999999997
r320x200,320,200,20260808_145501,ihawk1,25.0,2,PnP,5,1.615478,5,50,2.0086,3.624078
r320x200,320,200,20260808_145501,ihawk1,30.0,1,Affine,5,0.016776,5,50,1.9235,1.940276
r320x200,320,200,20260808_145501,ihawk1,30.0,1,Homography,5,0.016058,5,50,1.9235,1.939558
r320x200,320,200,20260808_145501,ihawk1,30.0,1,PnP,5,1.666176,5,50,1.9235,3.589676
r320x200,320,200,20260808_145501,ihawk1,30.0,2,Affine,5,0.016712,5,50,1.953,1.9697120000000001
r320x200,320,200,20260808_145501,ihawk1,30.0,2,Homography,5,0.016046,5,50,1.953,1.969046
r320x200,320,200,20260808_145501,ihawk1,30.0,2,PnP,5,1.70308,5,50,1.953,3.65608
r320x200,320,200,20260808_145501,ihawk1,30.0,3,Affine,5,0.016746,5,50,1.9212,1.937946
r320x200,320,200,20260808_145501,ihawk1,30.0,3,Homography,5,0.018882,5,50,1.9212,1.940082
r320x200,320,200,20260808_145501,ihawk1,30.0,3,PnP,5,1.654708,5,50,1.9212,3.575908
r320x200,320,200,20260808_145501,ihawk2,0.0,1,Affine,5,0.016739999999999998,5,50,1.9101,1.9268399999999999
r320x200,320,200,20260808_145501,ihawk2,0.0,1,Homography,5,0.016912,5,50,1.9101,1.927012
r320x200,320,200,20260808_145501,ihawk2,0.0,1,PnP,5,1.474182,5,50,1.9101,3.384282
r320x200,320,200,20260808_145501,ihawk2,0.0,2,Affine,5,0.016666,5,50,1.8047,1.821366
r320x200,320,200,20260808_145501,ihawk2,0.0,2,Homography,5,0.01603,5,50,1.8047,1.82073
r320x200,320,200,20260808_145501,ihawk2,0.0,2,PnP,5,1.26538,5,50,1.8047,3.07008
r320x200,320,200,20260808_145501,ihawk2,0.0,3,Affine,5,0.018566,5,50,1.739,1.7575660000000002
r320x200,320,200,20260808_145501,ihawk2,0.0,3,Homography,5,0.01601,5,50,1.739,1.7550100000000002
r320x200,320,200,20260808_145501,ihawk2,0.0,3,PnP,5,1.239614,5,50,1.739,2.9786140000000003
r320x200,320,200,20260808_145501,ihawk2,5.0,1,Affine,5,0.016922,5,50,1.8689,1.885822
r320x200,320,200,20260808_145501,ihawk2,5.0,1,Homography,5,0.01703,5,50,1.8689,1.88593
r320x200,320,200,20260808_145501,ihawk2,5.0,1,PnP,5,1.333504,5,50,1.8689,3.202404
r320x200,320,200,20260808_145501,ihawk2,5.0,2,Affine,5,0.017108,5,50,1.8475,1.8646079999999998
r320x200,320,200,20260808_145501,ihawk2,5.0,2,Homography,5,0.01617,5,50,1.8475,1.86367
r320x200,320,200,20260808_145501,ihawk2,5.0,2,PnP,5,1.3157579999999998,5,50,1.8475,3.163258
r320x200,320,200,20260808_145501,ihawk2,5.0,3,Affine,5,0.01677,5,50,1.7833,1.80007
r320x200,320,200,20260808_145501,ihawk2,5.0,3,Homography,5,0.016044,5,50,1.7833,1.799344
r320x200,320,200,20260808_145501,ihawk2,5.0,3,PnP,5,1.26298,5,50,1.7833,3.0462800000000003
r320x200,320,200,20260808_145501,ihawk2,10.0,1,Affine,5,0.016714,5,50,2.0235,2.0402139999999997
r320x200,320,200,20260808_145501,ihawk2,10.0,1,Homography,5,0.016028,5,50,2.0235,2.039528
r320x200,320,200,20260808_145501,ihawk2,10.0,1,PnP,5,1.193052,5,50,2.0235,3.216552
r320x200,320,200,20260808_145501,ihawk2,10.0,2,Affine,5,0.016744000000000002,5,50,1.969,1.9857440000000002
r320x200,320,200,20260808_145501,ihawk2,10.0,2,Homography,5,0.016048,5,50,1.969,1.9850480000000001
r320x200,320,200,20260808_145501,ihawk2,10.0,2,PnP,5,1.230106,5,50,1.969,3.199106
r320x200,320,200,20260808_145501,ihawk2,10.0,3,Affine,5,0.01675,5,50,2.3884,2.40515
r320x200,320,200,20260808_145501,ihawk2,10.0,3,Homography,5,0.016032,5,50,2.3884,2.404432
r320x200,320,200,20260808_145501,ihawk2,10.0,3,PnP,5,1.265762,5,50,2.3884,3.654162
r320x200,320,200,20260808_145501,ihawk2,15.0,1,Affine,5,0.01969,5,50,1.9176,1.93729
r320x200,320,200,20260808_145501,ihawk2,15.0,1,Homography,5,0.016044,5,50,1.9176,1.933644
r320x200,320,200,20260808_145501,ihawk2,15.0,1,PnP,5,1.443904,5,50,1.9176,3.361504
r320x200,320,200,20260808_145501,ihawk2,15.0,2,Affine,5,0.016928000000000002,5,50,1.9479,1.964828
r320x200,320,200,20260808_145501,ihawk2,15.0,2,Homography,5,0.016278,5,50,1.9479,1.964178
r320x200,320,200,20260808_145501,ihawk2,15.0,2,PnP,5,1.347502,5,50,1.9479,3.295402
r320x200,320,200,20260808_145501,ihawk2,15.0,3,Affine,5,0.0169,5,50,1.9258,1.9426999999999999
r320x200,320,200,20260808_145501,ihawk2,15.0,3,Homography,5,0.01609,5,50,1.9258,1.94189
r320x200,320,200,20260808_145501,ihawk2,15.0,3,PnP,5,1.6815,5,50,1.9258,3.6073
r320x200,320,200,20260808_145501,ihawk2,20.0,1,Affine,5,0.01687,5,50,2.3904,2.40727
r320x200,320,200,20260808_145501,ihawk2,20.0,1,Homography,5,0.019162,5,50,2.3904,2.409562
r320x200,320,200,20260808_145501,ihawk2,20.0,1,PnP,5,1.558278,5,50,2.3904,3.948678
r320x200,320,200,20260808_145501,ihawk2,20.0,2,Affine,5,0.017102,5,50,2.2705,2.287602
r320x200,320,200,20260808_145501,ihawk2,20.0,2,Homography,5,0.016116,5,50,2.2705,2.286616
r320x200,320,200,20260808_145501,ihawk2,20.0,2,PnP,5,1.436186,5,50,2.2705,3.7066860000000004
r320x200,320,200,20260808_145501,ihawk2,20.0,3,Affine,5,0.01753,5,50,2.041,2.0585299999999997
r320x200,320,200,20260808_145501,ihawk2,20.0,3,Homography,5,0.016958,5,50,2.041,2.0579579999999997
r320x200,320,200,20260808_145501,ihawk2,20.0,3,PnP,5,1.5463419999999999,5,50,2.041,3.5873419999999996
r320x200,320,200,20260808_145501,ihawk2,25.0,1,Affine,5,0.020456,5,50,1.7539,1.774356
r320x200,320,200,20260808_145501,ihawk2,25.0,1,Homography,5,0.016654,5,50,1.7539,1.770554
r320x200,320,200,20260808_145501,ihawk2,25.0,1,PnP,5,1.433022,5,50,1.7539,3.186922
r320x200,320,200,20260808_145501,ihawk2,25.0,2,Affine,5,0.016942,5,50,1.7733,1.790242
r320x200,320,200,20260808_145501,ihawk2,25.0,2,Homography,5,0.017396000000000002,5,50,1.7733,1.790696
r320x200,320,200,20260808_145501,ihawk2,25.0,2,PnP,5,1.4195840000000002,5,50,1.7733,3.1928840000000003
r320x200,320,200,20260808_145501,ihawk2,25.0,3,Affine,5,0.017166,5,50,1.9037,1.920866
r320x200,320,200,20260808_145501,ihawk2,25.0,3,Homography,5,0.016374,5,50,1.9037,1.920074
r320x200,320,200,20260808_145501,ihawk2,25.0,3,PnP,5,1.555356,5,50,1.9037,3.459056
r320x200,320,200,20260808_145501,ihawk2,30.0,1,Affine,5,0.017736000000000002,5,50,2.0171,2.0348360000000003
r320x200,320,200,20260808_145501,ihawk2,30.0,1,Homography,5,0.017016,5,50,2.0171,2.034116
r320x200,320,200,20260808_145501,ihawk2,30.0,1,PnP,5,2.10457,5,50,2.0171,4.12167
r320x200,320,200,20260808_145501,ihawk2,30.0,2,Affine,5,0.021896,5,50,1.7331,1.754996
r320x200,320,200,20260808_145501,ihawk2,30.0,2,Homography,5,0.017078,5,50,1.7331,1.750178
r320x200,320,200,20260808_145501,ihawk2,30.0,2,PnP,5,2.41977,5,50,1.7331,4.15287
r320x200,320,200,20260808_145501,ihawk2,30.0,3,Affine,5,0.020852,5,50,1.7755,1.7963520000000002
r320x200,320,200,20260808_145501,ihawk2,30.0,3,Homography,5,0.023344,5,50,1.7755,1.798844
r320x200,320,200,20260808_145501,ihawk2,30.0,3,PnP,5,2.390968,5,50,1.7755,4.166468
r320x200,320,200,20260808_145501,ihawk2,40.0,1,Affine,5,0.016748,5,50,1.7693,1.786048
r320x200,320,200,20260808_145501,ihawk2,40.0,1,Homography,5,0.01616,5,50,1.7693,1.78546
r320x200,320,200,20260808_145501,ihawk2,40.0,1,PnP,5,1.764944,5,50,1.7693,3.534244
r320x200,320,200,20260808_151001,ihawk2,0.0,1,Affine,5,0.028598,5,50,2.3397,2.3682980000000002
r320x200,320,200,20260808_151001,ihawk2,0.0,1,Homography,5,0.02785,5,50,2.3397,2.36755
r320x200,320,200,20260808_151001,ihawk2,0.0,1,PnP,5,1.297716,5,50,2.3397,3.637416
r320x200,320,200,20260808_151001,ihawk2,0.0,2,Affine,5,0.01762,5,50,2.0396,2.05722
r320x200,320,200,20260808_151001,ihawk2,0.0,2,Homography,5,0.016174,5,50,2.0396,2.055774
r320x200,320,200,20260808_151001,ihawk2,0.0,2,PnP,5,1.538734,5,50,2.0396,3.578334
r320x200,320,200,20260808_151001,ihawk2,0.0,3,Affine,5,0.016810000000000002,5,50,1.7041,1.72091
r320x200,320,200,20260808_151001,ihawk2,0.0,3,Homography,5,0.016146,5,50,1.7041,1.720246
r320x200,320,200,20260808_151001,ihawk2,0.0,3,PnP,5,1.241288,5,50,1.7041,2.945388
r320x200,320,200,20260808_151001,ihawk2,5.0,1,Affine,5,0.016742,5,50,2.1772,2.193942
r320x200,320,200,20260808_151001,ihawk2,5.0,1,Homography,5,0.01602,5,50,2.1772,2.19322
r320x200,320,200,20260808_151001,ihawk2,5.0,1,PnP,5,1.249246,5,50,2.1772,3.4264460000000003
r320x200,320,200,20260808_151001,ihawk2,5.0,2,Affine,5,0.016754,5,50,2.5153,2.532054
r320x200,320,200,20260808_151001,ihawk2,5.0,2,Homography,5,0.021578,5,50,2.5153,2.5368779999999997
r320x200,320,200,20260808_151001,ihawk2,5.0,2,PnP,5,1.223846,5,50,2.5153,3.739146
r320x200,320,200,20260808_151001,ihawk2,5.0,3,Affine,5,0.016922,5,50,1.8142,1.8311220000000001
r320x200,320,200,20260808_151001,ihawk2,5.0,3,Homography,5,0.016166,5,50,1.8142,1.830366
r320x200,320,200,20260808_151001,ihawk2,5.0,3,PnP,5,1.2960099999999999,5,50,1.8142,3.11021
r320x200,320,200,20260808_151001,ihawk2,15.0,1,Affine,5,0.016838,5,50,2.0973,2.114138
r320x200,320,200,20260808_151001,ihawk2,15.0,1,Homography,5,0.025204,5,50,2.0973,2.122504
r320x200,320,200,20260808_151001,ihawk2,15.0,1,PnP,5,1.729936,5,50,2.0973,3.827236
r320x200,320,200,20260808_151001,ihawk2,15.0,2,Affine,5,0.016792,5,50,2.0317,2.048492
r320x200,320,200,20260808_151001,ihawk2,15.0,2,Homography,5,0.01876,5,50,2.0317,2.0504599999999997
r320x200,320,200,20260808_151001,ihawk2,15.0,2,PnP,5,1.590674,5,50,2.0317,3.6223739999999998
r320x200,320,200,20260808_151001,ihawk2,15.0,3,Affine,5,0.018394,5,50,2.0539,2.072294
r320x200,320,200,20260808_151001,ihawk2,15.0,3,Homography,5,0.016078,5,50,2.0539,2.069978
r320x200,320,200,20260808_151001,ihawk2,15.0,3,PnP,5,1.448372,5,50,2.0539,3.502272
r320x200,320,200,20260808_151001,ihawk2,20.0,3,Affine,5,0.016696,5,50,1.8883,1.9049960000000001
r320x200,320,200,20260808_151001,ihawk2,20.0,3,Homography,5,0.016084,5,50,1.8883,1.904384
r320x200,320,200,20260808_151001,ihawk2,20.0,3,PnP,5,1.328856,5,50,1.8883,3.217156
r320x200,320,200,20260808_151001,ihawk2,25.0,1,Affine,5,0.016928000000000002,5,50,1.7807,1.797628
r320x200,320,200,20260808_151001,ihawk2,25.0,1,Homography,5,0.016196,5,50,1.7807,1.796896
r320x200,320,200,20260808_151001,ihawk2,25.0,1,PnP,5,1.3434,5,50,1.7807,3.1241
r320x200,320,200,20260808_151001,ihawk2,25.0,2,Affine,5,0.016890000000000002,5,50,1.9619,1.97879
r320x200,320,200,20260808_151001,ihawk2,25.0,2,Homography,5,0.019836,5,50,1.9619,1.981736
r320x200,320,200,20260808_151001,ihawk2,25.0,2,PnP,5,1.3604839999999998,5,50,1.9619,3.3223839999999996
r320x200,320,200,20260808_151001,ihawk2,25.0,3,Affine,5,0.016768,5,50,1.7504,1.7671679999999999
r320x200,320,200,20260808_151001,ihawk2,25.0,3,Homography,5,0.016052,5,50,1.7504,1.766452
r320x200,320,200,20260808_151001,ihawk2,25.0,3,PnP,5,1.379886,5,50,1.7504,3.130286
r320x200,320,200,20260808_151001,ihawk2,35.0,1,Affine,5,0.026838,5,50,1.8705,1.897338
r320x200,320,200,20260808_151001,ihawk2,35.0,1,Homography,5,0.0273,5,50,1.8705,1.8978000000000002
r320x200,320,200,20260808_151001,ihawk2,35.0,1,PnP,5,1.6326079999999998,5,50,1.8705,3.503108
r320x200,320,200,20260808_151001,ihawk2,35.0,2,Affine,5,0.016946000000000003,5,50,2.4847,2.501646
r320x200,320,200,20260808_151001,ihawk2,35.0,2,Homography,5,0.016196,5,50,2.4847,2.500896
r320x200,320,200,20260808_151001,ihawk2,35.0,2,PnP,5,1.4813740000000002,5,50,2.4847,3.9660740000000003
r320x200,320,200,20260808_151001,ihawk2,35.0,3,Affine,5,0.018202,5,50,2.6155,2.633702
r320x200,320,200,20260808_151001,ihawk2,35.0,3,Homography,5,0.016416,5,50,2.6155,2.631916
r320x200,320,200,20260808_151001,ihawk2,35.0,3,PnP,5,1.531142,5,50,2.6155,4.146642
r320x200,320,200,20260808_151001,ihawk2,40.0,1,Affine,5,0.016832,5,50,2.253,2.269832
r320x200,320,200,20260808_151001,ihawk2,40.0,1,Homography,5,0.016073999999999998,5,50,2.253,2.2690740000000003
r320x200,320,200,20260808_151001,ihawk2,40.0,1,PnP,5,1.4390360000000002,5,50,2.253,3.6920360000000003
r320x200,320,200,20260808_151001,ihawk2,40.0,2,Affine,5,0.018144,5,50,2.7783,2.796444
r320x200,320,200,20260808_151001,ihawk2,40.0,2,Homography,5,0.016306,5,50,2.7783,2.7946060000000004
r320x200,320,200,20260808_151001,ihawk2,40.0,2,PnP,5,1.411472,5,50,2.7783,4.1897720000000005
r320x200,320,200,20260808_151001,ihawk2,40.0,3,Affine,5,0.01696,5,50,1.802,1.8189600000000001
r320x200,320,200,20260808_151001,ihawk2,40.0,3,Homography,5,0.016256,5,50,1.802,1.818256
r320x200,320,200,20260808_151001,ihawk2,40.0,3,PnP,5,1.385796,5,50,1.802,3.187796
r320x200,320,200,20260808_151001,ihawk2,45.0,1,Affine,5,0.024868,5,50,2.0236,2.048468
r320x200,320,200,20260808_151001,ihawk2,45.0,1,Homography,5,0.016026,5,50,2.0236,2.039626
r320x200,320,200,20260808_151001,ihawk2,45.0,1,PnP,5,1.401218,5,50,2.0236,3.424818
r320x200,320,200,20260808_151001,ihawk2,45.0,2,Affine,5,0.016892,5,50,2.1469,2.163792
r320x200,320,200,20260808_151001,ihawk2,45.0,2,Homography,5,0.016144000000000002,5,50,2.1469,2.163044
r320x200,320,200,20260808_151001,ihawk2,45.0,2,PnP,5,1.3892080000000002,5,50,2.1469,3.5361080000000005
r320x200,320,200,20260808_151001,ihawk2,45.0,3,Affine,5,0.016778,5,50,2.0826,2.0993779999999997
r320x200,320,200,20260808_151001,ihawk2,45.0,3,Homography,5,0.016097999999999998,5,50,2.0826,2.0986979999999997
r320x200,320,200,20260808_151001,ihawk2,45.0,3,PnP,5,1.36156,5,50,2.0826,3.44416
r320x200,320,200,20260808_162715,ihawk2,0.0,1,Affine,5,0.018852,5,50,1.6945,1.713352
r320x200,320,200,20260808_162715,ihawk2,0.0,1,Homography,5,0.01603,5,50,1.6945,1.7105299999999999
r320x200,320,200,20260808_162715,ihawk2,0.0,1,PnP,5,1.15863,5,50,1.6945,2.85313
r320x200,320,200,20260808_162715,ihawk2,0.0,2,Affine,5,0.018675999999999998,5,50,1.9469,1.965576
r320x200,320,200,20260808_162715,ihawk2,0.0,2,Homography,5,0.016162,5,50,1.9469,1.963062
r320x200,320,200,20260808_162715,ihawk2,0.0,2,PnP,5,1.2518340000000001,5,50,1.9469,3.198734
r320x200,320,200,20260808_162715,ihawk2,0.0,3,Affine,5,0.02685,5,50,1.7054,1.73225
r320x200,320,200,20260808_162715,ihawk2,0.0,3,Homography,5,0.026038000000000002,5,50,1.7054,1.731438
r320x200,320,200,20260808_162715,ihawk2,0.0,3,PnP,5,1.4072980000000002,5,50,1.7054,3.112698
r320x200,320,200,20260808_162715,ihawk2,5.0,1,Affine,5,0.021019999999999997,5,50,1.7717,1.79272
r320x200,320,200,20260808_162715,ihawk2,5.0,1,Homography,5,0.016466,5,50,1.7717,1.7881660000000001
r320x200,320,200,20260808_162715,ihawk2,5.0,1,PnP,5,1.988882,5,50,1.7717,3.7605820000000003
r320x200,320,200,20260808_162715,ihawk2,5.0,2,Affine,5,0.016724000000000003,5,50,2.5058,2.5225239999999998
r320x200,320,200,20260808_162715,ihawk2,5.0,2,Homography,5,0.016035999999999998,5,50,2.5058,2.521836
r320x200,320,200,20260808_162715,ihawk2,5.0,2,PnP,5,1.9488839999999998,5,50,2.5058,4.454683999999999
r320x200,320,200,20260808_162715,ihawk2,5.0,3,Affine,5,0.019034,5,50,2.7394,2.758434
r320x200,320,200,20260808_162715,ihawk2,5.0,3,Homography,5,0.016146,5,50,2.7394,2.755546
r320x200,320,200,20260808_162715,ihawk2,5.0,3,PnP,5,1.973568,5,50,2.7394,4.712968
r320x200,320,200,20260808_162715,ihawk2,10.0,1,Affine,5,0.020162,5,50,1.8783,1.898462
r320x200,320,200,20260808_162715,ihawk2,10.0,1,Homography,5,0.017716,5,50,1.8783,1.8960160000000001
r320x200,320,200,20260808_162715,ihawk2,10.0,1,PnP,5,2.12207,5,50,1.8783,4.00037
r320x200,320,200,20260808_162715,ihawk2,10.0,2,Affine,5,0.018056000000000003,5,50,1.9421,1.960156
r320x200,320,200,20260808_162715,ihawk2,10.0,2,Homography,5,0.018662,5,50,1.9421,1.960762
r320x200,320,200,20260808_162715,ihawk2,10.0,2,PnP,5,2.032056,5,50,1.9421,3.974156
r320x200,320,200,20260808_162715,ihawk2,10.0,3,Affine,5,0.016896,5,50,1.8781,1.8949960000000001
r320x200,320,200,20260808_162715,ihawk2,10.0,3,Homography,5,0.016582,5,50,1.8781,1.8946820000000002
r320x200,320,200,20260808_162715,ihawk2,10.0,3,PnP,5,1.98702,5,50,1.8781,3.86512
r320x200,320,200,20260808_162715,ihawk2,15.0,1,Affine,5,0.02703,5,50,1.7718,1.7988300000000002
r320x200,320,200,20260808_162715,ihawk2,15.0,1,Homography,5,0.025457999999999998,5,50,1.7718,1.797258
r320x200,320,200,20260808_162715,ihawk2,15.0,1,PnP,5,1.7364240000000002,5,50,1.7718,3.5082240000000002
r320x200,320,200,20260808_162715,ihawk2,15.0,2,Affine,5,0.017584,5,50,1.8502,1.867784
r320x200,320,200,20260808_162715,ihawk2,15.0,2,Homography,5,0.023112,5,50,1.8502,1.873312
r320x200,320,200,20260808_162715,ihawk2,15.0,2,PnP,5,1.583732,5,50,1.8502,3.433932
r320x200,320,200,20260808_162715,ihawk2,15.0,3,Affine,5,0.026466,5,50,1.7931,1.819566
r320x200,320,200,20260808_162715,ihawk2,15.0,3,Homography,5,0.024836,5,50,1.7931,1.817936
r320x200,320,200,20260808_162715,ihawk2,15.0,3,PnP,5,1.345724,5,50,1.7931,3.1388239999999996
r320x200,320,200,20260808_162715,ihawk2,20.0,1,Affine,5,0.016732,5,50,1.7714,1.788132
r320x200,320,200,20260808_162715,ihawk2,20.0,1,Homography,5,0.016234,5,50,1.7714,1.7876340000000002
r320x200,320,200,20260808_162715,ihawk2,20.0,1,PnP,5,1.659074,5,50,1.7714,3.4304740000000002
r320x200,320,200,20260808_162715,ihawk2,20.0,2,Affine,5,0.022808000000000002,5,50,1.8085,1.831308
r320x200,320,200,20260808_162715,ihawk2,20.0,2,Homography,5,0.016104,5,50,1.8085,1.824604
r320x200,320,200,20260808_162715,ihawk2,20.0,2,PnP,5,2.001806,5,50,1.8085,3.810306
r320x200,320,200,20260808_162715,ihawk2,20.0,3,Affine,5,0.016756,5,50,2.0826,2.0993559999999998
r320x200,320,200,20260808_162715,ihawk2,20.0,3,Homography,5,0.016008,5,50,2.0826,2.0986079999999996
r320x200,320,200,20260808_162715,ihawk2,20.0,3,PnP,5,1.829504,5,50,2.0826,3.912104
r320x200,320,200,20260808_162715,ihawk2,25.0,1,Affine,5,0.021162,5,50,1.7078,1.7289619999999999
r320x200,320,200,20260808_162715,ihawk2,25.0,1,Homography,5,0.024138000000000003,5,50,1.7078,1.731938
r320x200,320,200,20260808_162715,ihawk2,25.0,1,PnP,5,1.904622,5,50,1.7078,3.612422
r320x200,320,200,20260808_162715,ihawk2,25.0,2,Affine,5,0.017394,5,50,1.7195,1.736894
r320x200,320,200,20260808_162715,ihawk2,25.0,2,Homography,5,0.01631,5,50,1.7195,1.73581
r320x200,320,200,20260808_162715,ihawk2,25.0,2,PnP,5,1.51768,5,50,1.7195,3.23718
r320x200,320,200,20260808_162715,ihawk2,25.0,3,Affine,5,0.01738,5,50,1.9174,1.93478
r320x200,320,200,20260808_162715,ihawk2,25.0,3,Homography,5,0.01625,5,50,1.9174,1.93365
r320x200,320,200,20260808_162715,ihawk2,25.0,3,PnP,5,1.6860300000000001,5,50,1.9174,3.6034300000000004
r320x200,320,200,20260808_162715,ihawk2,45.0,1,Affine,5,0.020914000000000002,5,50,1.6601,1.681014
r320x200,320,200,20260808_162715,ihawk2,45.0,1,Homography,5,0.020295999999999998,5,50,1.6601,1.680396
r320x200,320,200,20260808_162715,ihawk2,45.0,1,PnP,5,1.336416,5,50,1.6601,2.9965159999999997
r320x200,320,200,20260808_162715,ihawk2,45.0,2,Affine,5,0.026722000000000003,5,50,1.7212,1.747922
r320x200,320,200,20260808_162715,ihawk2,45.0,2,Homography,5,0.021162,5,50,1.7212,1.742362
r320x200,320,200,20260808_162715,ihawk2,45.0,2,PnP,5,1.486284,5,50,1.7212,3.207484
r320x200,320,200,20260808_162715,ihawk2,45.0,3,Affine,5,0.01993,5,50,1.6561,1.67603
r320x200,320,200,20260808_162715,ihawk2,45.0,3,Homography,5,0.016118,5,50,1.6561,1.672218
r320x200,320,200,20260808_162715,ihawk2,45.0,3,PnP,5,1.350988,5,50,1.6561,3.007088
r320x200,320,200,20260808_162715,ihawk2,50.0,1,Affine,5,0.016846,5,50,1.842,1.858846
r320x200,320,200,20260808_162715,ihawk2,50.0,1,Homography,5,0.016084,5,50,1.842,1.858084
r320x200,320,200,20260808_162715,ihawk2,50.0,1,PnP,5,1.4725679999999999,5,50,1.842,3.314568
r320x200,320,200,20260808_162715,ihawk2,50.0,2,Affine,5,0.02036,5,50,1.8552,1.87556
r320x200,320,200,20260808_162715,ihawk2,50.0,2,Homography,5,0.016378,5,50,1.8552,1.871578
r320x200,320,200,20260808_162715,ihawk2,50.0,2,PnP,5,1.4743600000000001,5,50,1.8552,3.32956
r320x200,320,200,20260808_162715,ihawk2,50.0,3,Affine,5,0.020786,5,50,1.8399,1.860686
r320x200,320,200,20260808_162715,ihawk2,50.0,3,Homography,5,0.016106,5,50,1.8399,1.856006
r320x200,320,200,20260808_162715,ihawk2,50.0,3,PnP,5,1.674988,5,50,1.8399,3.514888
r240x150,240,150,20260808_145501,ihawk2,0.0,1,Affine,5,0.016922,5,50,1.351,1.367922
r240x150,240,150,20260808_145501,ihawk2,0.0,1,Homography,5,0.016182000000000002,5,50,1.351,1.367182
r240x150,240,150,20260808_145501,ihawk2,0.0,1,PnP,5,1.720002,5,50,1.351,3.071002
r240x150,240,150,20260808_145501,ihawk2,0.0,2,Affine,5,0.016838,5,50,1.4574,1.474238
r240x150,240,150,20260808_145501,ihawk2,0.0,2,Homography,5,0.016102,5,50,1.4574,1.473502
r240x150,240,150,20260808_145501,ihawk2,0.0,2,PnP,5,1.280298,5,50,1.4574,2.737698
r240x150,240,150,20260808_145501,ihawk2,0.0,3,Affine,5,0.016688,5,50,1.3284,1.345088
r240x150,240,150,20260808_145501,ihawk2,0.0,3,Homography,5,0.016084,5,50,1.3284,1.344484
r240x150,240,150,20260808_145501,ihawk2,0.0,3,PnP,5,1.31385,5,50,1.3284,2.6422499999999998
r240x150,240,150,20260808_145501,ihawk2,40.0,1,Affine,5,0.016819999999999998,5,50,1.2992,1.31602
r240x150,240,150,20260808_145501,ihawk2,40.0,1,Homography,5,0.016148,5,50,1.2992,1.315348
r240x150,240,150,20260808_145501,ihawk2,40.0,1,PnP,5,1.464314,5,50,1.2992,2.763514
r240x150,240,150,20260808_145501,ihawk2,40.0,2,Affine,5,0.016881999999999998,5,50,1.2446,1.261482
r240x150,240,150,20260808_145501,ihawk2,40.0,2,Homography,5,0.016228,5,50,1.2446,1.2608279999999998
r240x150,240,150,20260808_145501,ihawk2,40.0,2,PnP,5,1.516904,5,50,1.2446,2.761504
r240x150,240,150,20260808_145501,ihawk2,40.0,3,Affine,5,0.026452,5,50,1.2852,1.3116519999999998
r240x150,240,150,20260808_145501,ihawk2,40.0,3,Homography,5,0.017258,5,50,1.2852,1.302458
r240x150,240,150,20260808_145501,ihawk2,40.0,3,PnP,5,1.8586500000000001,5,50,1.2852,3.14385
