resolution_id,width_px,height_px,run_id,camera_id,height_gt_mm,marker_id,n_expected_frames,n_detected_frames,complete_three_frame_detection,center_repeatability_rms_native_equiv_px,corner_repeatability_rms_native_equiv_px,median_marker_side_native_equiv_px,corner_repeatability_fraction_of_marker_side,center_drift_from_native_median_px,corner_drift_from_native_median_px
r160x100,160,100,20260808_131913,ihawk1,0.0,0,3,0,0,nan,nan,nan,nan,nan,nan
r160x100,160,100,20260808_131913,ihawk1,0.0,1,3,0,0,nan,nan,nan,nan,nan,nan
r160x100,160,100,20260808_131913,ihawk1,0.0,2,3,1,0,nan,nan,nan,nan,0.43983481924112483,1.2471258574709243
r160x100,160,100,20260808_131913,ihawk1,0.0,3,3,0,0,nan,nan,nan,nan,nan,nan
r160x100,160,100,20260808_131913,ihawk1,0.0,4,3,0,0,nan,nan,nan,nan,nan,nan
r160x100,160,100,20260808_131913,ihawk1,5.0,0,3,0,0,nan,nan,nan,nan,nan,nan
r160x100,160,100,20260808_131913,ihawk1,5.0,1,3,0,0,nan,nan,nan,nan,nan,nan
r160x100,160,100,20260808_131913,ihawk1,5.0,2,3,3,1,0.02015413446674462,0.03000655687333661,33.83314619601873,0.0008868982121700402,1.0744390532699577,2.1046916653605
r160x100,160,100,20260808_131913,ihawk1,5.0,3,3,0,0,nan,nan,nan,nan,nan,nan
r160x100,160,100,20260808_131913,ihawk1,5.0,4,3,0,0,nan,nan,nan,nan,nan,nan
r160x100,160,100,20260808_131913,ihawk1,10.0,0,3,0,0,nan,nan,nan,nan,nan,nan
r160x100,160,100,20260808_131913,ihawk1,10.0,1,3,0,0,nan,nan,nan,nan,nan,nan
r160x100,160,100,20260808_131913,ihawk1,10.0,2,3,0,0,nan,nan,nan,nan,nan,nan
r160x100,160,100,20260808_131913,ihawk1,10.0,3,3,0,0,nan,nan,nan,nan,nan,nan
r160x100,160,100,20260808_131913,ihawk1,10.0,4,3,3,1,0.6204795183528287,1.2372015450078417,24.394528119658283,0.05071635487020736,0.28107405893118514,3.210916849253618
r160x100,160,100,20260808_131913,ihawk1,15.0,0,3,0,0,nan,nan,nan,nan,nan,nan
r160x100,160,100,20260808_131913,ihawk1,15.0,1,3,0,0,nan,nan,nan,nan,nan,nan
r160x100,160,100,20260808_131913,ihawk1,15.0,2,3,0,0,nan,nan,nan,nan,nan,nan
r160x100,160,100,20260808_131913,ihawk1,15.0,3,3,0,0,nan,nan,nan,nan,nan,nan
r160x100,160,100,20260808_131913,ihawk1,15.0,4,3,0,0,nan,nan,nan,nan,nan,nan
r160x100,160,100,20260808_131913,ihawk1,20.0,0,3,0,0,nan,nan,nan,nan,nan,nan
r160x100,160,100,20260808_131913,ihawk1,20.0,1,3,0,0,nan,nan,nan,nan,nan,nan
r160x100,160,100,20260808_131913,ihawk1,20.0,2,3,0,0,nan,nan,nan,nan,nan,nan
r160x100,160,100,20260808_131913,ihawk1,20.0,3,3,0,0,nan,nan,nan,nan,nan,nan
r160x100,160,100,20260808_131913,ihawk1,20.0,4,3,0,0,nan,nan,nan,nan,nan,nan
r160x100,160,100,20260808_131913,ihawk1,25.0,0,3,0,0,nan,nan,nan,nan,nan,nan
r160x100,160,100,20260808_131913,ihawk1,25.0,1,3,0,0,nan,nan,nan,nan,nan,nan
r160x100,160,100,20260808_131913,ihawk1,25.0,2,3,0,0,nan,nan,nan,nan,nan,nan
r160x100,160,100,20260808_131913,ihawk1,25.0,3,3,0,0,nan,nan,nan,nan,nan,nan
r160x100,160,100,20260808_131913,ihawk1,25.0,4,3,3,1,0.01354822026880119,0.02358267913016356,24.31505432228478,0.0009698797632769425,0.9117668260253466,1.9626897189831412
r160x100,160,100,20260808_131913,ihawk1,30.0,0,3,0,0,nan,nan,nan,nan,nan,nan
r160x100,160,100,20260808_131913,ihawk1,30.0,1,3,0,0,nan,nan,nan,nan,nan,nan
r160x100,160,100,20260808_131913,ihawk1,30.0,2,3,0,0,nan,nan,nan,nan,nan,nan
r160x100,160,100,20260808_131913,ihawk1,30.0,3,3,0,0,nan,nan,nan,nan,nan,nan
r160x100,160,100,20260808_131913,ihawk1,30.0,4,3,0,0,nan,nan,nan,nan,nan,nan
r160x100,160,100,20260808_131913,ihawk1,35.0,0,3,0,0,nan,nan,nan,nan,nan,nan
r160x100,160,100,20260808_131913,ihawk1,35.0,1,3,0,0,nan,nan,nan,nan,nan,nan
r160x100,160,100,20260808_131913,ihawk1,35.0,2,3,0,0,nan,nan,nan,nan,nan,nan
r160x100,160,100,20260808_131913,ihawk1,35.0,3,3,0,0,nan,nan,nan,nan,nan,nan
r160x100,160,100,20260808_131913,ihawk1,35.0,4,3,0,0,nan,nan,nan,nan,nan,nan
r160x100,160,100,20260808_131913,ihawk1,40.0,0,3,0,0,nan,nan,nan,nan,nan,nan
r160x100,160,100,20260808_131913,ihawk1,40.0,1,3,0,0,nan,nan,nan,nan,nan,nan
r160x100,160,100,20260808_131913,ihawk1,40.0,2,3,0,0,nan,nan,nan,nan,nan,nan
r160x100,160,100,20260808_131913,ihawk1,40.0,3,3,0,0,nan,nan,nan,nan,nan,nan
r160x100,160,100,20260808_131913,ihawk1,40.0,4,3,0,0,nan,nan,nan,nan,nan,nan
r160x100,160,100,20260808_131913,ihawk1,45.0,0,3,0,0,nan,nan,nan,nan,nan,nan
r160x100,160,100,20260808_131913,ihawk1,45.0,1,3,0,0,nan,nan,nan,nan,nan,nan
r160x100,160,100,20260808_131913,ihawk1,45.0,2,3,0,0,nan,nan,nan,nan,nan,nan
r160x100,160,100,20260808_131913,ihawk1,45.0,3,3,0,0,nan,nan,nan,nan,nan,nan
r160x100,160,100,20260808_131913,ihawk1,45.0,4,3,0,0,nan,nan,nan,nan,nan,nan
r160x100,160,100,20260808_131913,ihawk1,50.0,0,3,0,0,nan,nan,nan,nan,nan,nan
r160x100,160,100,20260808_131913,ihawk1,50.0,1,3,0,0,nan,nan,nan,nan,nan,nan
r160x100,160,100,20260808_131913,ihawk1,50.0,2,3,0,0,nan,nan,nan,nan,nan,nan
r160x100,160,100,20260808_131913,ihawk1,50.0,3,3,0,0,nan,nan,nan,nan,nan,nan
r160x100,160,100,20260808_131913,ihawk1,50.0,4,3,0,0,nan,nan,nan,nan,nan,nan
r160x100,160,100,20260808_131913,ihawk2,0.0,0,3,3,1,0.015275155614890618,0.026837017001213225,37.97874713717785,0.0007066324990732027,1.137275990223257,2.5099381810317634
r160x100,160,100,20260808_131913,ihawk2,0.0,1,3,3,1,0.015267484200790712,0.03029325692715907,27.00125491613293,0.0011219203337493476,1.4214485241109702,3.4741995627933444
r160x100,160,100,20260808_131913,ihawk2,0.0,2,3,3,1,0.010275970919385351,0.02623614963832477,37.44244804984346,0.0007007060436699852,0.10125032116734524,1.054985842518502
r160x100,160,100,20260808_131913,ihawk2,0.0,3,3,0,0,nan,nan,nan,nan,nan,nan
r160x100,160,100,20260808_131913,ihawk2,0.0,4,3,0,0,nan,nan,nan,nan,nan,nan
r160x100,160,100,20260808_131913,ihawk2,5.0,0,3,0,0,nan,nan,nan,nan,nan,nan
r160x100,160,100,20260808_131913,ihawk2,5.0,1,3,0,0,nan,nan,nan,nan,nan,nan
r160x100,160,100,20260808_131913,ihawk2,5.0,2,3,3,1,0.014819761043556359,0.028730657909550605,36.876250620820656,0.0007791100620551977,0.8844834461201069,1.9525333919382706
r160x100,160,100,20260808_131913,ihawk2,5.0,3,3,3,1,0.006999553583755664,0.015160959924984035,25.663585165563205,0.0005907576757953458,0.44646701835848845,1.6104082282785805
r160x100,160,100,20260808_131913,ihawk2,5.0,4,3,0,0,nan,nan,nan,nan,nan,nan
r160x100,160,100,20260808_131913,ihawk2,10.0,0,3,0,0,nan,nan,nan,nan,nan,nan
r160x100,160,100,20260808_131913,ihawk2,10.0,1,3,0,0,nan,nan,nan,nan,nan,nan
r160x100,160,100,20260808_131913,ihawk2,10.0,2,3,3,1,0.009362559292831103,0.018060730566707275,36.90804325261605,0.0004893440284300937,0.7203739411201967,1.953288440422387
r160x100,160,100,20260808_131913,ihawk2,10.0,3,3,3,1,0.006940972330246736,0.020309510021146008,25.65792436469969,0.0007915492201344214,0.7194552661578534,1.772052334749242
r160x100,160,100,20260808_131913,ihawk2,10.0,4,3,0,0,nan,nan,nan,nan,nan,nan
r160x100,160,100,20260808_131913,ihawk2,15.0,0,3,3,1,0.021803639042892117,0.04429837365407387,38.63111129082158,0.0011467020278186713,0.7689781260874923,2.535739685416245
r160x100,160,100,20260808_131913,ihawk2,15.0,1,3,0,0,nan,nan,nan,nan,nan,nan
r160x100,160,100,20260808_131913,ihawk2,15.0,2,3,3,1,0.029931082909611786,0.05527146706216006,36.2539809236592,0.0015245627005361535,0.4705630001483687,1.8934024317498714
r160x100,160,100,20260808_131913,ihawk2,15.0,3,3,0,0,nan,nan,nan,nan,nan,nan
r160x100,160,100,20260808_131913,ihawk2,15.0,4,3,3,1,0.006303150294231129,0.01026874558384267,29.770948492981987,0.00034492503946467675,0.9970230459471638,1.8992989970439125
r160x100,160,100,20260808_131913,ihawk2,20.0,0,3,3,1,0.014135357386297074,0.023219627429359985,38.0711111984485,0.0006099014895658273,0.8143434345254728,2.3128798521848304
r160x100,160,100,20260808_131913,ihawk2,20.0,1,3,0,0,nan,nan,nan,nan,nan,nan
r160x100,160,100,20260808_131913,ihawk2,20.0,2,3,3,1,0.012610231902733486,0.022766881434913275,36.510744897943695,0.0006235666102828682,0.34929261445827064,1.7570304275908735
r160x100,160,100,20260808_131913,ihawk2,20.0,3,3,0,0,nan,nan,nan,nan,nan,nan
r160x100,160,100,20260808_131913,ihawk2,20.0,4,3,3,1,0.006563347975816739,0.011151151164659206,29.532407701654286,0.000377590316282765,1.1319077591010565,2.123258457217125
r160x100,160,100,20260808_131913,ihawk2,25.0,0,3,0,0,nan,nan,nan,nan,nan,nan
r160x100,160,100,20260808_131913,ihawk2,25.0,1,3,0,0,nan,nan,nan,nan,nan,nan
r160x100,160,100,20260808_131913,ihawk2,25.0,2,3,3,1,0.2021912056272404,0.3834580530077139,38.3037460370918,0.010010980457012968,0.7108426456524591,1.9718064975439495
r160x100,160,100,20260808_131913,ihawk2,25.0,3,3,0,0,nan,nan,nan,nan,nan,nan
r160x100,160,100,20260808_131913,ihawk2,25.0,4,3,0,0,nan,nan,nan,nan,nan,nan
r160x100,160,100,20260808_131913,ihawk2,30.0,0,3,0,0,nan,nan,nan,nan,nan,nan
r160x100,160,100,20260808_131913,ihawk2,30.0,1,3,0,0,nan,nan,nan,nan,nan,nan
r160x100,160,100,20260808_131913,ihawk2,30.0,2,3,0,0,nan,nan,nan,nan,nan,nan
r160x100,160,100,20260808_131913,ihawk2,30.0,3,3,0,0,nan,nan,nan,nan,nan,nan
r160x100,160,100,20260808_131913,ihawk2,30.0,4,3,0,0,nan,nan,nan,nan,nan,nan
r160x100,160,100,20260808_131913,ihawk2,35.0,0,3,0,0,nan,nan,nan,nan,nan,nan
r160x100,160,100,20260808_131913,ihawk2,35.0,1,3,0,0,nan,nan,nan,nan,nan,nan
r160x100,160,100,20260808_131913,ihawk2,35.0,2,3,3,1,0.02013574926209289,0.03485640874514768,39.63062112015143,0.0008795322344171851,1.9376510702692022,4.2629829561215855
r160x100,160,100,20260808_131913,ihawk2,35.0,3,3,0,0,nan,nan,nan,nan,nan,nan
r160x100,160,100,20260808_131913,ihawk2,35.0,4,3,0,0,nan,nan,nan,nan,nan,nan
r160x100,160,100,20260808_131913,ihawk2,40.0,0,3,3,1,0.024760526220459336,0.044531602037815525,43.54045775967544,0.0010227637541986988,2.352904544439339,4.956536048253087
r160x100,160,100,20260808_131913,ihawk2,40.0,1,3,0,0,nan,nan,nan,nan,nan,nan
r160x100,160,100,20260808_131913,ihawk2,40.0,2,3,3,1,0.010064169758928248,0.019254912423916158,39.26205239949951,0.0004904204249944307,1.4204555617853412,3.0430321172263852
r160x100,160,100,20260808_131913,ihawk2,40.0,3,3,0,0,nan,nan,nan,nan,nan,nan
r160x100,160,100,20260808_131913,ihawk2,40.0,4,3,0,0,nan,nan,nan,nan,nan,nan
r160x100,160,100,20260808_131913,ihawk2,45.0,0,3,0,0,nan,nan,nan,nan,nan,nan
r160x100,160,100,20260808_131913,ihawk2,45.0,1,3,3,1,0.006660351698317386,0.026719183168887536,28.572579351244105,0.0009351337462546633,0.9919977037452024,2.5405024892476344
r160x100,160,100,20260808_131913,ihawk2,45.0,2,3,0,0,nan,nan,nan,nan,nan,nan
r160x100,160,100,20260808_131913,ihawk2,45.0,3,3,0,0,nan,nan,nan,nan,nan,nan
r160x100,160,100,20260808_131913,ihawk2,45.0,4,3,0,0,nan,nan,nan,nan,nan,nan
r160x100,160,100,20260808_131913,ihawk2,50.0,0,3,3,1,0.007847425794535278,0.02746782389738596,45.41798115814742,0.0006047786184450115,3.5788892072941594,6.671537776904321
r160x100,160,100,20260808_131913,ihawk2,50.0,1,3,0,0,nan,nan,nan,nan,nan,nan
r160x100,160,100,20260808_131913,ihawk2,50.0,2,3,0,0,nan,nan,nan,nan,nan,nan
r160x100,160,100,20260808_131913,ihawk2,50.0,3,3,0,0,nan,nan,nan,nan,nan,nan
r160x100,160,100,20260808_131913,ihawk2,50.0,4,3,0,0,nan,nan,nan,nan,nan,nan
r160x100,160,100,20260808_141232,ihawk1,0.0,0,3,0,0,nan,nan,nan,nan,nan,nan
r160x100,160,100,20260808_141232,ihawk1,0.0,1,3,0,0,nan,nan,nan,nan,nan,nan
r160x100,160,100,20260808_141232,ihawk1,0.0,2,3,0,0,nan,nan,nan,nan,nan,nan
r160x100,160,100,20260808_141232,ihawk1,0.0,3,3,0,0,nan,nan,nan,nan,nan,nan
r160x100,160,100,20260808_141232,ihawk1,0.0,4,3,3,1,0.025207376043523494,0.05630563139947278,24.397291367904735,0.002307864039101664,1.0295618285664696,2.0031071350036114
r160x100,160,100,20260808_141232,ihawk1,5.0,0,3,0,0,nan,nan,nan,nan,nan,nan
r160x100,160,100,20260808_141232,ihawk1,5.0,1,3,0,0,nan,nan,nan,nan,nan,nan
r160x100,160,100,20260808_141232,ihawk1,5.0,2,3,0,0,nan,nan,nan,nan,nan,nan
r160x100,160,100,20260808_141232,ihawk1,5.0,3,3,0,0,nan,nan,nan,nan,nan,nan
r160x100,160,100,20260808_141232,ihawk1,5.0,4,3,0,0,nan,nan,nan,nan,nan,nan
r160x100,160,100,20260808_141232,ihawk1,10.0,0,3,0,0,nan,nan,nan,nan,nan,nan
r160x100,160,100,20260808_141232,ihawk1,10.0,1,3,0,0,nan,nan,nan,nan,nan,nan
r160x100,160,100,20260808_141232,ihawk1,10.0,2,3,0,0,nan,nan,nan,nan,nan,nan
r160x100,160,100,20260808_141232,ihawk1,10.0,3,3,0,0,nan,nan,nan,nan,nan,nan
r160x100,160,100,20260808_141232,ihawk1,10.0,4,3,0,0,nan,nan,nan,nan,nan,nan
r160x100,160,100,20260808_141232,ihawk1,15.0,0,3,0,0,nan,nan,nan,nan,nan,nan
r160x100,160,100,20260808_141232,ihawk1,15.0,1,3,0,0,nan,nan,nan,nan,nan,nan
r160x100,160,100,20260808_141232,ihawk1,15.0,2,3,0,0,nan,nan,nan,nan,nan,nan
r160x100,160,100,20260808_141232,ihawk1,15.0,3,3,0,0,nan,nan,nan,nan,nan,nan
r160x100,160,100,20260808_141232,ihawk1,15.0,4,3,0,0,nan,nan,nan,nan,nan,nan
r160x100,160,100,20260808_141232,ihawk1,20.0,0,3,0,0,nan,nan,nan,nan,nan,nan
r160x100,160,100,20260808_141232,ihawk1,20.0,1,3,0,0,nan,nan,nan,nan,nan,nan
r160x100,160,100,20260808_141232,ihawk1,20.0,2,3,0,0,nan,nan,nan,nan,nan,nan
r160x100,160,100,20260808_141232,ihawk1,20.0,3,3,0,0,nan,nan,nan,nan,nan,nan
r160x100,160,100,20260808_141232,ihawk1,20.0,4,3,0,0,nan,nan,nan,nan,nan,nan
r160x100,160,100,20260808_141232,ihawk1,25.0,0,3,0,0,nan,nan,nan,nan,nan,nan
r160x100,160,100,20260808_141232,ihawk1,25.0,1,3,0,0,nan,nan,nan,nan,nan,nan
r160x100,160,100,20260808_141232,ihawk1,25.0,2,3,0,0,nan,nan,nan,nan,nan,nan
r160x100,160,100,20260808_141232,ihawk1,25.0,3,3,0,0,nan,nan,nan,nan,nan,nan
r160x100,160,100,20260808_141232,ihawk1,25.0,4,3,0,0,nan,nan,nan,nan,nan,nan
r160x100,160,100,20260808_141232,ihawk1,35.0,0,3,0,0,nan,nan,nan,nan,nan,nan
r160x100,160,100,20260808_141232,ihawk1,35.0,1,3,0,0,nan,nan,nan,nan,nan,nan
r160x100,160,100,20260808_141232,ihawk1,35.0,2,3,3,1,0.027488098057758398,0.048687327626802876,37.13177638000549,0.0013112038359958387,6.036603283341926,7.866402056513477
r160x100,160,100,20260808_141232,ihawk1,35.0,3,3,0,0,nan,nan,nan,nan,nan,nan
r160x100,160,100,20260808_141232,ihawk1,35.0,4,3,0,0,nan,nan,nan,nan,nan,nan
r160x100,160,100,20260808_141232,ihawk1,40.0,0,3,0,0,nan,nan,nan,nan,nan,nan
r160x100,160,100,20260808_141232,ihawk1,40.0,1,3,0,0,nan,nan,nan,nan,nan,nan
r160x100,160,100,20260808_141232,ihawk1,40.0,2,3,0,0,nan,nan,nan,nan,nan,nan
r160x100,160,100,20260808_141232,ihawk1,40.0,3,3,0,0,nan,nan,nan,nan,nan,nan
r160x100,160,100,20260808_141232,ihawk1,40.0,4,3,0,0,nan,nan,nan,nan,nan,nan
r160x100,160,100,20260808_141232,ihawk1,45.0,0,3,0,0,nan,nan,nan,nan,nan,nan
r160x100,160,100,20260808_141232,ihawk1,45.0,1,3,0,0,nan,nan,nan,nan,nan,nan
r160x100,160,100,20260808_141232,ihawk1,45.0,2,3,3,1,0.02188751301808929,0.04400239874713627,37.23606661063005,0.0011817144707377493,5.5130907134690155,7.063440277574555
r160x100,160,100,20260808_141232,ihawk1,45.0,3,3,0,0,nan,nan,nan,nan,nan,nan
r160x100,160,100,20260808_141232,ihawk1,45.0,4,3,0,0,nan,nan,nan,nan,nan,nan
r160x100,160,100,20260808_141232,ihawk1,50.0,0,3,0,0,nan,nan,nan,nan,nan,nan
r160x100,160,100,20260808_141232,ihawk1,50.0,1,3,0,0,nan,nan,nan,nan,nan,nan
r160x100,160,100,20260808_141232,ihawk1,50.0,2,3,0,0,nan,nan,nan,nan,nan,nan
r160x100,160,100,20260808_141232,ihawk1,50.0,3,3,0,0,nan,nan,nan,nan,nan,nan
r160x100,160,100,20260808_141232,ihawk1,50.0,4,3,0,0,nan,nan,nan,nan,nan,nan
r160x100,160,100,20260808_141232,ihawk2,0.0,0,3,0,0,nan,nan,nan,nan,nan,nan
r160x100,160,100,20260808_141232,ihawk2,0.0,1,3,0,0,nan,nan,nan,nan,nan,nan
r160x100,160,100,20260808_141232,ihawk2,0.0,2,3,3,1,0.016712114369302634,0.03649179521005584,37.25787224770244,0.0009794385188570762,0.3809891162632961,1.0087590952860044
r160x100,160,100,20260808_141232,ihawk2,0.0,3,3,0,0,nan,nan,nan,nan,nan,nan
r160x100,160,100,20260808_141232,ihawk2,0.0,4,3,0,0,nan,nan,nan,nan,nan,nan
r160x100,160,100,20260808_141232,ihawk2,5.0,0,3,0,0,nan,nan,nan,nan,nan,nan
r160x100,160,100,20260808_141232,ihawk2,5.0,1,3,3,1,0.03655746499762991,0.08773226165191166,28.230164772803164,0.0031077488338443066,2.3267895360924102,4.7448132206948355
r160x100,160,100,20260808_141232,ihawk2,5.0,2,3,3,1,0.023538921929034062,0.041058334563046375,38.05060957198478,0.0010790453825810999,1.6874440547670282,3.0245744310020357
r160x100,160,100,20260808_141232,ihawk2,5.0,3,3,0,0,nan,nan,nan,nan,nan,nan
r160x100,160,100,20260808_141232,ihawk2,5.0,4,3,3,1,0.008108114285738995,0.013100185592751624,29.521000633746066,0.00044375818270118295,1.2895396527597731,1.9970709236442545
r160x100,160,100,20260808_141232,ihawk2,10.0,0,3,3,1,0.02686099870899559,0.03575917916644605,42.5159030787423,0.0008410777280260909,2.41718520178906,4.318064662818439
r160x100,160,100,20260808_141232,ihawk2,10.0,1,3,0,0,nan,nan,nan,nan,nan,nan
r160x100,160,100,20260808_141232,ihawk2,10.0,2,3,0,0,nan,nan,nan,nan,nan,nan
r160x100,160,100,20260808_141232,ihawk2,10.0,3,3,0,0,nan,nan,nan,nan,nan,nan
r160x100,160,100,20260808_141232,ihawk2,10.0,4,3,0,0,nan,nan,nan,nan,nan,nan
r160x100,160,100,20260808_141232,ihawk2,15.0,0,3,0,0,nan,nan,nan,nan,nan,nan
r160x100,160,100,20260808_141232,ihawk2,15.0,1,3,0,0,nan,nan,nan,nan,nan,nan
r160x100,160,100,20260808_141232,ihawk2,15.0,2,3,0,0,nan,nan,nan,nan,nan,nan
r160x100,160,100,20260808_141232,ihawk2,15.0,3,3,0,0,nan,nan,nan,nan,nan,nan
r160x100,160,100,20260808_141232,ihawk2,15.0,4,3,0,0,nan,nan,nan,nan,nan,nan
r160x100,160,100,20260808_141232,ihawk2,20.0,0,3,0,0,nan,nan,nan,nan,nan,nan
r160x100,160,100,20260808_141232,ihawk2,20.0,1,3,0,0,nan,nan,nan,nan,nan,nan
r160x100,160,100,20260808_141232,ihawk2,20.0,2,3,0,0,nan,nan,nan,nan,nan,nan
r160x100,160,100,20260808_141232,ihawk2,20.0,3,3,0,0,nan,nan,nan,nan,nan,nan
r160x100,160,100,20260808_141232,ihawk2,20.0,4,3,0,0,nan,nan,nan,nan,nan,nan
r160x100,160,100,20260808_141232,ihawk2,25.0,0,3,3,1,0.010754469120615161,0.03122951640078683,41.45672756568061,0.0007533039444878848,2.2751273783933463,4.629222548927435
r160x100,160,100,20260808_141232,ihawk2,25.0,1,3,3,1,0.06955839794395384,0.14014649883173874,28.457997474667675,0.004924678869498541,2.7976957316570976,4.8569243291168425
r160x100,160,100,20260808_141232,ihawk2,25.0,2,3,3,1,0.012325858223563201,0.02879473699595033,39.05140502896279,0.0007373546988794508,1.9891858270016063,3.2893378850429364
r160x100,160,100,20260808_141232,ihawk2,25.0,3,3,0,0,nan,nan,nan,nan,nan,nan
r160x100,160,100,20260808_141232,ihawk2,25.0,4,3,0,0,nan,nan,nan,nan,nan,nan
r160x100,160,100,20260808_141232,ihawk2,35.0,0,3,0,0,nan,nan,nan,nan,nan,nan
r160x100,160,100,20260808_141232,ihawk2,35.0,1,3,0,0,nan,nan,nan,nan,nan,nan
r160x100,160,100,20260808_141232,ihawk2,35.0,2,3,0,0,nan,nan,nan,nan,nan,nan
r160x100,160,100,20260808_141232,ihawk2,35.0,3,3,0,0,nan,nan,nan,nan,nan,nan
r160x100,160,100,20260808_141232,ihawk2,35.0,4,3,0,0,nan,nan,nan,nan,nan,nan
r160x100,160,100,20260808_141232,ihawk2,40.0,0,3,3,1,0.006544342902976796,0.010211195878908645,40.165401979434854,0.00025422864892866987,0.7749901208336826,4.146561388764077
r160x100,160,100,20260808_141232,ihawk2,40.0,1,3,0,0,nan,nan,nan,nan,nan,nan
r160x100,160,100,20260808_141232,ihawk2,40.0,2,3,0,0,nan,nan,nan,nan,nan,nan
r160x100,160,100,20260808_141232,ihawk2,40.0,3,3,0,0,nan,nan,nan,nan,nan,nan
r160x100,160,100,20260808_141232,ihawk2,40.0,4,3,3,1,0.007618897740552181,0.016936741115625823,29.63903345608272,0.0005714336515298866,1.0349484113556842,2.1075538808465257
r160x100,160,100,20260808_141232,ihawk2,45.0,0,3,2,0,0.006587762392726024,0.02126938160076513,42.630624694671056,0.0004989225880010119,2.6322357774345306,4.30000431790846
r160x100,160,100,20260808_141232,ihawk2,45.0,1,3,0,0,nan,nan,nan,nan,nan,nan
r160x100,160,100,20260808_141232,ihawk2,45.0,2,3,3,1,0.01824754862467085,0.036355629658568665,39.72365688574122,0.0009152135656377219,2.484869990236221,3.8303758294817567
r160x100,160,100,20260808_141232,ihawk2,45.0,3,3,0,0,nan,nan,nan,nan,nan,nan
r160x100,160,100,20260808_141232,ihawk2,45.0,4,3,0,0,nan,nan,nan,nan,nan,nan
r160x100,160,100,20260808_141232,ihawk2,50.0,0,3,0,0,nan,nan,nan,nan,nan,nan
r160x100,160,100,20260808_141232,ihawk2,50.0,1,3,0,0,nan,nan,nan,nan,nan,nan
r160x100,160,100,20260808_141232,ihawk2,50.0,2,3,3,1,0.012183969223469197,0.02751956062053614,37.824739987991045,0.000727554521968249,0.6355911331242512,1.6289788216838386
r160x100,160,100,20260808_141232,ihawk2,50.0,3,3,0,0,nan,nan,nan,nan,nan,nan
r160x100,160,100,20260808_141232,ihawk2,50.0,4,3,0,0,nan,nan,nan,nan,nan,nan
r160x100,160,100,20260808_145501,ihawk1,0.0,0,3,0,0,nan,nan,nan,nan,nan,nan
r160x100,160,100,20260808_145501,ihawk1,0.0,1,3,0,0,nan,nan,nan,nan,nan,nan
r160x100,160,100,20260808_145501,ihawk1,0.0,2,3,0,0,nan,nan,nan,nan,nan,nan
r160x100,160,100,20260808_145501,ihawk1,0.0,3,3,0,0,nan,nan,nan,nan,nan,nan
r160x100,160,100,20260808_145501,ihawk1,0.0,4,3,0,0,nan,nan,nan,nan,nan,nan
r160x100,160,100,20260808_145501,ihawk1,5.0,0,3,0,0,nan,nan,nan,nan,nan,nan
r160x100,160,100,20260808_145501,ihawk1,5.0,1,3,0,0,nan,nan,nan,nan,nan,nan
r160x100,160,100,20260808_145501,ihawk1,5.0,2,3,0,0,nan,nan,nan,nan,nan,nan
r160x100,160,100,20260808_145501,ihawk1,5.0,3,3,0,0,nan,nan,nan,nan,nan,nan
r160x100,160,100,20260808_145501,ihawk1,5.0,4,3,0,0,nan,nan,nan,nan,nan,nan
r160x100,160,100,20260808_145501,ihawk1,10.0,0,3,0,0,nan,nan,nan,nan,nan,nan
r160x100,160,100,20260808_145501,ihawk1,10.0,1,3,0,0,nan,nan,nan,nan,nan,nan
r160x100,160,100,20260808_145501,ihawk1,10.0,2,3,0,0,nan,nan,nan,nan,nan,nan
r160x100,160,100,20260808_145501,ihawk1,10.0,3,3,0,0,nan,nan,nan,nan,nan,nan
r160x100,160,100,20260808_145501,ihawk1,10.0,4,3,0,0,nan,nan,nan,nan,nan,nan
r160x100,160,100,20260808_145501,ihawk1,15.0,0,3,0,0,nan,nan,nan,nan,nan,nan
r160x100,160,100,20260808_145501,ihawk1,15.0,1,3,0,0,nan,nan,nan,nan,nan,nan
r160x100,160,100,20260808_145501,ihawk1,15.0,2,3,3,1,0.018734611368137595,0.02442363233562801,37.24098357767985,0.000655826726076756,3.62429460548841,5.471869096995846
r160x100,160,100,20260808_145501,ihawk1,15.0,3,3,0,0,nan,nan,nan,nan,nan,nan
r160x100,160,100,20260808_145501,ihawk1,15.0,4,3,0,0,nan,nan,nan,nan,nan,nan
r160x100,160,100,20260808_145501,ihawk1,20.0,0,3,0,0,nan,nan,nan,nan,nan,nan
r160x100,160,100,20260808_145501,ihawk1,20.0,1,3,0,0,nan,nan,nan,nan,nan,nan
r160x100,160,100,20260808_145501,ihawk1,20.0,2,3,0,0,nan,nan,nan,nan,nan,nan
r160x100,160,100,20260808_145501,ihawk1,20.0,3,3,0,0,nan,nan,nan,nan,nan,nan
r160x100,160,100,20260808_145501,ihawk1,20.0,4,3,0,0,nan,nan,nan,nan,nan,nan
r160x100,160,100,20260808_145501,ihawk1,25.0,0,3,0,0,nan,nan,nan,nan,nan,nan
r160x100,160,100,20260808_145501,ihawk1,25.0,1,3,0,0,nan,nan,nan,nan,nan,nan
r160x100,160,100,20260808_145501,ihawk1,25.0,2,3,0,0,nan,nan,nan,nan,nan,nan
r160x100,160,100,20260808_145501,ihawk1,25.0,3,3,0,0,nan,nan,nan,nan,nan,nan
r160x100,160,100,20260808_145501,ihawk1,25.0,4,3,0,0,nan,nan,nan,nan,nan,nan
r160x100,160,100,20260808_145501,ihawk1,30.0,0,3,0,0,nan,nan,nan,nan,nan,nan
r160x100,160,100,20260808_145501,ihawk1,30.0,1,3,0,0,nan,nan,nan,nan,nan,nan
r160x100,160,100,20260808_145501,ihawk1,30.0,2,3,0,0,nan,nan,nan,nan,nan,nan
r160x100,160,100,20260808_145501,ihawk1,30.0,3,3,0,0,nan,nan,nan,nan,nan,nan
r160x100,160,100,20260808_145501,ihawk1,30.0,4,3,0,0,nan,nan,nan,nan,nan,nan
r160x100,160,100,20260808_145501,ihawk1,35.0,0,3,0,0,nan,nan,nan,nan,nan,nan
r160x100,160,100,20260808_145501,ihawk1,35.0,1,3,0,0,nan,nan,nan,nan,nan,nan
r160x100,160,100,20260808_145501,ihawk1,35.0,2,3,3,1,0.03697921348286741,0.09198090355166702,36.54470861588871,0.0025169417690110154,4.5299350769652,5.768087771889669
r160x100,160,100,20260808_145501,ihawk1,35.0,3,3,0,0,nan,nan,nan,nan,nan,nan
r160x100,160,100,20260808_145501,ihawk1,35.0,4,3,0,0,nan,nan,nan,nan,nan,nan
r160x100,160,100,20260808_145501,ihawk1,40.0,0,3,0,0,nan,nan,nan,nan,nan,nan
r160x100,160,100,20260808_145501,ihawk1,40.0,1,3,0,0,nan,nan,nan,nan,nan,nan
r160x100,160,100,20260808_145501,ihawk1,40.0,2,3,0,0,nan,nan,nan,nan,nan,nan
r160x100,160,100,20260808_145501,ihawk1,40.0,3,3,0,0,nan,nan,nan,nan,nan,nan
r160x100,160,100,20260808_145501,ihawk1,40.0,4,3,0,0,nan,nan,nan,nan,nan,nan
r160x100,160,100,20260808_145501,ihawk1,45.0,0,3,0,0,nan,nan,nan,nan,nan,nan
r160x100,160,100,20260808_145501,ihawk1,45.0,1,3,0,0,nan,nan,nan,nan,nan,nan
r160x100,160,100,20260808_145501,ihawk1,45.0,2,3,3,1,0.013320020732748152,0.0283315232621439,36.50065775200365,0.000776192129320976,6.312916278732771,7.395055239733842
r160x100,160,100,20260808_145501,ihawk1,45.0,3,3,0,0,nan,nan,nan,nan,nan,nan
r160x100,160,100,20260808_145501,ihawk1,45.0,4,3,0,0,nan,nan,nan,nan,nan,nan
r160x100,160,100,20260808_145501,ihawk1,50.0,0,3,0,0,nan,nan,nan,nan,nan,nan
r160x100,160,100,20260808_145501,ihawk1,50.0,1,3,0,0,nan,nan,nan,nan,nan,nan
r160x100,160,100,20260808_145501,ihawk1,50.0,2,3,3,1,0.019983324142286714,0.03487717941825151,37.48328934552927,0.0009304727527177761,4.173472266202636,5.702649051646555
r160x100,160,100,20260808_145501,ihawk1,50.0,3,3,0,0,nan,nan,nan,nan,nan,nan
r160x100,160,100,20260808_145501,ihawk1,50.0,4,3,0,0,nan,nan,nan,nan,nan,nan
r160x100,160,100,20260808_145501,ihawk2,0.0,0,3,0,0,nan,nan,nan,nan,nan,nan
r160x100,160,100,20260808_145501,ihawk2,0.0,1,3,0,0,nan,nan,nan,nan,nan,nan
r160x100,160,100,20260808_145501,ihawk2,0.0,2,3,0,0,nan,nan,nan,nan,nan,nan
r160x100,160,100,20260808_145501,ihawk2,0.0,3,3,0,0,nan,nan,nan,nan,nan,nan
r160x100,160,100,20260808_145501,ihawk2,0.0,4,3,3,1,0.004315521080908366,0.019180494098574846,29.879968665805286,0.000641918146337451,0.6318739076500527,1.5852192973996289
r160x100,160,100,20260808_145501,ihawk2,5.0,0,3,3,1,0.005273646320615828,0.02144346472321315,37.477797775601914,0.0005721644812645013,0.6219571152260968,2.0539706249242666
r160x100,160,100,20260808_145501,ihawk2,5.0,1,3,0,0,nan,nan,nan,nan,nan,nan
r160x100,160,100,20260808_145501,ihawk2,5.0,2,3,3,1,0.01457220569040345,0.024701420520102005,37.80926075006107,0.0006533166750704616,0.5056764721222531,1.514123424658364
r160x100,160,100,20260808_145501,ihawk2,5.0,3,3,0,0,nan,nan,nan,nan,nan,nan
r160x100,160,100,20260808_145501,ihawk2,5.0,4,3,0,0,nan,nan,nan,nan,nan,nan
r160x100,160,100,20260808_145501,ihawk2,10.0,0,3,0,0,nan,nan,nan,nan,nan,nan
r160x100,160,100,20260808_145501,ihawk2,10.0,1,3,0,0,nan,nan,nan,nan,nan,nan
r160x100,160,100,20260808_145501,ihawk2,10.0,2,3,3,1,0.004118670378286668,0.015318121948503367,36.30985220281471,0.00042187232993793125,0.4804628893860185,1.9702886015736303
r160x100,160,100,20260808_145501,ihawk2,10.0,3,3,0,0,nan,nan,nan,nan,nan,nan
r160x100,160,100,20260808_145501,ihawk2,10.0,4,3,0,0,nan,nan,nan,nan,nan,nan
r160x100,160,100,20260808_145501,ihawk2,15.0,0,3,0,0,nan,nan,nan,nan,nan,nan
r160x100,160,100,20260808_145501,ihawk2,15.0,1,3,0,0,nan,nan,nan,nan,nan,nan
r160x100,160,100,20260808_145501,ihawk2,15.0,2,3,3,1,0.06750263454103289,0.12802223242566055,36.75200062045174,0.003483408529178648,0.3994888328073546,1.6087839764537444
r160x100,160,100,20260808_145501,ihawk2,15.0,3,3,0,0,nan,nan,nan,nan,nan,nan
r160x100,160,100,20260808_145501,ihawk2,15.0,4,3,0,0,nan,nan,nan,nan,nan,nan
r160x100,160,100,20260808_145501,ihawk2,20.0,0,3,0,0,nan,nan,nan,nan,nan,nan
r160x100,160,100,20260808_145501,ihawk2,20.0,1,3,0,0,nan,nan,nan,nan,nan,nan
r160x100,160,100,20260808_145501,ihawk2,20.0,2,3,3,1,0.0148716938218488,0.027746385748092923,36.418312604848964,0.0007618800477976729,0.4436708556270535,1.7845252527271311
r160x100,160,100,20260808_145501,ihawk2,20.0,3,3,0,0,nan,nan,nan,nan,nan,nan
r160x100,160,100,20260808_145501,ihawk2,20.0,4,3,0,0,nan,nan,nan,nan,nan,nan
r160x100,160,100,20260808_145501,ihawk2,25.0,0,3,0,0,nan,nan,nan,nan,nan,nan
r160x100,160,100,20260808_145501,ihawk2,25.0,1,3,3,1,0.015650270973849585,0.03667752791930855,28.697546594382473,0.0012780719006302843,2.541382333345212,4.787206975163927
r160x100,160,100,20260808_145501,ihawk2,25.0,2,3,3,1,0.007920153472447176,0.013292578388029653,36.36003716684781,0.00036558209022265523,0.23666297843582382,2.0620771596877594
r160x100,160,100,20260808_145501,ihawk2,25.0,3,3,0,0,nan,nan,nan,nan,nan,nan
r160x100,160,100,20260808_145501,ihawk2,25.0,4,3,3,1,0.006245917528367837,0.012135659424832728,29.806712989157777,0.0004071451766334345,0.7550418253011949,1.6616430835322542
r160x100,160,100,20260808_145501,ihawk2,30.0,0,3,0,0,nan,nan,nan,nan,nan,nan
r160x100,160,100,20260808_145501,ihawk2,30.0,1,3,0,0,nan,nan,nan,nan,nan,nan
r160x100,160,100,20260808_145501,ihawk2,30.0,2,3,0,0,nan,nan,nan,nan,nan,nan
r160x100,160,100,20260808_145501,ihawk2,30.0,3,3,0,0,nan,nan,nan,nan,nan,nan
r160x100,160,100,20260808_145501,ihawk2,30.0,4,3,0,0,nan,nan,nan,nan,nan,nan
r160x100,160,100,20260808_145501,ihawk2,35.0,0,3,3,1,0.02889937390050406,0.0734881577381931,42.306382486343765,0.0017370465972105893,2.8519710215201983,4.812364378260704
r160x100,160,100,20260808_145501,ihawk2,35.0,1,3,0,0,nan,nan,nan,nan,nan,nan
r160x100,160,100,20260808_145501,ihawk2,35.0,2,3,0,0,nan,nan,nan,nan,nan,nan
r160x100,160,100,20260808_145501,ihawk2,35.0,3,3,0,0,nan,nan,nan,nan,nan,nan
r160x100,160,100,20260808_145501,ihawk2,35.0,4,3,0,0,nan,nan,nan,nan,nan,nan
r160x100,160,100,20260808_145501,ihawk2,40.0,0,3,0,0,nan,nan,nan,nan,nan,nan
r160x100,160,100,20260808_145501,ihawk2,40.0,1,3,0,0,nan,nan,nan,nan,nan,nan
r160x100,160,100,20260808_145501,ihawk2,40.0,2,3,0,0,nan,nan,nan,nan,nan,nan
r160x100,160,100,20260808_145501,ihawk2,40.0,3,3,0,0,nan,nan,nan,nan,nan,nan
r160x100,160,100,20260808_145501,ihawk2,40.0,4,3,3,1,0.007189106672384766,0.012751704683676987,29.91868401677418,0.0004262120846133349,0.8367466037107336,1.8746407250943438
r160x100,160,100,20260808_145501,ihawk2,45.0,0,3,0,0,nan,nan,nan,nan,nan,nan
r160x100,160,100,20260808_145501,ihawk2,45.0,1,3,0,0,nan,nan,nan,nan,nan,nan
r160x100,160,100,20260808_145501,ihawk2,45.0,2,3,3,1,0.025530699005783714,0.04465165387443688,39.575972323015776,0.0011282515944268864,1.7541458892034487,3.0548501241242447
r160x100,160,100,20260808_145501,ihawk2,45.0,3,3,0,0,nan,nan,nan,nan,nan,nan
r160x100,160,100,20260808_145501,ihawk2,45.0,4,3,0,0,nan,nan,nan,nan,nan,nan
r160x100,160,100,20260808_145501,ihawk2,50.0,0,3,0,0,nan,nan,nan,nan,nan,nan
r160x100,160,100,20260808_145501,ihawk2,50.0,1,3,0,0,nan,nan,nan,nan,nan,nan
r160x100,160,100,20260808_145501,ihawk2,50.0,2,3,3,1,0.014740595729441098,0.027909156208053742,38.22220579121929,0.0007301817263111815,0.7325082389855327,2.309397695282505
r160x100,160,100,20260808_145501,ihawk2,50.0,3,3,0,0,nan,nan,nan,nan,nan,nan
r160x100,160,100,20260808_145501,ihawk2,50.0,4,3,0,0,nan,nan,nan,nan,nan,nan
r160x100,160,100,20260808_151001,ihawk1,0.0,0,3,0,0,nan,nan,nan,nan,nan,nan
r160x100,160,100,20260808_151001,ihawk1,0.0,1,3,0,0,nan,nan,nan,nan,nan,nan
r160x100,160,100,20260808_151001,ihawk1,0.0,2,3,0,0,nan,nan,nan,nan,nan,nan
r160x100,160,100,20260808_151001,ihawk1,0.0,3,3,0,0,nan,nan,nan,nan,nan,nan
r160x100,160,100,20260808_151001,ihawk1,0.0,4,3,0,0,nan,nan,nan,nan,nan,nan
r160x100,160,100,20260808_151001,ihawk1,5.0,0,3,0,0,nan,nan,nan,nan,nan,nan
r160x100,160,100,20260808_151001,ihawk1,5.0,1,3,0,0,nan,nan,nan,nan,nan,nan
r160x100,160,100,20260808_151001,ihawk1,5.0,2,3,3,1,0.02495329968693806,0.039232081299043,35.38011948873175,0.0011088736235483339,1.8877558527192881,4.169726201872479
r160x100,160,100,20260808_151001,ihawk1,5.0,3,3,0,0,nan,nan,nan,nan,nan,nan
r160x100,160,100,20260808_151001,ihawk1,5.0,4,3,0,0,nan,nan,nan,nan,nan,nan
r160x100,160,100,20260808_151001,ihawk1,10.0,0,3,0,0,nan,nan,nan,nan,nan,nan
r160x100,160,100,20260808_151001,ihawk1,10.0,1,3,0,0,nan,nan,nan,nan,nan,nan
r160x100,160,100,20260808_151001,ihawk1,10.0,2,3,0,0,nan,nan,nan,nan,nan,nan
r160x100,160,100,20260808_151001,ihawk1,10.0,3,3,0,0,nan,nan,nan,nan,nan,nan
r160x100,160,100,20260808_151001,ihawk1,10.0,4,3,0,0,nan,nan,nan,nan,nan,nan
r160x100,160,100,20260808_151001,ihawk1,15.0,0,3,0,0,nan,nan,nan,nan,nan,nan
r160x100,160,100,20260808_151001,ihawk1,15.0,1,3,0,0,nan,nan,nan,nan,nan,nan
r160x100,160,100,20260808_151001,ihawk1,15.0,2,3,3,1,0.029956537151449924,0.05165020735315806,37.342074554925766,0.0013831638431653476,3.577396378306539,5.534456862435575
r160x100,160,100,20260808_151001,ihawk1,15.0,3,3,0,0,nan,nan,nan,nan,nan,nan
r160x100,160,100,20260808_151001,ihawk1,15.0,4,3,0,0,nan,nan,nan,nan,nan,nan
r160x100,160,100,20260808_151001,ihawk1,20.0,0,3,0,0,nan,nan,nan,nan,nan,nan
r160x100,160,100,20260808_151001,ihawk1,20.0,1,3,0,0,nan,nan,nan,nan,nan,nan
r160x100,160,100,20260808_151001,ihawk1,20.0,2,3,0,0,nan,nan,nan,nan,nan,nan
r160x100,160,100,20260808_151001,ihawk1,20.0,3,3,0,0,nan,nan,nan,nan,nan,nan
r160x100,160,100,20260808_151001,ihawk1,20.0,4,3,0,0,nan,nan,nan,nan,nan,nan
r160x100,160,100,20260808_151001,ihawk1,25.0,0,3,0,0,nan,nan,nan,nan,nan,nan
r160x100,160,100,20260808_151001,ihawk1,25.0,1,3,0,0,nan,nan,nan,nan,nan,nan
r160x100,160,100,20260808_151001,ihawk1,25.0,2,3,0,0,nan,nan,nan,nan,nan,nan
r160x100,160,100,20260808_151001,ihawk1,25.0,3,3,0,0,nan,nan,nan,nan,nan,nan
r160x100,160,100,20260808_151001,ihawk1,25.0,4,3,0,0,nan,nan,nan,nan,nan,nan
r160x100,160,100,20260808_151001,ihawk1,30.0,0,3,0,0,nan,nan,nan,nan,nan,nan
r160x100,160,100,20260808_151001,ihawk1,30.0,1,3,0,0,nan,nan,nan,nan,nan,nan
r160x100,160,100,20260808_151001,ihawk1,30.0,2,3,0,0,nan,nan,nan,nan,nan,nan
r160x100,160,100,20260808_151001,ihawk1,30.0,3,3,0,0,nan,nan,nan,nan,nan,nan
r160x100,160,100,20260808_151001,ihawk1,30.0,4,3,0,0,nan,nan,nan,nan,nan,nan
r160x100,160,100,20260808_151001,ihawk1,35.0,0,3,0,0,nan,nan,nan,nan,nan,nan
r160x100,160,100,20260808_151001,ihawk1,35.0,1,3,0,0,nan,nan,nan,nan,nan,nan
r160x100,160,100,20260808_151001,ihawk1,35.0,2,3,0,0,nan,nan,nan,nan,nan,nan
r160x100,160,100,20260808_151001,ihawk1,35.0,3,3,0,0,nan,nan,nan,nan,nan,nan
r160x100,160,100,20260808_151001,ihawk1,35.0,4,3,0,0,nan,nan,nan,nan,nan,nan
r160x100,160,100,20260808_151001,ihawk1,40.0,0,3,0,0,nan,nan,nan,nan,nan,nan
r160x100,160,100,20260808_151001,ihawk1,40.0,1,3,0,0,nan,nan,nan,nan,nan,nan
r160x100,160,100,20260808_151001,ihawk1,40.0,2,3,0,0,nan,nan,nan,nan,nan,nan
r160x100,160,100,20260808_151001,ihawk1,40.0,3,3,0,0,nan,nan,nan,nan,nan,nan
r160x100,160,100,20260808_151001,ihawk1,40.0,4,3,0,0,nan,nan,nan,nan,nan,nan
r160x100,160,100,20260808_151001,ihawk1,45.0,0,3,0,0,nan,nan,nan,nan,nan,nan
r160x100,160,100,20260808_151001,ihawk1,45.0,1,3,0,0,nan,nan,nan,nan,nan,nan
r160x100,160,100,20260808_151001,ihawk1,45.0,2,3,0,0,nan,nan,nan,nan,nan,nan
r160x100,160,100,20260808_151001,ihawk1,45.0,3,3,0,0,nan,nan,nan,nan,nan,nan
r160x100,160,100,20260808_151001,ihawk1,45.0,4,3,0,0,nan,nan,nan,nan,nan,nan
r160x100,160,100,20260808_151001,ihawk1,50.0,0,3,0,0,nan,nan,nan,nan,nan,nan
r160x100,160,100,20260808_151001,ihawk1,50.0,1,3,0,0,nan,nan,nan,nan,nan,nan
r160x100,160,100,20260808_151001,ihawk1,50.0,2,3,3,1,0.01459936647131583,0.035647847908196265,38.29883184772514,0.0009307815979853094,5.67413072384936,7.21017933463659
r160x100,160,100,20260808_151001,ihawk1,50.0,3,3,0,0,nan,nan,nan,nan,nan,nan
r160x100,160,100,20260808_151001,ihawk1,50.0,4,3,0,0,nan,nan,nan,nan,nan,nan
r160x100,160,100,20260808_151001,ihawk2,0.0,0,3,3,1,0.03857760307230963,0.06857779515845888,37.52182793376211,0.0018276773530202304,1.9306266565486259,3.9378754303992567
r160x100,160,100,20260808_151001,ihawk2,0.0,1,3,0,0,nan,nan,nan,nan,nan,nan
r160x100,160,100,20260808_151001,ihawk2,0.0,2,3,0,0,nan,nan,nan,nan,nan,nan
r160x100,160,100,20260808_151001,ihawk2,0.0,3,3,0,0,nan,nan,nan,nan,nan,nan
r160x100,160,100,20260808_151001,ihawk2,0.0,4,3,3,1,0.009930387670267517,0.02505300692311755,29.914813671863975,0.0008374782874439516,0.6681537582845679,1.5580735339314353
r160x100,160,100,20260808_151001,ihawk2,5.0,0,3,0,0,nan,nan,nan,nan,nan,nan
r160x100,160,100,20260808_151001,ihawk2,5.0,1,3,3,1,0.04627841445081085,0.09759552928870457,25.93371413762834,0.0037632684917699093,1.5258194607837754,3.5454555004418653
r160x100,160,100,20260808_151001,ihawk2,5.0,2,3,0,0,nan,nan,nan,nan,nan,nan
r160x100,160,100,20260808_151001,ihawk2,5.0,3,3,0,0,nan,nan,nan,nan,nan,nan
r160x100,160,100,20260808_151001,ihawk2,5.0,4,3,0,0,nan,nan,nan,nan,nan,nan
r160x100,160,100,20260808_151001,ihawk2,10.0,0,3,3,1,0.015873885769831998,0.027418459808361127,38.34689622174092,0.0007150111876020914,0.5859412871799664,2.2488980430298304
r160x100,160,100,20260808_151001,ihawk2,10.0,1,3,0,0,nan,nan,nan,nan,nan,nan
r160x100,160,100,20260808_151001,ihawk2,10.0,2,3,3,1,0.006766400812034281,0.01654717474849951,36.81676436737145,0.00044944674071261694,0.4118252832633303,1.6668851786784709
r160x100,160,100,20260808_151001,ihawk2,10.0,3,3,0,0,nan,nan,nan,nan,nan,nan
r160x100,160,100,20260808_151001,ihawk2,10.0,4,3,0,0,nan,nan,nan,nan,nan,nan
r160x100,160,100,20260808_151001,ihawk2,15.0,0,3,3,1,0.0071351423959158874,0.02796580880640459,37.571610566175806,0.0007443335109935657,0.6767777913831424,2.2392140698797847
r160x100,160,100,20260808_151001,ihawk2,15.0,1,3,0,0,nan,nan,nan,nan,nan,nan
r160x100,160,100,20260808_151001,ihawk2,15.0,2,3,3,1,0.012918198921473653,0.02644060553009589,36.323945515342544,0.0007279111658982057,0.6332652267477075,1.7950133533458636
r160x100,160,100,20260808_151001,ihawk2,15.0,3,3,0,0,nan,nan,nan,nan,nan,nan
r160x100,160,100,20260808_151001,ihawk2,15.0,4,3,0,0,nan,nan,nan,nan,nan,nan
r160x100,160,100,20260808_151001,ihawk2,20.0,0,3,0,0,nan,nan,nan,nan,nan,nan
r160x100,160,100,20260808_151001,ihawk2,20.0,1,3,3,1,0.02136454222329315,0.048473389092017864,26.35294911878611,0.0018393914424349135,1.4594997802491525,3.6149581865701363
r160x100,160,100,20260808_151001,ihawk2,20.0,2,3,3,1,0.02092570202982392,0.03155669572073052,37.24966463125868,0.0008471672438696049,0.6332889464694603,1.847442522160325
r160x100,160,100,20260808_151001,ihawk2,20.0,3,3,0,0,nan,nan,nan,nan,nan,nan
r160x100,160,100,20260808_151001,ihawk2,20.0,4,3,0,0,nan,nan,nan,nan,nan,nan
r160x100,160,100,20260808_151001,ihawk2,25.0,0,3,0,0,nan,nan,nan,nan,nan,nan
r160x100,160,100,20260808_151001,ihawk2,25.0,1,3,0,0,nan,nan,nan,nan,nan,nan
r160x100,160,100,20260808_151001,ihawk2,25.0,2,3,0,0,nan,nan,nan,nan,nan,nan
r160x100,160,100,20260808_151001,ihawk2,25.0,3,3,0,0,nan,nan,nan,nan,nan,nan
r160x100,160,100,20260808_151001,ihawk2,25.0,4,3,0,0,nan,nan,nan,nan,nan,nan
r160x100,160,100,20260808_151001,ihawk2,30.0,0,3,3,1,0.026861304735159675,0.04677878324293146,40.85941300079067,0.0011448716417444922,1.6068737117723928,3.733358727413146
r160x100,160,100,20260808_151001,ihawk2,30.0,1,3,0,0,nan,nan,nan,nan,nan,nan
r160x100,160,100,20260808_151001,ihawk2,30.0,2,3,0,0,nan,nan,nan,nan,nan,nan
r160x100,160,100,20260808_151001,ihawk2,30.0,3,3,0,0,nan,nan,nan,nan,nan,nan
r160x100,160,100,20260808_151001,ihawk2,30.0,4,3,0,0,nan,nan,nan,nan,nan,nan
r160x100,160,100,20260808_151001,ihawk2,35.0,0,3,3,1,0.13719029775164512,0.25595926067282604,42.14783388900474,0.006072892413567167,3.1610974368256963,4.872065488296704
r160x100,160,100,20260808_151001,ihawk2,35.0,1,3,0,0,nan,nan,nan,nan,nan,nan
r160x100,160,100,20260808_151001,ihawk2,35.0,2,3,3,1,0.012200733255567961,0.02126215392006194,39.03907547819675,0.0005446377420473702,1.878337801999323,3.5745267719683134
r160x100,160,100,20260808_151001,ihawk2,35.0,3,3,0,0,nan,nan,nan,nan,nan,nan
r160x100,160,100,20260808_151001,ihawk2,35.0,4,3,0,0,nan,nan,nan,nan,nan,nan
r160x100,160,100,20260808_151001,ihawk2,40.0,0,3,3,1,0.013214641258923718,0.024275413576943707,42.422261741563446,0.0005722328933056329,2.1868521443510676,4.390789218814986
r160x100,160,100,20260808_151001,ihawk2,40.0,1,3,0,0,nan,nan,nan,nan,nan,nan
r160x100,160,100,20260808_151001,ihawk2,40.0,2,3,3,1,0.013983298011003151,0.027297058620840947,37.949118883311826,0.0007193067829789551,1.0914876416824266,2.624849317173226
r160x100,160,100,20260808_151001,ihawk2,40.0,3,3,0,0,nan,nan,nan,nan,nan,nan
r160x100,160,100,20260808_151001,ihawk2,40.0,4,3,0,0,nan,nan,nan,nan,nan,nan
r160x100,160,100,20260808_151001,ihawk2,45.0,0,3,3,1,0.027948607157445276,0.05707203492304009,41.84538535088747,0.0013638788230642901,2.643425729628552,4.619034945272566
r160x100,160,100,20260808_151001,ihawk2,45.0,1,3,0,0,nan,nan,nan,nan,nan,nan
r160x100,160,100,20260808_151001,ihawk2,45.0,2,3,0,0,nan,nan,nan,nan,nan,nan
r160x100,160,100,20260808_151001,ihawk2,45.0,3,3,0,0,nan,nan,nan,nan,nan,nan
r160x100,160,100,20260808_151001,ihawk2,45.0,4,3,0,0,nan,nan,nan,nan,nan,nan
r160x100,160,100,20260808_151001,ihawk2,50.0,0,3,3,1,0.03175372115977738,0.050382554665196894,44.10268482403381,0.0011423920077931597,3.009022042747542,5.786233566403898
r160x100,160,100,20260808_151001,ihawk2,50.0,1,3,0,0,nan,nan,nan,nan,nan,nan
r160x100,160,100,20260808_151001,ihawk2,50.0,2,3,2,0,0.013648081088946483,0.02242075523752098,39.37159622703807,0.000569465233470106,2.26541779806712,3.7316877183963895
r160x100,160,100,20260808_151001,ihawk2,50.0,3,3,2,0,0.006460249511695256,0.009889011678078756,30.608420726731,0.0003230814084257038,1.2057102348441422,3.162012377822087
r160x100,160,100,20260808_151001,ihawk2,50.0,4,3,0,0,nan,nan,nan,nan,nan,nan
r160x100,160,100,20260808_162715,ihawk1,0.0,0,3,0,0,nan,nan,nan,nan,nan,nan
r160x100,160,100,20260808_162715,ihawk1,0.0,1,3,0,0,nan,nan,nan,nan,nan,nan
r160x100,160,100,20260808_162715,ihawk1,0.0,2,3,3,1,0.010291288746653094,0.021284247795941735,32.76495769471915,0.0006496040066418946,0.9919334421277055,2.2493291449145727
r160x100,160,100,20260808_162715,ihawk1,0.0,3,3,0,0,nan,nan,nan,nan,nan,nan
r160x100,160,100,20260808_162715,ihawk1,0.0,4,3,0,0,nan,nan,nan,nan,nan,nan
r160x100,160,100,20260808_162715,ihawk1,5.0,0,3,0,0,nan,nan,nan,nan,nan,nan
r160x100,160,100,20260808_162715,ihawk1,5.0,1,3,0,0,nan,nan,nan,nan,nan,nan
r160x100,160,100,20260808_162715,ihawk1,5.0,2,3,0,0,nan,nan,nan,nan,nan,nan
r160x100,160,100,20260808_162715,ihawk1,5.0,3,3,0,0,nan,nan,nan,nan,nan,nan
r160x100,160,100,20260808_162715,ihawk1,5.0,4,3,0,0,nan,nan,nan,nan,nan,nan
r160x100,160,100,20260808_162715,ihawk1,10.0,0,3,0,0,nan,nan,nan,nan,nan,nan
r160x100,160,100,20260808_162715,ihawk1,10.0,1,3,0,0,nan,nan,nan,nan,nan,nan
r160x100,160,100,20260808_162715,ihawk1,10.0,2,3,0,0,nan,nan,nan,nan,nan,nan
r160x100,160,100,20260808_162715,ihawk1,10.0,3,3,0,0,nan,nan,nan,nan,nan,nan
r160x100,160,100,20260808_162715,ihawk1,10.0,4,3,0,0,nan,nan,nan,nan,nan,nan
r160x100,160,100,20260808_162715,ihawk1,15.0,0,3,0,0,nan,nan,nan,nan,nan,nan
r160x100,160,100,20260808_162715,ihawk1,15.0,1,3,0,0,nan,nan,nan,nan,nan,nan
r160x100,160,100,20260808_162715,ihawk1,15.0,2,3,3,1,0.015296997129382255,0.03040299585071028,38.91337978305336,0.0007812992862663314,2.9835646588588514,6.137220511492601
r160x100,160,100,20260808_162715,ihawk1,15.0,3,3,0,0,nan,nan,nan,nan,nan,nan
r160x100,160,100,20260808_162715,ihawk1,15.0,4,3,0,0,nan,nan,nan,nan,nan,nan
r160x100,160,100,20260808_162715,ihawk1,20.0,0,3,0,0,nan,nan,nan,nan,nan,nan
r160x100,160,100,20260808_162715,ihawk1,20.0,1,3,0,0,nan,nan,nan,nan,nan,nan
r160x100,160,100,20260808_162715,ihawk1,20.0,2,3,0,0,nan,nan,nan,nan,nan,nan
r160x100,160,100,20260808_162715,ihawk1,20.0,3,3,0,0,nan,nan,nan,nan,nan,nan
r160x100,160,100,20260808_162715,ihawk1,20.0,4,3,0,0,nan,nan,nan,nan,nan,nan
r160x100,160,100,20260808_162715,ihawk1,25.0,0,3,0,0,nan,nan,nan,nan,nan,nan
r160x100,160,100,20260808_162715,ihawk1,25.0,1,3,0,0,nan,nan,nan,nan,nan,nan
r160x100,160,100,20260808_162715,ihawk1,25.0,2,3,3,1,0.04517678327196355,0.12855586463408353,35.78878885292566,0.003592070834315879,3.0463477010264315,6.245304073795141
r160x100,160,100,20260808_162715,ihawk1,25.0,3,3,0,0,nan,nan,nan,nan,nan,nan
r160x100,160,100,20260808_162715,ihawk1,25.0,4,3,0,0,nan,nan,nan,nan,nan,nan
r160x100,160,100,20260808_162715,ihawk1,30.0,0,3,0,0,nan,nan,nan,nan,nan,nan
r160x100,160,100,20260808_162715,ihawk1,30.0,1,3,0,0,nan,nan,nan,nan,nan,nan
r160x100,160,100,20260808_162715,ihawk1,30.0,2,3,0,0,nan,nan,nan,nan,nan,nan
r160x100,160,100,20260808_162715,ihawk1,30.0,3,3,0,0,nan,nan,nan,nan,nan,nan
r160x100,160,100,20260808_162715,ihawk1,30.0,4,3,0,0,nan,nan,nan,nan,nan,nan
r160x100,160,100,20260808_162715,ihawk1,35.0,0,3,0,0,nan,nan,nan,nan,nan,nan
r160x100,160,100,20260808_162715,ihawk1,35.0,1,3,0,0,nan,nan,nan,nan,nan,nan
r160x100,160,100,20260808_162715,ihawk1,35.0,2,3,0,0,nan,nan,nan,nan,nan,nan
r160x100,160,100,20260808_162715,ihawk1,35.0,3,3,0,0,nan,nan,nan,nan,nan,nan
r160x100,160,100,20260808_162715,ihawk1,35.0,4,3,0,0,nan,nan,nan,nan,nan,nan
r160x100,160,100,20260808_162715,ihawk1,40.0,0,3,0,0,nan,nan,nan,nan,nan,nan
r160x100,160,100,20260808_162715,ihawk1,40.0,1,3,0,0,nan,nan,nan,nan,nan,nan
r160x100,160,100,20260808_162715,ihawk1,40.0,2,3,0,0,nan,nan,nan,nan,nan,nan
r160x100,160,100,20260808_162715,ihawk1,40.0,3,3,0,0,nan,nan,nan,nan,nan,nan
r160x100,160,100,20260808_162715,ihawk1,40.0,4,3,0,0,nan,nan,nan,nan,nan,nan
r160x100,160,100,20260808_162715,ihawk1,45.0,0,3,0,0,nan,nan,nan,nan,nan,nan
r160x100,160,100,20260808_162715,ihawk1,45.0,1,3,0,0,nan,nan,nan,nan,nan,nan
r160x100,160,100,20260808_162715,ihawk1,45.0,2,3,0,0,nan,nan,nan,nan,nan,nan
r160x100,160,100,20260808_162715,ihawk1,45.0,3,3,0,0,nan,nan,nan,nan,nan,nan
r160x100,160,100,20260808_162715,ihawk1,45.0,4,3,0,0,nan,nan,nan,nan,nan,nan
r160x100,160,100,20260808_162715,ihawk1,50.0,0,3,0,0,nan,nan,nan,nan,nan,nan
r160x100,160,100,20260808_162715,ihawk1,50.0,1,3,0,0,nan,nan,nan,nan,nan,nan
r160x100,160,100,20260808_162715,ihawk1,50.0,2,3,0,0,nan,nan,nan,nan,nan,nan
r160x100,160,100,20260808_162715,ihawk1,50.0,3,3,0,0,nan,nan,nan,nan,nan,nan
r160x100,160,100,20260808_162715,ihawk1,50.0,4,3,0,0,nan,nan,nan,nan,nan,nan
r160x100,160,100,20260808_162715,ihawk2,0.0,0,3,0,0,nan,nan,nan,nan,nan,nan
r160x100,160,100,20260808_162715,ihawk2,0.0,1,3,0,0,nan,nan,nan,nan,nan,nan
r160x100,160,100,20260808_162715,ihawk2,0.0,2,3,3,1,0.011224171351766423,0.025776891950127393,37.50018926967581,0.000687380315996742,0.24068091946651324,1.2249077149478471
r160x100,160,100,20260808_162715,ihawk2,0.0,3,3,0,0,nan,nan,nan,nan,nan,nan
r160x100,160,100,20260808_162715,ihawk2,0.0,4,3,3,1,0.007263756131954866,0.020121779786992002,29.783132533964828,0.0006756099199452921,0.6748272362245743,1.5794650370480308
r160x100,160,100,20260808_162715,ihawk2,5.0,0,3,0,0,nan,nan,nan,nan,nan,nan
r160x100,160,100,20260808_162715,ihawk2,5.0,1,3,0,0,nan,nan,nan,nan,nan,nan
r160x100,160,100,20260808_162715,ihawk2,5.0,2,3,3,1,0.29006886487446004,0.5704082283656929,37.351670025386284,0.015271291162564126,0.2802117318004312,1.7818192136661897
r160x100,160,100,20260808_162715,ihawk2,5.0,3,3,0,0,nan,nan,nan,nan,nan,nan
r160x100,160,100,20260808_162715,ihawk2,5.0,4,3,0,0,nan,nan,nan,nan,nan,nan
r160x100,160,100,20260808_162715,ihawk2,10.0,0,3,0,0,nan,nan,nan,nan,nan,nan
r160x100,160,100,20260808_162715,ihawk2,10.0,1,3,0,0,nan,nan,nan,nan,nan,nan
r160x100,160,100,20260808_162715,ihawk2,10.0,2,3,3,1,0.05014660570187137,0.08334091705842196,41.00252432661037,0.0020325801502990453,3.3431873129747487,4.974219751254955
r160x100,160,100,20260808_162715,ihawk2,10.0,3,3,0,0,nan,nan,nan,nan,nan,nan
r160x100,160,100,20260808_162715,ihawk2,10.0,4,3,0,0,nan,nan,nan,nan,nan,nan
r160x100,160,100,20260808_162715,ihawk2,15.0,0,3,0,0,nan,nan,nan,nan,nan,nan
r160x100,160,100,20260808_162715,ihawk2,15.0,1,3,0,0,nan,nan,nan,nan,nan,nan
r160x100,160,100,20260808_162715,ihawk2,15.0,2,3,3,1,0.02230146336296952,0.04280151711271447,39.50646283391593,0.0010834054491957645,2.440554415320199,4.1120510317502035
r160x100,160,100,20260808_162715,ihawk2,15.0,3,3,0,0,nan,nan,nan,nan,nan,nan
r160x100,160,100,20260808_162715,ihawk2,15.0,4,3,3,1,0.0078937368281606,0.022441966573007618,30.162951256002575,0.0007440242296761845,1.009095819834623,1.8619559391057925
r160x100,160,100,20260808_162715,ihawk2,20.0,0,3,3,1,0.036235841297132386,0.06687887529491246,43.46290988405175,0.0015387574249705943,3.3938306615640124,5.639326440321696
r160x100,160,100,20260808_162715,ihawk2,20.0,1,3,0,0,nan,nan,nan,nan,nan,nan
r160x100,160,100,20260808_162715,ihawk2,20.0,2,3,3,1,0.014346724739194676,0.02967295593658499,41.10921891426449,0.000721807826085666,3.1569513890027605,4.728949480747961
r160x100,160,100,20260808_162715,ihawk2,20.0,3,3,0,0,nan,nan,nan,nan,nan,nan
r160x100,160,100,20260808_162715,ihawk2,20.0,4,3,3,1,0.008826175967326665,0.02390695769966916,30.26274459411741,0.0007899798257001543,0.6644913027000467,1.6514854746909216
r160x100,160,100,20260808_162715,ihawk2,25.0,0,3,3,1,0.008845725203453534,0.023480681590742326,44.05092741003642,0.0005330348978167611,3.344872105315948,6.210410178306648
r160x100,160,100,20260808_162715,ihawk2,25.0,1,3,3,1,0.02617439918687628,0.03715741174372854,30.842644798301386,0.001204741421714098,3.571101679554722,6.363919877665108
r160x100,160,100,20260808_162715,ihawk2,25.0,2,3,3,1,0.01279620333135937,0.02427842289967764,39.69584338713572,0.0006116112123604754,1.9572526177264757,2.925698329771664
r160x100,160,100,20260808_162715,ihawk2,25.0,3,3,0,0,nan,nan,nan,nan,nan,nan
r160x100,160,100,20260808_162715,ihawk2,25.0,4,3,0,0,nan,nan,nan,nan,nan,nan
r160x100,160,100,20260808_162715,ihawk2,30.0,0,3,1,0,nan,nan,nan,nan,2.5323435537302723,4.4613625321584
r160x100,160,100,20260808_162715,ihawk2,30.0,1,3,0,0,nan,nan,nan,nan,nan,nan
r160x100,160,100,20260808_162715,ihawk2,30.0,2,3,0,0,nan,nan,nan,nan,nan,nan
r160x100,160,100,20260808_162715,ihawk2,30.0,3,3,0,0,nan,nan,nan,nan,nan,nan
r160x100,160,100,20260808_162715,ihawk2,30.0,4,3,0,0,nan,nan,nan,nan,nan,nan
r160x100,160,100,20260808_162715,ihawk2,35.0,0,3,3,1,0.02275947288449879,0.04989179953731321,42.86203767162448,0.0011640090450096023,3.1809673975325583,5.571095351219708
r160x100,160,100,20260808_162715,ihawk2,35.0,1,3,0,0,nan,nan,nan,nan,nan,nan
r160x100,160,100,20260808_162715,ihawk2,35.0,2,3,3,1,0.016962347451410703,0.03225208244959266,39.15481646812013,0.0008237066434943533,1.6652501271908229,3.70114952847496
r160x100,160,100,20260808_162715,ihawk2,35.0,3,3,0,0,nan,nan,nan,nan,nan,nan
r160x100,160,100,20260808_162715,ihawk2,35.0,4,3,0,0,nan,nan,nan,nan,nan,nan
r160x100,160,100,20260808_162715,ihawk2,40.0,0,3,0,0,nan,nan,nan,nan,nan,nan
r160x100,160,100,20260808_162715,ihawk2,40.0,1,3,3,1,0.01288539613049715,0.022276461717333124,27.17697005501745,0.0008196815786394265,0.5295647738771729,1.7304174224245106
r160x100,160,100,20260808_162715,ihawk2,40.0,2,3,3,1,0.008926998744505973,0.03636274764455942,38.53149535209164,0.0009437149353349846,1.7116269166898184,4.382954499072288
r160x100,160,100,20260808_162715,ihawk2,40.0,3,3,0,0,nan,nan,nan,nan,nan,nan
r160x100,160,100,20260808_162715,ihawk2,40.0,4,3,0,0,nan,nan,nan,nan,nan,nan
r160x100,160,100,20260808_162715,ihawk2,45.0,0,3,3,1,0.03055343899831226,0.05596143004089729,38.95783916363196,0.001436461344938725,0.7888538358668924,1.9638549519116935
r160x100,160,100,20260808_162715,ihawk2,45.0,1,3,0,0,nan,nan,nan,nan,nan,nan
r160x100,160,100,20260808_162715,ihawk2,45.0,2,3,0,0,nan,nan,nan,nan,nan,nan
r160x100,160,100,20260808_162715,ihawk2,45.0,3,3,0,0,nan,nan,nan,nan,nan,nan
r160x100,160,100,20260808_162715,ihawk2,45.0,4,3,3,1,0.004409131474288248,0.013953465269979707,29.764674860892455,0.00046879280002863535,0.6265230867200081,1.622595392375836
r160x100,160,100,20260808_162715,ihawk2,50.0,0,3,0,0,nan,nan,nan,nan,nan,nan
r160x100,160,100,20260808_162715,ihawk2,50.0,1,3,0,0,nan,nan,nan,nan,nan,nan
r160x100,160,100,20260808_162715,ihawk2,50.0,2,3,3,1,0.015955408881653317,0.029443673293318953,37.33605353422736,0.0007886123600697871,0.46261025402659467,1.6363849478745354
r160x100,160,100,20260808_162715,ihawk2,50.0,3,3,0,0,nan,nan,nan,nan,nan,nan
r160x100,160,100,20260808_162715,ihawk2,50.0,4,3,0,0,nan,nan,nan,nan,nan,nan
r240x150,240,150,20260808_131913,ihawk1,0.0,0,3,0,0,nan,nan,nan,nan,nan,nan
r240x150,240,150,20260808_131913,ihawk1,0.0,1,3,0,0,nan,nan,nan,nan,nan,nan
r240x150,240,150,20260808_131913,ihawk1,0.0,2,3,3,1,0.011237737716314007,0.025168921318798845,32.239837586211955,0.0007806776709558507,0.24281878425355424,1.1179706091950203
r240x150,240,150,20260808_131913,ihawk1,0.0,3,3,3,1,0.006865188628358607,0.012064986604157018,27.323370158050242,0.00044156290144180217,0.7243257385068017,1.717461192416486
r240x150,240,150,20260808_131913,ihawk1,0.0,4,3,3,1,0.012225457401337665,0.024652656012370194,24.70962218243945,0.0009976945754310343,0.20572787370790196,1.1157246040724365
r240x150,240,150,20260808_131913,ihawk1,5.0,0,3,0,0,nan,nan,nan,nan,nan,nan
r240x150,240,150,20260808_131913,ihawk1,5.0,1,3,3,1,0.005750773587040758,0.011584671674456343,20.75635762938711,0.0005581264247468265,0.7019309999297982,1.1510904737026895
r240x150,240,150,20260808_131913,ihawk1,5.0,2,3,3,1,0.010601120630680248,0.026050482246817042,33.703892621477365,0.0007729220639107043,1.5593067479459148,2.5953747872494723
r240x150,240,150,20260808_131913,ihawk1,5.0,3,3,0,0,nan,nan,nan,nan,nan,nan
r240x150,240,150,20260808_131913,ihawk1,5.0,4,3,3,1,0.018376702940954014,0.027276056248189896,25.270584520577728,0.0010793599263989766,0.3144345936130751,0.9796100368157814
r240x150,240,150,20260808_131913,ihawk1,10.0,0,3,0,0,nan,nan,nan,nan,nan,nan
r240x150,240,150,20260808_131913,ihawk1,10.0,1,3,0,0,nan,nan,nan,nan,nan,nan
r240x150,240,150,20260808_131913,ihawk1,10.0,2,3,3,1,0.018590491651777966,0.0368833590102181,34.339419620743406,0.0010740821894362471,2.135087711148102,3.7148723257593517
r240x150,240,150,20260808_131913,ihawk1,10.0,3,3,0,0,nan,nan,nan,nan,nan,nan
r240x150,240,150,20260808_131913,ihawk1,10.0,4,3,3,1,0.009753091150893905,0.02729478030310333,24.87507731670375,0.0010972741895670306,0.1949041360715255,0.6923691744100863
r240x150,240,150,20260808_131913,ihawk1,15.0,0,3,0,0,nan,nan,nan,nan,nan,nan
r240x150,240,150,20260808_131913,ihawk1,15.0,1,3,0,0,nan,nan,nan,nan,nan,nan
r240x150,240,150,20260808_131913,ihawk1,15.0,2,3,3,1,0.015272794912465686,0.02220324852441316,34.38741757583882,0.0006456794400290628,1.4839508841043525,2.2778959954359603
r240x150,240,150,20260808_131913,ihawk1,15.0,3,3,0,0,nan,nan,nan,nan,nan,nan
r240x150,240,150,20260808_131913,ihawk1,15.0,4,3,3,1,0.012281031307002773,0.019730510463488827,25.022939692897694,0.0007884969034669005,0.2503983503701529,1.1583809287457474
r240x150,240,150,20260808_131913,ihawk1,20.0,0,3,0,0,nan,nan,nan,nan,nan,nan
r240x150,240,150,20260808_131913,ihawk1,20.0,1,3,0,0,nan,nan,nan,nan,nan,nan
r240x150,240,150,20260808_131913,ihawk1,20.0,2,3,3,1,0.006128959837484149,0.014646205025555631,34.39630445193175,0.0004258075179565716,1.4228678477066694,2.2550241959411053
r240x150,240,150,20260808_131913,ihawk1,20.0,3,3,0,0,nan,nan,nan,nan,nan,nan
r240x150,240,150,20260808_131913,ihawk1,20.0,4,3,0,0,nan,nan,nan,nan,nan,nan
r240x150,240,150,20260808_131913,ihawk1,25.0,0,3,0,0,nan,nan,nan,nan,nan,nan
r240x150,240,150,20260808_131913,ihawk1,25.0,1,3,0,0,nan,nan,nan,nan,nan,nan
r240x150,240,150,20260808_131913,ihawk1,25.0,2,3,3,1,0.012208194441771377,0.028752300102104025,35.813174148547304,0.0008028414343516186,3.1543555791135165,3.6053659502361795
r240x150,240,150,20260808_131913,ihawk1,25.0,3,3,0,0,nan,nan,nan,nan,nan,nan
r240x150,240,150,20260808_131913,ihawk1,25.0,4,3,3,1,0.008970291660423456,0.022432185499449836,25.15580634514737,0.0008917299327110249,0.2773521434242547,1.0530981160025057
r240x150,240,150,20260808_131913,ihawk1,30.0,0,3,0,0,nan,nan,nan,nan,nan,nan
r240x150,240,150,20260808_131913,ihawk1,30.0,1,3,0,0,nan,nan,nan,nan,nan,nan
r240x150,240,150,20260808_131913,ihawk1,30.0,2,3,3,1,0.017695586057880384,0.04033670322809533,35.70157215797366,0.0011298298867515404,3.820277974039741,4.281269500638747
r240x150,240,150,20260808_131913,ihawk1,30.0,3,3,0,0,nan,nan,nan,nan,nan,nan
r240x150,240,150,20260808_131913,ihawk1,30.0,4,3,3,1,0.057203065138994647,0.11305724431712862,25.05272958775798,0.004512771509431613,0.3123619020529491,1.1262461544184255
r240x150,240,150,20260808_131913,ihawk1,35.0,0,3,3,1,0.02040034741250439,0.031552126572463195,23.47933902151323,0.0013438251623503188,1.0922568418219856,1.43901563415513
r240x150,240,150,20260808_131913,ihawk1,35.0,1,3,0,0,nan,nan,nan,nan,nan,nan
r240x150,240,150,20260808_131913,ihawk1,35.0,2,3,3,1,0.04773592317653507,0.07008968180956314,34.52059794190642,0.002030372762589882,3.352278319945165,4.174091852097699
r240x150,240,150,20260808_131913,ihawk1,35.0,3,3,0,0,nan,nan,nan,nan,nan,nan
r240x150,240,150,20260808_131913,ihawk1,35.0,4,3,3,1,0.009580909765973677,0.016321579841931052,25.195503373297843,0.0006477973311391999,0.3623604677357786,1.1300736543193302
r240x150,240,150,20260808_131913,ihawk1,40.0,0,3,3,1,0.009554823927757654,0.021662008264121114,23.100989158736137,0.0009377091221190915,1.5138237751376724,2.0960220266448437
r240x150,240,150,20260808_131913,ihawk1,40.0,1,3,0,0,nan,nan,nan,nan,nan,nan
r240x150,240,150,20260808_131913,ihawk1,40.0,2,3,3,1,0.005819672819545968,0.029162409165134597,36.56780825593479,0.0007974885713967194,3.6789901484147474,4.141551012243245
r240x150,240,150,20260808_131913,ihawk1,40.0,3,3,0,0,nan,nan,nan,nan,nan,nan
r240x150,240,150,20260808_131913,ihawk1,40.0,4,3,3,1,0.007298566692074768,0.020728241914753552,25.351603736701048,0.0008176304004288952,0.49417681686096826,1.286962467170311
r240x150,240,150,20260808_131913,ihawk1,45.0,0,3,3,1,0.004039505551234768,0.012993164157362588,23.374828702090195,0.0005558613636471581,1.0554565098071842,1.2737891305050382
r240x150,240,150,20260808_131913,ihawk1,45.0,1,3,0,0,nan,nan,nan,nan,nan,nan
r240x150,240,150,20260808_131913,ihawk1,45.0,2,3,3,1,0.01578223185182939,0.019425574273323625,36.379318810861925,0.0005339730074199094,3.536061188279079,4.002169929369458
r240x150,240,150,20260808_131913,ihawk1,45.0,3,3,3,1,0.0011942673619359078,0.004250447177181694,28.059688378711396,0.00015147877338532616,1.360975315600835,2.7597901182991844
r240x150,240,150,20260808_131913,ihawk1,45.0,4,3,3,1,0.015247142915552176,0.02719021215805319,25.37218353869842,0.001071654401229672,0.43126417165957287,1.116684623080519
r240x150,240,150,20260808_131913,ihawk1,50.0,0,3,0,0,nan,nan,nan,nan,nan,nan
r240x150,240,150,20260808_131913,ihawk1,50.0,1,3,0,0,nan,nan,nan,nan,nan,nan
r240x150,240,150,20260808_131913,ihawk1,50.0,2,3,3,1,0.004104587296258123,0.018081161969731748,36.01283378462347,0.0005020755122428585,2.3254462812131096,3.388656707479164
r240x150,240,150,20260808_131913,ihawk1,50.0,3,3,3,1,0.003986288495156118,0.010349127578396688,26.73921739739124,0.00038703928482986867,0.9766556846512229,2.9278666589670133
r240x150,240,150,20260808_131913,ihawk1,50.0,4,3,3,1,0.4539337331803604,0.9026970883066355,24.61812878281442,0.036667981399820936,0.7893770890364,2.2843259218763308
r240x150,240,150,20260808_131913,ihawk2,0.0,0,3,3,1,0.016226073713979612,0.032339553482983514,38.94974464164292,0.000830289229891583,0.7902861951198786,1.5226819818651454
r240x150,240,150,20260808_131913,ihawk2,0.0,1,3,0,0,nan,nan,nan,nan,nan,nan
r240x150,240,150,20260808_131913,ihawk2,0.0,2,3,3,1,0.012502192918236956,0.025275457830159706,37.087180175435755,0.0006815146827177926,0.20339873222199337,0.836558740498818
r240x150,240,150,20260808_131913,ihawk2,0.0,3,3,3,1,0.012245213639239775,0.020706389916377667,26.818109976365495,0.0007721047431987556,0.10393641242048357,0.9668166212083947
r240x150,240,150,20260808_131913,ihawk2,0.0,4,3,3,1,0.014533395706274448,0.01955170149341769,30.72804238997521,0.0006362820398801677,0.3481346402309131,1.268088924869997
r240x150,240,150,20260808_131913,ihawk2,5.0,0,3,0,0,nan,nan,nan,nan,nan,nan
r240x150,240,150,20260808_131913,ihawk2,5.0,1,3,0,0,nan,nan,nan,nan,nan,nan
r240x150,240,150,20260808_131913,ihawk2,5.0,2,3,3,1,0.007834560468832965,0.021087229644956948,37.491309295267946,0.0005624564743493373,0.14361050164816355,1.0014662999376442
r240x150,240,150,20260808_131913,ihawk2,5.0,3,3,0,0,nan,nan,nan,nan,nan,nan
r240x150,240,150,20260808_131913,ihawk2,5.0,4,3,0,0,nan,nan,nan,nan,nan,nan
r240x150,240,150,20260808_131913,ihawk2,10.0,0,3,3,1,0.0019002413728415226,0.01922033000985413,38.60081028802089,0.0004979255582056741,0.5988767166732428,1.3319763478779962
r240x150,240,150,20260808_131913,ihawk2,10.0,1,3,3,1,0.0023539881243904454,0.011703741603987851,26.8204044316749,0.000436374538415451,0.33523646713497457,0.9959561222398894
r240x150,240,150,20260808_131913,ihawk2,10.0,2,3,3,1,0.020106248837671033,0.03716372499971624,37.33354802574933,0.0009954511951043078,0.5196441151443316,1.044092856930829
r240x150,240,150,20260808_131913,ihawk2,10.0,3,3,0,0,nan,nan,nan,nan,nan,nan
r240x150,240,150,20260808_131913,ihawk2,10.0,4,3,0,0,nan,nan,nan,nan,nan,nan
r240x150,240,150,20260808_131913,ihawk2,15.0,0,3,3,1,0.04174349548457981,0.09532827725118742,38.73992556098009,0.0024607243269255184,0.6541613829990776,1.4399447172066249
r240x150,240,150,20260808_131913,ihawk2,15.0,1,3,3,1,0.012070570308994437,0.019681870169304987,28.035812180729536,0.000702026038783116,0.46407440746667594,0.8547691509397523
r240x150,240,150,20260808_131913,ihawk2,15.0,2,3,3,1,0.009803518609126817,0.023363489575143986,37.52339367756005,0.0006226379675545165,0.3186742125415008,1.0314534783734886
r240x150,240,150,20260808_131913,ihawk2,15.0,3,3,0,0,nan,nan,nan,nan,nan,nan
r240x150,240,150,20260808_131913,ihawk2,15.0,4,3,3,1,0.007713480302976465,0.011786783399544665,30.581828745577326,0.0003854178733915395,0.5241838724397532,1.3575909234670287
r240x150,240,150,20260808_131913,ihawk2,20.0,0,3,2,0,0.007182265461329447,0.012262651303793864,38.54810800739789,0.00031811292272607774,0.6794245326073584,1.4398460166653564
r240x150,240,150,20260808_131913,ihawk2,20.0,1,3,3,1,0.003718487703698028,0.011465809250485898,28.08116483312379,0.00040830960249060383,0.8699714687671837,1.2532644100826684
r240x150,240,150,20260808_131913,ihawk2,20.0,2,3,3,1,0.021885041934471192,0.037904005672745864,37.54099282428596,0.0010096697721916684,0.18451067132522453,1.0066642671533652
r240x150,240,150,20260808_131913,ihawk2,20.0,3,3,2,0,0.005912154516602183,0.017044453667285884,26.13664403837022,0.0006521286222616632,0.22517160083594223,1.0142662507683577
r240x150,240,150,20260808_131913,ihawk2,20.0,4,3,0,0,nan,nan,nan,nan,nan,nan
r240x150,240,150,20260808_131913,ihawk2,25.0,0,3,3,1,0.010482239520763569,0.023396289469510112,39.172711735723865,0.0005972598891634475,0.6108816243049787,2.4919370174205318
r240x150,240,150,20260808_131913,ihawk2,25.0,1,3,3,1,0.0097091250126953,0.014602326395036226,28.834801096038024,0.0005064132867225716,0.811143097912127,1.6016797318812814
r240x150,240,150,20260808_131913,ihawk2,25.0,2,3,3,1,0.009005922229371762,0.01829758236156964,39.00770264009537,0.0004690761342802552,1.913456697441724,2.7176571340583187
r240x150,240,150,20260808_131913,ihawk2,25.0,3,3,3,1,0.015867185698655657,0.025911710249093167,26.61265150633734,0.0009736613521175349,0.9315318875433655,1.8186740676061777
r240x150,240,150,20260808_131913,ihawk2,25.0,4,3,0,0,nan,nan,nan,nan,nan,nan
r240x150,240,150,20260808_131913,ihawk2,30.0,0,3,0,0,nan,nan,nan,nan,nan,nan
r240x150,240,150,20260808_131913,ihawk2,30.0,1,3,3,1,0.008515326566756366,0.018386926411906857,28.13772773547824,0.0006534616648779066,0.16281892110457913,1.3881272392366648
r240x150,240,150,20260808_131913,ihawk2,30.0,2,3,3,1,0.04554742176928605,0.10178120568086507,38.27916590422458,0.0026589191085177816,1.4143298770059867,2.189145162433982
r240x150,240,150,20260808_131913,ihawk2,30.0,3,3,3,1,0.008186684035127385,0.01693962928249045,26.93006873225531,0.0006290228759127199,1.322854254526058,2.639193012603221
r240x150,240,150,20260808_131913,ihawk2,30.0,4,3,3,1,0.015244664566133263,0.026536700137701225,30.988692922952264,0.0008563349284747147,0.39437360128195026,1.307364797808539
r240x150,240,150,20260808_131913,ihawk2,35.0,0,3,3,1,0.033107971665820836,0.051484230631740215,39.35277259479286,0.0013082745442579713,0.7470674369718678,1.6681370157990223
r240x150,240,150,20260808_131913,ihawk2,35.0,1,3,0,0,nan,nan,nan,nan,nan,nan
r240x150,240,150,20260808_131913,ihawk2,35.0,2,3,3,1,0.019813941464686843,0.03669305113256341,39.03164062708988,0.0009400847759163018,1.2895039498108785,2.483063741681009
r240x150,240,150,20260808_131913,ihawk2,35.0,3,3,0,0,nan,nan,nan,nan,nan,nan
r240x150,240,150,20260808_131913,ihawk2,35.0,4,3,3,1,0.009368174537335605,0.016505338601233308,30.833491431605932,0.0005353055341736122,0.42855694698818625,1.1869048845039873
r240x150,240,150,20260808_131913,ihawk2,40.0,0,3,3,1,0.02538307203037805,0.03933922214612466,40.51336283472273,0.0009710184342537039,0.7428568118589064,3.2293154435889018
r240x150,240,150,20260808_131913,ihawk2,40.0,1,3,0,0,nan,nan,nan,nan,nan,nan
r240x150,240,150,20260808_131913,ihawk2,40.0,2,3,3,1,0.019767326864491005,0.05681417509081693,39.297663493585226,0.0014457392638646575,1.6320940495207794,2.6558855369169208
r240x150,240,150,20260808_131913,ihawk2,40.0,3,3,3,1,0.020707813739876343,0.03766659032989901,27.259321388756927,0.001381787528483176,1.5200826818709148,2.4403959236481434
r240x150,240,150,20260808_131913,ihawk2,40.0,4,3,3,1,0.013460969307528848,0.025087897124076355,31.20566954597797,0.000803953175467433,0.41127147103580364,1.3617272079567895
r240x150,240,150,20260808_131913,ihawk2,45.0,0,3,3,1,0.02137064627947798,0.04460693227732654,40.516747871605325,0.0011009504617370258,0.8186837564131476,2.8797064429438204
r240x150,240,150,20260808_131913,ihawk2,45.0,1,3,0,0,nan,nan,nan,nan,nan,nan
r240x150,240,150,20260808_131913,ihawk2,45.0,2,3,3,1,0.022230467305686227,0.03216811130035758,39.29338271307737,0.0008186648509050761,1.6443118286115537,2.647939656666118
r240x150,240,150,20260808_131913,ihawk2,45.0,3,3,3,1,0.005705030471501033,0.011265640754418924,28.092474555658075,0.0004010198792597971,1.439352347841846,2.217479793244237
r240x150,240,150,20260808_131913,ihawk2,45.0,4,3,3,1,0.00835895859035605,0.017347306485222137,30.969398699764742,0.000560143471088895,0.22532575102321817,1.3212424022477867
r240x150,240,150,20260808_131913,ihawk2,50.0,0,3,3,1,0.03960635694346256,0.07266588830609744,41.27474408810172,0.0017605412198556756,2.1870969074319606,3.6685225314758534
r240x150,240,150,20260808_131913,ihawk2,50.0,1,3,3,1,0.005906252095666079,0.012793391232160277,29.101346441538396,0.00043961509677433244,0.2525632325869846,1.9029678803157246
r240x150,240,150,20260808_131913,ihawk2,50.0,2,3,3,1,0.010416156703333916,0.018742181036574383,39.33567992116914,0.0004764677024557537,1.7605903553959454,2.9821056857761272
r240x150,240,150,20260808_131913,ihawk2,50.0,3,3,0,0,nan,nan,nan,nan,nan,nan
r240x150,240,150,20260808_131913,ihawk2,50.0,4,3,3,1,0.005201792031019054,0.021027612261615567,31.460161261617888,0.0006683885720341088,0.6355558871374178,1.447382771431975
r240x150,240,150,20260808_141232,ihawk1,0.0,0,3,0,0,nan,nan,nan,nan,nan,nan
r240x150,240,150,20260808_141232,ihawk1,0.0,1,3,0,0,nan,nan,nan,nan,nan,nan
r240x150,240,150,20260808_141232,ihawk1,0.0,2,3,3,1,0.011720333953841906,0.023421180797124085,32.16060097477635,0.00072825693821746,0.2570490893640617,1.176096968256274
r240x150,240,150,20260808_141232,ihawk1,0.0,3,3,3,1,0.00791588600310688,0.02161808821719979,27.62753740151111,0.0007824833572035042,0.8349720806524061,1.7377492907767471
r240x150,240,150,20260808_141232,ihawk1,0.0,4,3,3,1,0.031579844479914444,0.05190223805043117,24.84374291278583,0.002089147284796595,0.12139756926772753,1.2084231468837292
r240x150,240,150,20260808_141232,ihawk1,5.0,0,3,0,0,nan,nan,nan,nan,nan,nan
r240x150,240,150,20260808_141232,ihawk1,5.0,1,3,0,0,nan,nan,nan,nan,nan,nan
r240x150,240,150,20260808_141232,ihawk1,5.0,2,3,3,1,0.011837255361949605,0.02014755463598473,34.792481570829395,0.0005790778273452268,2.092732520581979,3.330226458321139
r240x150,240,150,20260808_141232,ihawk1,5.0,3,3,0,0,nan,nan,nan,nan,nan,nan
r240x150,240,150,20260808_141232,ihawk1,5.0,4,3,3,1,0.017334905356819835,0.02121235097330765,24.732726627806613,0.0008576632610113816,0.15306953087254768,0.6751228875509634
r240x150,240,150,20260808_141232,ihawk1,10.0,0,3,0,0,nan,nan,nan,nan,nan,nan
r240x150,240,150,20260808_141232,ihawk1,10.0,1,3,0,0,nan,nan,nan,nan,nan,nan
r240x150,240,150,20260808_141232,ihawk1,10.0,2,3,3,1,0.9306286392486774,1.8720333813301304,33.77098892701782,0.05543318217230076,2.592609876277773,3.983398864004967
r240x150,240,150,20260808_141232,ihawk1,10.0,3,3,3,1,0.00801321902194316,0.01767372175030905,26.681391846900784,0.0006623987928261683,0.8257221000805972,2.762605819119631
r240x150,240,150,20260808_141232,ihawk1,10.0,4,3,0,0,nan,nan,nan,nan,nan,nan
r240x150,240,150,20260808_141232,ihawk1,15.0,0,3,3,1,0.01758546669365776,0.044446287669514466,24.279771204083534,0.0018305892298539944,1.356580452166089,3.7579852655128585
r240x150,240,150,20260808_141232,ihawk1,15.0,1,3,0,0,nan,nan,nan,nan,nan,nan
r240x150,240,150,20260808_141232,ihawk1,15.0,2,3,3,1,0.022073770655578865,0.04657990109416712,35.60468775656901,0.0013082519193156862,2.1230827314285055,3.090332766831131
r240x150,240,150,20260808_141232,ihawk1,15.0,3,3,0,0,nan,nan,nan,nan,nan,nan
r240x150,240,150,20260808_141232,ihawk1,15.0,4,3,0,0,nan,nan,nan,nan,nan,nan
r240x150,240,150,20260808_141232,ihawk1,20.0,0,3,0,0,nan,nan,nan,nan,nan,nan
r240x150,240,150,20260808_141232,ihawk1,20.0,1,3,0,0,nan,nan,nan,nan,nan,nan
r240x150,240,150,20260808_141232,ihawk1,20.0,2,3,3,1,0.021882914989974134,0.03741139520447675,35.91747665925653,0.0010415930818134245,3.5034900866289886,4.058171520604149
r240x150,240,150,20260808_141232,ihawk1,20.0,3,3,3,1,0.010497740205222357,0.02262722112969223,27.591864830601054,0.0008200685697980539,2.2736791842569324,4.463358233872576
r240x150,240,150,20260808_141232,ihawk1,20.0,4,3,0,0,nan,nan,nan,nan,nan,nan
r240x150,240,150,20260808_141232,ihawk1,25.0,0,3,3,1,0.012239444696559583,0.027613266925006555,25.62746481130033,0.0010774872633063021,2.2097397226320457,5.052755147672642
r240x150,240,150,20260808_141232,ihawk1,25.0,1,3,0,0,nan,nan,nan,nan,nan,nan
r240x150,240,150,20260808_141232,ihawk1,25.0,2,3,3,1,0.012627956610967835,0.015106665074562787,35.586420758007286,0.0004245064480434898,3.623255122568017,4.122043704259915
r240x150,240,150,20260808_141232,ihawk1,25.0,3,3,3,1,0.04426016476430474,0.09079095286645912,26.87490687072585,0.0033782797203050175,2.2949115368952637,4.134643952364626
r240x150,240,150,20260808_141232,ihawk1,25.0,4,3,1,0,nan,nan,nan,nan,0.47909054727256056,1.3835113087967386
r240x150,240,150,20260808_141232,ihawk1,35.0,0,3,0,0,nan,nan,nan,nan,nan,nan
r240x150,240,150,20260808_141232,ihawk1,35.0,1,3,0,0,nan,nan,nan,nan,nan,nan
r240x150,240,150,20260808_141232,ihawk1,35.0,2,3,3,1,1.1089640810093846,2.2108625656522425,35.388329621142596,0.06247434081577483,1.8240486484271137,3.868952445374296
r240x150,240,150,20260808_141232,ihawk1,35.0,3,3,3,1,0.008885526971806055,0.018742460164408267,27.841959773326053,0.0006731731644251728,1.4000479854675758,2.7673357804049648
r240x150,240,150,20260808_141232,ihawk1,35.0,4,3,0,0,nan,nan,nan,nan,nan,nan
r240x150,240,150,20260808_141232,ihawk1,40.0,0,3,0,0,nan,nan,nan,nan,nan,nan
r240x150,240,150,20260808_141232,ihawk1,40.0,1,3,0,0,nan,nan,nan,nan,nan,nan
r240x150,240,150,20260808_141232,ihawk1,40.0,2,3,3,1,0.007587072465703431,0.015139138633328449,35.29114316736306,0.00042897841425916153,3.2030044912691737,3.4844348283390363
r240x150,240,150,20260808_141232,ihawk1,40.0,3,3,3,1,0.006711577550585411,0.01189053278541166,28.045462630415543,0.00042397349411224457,1.4492438466991724,3.4474440974468283
r240x150,240,150,20260808_141232,ihawk1,40.0,4,3,1,0,nan,nan,nan,nan,0.7574054779174046,1.774082740663396
r240x150,240,150,20260808_141232,ihawk1,45.0,0,3,1,0,nan,nan,nan,nan,1.8681987408585623,2.8517832299376376
r240x150,240,150,20260808_141232,ihawk1,45.0,1,3,3,1,0.016370975234871327,0.04759087681108418,21.03385806248465,0.0022625842900388217,1.4773143236959305,1.987400176760984
r240x150,240,150,20260808_141232,ihawk1,45.0,2,3,3,1,0.021048124186140188,0.04368992339798594,35.6715154312972,0.0012247846179154365,3.8119476983872462,4.286407442988683
r240x150,240,150,20260808_141232,ihawk1,45.0,3,3,0,0,nan,nan,nan,nan,nan,nan
r240x150,240,150,20260808_141232,ihawk1,45.0,4,3,3,1,0.018144090811851456,0.03519569023982224,24.825728864600766,0.001417710248580379,0.26524826023263737,1.1821945062034909
r240x150,240,150,20260808_141232,ihawk1,50.0,0,3,3,1,0.01098039359519225,0.018948364376137904,23.297756125515974,0.0008133128475572561,1.2810159925517812,1.9612632943567982
r240x150,240,150,20260808_141232,ihawk1,50.0,1,3,0,0,nan,nan,nan,nan,nan,nan
r240x150,240,150,20260808_141232,ihawk1,50.0,2,3,3,1,0.00876796214663256,0.020198663271926317,34.634485378359464,0.0005831951319983224,1.7422757675714393,2.448863174243996
r240x150,240,150,20260808_141232,ihawk1,50.0,3,3,3,1,0.013721863080138673,0.03268759355042472,28.03792052893503,0.0011658351594474078,1.4486306558244517,4.20543866238134
r240x150,240,150,20260808_141232,ihawk1,50.0,4,3,0,0,nan,nan,nan,nan,nan,nan
r240x150,240,150,20260808_141232,ihawk2,0.0,0,3,3,1,0.02263354262719026,0.04259372456579649,38.39005119608117,0.001109499030054548,0.4984190138158633,1.1046694655232776
r240x150,240,150,20260808_141232,ihawk2,0.0,1,3,3,1,0.009974422736368086,0.01641371883284264,27.054463753367866,0.0006066917083433,0.6820281936614901,1.0980957123824002
r240x150,240,150,20260808_141232,ihawk2,0.0,2,3,3,1,0.008846922232105458,0.026056809349633423,36.86466447918169,0.0007068234505253206,0.11064533463141812,0.99690294773309
r240x150,240,150,20260808_141232,ihawk2,0.0,3,3,3,1,0.009171462012375994,0.016189872676912544,26.522431599783314,0.0006104218844340357,0.19088128292796716,1.1511773309238384
r240x150,240,150,20260808_141232,ihawk2,0.0,4,3,0,0,nan,nan,nan,nan,nan,nan
r240x150,240,150,20260808_141232,ihawk2,5.0,0,3,3,1,0.009119138323748424,0.01891050064438843,40.387333528246295,0.0004682285011750704,2.4010892896122855,3.585163842065537
r240x150,240,150,20260808_141232,ihawk2,5.0,1,3,3,1,0.005781896723346361,0.020425256946077986,28.872496055349842,0.0007074295518794729,0.6580436554023666,1.5374607723669742
r240x150,240,150,20260808_141232,ihawk2,5.0,2,3,3,1,0.014379064766985833,0.027005679966618793,38.22936113500023,0.0007064120133018443,1.7567703516149449,2.8758577697279115
r240x150,240,150,20260808_141232,ihawk2,5.0,3,3,3,1,0.01409652593925774,0.02876001737840587,27.680434259017556,0.0010390016684451624,0.7107867309349422,1.8911544952180104
r240x150,240,150,20260808_141232,ihawk2,5.0,4,3,0,0,nan,nan,nan,nan,nan,nan
r240x150,240,150,20260808_141232,ihawk2,10.0,0,3,3,1,0.012932105825220253,0.03871817351972022,40.7899545086975,0.0009492085486750047,2.092480525633408,3.228455148746464
r240x150,240,150,20260808_141232,ihawk2,10.0,1,3,3,1,0.004991481266992076,0.013710425956607555,28.79502054210722,0.0004761387801949533,1.0159136649452338,1.73024820494576
r240x150,240,150,20260808_141232,ihawk2,10.0,2,3,3,1,0.011342523406166267,0.03175453863710577,39.25761029697454,0.0008088759961925902,2.159951238396773,3.3027857450000964
r240x150,240,150,20260808_141232,ihawk2,10.0,3,3,3,1,0.0172968733996092,0.038095462184095076,27.81279876876364,0.00136970976926205,0.8700750821623233,1.7153467924161763
r240x150,240,150,20260808_141232,ihawk2,10.0,4,3,3,1,0.007315190563267858,0.017713967686046963,30.639945603308973,0.0005781331310240295,0.12232712733200214,1.3892607827606116
r240x150,240,150,20260808_141232,ihawk2,15.0,0,3,3,1,0.010829453539756874,0.026292114607748118,39.30923253311647,0.0006688534197557292,1.4345756824132456,2.213569456149838
r240x150,240,150,20260808_141232,ihawk2,15.0,1,3,0,0,nan,nan,nan,nan,nan,nan
r240x150,240,150,20260808_141232,ihawk2,15.0,2,3,0,0,nan,nan,nan,nan,nan,nan
r240x150,240,150,20260808_141232,ihawk2,15.0,3,3,0,0,nan,nan,nan,nan,nan,nan
r240x150,240,150,20260808_141232,ihawk2,15.0,4,3,3,1,0.01532158445847099,0.03240912978607116,30.934658157540024,0.0010476640673067127,0.32835590126297115,1.3461500312708785
r240x150,240,150,20260808_141232,ihawk2,20.0,0,3,3,1,0.011902881794217307,0.03701364808297985,40.49465692273282,0.0009140378236468325,2.562980734847533,4.231197874337758
r240x150,240,150,20260808_141232,ihawk2,20.0,1,3,0,0,nan,nan,nan,nan,nan,nan
r240x150,240,150,20260808_141232,ihawk2,20.0,2,3,3,1,0.012155804228866933,0.024735618667738976,38.32569222330409,0.0006454056595668841,1.82698725838371,2.8942060417664557
r240x150,240,150,20260808_141232,ihawk2,20.0,3,3,3,1,0.005551266649691355,0.014513819452005085,27.489770011210577,0.0005279716580417449,0.8912629309439608,2.0424866516091145
r240x150,240,150,20260808_141232,ihawk2,20.0,4,3,3,1,0.011965304722444732,0.023610462891961757,30.6267309202919,0.0007709103186170784,0.49104075242608586,1.2776337869134893
r240x150,240,150,20260808_141232,ihawk2,25.0,0,3,3,1,0.004433344068782453,0.01159667076422811,39.751322601601316,0.00029173043826624667,0.6139683231288087,3.236808705271983
r240x150,240,150,20260808_141232,ihawk2,25.0,1,3,3,1,0.0018674013786873292,0.011532607125012112,27.024010100458238,0.0004267541005994724,0.7124287590722439,1.3869704814211055
r240x150,240,150,20260808_141232,ihawk2,25.0,2,3,3,1,0.052102394556562986,0.10985880514270209,38.70108179697754,0.0028386494651237836,1.8946745993630558,2.9757064036624334
r240x150,240,150,20260808_141232,ihawk2,25.0,3,3,0,0,nan,nan,nan,nan,nan,nan
r240x150,240,150,20260808_141232,ihawk2,25.0,4,3,3,1,0.007051819523034553,0.015526051307936946,30.791820546310618,0.0005042264806845671,0.5823069362527523,1.6177029618431156
r240x150,240,150,20260808_141232,ihawk2,35.0,0,3,3,1,0.00911371279588371,0.021786927944818426,40.487980978576964,0.0005381085304388565,2.2242225286777058,3.887983394727485
r240x150,240,150,20260808_141232,ihawk2,35.0,1,3,0,0,nan,nan,nan,nan,nan,nan
r240x150,240,150,20260808_141232,ihawk2,35.0,2,3,3,1,0.008229080714252162,0.015231093149485802,38.79374176617197,0.00039261727423177493,2.3308312085753933,3.406057192314624
r240x150,240,150,20260808_141232,ihawk2,35.0,3,3,0,0,nan,nan,nan,nan,nan,nan
r240x150,240,150,20260808_141232,ihawk2,35.0,4,3,3,1,0.006928679333643967,0.016956272932228757,30.347458872764193,0.000558737817334895,0.32842974869621533,1.5624313285260947
r240x150,240,150,20260808_141232,ihawk2,40.0,0,3,3,1,0.01746970690697399,0.04409195552185255,41.024862229259206,0.001074761818222655,2.0490443285374362,3.383850864202794
r240x150,240,150,20260808_141232,ihawk2,40.0,1,3,0,0,nan,nan,nan,nan,nan,nan
r240x150,240,150,20260808_141232,ihawk2,40.0,2,3,3,1,0.011396801353221698,0.03169250919097557,38.55579976760793,0.0008219907091021245,1.9773673472023605,2.8984379139612875
r240x150,240,150,20260808_141232,ihawk2,40.0,3,3,3,1,0.00942114348461851,0.018537100326083397,27.883931615069162,0.0006647950720143601,1.9694409376171895,2.8032139341062354
r240x150,240,150,20260808_141232,ihawk2,40.0,4,3,3,1,0.05574440182974568,0.10507660241896984,30.363223987748956,0.0034606536664672518,0.19239056955362013,1.330311981961533
r240x150,240,150,20260808_141232,ihawk2,45.0,0,3,3,1,0.014119475256071755,0.02980631158272466,40.47959476742545,0.0007363292976121947,1.781650727444422,2.718241544490175
r240x150,240,150,20260808_141232,ihawk2,45.0,1,3,0,0,nan,nan,nan,nan,nan,nan
r240x150,240,150,20260808_141232,ihawk2,45.0,2,3,3,1,0.015551760599756508,0.03275654793190385,38.862521296588845,0.0008428827270859303,1.568863345057261,2.6693635785458696
r240x150,240,150,20260808_141232,ihawk2,45.0,3,3,3,1,0.01377906087949352,0.021884224307507392,27.931085944092853,0.0007835078217621427,2.779042344912578,4.293561938786511
r240x150,240,150,20260808_141232,ihawk2,45.0,4,3,0,0,nan,nan,nan,nan,nan,nan
r240x150,240,150,20260808_141232,ihawk2,50.0,0,3,3,1,0.007466616887022573,0.023916898343760595,39.01650770304247,0.0006129943388525154,0.7185323272124858,1.7909388444359555
r240x150,240,150,20260808_141232,ihawk2,50.0,1,3,3,1,0.0076826479692083715,0.012744438096099556,28.213965238024826,0.00045170673418578846,0.4396800981299206,0.5980645097405308
r240x150,240,150,20260808_141232,ihawk2,50.0,2,3,3,1,0.02344955898911903,0.033245335137821665,38.135913277049326,0.0008717592495111197,0.8377786234125553,1.2617227570168659
r240x150,240,150,20260808_141232,ihawk2,50.0,3,3,0,0,nan,nan,nan,nan,nan,nan
r240x150,240,150,20260808_141232,ihawk2,50.0,4,3,3,1,0.007416093971710961,0.01197305114720524,31.048675253399576,0.00038562196452791614,0.45638415665630894,1.2840210286883005
r240x150,240,150,20260808_145501,ihawk1,0.0,0,3,0,0,nan,nan,nan,nan,nan,nan
r240x150,240,150,20260808_145501,ihawk1,0.0,1,3,0,0,nan,nan,nan,nan,nan,nan
r240x150,240,150,20260808_145501,ihawk1,0.0,2,3,3,1,0.013443931503755328,0.019581205155270832,32.77406730216001,0.0005974603327302104,0.2125217402396873,0.7532519239230634
r240x150,240,150,20260808_145501,ihawk1,0.0,3,3,3,1,0.0073246908624394385,0.03185438599467203,27.40095169815052,0.0011625284532296774,0.46607627999211393,1.5833589550273133
r240x150,240,150,20260808_145501,ihawk1,0.0,4,3,3,1,0.006228902021797149,0.016958116547560288,25.04748207917171,0.0006770387735564785,0.10925869639384989,0.9293393268325765
r240x150,240,150,20260808_145501,ihawk1,5.0,0,3,0,0,nan,nan,nan,nan,nan,nan
r240x150,240,150,20260808_145501,ihawk1,5.0,1,3,0,0,nan,nan,nan,nan,nan,nan
r240x150,240,150,20260808_145501,ihawk1,5.0,2,3,3,1,0.021220554693436266,0.04701471503624546,34.01071249687366,0.0013823501945325947,1.5058895944363602,2.465845013952186
r240x150,240,150,20260808_145501,ihawk1,5.0,3,3,0,0,nan,nan,nan,nan,nan,nan
r240x150,240,150,20260808_145501,ihawk1,5.0,4,3,3,1,0.007566637931914034,0.01029584718168656,25.044701470688494,0.00041109881839623786,0.07253423986013842,1.116725538258851
r240x150,240,150,20260808_145501,ihawk1,10.0,0,3,0,0,nan,nan,nan,nan,nan,nan
r240x150,240,150,20260808_145501,ihawk1,10.0,1,3,0,0,nan,nan,nan,nan,nan,nan
r240x150,240,150,20260808_145501,ihawk1,10.0,2,3,3,1,0.01793617879445115,0.028635267916625906,34.8430023078746,0.0008218369836101716,2.3481865389047227,3.364376851837022
r240x150,240,150,20260808_145501,ihawk1,10.0,3,3,0,0,nan,nan,nan,nan,nan,nan
r240x150,240,150,20260808_145501,ihawk1,10.0,4,3,3,1,0.008728795650495154,0.01566643651199713,25.161848336331143,0.0006226266171939521,0.17629069676917278,0.7183361807797082
r240x150,240,150,20260808_145501,ihawk1,15.0,0,3,0,0,nan,nan,nan,nan,nan,nan
r240x150,240,150,20260808_145501,ihawk1,15.0,1,3,0,0,nan,nan,nan,nan,nan,nan
r240x150,240,150,20260808_145501,ihawk1,15.0,2,3,3,1,0.023301491063897905,0.036028746186962356,34.0791697363532,0.00105720727546157,1.2538589151063233,2.2415038450473834
r240x150,240,150,20260808_145501,ihawk1,15.0,3,3,0,0,nan,nan,nan,nan,nan,nan
r240x150,240,150,20260808_145501,ihawk1,15.0,4,3,3,1,0.07896378479768329,0.14925469381124776,24.846727912788776,0.006007016068076528,0.23369107076520362,1.1459843633474531
r240x150,240,150,20260808_145501,ihawk1,20.0,0,3,3,1,0.011473936998624498,0.021275303129737636,22.426554534499036,0.0009486657032853434,0.7169626884951711,2.355587210397402
r240x150,240,150,20260808_145501,ihawk1,20.0,1,3,0,0,nan,nan,nan,nan,nan,nan
r240x150,240,150,20260808_145501,ihawk1,20.0,2,3,3,1,0.008329760593558541,0.015186333326459063,34.3086146371959,0.0004426390714708341,1.3590777644956453,2.211851351033553
r240x150,240,150,20260808_145501,ihawk1,20.0,3,3,3,1,0.003186456168809549,0.011274342164541257,29.107442765148605,0.0003873353717641055,0.24229383545989494,2.302963577601001
r240x150,240,150,20260808_145501,ihawk1,20.0,4,3,0,0,nan,nan,nan,nan,nan,nan
r240x150,240,150,20260808_145501,ihawk1,25.0,0,3,0,0,nan,nan,nan,nan,nan,nan
r240x150,240,150,20260808_145501,ihawk1,25.0,1,3,3,1,0.022194893876802794,0.03130780315052451,21.581478894719268,0.0014506792283908384,1.6137647907916783,2.308403821609836
r240x150,240,150,20260808_145501,ihawk1,25.0,2,3,3,1,0.025158849495147545,0.0312062508409542,34.74686831447534,0.0008981025443364592,2.0529029913807273,2.8679115994369107
r240x150,240,150,20260808_145501,ihawk1,25.0,3,3,3,1,0.005209355894126583,0.008478070691527098,26.827311648253943,0.000316023864138429,0.9364044451378574,2.7291691685403863
r240x150,240,150,20260808_145501,ihawk1,25.0,4,3,0,0,nan,nan,nan,nan,nan,nan
r240x150,240,150,20260808_145501,ihawk1,30.0,0,3,0,0,nan,nan,nan,nan,nan,nan
r240x150,240,150,20260808_145501,ihawk1,30.0,1,3,0,0,nan,nan,nan,nan,nan,nan
r240x150,240,150,20260808_145501,ihawk1,30.0,2,3,0,0,nan,nan,nan,nan,nan,nan
r240x150,240,150,20260808_145501,ihawk1,30.0,3,3,3,1,0.004157174383359651,0.007511205683504846,27.488088670909633,0.00027325310877121404,0.8613376747742876,1.8928706932049069
r240x150,240,150,20260808_145501,ihawk1,30.0,4,3,3,1,0.02912903359969179,0.06612425430175803,25.146524132203627,0.002629558421439117,0.18947431723023014,1.0307548218273292
r240x150,240,150,20260808_145501,ihawk1,35.0,0,3,0,0,nan,nan,nan,nan,nan,nan
r240x150,240,150,20260808_145501,ihawk1,35.0,1,3,0,0,nan,nan,nan,nan,nan,nan
r240x150,240,150,20260808_145501,ihawk1,35.0,2,3,3,1,0.006597619696544873,0.013491166263454079,36.26770031167411,0.00037198846763138833,4.348116542211735,5.139265113814907
r240x150,240,150,20260808_145501,ihawk1,35.0,3,3,0,0,nan,nan,nan,nan,nan,nan
r240x150,240,150,20260808_145501,ihawk1,35.0,4,3,0,0,nan,nan,nan,nan,nan,nan
r240x150,240,150,20260808_145501,ihawk1,40.0,0,3,0,0,nan,nan,nan,nan,nan,nan
r240x150,240,150,20260808_145501,ihawk1,40.0,1,3,0,0,nan,nan,nan,nan,nan,nan
r240x150,240,150,20260808_145501,ihawk1,40.0,2,3,3,1,0.0053711328173243035,0.017077898294448918,34.98207238150227,0.00048819001082049457,2.0627272922597726,3.1839669864568854
r240x150,240,150,20260808_145501,ihawk1,40.0,3,3,3,1,0.3099954297316889,0.628652050528126,28.68233654685051,0.021917741935050118,0.8305316613931664,2.0040691743855166
r240x150,240,150,20260808_145501,ihawk1,40.0,4,3,3,1,0.011619323920617172,0.03090408202787256,25.399018776807086,0.0012167431466325927,0.13527775858672347,1.173900817699006
r240x150,240,150,20260808_145501,ihawk1,45.0,0,3,0,0,nan,nan,nan,nan,nan,nan
r240x150,240,150,20260808_145501,ihawk1,45.0,1,3,0,0,nan,nan,nan,nan,nan,nan
r240x150,240,150,20260808_145501,ihawk1,45.0,2,3,3,1,0.009306911349771027,0.018857266627101157,36.49343609579625,0.0005167303670062837,3.5562027422050093,4.144458234481561
r240x150,240,150,20260808_145501,ihawk1,45.0,3,3,3,1,0.003071415075428045,0.006897929494162627,27.579415623827213,0.00025011151752625126,0.3495758567991774,2.4831160746711367
r240x150,240,150,20260808_145501,ihawk1,45.0,4,3,0,0,nan,nan,nan,nan,nan,nan
r240x150,240,150,20260808_145501,ihawk1,50.0,0,3,0,0,nan,nan,nan,nan,nan,nan
r240x150,240,150,20260808_145501,ihawk1,50.0,1,3,0,0,nan,nan,nan,nan,nan,nan
r240x150,240,150,20260808_145501,ihawk1,50.0,2,3,3,1,0.02039700310814541,0.02801265155061985,36.24752071825085,0.0007728156573344701,3.4648026138757944,3.992688885146818
r240x150,240,150,20260808_145501,ihawk1,50.0,3,3,3,1,0.008813023447109504,0.01638706768956931,29.008878501334582,0.0005648983530616465,2.3281102935578777,3.9613798964549347
r240x150,240,150,20260808_145501,ihawk1,50.0,4,3,0,0,nan,nan,nan,nan,nan,nan
r240x150,240,150,20260808_145501,ihawk2,0.0,0,3,3,1,0.005203461824732593,0.013556173959819657,37.9962211672084,0.00035677689894907084,0.43928064117452975,1.1746728101532822
r240x150,240,150,20260808_145501,ihawk2,0.0,1,3,3,1,0.004224409455163619,0.009974921279340944,27.257110984374794,0.0003659566593487876,0.5699039163864328,0.962522490121908
r240x150,240,150,20260808_145501,ihawk2,0.0,2,3,3,1,0.010909006471665922,0.024095001729139382,37.036308132939155,0.0006505778503260129,0.201057266666116,1.0637995897356847
r240x150,240,150,20260808_145501,ihawk2,0.0,3,3,3,1,0.010032628846407187,0.018730042623053743,26.356259115669207,0.0007106487510558143,0.2516744452151161,0.9515204384557745
r240x150,240,150,20260808_145501,ihawk2,0.0,4,3,3,1,0.0058551290221868545,0.015916907140662063,30.468809188888457,0.0005224000400536406,0.3608416310873031,1.221122752437608
r240x150,240,150,20260808_145501,ihawk2,5.0,0,3,3,1,0.0066232531402540115,0.011023314217427629,38.692578067049816,0.000284894798127059,0.5451273708189366,1.3694358506476627
r240x150,240,150,20260808_145501,ihawk2,5.0,1,3,3,1,0.0063558676626740565,0.014198688455265054,27.26509581611853,0.0005207642969980358,0.7123178080782957,1.1105291654106895
r240x150,240,150,20260808_145501,ihawk2,5.0,2,3,3,1,0.009979576986542017,0.017935894010132927,36.97994917061762,0.0004850167296710043,0.14972662994953823,1.1416249760928954
r240x150,240,150,20260808_145501,ihawk2,5.0,3,3,0,0,nan,nan,nan,nan,nan,nan
r240x150,240,150,20260808_145501,ihawk2,5.0,4,3,3,1,0.006628617412759241,0.017353152066657603,30.50820267535362,0.0005688028315308307,0.3307833547783101,1.1511712224549115
r240x150,240,150,20260808_145501,ihawk2,10.0,0,3,3,1,0.0062709856477392014,0.02144646309910327,39.189454222069536,0.0005472508746249826,0.9218838569763396,1.6667761686258216
r240x150,240,150,20260808_145501,ihawk2,10.0,1,3,1,0,nan,nan,nan,nan,0.40557736065788097,0.6614640482168453
r240x150,240,150,20260808_145501,ihawk2,10.0,2,3,3,1,0.007579776245490006,0.013679374508296484,37.961473860575694,0.00036034887787913286,0.5383763860438471,1.1554053502806307
r240x150,240,150,20260808_145501,ihawk2,10.0,3,3,0,0,nan,nan,nan,nan,nan,nan
r240x150,240,150,20260808_145501,ihawk2,10.0,4,3,3,1,0.006877031801388648,0.0159139834627869,31.1175663043131,0.0005114147844068743,0.41921094853986335,1.192037653711371
r240x150,240,150,20260808_145501,ihawk2,15.0,0,3,3,1,0.013800017150902205,0.030067858259536492,38.65862272489677,0.0007777788275983332,0.592916619935512,1.3215765479611183
r240x150,240,150,20260808_145501,ihawk2,15.0,1,3,0,0,nan,nan,nan,nan,nan,nan
r240x150,240,150,20260808_145501,ihawk2,15.0,2,3,3,1,0.0411621463666474,0.060310140995637085,37.36015491896157,0.0016142904419549824,0.23680491524713848,1.1153528621248137
r240x150,240,150,20260808_145501,ihawk2,15.0,3,3,0,0,nan,nan,nan,nan,nan,nan
r240x150,240,150,20260808_145501,ihawk2,15.0,4,3,3,1,0.015959797898389038,0.029042567589437532,30.627165677552213,0.0009482616803396832,0.1604350145154386,1.299906876265975
r240x150,240,150,20260808_145501,ihawk2,20.0,0,3,3,1,0.008861443533183617,0.015139437104379233,38.95576990236405,0.0003886314438740047,0.6296387567456972,1.2862612136042761
r240x150,240,150,20260808_145501,ihawk2,20.0,1,3,0,0,nan,nan,nan,nan,nan,nan
r240x150,240,150,20260808_145501,ihawk2,20.0,2,3,3,1,0.009790357718010788,0.017020560408699363,37.88532471932738,0.0004492652639193625,0.44491987152873236,1.0882814240900456
r240x150,240,150,20260808_145501,ihawk2,20.0,3,3,3,1,0.007461728332165889,0.012469166717522594,26.57754489142926,0.0004691617216134835,0.27303760036828356,0.8838362954929374
r240x150,240,150,20260808_145501,ihawk2,20.0,4,3,1,0,nan,nan,nan,nan,0.2570339420152659,1.3363266946751586
r240x150,240,150,20260808_145501,ihawk2,25.0,0,3,3,1,0.01348657405301082,0.04044459323791915,39.578220785431704,0.0010218901313726147,1.9984374244173013,3.0735953554308186
r240x150,240,150,20260808_145501,ihawk2,25.0,1,3,0,0,nan,nan,nan,nan,nan,nan
r240x150,240,150,20260808_145501,ihawk2,25.0,2,3,3,1,0.023307364810195023,0.041997036912633755,37.58837327194922,0.0011172879605293945,0.8378344942008289,1.5043779358014946
r240x150,240,150,20260808_145501,ihawk2,25.0,3,3,3,1,0.01577706282242725,0.023177321691156546,26.815433572591726,0.0008643276875763917,1.4542186418242902,2.551558344107883
r240x150,240,150,20260808_145501,ihawk2,25.0,4,3,3,1,0.0073054300293363995,0.01993593476102917,30.644071072292103,0.0006505641732130994,0.28805063908319767,1.2472051399938149
r240x150,240,150,20260808_145501,ihawk2,30.0,0,3,0,0,nan,nan,nan,nan,nan,nan
r240x150,240,150,20260808_145501,ihawk2,30.0,1,3,3,1,0.007113434582568783,0.012295808453507593,28.74096708435714,0.00042781470844103353,0.31800480940705006,1.5362275742869769
r240x150,240,150,20260808_145501,ihawk2,30.0,2,3,3,1,0.009585331921583342,0.0200543524360561,38.93237234468096,0.00051510738309262,1.4649603397321453,2.392367780601789
r240x150,240,150,20260808_145501,ihawk2,30.0,3,3,3,1,0.021908528214506885,0.0381364930628575,27.192024638746876,0.001402488176938302,1.1857038580475197,2.2961851659511607
r240x150,240,150,20260808_145501,ihawk2,30.0,4,3,0,0,nan,nan,nan,nan,nan,nan
r240x150,240,150,20260808_145501,ihawk2,35.0,0,3,3,1,0.020368211456980225,0.03749391515065297,40.54563530880571,0.0009247336948870064,2.1549604633688317,3.660975079746997
r240x150,240,150,20260808_145501,ihawk2,35.0,1,3,3,1,0.002080558600198549,0.009234661747053008,28.657119703792535,0.0003222466822383017,0.2762235616687129,1.6022901415686914
r240x150,240,150,20260808_145501,ihawk2,35.0,2,3,3,1,0.018924863727187265,0.053990052641579585,39.35935361129084,0.001371721018967438,1.7135692378882803,2.7032146572496227
r240x150,240,150,20260808_145501,ihawk2,35.0,3,3,0,0,nan,nan,nan,nan,nan,nan
r240x150,240,150,20260808_145501,ihawk2,35.0,4,3,0,0,nan,nan,nan,nan,nan,nan
r240x150,240,150,20260808_145501,ihawk2,40.0,0,3,3,1,0.10864577985843349,0.19855279827421987,40.18064832537994,0.004941503100357015,2.0895777359200864,3.433949956931936
r240x150,240,150,20260808_145501,ihawk2,40.0,1,3,3,1,0.007394331829149496,0.023040321613305353,28.598171076761343,0.0008056571712737163,0.4669326887431609,1.6689106677922156
r240x150,240,150,20260808_145501,ihawk2,40.0,2,3,3,1,0.015897141628938998,0.02296506977096042,38.299680433748726,0.00059961517983644,1.479376555115607,2.702397262546681
r240x150,240,150,20260808_145501,ihawk2,40.0,3,3,3,1,0.028485566287428682,0.04176335986546617,28.05505567183688,0.0014886215288244962,1.0563113786218463,1.9424564038430516
r240x150,240,150,20260808_145501,ihawk2,40.0,4,3,3,1,0.0028133283057342837,0.010446663114074604,30.737536789636664,0.00033986663230596787,0.30943284663149395,1.11033655205827
r240x150,240,150,20260808_145501,ihawk2,45.0,0,3,3,1,0.010627496093033208,0.043009544630941844,39.710774146933794,0.0010830699112488282,0.6071927817370204,3.1265758940640738
r240x150,240,150,20260808_145501,ihawk2,45.0,1,3,0,0,nan,nan,nan,nan,nan,nan
r240x150,240,150,20260808_145501,ihawk2,45.0,2,3,3,1,0.017532857284526304,0.028669260621046983,39.5080794006096,0.0007256556394539549,2.158361428273732,2.985629176692699
r240x150,240,150,20260808_145501,ihawk2,45.0,3,3,0,0,nan,nan,nan,nan,nan,nan
r240x150,240,150,20260808_145501,ihawk2,45.0,4,3,3,1,0.006362443167784164,0.013078755013219262,31.041768212626693,0.0004213276422797103,0.3259602834935738,1.1488857671110673
r240x150,240,150,20260808_145501,ihawk2,50.0,0,3,3,1,0.015767745922638837,0.04119856881038868,40.542627643986144,0.0010161790491766468,1.981323940077773,3.371013678984142
r240x150,240,150,20260808_145501,ihawk2,50.0,1,3,0,0,nan,nan,nan,nan,nan,nan
r240x150,240,150,20260808_145501,ihawk2,50.0,2,3,3,1,0.02032091008191517,0.03131062130480915,39.48765881305751,0.0007929216936623137,1.882350731088947,2.9778190931006274
r240x150,240,150,20260808_145501,ihawk2,50.0,3,3,3,1,0.015610594238331901,0.04844950287405159,28.160919491651686,0.0017204517376790366,1.0075595302721283,2.2902070088001047
r240x150,240,150,20260808_145501,ihawk2,50.0,4,3,0,0,nan,nan,nan,nan,nan,nan
r240x150,240,150,20260808_151001,ihawk1,0.0,0,3,2,0,0.00506835646456727,0.007641786472194507,23.117979702090565,0.00033055598156371156,0.5032728631089913,1.689048652093918
r240x150,240,150,20260808_151001,ihawk1,0.0,1,3,0,0,nan,nan,nan,nan,nan,nan
r240x150,240,150,20260808_151001,ihawk1,0.0,2,3,3,1,0.01403104797132509,0.031278715509634035,32.829224759263916,0.0009527704579989404,0.3519821604398653,0.8757764110400434
r240x150,240,150,20260808_151001,ihawk1,0.0,3,3,0,0,nan,nan,nan,nan,nan,nan
r240x150,240,150,20260808_151001,ihawk1,0.0,4,3,3,1,0.010234934632712,0.019019598898884087,25.032567298726946,0.0007597941781964708,0.08699851181017136,0.966459920436543
r240x150,240,150,20260808_151001,ihawk1,5.0,0,3,0,0,nan,nan,nan,nan,nan,nan
r240x150,240,150,20260808_151001,ihawk1,5.0,1,3,0,0,nan,nan,nan,nan,nan,nan
r240x150,240,150,20260808_151001,ihawk1,5.0,2,3,3,1,0.014390631637508306,0.01848847831663655,34.205315223930484,0.000540514776595357,1.5953448617604256,2.7840696932215336
r240x150,240,150,20260808_151001,ihawk1,5.0,3,3,0,0,nan,nan,nan,nan,nan,nan
r240x150,240,150,20260808_151001,ihawk1,5.0,4,3,0,0,nan,nan,nan,nan,nan,nan
r240x150,240,150,20260808_151001,ihawk1,10.0,0,3,0,0,nan,nan,nan,nan,nan,nan
r240x150,240,150,20260808_151001,ihawk1,10.0,1,3,0,0,nan,nan,nan,nan,nan,nan
r240x150,240,150,20260808_151001,ihawk1,10.0,2,3,3,1,0.013903674560406266,0.02701167052982435,34.39579321300537,0.0007853190174317883,1.7856360984161022,3.044476525382912
r240x150,240,150,20260808_151001,ihawk1,10.0,3,3,0,0,nan,nan,nan,nan,nan,nan
r240x150,240,150,20260808_151001,ihawk1,10.0,4,3,2,0,0.007077980918420151,0.018454146145684462,25.004073460669755,0.0007380455898400706,0.24541318405479134,0.8748657184068811
r240x150,240,150,20260808_151001,ihawk1,15.0,0,3,0,0,nan,nan,nan,nan,nan,nan
r240x150,240,150,20260808_151001,ihawk1,15.0,1,3,0,0,nan,nan,nan,nan,nan,nan
r240x150,240,150,20260808_151001,ihawk1,15.0,2,3,3,1,0.017822642219960588,0.02172138087977897,34.15683109833214,0.0006359307986518578,1.709900069041511,2.8026456747130437
r240x150,240,150,20260808_151001,ihawk1,15.0,3,3,3,1,0.012048791107777837,0.03169938735613553,27.95476567865194,0.001133952890914168,0.8349509010990044,2.4629875702922583
r240x150,240,150,20260808_151001,ihawk1,15.0,4,3,0,0,nan,nan,nan,nan,nan,nan
r240x150,240,150,20260808_151001,ihawk1,20.0,0,3,0,0,nan,nan,nan,nan,nan,nan
r240x150,240,150,20260808_151001,ihawk1,20.0,1,3,0,0,nan,nan,nan,nan,nan,nan
r240x150,240,150,20260808_151001,ihawk1,20.0,2,3,3,1,0.016664878417590987,0.035847733198030474,34.090129770607746,0.0010515575458131029,1.1068221561982647,1.8848705443658271
r240x150,240,150,20260808_151001,ihawk1,20.0,3,3,3,1,0.01429161048484383,0.04100001647584404,28.158316200141545,0.0014560535574793332,0.6507170478437023,2.2079758719781597
r240x150,240,150,20260808_151001,ihawk1,20.0,4,3,3,1,0.005725762310265899,0.01691250771290204,25.133429408342252,0.0006729088751926733,0.26351760685051645,0.960813216312128
r240x150,240,150,20260808_151001,ihawk1,25.0,0,3,0,0,nan,nan,nan,nan,nan,nan
r240x150,240,150,20260808_151001,ihawk1,25.0,1,3,0,0,nan,nan,nan,nan,nan,nan
r240x150,240,150,20260808_151001,ihawk1,25.0,2,3,3,1,0.0364780202573266,0.08427256662348996,34.52339703885815,0.00244102764651567,1.9030807284392317,3.5171511494822023
r240x150,240,150,20260808_151001,ihawk1,25.0,3,3,0,0,nan,nan,nan,nan,nan,nan
r240x150,240,150,20260808_151001,ihawk1,25.0,4,3,0,0,nan,nan,nan,nan,nan,nan
r240x150,240,150,20260808_151001,ihawk1,30.0,0,3,0,0,nan,nan,nan,nan,nan,nan
r240x150,240,150,20260808_151001,ihawk1,30.0,1,3,0,0,nan,nan,nan,nan,nan,nan
r240x150,240,150,20260808_151001,ihawk1,30.0,2,3,3,1,0.015461472163201725,0.030173384368428893,36.166226126319735,0.0008342972878353599,1.5426586470528836,3.1891172031138497
r240x150,240,150,20260808_151001,ihawk1,30.0,3,3,0,0,nan,nan,nan,nan,nan,nan
r240x150,240,150,20260808_151001,ihawk1,30.0,4,3,0,0,nan,nan,nan,nan,nan,nan
r240x150,240,150,20260808_151001,ihawk1,35.0,0,3,0,0,nan,nan,nan,nan,nan,nan
r240x150,240,150,20260808_151001,ihawk1,35.0,1,3,0,0,nan,nan,nan,nan,nan,nan
r240x150,240,150,20260808_151001,ihawk1,35.0,2,3,3,1,0.01550628530861326,0.025063071046898523,36.54610348712272,0.0006857932489500467,1.905737428557942,3.704462741100963
r240x150,240,150,20260808_151001,ihawk1,35.0,3,3,0,0,nan,nan,nan,nan,nan,nan
r240x150,240,150,20260808_151001,ihawk1,35.0,4,3,3,1,0.7414227797149238,1.4853769121578317,24.682108595484305,0.06018030859930613,1.1368822712225186,2.610769614582424
r240x150,240,150,20260808_151001,ihawk1,40.0,0,3,0,0,nan,nan,nan,nan,nan,nan
r240x150,240,150,20260808_151001,ihawk1,40.0,1,3,0,0,nan,nan,nan,nan,nan,nan
r240x150,240,150,20260808_151001,ihawk1,40.0,2,3,0,0,nan,nan,nan,nan,nan,nan
r240x150,240,150,20260808_151001,ihawk1,40.0,3,3,3,1,0.004679361979166667,0.012136192584999412,28.239291019336452,0.0004297626515017437,0.3784042626978625,1.8610424476362897
r240x150,240,150,20260808_151001,ihawk1,40.0,4,3,0,0,nan,nan,nan,nan,nan,nan
r240x150,240,150,20260808_151001,ihawk1,45.0,0,3,0,0,nan,nan,nan,nan,nan,nan
r240x150,240,150,20260808_151001,ihawk1,45.0,1,3,0,0,nan,nan,nan,nan,nan,nan
r240x150,240,150,20260808_151001,ihawk1,45.0,2,3,3,1,0.010197715372364606,0.013770370150556968,36.16263899728637,0.0003807899681101894,2.026429961566702,3.8253299339057825
r240x150,240,150,20260808_151001,ihawk1,45.0,3,3,3,1,0.0051493600795791865,0.008418195375654332,28.501979870784158,0.0002953547582946464,1.2773261749569234,2.700121547564881
r240x150,240,150,20260808_151001,ihawk1,45.0,4,3,0,0,nan,nan,nan,nan,nan,nan
r240x150,240,150,20260808_151001,ihawk1,50.0,0,3,0,0,nan,nan,nan,nan,nan,nan
r240x150,240,150,20260808_151001,ihawk1,50.0,1,3,0,0,nan,nan,nan,nan,nan,nan
r240x150,240,150,20260808_151001,ihawk1,50.0,2,3,3,1,0.01144160892883691,0.025355500871734434,36.36742896120247,0.0006972035581284618,4.101645896007162,4.657553524439667
r240x150,240,150,20260808_151001,ihawk1,50.0,3,3,3,1,0.0030629956586663613,0.007508102203616202,28.468718143366335,0.0002637316568243769,1.304103481104716,3.187088734260148
r240x150,240,150,20260808_151001,ihawk1,50.0,4,3,0,0,nan,nan,nan,nan,nan,nan
r240x150,240,150,20260808_151001,ihawk2,0.0,0,3,3,1,0.001982602954652245,0.03126708981036023,38.425877548138594,0.000813698783357385,0.5074773520076473,1.1287056491301144
r240x150,240,150,20260808_151001,ihawk2,0.0,1,3,3,1,0.00781317512220699,0.016717723233040892,26.953697043675103,0.0006202385968036929,0.25612874066756364,0.8183834187195
r240x150,240,150,20260808_151001,ihawk2,0.0,2,3,3,1,0.008805821509260956,0.019178739118890797,36.913242545909156,0.0005195625687729307,0.1578107303263935,1.0362981420449888
r240x150,240,150,20260808_151001,ihawk2,0.0,3,3,0,0,nan,nan,nan,nan,nan,nan
r240x150,240,150,20260808_151001,ihawk2,0.0,4,3,3,1,0.012173267813468232,0.02101349144053602,30.590171758891007,0.0006869360396588315,0.3873774857985569,1.1870656049204908
r240x150,240,150,20260808_151001,ihawk2,5.0,0,3,3,1,0.008714457048874347,0.024299917059024095,38.97895184082712,0.0006234112491853106,1.0063830293839646,1.8385482366986086
r240x150,240,150,20260808_151001,ihawk2,5.0,1,3,3,1,0.010177006335328554,0.016180334919656314,26.92322210204661,0.0006009806277394392,0.5392525199979632,1.120808610309056
r240x150,240,150,20260808_151001,ihawk2,5.0,2,3,3,1,0.009465609122823114,0.030577546151337235,37.55117968428991,0.000814289894709481,0.4299987568878769,1.217788154505823
r240x150,240,150,20260808_151001,ihawk2,5.0,3,3,1,0,nan,nan,nan,nan,0.22704188941594497,1.1681770674309475
r240x150,240,150,20260808_151001,ihawk2,5.0,4,3,3,1,0.01693284753049367,0.02336868340081957,30.599321214586933,0.0007636994048639072,0.2365046240454945,1.213273356680516
r240x150,240,150,20260808_151001,ihawk2,10.0,0,3,0,0,nan,nan,nan,nan,nan,nan
r240x150,240,150,20260808_151001,ihawk2,10.0,1,3,3,1,0.007173627410645302,0.012510260591672437,26.929288648245144,0.0004645596382096663,0.25195709530353483,0.9639531126293608
r240x150,240,150,20260808_151001,ihawk2,10.0,2,3,3,1,0.015440657166849005,0.025318245912952425,37.80947584280985,0.0006696270008664281,0.3986863928189793,1.1386421604416215
r240x150,240,150,20260808_151001,ihawk2,10.0,3,3,3,1,0.005535107410445796,0.013205386840368172,26.78511607227252,0.0004930121192955425,0.3198398412058849,0.9041924803287811
r240x150,240,150,20260808_151001,ihawk2,10.0,4,3,3,1,0.0059194031109319764,0.01526813738761959,31.096496381605107,0.0004909922069758103,0.34272453588194585,1.2840229082760077
r240x150,240,150,20260808_151001,ihawk2,15.0,0,3,3,1,0.01199119962643031,0.026585849507596848,38.50932017659796,0.0006903744180805616,0.6998101736116762,1.4726278634293593
r240x150,240,150,20260808_151001,ihawk2,15.0,1,3,0,0,nan,nan,nan,nan,nan,nan
r240x150,240,150,20260808_151001,ihawk2,15.0,2,3,3,1,0.0054257684120293725,0.02370447749966481,37.35312050101581,0.000634605012425138,0.13456388192116295,0.9226809510173851
r240x150,240,150,20260808_151001,ihawk2,15.0,3,3,0,0,nan,nan,nan,nan,nan,nan
r240x150,240,150,20260808_151001,ihawk2,15.0,4,3,3,1,0.010051780404032278,0.016760212114076935,30.997827486646116,0.0005406898958095449,0.42839521203751335,1.16424668597138
r240x150,240,150,20260808_151001,ihawk2,20.0,0,3,3,1,0.012523313943641909,0.027542050855568906,39.02849026388058,0.0007056909111613281,0.8514124328320574,1.722914080238982
r240x150,240,150,20260808_151001,ihawk2,20.0,1,3,3,1,0.007494162064020384,0.01906156944708876,28.289906828570196,0.0006737939987783322,0.7022223238169878,1.0189424740193491
r240x150,240,150,20260808_151001,ihawk2,20.0,2,3,3,1,0.043495124287622346,0.0779917585955084,37.895667420311064,0.0020580653120706592,0.41567145977819825,1.0720024275755247
r240x150,240,150,20260808_151001,ihawk2,20.0,3,3,3,1,0.019063972417436688,0.030507192092375842,26.67687293214985,0.001143582014652469,0.23031514883428994,0.8655171421934178
r240x150,240,150,20260808_151001,ihawk2,20.0,4,3,3,1,0.01974663113445577,0.036665299661337296,30.567370806059113,0.001199491441183075,0.3372167947564806,1.1995941348756016
r240x150,240,150,20260808_151001,ihawk2,25.0,0,3,3,1,0.018885548664266828,0.03185472104384233,39.94166309577224,0.0007975311635737595,1.4697358563243195,2.43507169405421
r240x150,240,150,20260808_151001,ihawk2,25.0,1,3,1,0,nan,nan,nan,nan,0.9113386414844639,1.5411212053896102
r240x150,240,150,20260808_151001,ihawk2,25.0,2,3,3,1,0.022337876754531985,0.03395483815595419,38.31346275995907,0.0008862377793593737,1.029110893163728,1.8193213956006873
r240x150,240,150,20260808_151001,ihawk2,25.0,3,3,3,1,0.016723861926522848,0.038523533854301066,27.022440282933697,0.0014256126926712465,1.027527235053255,2.089064932864479
r240x150,240,150,20260808_151001,ihawk2,25.0,4,3,3,1,0.007271118926564685,0.016377717784371724,30.904004973993978,0.000529954541430916,0.4323716082837099,1.2855055200486822
r240x150,240,150,20260808_151001,ihawk2,30.0,0,3,3,1,0.007816674888932692,0.025619227630182363,40.36602926755341,0.0006346729687077579,1.9017022244651385,3.166362129504341
r240x150,240,150,20260808_151001,ihawk2,30.0,1,3,0,0,nan,nan,nan,nan,nan,nan
r240x150,240,150,20260808_151001,ihawk2,30.0,2,3,3,1,0.029825975399404115,0.05141576558691494,39.084570598313356,0.0013155003317123235,1.864762827890048,2.8831175103200564
r240x150,240,150,20260808_151001,ihawk2,30.0,3,3,3,1,0.010133187701592265,0.02647481935997009,26.592090174627458,0.0009955900113948447,1.2653508575675643,1.9571348366810122
r240x150,240,150,20260808_151001,ihawk2,30.0,4,3,1,0,nan,nan,nan,nan,0.33061960234831983,1.1175450816765449
r240x150,240,150,20260808_151001,ihawk2,35.0,0,3,3,1,0.014461729061294707,0.024048030738093737,41.171300650191064,0.0005840969403035398,2.3495791412966756,3.7100110171811704
r240x150,240,150,20260808_151001,ihawk2,35.0,1,3,0,0,nan,nan,nan,nan,nan,nan
r240x150,240,150,20260808_151001,ihawk2,35.0,2,3,3,1,0.02563112559368924,0.03927054340833784,38.99470612994799,0.0010070737109152876,1.8529099338934454,3.3295405293506963
r240x150,240,150,20260808_151001,ihawk2,35.0,3,3,0,0,nan,nan,nan,nan,nan,nan
r240x150,240,150,20260808_151001,ihawk2,35.0,4,3,3,1,0.008556147338511648,0.02618412155152337,31.05010655668558,0.0008432860448875179,0.21536814461170634,1.0659847673270797
r240x150,240,150,20260808_151001,ihawk2,40.0,0,3,0,0,nan,nan,nan,nan,nan,nan
r240x150,240,150,20260808_151001,ihawk2,40.0,1,3,0,0,nan,nan,nan,nan,nan,nan
r240x150,240,150,20260808_151001,ihawk2,40.0,2,3,3,1,0.006425819629470261,0.02078000114485749,38.7786984135657,0.0005358612329698038,1.2980998234830579,2.674231719885473
r240x150,240,150,20260808_151001,ihawk2,40.0,3,3,3,1,0.07326559297182854,0.14369602810975166,28.225855891408468,0.005090936078699764,1.519638123934962,1.861896978807713
r240x150,240,150,20260808_151001,ihawk2,40.0,4,3,3,1,0.005163173572595296,0.02067936910089267,30.790463155733562,0.0006716160454066413,0.3055719593946278,1.2363771807523831
r240x150,240,150,20260808_151001,ihawk2,45.0,0,3,3,1,0.018207466687576366,0.03734082035721915,40.93168861377874,0.0009122716804957124,2.054704442212464,3.499026289052551
r240x150,240,150,20260808_151001,ihawk2,45.0,1,3,0,0,nan,nan,nan,nan,nan,nan
r240x150,240,150,20260808_151001,ihawk2,45.0,2,3,3,1,0.01093456359876669,0.019938553555924353,38.524774099328305,0.0005175514723205604,1.6111055322709398,2.654554216628899
r240x150,240,150,20260808_151001,ihawk2,45.0,3,3,3,1,0.014891254001004309,0.029500178973734022,28.08966158146799,0.001050214823278491,1.2093824550114054,2.2987536733391956
r240x150,240,150,20260808_151001,ihawk2,45.0,4,3,3,1,0.017738762124766154,0.027394708533914725,31.46295091615438,0.0008706973674185516,0.2880794599962227,1.0577637379582043
r240x150,240,150,20260808_151001,ihawk2,50.0,0,3,3,1,0.7334967560833725,1.4783849919595091,42.495127335603605,0.03478951787304981,2.57651600610497,4.214777930372716
r240x150,240,150,20260808_151001,ihawk2,50.0,1,3,3,1,0.009208525583086493,0.0143266634423497,28.88959521660496,0.0004959108403884843,0.5980515295951514,1.4171257635382244
r240x150,240,150,20260808_151001,ihawk2,50.0,2,3,3,1,0.04445201010569094,0.07682126687619764,38.5172888468473,0.0019944619462095286,1.5393050473225134,2.701411865211277
r240x150,240,150,20260808_151001,ihawk2,50.0,3,3,0,0,nan,nan,nan,nan,nan,nan
r240x150,240,150,20260808_151001,ihawk2,50.0,4,3,3,1,0.006189050728879646,0.013712416691138873,30.93326160285085,0.00044329036062188543,0.34825812866279393,1.2111024900122824
r240x150,240,150,20260808_162715,ihawk1,0.0,0,3,0,0,nan,nan,nan,nan,nan,nan
r240x150,240,150,20260808_162715,ihawk1,0.0,1,3,0,0,nan,nan,nan,nan,nan,nan
r240x150,240,150,20260808_162715,ihawk1,0.0,2,3,3,1,0.00718513661969018,0.016613082241054757,32.58165759820236,0.0005098906398786585,0.33576162458143477,0.903974022313028
r240x150,240,150,20260808_162715,ihawk1,0.0,3,3,0,0,nan,nan,nan,nan,nan,nan
r240x150,240,150,20260808_162715,ihawk1,0.0,4,3,2,0,0.008139105565575235,0.016223756733800606,24.561243401470907,0.0006605429728703804,0.38950577883167914,1.392511061564719
r240x150,240,150,20260808_162715,ihawk1,5.0,0,3,0,0,nan,nan,nan,nan,nan,nan
r240x150,240,150,20260808_162715,ihawk1,5.0,1,3,0,0,nan,nan,nan,nan,nan,nan
r240x150,240,150,20260808_162715,ihawk1,5.0,2,3,3,1,0.04925091355482364,0.10498426497870945,35.526940447398715,0.0029550606851200555,2.8023638115368183,4.011227418545337
r240x150,240,150,20260808_162715,ihawk1,5.0,3,3,3,1,0.010433331323241785,0.019851649746748593,27.01050523778096,0.0007349603264355486,0.585815378307752,2.999888328913866
r240x150,240,150,20260808_162715,ihawk1,5.0,4,3,0,0,nan,nan,nan,nan,nan,nan
r240x150,240,150,20260808_162715,ihawk1,10.0,0,3,0,0,nan,nan,nan,nan,nan,nan
r240x150,240,150,20260808_162715,ihawk1,10.0,1,3,0,0,nan,nan,nan,nan,nan,nan
r240x150,240,150,20260808_162715,ihawk1,10.0,2,3,3,1,0.017767925116638866,0.03673535328075173,36.66820062234161,0.0010018313595232487,2.5684025450109695,4.22759809189611
r240x150,240,150,20260808_162715,ihawk1,10.0,3,3,3,1,0.00408327005897603,0.011082492876772529,28.519025117074353,0.00038859999005146344,0.6532234613616625,2.362266115372945
r240x150,240,150,20260808_162715,ihawk1,10.0,4,3,3,1,0.012522021920729357,0.02036907501438996,24.968493829237506,0.0008157910987221128,0.30936729564580995,1.014421201025842
r240x150,240,150,20260808_162715,ihawk1,15.0,0,3,0,0,nan,nan,nan,nan,nan,nan
r240x150,240,150,20260808_162715,ihawk1,15.0,1,3,0,0,nan,nan,nan,nan,nan,nan
r240x150,240,150,20260808_162715,ihawk1,15.0,2,3,3,1,0.00886085347097017,0.01909040982183888,33.219443875462304,0.0005746757800463993,1.399393675716627,2.814011088736928
r240x150,240,150,20260808_162715,ihawk1,15.0,3,3,0,0,nan,nan,nan,nan,nan,nan
r240x150,240,150,20260808_162715,ihawk1,15.0,4,3,0,0,nan,nan,nan,nan,nan,nan
r240x150,240,150,20260808_162715,ihawk1,20.0,0,3,0,0,nan,nan,nan,nan,nan,nan
r240x150,240,150,20260808_162715,ihawk1,20.0,1,3,3,1,0.01224756457835255,0.026798008715358663,21.40896788657196,0.0012517188524612058,1.1620143519733808,2.5737782012319883
r240x150,240,150,20260808_162715,ihawk1,20.0,2,3,3,1,0.007105329620449287,0.012760252565869892,35.41854880534773,0.0003602703384601478,2.20548334715671,3.0906995979037655
r240x150,240,150,20260808_162715,ihawk1,20.0,3,3,0,0,nan,nan,nan,nan,nan,nan
r240x150,240,150,20260808_162715,ihawk1,20.0,4,3,0,0,nan,nan,nan,nan,nan,nan
r240x150,240,150,20260808_162715,ihawk1,25.0,0,3,0,0,nan,nan,nan,nan,nan,nan
r240x150,240,150,20260808_162715,ihawk1,25.0,1,3,0,0,nan,nan,nan,nan,nan,nan
r240x150,240,150,20260808_162715,ihawk1,25.0,2,3,0,0,nan,nan,nan,nan,nan,nan
r240x150,240,150,20260808_162715,ihawk1,25.0,3,3,0,0,nan,nan,nan,nan,nan,nan
r240x150,240,150,20260808_162715,ihawk1,25.0,4,3,0,0,nan,nan,nan,nan,nan,nan
r240x150,240,150,20260808_162715,ihawk1,30.0,0,3,0,0,nan,nan,nan,nan,nan,nan
r240x150,240,150,20260808_162715,ihawk1,30.0,1,3,0,0,nan,nan,nan,nan,nan,nan
r240x150,240,150,20260808_162715,ihawk1,30.0,2,3,3,1,0.0052548386426919495,0.012876259005269175,36.02981367109342,0.00035737789606166484,3.5208603687578393,4.307589593032999
r240x150,240,150,20260808_162715,ihawk1,30.0,3,3,3,1,0.9372913992633656,1.872392715497831,28.198961449314723,0.0663993501627108,2.1806191699445474,4.759787700242907
r240x150,240,150,20260808_162715,ihawk1,30.0,4,3,0,0,nan,nan,nan,nan,nan,nan
r240x150,240,150,20260808_162715,ihawk1,35.0,0,3,0,0,nan,nan,nan,nan,nan,nan
r240x150,240,150,20260808_162715,ihawk1,35.0,1,3,0,0,nan,nan,nan,nan,nan,nan
r240x150,240,150,20260808_162715,ihawk1,35.0,2,3,3,1,0.004919262809957046,0.012377663946075375,35.043823687726224,0.0003532052910770276,1.9249897954331743,3.1652002425436807
r240x150,240,150,20260808_162715,ihawk1,35.0,3,3,3,1,0.0030270525443978746,0.005633547003648333,28.503873548849878,0.00019764145367799125,0.9058630058984273,2.5589510724281843
r240x150,240,150,20260808_162715,ihawk1,35.0,4,3,0,0,nan,nan,nan,nan,nan,nan
r240x150,240,150,20260808_162715,ihawk1,40.0,0,3,0,0,nan,nan,nan,nan,nan,nan
r240x150,240,150,20260808_162715,ihawk1,40.0,1,3,0,0,nan,nan,nan,nan,nan,nan
r240x150,240,150,20260808_162715,ihawk1,40.0,2,3,3,1,0.020786390908024113,0.03839066044753139,35.15750135578776,0.001091962140853658,1.654815819461154,2.908582102385364
r240x150,240,150,20260808_162715,ihawk1,40.0,3,3,3,1,0.018670670172773067,0.03685349118395777,28.287893985476398,0.0013028008095222333,0.9224075168451966,2.875124262053675
r240x150,240,150,20260808_162715,ihawk1,40.0,4,3,0,0,nan,nan,nan,nan,nan,nan
r240x150,240,150,20260808_162715,ihawk1,45.0,0,3,0,0,nan,nan,nan,nan,nan,nan
r240x150,240,150,20260808_162715,ihawk1,45.0,1,3,0,0,nan,nan,nan,nan,nan,nan
r240x150,240,150,20260808_162715,ihawk1,45.0,2,3,3,1,0.004033248717974826,0.02329564976889731,35.03828996056921,0.0006648626344240363,1.7528720949724979,2.9120876171179537
r240x150,240,150,20260808_162715,ihawk1,45.0,3,3,3,1,0.02010937805721541,0.04107559396136353,30.610463590966248,0.0013418808192596518,3.1202391310847526,4.529673488004878
r240x150,240,150,20260808_162715,ihawk1,45.0,4,3,0,0,nan,nan,nan,nan,nan,nan
r240x150,240,150,20260808_162715,ihawk1,50.0,0,3,0,0,nan,nan,nan,nan,nan,nan
r240x150,240,150,20260808_162715,ihawk1,50.0,1,3,0,0,nan,nan,nan,nan,nan,nan
r240x150,240,150,20260808_162715,ihawk1,50.0,2,3,3,1,0.02185199387561579,0.03199500419805589,34.79684338974453,0.0009194800758130145,1.8172528789252829,2.9148871707143797
r240x150,240,150,20260808_162715,ihawk1,50.0,3,3,3,1,0.01976634921984283,0.05282762138699453,28.705183454449184,0.0018403512895440656,2.8837807476714596,4.54489305381948
r240x150,240,150,20260808_162715,ihawk1,50.0,4,3,3,1,0.015673268491100442,0.023174786086736617,25.725524056018298,0.0009008479685884201,0.2776200760012068,1.1218992117919269
r240x150,240,150,20260808_162715,ihawk2,0.0,0,3,3,1,0.005469624063276662,0.012055979155592388,38.86699440450152,0.00031018552734286245,0.5767619819118379,1.09663260148542
r240x150,240,150,20260808_162715,ihawk2,0.0,1,3,3,1,0.015370485626264243,0.025489097677050987,26.96205113061592,0.0009453693843087344,0.07266342271422876,0.8283758979649029
r240x150,240,150,20260808_162715,ihawk2,0.0,2,3,3,1,0.014308040492384872,0.03133647779984286,36.948327872604494,0.0008481162640942524,0.14631953874902265,1.0823297842863426
r240x150,240,150,20260808_162715,ihawk2,0.0,3,3,0,0,nan,nan,nan,nan,nan,nan
r240x150,240,150,20260808_162715,ihawk2,0.0,4,3,3,1,0.017769691640281804,0.03075829220898928,30.443517128308457,0.001010339642405776,0.3053052515791923,1.1160485896768597
r240x150,240,150,20260808_162715,ihawk2,5.0,0,3,3,1,0.005439501418749844,0.0158610940296332,39.94595145578048,0.00039706386884265794,1.919074037001118,2.924341482921569
r240x150,240,150,20260808_162715,ihawk2,5.0,1,3,3,1,0.014755050219715406,0.026432515894887557,29.5952937288365,0.0008931324060194322,0.5973773481368087,1.8906717230979908
r240x150,240,150,20260808_162715,ihawk2,5.0,2,3,3,1,0.011158957886664106,0.029099917730785043,38.245375858818164,0.0007608741469349563,1.4263506723732085,2.4185125183191625
r240x150,240,150,20260808_162715,ihawk2,5.0,3,3,3,1,0.01122090617979041,0.02420467822830999,27.12070039917869,0.0008924798354043611,0.6961586390748565,1.7257108527027951
r240x150,240,150,20260808_162715,ihawk2,5.0,4,3,3,1,0.012218929190931373,0.02062317081846492,30.4618846249567,0.0006770155908728262,0.39257722151412716,1.7886636262451479
r240x150,240,150,20260808_162715,ihawk2,10.0,0,3,3,1,0.011408787151158777,0.04070343449134754,40.44004368804758,0.001006513118663564,2.3889351119878643,3.6687255545674726
r240x150,240,150,20260808_162715,ihawk2,10.0,1,3,0,0,nan,nan,nan,nan,nan,nan
r240x150,240,150,20260808_162715,ihawk2,10.0,2,3,3,1,0.012260192918132741,0.022707313762768067,39.072491116054955,0.0005811585879006725,2.268530097651129,3.4046448912096174
r240x150,240,150,20260808_162715,ihawk2,10.0,3,3,3,1,0.007302335929285728,0.0165927132019657,27.04183612430099,0.000613594177765716,0.9661284419854237,1.8677477304220285
r240x150,240,150,20260808_162715,ihawk2,10.0,4,3,3,1,0.016449518421265217,0.030176924189629275,30.44188288471266,0.000991296244845077,0.430895375609272,1.1621619832172714
r240x150,240,150,20260808_162715,ihawk2,15.0,0,3,3,1,0.019525711980149966,0.03517082378980728,40.12884661991595,0.0008764474125790597,2.1942918179628728,3.3431964492413173
r240x150,240,150,20260808_162715,ihawk2,15.0,1,3,0,0,nan,nan,nan,nan,nan,nan
r240x150,240,150,20260808_162715,ihawk2,15.0,2,3,3,1,0.012302338392555541,0.022176552656890763,40.76800255002035,0.000543969566075287,3.0082809561965482,4.512343107508768
r240x150,240,150,20260808_162715,ihawk2,15.0,3,3,3,1,0.006360083060275958,0.0167748707136274,26.266198126249822,0.0006386486020168632,1.7425405159455662,2.8200695501649946
r240x150,240,150,20260808_162715,ihawk2,15.0,4,3,3,1,0.003439054423999891,0.015193858705005614,30.992263850182507,0.0004902468170267639,0.316488283421848,1.063637291449796
r240x150,240,150,20260808_162715,ihawk2,20.0,0,3,3,1,0.026852339210078652,0.0720613553241768,40.695571175247615,0.0017707419565106605,2.287322425660403,3.5749587725886984
r240x150,240,150,20260808_162715,ihawk2,20.0,1,3,0,0,nan,nan,nan,nan,nan,nan
r240x150,240,150,20260808_162715,ihawk2,20.0,2,3,3,1,0.013640463324548617,0.04194586260663396,39.1064421491159,0.001072607486170466,2.147347520918557,3.2198254303296814
r240x150,240,150,20260808_162715,ihawk2,20.0,3,3,0,0,nan,nan,nan,nan,nan,nan
r240x150,240,150,20260808_162715,ihawk2,20.0,4,3,0,0,nan,nan,nan,nan,nan,nan
r240x150,240,150,20260808_162715,ihawk2,25.0,0,3,3,1,0.010875127291782761,0.03175417247757532,40.59586986882724,0.0007822020461731431,2.585949085016903,4.211481318111463
r240x150,240,150,20260808_162715,ihawk2,25.0,1,3,0,0,nan,nan,nan,nan,nan,nan
r240x150,240,150,20260808_162715,ihawk2,25.0,2,3,0,0,nan,nan,nan,nan,nan,nan
r240x150,240,150,20260808_162715,ihawk2,25.0,3,3,0,0,nan,nan,nan,nan,nan,nan
r240x150,240,150,20260808_162715,ihawk2,25.0,4,3,3,1,0.006245999100587921,0.019287679872154576,30.953508687842174,0.0006231177236372668,0.38486877031682126,1.1105307067146335
r240x150,240,150,20260808_162715,ihawk2,30.0,0,3,3,1,0.016337344259491775,0.05850561483503013,40.18920371475716,0.0014557545168168468,2.0841901790947777,3.3475490684201947
r240x150,240,150,20260808_162715,ihawk2,30.0,1,3,0,0,nan,nan,nan,nan,nan,nan
r240x150,240,150,20260808_162715,ihawk2,30.0,2,3,3,1,0.02913286035522795,0.04704090084947638,39.02215560119401,0.0012054921140245008,2.1155320883458257,3.6281548261346237
r240x150,240,150,20260808_162715,ihawk2,30.0,3,3,3,1,0.005650287037551578,0.031511084435950396,27.64391008931599,0.001139892451326161,1.5977589114395612,2.2855142035850724
r240x150,240,150,20260808_162715,ihawk2,30.0,4,3,3,1,0.008808282420257425,0.01566165360139886,30.54525381561542,0.0005127360766402363,0.2610113091373896,1.10056020867777
r240x150,240,150,20260808_162715,ihawk2,35.0,0,3,3,1,0.019785949157011963,0.027173383236045585,39.24451791782236,0.0006924122062843627,0.8201939243015947,1.4919843899399328
r240x150,240,150,20260808_162715,ihawk2,35.0,1,3,0,0,nan,nan,nan,nan,nan,nan
r240x150,240,150,20260808_162715,ihawk2,35.0,2,3,3,1,0.02913929204401915,0.046164577969984445,38.136180785175206,0.0012105191715456242,1.3566455818645045,2.115920465686466
r240x150,240,150,20260808_162715,ihawk2,35.0,3,3,3,1,0.050508369197405235,0.12022729374142782,27.726331821727417,0.0043362134780199485,1.0495678569538278,2.241351731129143
r240x150,240,150,20260808_162715,ihawk2,35.0,4,3,3,1,0.006776194575963262,0.022239110782647772,30.572106776322155,0.0007274314114286615,0.34252896480324485,1.1066224704086798
r240x150,240,150,20260808_162715,ihawk2,40.0,0,3,3,1,0.0024867494785709245,0.021339838906935738,39.41749812955436,0.0005413798419371422,0.7603639852703281,1.460921422180599
r240x150,240,150,20260808_162715,ihawk2,40.0,1,3,0,0,nan,nan,nan,nan,nan,nan
r240x150,240,150,20260808_162715,ihawk2,40.0,2,3,3,1,0.011944826134477707,0.03347115455492578,37.92770344430352,0.0008824988468937451,1.048946561822072,2.15177053843039
r240x150,240,150,20260808_162715,ihawk2,40.0,3,3,3,1,0.008847257207844229,0.022680772183098757,28.015972826024427,0.0008095657546480153,0.4366350069671342,1.3677284798058862
r240x150,240,150,20260808_162715,ihawk2,40.0,4,3,0,0,nan,nan,nan,nan,nan,nan
r240x150,240,150,20260808_162715,ihawk2,45.0,0,3,0,0,nan,nan,nan,nan,nan,nan
r240x150,240,150,20260808_162715,ihawk2,45.0,1,3,0,0,nan,nan,nan,nan,nan,nan
r240x150,240,150,20260808_162715,ihawk2,45.0,2,3,3,1,0.013486436314224364,0.030869082232473654,37.40555990197304,0.000825253847646467,0.2772702474998684,0.8253387036756068
r240x150,240,150,20260808_162715,ihawk2,45.0,3,3,3,1,0.008268985577412354,0.015252834335530978,26.71587911107963,0.0005709276596181823,0.3709374093869965,1.274402995714138
r240x150,240,150,20260808_162715,ihawk2,45.0,4,3,0,0,nan,nan,nan,nan,nan,nan
r240x150,240,150,20260808_162715,ihawk2,50.0,0,3,3,1,0.013766889618939281,0.024740911911914684,39.41237610224278,0.0006277447431165356,0.9320187836729165,1.6891494025343206
r240x150,240,150,20260808_162715,ihawk2,50.0,1,3,0,0,nan,nan,nan,nan,nan,nan
r240x150,240,150,20260808_162715,ihawk2,50.0,2,3,3,1,0.06533354911955025,0.12926386427479755,38.84379355421081,0.0033277868211917952,0.5573812453063957,1.0967620999056116
r240x150,240,150,20260808_162715,ihawk2,50.0,3,3,0,0,nan,nan,nan,nan,nan,nan
r240x150,240,150,20260808_162715,ihawk2,50.0,4,3,3,1,0.014287238888315157,0.022937489591707726,30.93136457178292,0.0007415608690161833,0.21183931458421731,1.2170243238930476
r320x200,320,200,20260808_131913,ihawk1,0.0,0,3,3,1,0.04575619217663067,0.09504643365212559,22.487887241732572,0.004226561287435679,0.6510673638887599,1.6198255589473243
r320x200,320,200,20260808_131913,ihawk1,0.0,1,3,0,0,nan,nan,nan,nan,nan,nan
r320x200,320,200,20260808_131913,ihawk1,0.0,2,3,3,1,0.004896259335827469,0.012155915368074364,33.05678820271077,0.00036772826487352264,0.24987601324668704,0.5353118085661887
r320x200,320,200,20260808_131913,ihawk1,0.0,3,3,3,1,0.009528737416643507,0.018663135455775127,28.716089050224085,0.0006499191245414211,0.27027200253219996,0.8414202809782714
r320x200,320,200,20260808_131913,ihawk1,0.0,4,3,3,1,0.01612472920231858,0.030990818251853333,25.262434992928455,0.0012267549925622128,0.2969300887217153,0.6464218511159973
r320x200,320,200,20260808_131913,ihawk1,5.0,0,3,3,1,0.005413463279359865,0.012336576564758242,22.90381036400943,0.0005386255111570292,0.7392460481364749,1.2808440686566247
r320x200,320,200,20260808_131913,ihawk1,5.0,1,3,0,0,nan,nan,nan,nan,nan,nan
r320x200,320,200,20260808_131913,ihawk1,5.0,2,3,3,1,0.0023381684431318713,0.024904460858542345,34.12934066493723,0.0007297082326623419,1.013455228270622,2.0743068811157435
r320x200,320,200,20260808_131913,ihawk1,5.0,3,3,3,1,0.023395041315987034,0.029831299667073177,28.849547767250225,0.0010340300620218883,1.3172838349212082,2.0854848116020226
r320x200,320,200,20260808_131913,ihawk1,5.0,4,3,3,1,0.011356991660376963,0.019638358582136407,25.244955004971224,0.0007779122037757339,0.2798439340125986,0.7021769079642501
r320x200,320,200,20260808_131913,ihawk1,10.0,0,3,0,0,nan,nan,nan,nan,nan,nan
r320x200,320,200,20260808_131913,ihawk1,10.0,1,3,0,0,nan,nan,nan,nan,nan,nan
r320x200,320,200,20260808_131913,ihawk1,10.0,2,3,3,1,0.005523321000626712,0.02469224332291001,34.60210439307614,0.0007136052490452261,1.7451956326039824,2.3278615277612364
r320x200,320,200,20260808_131913,ihawk1,10.0,3,3,3,1,0.087474706484447,0.17139662906115677,29.13565443183819,0.005882710802399616,1.2743032359754431,2.1116802314998653
r320x200,320,200,20260808_131913,ihawk1,10.0,4,3,3,1,0.014345765515297027,0.03169863335557333,25.279863433526316,0.0012539084097081949,0.4787992154052356,0.7597754962464979
r320x200,320,200,20260808_131913,ihawk1,15.0,0,3,0,0,nan,nan,nan,nan,nan,nan
r320x200,320,200,20260808_131913,ihawk1,15.0,1,3,3,1,0.015469447869188132,0.02108132297764566,20.612627870130694,0.0010227382510598826,1.1157174093594708,1.558726545918802
r320x200,320,200,20260808_131913,ihawk1,15.0,2,3,3,1,0.01731722354210355,0.02614404106076405,34.71307178501259,0.0007531468612942451,1.4551159353952123,1.9834089039423561
r320x200,320,200,20260808_131913,ihawk1,15.0,3,3,3,1,0.019644766891789386,0.0369547402273299,28.986753261742784,0.0012748837337399701,1.1853988590068345,1.8434998703417151
r320x200,320,200,20260808_131913,ihawk1,15.0,4,3,3,1,0.013946914505331297,0.029927976161661082,25.22523399414917,0.0011864300711185744,0.3432428305315961,0.9407912511043811
r320x200,320,200,20260808_131913,ihawk1,20.0,0,3,3,1,0.013269489125441722,0.03180035202803395,22.67366676148331,0.0014025235689736127,0.7562786765047261,1.6577527643004275
r320x200,320,200,20260808_131913,ihawk1,20.0,1,3,3,1,0.015304496125182343,0.02807797412339993,20.73324021463,0.0013542492072024161,1.2450574644809183,1.935416362230359
r320x200,320,200,20260808_131913,ihawk1,20.0,2,3,3,1,0.009085802066805322,0.022392695645168458,34.6948159396296,0.0006454190644542593,1.4966135941143948,2.101521882808915
r320x200,320,200,20260808_131913,ihawk1,20.0,3,3,3,1,0.03866334925304384,0.07259346503172376,29.2405835230106,0.002482627098552839,0.8700402675504582,1.338012827996859
r320x200,320,200,20260808_131913,ihawk1,20.0,4,3,3,1,0.006231395653484606,0.020701557875847137,25.194930129284046,0.0008216556969842807,0.1848379350758899,0.6495484566196011
r320x200,320,200,20260808_131913,ihawk1,25.0,0,3,3,1,0.005653909283056297,0.01674821613820621,23.995810559381045,0.0006979641757364424,2.229159321085665,2.6575885630043294
r320x200,320,200,20260808_131913,ihawk1,25.0,1,3,3,1,0.03437174042905121,0.06366990032478671,21.995384443127293,0.0028946936794587872,0.9023444816725209,2.330071950115494
r320x200,320,200,20260808_131913,ihawk1,25.0,2,3,3,1,0.020247679071602055,0.04194953635140396,34.96816027517913,0.0011996495103341282,2.2490180667087563,3.3261053090356225
r320x200,320,200,20260808_131913,ihawk1,25.0,3,3,0,0,nan,nan,nan,nan,nan,nan
r320x200,320,200,20260808_131913,ihawk1,25.0,4,3,3,1,0.008869080446205688,0.017081814348039955,25.188038241167476,0.0006781716854836809,0.37801454006822055,0.800020769942376
r320x200,320,200,20260808_131913,ihawk1,30.0,0,3,0,0,nan,nan,nan,nan,nan,nan
r320x200,320,200,20260808_131913,ihawk1,30.0,1,3,0,0,nan,nan,nan,nan,nan,nan
r320x200,320,200,20260808_131913,ihawk1,30.0,2,3,3,1,0.012234060245263514,0.020446123204435104,35.137695985887575,0.0005818857107946669,1.8223960833663404,3.0030755033213654
r320x200,320,200,20260808_131913,ihawk1,30.0,3,3,3,1,0.008065705666318186,0.017489489448322636,27.698262170247396,0.0006314291250773595,0.4925491365441313,1.4957761281275879
r320x200,320,200,20260808_131913,ihawk1,30.0,4,3,3,1,0.023873161077315092,0.05344022734696318,25.4065958428515,0.002103399750108566,0.2811359095051688,0.7854282838805953
r320x200,320,200,20260808_131913,ihawk1,35.0,0,3,0,0,nan,nan,nan,nan,nan,nan
r320x200,320,200,20260808_131913,ihawk1,35.0,1,3,0,0,nan,nan,nan,nan,nan,nan
r320x200,320,200,20260808_131913,ihawk1,35.0,2,3,3,1,0.03496187190039065,0.04538198848507544,34.26710743143536,0.00132436006090913,2.015930608210384,2.8397390543972665
r320x200,320,200,20260808_131913,ihawk1,35.0,3,3,3,1,0.03086014379812574,0.0670584895357219,28.23427792790384,0.0023750736500843263,0.9173793303664404,2.4404101723270015
r320x200,320,200,20260808_131913,ihawk1,35.0,4,3,3,1,0.006401016039172366,0.009988321812343078,25.546044221370202,0.000390992896034662,0.41220585232746615,0.8941140237127395
r320x200,320,200,20260808_131913,ihawk1,40.0,0,3,3,1,0.019015537308800092,0.04041370084348883,23.3260035609091,0.0017325600048872564,1.6684223684995307,2.372043165005528
r320x200,320,200,20260808_131913,ihawk1,40.0,1,3,0,0,nan,nan,nan,nan,nan,nan
r320x200,320,200,20260808_131913,ihawk1,40.0,2,3,3,1,0.2601465417426699,0.474657748394939,34.629045135969065,0.01370692569001603,1.9893492690579118,3.016601867296025
r320x200,320,200,20260808_131913,ihawk1,40.0,3,3,3,1,0.0355175675120102,0.07958223268148702,27.86169766421419,0.0028563310692909837,0.17243681533207628,2.1324057322421064
r320x200,320,200,20260808_131913,ihawk1,40.0,4,3,3,1,0.011794396492757956,0.019151746117889265,25.67324739366288,0.0007459806632259787,0.21358393627861655,0.7247671471033322
r320x200,320,200,20260808_131913,ihawk1,45.0,0,3,3,1,0.008579693165751596,0.017709030124218192,23.677900486754133,0.0007479138673686445,1.6477966408650515,2.033181127947173
r320x200,320,200,20260808_131913,ihawk1,45.0,1,3,0,0,nan,nan,nan,nan,nan,nan
r320x200,320,200,20260808_131913,ihawk1,45.0,2,3,3,1,0.0038226980442208924,0.008552986456848837,36.110054167975036,0.00023685886531940551,1.715529459654886,3.143408893713299
r320x200,320,200,20260808_131913,ihawk1,45.0,3,3,0,0,nan,nan,nan,nan,nan,nan
r320x200,320,200,20260808_131913,ihawk1,45.0,4,3,3,1,0.011004760814620573,0.01931229253727874,25.52441081206397,0.0007566205026033703,0.37585784561619384,0.7261047134412236
r320x200,320,200,20260808_131913,ihawk1,50.0,0,3,0,0,nan,nan,nan,nan,nan,nan
r320x200,320,200,20260808_131913,ihawk1,50.0,1,3,0,0,nan,nan,nan,nan,nan,nan
r320x200,320,200,20260808_131913,ihawk1,50.0,2,3,3,1,0.017059527103861095,0.030548048278724354,34.434543528704125,0.0008871338240119244,2.695911279983421,3.5475544628902425
r320x200,320,200,20260808_131913,ihawk1,50.0,3,3,3,1,0.003570365991239231,0.008308112111180661,28.59203426592602,0.0002905743618627964,0.7065562153153125,1.4864930273949093
r320x200,320,200,20260808_131913,ihawk1,50.0,4,3,3,1,0.018200921630553615,0.024201155667037927,25.367352127403066,0.0009540276630170889,0.2259062109344021,0.9397729376200412
r320x200,320,200,20260808_131913,ihawk2,0.0,0,3,3,1,0.017879543643923242,0.032093870680742154,39.80261043419733,0.0008063257743810685,0.5126489923760814,0.8019913902777398
r320x200,320,200,20260808_131913,ihawk2,0.0,1,3,3,1,0.012044124639972752,0.0207129220479179,28.48763783141006,0.0007270845750882206,0.1550393798226248,0.46091279441231836
r320x200,320,200,20260808_131913,ihawk2,0.0,2,3,3,1,0.012014403017428265,0.02135336673796746,37.9432317667383,0.0005627714283601481,0.20374769538548893,0.45543748226238695
r320x200,320,200,20260808_131913,ihawk2,0.0,3,3,3,1,0.014292733040343841,0.026713301305692966,26.701740672681026,0.0010004329542839044,0.48212248328699703,0.7381638822788984
r320x200,320,200,20260808_131913,ihawk2,0.0,4,3,3,1,0.004970055906274151,0.02361163490059584,30.975732402605928,0.0007622623605377428,0.3114977983197552,0.6696559719592416
r320x200,320,200,20260808_131913,ihawk2,5.0,0,3,3,1,0.024126306442793947,0.05459929832019345,40.42889339327569,0.0013505019241826352,1.112926371196515,1.689062872038946
r320x200,320,200,20260808_131913,ihawk2,5.0,1,3,3,1,0.00943918316146577,0.02368239901880618,28.38814789261393,0.000834235438972329,0.30141843431152915,0.5911867672220468
r320x200,320,200,20260808_131913,ihawk2,5.0,2,3,3,1,0.0077825600071071525,0.01124096577954134,38.29172818197095,0.0002935612027256051,0.2665272770124204,0.4735728520851807
r320x200,320,200,20260808_131913,ihawk2,5.0,3,3,3,1,0.007328038632374887,0.015984531395607893,26.758734375079484,0.0005973575271367973,0.5207041279399653,0.8185429165234328
r320x200,320,200,20260808_131913,ihawk2,5.0,4,3,3,1,0.010169782904473632,0.015926329764349947,31.092608645054078,0.0005122223724024314,0.10107342315443633,0.614187980504703
r320x200,320,200,20260808_131913,ihawk2,10.0,0,3,3,1,0.020878891086092113,0.043965400266681526,39.506123850677184,0.001112875574249178,0.46460820634931815,0.8661053991655343
r320x200,320,200,20260808_131913,ihawk2,10.0,1,3,0,0,nan,nan,nan,nan,nan,nan
r320x200,320,200,20260808_131913,ihawk2,10.0,2,3,3,1,0.01450919981005449,0.02965400741766297,38.19558077058192,0.0007763727326409018,0.3098458657636426,0.5234640783262794
r320x200,320,200,20260808_131913,ihawk2,10.0,3,3,3,1,0.017599622141147717,0.021951110307326726,26.746677507501047,0.000820704190311884,0.5149757695402316,1.0737151157414293
r320x200,320,200,20260808_131913,ihawk2,10.0,4,3,3,1,0.023002668232733014,0.04218431932228998,31.265539467635513,0.001349227297547737,0.18619478722284433,0.528156901752481
r320x200,320,200,20260808_131913,ihawk2,15.0,0,3,3,1,0.0068403087653572565,0.020615134149353235,39.55573927418594,0.0005211667011569839,0.3707020248844205,0.6921720937786775
r320x200,320,200,20260808_131913,ihawk2,15.0,1,3,3,1,0.04647925162191611,0.09185213385550789,28.536177272931827,0.0032187960208193275,0.17642825403353768,0.5898857389908849
r320x200,320,200,20260808_131913,ihawk2,15.0,2,3,3,1,0.010409054358883313,0.02932420003774733,38.49468967568081,0.0007617726051256629,0.10221721741015906,0.38290241764346106
r320x200,320,200,20260808_131913,ihawk2,15.0,3,3,3,1,0.010722197581664428,0.019554697307323086,26.850634491554274,0.0007282769170119206,0.48558754349822747,0.7446522826684084
r320x200,320,200,20260808_131913,ihawk2,15.0,4,3,3,1,0.003964414943981841,0.016028547501023532,31.302443537099713,0.0005120541941726201,0.19491391907482597,0.574794136963835
r320x200,320,200,20260808_131913,ihawk2,20.0,0,3,0,0,nan,nan,nan,nan,nan,nan
r320x200,320,200,20260808_131913,ihawk2,20.0,1,3,3,1,0.015618851957977789,0.019596471434988997,27.95404048860243,0.0007010246494770219,0.19565688118264385,0.6013813974569175
r320x200,320,200,20260808_131913,ihawk2,20.0,2,3,3,1,0.021006726867207566,0.037643900968313763,38.443891760601325,0.0009791906917939192,0.18193235990727355,0.4527164800977155
r320x200,320,200,20260808_131913,ihawk2,20.0,3,3,3,1,0.010802125994856873,0.026513545108411717,26.70769451796602,0.0009927305814650643,0.5229992420739179,0.8751169338386862
r320x200,320,200,20260808_131913,ihawk2,20.0,4,3,3,1,0.007063411227193256,0.030122753677041095,31.033827408139878,0.0009706425598390801,0.12253662426348058,0.5951625798681976
r320x200,320,200,20260808_131913,ihawk2,25.0,0,3,3,1,0.01061119893268618,0.032237174593977194,40.79591658140079,0.0007902059150859819,1.8183970797527085,3.048072121908598
r320x200,320,200,20260808_131913,ihawk2,25.0,1,3,3,1,0.009351345450008266,0.016887352238275404,28.117978479839152,0.000600589130203076,1.0715447992144762,1.7088983529784443
r320x200,320,200,20260808_131913,ihawk2,25.0,2,3,3,1,0.005789554923497919,0.022287038819611044,40.80248831170615,0.0005462176387222183,2.4343706191507883,3.5842313760946496
r320x200,320,200,20260808_131913,ihawk2,25.0,3,3,3,1,0.01874054635866467,0.026932736464136485,26.87363137023184,0.0010021993713127328,1.2118515683484523,2.2618052834925613
r320x200,320,200,20260808_131913,ihawk2,25.0,4,3,3,1,0.0036468009289172126,0.009101304531307197,31.004531952126683,0.0002935475544465658,0.10973025241786144,0.725228124016746
r320x200,320,200,20260808_131913,ihawk2,30.0,0,3,3,1,0.02111346491740046,0.03468375730746272,40.94406299275673,0.0008471010147087382,1.5447248661724697,2.4236016692433497
r320x200,320,200,20260808_131913,ihawk2,30.0,1,3,3,1,0.007947038163454243,0.028179482875599023,27.95619925543476,0.001007986909025942,1.0195758937935648,1.7077517800806676
r320x200,320,200,20260808_131913,ihawk2,30.0,2,3,3,1,0.013151653082014469,0.03382579748840504,39.109568336066786,0.0008648982570643957,1.3708195296645025,1.9827147476544986
r320x200,320,200,20260808_131913,ihawk2,30.0,3,3,3,1,0.013164524992279313,0.025973180779410618,26.77062400202716,0.0009702120046751187,1.2922890742875734,2.0364684285718955
r320x200,320,200,20260808_131913,ihawk2,30.0,4,3,3,1,0.005577515879770683,0.01632435621301239,31.417849031170537,0.0005195886006332431,0.13529317957870085,0.55269093414392
r320x200,320,200,20260808_131913,ihawk2,35.0,0,3,3,1,0.02674300772508035,0.03617366476777112,40.23218516524656,0.0008991225462697144,0.48291221992834726,0.786279131469965
r320x200,320,200,20260808_131913,ihawk2,35.0,1,3,3,1,0.014111381189304472,0.02611600378841164,28.35752825512659,0.0009209548714348996,0.9788335621725572,1.7566947079608357
r320x200,320,200,20260808_131913,ihawk2,35.0,2,3,3,1,0.01677468012331594,0.030463306913505624,38.17025242973216,0.000798090265962629,0.20111993948533388,0.6103556886533503
r320x200,320,200,20260808_131913,ihawk2,35.0,3,3,3,1,0.010811309248419436,0.020255073576873162,27.013047698795386,0.0007498255584754478,1.2177628107926977,1.9476844731620488
r320x200,320,200,20260808_131913,ihawk2,35.0,4,3,3,1,0.006580175744468617,0.01369849519873743,31.332281535291568,0.00043720069294372747,0.14269521494904375,0.798922180838656
r320x200,320,200,20260808_131913,ihawk2,40.0,0,3,3,1,0.035246514310128256,0.058682723839205794,41.87427894806076,0.001401402610705096,2.2043697949808387,3.5332807165042412
r320x200,320,200,20260808_131913,ihawk2,40.0,1,3,3,1,0.32403315859349774,0.6472355602920853,28.289572419684426,0.022878944605105676,1.1780435514841658,2.3421620689771014
r320x200,320,200,20260808_131913,ihawk2,40.0,2,3,3,1,0.010051133317024147,0.023032392784685007,40.05680716334385,0.0005749932262639755,1.6303429515819818,2.757802906970327
r320x200,320,200,20260808_131913,ihawk2,40.0,3,3,3,1,0.012234951646360724,0.022581812108091417,27.29123312090318,0.0008274383208721825,1.5838361595546375,2.2827485452805893
r320x200,320,200,20260808_131913,ihawk2,40.0,4,3,3,1,0.007420073326787416,0.016166153933441542,31.610066385854125,0.0005114242322716565,0.1463226842584786,0.8058176707727394
r320x200,320,200,20260808_131913,ihawk2,45.0,0,3,3,1,0.12653821988106556,0.2655692860929341,41.772980686053174,0.006357441622105752,2.1396694892788557,3.7115354305100894
r320x200,320,200,20260808_131913,ihawk2,45.0,1,3,3,1,0.017003513639547822,0.035884336107292504,27.894407804803233,0.0012864347706680282,1.3493414860449593,2.579612060357697
r320x200,320,200,20260808_131913,ihawk2,45.0,2,3,3,1,0.0033560395254310284,0.013024534255815718,39.88326184870874,0.00032656642541481094,1.7111501669400997,2.708794456943188
r320x200,320,200,20260808_131913,ihawk2,45.0,3,3,3,1,0.013552809645541833,0.017437142128188927,28.73006417618014,0.0006069301488941998,1.8294673831099575,2.3170452566456525
r320x200,320,200,20260808_131913,ihawk2,45.0,4,3,3,1,0.007458576806175051,0.015638114141206506,31.79581340640115,0.0004918293468805623,0.0954339797718224,0.5742161300252324
r320x200,320,200,20260808_131913,ihawk2,50.0,0,3,3,1,0.00899135429661461,0.01615430886006522,41.01150732913415,0.0003938969794604298,0.8604556277427894,1.5428535532728445
r320x200,320,200,20260808_131913,ihawk2,50.0,1,3,3,1,0.009266135663525256,0.015725027143187402,28.184035352020402,0.0005579409387896662,1.1423332098837793,2.128664333702419
r320x200,320,200,20260808_131913,ihawk2,50.0,2,3,3,1,0.00993445281382129,0.015085007242167759,39.08171430603292,0.0003859863240400162,0.4463259387093164,0.71857320043502
r320x200,320,200,20260808_131913,ihawk2,50.0,3,3,3,1,0.010426558048830928,0.021450594151470267,27.5459880228534,0.0007787193595551513,0.7355249234771081,1.7264034393811472
r320x200,320,200,20260808_131913,ihawk2,50.0,4,3,3,1,0.0022815220709049757,0.014310864232681396,31.45241970773079,0.00045500042176926323,0.17633046770472685,0.5362296286267042
r320x200,320,200,20260808_141232,ihawk1,0.0,0,3,3,1,0.017990312727067973,0.03914193861012956,22.797107081003453,0.0017169695466643683,0.7125702289144346,1.6973228093261723
r320x200,320,200,20260808_141232,ihawk1,0.0,1,3,0,0,nan,nan,nan,nan,nan,nan
r320x200,320,200,20260808_141232,ihawk1,0.0,2,3,3,1,0.011262783262102965,0.023478281559757765,32.9849211015109,0.0007117883195022202,0.20441695549717553,0.7055891737844966
r320x200,320,200,20260808_141232,ihawk1,0.0,3,3,3,1,0.008850322735142227,0.017470920341766165,28.406074529413015,0.0006150416990448974,0.10516972808854395,0.6415877168357543
r320x200,320,200,20260808_141232,ihawk1,0.0,4,3,3,1,0.006049630668726339,0.01406802288630826,25.079270443625376,0.0005609422697494797,0.26463469093175307,0.7143244468940444
r320x200,320,200,20260808_141232,ihawk1,5.0,0,3,1,0,nan,nan,nan,nan,1.9428438639621604,2.3473347426597493
r320x200,320,200,20260808_141232,ihawk1,5.0,1,3,3,1,0.21732215517973746,0.4420755043143966,22.17124501701508,0.01993913756196959,2.150594345085049,3.3509222467962374
r320x200,320,200,20260808_141232,ihawk1,5.0,2,3,3,1,0.19901753829063878,0.44440085288540315,34.09581271240964,0.013033883563175995,2.8313411611787034,3.8952581156347628
r320x200,320,200,20260808_141232,ihawk1,5.0,3,3,3,1,0.007157847955628945,0.017945886041838433,27.13770809164746,0.0006612896704921769,0.749261923227089,2.1213067561651653
r320x200,320,200,20260808_141232,ihawk1,5.0,4,3,0,0,nan,nan,nan,nan,nan,nan
r320x200,320,200,20260808_141232,ihawk1,10.0,0,3,3,1,0.04486521060207155,0.09724083421586134,24.00868514204971,0.004050235722636476,1.7306327103257275,2.39239030563054
r320x200,320,200,20260808_141232,ihawk1,10.0,1,3,3,1,0.019814339511647558,0.052640089372594824,22.74795410956707,0.0023140581838283236,1.8185295550110605,2.961418719029713
r320x200,320,200,20260808_141232,ihawk1,10.0,2,3,3,1,0.011571115346290638,0.03362822867183143,33.37815372992383,0.0010074921741906715,2.4492410588142057,3.3322049158351974
r320x200,320,200,20260808_141232,ihawk1,10.0,3,3,3,1,0.008814396227578706,0.020515838949587847,27.522793311017118,0.0007454126736974603,1.2378262686529462,2.0557552125598915
r320x200,320,200,20260808_141232,ihawk1,10.0,4,3,3,1,0.008853165507690058,0.02248045832070953,25.185755442740337,0.0008925862228678713,0.2602471480523153,0.8069954331304607
r320x200,320,200,20260808_141232,ihawk1,15.0,0,3,0,0,nan,nan,nan,nan,nan,nan
r320x200,320,200,20260808_141232,ihawk1,15.0,1,3,3,1,0.00727183875237535,0.034364099140837934,22.283550798662635,0.0015421285167398152,1.8174074488928318,2.915742988134955
r320x200,320,200,20260808_141232,ihawk1,15.0,2,3,3,1,0.011486317475893125,0.03372810349340959,33.488854551502556,0.0010071441363137428,1.7982541045757283,2.6725826582436962
r320x200,320,200,20260808_141232,ihawk1,15.0,3,3,3,1,0.012336622699154297,0.020723038519168728,28.008406921984548,0.000739886369720752,1.0756957777645944,2.351626940030249
r320x200,320,200,20260808_141232,ihawk1,15.0,4,3,3,1,0.017096986772695964,0.035261632931732116,25.03767317644637,0.0014083430470249812,0.4462322715721273,0.9523130494654296
r320x200,320,200,20260808_141232,ihawk1,20.0,0,3,0,0,nan,nan,nan,nan,nan,nan
r320x200,320,200,20260808_141232,ihawk1,20.0,1,3,0,0,nan,nan,nan,nan,nan,nan
r320x200,320,200,20260808_141232,ihawk1,20.0,2,3,3,1,0.008141582027716553,0.019004646006769762,35.056757526338515,0.0005421107754329923,1.9884012519728012,3.2926291326900543
r320x200,320,200,20260808_141232,ihawk1,20.0,3,3,3,1,0.021501983364985378,0.050236213164962226,28.08805461638993,0.0017885259001044669,1.0883637421304273,1.7811506621681574
r320x200,320,200,20260808_141232,ihawk1,20.0,4,3,3,1,0.014993298888149832,0.022789779489174145,25.25115388677513,0.0009025242803304095,0.4280937003814353,0.9528181751262119
r320x200,320,200,20260808_141232,ihawk1,25.0,0,3,2,0,0.017709038638178205,0.040446590205095986,25.382330817822343,0.0015934939346348835,0.9807500006491308,2.727889951688793
r320x200,320,200,20260808_141232,ihawk1,25.0,1,3,0,0,nan,nan,nan,nan,nan,nan
r320x200,320,200,20260808_141232,ihawk1,25.0,2,3,3,1,0.012930964238484447,0.033935180192486425,34.620622542716674,0.0009802013279979435,2.2671237848043915,3.075159789251508
r320x200,320,200,20260808_141232,ihawk1,25.0,3,3,3,1,0.022033618611044962,0.040834095177996035,27.55556242829936,0.001481882116695964,1.0607115462337326,2.9663570360164564
r320x200,320,200,20260808_141232,ihawk1,25.0,4,3,3,1,0.01484849849761998,0.026178766751984564,25.205704290842608,0.0010386048511048936,0.2923498471239885,0.762297619008451
r320x200,320,200,20260808_141232,ihawk1,35.0,0,3,3,1,0.006751209266135542,0.018934111954749106,24.647745298282203,0.0007681883971784104,1.8732808003918602,2.3485823198960856
r320x200,320,200,20260808_141232,ihawk1,35.0,1,3,0,0,nan,nan,nan,nan,nan,nan
r320x200,320,200,20260808_141232,ihawk1,35.0,2,3,3,1,0.017149106089057536,0.02975283799333461,34.37061866526778,0.0008656474380951563,2.103682585124233,3.3659633401410414
r320x200,320,200,20260808_141232,ihawk1,35.0,3,3,3,1,0.26059796856245576,0.4092620516914579,28.474254141390276,0.014373056082847597,1.2291446235290573,1.967728245745132
r320x200,320,200,20260808_141232,ihawk1,35.0,4,3,3,1,0.011996263358849976,0.023679578883643793,25.02048614553523,0.0009464076255716273,0.3760682128228808,1.0975004457377249
r320x200,320,200,20260808_141232,ihawk1,40.0,0,3,3,1,0.01883570743767542,0.0423360179758317,24.165619337655727,0.0017519111504774145,1.684314092296834,2.0263152680582235
r320x200,320,200,20260808_141232,ihawk1,40.0,1,3,3,1,0.013879930570113741,0.04144053998036287,21.519979975597664,0.0019256774414917626,1.487721599875532,2.0183927502947174
r320x200,320,200,20260808_141232,ihawk1,40.0,2,3,3,1,0.011482899739394627,0.022751121141346635,33.91828633100951,0.0006707626947693585,2.618617013605897,3.4146796084847746
r320x200,320,200,20260808_141232,ihawk1,40.0,3,3,3,1,0.22480452938652654,0.47192766258239693,28.48965993401397,0.01656487524510462,0.45479794712450505,2.767601777027309
r320x200,320,200,20260808_141232,ihawk1,40.0,4,3,3,1,0.023913519757399037,0.04646125418472937,25.104107718111084,0.0018507431017438793,0.45837619624784826,0.8443046218191348
r320x200,320,200,20260808_141232,ihawk1,45.0,0,3,0,0,nan,nan,nan,nan,nan,nan
r320x200,320,200,20260808_141232,ihawk1,45.0,1,3,3,1,0.024627497713154485,0.06719605488582597,21.48522749907559,0.0031275468173989364,1.2132951462165797,1.79637340397241
r320x200,320,200,20260808_141232,ihawk1,45.0,2,3,3,1,0.042908101918919604,0.07357422517083856,34.610690586925514,0.0021257658810954743,2.739545325649045,3.0464518707928074
r320x200,320,200,20260808_141232,ihawk1,45.0,3,3,3,1,0.030213661092701915,0.05057406648264433,29.460079103373424,0.0017166982581812951,0.3301008757320886,2.748694292952699
r320x200,320,200,20260808_141232,ihawk1,45.0,4,3,3,1,0.00807558587257317,0.022591060199446993,25.104501931304583,0.0008998808365632858,0.3214077694901995,1.149808118815921
r320x200,320,200,20260808_141232,ihawk1,50.0,0,3,0,0,nan,nan,nan,nan,nan,nan
r320x200,320,200,20260808_141232,ihawk1,50.0,1,3,0,0,nan,nan,nan,nan,nan,nan
r320x200,320,200,20260808_141232,ihawk1,50.0,2,3,3,1,0.00896023802714263,0.026955022184586636,34.414027869293804,0.0007832568244252942,1.6286321817964164,2.2834951507285157
r320x200,320,200,20260808_141232,ihawk1,50.0,3,3,3,1,0.07396273271523575,0.1475726816764669,28.57392418146915,0.005164592750343027,0.8110188712165795,1.988431607585053
r320x200,320,200,20260808_141232,ihawk1,50.0,4,3,3,1,0.011462425945782648,0.029459857808111438,25.295822785711728,0.0011646135434168108,0.43852107077285507,1.0931104571471992
r320x200,320,200,20260808_141232,ihawk2,0.0,0,3,3,1,0.008932699563101049,0.017053650192499836,39.097344402667154,0.0004361843611899243,0.4548874755664027,0.6308367658887731
r320x200,320,200,20260808_141232,ihawk2,0.0,1,3,3,1,0.00753763930460172,0.020180698301114637,27.707031387486158,0.0007283601775623361,0.24366575469475488,0.6070871133576167
r320x200,320,200,20260808_141232,ihawk2,0.0,2,3,3,1,0.00992813852659837,0.02037980100309309,37.752891832500836,0.0005398209253350086,0.17354153766018837,0.5671881142230688
r320x200,320,200,20260808_141232,ihawk2,0.0,3,3,3,1,0.007974936842030947,0.016586850385519023,26.824181352357684,0.0006183543932855621,0.4722370764801787,0.7189902935346131
r320x200,320,200,20260808_141232,ihawk2,0.0,4,3,3,1,0.009245646156302316,0.020455466428008683,30.65457812987217,0.0006672891188176329,0.08422135205143925,0.8124213425624642
r320x200,320,200,20260808_141232,ihawk2,5.0,0,3,3,1,0.009015630226831134,0.02150424185623894,40.71673046853664,0.0005281426482132716,1.9193113744694779,3.029359307916251
r320x200,320,200,20260808_141232,ihawk2,5.0,1,3,3,1,0.008228328627958543,0.015555541557844875,27.93669964607554,0.0005568138597226917,0.8080867177395501,1.6334077556465025
r320x200,320,200,20260808_141232,ihawk2,5.0,2,3,3,1,0.005421301472363478,0.019657255717251004,38.8144293737662,0.000506441960745065,1.6594513330071488,2.5786565753258133
r320x200,320,200,20260808_141232,ihawk2,5.0,3,3,3,1,0.014722232353973543,0.038894022437665515,27.13202670091225,0.001433509662452079,1.2179671167360566,1.850317880244648
r320x200,320,200,20260808_141232,ihawk2,5.0,4,3,3,1,0.004744397059832404,0.011025197534528776,30.936409168754103,0.0003563825870800891,0.029066381134429404,0.5911034285998685
r320x200,320,200,20260808_141232,ihawk2,10.0,0,3,3,1,0.02157735033035063,0.028408086252028574,40.541174626728875,0.0007007218343717912,1.8475509125160052,2.9907971377440354
r320x200,320,200,20260808_141232,ihawk2,10.0,1,3,0,0,nan,nan,nan,nan,nan,nan
r320x200,320,200,20260808_141232,ihawk2,10.0,2,3,3,1,0.02730015608027057,0.042171313080717414,39.91165511117687,0.0010566164936845165,1.881041156622028,2.971416282959639
r320x200,320,200,20260808_141232,ihawk2,10.0,3,3,3,1,0.015529482901235717,0.032528883494846395,27.43350718539486,0.0011857355049435395,1.0925115266878498,1.7535203505896868
r320x200,320,200,20260808_141232,ihawk2,10.0,4,3,3,1,0.019823370329705815,0.029214375509004242,31.05986329958391,0.0009405828746643456,0.11728343042228295,0.5973674639009274
r320x200,320,200,20260808_141232,ihawk2,15.0,0,3,3,1,0.14224012638044484,0.27307805209424346,40.64952138724699,0.006717866355492108,1.1649093955716778,1.875838376623473
r320x200,320,200,20260808_141232,ihawk2,15.0,1,3,3,1,0.006921018517411216,0.01415662063656588,28.544705895502815,0.0004959455770324206,0.56901793021502,1.665145915254621
r320x200,320,200,20260808_141232,ihawk2,15.0,2,3,3,1,0.010099187333565112,0.02468672761231958,38.67616729730911,0.000638293019640474,1.1713127996268737,2.0834758986988886
r320x200,320,200,20260808_141232,ihawk2,15.0,3,3,0,0,nan,nan,nan,nan,nan,nan
r320x200,320,200,20260808_141232,ihawk2,15.0,4,3,3,1,0.007452633765564399,0.013480734985457992,31.16981186027575,0.0004324933062120424,0.08038648832195364,0.5927260486366276
r320x200,320,200,20260808_141232,ihawk2,20.0,0,3,3,1,0.007893858701473447,0.03429014583324977,40.46088456813268,0.0008474887832842134,1.854883754017322,3.1893133592930503
r320x200,320,200,20260808_141232,ihawk2,20.0,1,3,3,1,0.39888942071909583,0.8140222184866721,27.825002475888617,0.029255063649753568,1.2183344482091674,1.7835911337666825
r320x200,320,200,20260808_141232,ihawk2,20.0,2,3,3,1,0.013144046725865145,0.030926800523599602,39.570590604673896,0.000781560245905116,1.855026662888479,2.9912003023622944
r320x200,320,200,20260808_141232,ihawk2,20.0,3,3,3,1,0.012565624245033175,0.0288273093661124,27.02872456638817,0.0010665434580646427,1.3396084034210738,2.1715811417776134
r320x200,320,200,20260808_141232,ihawk2,20.0,4,3,3,1,0.018787747512459742,0.03734330984633866,31.09596300784004,0.001200905398457141,0.18274966782355298,0.7321915056015379
r320x200,320,200,20260808_141232,ihawk2,25.0,0,3,3,1,0.017709933996318844,0.049128906969697926,40.685631596350305,0.0012075247462572272,2.0055155555185133,3.3604528435557315
r320x200,320,200,20260808_141232,ihawk2,25.0,1,3,3,1,0.012690824037179745,0.02333563893552208,27.50717219027974,0.0008483474336837953,1.253878486229746,2.1224138233497696
r320x200,320,200,20260808_141232,ihawk2,25.0,2,3,3,1,0.016181431610828464,0.03763035319915307,39.49550812046448,0.0009527755177722353,1.9953295585016135,2.9725547177063185
r320x200,320,200,20260808_141232,ihawk2,25.0,3,3,3,1,0.015294743351948635,0.026670205605859015,27.27096309416404,0.000977970800435956,1.437657132680353,2.3464976446541512
r320x200,320,200,20260808_141232,ihawk2,25.0,4,3,3,1,0.00149996474950926,0.006893055571496031,31.227271380370865,0.00022073832476535025,0.13029789409990566,0.8223131496237223
r320x200,320,200,20260808_141232,ihawk2,35.0,0,3,3,1,0.014074230769616041,0.03279567908157043,40.558837141997586,0.0008085951519456012,1.9783719122465433,3.377546326210347
r320x200,320,200,20260808_141232,ihawk2,35.0,1,3,3,1,0.011426180916776172,0.02270683187231365,28.006582271403396,0.000810767684977358,1.2306651708904857,1.8250305045627906
r320x200,320,200,20260808_141232,ihawk2,35.0,2,3,3,1,0.008825384545026668,0.017491722864800097,39.08585582525885,0.0004475205287304019,1.832626196764062,3.6545523916887137
r320x200,320,200,20260808_141232,ihawk2,35.0,3,3,0,0,nan,nan,nan,nan,nan,nan
r320x200,320,200,20260808_141232,ihawk2,35.0,4,3,3,1,0.007782933129307952,0.014527930737433348,31.061910183827898,0.0004677088643761897,0.017939270044035272,0.6957437264323315
r320x200,320,200,20260808_141232,ihawk2,40.0,0,3,3,1,0.010727715045149331,0.024036689422594543,41.17931134994065,0.0005837079017259765,1.7969524031961908,3.1035404311049097
r320x200,320,200,20260808_141232,ihawk2,40.0,1,3,3,1,0.01040007529081667,0.01911982692526304,28.87110447672187,0.0006622478520237745,0.8051563577813381,1.41061571723692
r320x200,320,200,20260808_141232,ihawk2,40.0,2,3,3,1,0.007791441942068593,0.013058799784501246,39.28691630109045,0.0003323956424683498,1.7085020639820017,2.739957813590158
r320x200,320,200,20260808_141232,ihawk2,40.0,3,3,3,1,0.011239619374033288,0.020212630060096354,26.9924170688112,0.0007488262354782353,0.9568748174224223,1.8698647562310868
r320x200,320,200,20260808_141232,ihawk2,40.0,4,3,3,1,0.007462492581579815,0.015347296141093545,30.962186007249482,0.0004956787010290595,0.1752186371220757,0.7358832647096986
r320x200,320,200,20260808_141232,ihawk2,45.0,0,3,3,1,0.014368972438019927,0.028764180657874214,39.83619143437183,0.0007220615129652088,0.6108606702869899,1.0360568857035735
r320x200,320,200,20260808_141232,ihawk2,45.0,1,3,3,1,0.008450584167087374,0.021552588684107383,27.989501355090532,0.0007700240318924993,1.5476275817571583,2.66175469111934
r320x200,320,200,20260808_141232,ihawk2,45.0,2,3,3,1,0.02622470554829685,0.0357919385535742,39.07902794403912,0.000915886101487171,0.909620819806181,1.4821274486834186
r320x200,320,200,20260808_141232,ihawk2,45.0,3,3,3,1,0.010371226894123073,0.022875316535260672,27.89347024687161,0.000820095754769927,0.7699795647220891,1.4935894586101843
r320x200,320,200,20260808_141232,ihawk2,45.0,4,3,3,1,0.006931327209082282,0.017998797982348977,31.23835242853731,0.0005761762891792736,0.14122303177028378,0.8688640360656512
r320x200,320,200,20260808_141232,ihawk2,50.0,0,3,3,1,0.013530390212674277,0.017728976895878695,39.682662631852835,0.0004467688335421283,0.43245678992135,0.9047518360288694
r320x200,320,200,20260808_141232,ihawk2,50.0,1,3,3,1,0.005361851292422866,0.018884571642761652,28.24448992185379,0.000668610822677664,0.1631839839459365,0.48417098555481414
r320x200,320,200,20260808_141232,ihawk2,50.0,2,3,3,1,0.01960403602315361,0.031837780989440914,38.56289530898212,0.0008256066027808139,0.4562259650850172,0.7874542463170094
r320x200,320,200,20260808_141232,ihawk2,50.0,3,3,3,1,0.025890967319558103,0.04508992693704273,28.246862117072197,0.0015962809160947724,0.6914109587929964,1.1223968405240325
r320x200,320,200,20260808_141232,ihawk2,50.0,4,3,3,1,0.008284228937954812,0.018278684798385406,31.19109873739883,0.0005860224723814827,0.17817702852428993,0.8414609016221812
r320x200,320,200,20260808_145501,ihawk1,0.0,0,3,3,1,0.005698233896529308,0.010111636717862112,22.635368278326638,0.00044671845377236487,0.6340977793460737,1.5330841891131193
r320x200,320,200,20260808_145501,ihawk1,0.0,1,3,3,1,0.026729513359724223,0.05333858661248046,20.74536554568466,0.002571108544461183,1.1140819623359062,1.5796174290730556
r320x200,320,200,20260808_145501,ihawk1,0.0,2,3,3,1,0.012488057057196526,0.02006998785155707,33.23045000710002,0.000603963769592916,0.1380718779201438,0.48970351480971064
r320x200,320,200,20260808_145501,ihawk1,0.0,3,3,3,1,0.005545926424769286,0.015614206589605568,28.67250978146277,0.000544570625613681,0.13965931784152477,0.4751294535594492
r320x200,320,200,20260808_145501,ihawk1,0.0,4,3,3,1,0.006405262054772769,0.015602413382876315,25.091096575233152,0.0006218306695402504,0.18119273689705997,0.6337954891614461
r320x200,320,200,20260808_145501,ihawk1,5.0,0,3,3,1,0.0019749262441581127,0.012286902433965128,22.846010688096555,0.0005378139142851302,0.8355141521341043,1.516839196217891
r320x200,320,200,20260808_145501,ihawk1,5.0,1,3,0,0,nan,nan,nan,nan,nan,nan
r320x200,320,200,20260808_145501,ihawk1,5.0,2,3,3,1,0.11421507629819573,0.2282318477478216,34.547481765213476,0.006606323705412087,1.6530755844025025,2.259423965336375
r320x200,320,200,20260808_145501,ihawk1,5.0,3,3,2,0,0.008718640608447377,0.022518734065897744,28.374307105727247,0.0007936311530706039,0.8054996736416137,2.655906175892476
r320x200,320,200,20260808_145501,ihawk1,5.0,4,3,3,1,0.011260249295534314,0.016607563953583742,25.00213959675488,0.0006642457094247766,0.19888193584698213,0.7856615026094861
r320x200,320,200,20260808_145501,ihawk1,10.0,0,3,3,1,0.010793857262645125,0.023325836783803313,22.77182341413689,0.0010243288980241471,0.8531311344209848,1.6920877349104162
r320x200,320,200,20260808_145501,ihawk1,10.0,1,3,0,0,nan,nan,nan,nan,nan,nan
r320x200,320,200,20260808_145501,ihawk1,10.0,2,3,3,1,0.008343440497972632,0.014438441409849182,34.842126158857376,0.0004143961061394274,1.6969982019944858,2.3048138817184722
r320x200,320,200,20260808_145501,ihawk1,10.0,3,3,3,1,0.023052556488503118,0.037845492951567035,28.912583342870082,0.0013089626929134242,1.0577243757728088,1.69145632273546
r320x200,320,200,20260808_145501,ihawk1,10.0,4,3,0,0,nan,nan,nan,nan,nan,nan
r320x200,320,200,20260808_145501,ihawk1,15.0,0,3,0,0,nan,nan,nan,nan,nan,nan
r320x200,320,200,20260808_145501,ihawk1,15.0,1,3,3,1,0.018990856647851093,0.038615502258125455,20.590088584748152,0.0018754412881316791,1.2803545783779635,2.0277662928202065
r320x200,320,200,20260808_145501,ihawk1,15.0,2,3,3,1,0.016585214207285648,0.029557597373020054,34.409154477035244,0.0008590038849326236,1.3293081538578102,1.8425455884970146
r320x200,320,200,20260808_145501,ihawk1,15.0,3,3,3,1,0.010686230587612063,0.02703275012650904,29.036920433053965,0.0009309785515593626,0.9338318963964847,1.4869751385306902
r320x200,320,200,20260808_145501,ihawk1,15.0,4,3,3,1,0.00669995007007984,0.014596373700245954,25.309864965123708,0.0005767068975025885,0.36972540689936795,0.9731387820614728
r320x200,320,200,20260808_145501,ihawk1,20.0,0,3,2,0,0.011560441479590788,0.017245554008332584,22.84198820457767,0.0007549935607127436,0.8039143980431087,1.662312562105714
r320x200,320,200,20260808_145501,ihawk1,20.0,1,3,3,1,0.023955391166754155,0.04595312367660528,20.89673729037311,0.002199057347472869,1.121338682920077,1.6410545922188562
r320x200,320,200,20260808_145501,ihawk1,20.0,2,3,3,1,0.03327083190210025,0.05979698168190157,34.54578405432554,0.0017309487487059737,1.3996089630416801,2.022769817531805
r320x200,320,200,20260808_145501,ihawk1,20.0,3,3,3,1,0.011791032402594704,0.019941001805064747,28.828122725558273,0.0006917204423923715,1.0563163004529454,1.6481695444324393
r320x200,320,200,20260808_145501,ihawk1,20.0,4,3,3,1,0.010201761355951766,0.02074165743319949,25.246564043374782,0.0008215635758420175,0.2442911553043061,0.7918195746580887
r320x200,320,200,20260808_145501,ihawk1,25.0,0,3,2,0,0.026762130943107632,0.05607198246328592,23.750803353014618,0.0023608457208740634,1.5418175705638828,2.101980107517111
r320x200,320,200,20260808_145501,ihawk1,25.0,1,3,3,1,0.029006790728317737,0.05157767932460565,22.08068610709462,0.002335873037388703,1.4864215764128297,2.3721608307936264
r320x200,320,200,20260808_145501,ihawk1,25.0,2,3,3,1,0.020664190323211363,0.034549480053369795,34.01579430740853,0.0010156893512801208,2.113208044670601,3.1874682009460082
r320x200,320,200,20260808_145501,ihawk1,25.0,3,3,3,1,0.008014151085592698,0.020772742784445266,27.228041579528657,0.0007629172566000196,1.1718118353052964,3.0061686350441703
r320x200,320,200,20260808_145501,ihawk1,25.0,4,3,3,1,0.0033744892412833957,0.018635792848206476,25.286273221341972,0.0007369924656385348,0.448309555229713,1.1339426746718486
r320x200,320,200,20260808_145501,ihawk1,30.0,0,3,3,1,0.01975722485879682,0.035557575319770426,23.653752795638276,0.0015032530198052633,0.7295185797219045,1.0499665731265913
r320x200,320,200,20260808_145501,ihawk1,30.0,1,3,3,1,0.04456261300487585,0.07304065537124922,21.69442633897727,0.0033667935823691636,1.7655317663505832,2.4636711938091636
r320x200,320,200,20260808_145501,ihawk1,30.0,2,3,3,1,0.009252603766148497,0.021813182440836056,35.02974469409149,0.0006227045795316719,1.6945161932447355,3.0645960510218906
r320x200,320,200,20260808_145501,ihawk1,30.0,3,3,3,1,0.0066209663292424725,0.011195059021707266,27.850572256562636,0.00040196872504367635,1.3840548269671062,2.307805274941254
r320x200,320,200,20260808_145501,ihawk1,30.0,4,3,3,1,0.013956541221694556,0.030342242411876396,25.423406886971172,0.0011934766472004976,0.3908711747910895,0.9443692074315071
r320x200,320,200,20260808_145501,ihawk1,35.0,0,3,3,1,0.02041890758050939,0.06033865120294304,23.131345144951517,0.002608523232212984,1.7412955374393297,2.3245526803551813
r320x200,320,200,20260808_145501,ihawk1,35.0,1,3,0,0,nan,nan,nan,nan,nan,nan
r320x200,320,200,20260808_145501,ihawk1,35.0,2,3,3,1,0.03011042577621475,0.039563506634125736,34.18128141246794,0.0011574611892605812,2.2385612895600775,3.1834846509336217
r320x200,320,200,20260808_145501,ihawk1,35.0,3,3,3,1,0.021483306981643042,0.03993000336293443,27.696771758780457,0.0014416843851224569,0.5082906508214939,1.6000824033905376
r320x200,320,200,20260808_145501,ihawk1,35.0,4,3,3,1,0.00916143333756001,0.011278610772847822,25.51084318979838,0.00044211046608440074,0.2166426887686997,0.7534515675987715
r320x200,320,200,20260808_145501,ihawk1,40.0,0,3,3,1,0.012074726413095224,0.04634149198178631,24.248765022628,0.0019110866857979052,1.858145986640733,2.279624214989971
r320x200,320,200,20260808_145501,ihawk1,40.0,1,3,3,1,0.009183257215733357,0.017317679546805527,20.537957917891706,0.0008432035753525026,0.6501624538814624,2.501526810416802
r320x200,320,200,20260808_145501,ihawk1,40.0,2,3,3,1,0.32000889309777786,0.6675970793753254,35.11936409142369,0.01900937265371373,1.795164914872055,3.1381465796315764
r320x200,320,200,20260808_145501,ihawk1,40.0,3,3,3,1,0.007080092055573772,0.02741644223640025,28.060745712411652,0.000977038975278322,0.9103734939474158,1.6730242968893256
r320x200,320,200,20260808_145501,ihawk1,40.0,4,3,0,0,nan,nan,nan,nan,nan,nan
r320x200,320,200,20260808_145501,ihawk1,45.0,0,3,0,0,nan,nan,nan,nan,nan,nan
r320x200,320,200,20260808_145501,ihawk1,45.0,1,3,0,0,nan,nan,nan,nan,nan,nan
r320x200,320,200,20260808_145501,ihawk1,45.0,2,3,3,1,0.019708675252517127,0.038876416784170253,35.88552151193139,0.0010833454592890461,1.847726251115884,3.1708377194090995
r320x200,320,200,20260808_145501,ihawk1,45.0,3,3,3,1,0.4864363649669874,0.9676434564425499,28.683477162081907,0.033735221534498094,0.8951951881269036,1.515154341203506
r320x200,320,200,20260808_145501,ihawk1,45.0,4,3,3,1,0.009151272252624295,0.01465082943778768,25.470543086660065,0.0005752067942933224,0.2633737615078253,0.9457554850048793
r320x200,320,200,20260808_145501,ihawk1,50.0,0,3,0,0,nan,nan,nan,nan,nan,nan
r320x200,320,200,20260808_145501,ihawk1,50.0,1,3,0,0,nan,nan,nan,nan,nan,nan
r320x200,320,200,20260808_145501,ihawk1,50.0,2,3,3,1,0.7565727960920972,1.5168899176680715,34.31949578601312,0.04419907352736454,2.187498069407365,3.203868103256623
r320x200,320,200,20260808_145501,ihawk1,50.0,3,3,3,1,0.011928804568067556,0.019116623650593106,28.46812956615141,0.0006715096475225672,0.8887498159620081,1.9493620549478146
r320x200,320,200,20260808_145501,ihawk1,50.0,4,3,3,1,0.009544366968175124,0.01564955644349361,25.46908350702695,0.0006144530657797669,0.3923268015044648,1.0664290473594138
r320x200,320,200,20260808_145501,ihawk2,0.0,0,3,3,1,0.005814655671763284,0.019712319086837033,39.25145314523196,0.000502206097030361,0.2758680910389499,0.521915452060016
r320x200,320,200,20260808_145501,ihawk2,0.0,1,3,3,1,0.008874677637290395,0.01820281904795257,27.88290013421849,0.0006528309092788265,0.29324546749326047,0.5625310317435362
r320x200,320,200,20260808_145501,ihawk2,0.0,2,3,3,1,0.014451419490560256,0.02710069285719337,37.85007086119351,0.0007160011128269475,0.19487188528140534,0.512832030732066
r320x200,320,200,20260808_145501,ihawk2,0.0,3,3,3,1,0.014273820796269272,0.022292947503976153,26.749893004408968,0.0008333845485027469,0.3933431188171756,0.7851561285666472
r320x200,320,200,20260808_145501,ihawk2,0.0,4,3,3,1,0.008250472853325835,0.025735870675515974,30.899297350572546,0.0008328950132271893,0.31223282904321675,0.7919109552119524
r320x200,320,200,20260808_145501,ihawk2,5.0,0,3,3,1,0.015473400237403134,0.04498142951404522,39.280431259281826,0.0011451358366493562,0.2637209255017687,0.7681590720519436
r320x200,320,200,20260808_145501,ihawk2,5.0,1,3,3,1,0.01131625012670765,0.02470242906008756,27.861833945943452,0.0008866045612077921,0.23138327322892713,0.5102131320208351
r320x200,320,200,20260808_145501,ihawk2,5.0,2,3,3,1,0.008302517005102827,0.013896793154439329,38.20709163030944,0.0003637228734629749,0.4253086745918401,0.6697870506711681
r320x200,320,200,20260808_145501,ihawk2,5.0,3,3,3,1,0.013159190165921117,0.019770815337035223,27.244614819762695,0.000725677917189487,0.4893505405689062,0.6187094656022827
r320x200,320,200,20260808_145501,ihawk2,5.0,4,3,3,1,0.009223584944106794,0.016888773800140762,31.179302797171786,0.0005416661786828892,0.23423701436503253,0.567750562519357
r320x200,320,200,20260808_145501,ihawk2,10.0,0,3,3,1,0.007639855947844085,0.02153841270666472,40.00865400771336,0.0005383438468715364,0.8863192042363885,1.4518647784476781
r320x200,320,200,20260808_145501,ihawk2,10.0,1,3,3,1,0.009152694091555641,0.022772702822222712,28.076472456421488,0.0008110955839473442,0.28607130887400345,0.5456526320493933
r320x200,320,200,20260808_145501,ihawk2,10.0,2,3,3,1,0.012384252502929604,0.022801013112820373,38.13109654400166,0.0005979637403427142,0.23271415831308434,0.531537056207932
r320x200,320,200,20260808_145501,ihawk2,10.0,3,3,3,1,0.012338549180422377,0.02279133063405116,27.306519110953047,0.0008346479659836696,0.4620857142876973,0.7824051276058194
r320x200,320,200,20260808_145501,ihawk2,10.0,4,3,3,1,0.004990268189991057,0.01195660250697967,31.28930603761782,0.00038213063890278517,0.28099594504716435,0.6245676254975978
r320x200,320,200,20260808_145501,ihawk2,15.0,0,3,3,1,0.0048848978861094966,0.012217556336646946,39.48862163768722,0.00030939434778819256,0.39885272839412644,0.7110113355542234
r320x200,320,200,20260808_145501,ihawk2,15.0,1,3,3,1,0.014097373270577257,0.020418572781871584,28.175518389920775,0.0007246920003138582,0.2800801694173064,0.6510544508980196
r320x200,320,200,20260808_145501,ihawk2,15.0,2,3,3,1,0.015225648707231483,0.021816628636268615,38.412520631007744,0.0005679561840223933,0.30394625670106584,0.6132523135401913
r320x200,320,200,20260808_145501,ihawk2,15.0,3,3,3,1,0.025347826736355026,0.04808546536627274,26.987508138972046,0.0017817675169807033,0.5637880107947403,0.9255033045124291
r320x200,320,200,20260808_145501,ihawk2,15.0,4,3,3,1,0.002949366000936592,0.018845312162729156,31.193147934854437,0.000604149097169891,0.24834138329827876,0.7924428329768018
r320x200,320,200,20260808_145501,ihawk2,20.0,0,3,3,1,0.01653898698438721,0.021324313153144148,39.59511367569567,0.0005385592103056259,0.43205914528643247,0.8597735182990931
r320x200,320,200,20260808_145501,ihawk2,20.0,1,3,3,1,0.006983465985095785,0.01382541068455887,28.13974882427099,0.0004913125120944303,0.267764326604408,0.5954894196985262
r320x200,320,200,20260808_145501,ihawk2,20.0,2,3,3,1,0.011113670923693636,0.019789097069105484,38.873618996098855,0.0005090623816396258,0.6620373523641279,1.0221383013628893
r320x200,320,200,20260808_145501,ihawk2,20.0,3,3,3,1,0.009213402200715757,0.018113241688731723,27.060524273477846,0.0006693603385387696,0.361523848621274,0.6406244954046874
r320x200,320,200,20260808_145501,ihawk2,20.0,4,3,3,1,0.006229675628474963,0.0167192405384112,31.24623664078301,0.0005350801355894815,0.1254262364943216,0.5846838223073053
r320x200,320,200,20260808_145501,ihawk2,25.0,0,3,3,1,0.00812739055460139,0.0209783635080628,40.004913591772294,0.0005243946711680278,1.6099155440799975,2.4428781751599247
r320x200,320,200,20260808_145501,ihawk2,25.0,1,3,3,1,0.4253577207809585,0.8542137701039437,27.49972095079074,0.031062634112997475,1.3066169642865793,2.2867567088907537
r320x200,320,200,20260808_145501,ihawk2,25.0,2,3,3,1,0.018640412527954342,0.032527069971950075,39.07604229646819,0.0008324044109986535,1.2787935359213238,2.002149636346683
r320x200,320,200,20260808_145501,ihawk2,25.0,3,3,3,1,0.014566088489730997,0.02474358227266171,26.590171888713755,0.0009305536788637371,1.2460932578645305,2.364051444851905
r320x200,320,200,20260808_145501,ihawk2,25.0,4,3,3,1,0.0038033907011048285,0.016305489920499034,31.24501685962524,0.0005218588933318504,0.15158372779836077,0.5893628334084617
r320x200,320,200,20260808_145501,ihawk2,30.0,0,3,3,1,0.023885812009301965,0.05349684284256448,41.01746244824467,0.0013042455493210028,1.9258302343903855,3.2593513434828334
r320x200,320,200,20260808_145501,ihawk2,30.0,1,3,3,1,0.012045799783368744,0.01579424226894034,28.587127520879854,0.0005524949037780842,0.7489605230585762,1.3552178034330615
r320x200,320,200,20260808_145501,ihawk2,30.0,2,3,3,1,0.015925005450900497,0.03414939718935025,40.693675583571675,0.0008391819293693048,2.004581340170433,3.0358637279165253
r320x200,320,200,20260808_145501,ihawk2,30.0,3,3,3,1,0.008890859958579588,0.01982175659576615,26.694519969195987,0.0007425402898662112,1.3820811148569103,2.255785673001102
r320x200,320,200,20260808_145501,ihawk2,30.0,4,3,3,1,0.021433280324381382,0.038446670222724744,31.447320992375964,0.001222573784013134,0.22810679528025174,0.5773947475787773
r320x200,320,200,20260808_145501,ihawk2,35.0,0,3,3,1,0.012850564437328543,0.02396172140186804,40.65958769395162,0.0005893252430946933,1.5480591225111022,2.533742066429362
r320x200,320,200,20260808_145501,ihawk2,35.0,1,3,0,0,nan,nan,nan,nan,nan,nan
r320x200,320,200,20260808_145501,ihawk2,35.0,2,3,3,1,0.01157357552291304,0.026006971532756336,39.797355843867145,0.0006534849107761531,1.7150921487246291,2.6317407764223537
r320x200,320,200,20260808_145501,ihawk2,35.0,3,3,3,1,0.015046789989988337,0.025142946169258377,28.154668616301514,0.0008930293768295552,1.781353021361835,2.336227032300889
r320x200,320,200,20260808_145501,ihawk2,35.0,4,3,3,1,0.00676081838317964,0.016269316873490258,31.136080986386162,0.0005225229495196843,0.18853312731278185,0.7621900329307285
r320x200,320,200,20260808_145501,ihawk2,40.0,0,3,3,1,0.04271632360161623,0.05399425205496649,40.54293026245436,0.001331779713637744,1.7220272861221757,2.940241310893792
r320x200,320,200,20260808_145501,ihawk2,40.0,1,3,3,1,0.006062185170452475,0.021380691184551697,28.76623984612661,0.0007432563761867757,0.5976582424913257,1.1319023768835166
r320x200,320,200,20260808_145501,ihawk2,40.0,2,3,3,1,0.027097428676091426,0.03912322635565136,39.25712209013039,0.0009965892626012773,1.5674634618970194,2.3423245516440767
r320x200,320,200,20260808_145501,ihawk2,40.0,3,3,1,0,nan,nan,nan,nan,1.6184947845580078,1.9609675384478868
r320x200,320,200,20260808_145501,ihawk2,40.0,4,3,3,1,0.005106364899173582,0.013895449024554805,31.1665692540875,0.0004458446777144846,0.06873898053790421,0.5916080281734564
r320x200,320,200,20260808_145501,ihawk2,45.0,0,3,3,1,0.0889116923105249,0.15438866559247594,41.03282121370211,0.0037625652106251196,2.1036860448908743,3.461110993520854
r320x200,320,200,20260808_145501,ihawk2,45.0,1,3,3,1,0.005471894506389532,0.017095817929511467,27.653911652581456,0.0006182061382233278,1.1392571227293058,2.307033917310853
r320x200,320,200,20260808_145501,ihawk2,45.0,2,3,3,1,0.012549848201702227,0.03468817806869904,40.86118779358034,0.0008489273058809334,2.3542039243133095,3.375004000717955
r320x200,320,200,20260808_145501,ihawk2,45.0,3,3,0,0,nan,nan,nan,nan,nan,nan
r320x200,320,200,20260808_145501,ihawk2,45.0,4,3,3,1,0.002786436675038051,0.009286427094518778,30.997411193334486,0.00029958718283272897,0.1168888498581204,0.7365866848688334
r320x200,320,200,20260808_145501,ihawk2,50.0,0,3,3,1,0.012073239294326719,0.026569309951126982,40.657151080070236,0.0006534965988837082,1.4805096835382419,2.2903888096116263
r320x200,320,200,20260808_145501,ihawk2,50.0,1,3,0,0,nan,nan,nan,nan,nan,nan
r320x200,320,200,20260808_145501,ihawk2,50.0,2,3,3,1,0.011558319806053435,0.018820973902973978,39.840331487623985,0.0004724100729136888,1.8319979739274421,2.959924196229526
r320x200,320,200,20260808_145501,ihawk2,50.0,3,3,3,1,0.004731397585895494,0.028227204059427642,27.875102472533612,0.0010126314006286064,1.0607583154298499,1.4205829968885717
r320x200,320,200,20260808_145501,ihawk2,50.0,4,3,3,1,0.007672772328725327,0.01848237967414387,31.349826422402494,0.0005895528550976734,0.17742178307313147,0.5573447465082274
r320x200,320,200,20260808_151001,ihawk1,0.0,0,3,3,1,0.012403299254391442,0.017829023528620275,22.69069423339006,0.0007857416500895029,0.5665361187836234,1.5464071203800585
r320x200,320,200,20260808_151001,ihawk1,0.0,1,3,0,0,nan,nan,nan,nan,nan,nan
r320x200,320,200,20260808_151001,ihawk1,0.0,2,3,3,1,0.009434957581196148,0.017131160564541722,33.25541379211019,0.0005151389987697603,0.2088853037771976,0.5203728870000425
r320x200,320,200,20260808_151001,ihawk1,0.0,3,3,3,1,0.004762855560636139,0.015237924510077975,28.233637133482752,0.0005397081657611538,0.04107230178928103,0.3202797110423857
r320x200,320,200,20260808_151001,ihawk1,0.0,4,3,3,1,0.004835294603208489,0.013269024018078479,25.294224447537164,0.0005245871066574824,0.07922504237174476,0.5863072415868439
r320x200,320,200,20260808_151001,ihawk1,5.0,0,3,0,0,nan,nan,nan,nan,nan,nan
r320x200,320,200,20260808_151001,ihawk1,5.0,1,3,2,0,0.019905415013634496,0.026463853777513893,20.565681225241974,0.001286796847995125,1.2171774697067166,2.0239672783721794
r320x200,320,200,20260808_151001,ihawk1,5.0,2,3,3,1,0.10233845792115903,0.19868081915244878,34.67911876513489,0.0057291196035867895,1.8626443166934175,2.652721755867101
r320x200,320,200,20260808_151001,ihawk1,5.0,3,3,3,1,0.010850452314430362,0.0281353690392271,28.900321224038684,0.0009735313604689171,0.7751128011053326,2.00226782920197
r320x200,320,200,20260808_151001,ihawk1,5.0,4,3,3,1,0.0122946340288021,0.02013498640764249,25.185643971069915,0.0007994628380664405,0.25881231775362645,0.7280483754108455
r320x200,320,200,20260808_151001,ihawk1,10.0,0,3,0,0,nan,nan,nan,nan,nan,nan
r320x200,320,200,20260808_151001,ihawk1,10.0,1,3,0,0,nan,nan,nan,nan,nan,nan
r320x200,320,200,20260808_151001,ihawk1,10.0,2,3,3,1,0.00492524938361448,0.019810360468659267,34.2212834633138,0.0005788900492261356,1.4885602855924973,1.9692502732009918
r320x200,320,200,20260808_151001,ihawk1,10.0,3,3,3,1,0.028714964961971047,0.059792538713470074,28.995809154559257,0.002062109679186807,1.1263640070706793,1.8527589967579987
r320x200,320,200,20260808_151001,ihawk1,10.0,4,3,3,1,0.012699194996099826,0.03926483442601321,25.387245496509827,0.0015466362599838269,0.48927449391686295,0.7817929740256575
r320x200,320,200,20260808_151001,ihawk1,15.0,0,3,0,0,nan,nan,nan,nan,nan,nan
r320x200,320,200,20260808_151001,ihawk1,15.0,1,3,3,1,0.010172716774741844,0.025147158213520003,21.02420001720801,0.001196105354445706,1.1584418105310021,1.7048863709058708
r320x200,320,200,20260808_151001,ihawk1,15.0,2,3,3,1,0.010013406499736583,0.022230526008890455,34.50671272886053,0.0006442377221953517,1.4282324140574019,2.010363495660757
r320x200,320,200,20260808_151001,ihawk1,15.0,3,3,3,1,0.04444745243421151,0.09707588329700004,28.921054663525965,0.003356581716206502,0.5957027052390269,1.0870966436913754
r320x200,320,200,20260808_151001,ihawk1,15.0,4,3,3,1,0.007434551049874003,0.010623572020235327,25.27321124793686,0.0004203491165414354,0.3061213690857303,0.7913977025109787
r320x200,320,200,20260808_151001,ihawk1,20.0,0,3,0,0,nan,nan,nan,nan,nan,nan
r320x200,320,200,20260808_151001,ihawk1,20.0,1,3,0,0,nan,nan,nan,nan,nan,nan
r320x200,320,200,20260808_151001,ihawk1,20.0,2,3,3,1,0.006524514788597908,0.01826044929339723,34.420456413796316,0.0005305115386581024,1.340456007520215,1.73826355650555
r320x200,320,200,20260808_151001,ihawk1,20.0,3,3,3,1,0.016610737813687958,0.03178521785652239,29.188564695708074,0.0010889613171419879,0.9608733374026747,1.548543155002769
r320x200,320,200,20260808_151001,ihawk1,20.0,4,3,3,1,0.004639900056080874,0.008366432679183536,25.353240059439646,0.00032999461447802224,0.3694550873892054,0.8859180360458083
r320x200,320,200,20260808_151001,ihawk1,25.0,0,3,3,1,0.011151017911949333,0.03354609561577545,23.158081095928154,0.0014485697444799864,0.9978683220192913,1.566505385031584
r320x200,320,200,20260808_151001,ihawk1,25.0,1,3,0,0,nan,nan,nan,nan,nan,nan
r320x200,320,200,20260808_151001,ihawk1,25.0,2,3,3,1,0.025667226513442783,0.05063510154041289,35.08648003554624,0.001443151364545953,2.3815118236718025,2.9908194785891378
r320x200,320,200,20260808_151001,ihawk1,25.0,3,3,3,1,0.004505622395467521,0.00701805144599857,28.046210632296507,0.00025023171714744804,0.688593592276178,1.8320619164760479
r320x200,320,200,20260808_151001,ihawk1,25.0,4,3,3,1,0.015637504417807077,0.024262159165935247,25.417704134901683,0.0009545377913428566,0.25517571202374645,0.8329914150519199
r320x200,320,200,20260808_151001,ihawk1,30.0,0,3,3,1,0.018129156904182608,0.027621408747973957,23.427457246151505,0.001179018638589615,1.4568533542111115,2.068265353430671
r320x200,320,200,20260808_151001,ihawk1,30.0,1,3,0,0,nan,nan,nan,nan,nan,nan
r320x200,320,200,20260808_151001,ihawk1,30.0,2,3,3,1,0.020696681097435148,0.035116734195905164,35.332096543122844,0.000993904625870281,1.9804365916957711,2.8811256654158024
r320x200,320,200,20260808_151001,ihawk1,30.0,3,3,3,1,0.007592374844666395,0.017622008045364044,27.713301037557954,0.0006358682432483281,1.6890900402471958,3.0440534056597213
r320x200,320,200,20260808_151001,ihawk1,30.0,4,3,3,1,0.011046209913244742,0.017993622159654655,25.163302216343293,0.0007150739598862343,0.2751120115060359,0.9519404748769064
r320x200,320,200,20260808_151001,ihawk1,35.0,0,3,3,1,0.009519060483880888,0.02631918463143449,23.507869703745406,0.0011195903739096005,1.6730787291920661,2.2111249078185464
r320x200,320,200,20260808_151001,ihawk1,35.0,1,3,3,1,0.01666251459283429,0.03054504027802636,22.363564049133153,0.001365839550928392,1.9061010526319009,2.9217144131238433
r320x200,320,200,20260808_151001,ihawk1,35.0,2,3,3,1,0.011067862603103473,0.03574211517817691,36.063590367008544,0.000991085879537781,1.7607132009904047,3.3524994907549446
r320x200,320,200,20260808_151001,ihawk1,35.0,3,3,3,1,0.014423193184036415,0.02665629025065936,28.528174890863415,0.0009343847039859688,1.391961540005023,1.829465408833371
r320x200,320,200,20260808_151001,ihawk1,35.0,4,3,3,1,0.00562548709189092,0.023602900412215896,25.207884848132977,0.0009363300631692645,0.3832981109526126,1.0701212240573088
r320x200,320,200,20260808_151001,ihawk1,40.0,0,3,0,0,nan,nan,nan,nan,nan,nan
r320x200,320,200,20260808_151001,ihawk1,40.0,1,3,0,0,nan,nan,nan,nan,nan,nan
r320x200,320,200,20260808_151001,ihawk1,40.0,2,3,3,1,0.018620217758585297,0.0343221691939718,35.46886380885029,0.0009676703877220797,1.9149495935798804,2.8897509885837844
r320x200,320,200,20260808_151001,ihawk1,40.0,3,3,3,1,0.012672252578587267,0.0176537851659282,27.903116076649855,0.0006326814939748397,1.1395219162219121,1.8332812370206097
r320x200,320,200,20260808_151001,ihawk1,40.0,4,3,3,1,0.016125050274161327,0.027603208927118268,25.74425933579211,0.0010722083151462692,0.19901710039003942,0.6778462208437538
r320x200,320,200,20260808_151001,ihawk1,45.0,0,3,0,0,nan,nan,nan,nan,nan,nan
r320x200,320,200,20260808_151001,ihawk1,45.0,1,3,3,1,0.004937828910947686,0.011702550623416687,22.571026404112928,0.0005184766706614738,2.045277844087189,3.1349590703623154
r320x200,320,200,20260808_151001,ihawk1,45.0,2,3,3,1,0.04524639340646474,0.11087795196233641,34.734251058497435,0.0031921791483455943,2.883068652432451,4.340439807340364
r320x200,320,200,20260808_151001,ihawk1,45.0,3,3,3,1,0.005758713398198193,0.012357248986904545,28.261983225190093,0.00043723927257484347,1.1409693577472866,2.0492218575680594
r320x200,320,200,20260808_151001,ihawk1,45.0,4,3,3,1,0.008232170712106534,0.01950313909461927,25.770787482864765,0.0007567925158510227,0.48140845222043044,0.9072218843574037
r320x200,320,200,20260808_151001,ihawk1,50.0,0,3,0,0,nan,nan,nan,nan,nan,nan
r320x200,320,200,20260808_151001,ihawk1,50.0,1,3,3,1,0.004487735490432367,0.016545882537029027,21.889504486140286,0.0007558820048898474,1.9885973957900225,2.7521648660032842
r320x200,320,200,20260808_151001,ihawk1,50.0,2,3,3,1,0.013138851135438868,0.04042105672203282,35.56953611484715,0.0011363953859707657,2.254896331407284,3.025131413112297
r320x200,320,200,20260808_151001,ihawk1,50.0,3,3,3,1,0.011026411902026812,0.023590150673757915,28.420873921566965,0.0008300290391794288,0.8931169349596241,1.6792725790434804
r320x200,320,200,20260808_151001,ihawk1,50.0,4,3,3,1,0.005626868264540699,0.01359059092017496,25.37396978384026,0.0005356115355993805,0.31095910621010914,1.0840260266236188
r320x200,320,200,20260808_151001,ihawk2,0.0,0,3,3,1,0.010325728243137319,0.023135125240305757,39.26657459458167,0.0005891811414458886,0.3570090764170151,0.6952189454299816
r320x200,320,200,20260808_151001,ihawk2,0.0,1,3,3,1,0.011198090298502295,0.02176946004083225,27.83745836532694,0.0007820203897618503,0.28673072778736547,0.6665798921640039
r320x200,320,200,20260808_151001,ihawk2,0.0,2,3,3,1,0.010115106653814538,0.028197615572016235,37.694845829090305,0.0007480496325642283,0.09702612867456092,0.5141303562338859
r320x200,320,200,20260808_151001,ihawk2,0.0,3,3,3,1,0.01296720238356852,0.03585860592532892,26.68611465351779,0.0013437177495076826,0.531889207745336,0.9001863998169268
r320x200,320,200,20260808_151001,ihawk2,0.0,4,3,3,1,0.008485847203936307,0.021969148567811295,31.08701682532552,0.0007066985131205574,0.21174629952537036,0.6279450499226054
r320x200,320,200,20260808_151001,ihawk2,5.0,0,3,3,1,0.01619402636188456,0.03393689064487871,39.55684076402096,0.0008579272254660465,0.9241899155390877,1.3865689920224629
r320x200,320,200,20260808_151001,ihawk2,5.0,1,3,3,1,0.01970323827209134,0.02940237577629561,27.785785102179815,0.0010581804929452568,0.30985625577675974,0.5566058198709424
r320x200,320,200,20260808_151001,ihawk2,5.0,2,3,3,1,0.006422854723014543,0.018458518720159425,38.657094065671885,0.00047749369595142133,0.5272718015129341,0.8058956699095925
r320x200,320,200,20260808_151001,ihawk2,5.0,3,3,3,1,0.005418405330211502,0.028018322377753504,27.018035783499705,0.0010370229206249214,0.35072299483435815,0.6058041068757335
r320x200,320,200,20260808_151001,ihawk2,5.0,4,3,3,1,0.012744689858928546,0.022623939192695154,30.93752951091468,0.0007312781450346088,0.1487430678946704,0.7601440925522779
r320x200,320,200,20260808_151001,ihawk2,10.0,0,3,2,0,0.006507441963652765,0.01579211228731744,39.21957780837394,0.00040265890582701785,0.639768581658636,0.8650710652184644
r320x200,320,200,20260808_151001,ihawk2,10.0,1,3,0,0,nan,nan,nan,nan,nan,nan
r320x200,320,200,20260808_151001,ihawk2,10.0,2,3,3,1,0.00518697591640364,0.012281097778803823,38.323389558046955,0.0003204595919210674,0.2684211817426754,0.5533172967534369
r320x200,320,200,20260808_151001,ihawk2,10.0,3,3,3,1,0.010588542361438476,0.020149173019899155,27.234368573774436,0.0007398435901062884,0.52961879097953,0.7028442212937656
r320x200,320,200,20260808_151001,ihawk2,10.0,4,3,3,1,0.004412034873883159,0.013044950878876848,31.201197978481943,0.0004180913466166703,0.05474320250687312,0.6363345717530332
r320x200,320,200,20260808_151001,ihawk2,15.0,0,3,3,1,0.014598439796866404,0.026797840874027184,39.10763054635308,0.0006852330478642659,0.41926134085454475,0.8737684771410681
r320x200,320,200,20260808_151001,ihawk2,15.0,1,3,3,1,0.018270966702158522,0.023712264030326217,28.37850395080851,0.0008355713208641729,0.2619669702895272,0.5663665017617745
r320x200,320,200,20260808_151001,ihawk2,15.0,2,3,3,1,0.010433264512659912,0.023224989755364408,38.25916707089545,0.0006070437893310056,0.12921819570048002,0.4818149865651546
r320x200,320,200,20260808_151001,ihawk2,15.0,3,3,3,1,0.020374589856174127,0.03486859912218353,27.003823677467217,0.00129124673374604,0.4907685901840968,0.8059879581020847
r320x200,320,200,20260808_151001,ihawk2,15.0,4,3,3,1,0.007379983610053443,0.015289100210725598,31.107489077398007,0.0004914925847176239,0.15932386416664607,0.6001270085645236
r320x200,320,200,20260808_151001,ihawk2,20.0,0,3,3,1,0.008989168605319217,0.04688052152084161,39.51783408423973,0.001186313030742194,0.38157825263268147,0.7603284222238454
r320x200,320,200,20260808_151001,ihawk2,20.0,1,3,3,1,0.010586404028153484,0.03131096492674356,27.958750909103387,0.0011198985615823306,0.29264492819799043,0.5343040695471601
r320x200,320,200,20260808_151001,ihawk2,20.0,2,3,3,1,0.019383061361037148,0.04332040951363185,38.78973010908331,0.0011168010035596406,0.4545822184529567,0.6925504601534372
r320x200,320,200,20260808_151001,ihawk2,20.0,3,3,1,0,nan,nan,nan,nan,0.4336614568822601,0.59762846896368
r320x200,320,200,20260808_151001,ihawk2,20.0,4,3,3,1,0.004591216677860026,0.029210685291603197,31.165746270872212,0.0009372689181809763,0.2262132551312148,0.7013616263629354
r320x200,320,200,20260808_151001,ihawk2,25.0,0,3,3,1,0.021444620378056466,0.030732577934013017,40.412021688929215,0.0007604810808668882,1.0972437152896461,1.8084772196963912
r320x200,320,200,20260808_151001,ihawk2,25.0,1,3,3,1,0.4462849357323986,0.898838705492661,27.73794490523325,0.0324046611442753,0.5337722239882363,1.6887517352566737
r320x200,320,200,20260808_151001,ihawk2,25.0,2,3,3,1,0.007120882669165035,0.022080859099639177,38.88050802819426,0.0005679159100397353,1.383695132487256,2.1625676539517515
r320x200,320,200,20260808_151001,ihawk2,25.0,3,3,3,1,0.010552823871062659,0.029198368129935426,26.750671466389512,0.0010915003822098929,1.164765038213893,2.3761689717929633
r320x200,320,200,20260808_151001,ihawk2,25.0,4,3,3,1,0.0030905337014141966,0.008544906737299029,31.365992671068234,0.0002724258347857356,0.16381367088294294,0.5870500625588565
r320x200,320,200,20260808_151001,ihawk2,30.0,0,3,3,1,0.007029265179529808,0.02819968114853879,41.337182797358814,0.0006821868168127938,1.864525088921979,2.9484826323287137
r320x200,320,200,20260808_151001,ihawk2,30.0,1,3,3,1,0.010393408860616855,0.017573136266354004,28.698974827644932,0.0006123262719972243,0.7197393386159266,1.9061785533185003
r320x200,320,200,20260808_151001,ihawk2,30.0,2,3,3,1,0.024118499341773042,0.04336614784978737,40.50125326204187,0.0010707359490633468,1.993243160835283,2.894073354187617
r320x200,320,200,20260808_151001,ihawk2,30.0,3,3,0,0,nan,nan,nan,nan,nan,nan
r320x200,320,200,20260808_151001,ihawk2,30.0,4,3,3,1,0.018438522145302436,0.030848038880875627,31.192487635562465,0.000988957316944028,0.24839198669601134,0.7441011558225511
r320x200,320,200,20260808_151001,ihawk2,35.0,0,3,3,1,0.013348098578855024,0.021051494563297544,41.36274138306614,0.0005089482432592343,2.2277480237090534,3.539311813845541
r320x200,320,200,20260808_151001,ihawk2,35.0,1,3,3,1,0.017875317627800143,0.030898589665871053,27.843956174547458,0.0011097054410003661,0.44732201684167633,1.6321123485363545
r320x200,320,200,20260808_151001,ihawk2,35.0,2,3,3,1,0.01298483252650093,0.02395962140691166,39.16770827395112,0.000611718746456408,1.5395312470601172,2.6767247250852497
r320x200,320,200,20260808_151001,ihawk2,35.0,3,3,3,1,0.012161029391855331,0.03325858502034296,27.09224228801968,0.0012276054771239832,1.3214128359680124,1.9722294743831623
r320x200,320,200,20260808_151001,ihawk2,35.0,4,3,3,1,0.01208815013449212,0.021091371910436935,31.260167639622715,0.000674704376303578,0.13356112986789215,0.6595678812967191
r320x200,320,200,20260808_151001,ihawk2,40.0,0,3,3,1,0.04697135029531779,0.08962584767357971,41.75466348055299,0.0021464871274875074,1.972541996655738,2.958802917543828
r320x200,320,200,20260808_151001,ihawk2,40.0,1,3,3,1,0.01404235102412426,0.026764364515485816,28.288118590580375,0.000946134485041294,1.0915183087236127,2.0420741119990105
r320x200,320,200,20260808_151001,ihawk2,40.0,2,3,3,1,0.06316883452620031,0.12523369232247353,39.248822699625165,0.003190763026980413,1.5854700557690828,2.47789317411433
r320x200,320,200,20260808_151001,ihawk2,40.0,3,3,3,1,0.019601227567144074,0.029710139720787464,30.33163705699033,0.0009795099309992687,2.603607317742234,3.5592842227463635
r320x200,320,200,20260808_151001,ihawk2,40.0,4,3,3,1,0.011343697325864713,0.02668453300700712,31.65982387467308,0.0008428515936361211,0.025895716048069943,0.5669437620355209
r320x200,320,200,20260808_151001,ihawk2,45.0,0,3,3,1,0.02883646777425666,0.06780161176938303,41.52707636491908,0.0016327085290950062,1.2018054011153443,1.8096161080218922
r320x200,320,200,20260808_151001,ihawk2,45.0,1,3,3,1,0.03423769981533496,0.06767310326745504,28.084060466617295,0.0024096623544838216,1.1024029480860935,1.9173015876260564
r320x200,320,200,20260808_151001,ihawk2,45.0,2,3,3,1,0.012676854755932878,0.023294211736369204,38.681265646067324,0.0006022091404534355,0.8403641023007472,1.6952147896522343
r320x200,320,200,20260808_151001,ihawk2,45.0,3,3,3,1,0.011447265326263762,0.019457281966786224,28.201462121026438,0.00068993876570248,1.1697735120200365,1.4448304804269507
r320x200,320,200,20260808_151001,ihawk2,45.0,4,3,3,1,0.007117881189642654,0.020166139394458823,31.63405487352199,0.0006374819628747017,0.25771363961139765,0.4794813582698875
r320x200,320,200,20260808_151001,ihawk2,50.0,0,3,3,1,0.014152294590024614,0.028152663618735113,40.510243662452,0.0006949517226634003,0.39448010840825354,0.951269430500339
r320x200,320,200,20260808_151001,ihawk2,50.0,1,3,3,1,0.016602621227831436,0.023831984853540423,28.206503661849705,0.0008449109871697437,1.221762538178346,2.114849795128232
r320x200,320,200,20260808_151001,ihawk2,50.0,2,3,3,1,0.009006734968206776,0.020609287964642946,38.62031505866456,0.0005336385250440675,0.9214291199564163,1.6205000008345019
r320x200,320,200,20260808_151001,ihawk2,50.0,3,3,0,0,nan,nan,nan,nan,nan,nan
r320x200,320,200,20260808_151001,ihawk2,50.0,4,3,3,1,0.002580771059670755,0.01065937304373573,31.67380509745155,0.00033653591701217404,0.23444724211339982,0.5963294715258932
r320x200,320,200,20260808_162715,ihawk1,0.0,0,3,3,1,0.04443536980919731,0.08588786223897846,22.826117063736824,0.0037627013827693876,0.4909956981713658,1.4870307376191394
r320x200,320,200,20260808_162715,ihawk1,0.0,1,3,0,0,nan,nan,nan,nan,nan,nan
r320x200,320,200,20260808_162715,ihawk1,0.0,2,3,3,1,0.006142770839660681,0.013373101963936117,33.23110745681076,0.0004024272131561261,0.2215030493939171,0.5486641236642666
r320x200,320,200,20260808_162715,ihawk1,0.0,3,3,3,1,0.040733209705726206,0.0689368449047768,29.052301007472522,0.002372853182508525,0.4396381281646663,0.966048945760878
r320x200,320,200,20260808_162715,ihawk1,0.0,4,3,3,1,0.008395284461587587,0.017825214949018207,25.317528355671705,0.0007040661591685332,0.23191431115956185,0.7151177152800345
r320x200,320,200,20260808_162715,ihawk1,5.0,0,3,0,0,nan,nan,nan,nan,nan,nan
r320x200,320,200,20260808_162715,ihawk1,5.0,1,3,0,0,nan,nan,nan,nan,nan,nan
r320x200,320,200,20260808_162715,ihawk1,5.0,2,3,3,1,0.012321614676990876,0.023310037669591038,32.606850957205324,0.0007148815965143081,1.084640437243242,2.0088514966562596
r320x200,320,200,20260808_162715,ihawk1,5.0,3,3,3,1,0.07884886868797013,0.17513525065120158,28.77018940499412,0.006087386085153838,1.0567628386679608,3.1874992248564746
r320x200,320,200,20260808_162715,ihawk1,5.0,4,3,3,1,0.010488296910976143,0.023605697926222732,25.03051906668284,0.0009430766442891457,0.17765003263273782,0.8139272400022391
r320x200,320,200,20260808_162715,ihawk1,10.0,0,3,0,0,nan,nan,nan,nan,nan,nan
r320x200,320,200,20260808_162715,ihawk1,10.0,1,3,0,0,nan,nan,nan,nan,nan,nan
r320x200,320,200,20260808_162715,ihawk1,10.0,2,3,3,1,0.005771315210527246,0.009469261303908016,32.35478785117665,0.000292669553188359,1.3791706397431658,2.443223114887308
r320x200,320,200,20260808_162715,ihawk1,10.0,3,3,3,1,0.008790887058984918,0.02060691004599268,28.07578538656641,0.0007339744823613232,1.206937965512007,1.841079300715722
r320x200,320,200,20260808_162715,ihawk1,10.0,4,3,3,1,0.016753220431025718,0.021857324848007606,25.31376103689398,0.0008634562369515643,0.14439825958277008,0.5892850606934498
r320x200,320,200,20260808_162715,ihawk1,15.0,0,3,3,1,0.01453773592829261,0.03464706593675127,23.077812434684716,0.00150131499832621,1.8592054652036893,2.5298825425668254
r320x200,320,200,20260808_162715,ihawk1,15.0,1,3,3,1,0.09148159433254413,0.16039508004851027,22.179618391074587,0.0072316429083854605,2.0813399957126055,2.9361106509606074
r320x200,320,200,20260808_162715,ihawk1,15.0,2,3,3,1,0.03135770521620363,0.058983553897540356,34.131528727738896,0.0017281251703678913,1.8255845146555247,3.098677904766927
r320x200,320,200,20260808_162715,ihawk1,15.0,3,3,3,1,0.016349143037463335,0.02555524511515134,30.097025016735977,0.000849095387366057,1.4211157488391595,2.1517995838346566
r320x200,320,200,20260808_162715,ihawk1,15.0,4,3,3,1,0.006928650837686064,0.01160993320629976,25.343915435555033,0.00045809548393663593,0.23678592271850044,0.7069976957816377
r320x200,320,200,20260808_162715,ihawk1,20.0,0,3,3,1,0.011139974297078786,0.017117182874226745,23.888441293680724,0.0007165466622033142,1.6643295759749177,2.2518359309606013
r320x200,320,200,20260808_162715,ihawk1,20.0,1,3,3,1,0.007441973912441065,0.02991758067847584,22.391466264179666,0.0013361153006016375,1.6746717392110888,2.671800184742648
r320x200,320,200,20260808_162715,ihawk1,20.0,2,3,3,1,0.011574908784949094,0.0259599924818273,34.87296009525314,0.0007444160865874113,2.032759549190308,2.857136444574776
r320x200,320,200,20260808_162715,ihawk1,20.0,3,3,3,1,0.016410901037801122,0.035232092368612036,29.978406240139904,0.0011752490137863852,1.60018050258349,2.3331926707659516
r320x200,320,200,20260808_162715,ihawk1,20.0,4,3,3,1,0.0070496915095918265,0.017139158546901685,25.21695307061681,0.0006796680986360918,0.14741209806018607,0.6718392790177657
r320x200,320,200,20260808_162715,ihawk1,25.0,0,3,2,0,0.0024118821294300727,0.017545183677799808,23.90894694165641,0.0007338333938593901,1.7581781065264774,2.6350284713025367
r320x200,320,200,20260808_162715,ihawk1,25.0,1,3,0,0,nan,nan,nan,nan,nan,nan
r320x200,320,200,20260808_162715,ihawk1,25.0,2,3,3,1,0.023962942985213315,0.03148195653681769,33.99812337946953,0.000925991007957478,1.9332325632943317,2.9965305448263995
r320x200,320,200,20260808_162715,ihawk1,25.0,3,3,3,1,0.32037023041171514,0.6429320416637979,30.089372289961755,0.021367412901408023,2.497573814215782,3.300758982343799
r320x200,320,200,20260808_162715,ihawk1,25.0,4,3,3,1,0.005939484323142075,0.010269666977220005,24.966272492041902,0.0004113416201995513,0.1841994218077004,0.7954561787419936
r320x200,320,200,20260808_162715,ihawk1,30.0,0,3,0,0,nan,nan,nan,nan,nan,nan
r320x200,320,200,20260808_162715,ihawk1,30.0,1,3,3,1,0.02279096910697486,0.03651771754196353,21.781781172770785,0.0016765257741003297,1.7360937450796328,2.5291653174997473
r320x200,320,200,20260808_162715,ihawk1,30.0,2,3,3,1,0.02926478372302282,0.0474165101720217,35.88403736380002,0.0013213816965828849,2.214551420752523,3.552669768089399
r320x200,320,200,20260808_162715,ihawk1,30.0,3,3,3,1,0.7129039595978399,1.4331365581909785,27.78459838987671,0.05158025097505604,1.7519918333869238,3.554755055663637
r320x200,320,200,20260808_162715,ihawk1,30.0,4,3,3,1,0.005719922554800189,0.023455732481497325,25.377021765543503,0.0009242901983614613,0.2375404402005674,0.646278227830267
r320x200,320,200,20260808_162715,ihawk1,35.0,0,3,0,0,nan,nan,nan,nan,nan,nan
r320x200,320,200,20260808_162715,ihawk1,35.0,1,3,3,1,0.08926018420005534,0.16649319283954656,21.798537704309652,0.007637814751520247,1.7735514861377246,2.5942141986067826
r320x200,320,200,20260808_162715,ihawk1,35.0,2,3,3,1,0.021568590853458396,0.03401486072622072,35.02976647019463,0.0009710273334297718,1.7327307010868702,2.399357160276618
r320x200,320,200,20260808_162715,ihawk1,35.0,3,3,3,1,0.5971669500631346,1.1991108944335434,29.226823062754804,0.041027753576187695,0.7910432902696358,2.6480058534600355
r320x200,320,200,20260808_162715,ihawk1,35.0,4,3,0,0,nan,nan,nan,nan,nan,nan
r320x200,320,200,20260808_162715,ihawk1,40.0,0,3,0,0,nan,nan,nan,nan,nan,nan
r320x200,320,200,20260808_162715,ihawk1,40.0,1,3,0,0,nan,nan,nan,nan,nan,nan
r320x200,320,200,20260808_162715,ihawk1,40.0,2,3,3,1,0.010597740120123707,0.031692107758360094,35.26354115257527,0.000898721646281563,1.8708041783855955,2.4321100161591778
r320x200,320,200,20260808_162715,ihawk1,40.0,3,3,3,1,0.014541527128556338,0.023790868734692276,30.297385445199502,0.00078524494391518,1.778445043675751,2.317504101035524
r320x200,320,200,20260808_162715,ihawk1,40.0,4,3,3,1,0.007261829312293793,0.017747116015526372,25.461896831685486,0.0006970068307495997,0.31782229497312064,0.9526626316620007
r320x200,320,200,20260808_162715,ihawk1,45.0,0,3,0,0,nan,nan,nan,nan,nan,nan
r320x200,320,200,20260808_162715,ihawk1,45.0,1,3,3,1,0.007880184452792737,0.015207470532986819,22.512396346495436,0.0006755154048873258,1.380820516102936,2.0954606643044684
r320x200,320,200,20260808_162715,ihawk1,45.0,2,3,3,1,0.14705472184967774,0.2904049557685941,35.16722990361383,0.008257828568372731,1.6537507021610662,2.4948139011947523
r320x200,320,200,20260808_162715,ihawk1,45.0,3,3,3,1,0.04016397895924929,0.08488675221408817,30.78915285466882,0.0027570343560529655,2.199123225040633,2.913419895730419
r320x200,320,200,20260808_162715,ihawk1,45.0,4,3,3,1,0.010598739548101614,0.021532164810782385,25.625866219800855,0.0008402511987729294,0.18754193850845483,0.7254348958832519
r320x200,320,200,20260808_162715,ihawk1,50.0,0,3,3,1,0.017048658213552507,0.03808444175065383,24.10689283830687,0.0015798154497180176,1.7793994102603288,2.6723683045783697
r320x200,320,200,20260808_162715,ihawk1,50.0,1,3,3,1,0.02560741331490296,0.04977084471702911,21.75177453384164,0.0022881280163875874,1.220182515183958,1.6720425180863345
r320x200,320,200,20260808_162715,ihawk1,50.0,2,3,3,1,0.019693170022504477,0.030868908660927865,35.220268137508334,0.0008764529713518442,1.8364858504973651,2.527309945833372
r320x200,320,200,20260808_162715,ihawk1,50.0,3,3,3,1,0.9783625908756567,1.7685255777876434,29.19541908622784,0.06057544755786356,1.1615638833133075,1.570039253112626
r320x200,320,200,20260808_162715,ihawk1,50.0,4,3,3,1,0.008118343604653439,0.018106854183563514,25.506018703025102,0.0007099051558923219,0.4228209350651874,1.1282162668141658
r320x200,320,200,20260808_162715,ihawk2,0.0,0,3,3,1,0.011166510086455972,0.019562236061510255,39.443604209624205,0.0004959545775164504,0.3998243719814843,0.678651503449452
r320x200,320,200,20260808_162715,ihawk2,0.0,1,3,3,1,0.01427496494997653,0.02047514458053968,27.81884994440663,0.0007360169317371976,0.24695171602665417,0.6382258462983028
r320x200,320,200,20260808_162715,ihawk2,0.0,2,3,3,1,0.008118869977287163,0.025478180491219374,37.75395229959376,0.0006748480341618041,0.13227340142108637,0.49456212406333677
r320x200,320,200,20260808_162715,ihawk2,0.0,3,3,3,1,0.02117855304339358,0.037338780978556856,27.00675425071445,0.001382571953368631,0.3489370999133932,0.5509459168228832
r320x200,320,200,20260808_162715,ihawk2,0.0,4,3,3,1,0.01746091056336163,0.03424854306365341,30.97927546477344,0.0011055307959864154,0.2867796750004111,0.5983907142364624
r320x200,320,200,20260808_162715,ihawk2,5.0,0,3,3,1,0.007563841960202857,0.022909593811477398,40.45740922241045,0.0005662644803955256,1.576601868549124,2.5557970571018007
r320x200,320,200,20260808_162715,ihawk2,5.0,1,3,3,1,0.007242065425929551,0.014822048537417391,28.882777399054035,0.0005131794748348143,0.6579974269982385,1.4486996132644394
r320x200,320,200,20260808_162715,ihawk2,5.0,2,3,3,1,0.007548190832002157,0.023976020227628646,38.67518690273178,0.0006199328858559472,1.0010238690362625,1.752445007635664
r320x200,320,200,20260808_162715,ihawk2,5.0,3,3,3,1,0.009899970338051954,0.03524569917523949,26.960587078381295,0.0013073045877217459,1.2513119010486597,2.145169017855117
r320x200,320,200,20260808_162715,ihawk2,5.0,4,3,3,1,0.010371534481250576,0.019437145981983865,31.04517993486204,0.0006260922314757472,0.9359097797591142,1.6761888951470019
r320x200,320,200,20260808_162715,ihawk2,10.0,0,3,3,1,0.004818802397345751,0.027669828072714855,39.74995609055969,0.0006960970726527727,0.7854504376721917,2.4729941194917444
r320x200,320,200,20260808_162715,ihawk2,10.0,1,3,3,1,0.018596891178827832,0.03742879804068689,28.53347181080693,0.0013117505745133648,0.8294805752409814,1.4820888112580057
r320x200,320,200,20260808_162715,ihawk2,10.0,2,3,3,1,0.017300751518093238,0.03216227628205729,39.706395142008915,0.0008100024232124253,1.9239210898126402,2.9891818245498674
r320x200,320,200,20260808_162715,ihawk2,10.0,3,3,3,1,0.010827650080694943,0.026408937057771538,26.907646836318232,0.0009814658717062703,1.2267824194127916,2.13429361566054
r320x200,320,200,20260808_162715,ihawk2,10.0,4,3,3,1,0.007107900164067243,0.016782232550980464,31.019465952428472,0.0005410226138876065,0.27224171368358635,0.49968812364200266
r320x200,320,200,20260808_162715,ihawk2,15.0,0,3,3,1,0.10044118191655536,0.19505611808173837,39.439122230628,0.004945752010937502,1.0564089318783625,1.840359807532315
r320x200,320,200,20260808_162715,ihawk2,15.0,1,3,3,1,0.0030142814222793297,0.012819960501493788,28.367794693895448,0.00045191953198436515,0.8472772338339496,1.842556518660917
r320x200,320,200,20260808_162715,ihawk2,15.0,2,3,3,1,0.003767595903367734,0.024693676535369632,39.46087002779217,0.0006257762821239864,1.693450664649414,2.7712435490444975
r320x200,320,200,20260808_162715,ihawk2,15.0,3,3,3,1,0.01282352282784051,0.026770521687745113,26.88521551002292,0.0009957339444708914,1.0797227656518342,2.0561804677495625
r320x200,320,200,20260808_162715,ihawk2,15.0,4,3,3,1,0.0058017441866898625,0.011627813563752127,30.98409208202198,0.00037528334001108197,0.15229117918476018,0.5516778124142855
r320x200,320,200,20260808_162715,ihawk2,20.0,0,3,3,1,0.022008637046774197,0.037115787870817235,40.714934828452854,0.0009116013086401792,1.7778338135605856,2.730368443538476
r320x200,320,200,20260808_162715,ihawk2,20.0,1,3,3,1,0.011124996592479697,0.025514180537163426,27.806717870941156,0.0009175545512268637,0.6769065454497176,1.5424537785818107
r320x200,320,200,20260808_162715,ihawk2,20.0,2,3,3,1,0.01751569121326806,0.0391660001278276,39.60547882649623,0.0009889035882991366,1.7776824895776313,2.6403950251703234
r320x200,320,200,20260808_162715,ihawk2,20.0,3,3,3,1,0.011983446163623747,0.02453084934130831,26.676151330434962,0.0009195797788611633,1.2653753426845749,2.3330642544718025
r320x200,320,200,20260808_162715,ihawk2,20.0,4,3,3,1,0.0027459673723575803,0.01983175630303522,30.939094189232804,0.0006409934363862832,0.16217429461868124,0.6288064341012592
r320x200,320,200,20260808_162715,ihawk2,25.0,0,3,3,1,0.019293044866350292,0.02715095866417347,39.8097130557708,0.0006820184467578742,0.907179764781741,1.7521117826891552
r320x200,320,200,20260808_162715,ihawk2,25.0,1,3,3,1,0.019284138470811393,0.03295244831064235,27.616155631254657,0.0011932308301937698,1.3564342936741292,2.1938976095473945
r320x200,320,200,20260808_162715,ihawk2,25.0,2,3,3,1,0.007373362373748418,0.016700595727059914,39.207785802425235,0.000425951003997448,1.469642170672506,2.2882386408780495
r320x200,320,200,20260808_162715,ihawk2,25.0,3,3,3,1,0.006438343136524478,0.012354374781550187,27.104101672084198,0.00045581199963821506,0.6423708562882359,1.6330020724228935
r320x200,320,200,20260808_162715,ihawk2,25.0,4,3,3,1,0.009300636308443124,0.018690822848652786,31.16297313092408,0.000599776624975017,0.20747417431111637,0.6420896450376021
r320x200,320,200,20260808_162715,ihawk2,30.0,0,3,3,1,0.019620084154024862,0.04030107413228819,40.79932359768543,0.0009877878008392887,2.04482705804029,3.269150775126434
r320x200,320,200,20260808_162715,ihawk2,30.0,1,3,3,1,0.01565100406709916,0.024293392573406684,27.78463288701529,0.0008743463580099997,1.133952677797837,2.000995757590713
r320x200,320,200,20260808_162715,ihawk2,30.0,2,3,3,1,0.037308973531625406,0.06495305724068183,38.790757227194874,0.001674446746689066,0.9200630582049288,1.9940901778744722
r320x200,320,200,20260808_162715,ihawk2,30.0,3,3,0,0,nan,nan,nan,nan,nan,nan
r320x200,320,200,20260808_162715,ihawk2,30.0,4,3,3,1,0.015753122229698734,0.02616875651270419,31.1872222074061,0.0008390858390231957,0.33209410135662576,0.7080588619967322
r320x200,320,200,20260808_162715,ihawk2,35.0,0,3,3,1,0.00940633838022554,0.015813206455587453,39.702917520370136,0.00039828827308406914,0.27062387270484783,0.7281792110188391
r320x200,320,200,20260808_162715,ihawk2,35.0,1,3,3,1,0.004368787583364717,0.01153212924885026,27.980708148361924,0.000412145725108297,1.08086128619448,1.8702797404164835
r320x200,320,200,20260808_162715,ihawk2,35.0,2,3,3,1,0.017203445395303045,0.030259101645413018,38.084951086339714,0.0007945159645030064,0.35067295081152017,0.558184183048271
r320x200,320,200,20260808_162715,ihawk2,35.0,3,3,0,0,nan,nan,nan,nan,nan,nan
r320x200,320,200,20260808_162715,ihawk2,35.0,4,3,3,1,0.012560670445960279,0.02244294639269921,31.181748923298567,0.0007197462351423833,0.059338387852463856,0.5826088871973651
r320x200,320,200,20260808_162715,ihawk2,40.0,0,3,3,1,0.006890070067076648,0.030010058926780284,39.95682207015241,0.0007510622059504998,0.6931259113552929,1.0397304142411683
r320x200,320,200,20260808_162715,ihawk2,40.0,1,3,0,0,nan,nan,nan,nan,nan,nan
r320x200,320,200,20260808_162715,ihawk2,40.0,2,3,3,1,0.007976434582282272,0.01754595320271196,38.55119355698515,0.0004551338514792309,1.064044080346734,2.109504687110806
r320x200,320,200,20260808_162715,ihawk2,40.0,3,3,2,0,0.0027992607492852246,0.009844849763708006,27.86744507840139,0.0003532742142672504,0.8304960108978613,1.121290871320423
r320x200,320,200,20260808_162715,ihawk2,40.0,4,3,3,1,0.012286653456082515,0.023683214736132482,30.98362109045695,0.0007643785297718795,0.13891617987812435,0.6133663371310133
r320x200,320,200,20260808_162715,ihawk2,45.0,0,3,3,1,0.008899349793558433,0.019791949041656914,40.41475119712341,0.0004897209176204366,0.6784765199765509,1.0678905263771359
r320x200,320,200,20260808_162715,ihawk2,45.0,1,3,3,1,0.016452801640008154,0.02399839979516811,28.11142274011392,0.0008536885527648273,0.23813531469839488,0.664745741211243
r320x200,320,200,20260808_162715,ihawk2,45.0,2,3,3,1,0.009134284083832234,0.020566735817962624,38.58058936009438,0.0005330850606247014,0.4456780216715322,0.6980342610422398
r320x200,320,200,20260808_162715,ihawk2,45.0,3,3,3,1,0.00620904008846627,0.017276172763994846,27.591265127518973,0.0006261464519350343,0.9879469889406921,1.759725248459578
r320x200,320,200,20260808_162715,ihawk2,45.0,4,3,3,1,0.006769447307062551,0.02112955730537944,31.101517767044996,0.000679373831966754,0.2520216594032037,0.7253728854778854
r320x200,320,200,20260808_162715,ihawk2,50.0,0,3,3,1,0.010073595750898666,0.020590847436403933,40.228152762278526,0.0005118516765629798,0.5082852841067187,1.035166671735331
r320x200,320,200,20260808_162715,ihawk2,50.0,1,3,3,1,0.011664099772800363,0.030665627265497167,28.04004249439912,0.0010936369754654435,0.11785403638743695,0.4443522200116266
r320x200,320,200,20260808_162715,ihawk2,50.0,2,3,3,1,0.007914159066806835,0.01833975123060617,39.31351587482157,0.000466499900161611,1.067506970370276,1.5671537852891948
r320x200,320,200,20260808_162715,ihawk2,50.0,3,3,3,1,0.021194459457281455,0.03677987802305756,28.027277502411962,0.0013122886452275775,1.1418891212182625,2.105521628304336
r320x200,320,200,20260808_162715,ihawk2,50.0,4,3,3,1,0.006435551943252,0.013212120135187072,30.948882996664082,0.0004269013565565898,0.074085977966131,0.7614631665731595
r480x300,480,300,20260808_131913,ihawk1,0.0,0,3,3,1,0.12059411111575274,0.24832468721299572,22.515431904632962,0.011029088327721502,0.5985222185076252,1.1792748073327184
r480x300,480,300,20260808_131913,ihawk1,0.0,1,3,3,1,0.3805157122580825,0.7590601820222269,20.37038326815267,0.03726293079664102,0.620686405506495,1.0419345698651008
r480x300,480,300,20260808_131913,ihawk1,0.0,2,3,3,1,0.013874818998347254,0.0204242492923258,33.46481162804889,0.0006103201631413636,0.07412822334945872,0.10310256352998672
r480x300,480,300,20260808_131913,ihawk1,0.0,3,3,3,1,0.012501809412706571,0.031272554426392526,28.223964566091762,0.0011080142321310642,0.5519931306707597,0.696481538204628
r480x300,480,300,20260808_131913,ihawk1,0.0,4,3,3,1,0.008249553117113033,0.01500650606471768,25.21023980478361,0.000595254395869341,0.0665024875047648,0.2720945586200237
r480x300,480,300,20260808_131913,ihawk1,5.0,0,3,3,1,0.006048361155682073,0.012265742831493969,22.790617579886042,0.0005381926482904593,0.7509244332821945,1.2475616162422798
r480x300,480,300,20260808_131913,ihawk1,5.0,1,3,3,1,0.01967481475164436,0.05223481547419211,20.68825558973295,0.0025248535454151537,1.0432395792285334,1.795004159208728
r480x300,480,300,20260808_131913,ihawk1,5.0,2,3,3,1,0.009080214010350028,0.01512108196039813,34.17209804896541,0.00044249790980732407,0.19815514371689302,0.6246509771629016
r480x300,480,300,20260808_131913,ihawk1,5.0,3,3,3,1,0.012704000145028633,0.029916850853196262,28.701567037039627,0.0010423420719359435,1.1548272577337202,1.7406417504636265
r480x300,480,300,20260808_131913,ihawk1,5.0,4,3,3,1,0.009223958828489275,0.020649760713741142,25.354705922205806,0.0008144350313941506,0.12379351269387888,0.2660138618777669
r480x300,480,300,20260808_131913,ihawk1,10.0,0,3,3,1,0.013984971401413429,0.03347228950587818,23.107627101460803,0.0014485385868011585,0.3701601115845883,0.8626104486537082
r480x300,480,300,20260808_131913,ihawk1,10.0,1,3,3,1,0.006202223599493088,0.010648670357454941,20.42557603893984,0.0005213400266976091,0.23872408895476716,0.3562971800716978
r480x300,480,300,20260808_131913,ihawk1,10.0,2,3,3,1,0.021919793508701338,0.05029094362302477,34.32765084009947,0.0014650272416625127,0.84264831178072,1.2671527465241068
r480x300,480,300,20260808_131913,ihawk1,10.0,3,3,3,1,0.011748636120807303,0.021165199089222486,28.308559251760027,0.0007476607658126078,0.726675539128663,0.9405151874562877
r480x300,480,300,20260808_131913,ihawk1,10.0,4,3,3,1,0.00825027748655221,0.021759219997188717,25.42824524722919,0.0008557106393159288,0.09487176311476372,0.3589309943406797
r480x300,480,300,20260808_131913,ihawk1,15.0,0,3,2,0,0.004508610693163211,0.006825141480305539,23.67284521146823,0.00028831099174336355,0.1572972400666679,0.3967420323733606
r480x300,480,300,20260808_131913,ihawk1,15.0,1,3,3,1,0.5646391874647027,1.005464406913762,20.53248427852813,0.04896944730478754,1.4663513019108916,2.370806379704807
r480x300,480,300,20260808_131913,ihawk1,15.0,2,3,3,1,0.01775058882145143,0.039326353872595234,34.14910993883169,0.00115160699482467,0.6370893686940369,1.0228499319843156
r480x300,480,300,20260808_131913,ihawk1,15.0,3,3,3,1,0.028940390630781104,0.05290218187914413,28.630412708888894,0.0018477617635850416,1.1610318765478036,1.7359039688807245
r480x300,480,300,20260808_131913,ihawk1,15.0,4,3,3,1,0.007345583253889973,0.028334056853061323,25.368919523734537,0.0011168807101363807,0.0943642118288574,0.26476470351874426
r480x300,480,300,20260808_131913,ihawk1,20.0,0,3,2,0,0.010920991115769413,0.01743179434605531,22.561158213859557,0.0007726462525025322,0.88315613223244,1.8467847247722222
r480x300,480,300,20260808_131913,ihawk1,20.0,1,3,3,1,0.013938247581801712,0.031157839314083117,20.48316689340137,0.001521143653041297,2.225775585006347,3.6804579406345135
r480x300,480,300,20260808_131913,ihawk1,20.0,2,3,3,1,0.04049175776248601,0.07939855309827881,34.408529916731894,0.0023075252935949916,0.9274376226725037,1.5094782316165234
r480x300,480,300,20260808_131913,ihawk1,20.0,3,3,3,1,0.042049629951876194,0.06428638272444401,28.832260313694647,0.002229668504134221,0.8067041029483331,1.2904717548856917
r480x300,480,300,20260808_131913,ihawk1,20.0,4,3,3,1,0.011606487665058651,0.027061979353964913,25.205090555664608,0.0010736711813908951,0.19017089550431923,0.31564829598042893
r480x300,480,300,20260808_131913,ihawk1,25.0,0,3,3,1,0.003999192335449623,0.007545652855075522,23.02187151474368,0.0003277601844942593,0.2491990039109382,1.462211934383101
r480x300,480,300,20260808_131913,ihawk1,25.0,1,3,3,1,0.39453442435531555,0.7436180639176699,21.481006075755474,0.034617469093170365,0.5618033543939284,2.4181563824694745
r480x300,480,300,20260808_131913,ihawk1,25.0,2,3,3,1,0.33015899370683005,0.6698480722020604,33.51557541181785,0.01998617251744593,0.4988770651938642,1.1654927216130162
r480x300,480,300,20260808_131913,ihawk1,25.0,3,3,3,1,0.018131436115018544,0.03019669953978499,27.252840952524412,0.0011080202461236574,1.7627104566822966,3.394189616085181
r480x300,480,300,20260808_131913,ihawk1,25.0,4,3,3,1,0.01596255381971493,0.028213380704417517,25.317096864577934,0.0011144003143540473,0.18475895954452717,0.3507949816450319
r480x300,480,300,20260808_131913,ihawk1,30.0,0,3,3,1,0.010549659365829479,0.020016114845972564,24.24406707809679,0.0008256087883891414,0.22502564065265843,0.68129772203824
r480x300,480,300,20260808_131913,ihawk1,30.0,1,3,0,0,nan,nan,nan,nan,nan,nan
r480x300,480,300,20260808_131913,ihawk1,30.0,2,3,3,1,0.08363346180956416,0.17171533818501697,33.86040966135985,0.005071271727139547,0.4328625662801924,1.2667314217874404
r480x300,480,300,20260808_131913,ihawk1,30.0,3,3,3,1,0.4818055939317643,0.9472454980583899,27.563737032610504,0.0343656412386212,0.42043957228024964,1.415061367791381
r480x300,480,300,20260808_131913,ihawk1,30.0,4,3,3,1,0.01214092391779681,0.04201147095060193,25.349296572951904,0.001657303224556883,0.1363122626910026,0.35032752067403145
r480x300,480,300,20260808_131913,ihawk1,35.0,0,3,3,1,0.007456382560995452,0.0229180813402491,24.343396280201972,0.0009414496266853259,0.46393009297441146,0.9476847180212434
r480x300,480,300,20260808_131913,ihawk1,35.0,1,3,3,1,0.014590034107554736,0.019944879113193405,21.571814263059952,0.0009245805137191197,1.3507624089790258,3.531528733430143
r480x300,480,300,20260808_131913,ihawk1,35.0,2,3,3,1,0.019477435726596496,0.05152959713040301,34.79126933906434,0.0014811071314533653,0.48906783812642773,1.821992361770896
r480x300,480,300,20260808_131913,ihawk1,35.0,3,3,3,1,0.1811276348993001,0.34964004435751184,27.601176308915935,0.012667577658440902,0.894386381735268,2.2442797174526645
r480x300,480,300,20260808_131913,ihawk1,35.0,4,3,3,1,0.007046444654684041,0.017622667556591233,25.357602583519324,0.0006949658390830977,0.11224526941827404,0.3477503057775348
r480x300,480,300,20260808_131913,ihawk1,40.0,0,3,3,1,0.14142696585289147,0.3189228598717855,23.737690663125175,0.013435294292010031,0.7993199394558446,1.5551135914167267
r480x300,480,300,20260808_131913,ihawk1,40.0,1,3,0,0,nan,nan,nan,nan,nan,nan
r480x300,480,300,20260808_131913,ihawk1,40.0,2,3,3,1,0.00452596567517975,0.0090519313503595,33.92899977876342,0.00026679039787153453,0.31355960461072646,0.5837077466101023
r480x300,480,300,20260808_131913,ihawk1,40.0,3,3,3,1,0.1497021076319315,0.3156427320374506,27.292170055119026,0.011565321900016792,1.978921011559717,3.3514798563865775
r480x300,480,300,20260808_131913,ihawk1,40.0,4,3,3,1,0.015530833225358934,0.023145070412240634,25.7348145177729,0.0008993680679631965,0.14982004155009224,0.33623882823800594
r480x300,480,300,20260808_131913,ihawk1,45.0,0,3,3,1,0.016203344258479458,0.02332324615191388,23.656853545648726,0.0009858980657300384,0.648364315660342,1.2825778990251577
r480x300,480,300,20260808_131913,ihawk1,45.0,1,3,3,1,0.051353591438814884,0.10283879512585581,20.88654856590598,0.0049236854428751356,0.9312582230158872,2.862057317139468
r480x300,480,300,20260808_131913,ihawk1,45.0,2,3,3,1,0.0017926766337085429,0.003585353267417085,32.945216879895355,0.00010882773303596092,0.5778188879599376,0.8968840971496956
r480x300,480,300,20260808_131913,ihawk1,45.0,3,3,3,1,0.017300827778985034,0.03375764615524295,27.768009862251244,0.0012157027573349512,0.7379006277731388,1.6806759753786495
r480x300,480,300,20260808_131913,ihawk1,45.0,4,3,3,1,0.0029284549208158533,0.020873288081128132,25.536079389125216,0.000817403790263012,0.18048431704186568,0.34375378149692987
r480x300,480,300,20260808_131913,ihawk1,50.0,0,3,3,1,0.011887501425985117,0.017021470316196174,24.018347900665486,0.0007086861422189889,0.33624049719022325,0.3973891928481268
r480x300,480,300,20260808_131913,ihawk1,50.0,1,3,3,1,0.07732638122602047,0.15187718209416837,21.85398670639599,0.006949632766534016,0.832009838272633,1.8969141229124185
r480x300,480,300,20260808_131913,ihawk1,50.0,2,3,3,1,0.4502825756309064,0.8767537677306781,33.91484434090152,0.02585162293294997,1.1296272218452714,2.2153883312898084
r480x300,480,300,20260808_131913,ihawk1,50.0,3,3,3,1,0.00959163093713447,0.022372138852100487,29.281108604723283,0.0007640468519860507,1.0992541213045366,1.9718859886412605
r480x300,480,300,20260808_131913,ihawk1,50.0,4,3,3,1,0.006585930061104288,0.02775752426916493,25.551118164290244,0.0010863526242056332,0.08566705495341832,0.4175364554845964
r480x300,480,300,20260808_131913,ihawk2,0.0,0,3,3,1,0.013403305100968902,0.03585407134634872,40.09125401842563,0.0008943115456022022,0.013198314746452545,0.10248592427821783
r480x300,480,300,20260808_131913,ihawk2,0.0,1,3,3,1,0.009961399343768478,0.017508654685025764,28.519262492012007,0.0006139238239393387,0.07987612595902982,0.1431300978650304
r480x300,480,300,20260808_131913,ihawk2,0.0,2,3,3,1,0.00888534289939742,0.016480134062788133,38.51799448037848,0.0004278554552258245,0.07030237370186918,0.09373077083889941
r480x300,480,300,20260808_131913,ihawk2,0.0,3,3,3,1,0.01378707773132136,0.024139330707060463,27.460871969976314,0.0008790445814485651,0.10619080944827586,0.14400160172142443
r480x300,480,300,20260808_131913,ihawk2,0.0,4,3,3,1,0.006398049410162895,0.021136147794825227,31.667627377565882,0.0006674370499192683,0.07570493672347262,0.13489258988880282
r480x300,480,300,20260808_131913,ihawk2,5.0,0,3,3,1,0.01843834672490196,0.035391981296131775,40.084047422702014,0.0008829443025777672,0.013941833658238022,0.09724760223559516
r480x300,480,300,20260808_131913,ihawk2,5.0,1,3,3,1,0.011011239315987366,0.024249664922720987,28.532774486238605,0.0008498880799137368,0.09310177472310523,0.16288205379889606
r480x300,480,300,20260808_131913,ihawk2,5.0,2,3,3,1,0.00786086223606264,0.017776181944939295,38.65975103273227,0.0004598110818118988,0.06382343707727431,0.1356145565961806
r480x300,480,300,20260808_131913,ihawk2,5.0,3,3,3,1,0.00881494105705861,0.01540650329260306,27.455751511680035,0.0005611393767913777,0.04792563564065259,0.13712745499297202
r480x300,480,300,20260808_131913,ihawk2,5.0,4,3,3,1,0.006466027212293203,0.015941251712796332,31.78969466148099,0.0005014597303481516,0.017866874270804984,0.10449498956156926
r480x300,480,300,20260808_131913,ihawk2,10.0,0,3,3,1,0.00875584614148674,0.024971126620823268,39.70617355914919,0.0006288978358396704,0.10857802341953049,0.17571675480962978
r480x300,480,300,20260808_131913,ihawk2,10.0,1,3,3,1,0.004592622943117785,0.014895361875825575,28.009969008906268,0.0005317878742061203,0.04956668534916625,0.14967069658841098
r480x300,480,300,20260808_131913,ihawk2,10.0,2,3,3,1,0.02547084014398417,0.03710908623199444,38.50577673324003,0.0009637277671108525,0.038672401557628834,0.11403677599856296
r480x300,480,300,20260808_131913,ihawk2,10.0,3,3,3,1,0.0108922129614617,0.021997378743568583,27.44326265408205,0.000801558437888455,0.03439115020878592,0.12507521829875923
r480x300,480,300,20260808_131913,ihawk2,10.0,4,3,3,1,0.00949314472988655,0.02489521614410989,31.716845585425148,0.0007849209366378476,0.08239595772894162,0.12870634578417905
r480x300,480,300,20260808_131913,ihawk2,15.0,0,3,3,1,0.014385322642568338,0.023740950272948393,40.067262483565514,0.0005925273852359211,0.06380081145077891,0.1111218030012199
r480x300,480,300,20260808_131913,ihawk2,15.0,1,3,3,1,0.00930982212767612,0.015846325884084203,28.508932029576908,0.0005558372326134229,0.04869607070781183,0.11341305827107309
r480x300,480,300,20260808_131913,ihawk2,15.0,2,3,3,1,0.010066314337282695,0.03628049187739207,38.711693029306836,0.0009371972403771073,0.015161975389080333,0.1492864266875567
r480x300,480,300,20260808_131913,ihawk2,15.0,3,3,3,1,0.012255569080436417,0.017075343094092043,27.588150150535103,0.0006189375873670474,0.0857825870184848,0.14297082321510896
r480x300,480,300,20260808_131913,ihawk2,15.0,4,3,3,1,0.006168524134585854,0.011751597878132514,31.77647217104244,0.0003698207219126615,0.06557337688372361,0.11045128565273007
r480x300,480,300,20260808_131913,ihawk2,20.0,0,3,3,1,0.005654299594350854,0.010183446885381458,39.659941357287046,0.0002567690858047719,0.04451745142314289,0.12962988608463155
r480x300,480,300,20260808_131913,ihawk2,20.0,1,3,1,0,nan,nan,nan,nan,0.06201157273671542,0.17806376068585358
r480x300,480,300,20260808_131913,ihawk2,20.0,2,3,3,1,0.012843134519009912,0.02384832101887534,38.56852637006214,0.0006183363292144604,0.03276694249170706,0.08256568047736032
r480x300,480,300,20260808_131913,ihawk2,20.0,3,3,3,1,0.0148026517790385,0.02199594966272908,27.443778782427785,0.0008014912901430709,0.12615011569606022,0.259589705960855
r480x300,480,300,20260808_131913,ihawk2,20.0,4,3,3,1,0.006134432443503951,0.025335548309450368,31.64422468461031,0.0008006373536391912,0.01700127923684678,0.05880883199706143
r480x300,480,300,20260808_131913,ihawk2,25.0,0,3,3,1,0.007232938644994646,0.013797533236944185,39.7619989625372,0.0003470030078202027,0.05833466779744857,0.16142277266299238
r480x300,480,300,20260808_131913,ihawk2,25.0,1,3,3,1,0.011489689414212663,0.02168584531865597,27.964429881433393,0.0007754796150181482,0.7150554277766153,1.1553913868903767
r480x300,480,300,20260808_131913,ihawk2,25.0,2,3,3,1,0.01777867603045406,0.028907966483253836,39.29185946831976,0.0007357240628064893,0.5814041435274534,1.8182212145786594
r480x300,480,300,20260808_131913,ihawk2,25.0,3,3,3,1,0.025607007588221684,0.04101412185614694,27.1087989593274,0.0015129450005395791,1.0201617932802758,1.8209099443187964
r480x300,480,300,20260808_131913,ihawk2,25.0,4,3,3,1,0.007555889048284205,0.016827233796924666,31.607363049002107,0.0005323833491214297,0.018546986271327517,0.15244890274747336
r480x300,480,300,20260808_131913,ihawk2,30.0,0,3,3,1,0.4450579681413644,0.8914203329108203,41.116028412580675,0.02168060406919224,1.0429198770714898,2.185598927796744
r480x300,480,300,20260808_131913,ihawk2,30.0,1,3,3,1,0.04347391458054362,0.09535619393907468,28.17882542915284,0.0033839662401408135,0.4890217384029212,0.8333794197284807
r480x300,480,300,20260808_131913,ihawk2,30.0,2,3,3,1,0.06502789290019838,0.14525990240337497,39.292807646685766,0.003696857290258494,0.9393076274625282,1.4964523417404818
r480x300,480,300,20260808_131913,ihawk2,30.0,3,3,3,1,0.026231279977716706,0.044810807660646164,28.000142196589206,0.0016003778604418918,1.1844709155836313,1.5975139829963585
r480x300,480,300,20260808_131913,ihawk2,30.0,4,3,3,1,0.0036603067616095223,0.011698558271942097,31.692178464935903,0.00036913077101611473,0.060907785923570615,0.0970141758176896
r480x300,480,300,20260808_131913,ihawk2,35.0,0,3,3,1,0.020869148291824523,0.031026261033711217,40.397806144271364,0.000768018464243037,0.0689196209203516,0.1404700980367688
r480x300,480,300,20260808_131913,ihawk2,35.0,1,3,3,1,0.025831507237059997,0.051630958313479684,28.047227396350213,0.0018408578353879793,0.8499345710629101,1.3961887549077436
r480x300,480,300,20260808_131913,ihawk2,35.0,2,3,3,1,0.006730730433560701,0.027119455420110582,38.57886383948749,0.0007029614851527171,0.059070776832113044,0.12820635226519198
r480x300,480,300,20260808_131913,ihawk2,35.0,3,3,3,1,0.007555079079116327,0.024149403042828466,27.232306194636493,0.0008867924321291886,0.9689330353165149,1.6568967127107195
r480x300,480,300,20260808_131913,ihawk2,35.0,4,3,3,1,0.0068667041539776305,0.013934639574106579,31.864308801506734,0.00043731184193920646,0.03832058078530771,0.10075485732437708
r480x300,480,300,20260808_131913,ihawk2,40.0,0,3,3,1,0.1735256638581295,0.34462538737435167,40.94922867397094,0.008415918896011102,0.07470971514224269,0.15802940517425398
r480x300,480,300,20260808_131913,ihawk2,40.0,1,3,3,1,0.041069621190718636,0.06692532499812504,28.47778779052339,0.002350088619608153,0.7154010169885066,1.3184877456903203
r480x300,480,300,20260808_131913,ihawk2,40.0,2,3,3,1,0.006217854319914392,0.01138611324047687,40.05839973965192,0.0002842378456073545,0.600116762335698,2.0006810077921666
r480x300,480,300,20260808_131913,ihawk2,40.0,3,3,3,1,0.01570918150264747,0.02702127173134659,27.382518404779166,0.0009868073977677113,0.9965092593754542,1.6848395004633037
r480x300,480,300,20260808_131913,ihawk2,40.0,4,3,3,1,0.016949370138434967,0.029380662043997433,32.18440002703793,0.0009128851872122801,0.05919373859631328,0.1211795867978211
r480x300,480,300,20260808_131913,ihawk2,45.0,0,3,3,1,0.04903270929121123,0.08872499881977101,40.86382695850156,0.0021712356728084696,0.08167741606208823,0.3819165885064779
r480x300,480,300,20260808_131913,ihawk2,45.0,1,3,3,1,0.01985556654413667,0.032985594184907506,28.591399881004236,0.0011536893724053965,0.11786742487859327,0.31663689898733033
r480x300,480,300,20260808_131913,ihawk2,45.0,2,3,3,1,0.0200124443476468,0.039973636264173176,40.10113196925158,0.0009968206457319916,0.6989717247420311,2.018700187411652
r480x300,480,300,20260808_131913,ihawk2,45.0,3,3,3,1,0.01764150024911163,0.03478695973762117,28.094893080777496,0.0012381951281182266,0.7718699206221711,1.3456294063860952
r480x300,480,300,20260808_131913,ihawk2,45.0,4,3,3,1,0.00707486896015573,0.019564978005355897,32.10567324175566,0.0006093931704229233,0.04778842324585799,0.11750663916552659
r480x300,480,300,20260808_131913,ihawk2,50.0,0,3,3,1,0.007596293663813009,0.014792021189725895,40.75978473487823,0.00036290724511771854,0.04183508575954371,0.15300333630343
r480x300,480,300,20260808_131913,ihawk2,50.0,1,3,3,1,0.007367372344741962,0.023585541716179232,28.40826198803063,0.0008302352930325912,0.7305641259170393,1.3705093416080696
r480x300,480,300,20260808_131913,ihawk2,50.0,2,3,3,1,0.004596080280573313,0.007132508625574282,39.03619711775333,0.0001827152528218605,0.05540103218157142,0.16179011920908637
r480x300,480,300,20260808_131913,ihawk2,50.0,3,3,3,1,0.008744912198400475,0.013455789971505962,28.608743849761513,0.0004703383707501765,0.9388497835914736,1.4874962064069188
r480x300,480,300,20260808_131913,ihawk2,50.0,4,3,3,1,0.00983285134833568,0.023824945912141553,31.886360930100533,0.0007471829715648407,0.04365018545146263,0.12979536490774757
r480x300,480,300,20260808_141232,ihawk1,0.0,0,3,3,1,0.02485041628283,0.0650893434674337,22.865918797649474,0.0028465658451531204,0.5110147125211978,0.9904962551946848
r480x300,480,300,20260808_141232,ihawk1,0.0,1,3,3,1,0.009102704491879854,0.01861395488746226,20.197865043991737,0.0009215803178662863,1.5675760403352639,2.5172246776799887
r480x300,480,300,20260808_141232,ihawk1,0.0,2,3,3,1,0.014598356790408324,0.02252481451511974,33.41308853600607,0.0006741314706914003,0.07248687712913188,0.18706552935105364
r480x300,480,300,20260808_141232,ihawk1,0.0,3,3,3,1,0.024915441611273476,0.03761365567511917,28.38329000505375,0.0013252042193988758,0.40160797360140055,0.562644730599205
r480x300,480,300,20260808_141232,ihawk1,0.0,4,3,3,1,0.008190742248367322,0.019447035016142613,25.20675690744692,0.0007715008752433879,0.04838114403344112,0.2590768374153874
r480x300,480,300,20260808_141232,ihawk1,5.0,0,3,3,1,0.08285862467920774,0.14420802008769962,23.54136293993102,0.006125729442924182,1.5237567263063612,1.8312853950098964
r480x300,480,300,20260808_141232,ihawk1,5.0,1,3,3,1,0.1390716107026901,0.2853028166957751,21.042982326216574,0.013558098004973764,0.8250604686215103,1.1195940290469197
r480x300,480,300,20260808_141232,ihawk1,5.0,2,3,3,1,0.22164222436308423,0.44447281449617787,32.93555032419212,0.013495229626380332,0.22621776257062612,0.43753535648418623
r480x300,480,300,20260808_141232,ihawk1,5.0,3,3,3,1,0.5730517847383626,1.012218236942125,27.151248638016387,0.037280725112761356,0.46530513460295214,1.2242367996030319
r480x300,480,300,20260808_141232,ihawk1,5.0,4,3,3,1,0.008099422401220016,0.01738767644485407,25.050360500682796,0.000694108831063734,0.021127263505500697,0.30233787142876684
r480x300,480,300,20260808_141232,ihawk1,10.0,0,3,3,1,0.020171917079856074,0.043466433628293506,23.289689056703892,0.0018663380830231298,0.46283106059064233,1.195076010874051
r480x300,480,300,20260808_141232,ihawk1,10.0,1,3,3,1,0.02220957398886382,0.04334921525307194,20.356984205441304,0.0021294517309437687,0.3640768337645038,1.3672800722008194
r480x300,480,300,20260808_141232,ihawk1,10.0,2,3,3,1,0.035066367152433046,0.06601161714719374,33.20797773720703,0.0019878240605188287,0.2648483263453799,0.8325068009056518
r480x300,480,300,20260808_141232,ihawk1,10.0,3,3,3,1,0.02020352908579528,0.041214640632174525,28.048637658602214,0.0014693990180137837,0.6443532478186719,1.4006396733021298
r480x300,480,300,20260808_141232,ihawk1,10.0,4,3,3,1,0.006711758283441075,0.015529866890673866,24.94944909804237,0.000622453298653893,0.10488304292172779,0.3362077840246421
r480x300,480,300,20260808_141232,ihawk1,15.0,0,3,3,1,0.014987784450983864,0.03360983173135277,23.096303709904266,0.0014552039215236004,0.7388093109949773,0.9479797451814452
r480x300,480,300,20260808_141232,ihawk1,15.0,1,3,3,1,0.004585817037158727,0.02673467878947242,20.786733439842276,0.0012861414164396614,0.2927467229179314,1.8385882667525821
r480x300,480,300,20260808_141232,ihawk1,15.0,2,3,3,1,0.005984036899854483,0.017323879214351804,32.89499748667257,0.0005266417552203974,0.6184355201693805,1.0633919157313274
r480x300,480,300,20260808_141232,ihawk1,15.0,3,3,3,1,0.022990661153671977,0.037881028269850486,27.46128185037971,0.0013794340874632807,0.5174217504969085,1.4090086876230665
r480x300,480,300,20260808_141232,ihawk1,15.0,4,3,3,1,0.016351212763508084,0.026633569718792896,25.086854974945343,0.0010616543901334895,0.1613011252754257,0.3127232377888576
r480x300,480,300,20260808_141232,ihawk1,20.0,0,3,3,1,0.34537053611160684,0.7048185213433024,23.11513554928619,0.030491645607722495,0.4706245023616178,1.0720513986539015
r480x300,480,300,20260808_141232,ihawk1,20.0,1,3,3,1,0.5091097091214013,0.9436557834684636,21.465209302116794,0.043962104919955516,0.5324158813623997,1.2696106687819033
r480x300,480,300,20260808_141232,ihawk1,20.0,2,3,3,1,0.1453976961619315,0.3229326434851718,34.49905784583333,0.009360622105341769,0.41879295814976447,1.2747914038610972
r480x300,480,300,20260808_141232,ihawk1,20.0,3,3,3,1,0.020043324365550116,0.037007051350860756,28.75341438831374,0.0012870489344702501,0.7641652424156957,1.132387919935639
r480x300,480,300,20260808_141232,ihawk1,20.0,4,3,3,1,0.018322929779136635,0.029796759054211048,25.09982832552979,0.0011871299941882021,0.2992423799465806,0.5490283575703117
r480x300,480,300,20260808_141232,ihawk1,25.0,0,3,3,1,0.020455034035840106,0.049426113792899795,25.01405741517084,0.0019759334910186633,0.773042373569947,2.3287994551349227
r480x300,480,300,20260808_141232,ihawk1,25.0,1,3,3,1,0.15569699791649952,0.32470697856022007,21.444571100250403,0.01514168677201609,0.8256769411610285,2.940975227182889
r480x300,480,300,20260808_141232,ihawk1,25.0,2,3,3,1,0.006133352279006344,0.011184912243115035,33.5827371991824,0.0003330554081037606,0.1846083369948288,0.5115579888414836
r480x300,480,300,20260808_141232,ihawk1,25.0,3,3,3,1,0.029523932218387613,0.059869051326713135,27.63914905713986,0.002166096040183535,1.468239096736032,2.3527414995543747
r480x300,480,300,20260808_141232,ihawk1,25.0,4,3,3,1,0.011184231188978232,0.03226507784521173,25.077635867107904,0.0012866076378248617,0.029741401145883615,0.23342507065263873
r480x300,480,300,20260808_141232,ihawk1,35.0,0,3,3,1,0.140173023390889,0.2862179872944222,23.853920739913903,0.011998781685205484,1.1206527105002575,2.2297425991234907
r480x300,480,300,20260808_141232,ihawk1,35.0,1,3,3,1,0.11496823704311689,0.18839615663746878,23.19761498212516,0.008121358888947713,1.2155136855137922,4.247408464118011
r480x300,480,300,20260808_141232,ihawk1,35.0,2,3,3,1,0.010563602458545278,0.021863227953138945,32.709570115503546,0.0006684046251887702,0.6581811437890688,1.1528290696227044
r480x300,480,300,20260808_141232,ihawk1,35.0,3,3,3,1,0.0071324792059873875,0.02012103651019553,27.54487596234453,0.0007304820155190451,0.3830127140123105,0.9675047687088048
r480x300,480,300,20260808_141232,ihawk1,35.0,4,3,3,1,0.017778857757595568,0.0368090783463614,24.950449886989094,0.0014752871596738712,0.17766216231651785,0.4234102852401327
r480x300,480,300,20260808_141232,ihawk1,40.0,0,3,3,1,0.016193107425341944,0.038509617342365667,23.896713364811863,0.0016115026679389076,0.4354587594666848,1.6158589202796538
r480x300,480,300,20260808_141232,ihawk1,40.0,1,3,3,1,0.017618560919699478,0.03036046101150523,21.184308761627136,0.0014331579733439122,0.13516682751777026,1.0288393395119053
r480x300,480,300,20260808_141232,ihawk1,40.0,2,3,3,1,0.007697085894412894,0.015394171788825788,31.80247026563558,0.0004840558503865684,0.7074738696569364,1.3396298144567589
r480x300,480,300,20260808_141232,ihawk1,40.0,3,3,3,1,0.003844004385761541,0.008033871542194338,27.619876565653467,0.0002908728257020819,1.5401126476467573,2.752186918564222
r480x300,480,300,20260808_141232,ihawk1,40.0,4,3,3,1,0.011916838438157171,0.021602481516501768,25.06823358573011,0.0008617472564480494,0.18725315030571335,0.3977103810369522
r480x300,480,300,20260808_141232,ihawk1,45.0,0,3,3,1,0.028678866968639544,0.045179684352328824,22.530032748878813,0.002005309306733127,1.0430144530838732,1.87132846203207
r480x300,480,300,20260808_141232,ihawk1,45.0,1,3,3,1,0.28553192617651896,0.5705460823943526,21.149605207557588,0.026976677663490094,0.7789525452784067,1.9045896378093472
r480x300,480,300,20260808_141232,ihawk1,45.0,2,3,3,1,0.019634744538455758,0.03637118621358268,33.58147357143738,0.00108307296689083,0.25839871477431725,0.3138183219224774
r480x300,480,300,20260808_141232,ihawk1,45.0,3,3,3,1,0.00737420087797953,0.03618551858151018,28.553021766312572,0.001267309599581596,0.8506545051392799,1.1545649354979928
r480x300,480,300,20260808_141232,ihawk1,45.0,4,3,3,1,0.01195805808350022,0.033393995510028286,25.02963588347276,0.0013341782383689636,0.18898935040403106,0.36074214656809855
r480x300,480,300,20260808_141232,ihawk1,50.0,0,3,3,1,0.00950765858794609,0.015415227260064406,23.77788590792136,0.0006483010020217559,0.2869991254826229,0.5409930467472837
r480x300,480,300,20260808_141232,ihawk1,50.0,1,3,3,1,0.011573645685356564,0.020134326492922353,20.67190077080041,0.0009739949275183542,0.5364593088897922,0.7974307652169782
r480x300,480,300,20260808_141232,ihawk1,50.0,2,3,3,1,0.001972767871384029,0.003475068832835179,32.6516670196037,0.00010642852724024124,0.8771275307678276,1.3017775368625042
r480x300,480,300,20260808_141232,ihawk1,50.0,3,3,3,1,0.023641071622023658,0.03644900543230779,28.044845874168985,0.001299668594929935,0.3747060442467576,0.5760339441799549
r480x300,480,300,20260808_141232,ihawk1,50.0,4,3,3,1,0.007112156742055547,0.012925426309840482,25.278126321523818,0.0005113284958479989,0.2996835946238355,0.47138878111558363
r480x300,480,300,20260808_141232,ihawk2,0.0,0,3,3,1,0.008225302908191276,0.020009536137588314,39.61611527270751,0.0005050857712788756,0.051272016293445716,0.10674202683541971
r480x300,480,300,20260808_141232,ihawk2,0.0,1,3,3,1,0.015362459068519041,0.026826856122227308,27.876632216920303,0.000962342076097133,0.13258743747096885,0.1867178594328469
r480x300,480,300,20260808_141232,ihawk2,0.0,2,3,3,1,0.012492582880462727,0.02721447551800824,38.34484075073299,0.0007097297833343594,0.008082680092186583,0.1268312203132232
r480x300,480,300,20260808_141232,ihawk2,0.0,3,3,3,1,0.005635683987276535,0.013077576058679971,27.44440004469547,0.00047651163943762876,0.028005411407970814,0.12495090541651584
r480x300,480,300,20260808_141232,ihawk2,0.0,4,3,3,1,0.009756681090647522,0.02299882933907951,31.250695460292576,0.0007359461605679155,0.07054024301943587,0.11910870346773976
r480x300,480,300,20260808_141232,ihawk2,5.0,0,3,3,1,0.5454125093137926,1.0773353391372218,40.68722232477899,0.026478468609569154,0.24691778947963566,0.3886180244217445
r480x300,480,300,20260808_141232,ihawk2,5.0,1,3,3,1,0.007699667472925682,0.014249426054090642,28.153495482931316,0.0005061334590843143,0.07495538378587921,0.23911577557279817
r480x300,480,300,20260808_141232,ihawk2,5.0,2,3,3,1,0.005853475830996078,0.023479606340352108,37.961996815016725,0.0006185029321498762,0.05881864878111173,0.08968541428069982
r480x300,480,300,20260808_141232,ihawk2,5.0,3,3,3,1,0.029829464131572364,0.058250858378352886,27.301941466532497,0.0021335793445223833,1.0185002701138417,1.7484441344646504
r480x300,480,300,20260808_141232,ihawk2,5.0,4,3,3,1,0.008687533117397716,0.01698873708702341,31.43138812192507,0.0005405022845673449,0.013168364674969235,0.11257416004961601
r480x300,480,300,20260808_141232,ihawk2,10.0,0,3,3,1,0.01090114659310631,0.024847264185892767,39.91388595445496,0.0006225218014163178,0.03414834739033359,0.1609238774747133
r480x300,480,300,20260808_141232,ihawk2,10.0,1,3,3,1,0.014240905101849416,0.028192814115989104,27.897532930458855,0.001010584490975109,0.820528800281108,1.557208881733891
r480x300,480,300,20260808_141232,ihawk2,10.0,2,3,3,1,0.09651030560698644,0.18453352767984688,38.457400883956915,0.004798387915935001,0.22839964043216496,0.38574114043526003
r480x300,480,300,20260808_141232,ihawk2,10.0,3,3,3,1,0.00894427607530788,0.02933952774503711,27.802224677276868,0.0010552942466153328,0.5296699891943916,1.1908832415039792
r480x300,480,300,20260808_141232,ihawk2,10.0,4,3,3,1,0.006156552026901049,0.01214731752255166,31.66264388413525,0.0003836482375572604,0.05782625985111763,0.08146764302118363
r480x300,480,300,20260808_141232,ihawk2,15.0,0,3,3,1,0.00905090441065332,0.04007259311405755,39.644028015429484,0.0010108103318477444,0.04503568124355334,0.14894791149432313
r480x300,480,300,20260808_141232,ihawk2,15.0,1,3,3,1,0.01628385215134881,0.030177536471795847,27.87645126103202,0.0010825458444913493,0.19052623286287274,0.2883160852572385
r480x300,480,300,20260808_141232,ihawk2,15.0,2,3,3,1,0.012205601596707456,0.026129279840576034,39.3185564283955,0.0006645533868508384,0.6520935532729872,1.4151983704359452
r480x300,480,300,20260808_141232,ihawk2,15.0,3,3,3,1,0.009806959952642141,0.02543886064276213,27.335882308375385,0.0009306032399388831,0.9244429563456541,1.4818440128507988
r480x300,480,300,20260808_141232,ihawk2,15.0,4,3,3,1,0.010483544184082422,0.026435039135965645,31.769324289832582,0.0008320932134029015,0.03325813639437211,0.0849248625605862
r480x300,480,300,20260808_141232,ihawk2,20.0,0,3,3,1,0.013153764112808101,0.01862861512666457,39.58232379075087,0.00047062964835373016,0.04373056080935503,0.06952323385542544
r480x300,480,300,20260808_141232,ihawk2,20.0,1,3,3,1,0.07927526595302341,0.14942869971803982,27.926337559803187,0.005350816210612793,0.39520500248266693,0.574371438533999
r480x300,480,300,20260808_141232,ihawk2,20.0,2,3,3,1,0.005918205504248715,0.009681480433466616,37.93167448385023,0.00025523472309635576,0.017952935147157505,0.09707092333041703
r480x300,480,300,20260808_141232,ihawk2,20.0,3,3,3,1,0.020524568261103555,0.03439390042062301,27.44218392431254,0.0012533222762256746,0.8207272623513069,1.3809477404002726
r480x300,480,300,20260808_141232,ihawk2,20.0,4,3,3,1,0.010875377396377004,0.02151618020450059,31.610861095613625,0.0006806578327436392,0.039363713192330486,0.1012381054518087
r480x300,480,300,20260808_141232,ihawk2,25.0,0,3,3,1,0.005458132310371958,0.009322766936327378,39.62381575205262,0.00023528190709004175,0.02534359170879526,0.19615342132753416
r480x300,480,300,20260808_141232,ihawk2,25.0,1,3,3,1,0.02543603426628206,0.045830825625076656,27.25882051977031,0.00168132093579898,0.9786613883499012,1.90339805283836
r480x300,480,300,20260808_141232,ihawk2,25.0,2,3,3,1,0.015011745303545423,0.03389848453341037,38.25929425732803,0.0008860195984121582,0.15724673057088445,0.4106076529271794
r480x300,480,300,20260808_141232,ihawk2,25.0,3,3,3,1,0.020826957006114345,0.038789351624452593,27.142995293226893,0.0014290741020071527,1.1753389469618172,2.0762983967799773
r480x300,480,300,20260808_141232,ihawk2,25.0,4,3,3,1,0.0032284039248296832,0.011851634607142508,31.67260550077248,0.0003741919687299945,0.07836980780634618,0.1907241356439565
r480x300,480,300,20260808_141232,ihawk2,35.0,0,3,3,1,0.009057649198733671,0.02461409520248199,39.74422356581656,0.0006193125187543535,0.011052701528514201,0.07968164964455092
r480x300,480,300,20260808_141232,ihawk2,35.0,1,3,3,1,0.007299414969678238,0.012980598522329861,28.31922193322917,0.0004583670608230484,0.22577499389425357,0.3476603788807555
r480x300,480,300,20260808_141232,ihawk2,35.0,2,3,3,1,0.008432818890338242,0.018677385735650708,38.06948555908372,0.0004906130319692255,0.055553421712238336,0.09442431516515937
r480x300,480,300,20260808_141232,ihawk2,35.0,3,3,3,1,0.014968437791206475,0.026757082981196834,28.096771742964147,0.0009523187655143053,0.5144545449695175,0.9619992741416609
r480x300,480,300,20260808_141232,ihawk2,35.0,4,3,3,1,0.015225519904611877,0.01920371634741172,31.60920158473083,0.0006075356347086061,0.06514298439116803,0.11584258080331976
r480x300,480,300,20260808_141232,ihawk2,40.0,0,3,3,1,0.008762840920388417,0.020007278629331753,40.08247725860929,0.0004991527469783421,0.07687452567767308,0.28680235343774024
r480x300,480,300,20260808_141232,ihawk2,40.0,1,3,3,1,0.009517966692664132,0.018537950061899625,28.269231317018622,0.0006557642071696311,0.0645125758048524,0.2392608119058647
r480x300,480,300,20260808_141232,ihawk2,40.0,2,3,3,1,0.04338229894969434,0.09196629720468343,39.465629964909205,0.0023302883366224003,0.8966556390192333,1.7472508239244235
r480x300,480,300,20260808_141232,ihawk2,40.0,3,3,3,1,0.2688067223505706,0.5484126300721995,27.882754878662837,0.019668523876450603,0.10356144296739563,0.20669628852964977
r480x300,480,300,20260808_141232,ihawk2,40.0,4,3,3,1,0.006230547868406477,0.01253610389071181,31.501837507877898,0.00039794833833349606,0.07966274272183559,0.12230382603687749
r480x300,480,300,20260808_141232,ihawk2,45.0,0,3,3,1,0.01861466982098776,0.027285295571367853,40.32898473156529,0.0006765678767512288,0.03890079077642021,0.0905067379645308
r480x300,480,300,20260808_141232,ihawk2,45.0,1,3,3,1,0.007804135787161689,0.01799990851902478,28.62113386953875,0.0006289027052901612,0.8639392724375843,2.1681468586262334
r480x300,480,300,20260808_141232,ihawk2,45.0,2,3,3,1,0.028228715979943416,0.055185488640146226,39.550307963302224,0.0013953238667914168,0.47452986421969534,0.9617455812577734
r480x300,480,300,20260808_141232,ihawk2,45.0,3,3,3,1,0.013021390735210197,0.020359608281987022,27.910718370395774,0.0007294548284927689,0.7480515600495874,1.2773369055436412
r480x300,480,300,20260808_141232,ihawk2,45.0,4,3,3,1,0.005629676025176905,0.00828209673864316,31.784882614335412,0.00026056716455853207,0.08260608216095514,0.14557423291750496
r480x300,480,300,20260808_141232,ihawk2,50.0,0,3,3,1,0.008097081435253317,0.01978457216935314,40.29813381984771,0.000490955046648061,0.1056965286561933,0.2144974303582232
r480x300,480,300,20260808_141232,ihawk2,50.0,1,3,3,1,0.009522264731786736,0.02033375744429451,28.247285681395027,0.0007198481890841379,0.11453341278331364,0.17320892353418801
r480x300,480,300,20260808_141232,ihawk2,50.0,2,3,3,1,0.0055822843107642605,0.035308189707298286,38.62414552903727,0.0009141481118528284,0.03136864176286348,0.13256482446874662
r480x300,480,300,20260808_141232,ihawk2,50.0,3,3,3,1,0.006077028422533257,0.01602084902547777,27.95208984361552,0.000573153889927735,0.5749839283399423,1.0432415299405422
r480x300,480,300,20260808_141232,ihawk2,50.0,4,3,3,1,0.0029351895083955383,0.006561019064303977,31.622276313033755,0.00020748092260517378,0.008240477996437947,0.10763793936295604
r480x300,480,300,20260808_145501,ihawk1,0.0,0,3,3,1,0.13236746175502898,0.25790740095680914,22.579032564961306,0.01142242920350078,0.7919103340284107,1.3768134352536285
r480x300,480,300,20260808_145501,ihawk1,0.0,1,3,3,1,0.021501708477296655,0.041233714407563175,20.745465642986847,0.0019876012964549932,1.0846720287779552,1.7797207124218741
r480x300,480,300,20260808_145501,ihawk1,0.0,2,3,3,1,0.0048923969392703215,0.012447027746324474,33.6112227829309,0.0003703235620646793,0.12315206632066346,0.17748624020850934
r480x300,480,300,20260808_145501,ihawk1,0.0,3,3,3,1,0.010543126539899063,0.02764521864460795,28.29340305989948,0.000977090616709511,0.3368513278192779,0.424387961548514
r480x300,480,300,20260808_145501,ihawk1,0.0,4,3,3,1,0.006992460111095753,0.01567811972843119,25.125206539315585,0.0006239996357402389,0.14827062262375418,0.32262670534175975
r480x300,480,300,20260808_145501,ihawk1,5.0,0,3,3,1,0.004619795456354759,0.020553983734401097,22.952318468002193,0.0008955079532839084,0.5296768021652503,0.7898153031659401
r480x300,480,300,20260808_145501,ihawk1,5.0,1,3,3,1,0.36391554137687465,0.7293722744912811,20.667258986263462,0.0352911953624842,0.9068471414960887,1.8107515069410078
r480x300,480,300,20260808_145501,ihawk1,5.0,2,3,3,1,0.049773823363632536,0.09306827008254692,34.13084482637664,0.002726808274333218,0.8394760899325321,1.3377425563260157
r480x300,480,300,20260808_145501,ihawk1,5.0,3,3,3,1,0.01319998070260474,0.01903108864424897,27.963545722959083,0.0006805677946850553,0.213074404753893,0.9837242752253947
r480x300,480,300,20260808_145501,ihawk1,5.0,4,3,3,1,0.008017983118818283,0.02053472366790973,25.050972666455774,0.0008197176190051303,0.1794319350355277,0.41255230387109754
r480x300,480,300,20260808_145501,ihawk1,10.0,0,3,3,1,0.0817696195395005,0.16071287349965924,23.098283985503457,0.006957784119397054,0.5221267597402459,0.8259297009324528
r480x300,480,300,20260808_145501,ihawk1,10.0,1,3,3,1,0.006290881521523953,0.01817091080103025,20.934028747182314,0.0008680083045876215,1.542600756562219,2.5726601284467954
r480x300,480,300,20260808_145501,ihawk1,10.0,2,3,3,1,0.02097294117129968,0.035710573745939195,34.429209587137635,0.0010372173562555518,0.8632258283564682,1.4101307053074361
r480x300,480,300,20260808_145501,ihawk1,10.0,3,3,3,1,0.023714994523992883,0.054807983323437386,28.91696668770669,0.001895357279874642,0.674345237544991,1.0577696237224377
r480x300,480,300,20260808_145501,ihawk1,10.0,4,3,3,1,0.005771602583106543,0.018186107117360944,25.480271764400428,0.000713732855187578,0.05829094538823304,0.20901427141482934
r480x300,480,300,20260808_145501,ihawk1,15.0,0,3,3,1,0.0780059349409622,0.14903183245223925,22.835051483764005,0.006526450468403921,0.5385526663386851,1.066230950367086
r480x300,480,300,20260808_145501,ihawk1,15.0,1,3,3,1,0.0065639839654455835,0.015745919545427502,20.48370892884512,0.00076870451538462,0.4241814745277064,0.963209914062624
r480x300,480,300,20260808_145501,ihawk1,15.0,2,3,3,1,0.03291186263890005,0.074315879891577,34.45409877787209,0.0021569532371372275,0.934561502306517,1.5664202422310904
r480x300,480,300,20260808_145501,ihawk1,15.0,3,3,3,1,0.08297552760107393,0.15297199805439468,28.9624053700587,0.005281743560309978,0.7686397806217502,1.2253679926113994
r480x300,480,300,20260808_145501,ihawk1,15.0,4,3,3,1,0.004368906835531444,0.014386628596458647,25.251582760826384,0.000569731756330819,0.13863696726553268,0.3544570642384489
r480x300,480,300,20260808_145501,ihawk1,20.0,0,3,3,1,0.1305507074467226,0.2542221759749909,22.902308475445043,0.011100286080224531,0.38824526919677876,0.8380900644681288
r480x300,480,300,20260808_145501,ihawk1,20.0,1,3,3,1,0.019824578350916375,0.03647436030638857,20.85556583793941,0.001748902935063801,0.7280574100246197,1.130744281801931
r480x300,480,300,20260808_145501,ihawk1,20.0,2,3,3,1,0.043177876252689595,0.08979256961784327,33.96300810424675,0.0026438344136724325,1.0252353066427227,1.8513015050502517
r480x300,480,300,20260808_145501,ihawk1,20.0,3,3,3,1,0.014723207634897435,0.026111616567697445,29.235595164430645,0.000893144689575741,0.9213593223003478,1.4033847243667608
r480x300,480,300,20260808_145501,ihawk1,20.0,4,3,3,1,0.011578565433619572,0.021553772503661795,25.23616460250044,0.000854082735754791,0.21027486571000154,0.381693928060605
r480x300,480,300,20260808_145501,ihawk1,25.0,0,3,3,1,0.021281124114323993,0.02779757353946286,23.66409142627829,0.0011746731805048073,0.759554076218868,1.2378018270840658
r480x300,480,300,20260808_145501,ihawk1,25.0,1,3,3,1,0.39931450552458475,0.7859058962794189,21.71981443847716,0.03618382185103608,1.5932938528213962,3.553927199321898
r480x300,480,300,20260808_145501,ihawk1,25.0,2,3,3,1,0.007653108640996678,0.023397537195569782,33.25888825363862,0.0007034972731841096,0.5346023915690953,1.0591622271746726
r480x300,480,300,20260808_145501,ihawk1,25.0,3,3,3,1,0.04737196535965618,0.08708469689335276,28.026217700271644,0.0031072582759716695,0.8445145763297829,2.12039652150963
r480x300,480,300,20260808_145501,ihawk1,25.0,4,3,3,1,0.015956747334781057,0.02807470943391296,25.163598869435432,0.0011156873696637035,0.22756673299513577,0.37883602661813287
r480x300,480,300,20260808_145501,ihawk1,30.0,0,3,3,1,0.013511397506325379,0.02716885539304797,23.21117896103358,0.001170507342115558,0.5241849909390419,1.886790750930777
r480x300,480,300,20260808_145501,ihawk1,30.0,1,3,3,1,0.0690850044146378,0.13840639951383585,20.96113964372815,0.006602999735047749,0.31286159277728304,1.359188690486598
r480x300,480,300,20260808_145501,ihawk1,30.0,2,3,3,1,0.007394970108203595,0.013424225765160393,33.52856262576339,0.00040038178537499247,0.3877779913077071,1.0408065296444935
r480x300,480,300,20260808_145501,ihawk1,30.0,3,3,3,1,0.011388039794725678,0.02241764000876839,28.11112867975847,0.0007974649564643878,0.07511310867110606,0.42776390052224167
r480x300,480,300,20260808_145501,ihawk1,30.0,4,3,3,1,0.013089379711386425,0.03198178734409196,25.2633126653342,0.0012659379934752862,0.13076347016543993,0.31436086501990634
r480x300,480,300,20260808_145501,ihawk1,35.0,0,3,3,1,0.006799262259434916,0.017503362910485914,24.37408450217744,0.0007181136550553218,0.08105416247674382,1.242454061604979
r480x300,480,300,20260808_145501,ihawk1,35.0,1,3,3,1,0.06957263332476106,0.1544228855338269,22.127373613817568,0.006978816746574778,0.7332100720597357,1.7889474019156573
r480x300,480,300,20260808_145501,ihawk1,35.0,2,3,3,1,0.008080542288733223,0.021574067034168424,33.27865246758035,0.00064828547535648,0.5074575718336202,0.9867429488739103
r480x300,480,300,20260808_145501,ihawk1,35.0,3,3,3,1,0.010431467078545857,0.02307385796571584,28.02406747851497,0.0008233586356943269,0.7884060969855895,1.4714798254085641
r480x300,480,300,20260808_145501,ihawk1,35.0,4,3,3,1,0.015448225001934492,0.02546506414068682,25.332572305930196,0.0010052300979607038,0.0867508393073778,0.19364880040497287
r480x300,480,300,20260808_145501,ihawk1,40.0,0,3,3,1,0.01846378365364911,0.04185908149168171,24.689991281810787,0.0016953866452970139,1.0679646119417225,2.1989959416461677
r480x300,480,300,20260808_145501,ihawk1,40.0,1,3,0,0,nan,nan,nan,nan,nan,nan
r480x300,480,300,20260808_145501,ihawk1,40.0,2,3,3,1,0.38856616716496095,0.7690945673816136,33.061448267549544,0.023262579459850673,0.5025899361522591,1.048751477137861
r480x300,480,300,20260808_145501,ihawk1,40.0,3,3,3,1,0.008158034334380495,0.014744337936587387,28.570692183824836,0.0005160651286192788,0.5606515835561022,1.5516191146267606
r480x300,480,300,20260808_145501,ihawk1,40.0,4,3,3,1,0.009679423870720806,0.017998307689105944,25.40241321175101,0.0007085274748928196,0.2328406530179706,0.38421593639041174
r480x300,480,300,20260808_145501,ihawk1,45.0,0,3,0,0,nan,nan,nan,nan,nan,nan
r480x300,480,300,20260808_145501,ihawk1,45.0,1,3,3,1,0.00704705407494997,0.014085370795513,20.53208457806456,0.0006860175712777405,0.43178757437356874,1.5431762405783576
r480x300,480,300,20260808_145501,ihawk1,45.0,2,3,3,1,0.3031775877177204,0.6020353102581405,32.29794721502075,0.01864004873901562,0.7049176149957104,1.215557311766144
r480x300,480,300,20260808_145501,ihawk1,45.0,3,3,3,1,0.008529137189287859,0.016580135671617983,27.67597338334897,0.0005990804891290035,1.0305532436546783,1.8928490878138382
r480x300,480,300,20260808_145501,ihawk1,45.0,4,3,3,1,0.008366257628612926,0.022920098553513703,25.353520614508522,0.0009040203489687229,0.12599657539025405,0.26559984893620514
r480x300,480,300,20260808_145501,ihawk1,50.0,0,3,3,1,0.01421080629361727,0.03541393256490153,23.56561356563685,0.001502779991968543,0.34781490638814244,0.869221561332842
r480x300,480,300,20260808_145501,ihawk1,50.0,1,3,3,1,0.6043683575897029,1.1977052698834816,20.21057692043981,0.05926131028314148,0.823211888947747,2.725697937492151
r480x300,480,300,20260808_145501,ihawk1,50.0,2,3,3,1,0.48090146424430297,0.9602591612959769,33.33597796584212,0.0288054894408651,0.793220612953058,3.1868787544808694
r480x300,480,300,20260808_145501,ihawk1,50.0,3,3,3,1,0.00894229426738137,0.015231586839959323,28.28026833595099,0.0005385941412937844,0.43116220394394617,0.753424815896339
r480x300,480,300,20260808_145501,ihawk1,50.0,4,3,3,1,0.0060051084495237605,0.02427075937987803,25.5071158444246,0.0009515289587389076,0.0811806819241343,0.26434601091612514
r480x300,480,300,20260808_145501,ihawk2,0.0,0,3,3,1,0.01034473509874483,0.022008230116614902,39.520434947068566,0.0005568822849771638,0.03621242247408033,0.1644588098312042
r480x300,480,300,20260808_145501,ihawk2,0.0,1,3,3,1,0.00679920222732763,0.02308254925257795,27.93759467038612,0.0008262182025657877,0.06324017047710094,0.13549351796798748
r480x300,480,300,20260808_145501,ihawk2,0.0,2,3,3,1,0.009780474252117454,0.02359939271542426,38.39450441592256,0.0006146554845395365,0.01729415891398245,0.11083288656387628
r480x300,480,300,20260808_145501,ihawk2,0.0,3,3,3,1,0.006617536816426228,0.015289414554599673,27.213451385830197,0.0005618329824404682,0.09537368258863231,0.1167062364247743
r480x300,480,300,20260808_145501,ihawk2,0.0,4,3,3,1,0.006740048071590912,0.012231274302771837,31.419041329770735,0.0003892949557051647,0.1083864788299937,0.1801319431529238
r480x300,480,300,20260808_145501,ihawk2,5.0,0,3,3,1,0.006671068673422883,0.02522943598913285,39.498331983298776,0.0006387468716350023,0.1010753527755739,0.15293400324929643
r480x300,480,300,20260808_145501,ihawk2,5.0,1,3,3,1,0.005093474750222815,0.011970331247723558,27.995565158546366,0.0004275795534018468,0.04336234096719696,0.13124203253598116
r480x300,480,300,20260808_145501,ihawk2,5.0,2,3,3,1,0.004860413946953778,0.015248454797639267,38.38214720703437,0.0003972798789861515,0.11426976951138823,0.1688536665373615
r480x300,480,300,20260808_145501,ihawk2,5.0,3,3,3,1,0.008796546441989088,0.013302023853397045,27.414421582459852,0.00048521993482101677,0.08029905543159961,0.11258701011017094
r480x300,480,300,20260808_145501,ihawk2,5.0,4,3,3,1,0.007986157153406889,0.014144952633645838,31.50210159741715,0.0004490161581729385,0.07491405433822217,0.13766086206024597
r480x300,480,300,20260808_145501,ihawk2,10.0,0,3,3,1,0.01000313904205595,0.03122734045600431,39.820359976171005,0.0007842053782208683,0.0824843302461282,0.20537288748642224
r480x300,480,300,20260808_145501,ihawk2,10.0,1,3,3,1,0.00963600579790988,0.02244978549550831,28.25776847302087,0.0007944642025410557,0.05546578243013762,0.20373568396098757
r480x300,480,300,20260808_145501,ihawk2,10.0,2,3,3,1,0.008215147399870991,0.018633314605218332,38.66634356337318,0.00048190009419118697,0.07725636415737838,0.1493175385442419
r480x300,480,300,20260808_145501,ihawk2,10.0,3,3,3,1,0.003008940998627122,0.008911921135496001,27.58230324619721,0.00032310286258362754,0.022418212452072137,0.1350551294857136
r480x300,480,300,20260808_145501,ihawk2,10.0,4,3,3,1,0.0051157142489197905,0.022351429020769448,31.72642227245522,0.0007045051858927973,0.062123651724723616,0.130508389153265
r480x300,480,300,20260808_145501,ihawk2,15.0,0,3,3,1,0.01148534852910088,0.025806438833140367,39.87924232242014,0.0006471145721500323,0.05741335641216463,0.10472005990338996
r480x300,480,300,20260808_145501,ihawk2,15.0,1,3,3,1,0.014961570800366246,0.019462799286424654,28.170115782241425,0.0006909023532907911,0.03886474397887066,0.15381134659794385
r480x300,480,300,20260808_145501,ihawk2,15.0,2,3,3,1,0.006862576701489146,0.017706606870110993,38.55668282333815,0.0004592357426400095,0.06135923185134115,0.11027419574468333
r480x300,480,300,20260808_145501,ihawk2,15.0,3,3,3,1,0.0076143782918751375,0.016893675160480622,27.491559970751798,0.0006145040579164573,0.07938713606883326,0.13487033600436166
r480x300,480,300,20260808_145501,ihawk2,15.0,4,3,3,1,0.00787473617040191,0.011341808478326583,31.77534819523001,0.0003569373467960666,0.08999632657206387,0.15732072757525192
r480x300,480,300,20260808_145501,ihawk2,20.0,0,3,3,1,0.006357864605837986,0.01836265230224152,39.799756307052284,0.0004613759983999642,0.10087770043513784,0.11560990321633183
r480x300,480,300,20260808_145501,ihawk2,20.0,1,3,3,1,0.009275987190080113,0.020638467369592708,28.113640666974003,0.0007341086703806874,0.0960167845341561,0.20311396198333587
r480x300,480,300,20260808_145501,ihawk2,20.0,2,3,3,1,0.008552461826320865,0.01147439293623443,38.63195039001384,0.00029701821472623605,0.11219788952284417,0.19242803410032655
r480x300,480,300,20260808_145501,ihawk2,20.0,3,3,3,1,0.013140419549316329,0.028284027301361304,27.434426608555025,0.001030968414427927,0.02998638328147797,0.07673450249292792
r480x300,480,300,20260808_145501,ihawk2,20.0,4,3,3,1,0.00974066452542452,0.01983534821774208,31.556804910153488,0.0006285600926397971,0.05761968803455622,0.12604409263445016
r480x300,480,300,20260808_145501,ihawk2,25.0,0,3,3,1,0.008071005360256452,0.029960880606450524,39.31036678532579,0.0007621623265452373,0.03913221779083424,0.13719110504405158
r480x300,480,300,20260808_145501,ihawk2,25.0,1,3,3,1,0.015644769796257067,0.02714490155121294,27.143682570908464,0.0010000449084350028,1.0420870176086434,2.0979788108910995
r480x300,480,300,20260808_145501,ihawk2,25.0,2,3,3,1,0.007793007407367994,0.023302838847113826,38.54239752471376,0.0006046027321515694,0.12744234418868294,0.22148918447144228
r480x300,480,300,20260808_145501,ihawk2,25.0,3,3,3,1,0.02882755573051661,0.044195456162445856,27.28897459807602,0.001619535245034887,0.8747776859217542,1.4523330572240285
r480x300,480,300,20260808_145501,ihawk2,25.0,4,3,3,1,0.008458476982939602,0.016582738749780123,31.489667769226802,0.0005266088823580909,0.05978802650795552,0.13843097623168227
r480x300,480,300,20260808_145501,ihawk2,30.0,0,3,3,1,0.517359034202041,1.0124335997777354,40.881939581608805,0.024764813268135396,1.077801265831344,2.1839344587115193
r480x300,480,300,20260808_145501,ihawk2,30.0,1,3,3,1,0.023193149925114082,0.03827206113777747,28.299474926954236,0.0013523947435973346,0.48459587103530394,0.8620344186079149
r480x300,480,300,20260808_145501,ihawk2,30.0,2,3,3,1,0.01533601541415943,0.03296521463277176,38.032669624787225,0.000866760470879151,0.17409645024101747,0.5774019659720553
r480x300,480,300,20260808_145501,ihawk2,30.0,3,3,3,1,0.008166930101612136,0.021811923812622067,27.522230405927058,0.0007925202096965496,1.0686116821488503,1.5854176104485365
r480x300,480,300,20260808_145501,ihawk2,30.0,4,3,3,1,0.01274521440053371,0.024580848276244936,31.776266592681583,0.0007735599839757818,0.03763702261379656,0.09993561354575399
r480x300,480,300,20260808_145501,ihawk2,35.0,0,3,3,1,0.010976205421805801,0.019887146619988857,39.78477473474572,0.0004998682725384536,0.07234613722584848,0.12426830292890027
r480x300,480,300,20260808_145501,ihawk2,35.0,1,3,3,1,0.025704098905296072,0.04008911218601999,27.79688317873843,0.0014422160904962096,0.7006638775945466,1.436067432285454
r480x300,480,300,20260808_145501,ihawk2,35.0,2,3,3,1,0.013755380172476768,0.018868743709057906,38.50333091376674,0.0004900548410036766,0.06493982917261783,0.11899886530849106
r480x300,480,300,20260808_145501,ihawk2,35.0,3,3,3,1,0.036050927664378674,0.061592592442652416,27.605164240752085,0.0022311981883348635,0.6493911769257567,1.1262136822137534
r480x300,480,300,20260808_145501,ihawk2,35.0,4,3,3,1,0.000672934788552964,0.00441879928948129,31.556173240995008,0.00014002963083434888,0.07937950103219994,0.18506832797569284
r480x300,480,300,20260808_145501,ihawk2,40.0,0,3,3,1,0.008598549569696235,0.0280881425172783,39.68612095128638,0.0007077573177725211,0.08456788459837757,0.40389598167272195
r480x300,480,300,20260808_145501,ihawk2,40.0,1,3,3,1,0.016734662131195125,0.02540846322109852,28.061902609019782,0.0009054433541128326,0.8778570686997665,1.3927987756990188
r480x300,480,300,20260808_145501,ihawk2,40.0,2,3,3,1,0.01002540991206983,0.023188986561236486,37.93904718891441,0.0006112168933966319,0.2811765683684149,0.6310522956608341
r480x300,480,300,20260808_145501,ihawk2,40.0,3,3,3,1,0.008711272767381586,0.018912060738589368,27.092335640790534,0.0006980594434285374,0.6327260657473417,1.480545583897733
r480x300,480,300,20260808_145501,ihawk2,40.0,4,3,3,1,0.0018703559969184336,0.005548464120114896,31.6692271329653,0.00017520049026833873,0.039273319063601285,0.07868291717255993
r480x300,480,300,20260808_145501,ihawk2,45.0,0,3,3,1,0.011197968642206999,0.017381672141157618,39.891944366558086,0.0004357188504386086,0.08744244821602509,0.1891525851898748
r480x300,480,300,20260808_145501,ihawk2,45.0,1,3,3,1,0.030967061987535353,0.06302978531152477,28.203571505512425,0.002234815732440323,0.6564786290785974,1.0748759725260064
r480x300,480,300,20260808_145501,ihawk2,45.0,2,3,3,1,0.01654610777144315,0.030803355095082256,38.30721356961149,0.0008041136962130305,0.16658381775687486,0.31664387831782637
r480x300,480,300,20260808_145501,ihawk2,45.0,3,3,3,1,0.010848594303341515,0.024632810493330517,29.204216669030682,0.0008434675982750166,1.214786202527171,1.7907913208227415
r480x300,480,300,20260808_145501,ihawk2,45.0,4,3,3,1,0.0023438727872576045,0.007253255984139439,31.817965864889356,0.00022796102098227773,0.05970032030702497,0.10964783146968986
r480x300,480,300,20260808_145501,ihawk2,50.0,0,3,3,1,0.004762503698685696,0.017129790832884604,39.869609770279276,0.0004296453095875038,0.0586885538130534,0.14773556306688782
r480x300,480,300,20260808_145501,ihawk2,50.0,1,3,3,1,0.0171165184126541,0.03588126181264926,28.426373502932368,0.001262252527883934,0.4490430539576838,0.9156271161215115
r480x300,480,300,20260808_145501,ihawk2,50.0,2,3,3,1,0.00655590870378829,0.01342626835519134,37.871056014971174,0.00035452585082083985,0.5137832919366283,0.8461525836546943
r480x300,480,300,20260808_145501,ihawk2,50.0,3,3,3,1,0.014965353019578805,0.025476061076367938,27.295491186087048,0.000933343199530093,0.394233308731613,0.7272639618774873
r480x300,480,300,20260808_145501,ihawk2,50.0,4,3,3,1,0.004311729959451998,0.011148914254324974,31.62127004310091,0.0003525764221085557,0.05574656836912062,0.1402996825506614
r480x300,480,300,20260808_151001,ihawk1,0.0,0,3,3,1,0.008094963325452637,0.011323451762699768,23.90843012846685,0.0004736175358170994,0.4163096608115925,0.8591893863234124
r480x300,480,300,20260808_151001,ihawk1,0.0,1,3,3,1,0.2118573058790881,0.4254041740670184,20.73211995455556,0.020519087049442934,0.7249963004964886,1.1483554489185432
r480x300,480,300,20260808_151001,ihawk1,0.0,2,3,3,1,0.008051529907038054,0.013635067784754587,33.580467029047774,0.0004060416364358477,0.030932384660002622,0.16984460752900188
r480x300,480,300,20260808_151001,ihawk1,0.0,3,3,3,1,0.017365397646004397,0.02267338738761925,28.371168955324787,0.0007991700103482638,0.3245225985005842,0.4486845536010036
r480x300,480,300,20260808_151001,ihawk1,0.0,4,3,3,1,0.0026806252161120357,0.015279263546974833,25.23330765236932,0.0006055196471850635,0.114706167508825,0.3399761240718208
r480x300,480,300,20260808_151001,ihawk1,5.0,0,3,3,1,0.008734822190974436,0.028595322732522573,22.937719213833365,0.0012466506571968672,0.564657746027648,0.966535060946936
r480x300,480,300,20260808_151001,ihawk1,5.0,1,3,3,1,0.14552582562832436,0.2536932200110037,20.61399760130506,0.012306842414444763,1.8436671968923906,3.245424524008293
r480x300,480,300,20260808_151001,ihawk1,5.0,2,3,3,1,0.0326916359451219,0.05894441869981389,33.68702195916751,0.0017497663869267283,0.32767690125579957,0.6304853078995601
r480x300,480,300,20260808_151001,ihawk1,5.0,3,3,3,1,0.012307031777439787,0.025680957868977967,29.209130034041436,0.0008792099538414323,0.6004979841170146,1.5309333167580366
r480x300,480,300,20260808_151001,ihawk1,5.0,4,3,3,1,0.005722865418824434,0.014826558973481799,25.322888581308167,0.0005855003044331156,0.15721897383111003,0.2820482673024827
r480x300,480,300,20260808_151001,ihawk1,10.0,0,3,3,1,0.45419998066484407,0.9420548706674837,22.689412186154907,0.04151958027552279,0.33211953316067216,0.5579698775368728
r480x300,480,300,20260808_151001,ihawk1,10.0,1,3,3,1,0.011017988187527807,0.020173811070765633,20.5922696832275,0.0009796788494469504,0.5595307133882006,1.1596487851201507
r480x300,480,300,20260808_151001,ihawk1,10.0,2,3,3,1,0.021544152428806862,0.03338152511141435,34.06596807308808,0.0009799083073111186,0.7092648693318365,0.9339889527047233
r480x300,480,300,20260808_151001,ihawk1,10.0,3,3,3,1,0.027491098396249854,0.06777731680458159,28.836191519970413,0.0023504253936461276,0.789802334557582,1.2837082773495803
r480x300,480,300,20260808_151001,ihawk1,10.0,4,3,3,1,0.009785709508345864,0.030507528275056633,25.43973659774497,0.001199207710262255,0.03203224803520878,0.20967135364463443
r480x300,480,300,20260808_151001,ihawk1,15.0,0,3,3,1,0.01083386944644176,0.011725553256744863,23.02320708610347,0.0005092927850100547,0.3123095282147196,0.7250093422891927
r480x300,480,300,20260808_151001,ihawk1,15.0,1,3,3,1,0.23480871876133946,0.4674187847128361,21.005956758433737,0.022251725550428494,1.1610262438985806,2.008054641115848
r480x300,480,300,20260808_151001,ihawk1,15.0,2,3,3,1,0.00981516546416536,0.030747652809281125,33.90267595574628,0.000906938816552904,0.6102812950588596,1.0993273765449587
r480x300,480,300,20260808_151001,ihawk1,15.0,3,3,3,1,0.021949400846524417,0.048206569003531964,29.155941329832142,0.0016534046511544926,0.5602741687130963,0.9898764005128151
r480x300,480,300,20260808_151001,ihawk1,15.0,4,3,3,1,0.0061226251293822025,0.017038364009109734,25.16871193867434,0.0006769660700406571,0.16018738418684403,0.37083843761946905
r480x300,480,300,20260808_151001,ihawk1,20.0,0,3,3,1,0.011283653618272644,0.01994767253616784,22.536445000767014,0.000885129510687641,1.1017116336200288,2.19624715700627
r480x300,480,300,20260808_151001,ihawk1,20.0,1,3,3,1,0.46945620250444,0.9328856905541619,20.783386701584792,0.044886124862557976,1.498702145856667,2.390594336441102
r480x300,480,300,20260808_151001,ihawk1,20.0,2,3,3,1,0.031267616117782414,0.07073362843295374,34.191023803784724,0.0020687777247876383,0.7550627102203237,1.214780146015849
r480x300,480,300,20260808_151001,ihawk1,20.0,3,3,3,1,0.016156900885642204,0.03158722675446573,29.20608621293721,0.0010815289157255778,0.9065099949651154,1.5122712884306169
r480x300,480,300,20260808_151001,ihawk1,20.0,4,3,3,1,0.010832678089931179,0.017663081897976694,25.352944550360224,0.0006966875923580139,0.14002182981911998,0.3928469163052671
r480x300,480,300,20260808_151001,ihawk1,25.0,0,3,0,0,nan,nan,nan,nan,nan,nan
r480x300,480,300,20260808_151001,ihawk1,25.0,1,3,0,0,nan,nan,nan,nan,nan,nan
r480x300,480,300,20260808_151001,ihawk1,25.0,2,3,3,1,0.02382963193534063,0.0449394405706579,33.349930430380674,0.0013475122733605336,0.356716887794643,0.8566040168466568
r480x300,480,300,20260808_151001,ihawk1,25.0,3,3,3,1,0.00887501676778332,0.013046431104889664,28.230051643739667,0.00046214690888753146,0.7491084223928344,1.5378239550850568
r480x300,480,300,20260808_151001,ihawk1,25.0,4,3,3,1,0.010159470551554679,0.023761295350793268,25.36390445253993,0.0009368153627630395,0.08922195637540796,0.2638697109762285
r480x300,480,300,20260808_151001,ihawk1,30.0,0,3,3,1,0.019808322891584608,0.03961002196521756,23.46032571138268,0.0016883832923939002,1.1391207387130045,1.5932957512930381
r480x300,480,300,20260808_151001,ihawk1,30.0,1,3,3,1,0.015003396933554862,0.026780004684042322,21.87780709163287,0.0012240717075471558,0.9751132411001109,2.187082300721354
r480x300,480,300,20260808_151001,ihawk1,30.0,2,3,3,1,0.29072842840342333,0.7610601133610507,33.11178673415491,0.022984567986964438,0.4409548952991827,1.0676517889922543
r480x300,480,300,20260808_151001,ihawk1,30.0,3,3,3,1,0.00787810606301979,0.015587232710534195,27.794533202401414,0.0005608021043932293,0.21190487743650593,0.387198445764253
r480x300,480,300,20260808_151001,ihawk1,30.0,4,3,3,1,0.02649397731220195,0.041666005491379714,25.557642012221304,0.0016302758083650917,0.1782907077703424,0.3311609631838759
r480x300,480,300,20260808_151001,ihawk1,35.0,0,3,3,1,0.07683230492835509,0.159749550773476,23.09221682915302,0.006917895841502685,1.2771268221896057,1.7950812336468212
r480x300,480,300,20260808_151001,ihawk1,35.0,1,3,3,1,0.011608377150258429,0.027532386020574433,21.60179211055413,0.0012745417546687135,0.8156994955835685,1.374265795398932
r480x300,480,300,20260808_151001,ihawk1,35.0,2,3,3,1,0.5623329489475201,1.1146774966275326,35.55502620775272,0.03135077134001602,0.273879337408556,0.45694784521783777
r480x300,480,300,20260808_151001,ihawk1,35.0,3,3,3,1,0.00943201822246942,0.017408592145853195,27.454447343280435,0.0006340900593693431,1.0447225866696406,1.8189068984582524
r480x300,480,300,20260808_151001,ihawk1,35.0,4,3,3,1,0.012444360855996518,0.025165172328067545,25.53955502732643,0.0009853410641313717,0.20695788319158126,0.36368060708801625
r480x300,480,300,20260808_151001,ihawk1,40.0,0,3,3,1,0.013748184730762315,0.03592379430745097,23.877664255406874,0.0015044936524440979,1.1395742206509751,1.5153913886408792
r480x300,480,300,20260808_151001,ihawk1,40.0,1,3,3,1,0.9869974503866482,1.6657426113800138,21.65905788077917,0.07690743616592108,1.1829851150457742,2.180177639034837
r480x300,480,300,20260808_151001,ihawk1,40.0,2,3,3,1,0.435326974644108,0.8728486898239708,33.274401920295126,0.026231837071475427,0.45749831261406887,0.7017330756398565
r480x300,480,300,20260808_151001,ihawk1,40.0,3,3,3,1,0.01116941377779169,0.02198447706201906,27.636682278173538,0.0007954817745754385,0.6141005892095697,1.4811187096956817
r480x300,480,300,20260808_151001,ihawk1,40.0,4,3,3,1,0.008379421039926565,0.019970542448554045,25.57522024041732,0.0007808551504473058,0.2669313659926469,0.4653627434112525
r480x300,480,300,20260808_151001,ihawk1,45.0,0,3,3,1,0.005650311965109332,0.01444074541599531,24.271315737684343,0.0005949716765281988,0.11383160320630516,0.9636943431749583
r480x300,480,300,20260808_151001,ihawk1,45.0,1,3,2,0,0.05145476902346632,0.10061793605372864,22.354221577707047,0.00450107089186549,1.5202310836971082,2.6343141029846358
r480x300,480,300,20260808_151001,ihawk1,45.0,2,3,3,1,0.0035808672380639567,0.0143471538452418,34.161569392911666,0.0004199793539994317,0.42756625257455744,1.6079213767505351
r480x300,480,300,20260808_151001,ihawk1,45.0,3,3,3,1,0.007628808646606104,0.014142661006959309,27.902385965261615,0.0005068620663683342,0.41786989435041555,1.2097157536656193
r480x300,480,300,20260808_151001,ihawk1,45.0,4,3,3,1,0.03110565703687783,0.06424951270351544,25.49228488503122,0.002520351274641608,0.18565322859759387,0.34475143805220354
r480x300,480,300,20260808_151001,ihawk1,50.0,0,3,3,1,0.015838721410751298,0.025360097220783858,23.11414722355845,0.0010971677637726684,1.1368155527774662,2.207616227702008
r480x300,480,300,20260808_151001,ihawk1,50.0,1,3,3,1,0.05605509307369352,0.11933803811630984,21.937071896697887,0.005440016729592494,1.3169364577269027,3.351932831695896
r480x300,480,300,20260808_151001,ihawk1,50.0,2,3,3,1,0.0186730430920828,0.03255819969642528,34.70861176084202,0.0009380438468921188,0.4929493361175835,1.647989036008397
r480x300,480,300,20260808_151001,ihawk1,50.0,3,3,3,1,0.00550231851053373,0.0168627435889238,28.05885066724113,0.0006009777017920107,0.3160833638861043,1.0229850010321626
r480x300,480,300,20260808_151001,ihawk1,50.0,4,3,3,1,0.013015318515066,0.021025637689358678,25.44581221398256,0.0008262906883280786,0.2524915917414841,0.40448554109227514
r480x300,480,300,20260808_151001,ihawk2,0.0,0,3,3,1,0.0100055644555626,0.01887333389742536,39.69563340491095,0.00047545113350151106,0.013149541582509881,0.11484854047248674
r480x300,480,300,20260808_151001,ihawk2,0.0,1,3,3,1,0.012366213011302585,0.017757349155417063,27.924454543081808,0.0006359067507664671,0.08416494198622698,0.1624535334391239
r480x300,480,300,20260808_151001,ihawk2,0.0,2,3,3,1,0.008516312528869153,0.01620487832991505,38.334107101444154,0.0004227274235716988,0.04486121540102373,0.15531528265262295
r480x300,480,300,20260808_151001,ihawk2,0.0,3,3,3,1,0.010954818489141586,0.03050322282146757,27.10418860265837,0.0011254062340193363,0.0571559021908272,0.1269191363270391
r480x300,480,300,20260808_151001,ihawk2,0.0,4,3,3,1,0.007354303275616502,0.012633227103726219,31.503369965721777,0.0004010119272151581,0.03844167644128321,0.12275399809790716
r480x300,480,300,20260808_151001,ihawk2,5.0,0,3,3,1,0.008477557615278712,0.013994450099011936,39.58237761611917,0.00035355253882760605,0.054029225893906324,0.1621755522309638
r480x300,480,300,20260808_151001,ihawk2,5.0,1,3,3,1,0.014998126605302775,0.032432085254038366,28.10404527425962,0.001154000605163513,0.10833024600544569,0.17664394538661365
r480x300,480,300,20260808_151001,ihawk2,5.0,2,3,3,1,0.006598674394051661,0.016356028646331608,38.549247828712694,0.00042428917728841193,0.03521859507970016,0.10536073853889123
r480x300,480,300,20260808_151001,ihawk2,5.0,3,3,3,1,0.008939041942158638,0.025559627295257476,27.40019628784934,0.0009328264303928338,0.06995539493140498,0.13834474179318476
r480x300,480,300,20260808_151001,ihawk2,5.0,4,3,3,1,0.008720467458401207,0.017602558841094254,31.601807136532432,0.0005570111470221993,0.022835511955086794,0.11983895944777921
r480x300,480,300,20260808_151001,ihawk2,10.0,0,3,3,1,0.008408019352968907,0.019067875241643144,39.64026137266246,0.0004810229443843458,0.08304250033679222,0.13023111655666184
r480x300,480,300,20260808_151001,ihawk2,10.0,1,3,3,1,0.008679620705704138,0.017923439207586562,28.096395254705442,0.0006379266466428584,0.017549257845831202,0.13171533807780672
r480x300,480,300,20260808_151001,ihawk2,10.0,2,3,3,1,0.010665530128494617,0.014973964476161809,38.563744006206385,0.0003882912528864398,0.013677927316269866,0.10417872746502473
r480x300,480,300,20260808_151001,ihawk2,10.0,3,3,3,1,0.01055807447625134,0.01656627575559316,27.391765930676584,0.0006047903518714089,0.07111330671987859,0.14335846627801047
r480x300,480,300,20260808_151001,ihawk2,10.0,4,3,3,1,0.006483403430549972,0.015547814135239623,31.68830002588221,0.0004906484135324571,0.06611912967920117,0.10019723893148766
r480x300,480,300,20260808_151001,ihawk2,15.0,0,3,3,1,0.008418881761761782,0.012269084413249252,39.50794684625397,0.00031054725422697004,0.02906361046514949,0.16029250727477348
r480x300,480,300,20260808_151001,ihawk2,15.0,1,3,3,1,0.02568590645941941,0.033715949177345474,28.44868961852012,0.0011851494613444819,0.08531231291509588,0.1747926096129856
r480x300,480,300,20260808_151001,ihawk2,15.0,2,3,3,1,0.020660086375009316,0.02980155277341658,38.54418623762012,0.0007731789326072085,0.03906240678483389,0.1386075380821248
r480x300,480,300,20260808_151001,ihawk2,15.0,3,3,3,1,0.01217254098902542,0.026097076242365815,27.400231412145903,0.0009524399940212757,0.06819340568441477,0.1293516987107829
r480x300,480,300,20260808_151001,ihawk2,15.0,4,3,3,1,0.010676557571884985,0.018871872500160813,31.66900901474762,0.0005959097896423776,0.03406970782920713,0.10415763045893675
r480x300,480,300,20260808_151001,ihawk2,20.0,0,3,3,1,0.01083730746027414,0.02911216489920031,39.681415552139136,0.0007336473382848093,0.032719535401237225,0.1251898338092341
r480x300,480,300,20260808_151001,ihawk2,20.0,1,3,3,1,0.015540367675386977,0.024477599084771817,28.203084647071083,0.0008679050320587482,0.08743324221449834,0.21284560170457648
r480x300,480,300,20260808_151001,ihawk2,20.0,2,3,3,1,0.011293540009855496,0.022038932550828744,38.75946946637094,0.0005686076939198172,0.028998277709743787,0.1905675442732887
r480x300,480,300,20260808_151001,ihawk2,20.0,3,3,3,1,0.007760553676430286,0.018377493461972285,27.426041213009512,0.0006700745951353323,0.05031488531875383,0.21517932248755142
r480x300,480,300,20260808_151001,ihawk2,20.0,4,3,3,1,0.014254495285480203,0.027980763553801805,31.673855408539357,0.0008834025158256584,0.0726095300681874,0.14378053776957925
r480x300,480,300,20260808_151001,ihawk2,25.0,0,3,3,1,0.010936655838980612,0.025654389676059843,39.97267891417988,0.0006417981074308038,0.09411879612355066,0.1402743761741602
r480x300,480,300,20260808_151001,ihawk2,25.0,1,3,3,1,0.015218080069941409,0.030120862778802437,28.40649656727655,0.0010603512019676789,0.46644132890477275,0.7873988029399721
r480x300,480,300,20260808_151001,ihawk2,25.0,2,3,3,1,0.07707082016464818,0.1536058028326031,39.27497967932109,0.0039110345590701616,0.4762267183657129,1.6335221868964522
r480x300,480,300,20260808_151001,ihawk2,25.0,3,3,3,1,0.060518632095100396,0.11305162062893083,27.614255926772092,0.004093958603437401,0.44363643544879316,0.847237858849935
r480x300,480,300,20260808_151001,ihawk2,25.0,4,3,3,1,0.006763121313564761,0.014538877205468856,31.836269614297247,0.0004566765321945772,0.025951908318221282,0.04927624009954956
r480x300,480,300,20260808_151001,ihawk2,30.0,0,3,3,1,0.02543899126411658,0.04359998590755524,40.445552849913774,0.0010779920865304278,0.1873828271018259,0.32703364714476946
r480x300,480,300,20260808_151001,ihawk2,30.0,1,3,3,1,0.010737493561958347,0.018973623666701054,27.582603316958984,0.0006878837160028055,0.9955199962145331,1.7726581589448458
r480x300,480,300,20260808_151001,ihawk2,30.0,2,3,3,1,0.05926459931887795,0.11289672967867893,39.749648699719216,0.00284019440100049,1.0973748451235945,2.1431403480633846
r480x300,480,300,20260808_151001,ihawk2,30.0,3,3,3,1,0.008664761519714776,0.021284068717970964,27.137955466704813,0.0007842915338292192,0.8924415449344023,1.4076904831482342
r480x300,480,300,20260808_151001,ihawk2,30.0,4,3,3,1,0.0056247773424017685,0.011380301311147693,31.795576211472,0.00035792090180902667,0.030067298869708613,0.13603525795772528
r480x300,480,300,20260808_151001,ihawk2,35.0,0,3,3,1,0.005062368143033471,0.01648849429809519,40.3994729071426,0.00040813637187776363,0.16989065315217552,0.22021935969166662
r480x300,480,300,20260808_151001,ihawk2,35.0,1,3,3,1,0.010360360011510597,0.021216900858451293,27.789768521310975,0.0007634788624518702,0.7892265357939883,1.4998373473740485
r480x300,480,300,20260808_151001,ihawk2,35.0,2,3,3,1,0.019939639813697563,0.03147858666309861,38.44516147587007,0.0008187918961624338,0.10541694270986075,0.1485876559043645
r480x300,480,300,20260808_151001,ihawk2,35.0,3,3,3,1,0.010450711786794112,0.022570713936730647,27.174697739362035,0.0008305782884214898,0.8482044441399305,1.3530021858197687
r480x300,480,300,20260808_151001,ihawk2,35.0,4,3,3,1,0.00725924118443515,0.014899015627642717,31.86768684060824,0.0004675273640714096,0.05354902458584465,0.136113030545394
r480x300,480,300,20260808_151001,ihawk2,40.0,0,3,3,1,0.007233676202978094,0.019463316193043454,40.828168935066564,0.0004767129337589952,0.025674508838556646,0.11196276246324462
r480x300,480,300,20260808_151001,ihawk2,40.0,1,3,3,1,0.014922797142701375,0.021053643858799487,28.595447487545723,0.0007362585903916718,0.36195269461220153,0.8237096905553075
r480x300,480,300,20260808_151001,ihawk2,40.0,2,3,3,1,0.01592537082242403,0.04211550792805064,39.42547966115174,0.0010682307048644369,1.1502533847960066,2.0384006153293215
r480x300,480,300,20260808_151001,ihawk2,40.0,3,3,3,1,0.016724605623104852,0.025954347819452116,27.910519743565217,0.0009299127374880184,0.5271250268272102,1.6112656571601003
r480x300,480,300,20260808_151001,ihawk2,40.0,4,3,3,1,0.01505059959052228,0.033273469324635145,31.969733719911442,0.001040780308530118,0.039190224361411743,0.14633359946608396
r480x300,480,300,20260808_151001,ihawk2,45.0,0,3,3,1,0.004088764277978644,0.01592816193552042,40.70584368144591,0.00039129914761552084,0.039809617354192924,0.12817302627918567
r480x300,480,300,20260808_151001,ihawk2,45.0,1,3,3,1,0.025835332879266,0.040655438385435755,28.007372115577294,0.001451597751394312,0.7944518601726648,1.4679295364937626
r480x300,480,300,20260808_151001,ihawk2,45.0,2,3,3,1,0.00799336436604771,0.014614688786860591,38.2766428549445,0.00038181741387940704,0.10872250809266899,0.19346381888339348
r480x300,480,300,20260808_151001,ihawk2,45.0,3,3,3,1,0.030078463940853686,0.04113236302715918,28.744716646871257,0.0014309538525799407,0.897695141523802,1.7256370076852692
r480x300,480,300,20260808_151001,ihawk2,45.0,4,3,3,1,0.013948111879265056,0.026640848974586896,31.97885870637462,0.0008330769155709846,0.06607667303906378,0.07812780583826257
r480x300,480,300,20260808_151001,ihawk2,50.0,0,3,3,1,0.009800083023258193,0.02304190385805588,40.94474132439961,0.0005627561223429893,0.057340672179070226,0.1836218354133802
r480x300,480,300,20260808_151001,ihawk2,50.0,1,3,3,1,0.004600182415801744,0.014589105547338223,28.613762916257183,0.0005098632287558824,0.630271290890243,1.0194323696441538
r480x300,480,300,20260808_151001,ihawk2,50.0,2,3,3,1,0.00542091241354875,0.01251807300749534,38.368089785999494,0.00032626260721645785,0.07842661704810182,0.15909586788301705
r480x300,480,300,20260808_151001,ihawk2,50.0,3,3,3,1,0.00861912021196518,0.025007178698322415,27.617423112731785,0.0009054855913328846,0.32096329152048947,0.502433647442992
r480x300,480,300,20260808_151001,ihawk2,50.0,4,3,3,1,0.01651172372675268,0.03295515271010938,31.967226250388567,0.0010309043534769866,0.03621599589370803,0.1424066982357247
r480x300,480,300,20260808_162715,ihawk1,0.0,0,3,3,1,0.009976228323426544,0.021286995900111308,23.102281791829586,0.0009214239568162364,0.34755868533964207,0.6405504237520703
r480x300,480,300,20260808_162715,ihawk1,0.0,1,3,3,1,0.023131978148475566,0.03691682067051538,20.879136812098764,0.0017681200617988822,2.1855877449316297,3.74712852431495
r480x300,480,300,20260808_162715,ihawk1,0.0,2,3,3,1,0.0114734239218906,0.022888542769011793,33.71231581500469,0.0006789371247769502,0.05589150259623702,0.18004501989908356
r480x300,480,300,20260808_162715,ihawk1,0.0,3,3,3,1,0.02895899315272797,0.043592246084648074,28.812242963609787,0.001512976485020816,0.21137853000107373,0.3441912791822645
r480x300,480,300,20260808_162715,ihawk1,0.0,4,3,3,1,0.010597517028978855,0.023354927452962887,25.066005374319076,0.0009317371118451429,0.19840129319085967,0.445444188217865
r480x300,480,300,20260808_162715,ihawk1,5.0,0,3,3,1,0.08805983147589634,0.18268705667055726,22.792080846340273,0.008015374195195142,0.7036761742964468,0.9377620561007004
r480x300,480,300,20260808_162715,ihawk1,5.0,1,3,2,0,0.026430381121944384,0.036833122125489524,20.88982347035487,0.001763208874299971,1.0680968150872396,2.0205056667821983
r480x300,480,300,20260808_162715,ihawk1,5.0,2,3,3,1,0.0035482986641940753,0.009890937942105275,33.227171401369425,0.00029767619466090423,0.2790184763986719,0.6057891196591048
r480x300,480,300,20260808_162715,ihawk1,5.0,3,3,3,1,0.010167704534540606,0.020869549756675983,27.6475662278374,0.0007548422014688272,0.9667027425658605,1.5415028986137893
r480x300,480,300,20260808_162715,ihawk1,5.0,4,3,3,1,0.018705597718284183,0.03245368780106596,25.132969034082958,0.0012912795045048333,0.18052634296823086,0.33845537498467876
r480x300,480,300,20260808_162715,ihawk1,10.0,0,3,0,0,nan,nan,nan,nan,nan,nan
r480x300,480,300,20260808_162715,ihawk1,10.0,1,3,3,1,0.30601188403300245,0.6338363346753456,21.774438841990676,0.029109192630628482,1.825761927667364,3.6028359127801717
r480x300,480,300,20260808_162715,ihawk1,10.0,2,3,3,1,0.3344429898449866,0.6661281590749856,33.51786090136634,0.01987382670496825,0.8167951285210289,1.7050506861978674
r480x300,480,300,20260808_162715,ihawk1,10.0,3,3,3,1,0.0034895108870729896,0.009202500342172943,28.0202478627936,0.0003284232312017621,0.8173478241461336,1.4209451221973988
r480x300,480,300,20260808_162715,ihawk1,10.0,4,3,3,1,0.011644018171590727,0.015214050262121108,25.21811639678015,0.0006032984392150573,0.08682139063902322,0.2982917082110732
r480x300,480,300,20260808_162715,ihawk1,15.0,0,3,3,1,0.006588326191523364,0.017995348397959323,23.105461081481053,0.0007788352863636438,0.7301499178175205,1.0300022665242297
r480x300,480,300,20260808_162715,ihawk1,15.0,1,3,3,1,0.46917067926584693,0.9390660360468218,20.78267366543445,0.04518504457916152,0.5526780396743475,0.9594152757159381
r480x300,480,300,20260808_162715,ihawk1,15.0,2,3,3,1,0.00970956583124937,0.03932744994896936,34.175153717231645,0.0011507614647286823,0.8053401632654933,1.4171396412808943
r480x300,480,300,20260808_162715,ihawk1,15.0,3,3,3,1,0.01155978002852496,0.022353864107385074,28.43400024181908,0.00078616669892646,0.27032294846645516,0.6845073535521933
r480x300,480,300,20260808_162715,ihawk1,15.0,4,3,3,1,0.007237853351879262,0.01966218563397321,25.473952240879708,0.0007718545378451334,0.08731017379551076,0.24356078144289725
r480x300,480,300,20260808_162715,ihawk1,20.0,0,3,3,1,0.0222187919843912,0.028171749288462458,23.302362814365967,0.0012089653531226672,0.8129823471921643,1.1315712993128593
r480x300,480,300,20260808_162715,ihawk1,20.0,1,3,3,1,0.1604651619373351,0.5445702976772105,20.11285388750412,0.027075734787470697,0.4233593748794885,0.7781227519210406
r480x300,480,300,20260808_162715,ihawk1,20.0,2,3,3,1,0.45852813564981304,0.9294772240046685,33.28527482215694,0.0279245771282004,0.3949825003763537,0.8536311454721028
r480x300,480,300,20260808_162715,ihawk1,20.0,3,3,0,0,nan,nan,nan,nan,nan,nan
r480x300,480,300,20260808_162715,ihawk1,20.0,4,3,3,1,0.008321353598698311,0.014723214077576943,25.277211203831275,0.0005824698760813195,0.14191766660349858,0.25483711898265493
r480x300,480,300,20260808_162715,ihawk1,25.0,0,3,3,1,0.1075282379736035,0.2100965427776,23.188922191461256,0.009060211640839557,0.6546976500953213,0.976081916461895
r480x300,480,300,20260808_162715,ihawk1,25.0,1,3,0,0,nan,nan,nan,nan,nan,nan
r480x300,480,300,20260808_162715,ihawk1,25.0,2,3,3,1,0.27686930055473996,0.8117137154046463,34.85074052355876,0.023291146851124604,0.4763248747810656,1.5503413882583188
r480x300,480,300,20260808_162715,ihawk1,25.0,3,3,3,1,0.016477560654879323,0.03526213416103017,27.791970235807725,0.001268788569570276,0.19613590997246827,0.5876990992049383
r480x300,480,300,20260808_162715,ihawk1,25.0,4,3,3,1,0.0056874994487681975,0.007482747096582092,25.291355480523368,0.00029586184506182295,0.1427871940214333,0.26188370590077376
r480x300,480,300,20260808_162715,ihawk1,30.0,0,3,3,1,0.04025641184435992,0.13876018869381684,23.648000739424916,0.005867734453445018,1.9590363127145054,2.614062284240886
r480x300,480,300,20260808_162715,ihawk1,30.0,1,3,3,1,0.48710314637175256,1.329934588786391,21.495960097808307,0.061869048078573095,0.6361040460380512,1.7372515810494313
r480x300,480,300,20260808_162715,ihawk1,30.0,2,3,3,1,0.0015981049563173354,0.002780506992032441,33.24786786566343,8.362963313217434e-05,0.3647633531463218,0.5472693929223731
r480x300,480,300,20260808_162715,ihawk1,30.0,3,3,3,1,0.0038718657341333847,0.01609207381781264,27.802216691545556,0.0005788054239108969,0.3391321953094124,0.9338468931182664
r480x300,480,300,20260808_162715,ihawk1,30.0,4,3,3,1,0.004114843716633794,0.017326650592048135,25.588155831604183,0.0006771355742115584,0.07091533420793979,0.27102578798052995
r480x300,480,300,20260808_162715,ihawk1,35.0,0,3,3,1,0.005773442026346612,0.013493424529705061,24.015640257036637,0.000561859870704528,0.31269139101866844,0.6320046513841294
r480x300,480,300,20260808_162715,ihawk1,35.0,1,3,3,1,0.024495070365327973,0.047066963142686845,21.101280860487517,0.0022305263578013637,0.3217554642625478,1.476264148840745
r480x300,480,300,20260808_162715,ihawk1,35.0,2,3,3,1,0.03113619478340877,0.07263370071836643,34.70079940584778,0.002093142001395109,1.0257586879822742,1.648041422269991
r480x300,480,300,20260808_162715,ihawk1,35.0,3,3,3,1,0.01623017010555211,0.02723255794371039,28.371621873002027,0.0009598519980849049,0.29659898428163245,0.7038195406945557
r480x300,480,300,20260808_162715,ihawk1,35.0,4,3,3,1,0.008673644626195678,0.016116689570571493,25.331065974345307,0.0006362420589364099,0.11047897937708029,0.23666540738764305
r480x300,480,300,20260808_162715,ihawk1,40.0,0,3,3,1,0.012292421054978278,0.02339462540359961,24.302232462894352,0.0009626533463260829,0.3200943005469993,0.43053601880038317
r480x300,480,300,20260808_162715,ihawk1,40.0,1,3,3,1,0.02232016134281165,0.051700009284974084,21.95963087891872,0.002354320506115892,1.4073134501172158,3.87578184446812
r480x300,480,300,20260808_162715,ihawk1,40.0,2,3,3,1,0.013427204331405604,0.01704121622974642,34.71250759378873,0.0004909243788770733,0.996838405056811,1.6657670987983315
r480x300,480,300,20260808_162715,ihawk1,40.0,3,3,3,1,0.01828262256300148,0.033897906898840965,29.378488991086442,0.0011538342529844108,0.8751724887534609,1.2910150218121736
r480x300,480,300,20260808_162715,ihawk1,40.0,4,3,0,0,nan,nan,nan,nan,nan,nan
r480x300,480,300,20260808_162715,ihawk1,45.0,0,3,1,0,nan,nan,nan,nan,0.6016235173889993,0.9613882276058956
r480x300,480,300,20260808_162715,ihawk1,45.0,1,3,3,1,0.21499521915852757,0.4273228914915757,21.835146490868425,0.019570415599010724,0.9762096251117035,1.9230343863660486
r480x300,480,300,20260808_162715,ihawk1,45.0,2,3,3,1,0.024322856269109166,0.03942826827091317,34.488729497134926,0.001143221824804784,1.1070603860612251,1.9360407902562362
r480x300,480,300,20260808_162715,ihawk1,45.0,3,3,3,1,0.023582362675572035,0.035662694980664274,29.184212976112992,0.0012219858390511973,0.7839151984082944,1.2098086002493236
r480x300,480,300,20260808_162715,ihawk1,45.0,4,3,3,1,0.008189415590816908,0.012970401089133929,25.426539736289982,0.0005101127099344134,0.0544319927527728,0.3105081978927865
r480x300,480,300,20260808_162715,ihawk1,50.0,0,3,3,1,0.003666470916978404,0.012466926737192104,24.538691911366666,0.0005080518057858352,0.37441564187371446,1.0556849864728566
r480x300,480,300,20260808_162715,ihawk1,50.0,1,3,1,0,nan,nan,nan,nan,0.2607868793060044,0.6880634157514699
r480x300,480,300,20260808_162715,ihawk1,50.0,2,3,3,1,0.8625602884033108,1.4825297252214888,35.095831657901606,0.04224233064691335,0.6299107268979584,1.7539470195161897
r480x300,480,300,20260808_162715,ihawk1,50.0,3,3,3,1,0.02602239387889393,0.07233791407830742,29.764455972547314,0.0024303455821610494,0.83513845163876,1.4483909207528152
r480x300,480,300,20260808_162715,ihawk1,50.0,4,3,3,1,0.011594896631810963,0.016915153445612324,25.284907003133394,0.0006689822289445691,0.27822167395414465,0.5054551166127438
r480x300,480,300,20260808_162715,ihawk2,0.0,0,3,3,1,0.007386408130758606,0.01327233325981519,39.97294700162541,0.0003320328936286709,0.08322886756427658,0.1517991674223934
r480x300,480,300,20260808_162715,ihawk2,0.0,1,3,3,1,0.008353166385064708,0.019302140542956755,27.89757273572045,0.0006918931881927499,0.09766868753836114,0.18301474488859773
r480x300,480,300,20260808_162715,ihawk2,0.0,2,3,3,1,0.0036395654526127142,0.007087799123584653,38.45168612034297,0.00018432999534537532,0.03421459704823486,0.08089261930976793
r480x300,480,300,20260808_162715,ihawk2,0.0,3,3,3,1,0.013564170601731339,0.022668673347800317,27.511135572735242,0.0008239817396075057,0.058401377554094275,0.11755345785646583
r480x300,480,300,20260808_162715,ihawk2,0.0,4,3,3,1,0.014789104091070843,0.026081444683626387,31.47237441937145,0.0008287091509553561,0.06216746731986252,0.12016968701911453
r480x300,480,300,20260808_162715,ihawk2,5.0,0,3,3,1,0.01267871599423104,0.02191769892020907,39.42815292030662,0.0005558895686670839,0.019791641748026174,0.10595404072099165
r480x300,480,300,20260808_162715,ihawk2,5.0,1,3,3,1,0.02164963763803249,0.04394437058934627,28.0913460748905,0.0015643383721161738,0.44622339730007354,0.8727798927426118
r480x300,480,300,20260808_162715,ihawk2,5.0,2,3,3,1,0.0065209916554255995,0.020499460402261544,38.35853519352518,0.0005344171850890125,0.019095521701997093,0.09606406641585691
r480x300,480,300,20260808_162715,ihawk2,5.0,3,3,3,1,0.006864003605944017,0.02285487736714488,27.46368316604678,0.0008321854439174515,0.19758544113479728,0.4020733016949996
r480x300,480,300,20260808_162715,ihawk2,5.0,4,3,3,1,0.011425625191307366,0.017774218768641773,31.568987473813838,0.0005630278381080581,0.8061806176574674,1.5797057981593612
r480x300,480,300,20260808_162715,ihawk2,10.0,0,3,3,1,0.015780047708116602,0.02469968960333703,39.24341457654281,0.0006293970560375476,0.0860928945994171,0.13020972397678493
r480x300,480,300,20260808_162715,ihawk2,10.0,1,3,3,1,0.015615738298983599,0.05112545304594381,27.410046215577513,0.0018652085678311809,0.913646630622051,1.6255572567002121
r480x300,480,300,20260808_162715,ihawk2,10.0,2,3,3,1,0.006943768892278297,0.015026654018513178,38.248098314458,0.000392873232414617,0.0832270724987111,0.1487581166510192
r480x300,480,300,20260808_162715,ihawk2,10.0,3,3,3,1,0.10580735519660006,0.21397804745147056,27.717290525117164,0.007720020369868604,0.6397898105908345,1.0450838038165844
r480x300,480,300,20260808_162715,ihawk2,10.0,4,3,3,1,0.0048324893999693985,0.013771761970802208,31.532658371638046,0.00043674598597082375,0.020629472904022086,0.13215361945389723
r480x300,480,300,20260808_162715,ihawk2,15.0,0,3,3,1,0.005925746846338017,0.01397648624647897,39.54618148027224,0.00035342189114898976,0.095745175902596,0.14933563999535168
r480x300,480,300,20260808_162715,ihawk2,15.0,1,3,3,1,0.012714841237179787,0.0224324228128257,27.391561893181734,0.0008189537675983911,1.0191169999927563,1.917366676000078
r480x300,480,300,20260808_162715,ihawk2,15.0,2,3,3,1,0.008002853739151685,0.02002961106870248,38.2431173583657,0.0005237442042449238,0.07675035402603143,0.15004207242296635
r480x300,480,300,20260808_162715,ihawk2,15.0,3,3,3,1,0.014388933307858578,0.035261218879777866,27.37481915909251,0.001288089564166706,0.18854258807762156,0.28260603675174734
r480x300,480,300,20260808_162715,ihawk2,15.0,4,3,3,1,0.0034011286366388087,0.009781571308224568,31.426612723414774,0.00031125121228660737,0.011958855209998584,0.07178519941953547
r480x300,480,300,20260808_162715,ihawk2,20.0,0,3,3,1,0.005329484809152916,0.01096756068655994,39.710977390665654,0.00027618460705875104,0.06279531745094237,0.11170844566243263
r480x300,480,300,20260808_162715,ihawk2,20.0,1,3,3,1,0.027727395447037017,0.041004822276655084,28.123582145945875,0.0014580227392038,0.382906868380698,0.6988757640888524
r480x300,480,300,20260808_162715,ihawk2,20.0,2,3,3,1,0.00994174842002281,0.015620100613103496,37.86121308172701,0.0004125620745269316,0.2334609640955987,0.6713610862693874
r480x300,480,300,20260808_162715,ihawk2,20.0,3,3,3,1,0.012728590654131988,0.02514505045054671,27.419323188564793,0.000917055839694593,0.12947813220870336,0.2235908097664503
r480x300,480,300,20260808_162715,ihawk2,20.0,4,3,3,1,0.014043809069148904,0.025328979303258125,31.57866131930426,0.0008020916101270683,0.015027996098791338,0.06953368322589007
r480x300,480,300,20260808_162715,ihawk2,25.0,0,3,3,1,0.016698315669813193,0.027249224051804858,39.81956080321451,0.0006843175439947372,0.07193368609862028,0.15815969770991567
r480x300,480,300,20260808_162715,ihawk2,25.0,1,3,3,1,0.020711536429259852,0.04690897680558289,27.54199124531236,0.0017031802961438667,0.94509032535264,1.7480077836391483
r480x300,480,300,20260808_162715,ihawk2,25.0,2,3,3,1,0.01818155527920923,0.03424234617897418,38.92830329940128,0.0008796259604641138,0.5008539136927108,1.334144987437197
r480x300,480,300,20260808_162715,ihawk2,25.0,3,3,3,1,0.0036249647433639824,0.011591506012140665,27.103020443717316,0.00042768318151889463,0.14575122719567127,0.4147156768704775
r480x300,480,300,20260808_162715,ihawk2,25.0,4,3,3,1,0.0055599863046827186,0.012376358750339364,31.577520186939495,0.0003919357402693782,0.024806010974677814,0.12765497984877158
r480x300,480,300,20260808_162715,ihawk2,30.0,0,3,3,1,0.011253444322469051,0.02606501250294088,39.94977579207954,0.0006524445253109165,0.08948660701109898,0.19008031198312375
r480x300,480,300,20260808_162715,ihawk2,30.0,1,3,3,1,0.04390943538355329,0.10430786808025848,28.11917644308385,0.0037094922851452815,0.551203635976827,0.9034665280541393
r480x300,480,300,20260808_162715,ihawk2,30.0,2,3,3,1,0.005373959895105654,0.02019476761319584,38.15487091851907,0.0005292841287898052,0.028769529702259627,0.14514235792292682
r480x300,480,300,20260808_162715,ihawk2,30.0,3,3,3,1,0.14817395733916808,0.29358725768142097,27.462213578486466,0.010690589702186766,0.2840486139372551,0.5184395833881322
r480x300,480,300,20260808_162715,ihawk2,30.0,4,3,3,1,0.006487931612110329,0.013579944230161267,31.744190025527985,0.0004277930613205305,0.04338863381585887,0.10290993938474295
r480x300,480,300,20260808_162715,ihawk2,35.0,0,3,3,1,0.006358712594095716,0.017913685177029102,40.12795895460132,0.00044641406250678513,0.05446029445371142,0.0675267255007186
r480x300,480,300,20260808_162715,ihawk2,35.0,1,3,3,1,0.024410345477435615,0.051033003678138296,27.87963200969054,0.0018304762293992975,0.595055123435549,1.1356771992009855
r480x300,480,300,20260808_162715,ihawk2,35.0,2,3,3,1,0.009616061181070267,0.02218340884089759,38.17892107742755,0.0005810381282359768,0.09082992941742964,0.14466432323003717
r480x300,480,300,20260808_162715,ihawk2,35.0,3,3,3,1,0.003826982472320719,0.02895427983341688,28.000669476198457,0.0010340566984667642,0.5456020391434958,0.8073743850154792
r480x300,480,300,20260808_162715,ihawk2,35.0,4,3,3,1,0.006396594508111563,0.015425794902996408,31.485380554758382,0.0004899351581972576,0.01765494958066527,0.12675610715280347
r480x300,480,300,20260808_162715,ihawk2,40.0,0,3,3,1,0.019199696513532406,0.03680764550747086,40.220980337018965,0.0009151354641048739,0.07194137056315038,0.14768126191073272
r480x300,480,300,20260808_162715,ihawk2,40.0,1,3,3,1,0.04509077554412962,0.09074048806152246,27.84452871805827,0.0032588264998241355,0.8460356480859154,1.6453689717917301
r480x300,480,300,20260808_162715,ihawk2,40.0,2,3,3,1,0.006076058216028714,0.0257788553920444,38.619428997112486,0.0006675100088603548,0.9090244127164431,1.9407998071312995
r480x300,480,300,20260808_162715,ihawk2,40.0,3,3,3,1,0.012748129968959876,0.026341708116823816,28.399133429078876,0.0009275532361790875,0.5498187437412223,0.9594364118093431
r480x300,480,300,20260808_162715,ihawk2,40.0,4,3,3,1,0.009142325079077791,0.02442567384366663,31.70967144261228,0.0007702909785070424,0.018664173140104667,0.05272489406576147
r480x300,480,300,20260808_162715,ihawk2,45.0,0,3,3,1,0.008462640246998124,0.01510132267120952,40.353900269726715,0.0003742221339268773,0.05381485395835105,0.158299910548307
r480x300,480,300,20260808_162715,ihawk2,45.0,1,3,3,1,0.009654579948230237,0.022700232390408543,28.051430795745734,0.0008092361689390634,0.05480334943819762,0.19981872805414666
r480x300,480,300,20260808_162715,ihawk2,45.0,2,3,3,1,0.005798234250778447,0.025917688380815675,38.6173274365199,0.0006711414305772402,0.1632776229204703,0.21996299003553274
r480x300,480,300,20260808_162715,ihawk2,45.0,3,3,3,1,0.008651605651192754,0.016262902501837522,27.406933198943268,0.0005933864392556178,0.12470610077018933,0.2053779977986383
r480x300,480,300,20260808_162715,ihawk2,45.0,4,3,3,1,0.007978566955533176,0.01733929932853177,31.591403592547284,0.0005488613153175086,0.09915241970249301,0.1522169210986387
r480x300,480,300,20260808_162715,ihawk2,50.0,0,3,3,1,0.010947332588484465,0.019737732964893326,40.31421790945338,0.0004895973179790987,0.10576504428956848,0.22637651594839436
r480x300,480,300,20260808_162715,ihawk2,50.0,1,3,3,1,0.011227236132510298,0.016376004015578358,28.09900011913487,0.0005827966812394374,0.06168763938075077,0.1279419070566286
r480x300,480,300,20260808_162715,ihawk2,50.0,2,3,3,1,0.16864807210391983,0.3412481759920772,39.563374423689616,0.008625355672082051,0.5195010299645788,1.0168700391979766
r480x300,480,300,20260808_162715,ihawk2,50.0,3,3,3,1,0.011062380551380917,0.017633353964402194,27.423325184273946,0.0006430056838808934,0.09589778486161966,0.17324246287055373
r480x300,480,300,20260808_162715,ihawk2,50.0,4,3,3,1,0.009446517062042265,0.01513297955061269,31.621618422862543,0.00047856435898522805,0.040421353847777404,0.17491098032413116
r640x400,640,400,20260808_131913,ihawk1,0.0,0,3,3,1,0.006442533682321908,0.02327819973005397,23.481380554523106,0.0009913471516720513,0.0,0.0
r640x400,640,400,20260808_131913,ihawk1,0.0,1,3,3,1,0.012223596856225712,0.02278406068131148,20.565655102746042,0.0011078694341358096,0.0,0.0
r640x400,640,400,20260808_131913,ihawk1,0.0,2,3,3,1,0.013464628454895454,0.020123304539906923,33.37069506559246,0.0006030232364160575,0.0,0.0
r640x400,640,400,20260808_131913,ihawk1,0.0,3,3,3,1,0.020895407646832193,0.05685455962399615,28.497711848544384,0.0019950570040906702,0.0,0.0
r640x400,640,400,20260808_131913,ihawk1,0.0,4,3,3,1,0.010342779378285278,0.017655386422450438,25.539447534088175,0.0006912986821224432,0.0,0.0
r640x400,640,400,20260808_131913,ihawk1,5.0,0,3,3,1,0.006543482318258068,0.009287254438438395,23.52496714601469,0.00039478288665800444,0.0,0.0
r640x400,640,400,20260808_131913,ihawk1,5.0,1,3,3,1,0.017181954808609016,0.0355314983918693,20.95539366346351,0.0016955777096099014,0.0,0.0
r640x400,640,400,20260808_131913,ihawk1,5.0,2,3,3,1,0.008553821228580656,0.016076778719423087,33.71709875054035,0.0004768138219236743,0.0,0.0
r640x400,640,400,20260808_131913,ihawk1,5.0,3,3,3,1,0.027571365225552702,0.05141843926619558,28.68900620037592,0.0017922697951636203,0.0,0.0
r640x400,640,400,20260808_131913,ihawk1,5.0,4,3,3,1,0.010448403737656176,0.0197076162650075,25.603533317611987,0.0007697225230804826,0.0,0.0
r640x400,640,400,20260808_131913,ihawk1,10.0,0,3,3,1,0.008406257254086483,0.018010242255828802,23.709946454328062,0.0007596070404680806,0.0,0.0
r640x400,640,400,20260808_131913,ihawk1,10.0,1,3,3,1,0.04609993002191145,0.07973597143884696,20.73156059913652,0.0038461152530006835,0.0,0.0
r640x400,640,400,20260808_131913,ihawk1,10.0,2,3,3,1,0.009908108903568193,0.024858707642603794,33.59860281827401,0.0007398732553570157,0.0,0.0
r640x400,640,400,20260808_131913,ihawk1,10.0,3,3,3,1,0.013233541891495787,0.01802214830450602,28.641166617752955,0.0006292393234197088,0.0,0.0
r640x400,640,400,20260808_131913,ihawk1,10.0,4,3,3,1,0.01747964709305558,0.029714722989481916,25.621149345138377,0.0011597732244248557,0.0,0.0
r640x400,640,400,20260808_131913,ihawk1,15.0,0,3,3,1,0.0068747082313303795,0.031212051226444732,23.684876228292552,0.00131780512279649,0.0,0.0
r640x400,640,400,20260808_131913,ihawk1,15.0,1,3,3,1,0.008791220695816082,0.031245063807459162,20.75685846093703,0.0015052886671776565,0.0,0.0
r640x400,640,400,20260808_131913,ihawk1,15.0,2,3,3,1,0.02295396577604271,0.04742658673228995,33.71714611744464,0.0014066014533701088,0.0,0.0
r640x400,640,400,20260808_131913,ihawk1,15.0,3,3,3,1,0.01347677194487101,0.020710318693105727,28.650663978738166,0.0007228565002359101,0.0,0.0
r640x400,640,400,20260808_131913,ihawk1,15.0,4,3,3,1,0.014043589563556651,0.05345835273094834,25.724568607651328,0.002078104925539862,0.0,0.0
r640x400,640,400,20260808_131913,ihawk1,20.0,0,3,3,1,0.015602063523777155,0.03179068131861622,23.55224821593444,0.0013497939146679002,0.0,0.0
r640x400,640,400,20260808_131913,ihawk1,20.0,1,3,3,1,0.0029749785676883955,0.012440069293288105,20.736842818252505,0.0005999017980855984,0.0,0.0
r640x400,640,400,20260808_131913,ihawk1,20.0,2,3,3,1,0.009556962344518392,0.01693242551182962,33.70169767508484,0.0005024205508895628,0.0,0.0
r640x400,640,400,20260808_131913,ihawk1,20.0,3,3,3,1,0.18958014882575622,0.38002847189551425,28.97745513214118,0.013114625496356811,0.0,0.0
r640x400,640,400,20260808_131913,ihawk1,20.0,4,3,3,1,0.008862224761817328,0.02315625267478174,25.56089940074509,0.0009059247998959984,0.0,0.0
r640x400,640,400,20260808_131913,ihawk1,25.0,0,3,3,1,0.013621923992104566,0.03616108321780732,23.76724322557837,0.0015214672932235855,0.0,0.0
r640x400,640,400,20260808_131913,ihawk1,25.0,1,3,3,1,0.342772593052655,0.6462046193443877,21.694429212673885,0.029786661497730252,0.0,0.0
r640x400,640,400,20260808_131913,ihawk1,25.0,2,3,3,1,0.017717121698174132,0.032341280087575974,33.764954936402425,0.0009578357248955908,0.0,0.0
r640x400,640,400,20260808_131913,ihawk1,25.0,3,3,3,1,0.09368509240764397,0.1829872582294103,28.981307873779286,0.006313975167247964,0.0,0.0
r640x400,640,400,20260808_131913,ihawk1,25.0,4,3,3,1,0.012721210411693468,0.023742947635439927,25.82494001555361,0.0009193805531064249,0.0,0.0
r640x400,640,400,20260808_131913,ihawk1,30.0,0,3,3,1,0.07098436774545237,0.1512225239124415,24.30108765069589,0.006222870600942467,0.0,0.0
r640x400,640,400,20260808_131913,ihawk1,30.0,1,3,3,1,0.06122323854060611,0.11937531171836231,20.661413323902437,0.005777693415593277,0.0,0.0
r640x400,640,400,20260808_131913,ihawk1,30.0,2,3,3,1,0.0082845755625937,0.01762458612782379,33.7895318502158,0.000521599003086254,0.0,0.0
r640x400,640,400,20260808_131913,ihawk1,30.0,3,3,3,1,0.011650446983533989,0.03797785983902647,28.215518969056518,0.001345991894768129,0.0,0.0
r640x400,640,400,20260808_131913,ihawk1,30.0,4,3,3,1,0.014019679358572382,0.029332447531550968,25.794178909232173,0.0011371731441721677,0.0,0.0
r640x400,640,400,20260808_131913,ihawk1,35.0,0,3,3,1,0.019853617888155612,0.03476703507889149,23.65104852818365,0.0014699997354223654,0.0,0.0
r640x400,640,400,20260808_131913,ihawk1,35.0,1,3,3,1,0.01899829267237351,0.03851990944152391,20.943682294677156,0.001839213797246808,0.0,0.0
r640x400,640,400,20260808_131913,ihawk1,35.0,2,3,3,1,0.008406266486515327,0.017317165280195456,33.87335210414793,0.0005112327007658299,0.0,0.0
r640x400,640,400,20260808_131913,ihawk1,35.0,3,3,3,1,0.40392589031088033,0.7231803581962006,28.463190815599862,0.02540756455877906,0.0,0.0
r640x400,640,400,20260808_131913,ihawk1,35.0,4,3,3,1,0.014425805053482699,0.027437811569299447,25.87895295799495,0.001060236541015965,0.0,0.0
r640x400,640,400,20260808_131913,ihawk1,40.0,0,3,3,1,0.01569814025261774,0.04363423569151252,23.89593296054,0.001826010968626624,0.0,0.0
r640x400,640,400,20260808_131913,ihawk1,40.0,1,3,3,1,0.0699635264233484,0.14135092828535556,20.912745840016342,0.006759080293266984,0.0,0.0
r640x400,640,400,20260808_131913,ihawk1,40.0,2,3,3,1,0.007255859493371418,0.022427712851647304,34.111094911334725,0.0006574902655556458,0.0,0.0
r640x400,640,400,20260808_131913,ihawk1,40.0,3,3,3,1,0.43863985843661146,0.8508032956614094,29.962415732887997,0.02839568422140049,0.0,0.0
r640x400,640,400,20260808_131913,ihawk1,40.0,4,3,3,1,0.004703183629064624,0.00886179855718269,26.09095882281469,0.0003396501683730257,0.0,0.0
r640x400,640,400,20260808_131913,ihawk1,45.0,0,3,3,1,0.015696550292591843,0.022903313616298104,24.122867353005567,0.0009494440806368106,0.0,0.0
r640x400,640,400,20260808_131913,ihawk1,45.0,1,3,3,1,0.10983570996515606,0.23489571621876762,20.877617874033334,0.011251078434140737,0.0,0.0
r640x400,640,400,20260808_131913,ihawk1,45.0,2,3,3,1,0.008377055894049293,0.023428229644361562,34.1582785526313,0.0006858726679760278,0.0,0.0
r640x400,640,400,20260808_131913,ihawk1,45.0,3,3,3,1,0.009796608675771378,0.013208005618794264,29.024992174784284,0.0004550563024877862,0.0,0.0
r640x400,640,400,20260808_131913,ihawk1,45.0,4,3,3,1,0.0042003514397253765,0.015623596330350537,25.94402563078034,0.0006022040123108146,0.0,0.0
r640x400,640,400,20260808_131913,ihawk1,50.0,0,3,3,1,0.011216544881365774,0.024950591317191302,24.153318128107305,0.0010330088472670846,0.0,0.0
r640x400,640,400,20260808_131913,ihawk1,50.0,1,3,3,1,0.013072629071487958,0.023323366745950175,21.08705947033431,0.001106051167483164,0.0,0.0
r640x400,640,400,20260808_131913,ihawk1,50.0,2,3,3,1,0.009464274081019228,0.02253133687678504,34.08208917546093,0.0006610902506823901,0.0,0.0
r640x400,640,400,20260808_131913,ihawk1,50.0,3,3,3,1,0.01187237514659443,0.029626849253694233,29.106586669005512,0.001017874393538653,0.0,0.0
r640x400,640,400,20260808_131913,ihawk1,50.0,4,3,3,1,0.027873581736110112,0.06716745645784286,25.75867915566332,0.0026075660188917484,0.0,0.0
r640x400,640,400,20260808_131913,ihawk2,0.0,0,3,3,1,0.01111998437086155,0.022065366788191418,40.220540508320056,0.0005486094047798029,0.0,0.0
r640x400,640,400,20260808_131913,ihawk2,0.0,1,3,3,1,0.0038704092995100322,0.008687643214010813,28.55887050272875,0.00030420121878352025,0.0,0.0
r640x400,640,400,20260808_131913,ihawk2,0.0,2,3,3,1,0.010494766412803992,0.020445265326572856,38.457833826776145,0.00053162810517783,0.0,0.0
r640x400,640,400,20260808_131913,ihawk2,0.0,3,3,3,1,0.023973943336784476,0.04308908703385607,27.453451935169532,0.001569532572283063,0.0,0.0
r640x400,640,400,20260808_131913,ihawk2,0.0,4,3,3,1,0.005477096464848849,0.028506333980026777,31.589397053492746,0.0009024019651832802,0.0,0.0
r640x400,640,400,20260808_131913,ihawk2,5.0,0,3,3,1,0.014981574129378937,0.03182290667174984,40.17409656616286,0.0007921250106854447,0.0,0.0
r640x400,640,400,20260808_131913,ihawk2,5.0,1,3,3,1,0.022841815109806502,0.04129580078451039,28.516220570377712,0.0014481512612301765,0.0,0.0
r640x400,640,400,20260808_131913,ihawk2,5.0,2,3,3,1,0.009384124948785127,0.022083025293256096,38.70608243550038,0.000570531138873461,0.0,0.0
r640x400,640,400,20260808_131913,ihawk2,5.0,3,3,3,1,0.006517618884454937,0.01334275414209848,27.513802915937024,0.00048494765274232076,0.0,0.0
r640x400,640,400,20260808_131913,ihawk2,5.0,4,3,3,1,0.002811673132594181,0.009647980008624067,31.88461203429826,0.00030259047838643104,0.0,0.0
r640x400,640,400,20260808_131913,ihawk2,10.0,0,3,3,1,0.013242292735284291,0.026480609362903026,39.718640199709924,0.0006667048325359442,0.0,0.0
r640x400,640,400,20260808_131913,ihawk2,10.0,1,3,3,1,0.007484058185233461,0.013691027789191663,28.06537929929734,0.00048782621617853705,0.0,0.0
r640x400,640,400,20260808_131913,ihawk2,10.0,2,3,3,1,0.015364111338116796,0.025302031410051978,38.542682674243196,0.0006564678339569884,0.0,0.0
r640x400,640,400,20260808_131913,ihawk2,10.0,3,3,3,1,0.00578328011784407,0.017954858590981625,27.44496174160812,0.0006542132854847831,0.0,0.0
r640x400,640,400,20260808_131913,ihawk2,10.0,4,3,3,1,0.009215459440633563,0.018169387369582693,31.726998775223727,0.0005726790453237432,0.0,0.0
r640x400,640,400,20260808_131913,ihawk2,15.0,0,3,3,1,0.007590515041738746,0.01509244058747221,40.00285061826307,0.0003772841273612097,0.0,0.0
r640x400,640,400,20260808_131913,ihawk2,15.0,1,3,3,1,0.01360009809704241,0.03017519684019558,28.496603123061725,0.0010589050459763538,0.0,0.0
r640x400,640,400,20260808_131913,ihawk2,15.0,2,3,3,1,0.009964670129126885,0.025605786812432522,38.75547498474653,0.0006607011479671069,0.0,0.0
r640x400,640,400,20260808_131913,ihawk2,15.0,3,3,3,1,0.01570963465536737,0.027987653446928072,27.580522351992663,0.001014761544025144,0.0,0.0
r640x400,640,400,20260808_131913,ihawk2,15.0,4,3,3,1,0.007849657914766007,0.016365879396531627,31.766207804619732,0.0005151977691889162,0.0,0.0
r640x400,640,400,20260808_131913,ihawk2,20.0,0,3,3,1,0.011538247219080809,0.02217321435339907,39.85560873870676,0.0005563386197101289,0.0,0.0
r640x400,640,400,20260808_131913,ihawk2,20.0,1,3,3,1,0.00547376610314494,0.01976743225323836,28.02186745358531,0.000705428797205633,0.0,0.0
r640x400,640,400,20260808_131913,ihawk2,20.0,2,3,3,1,0.00852477711493082,0.02391499321547229,38.61325008791442,0.0006193468086996761,0.0,0.0
r640x400,640,400,20260808_131913,ihawk2,20.0,3,3,3,1,0.016881654354029343,0.025581043455212005,27.564995740053668,0.0009280263888465306,0.0,0.0
r640x400,640,400,20260808_131913,ihawk2,20.0,4,3,3,1,0.0104232211154736,0.02174556672738423,31.72119070865536,0.0006855217676759779,0.0,0.0
r640x400,640,400,20260808_131913,ihawk2,25.0,0,3,3,1,0.010273133270568132,0.01804737572252863,39.92299544520249,0.00045205464973939897,0.0,0.0
r640x400,640,400,20260808_131913,ihawk2,25.0,1,3,3,1,0.00857016226445461,0.02770624728718881,28.18860064227458,0.000982888354012069,0.0,0.0
r640x400,640,400,20260808_131913,ihawk2,25.0,2,3,3,1,0.0257570247633181,0.038711925092593316,38.490400078237506,0.0010057553315607406,0.0,0.0
r640x400,640,400,20260808_131913,ihawk2,25.0,3,3,3,1,0.005909929305770556,0.019291341092042346,27.445007425186503,0.00070290894052878,0.0,0.0
r640x400,640,400,20260808_131913,ihawk2,25.0,4,3,3,1,0.005627586305876207,0.011743574428283577,31.59755937751985,0.0003716608073419293,0.0,0.0
r640x400,640,400,20260808_131913,ihawk2,30.0,0,3,3,1,0.013761481363392896,0.02326267075131984,40.106287744327815,0.000580025528655662,0.0,0.0
r640x400,640,400,20260808_131913,ihawk2,30.0,1,3,3,1,0.00851879914168289,0.02849258468390198,28.201848116367934,0.0010103091317396787,0.0,0.0
r640x400,640,400,20260808_131913,ihawk2,30.0,2,3,3,1,0.010871569236582031,0.01662093789654767,38.246098839069546,0.00043457864726242044,0.0,0.0
r640x400,640,400,20260808_131913,ihawk2,30.0,3,3,3,1,0.013434053749839435,0.021861862549992384,27.40551806338656,0.0007977175435774582,0.0,0.0
r640x400,640,400,20260808_131913,ihawk2,30.0,4,3,3,1,0.010968330735934692,0.020659449981361426,31.617777374419116,0.0006534124690901358,0.0,0.0
r640x400,640,400,20260808_131913,ihawk2,35.0,0,3,3,1,0.015247921782570175,0.029860795020962845,40.61896139359837,0.0007351442281256597,0.0,0.0
r640x400,640,400,20260808_131913,ihawk2,35.0,1,3,3,1,0.023559538605690076,0.039683245088075476,28.320048337457017,0.0014012421382624946,0.0,0.0
r640x400,640,400,20260808_131913,ihawk2,35.0,2,3,3,1,0.006322472491523564,0.017929269776087334,38.631662596959906,0.00046410815820021857,0.0,0.0
r640x400,640,400,20260808_131913,ihawk2,35.0,3,3,3,1,0.01529370836984797,0.021793640541254808,27.387582937293846,0.0007957489564213521,0.0,0.0
r640x400,640,400,20260808_131913,ihawk2,35.0,4,3,3,1,0.015377269221589855,0.03120990837150009,31.987476014418746,0.0009756914974295515,0.0,0.0
r640x400,640,400,20260808_131913,ihawk2,40.0,0,3,3,1,0.0019809713065118044,0.0073288611428315225,40.93818001030266,0.00017902264196862472,0.0,0.0
r640x400,640,400,20260808_131913,ihawk2,40.0,1,3,3,1,0.006564119498048206,0.015174769614398896,28.4854727444323,0.0005327195988827294,0.0,0.0
r640x400,640,400,20260808_131913,ihawk2,40.0,2,3,3,1,0.009903364886499219,0.017113055254808555,39.04281346141482,0.0004383151145529259,0.0,0.0
r640x400,640,400,20260808_131913,ihawk2,40.0,3,3,3,1,0.010966407116563074,0.03882743754621565,27.72080167484353,0.0014006607024446673,0.0,0.0
r640x400,640,400,20260808_131913,ihawk2,40.0,4,3,3,1,0.008962523682607495,0.018147976051788535,32.25700069406722,0.0005626058114921499,0.0,0.0
r640x400,640,400,20260808_131913,ihawk2,45.0,0,3,3,1,0.012211308259854515,0.024469229041367852,40.945111836927055,0.000597610506934795,0.0,0.0
r640x400,640,400,20260808_131913,ihawk2,45.0,1,3,3,1,0.011693130354479858,0.02089354542241242,28.526503763774244,0.0007324257327652292,0.0,0.0
r640x400,640,400,20260808_131913,ihawk2,45.0,2,3,3,1,0.017280901788192967,0.027656162186092282,38.99255843975115,0.0007092676985744561,0.0,0.0
r640x400,640,400,20260808_131913,ihawk2,45.0,3,3,3,1,0.006341878592773959,0.00963486442186181,27.671488219391218,0.00034818743196869445,0.0,0.0
r640x400,640,400,20260808_131913,ihawk2,45.0,4,3,3,1,0.0064131000028697085,0.017282563414376315,32.22295988029373,0.0005363431378923586,0.0,0.0
r640x400,640,400,20260808_131913,ihawk2,50.0,0,3,3,1,0.007193765008561059,0.018817353031701234,40.69663276514032,0.000462381080525652,0.0,0.0
r640x400,640,400,20260808_131913,ihawk2,50.0,1,3,3,1,0.006264385179617785,0.020226168429408255,28.7890684094842,0.0007025641865766311,0.0,0.0
r640x400,640,400,20260808_131913,ihawk2,50.0,2,3,3,1,0.010042879463983263,0.02149914465032631,39.057239416049754,0.0005504522329730167,0.0,0.0
r640x400,640,400,20260808_131913,ihawk2,50.0,3,3,3,1,0.011907154653308369,0.016932530550643997,27.76745383842633,0.0006097977383584125,0.0,0.0
r640x400,640,400,20260808_131913,ihawk2,50.0,4,3,3,1,0.024860172623029076,0.044130070562915624,32.02737513501558,0.001377885960896875,0.0,0.0
r640x400,640,400,20260808_141232,ihawk1,0.0,0,3,3,1,0.02635403342285574,0.04471108344800026,23.305860175601403,0.0019184481118104237,0.0,0.0
r640x400,640,400,20260808_141232,ihawk1,0.0,1,3,3,1,0.00204518930162536,0.004623586541598651,20.739718954775014,0.00022293390530897907,0.0,0.0
r640x400,640,400,20260808_141232,ihawk1,0.0,2,3,3,1,0.011141745615810581,0.024585005680074244,33.46167259874408,0.000734721362404251,0.0,0.0
r640x400,640,400,20260808_141232,ihawk1,0.0,3,3,3,1,0.028589119590197432,0.06430180081726623,28.698520096864623,0.0022405964001011797,0.0,0.0
r640x400,640,400,20260808_141232,ihawk1,0.0,4,3,3,1,0.48773778916650734,0.969492554401522,27.126384188632258,0.03573983718802461,0.0,0.0
r640x400,640,400,20260808_141232,ihawk1,5.0,0,3,3,1,0.008291604268967549,0.017195893294941065,23.01572979210674,0.0007471365648739241,0.0,0.0
r640x400,640,400,20260808_141232,ihawk1,5.0,1,3,3,1,0.004858226602690197,0.024177371909480487,20.429609921806126,0.0011834475548979562,0.0,0.0
r640x400,640,400,20260808_141232,ihawk1,5.0,2,3,3,1,0.013058771059315492,0.02730730917203251,33.2369189279666,0.0008215956849434463,0.0,0.0
r640x400,640,400,20260808_141232,ihawk1,5.0,3,3,3,1,0.013078709092797161,0.020612478281811085,28.025121160665922,0.0007355000595230718,0.0,0.0
r640x400,640,400,20260808_141232,ihawk1,5.0,4,3,3,1,0.011489490881663112,0.017417622357481316,25.28037715935052,0.0006889779471125893,0.0,0.0
r640x400,640,400,20260808_141232,ihawk1,10.0,0,3,3,1,0.010479735359207156,0.02492259174769182,23.434404920194254,0.001063504357484885,0.0,0.0
r640x400,640,400,20260808_141232,ihawk1,10.0,1,3,3,1,0.013073306967766811,0.03351247615158152,20.796902792526524,0.0016114166847779085,0.0,0.0
r640x400,640,400,20260808_141232,ihawk1,10.0,2,3,3,1,0.00642889159477977,0.014969222038447624,33.413390640863234,0.0004480006892847584,0.0,0.0
r640x400,640,400,20260808_141232,ihawk1,10.0,3,3,3,1,0.0066150675927857255,0.026985066477528626,28.406472761307782,0.0009499618873584601,0.0,0.0
r640x400,640,400,20260808_141232,ihawk1,10.0,4,3,3,1,0.006892179175582567,0.021483408961588842,25.19651060952878,0.0008526342910936358,0.0,0.0
r640x400,640,400,20260808_141232,ihawk1,15.0,0,3,3,1,0.018953582689641493,0.032022581011237033,23.346932277696222,0.0013715969460291288,0.0,0.0
r640x400,640,400,20260808_141232,ihawk1,15.0,1,3,3,1,0.005554700777559139,0.013092714325476828,20.491438491082437,0.0006389358331858731,0.0,0.0
r640x400,640,400,20260808_141232,ihawk1,15.0,2,3,3,1,0.3093258784880765,0.6329720416043999,33.748132270699855,0.018755765105079505,0.0,0.0
r640x400,640,400,20260808_141232,ihawk1,15.0,3,3,3,1,0.009330735129047855,0.02602384647967807,28.57403446568248,0.000910751560509693,0.0,0.0
r640x400,640,400,20260808_141232,ihawk1,15.0,4,3,3,1,0.014883824526559595,0.0253588452607186,25.42499193248095,0.000997398360167114,0.0,0.0
r640x400,640,400,20260808_141232,ihawk1,20.0,0,3,3,1,0.010265452958042251,0.022081992013775212,23.352946547124994,0.000945576266755672,0.0,0.0
r640x400,640,400,20260808_141232,ihawk1,20.0,1,3,3,1,0.031169590725313483,0.058160901453073593,21.17898909787756,0.0027461604132419212,0.0,0.0
r640x400,640,400,20260808_141232,ihawk1,20.0,2,3,3,1,0.007898725746287453,0.01984240710728256,33.29323423679203,0.0005959891720388916,0.0,0.0
r640x400,640,400,20260808_141232,ihawk1,20.0,3,3,3,1,0.018369177709902908,0.03556187708891234,28.257715608453516,0.0012584837918842148,0.0,0.0
r640x400,640,400,20260808_141232,ihawk1,20.0,4,3,3,1,0.04825164450966212,0.08541867959296075,25.739359348838313,0.0033186016184515456,0.0,0.0
r640x400,640,400,20260808_141232,ihawk1,25.0,0,3,3,1,0.07093074358085157,0.14438337465601772,23.540917241826445,0.006133294347574691,0.0,0.0
r640x400,640,400,20260808_141232,ihawk1,25.0,1,3,3,1,0.0037574301177263803,0.02237265971845209,20.67611079348304,0.0010820535806716507,0.0,0.0
r640x400,640,400,20260808_141232,ihawk1,25.0,2,3,3,1,0.002921020970051865,0.008301183279436913,33.231838033359764,0.00024979609226259995,0.0,0.0
r640x400,640,400,20260808_141232,ihawk1,25.0,3,3,3,1,0.3771827681636671,0.6932891420136968,28.973047915236698,0.023928761103836148,0.0,0.0
r640x400,640,400,20260808_141232,ihawk1,25.0,4,3,3,1,0.015263325758551605,0.047490180025316485,25.301790393458653,0.0018769493892256044,0.0,0.0
r640x400,640,400,20260808_141232,ihawk1,35.0,0,3,3,1,0.02057261735863393,0.0316228832943167,23.52349475562133,0.001344310597674263,0.0,0.0
r640x400,640,400,20260808_141232,ihawk1,35.0,1,3,3,1,0.0038788249976338712,0.007695263818349114,20.31892166867118,0.00037872402600055743,0.0,0.0
r640x400,640,400,20260808_141232,ihawk1,35.0,2,3,3,1,0.007954765767205494,0.017271515839573332,33.14866416490564,0.0005210320317480129,0.0,0.0
r640x400,640,400,20260808_141232,ihawk1,35.0,3,3,3,1,0.00445154667745087,0.016344341580474545,28.590828190890733,0.0005716638032081206,0.0,0.0
r640x400,640,400,20260808_141232,ihawk1,35.0,4,3,3,1,0.04791835310290242,0.07941270640154036,25.466062839025,0.0031183739278238887,0.0,0.0
r640x400,640,400,20260808_141232,ihawk1,40.0,0,3,3,1,0.010428387596717423,0.01902033916225678,23.600248548799026,0.0008059380867505606,0.0,0.0
r640x400,640,400,20260808_141232,ihawk1,40.0,1,3,3,1,0.17989301118581488,0.32766312458662833,21.09361209979805,0.015533760791484611,0.0,0.0
r640x400,640,400,20260808_141232,ihawk1,40.0,2,3,3,1,0.009373059557616702,0.014371615762444572,33.511854068697026,0.0004288517052200017,0.0,0.0
r640x400,640,400,20260808_141232,ihawk1,40.0,3,3,3,1,0.01427217219732724,0.033973806069645125,28.3340561906477,0.0011990449175737483,0.0,0.0
r640x400,640,400,20260808_141232,ihawk1,40.0,4,3,3,1,0.01438536933755875,0.020173357003647988,25.685071793625635,0.0007854117428885088,0.0,0.0
r640x400,640,400,20260808_141232,ihawk1,45.0,0,3,3,1,0.035593497817465604,0.06464055993110393,23.503639891442425,0.0027502361434085486,0.0,0.0
r640x400,640,400,20260808_141232,ihawk1,45.0,1,3,3,1,0.017616563015077365,0.04418033739419197,20.761786168217103,0.0021279641855586028,0.0,0.0
r640x400,640,400,20260808_141232,ihawk1,45.0,2,3,3,1,0.022402743841580485,0.045696239844901315,33.35849944466844,0.0013698529791694443,0.0,0.0
r640x400,640,400,20260808_141232,ihawk1,45.0,3,3,3,1,0.015185243857209905,0.026089164759875494,28.92916923080252,0.0009018290346235346,0.0,0.0
r640x400,640,400,20260808_141232,ihawk1,45.0,4,3,3,1,0.01208609450982394,0.024501912159330334,25.344062248086352,0.0009667713060158852,0.0,0.0
r640x400,640,400,20260808_141232,ihawk1,50.0,0,3,3,1,0.01863292913369285,0.025237868232987206,23.560599751022462,0.0010711895494889495,0.0,0.0
r640x400,640,400,20260808_141232,ihawk1,50.0,1,3,3,1,0.015590577342685567,0.02794749470150323,20.669823715348826,0.0013520915846394089,0.0,0.0
r640x400,640,400,20260808_141232,ihawk1,50.0,2,3,3,1,0.020040579120298004,0.03609567654816965,33.55627146005413,0.0010756760205357877,0.0,0.0
r640x400,640,400,20260808_141232,ihawk1,50.0,3,3,3,1,0.015088211719370486,0.028409771376013915,28.4521027331011,0.0009985121888007968,0.0,0.0
r640x400,640,400,20260808_141232,ihawk1,50.0,4,3,3,1,0.014093478308962296,0.018961157063935467,25.845647485914206,0.0007336305687164245,0.0,0.0
r640x400,640,400,20260808_141232,ihawk2,0.0,0,3,3,1,0.015613622960655164,0.06793405088935342,39.60681473429757,0.0017152111661866572,0.0,0.0
r640x400,640,400,20260808_141232,ihawk2,0.0,1,3,3,1,0.02028640248712195,0.0286799184261002,27.991410912091816,0.0010245970993091656,0.0,0.0
r640x400,640,400,20260808_141232,ihawk2,0.0,2,3,3,1,0.007850891231406735,0.014393910472705256,38.36633516101528,0.0003751703260761577,0.0,0.0
r640x400,640,400,20260808_141232,ihawk2,0.0,3,3,3,1,0.006497105261956834,0.01603046481804231,27.57640593977731,0.0005813108805059809,0.0,0.0
r640x400,640,400,20260808_141232,ihawk2,0.0,4,3,3,1,0.009401841971630595,0.017761531971473107,31.396941833440863,0.0005657089810114981,0.0,0.0
r640x400,640,400,20260808_141232,ihawk2,5.0,0,3,3,1,0.009766003151035901,0.02045561439762016,39.516941816234706,0.000517641635649457,0.0,0.0
r640x400,640,400,20260808_141232,ihawk2,5.0,1,3,3,1,0.004178628586214219,0.01940483035200199,28.106958564121506,0.0006903923918958713,0.0,0.0
r640x400,640,400,20260808_141232,ihawk2,5.0,2,3,3,1,0.00948541553165522,0.02789878647442765,37.9042007069247,0.0007360341585921065,0.0,0.0
r640x400,640,400,20260808_141232,ihawk2,5.0,3,3,3,1,0.005938625389380602,0.01008616601448877,27.500814841641144,0.00036675880596877855,0.0,0.0
r640x400,640,400,20260808_141232,ihawk2,5.0,4,3,3,1,0.007880903175880409,0.01573489701864504,31.417776930958574,0.0005008278292007391,0.0,0.0
r640x400,640,400,20260808_141232,ihawk2,10.0,0,3,3,1,0.009319407522848286,0.02213853166671634,39.93575279500493,0.0005543536835365572,0.0,0.0
r640x400,640,400,20260808_141232,ihawk2,10.0,1,3,3,1,0.006364011428662921,0.020505525635566405,28.293965956891206,0.0007247314026887818,0.0,0.0
r640x400,640,400,20260808_141232,ihawk2,10.0,2,3,3,1,0.017317855820589468,0.03671153662217659,38.54654173793506,0.000952395077923357,0.0,0.0
r640x400,640,400,20260808_141232,ihawk2,10.0,3,3,3,1,0.012971632109301757,0.03240629930184895,27.783907577467154,0.0011663693888807264,0.0,0.0
r640x400,640,400,20260808_141232,ihawk2,10.0,4,3,3,1,0.008741344911762773,0.011906110649539387,31.72127156918051,0.00037533522650797603,0.0,0.0
r640x400,640,400,20260808_141232,ihawk2,15.0,0,3,3,1,0.018077308552039168,0.047231858910685674,39.63752207168858,0.0011915946416948555,0.0,0.0
r640x400,640,400,20260808_141232,ihawk2,15.0,1,3,3,1,0.044503331405339706,0.0861015128187015,27.926530004234465,0.003083143978347687,0.0,0.0
r640x400,640,400,20260808_141232,ihawk2,15.0,2,3,3,1,0.009026320731001413,0.026803431524398146,38.38039827340758,0.0006983625165497382,0.0,0.0
r640x400,640,400,20260808_141232,ihawk2,15.0,3,3,3,1,0.011072502693110067,0.044254855674859185,27.510543377200243,0.0016086507295794102,0.0,0.0
r640x400,640,400,20260808_141232,ihawk2,15.0,4,3,3,1,0.006264717354068758,0.012082338316140794,31.793946756966974,0.0003800200839643541,0.0,0.0
r640x400,640,400,20260808_141232,ihawk2,20.0,0,3,3,1,0.01204243422586936,0.02293713541241716,39.56203078259685,0.000579776491719103,0.0,0.0
r640x400,640,400,20260808_141232,ihawk2,20.0,1,3,3,1,0.006671140522833892,0.014909003880289085,28.112995581742695,0.0005303242707430074,0.0,0.0
r640x400,640,400,20260808_141232,ihawk2,20.0,2,3,3,1,0.0014320608155294246,0.007889897367502962,37.90399646041823,0.0002081547621434087,0.0,0.0
r640x400,640,400,20260808_141232,ihawk2,20.0,3,3,3,1,0.014539708383228435,0.023484438842000115,27.39999565925458,0.0008570964438845832,0.0,0.0
r640x400,640,400,20260808_141232,ihawk2,20.0,4,3,3,1,0.00997788954369152,0.02384617053552044,31.67313985821493,0.0007528830625024237,0.0,0.0
r640x400,640,400,20260808_141232,ihawk2,25.0,0,3,3,1,0.00814851402258162,0.01460842433837922,39.67922057423975,0.0003681630870507369,0.0,0.0
r640x400,640,400,20260808_141232,ihawk2,25.0,1,3,3,1,0.011105843950118321,0.022114566842839817,27.99967746675324,0.0007898150565876556,0.0,0.0
r640x400,640,400,20260808_141232,ihawk2,25.0,2,3,3,1,0.0036354400732840817,0.015742988944654757,38.008226645189126,0.0004141995124270661,0.0,0.0
r640x400,640,400,20260808_141232,ihawk2,25.0,3,3,3,1,0.01187746314351383,0.03119024218958465,27.42620548509244,0.0011372423431501729,0.0,0.0
r640x400,640,400,20260808_141232,ihawk2,25.0,4,3,3,1,0.002899582593671031,0.01114702089539979,31.65090289302711,0.0003521865058028265,0.0,0.0
r640x400,640,400,20260808_141232,ihawk2,35.0,0,3,3,1,0.016388354522134,0.031531367983461844,39.84198650224627,0.0007914105382693235,0.0,0.0
r640x400,640,400,20260808_141232,ihawk2,35.0,1,3,3,1,0.008071004781519963,0.016114395838377035,28.37552121258391,0.0005678977918203194,0.0,0.0
r640x400,640,400,20260808_141232,ihawk2,35.0,2,3,3,1,0.019234148647740423,0.03549918934183045,38.02629132129867,0.0009335432961864262,0.0,0.0
r640x400,640,400,20260808_141232,ihawk2,35.0,3,3,3,1,0.010730557847500783,0.01676371181324809,27.724395158932946,0.0006046556369272761,0.0,0.0
r640x400,640,400,20260808_141232,ihawk2,35.0,4,3,3,1,0.010253909403684425,0.016181230966399552,31.724644163924722,0.0005100524022519955,0.0,0.0
r640x400,640,400,20260808_141232,ihawk2,40.0,0,3,3,1,0.012165160956494295,0.024518899997056864,40.125109409777444,0.0006110612620805028,0.0,0.0
r640x400,640,400,20260808_141232,ihawk2,40.0,1,3,3,1,0.006193296735617141,0.01573498497886213,28.399415223931726,0.0005540601753518683,0.0,0.0
r640x400,640,400,20260808_141232,ihawk2,40.0,2,3,3,1,0.009236191501343267,0.01861704420391285,38.28106251061112,0.0004863251692335445,0.0,0.0
r640x400,640,400,20260808_141232,ihawk2,40.0,3,3,3,1,0.005636368936076381,0.0218930042865669,27.618495208498025,0.0007926935961315723,0.0,0.0
r640x400,640,400,20260808_141232,ihawk2,40.0,4,3,3,1,0.011149469076748927,0.02478788913402764,31.62927695143084,0.0007837007836787205,0.0,0.0
r640x400,640,400,20260808_141232,ihawk2,45.0,0,3,3,1,0.01479108800180812,0.029457313927356142,40.2693541449671,0.0007315069872069885,0.0,0.0
r640x400,640,400,20260808_141232,ihawk2,45.0,1,3,3,1,0.006241782785565627,0.020316302967984576,29.15339547935603,0.0006968760459607823,0.0,0.0
r640x400,640,400,20260808_141232,ihawk2,45.0,2,3,3,1,0.011148082613522275,0.016227283560532615,38.790265866792915,0.00041833390924046916,0.0,0.0
r640x400,640,400,20260808_141232,ihawk2,45.0,3,3,3,1,0.0048411996881228235,0.014496368488149178,27.467038244670427,0.0005277732662334638,0.0,0.0
r640x400,640,400,20260808_141232,ihawk2,45.0,4,3,3,1,0.006095175873457481,0.01057150128165986,31.728047603085436,0.00033319104326582705,0.0,0.0
r640x400,640,400,20260808_141232,ihawk2,50.0,0,3,3,1,0.006101198551325142,0.011434519968057664,40.191085289017245,0.0002845038865169013,0.0,0.0
r640x400,640,400,20260808_141232,ihawk2,50.0,1,3,3,1,0.00842694898508766,0.017442263940713732,28.387347654174242,0.0006144379585300537,0.0,0.0
r640x400,640,400,20260808_141232,ihawk2,50.0,2,3,3,1,0.013414117864219142,0.04318358798165745,38.5832431111168,0.001119231679340485,0.0,0.0
r640x400,640,400,20260808_141232,ihawk2,50.0,3,3,3,1,0.014523135042932855,0.025032449481490932,27.57233423380609,0.000907882853487209,0.0,0.0
r640x400,640,400,20260808_141232,ihawk2,50.0,4,3,3,1,0.004856726051342287,0.008561626636325094,31.621556976803312,0.00027075284884313773,0.0,0.0
r640x400,640,400,20260808_145501,ihawk1,0.0,0,3,3,1,0.02271785762408795,0.03327286554840021,23.284631272968426,0.0014289625271853594,0.0,0.0
r640x400,640,400,20260808_145501,ihawk1,0.0,1,3,3,1,0.02619277579568529,0.04580303051393158,20.68542859832784,0.00221426548143335,0.0,0.0
r640x400,640,400,20260808_145501,ihawk1,0.0,2,3,3,1,0.005526986020691935,0.011075138888816918,33.673052317340975,0.0003289021376631614,0.0,0.0
r640x400,640,400,20260808_145501,ihawk1,0.0,3,3,3,1,0.00854818890952827,0.02005925056888954,28.429365522979257,0.0007055820698029926,0.0,0.0
r640x400,640,400,20260808_145501,ihawk1,0.0,4,3,3,1,0.00805022987272406,0.01637286079167816,25.561355379447544,0.0006405317929597216,0.0,0.0
r640x400,640,400,20260808_145501,ihawk1,5.0,0,3,3,1,0.011619176848999836,0.03180801726522365,23.429015867535696,0.0013576335192678015,0.0,0.0
r640x400,640,400,20260808_145501,ihawk1,5.0,1,3,3,1,0.05229108996168469,0.08344279173334877,20.76681394323726,0.004018083465351315,0.0,0.0
r640x400,640,400,20260808_145501,ihawk1,5.0,2,3,3,1,0.024479708893837614,0.037768208998670984,33.46128399712008,0.0011287136800226074,0.0,0.0
r640x400,640,400,20260808_145501,ihawk1,5.0,3,3,3,1,0.009982769669117247,0.02031825303307338,28.70954193838829,0.0007077177712092056,0.0,0.0
r640x400,640,400,20260808_145501,ihawk1,5.0,4,3,3,1,0.005967948623005371,0.026360677035049004,25.58646979826343,0.0010302584624956007,0.0,0.0
r640x400,640,400,20260808_145501,ihawk1,10.0,0,3,3,1,0.02004048819341982,0.04033290449269066,23.873168413300302,0.0016894659223457016,0.0,0.0
r640x400,640,400,20260808_145501,ihawk1,10.0,1,3,3,1,0.015442518574297683,0.0323537910395458,21.122478617217745,0.0015317232236738058,0.0,0.0
r640x400,640,400,20260808_145501,ihawk1,10.0,2,3,3,1,0.009178711594680802,0.013704775022800054,33.653178181473386,0.00040723568362243875,0.0,0.0
r640x400,640,400,20260808_145501,ihawk1,10.0,3,3,3,1,0.01819969273405852,0.04349225336694775,28.44189689369547,0.001529161487699099,0.0,0.0
r640x400,640,400,20260808_145501,ihawk1,10.0,4,3,3,1,0.009689013491789009,0.016132782845499384,25.650209698276377,0.0006289532536095976,0.0,0.0
r640x400,640,400,20260808_145501,ihawk1,15.0,0,3,3,1,0.005038441276063618,0.01255179709009859,23.557110362220428,0.000532824140868672,0.0,0.0
r640x400,640,400,20260808_145501,ihawk1,15.0,1,3,3,1,0.007982273043548205,0.026389888078882276,20.639046682802434,0.0012786389063634297,0.0,0.0
r640x400,640,400,20260808_145501,ihawk1,15.0,2,3,3,1,0.008730423427239417,0.01877233226110472,33.62731065571697,0.0005582466125019499,0.0,0.0
r640x400,640,400,20260808_145501,ihawk1,15.0,3,3,3,1,0.018239751134937632,0.02430479818632478,28.817535428342346,0.0008434030816674475,0.0,0.0
r640x400,640,400,20260808_145501,ihawk1,15.0,4,3,3,1,0.003957231531260933,0.00997450738956848,25.6869481702131,0.00038831033268230136,0.0,0.0
r640x400,640,400,20260808_145501,ihawk1,20.0,0,3,3,1,0.01383113489556672,0.01797399067242518,23.708566356845242,0.0007581222078928299,0.0,0.0
r640x400,640,400,20260808_145501,ihawk1,20.0,1,3,3,1,0.014612137777593319,0.023923183373648498,20.797377814158,0.0011502980610066417,0.0,0.0
r640x400,640,400,20260808_145501,ihawk1,20.0,2,3,3,1,0.01074626753610423,0.021221991020717725,33.71216155958213,0.0006295054970951788,0.0,0.0
r640x400,640,400,20260808_145501,ihawk1,20.0,3,3,3,1,0.01369613716130407,0.028756244964215017,28.708133871137647,0.0010016758697480416,0.0,0.0
r640x400,640,400,20260808_145501,ihawk1,20.0,4,3,3,1,0.015922825332616616,0.02061853247052763,25.745563516502145,0.0008008576878619013,0.0,0.0
r640x400,640,400,20260808_145501,ihawk1,25.0,0,3,3,1,0.013235047679283398,0.03936136804691595,23.650195431346887,0.0016643147056089383,0.0,0.0
r640x400,640,400,20260808_145501,ihawk1,25.0,1,3,3,1,0.028285694328081395,0.06224688567102105,20.721025051675483,0.00300404470897485,0.0,0.0
r640x400,640,400,20260808_145501,ihawk1,25.0,2,3,3,1,0.011251123641371234,0.02345757706227975,33.61528389344315,0.0006978247494990005,0.0,0.0
r640x400,640,400,20260808_145501,ihawk1,25.0,3,3,3,1,0.11985446804732974,0.23581952870164474,28.273899698814425,0.008340537782679234,0.0,0.0
r640x400,640,400,20260808_145501,ihawk1,25.0,4,3,3,1,0.019691715339912253,0.03256802168707126,25.67408086801366,0.0012685175315329978,0.0,0.0
r640x400,640,400,20260808_145501,ihawk1,30.0,0,3,3,1,0.0316596927858284,0.05655369777144668,23.780609436782726,0.002378143332355986,0.0,0.0
r640x400,640,400,20260808_145501,ihawk1,30.0,1,3,3,1,0.015402551417403734,0.029703058599926477,20.646283111914403,0.001438663726488651,0.0,0.0
r640x400,640,400,20260808_145501,ihawk1,30.0,2,3,3,1,0.01765092444960161,0.030298939255965582,33.702501948629035,0.0008990115719642618,0.0,0.0
r640x400,640,400,20260808_145501,ihawk1,30.0,3,3,3,1,0.00477564617080843,0.008965372177577178,28.31692614777975,0.0003166082409788722,0.0,0.0
r640x400,640,400,20260808_145501,ihawk1,30.0,4,3,3,1,0.009444596910975957,0.0171445678074282,25.58959987508625,0.0006699818633788003,0.0,0.0
r640x400,640,400,20260808_145501,ihawk1,35.0,0,3,3,1,0.013855589280497314,0.022627244186559887,23.739542494893662,0.0009531457563441659,0.0,0.0
r640x400,640,400,20260808_145501,ihawk1,35.0,1,3,3,1,0.01611942969084878,0.0576676993214431,20.86774949648921,0.0027634843580590764,0.0,0.0
r640x400,640,400,20260808_145501,ihawk1,35.0,2,3,3,1,0.01597556917625589,0.028362810468587952,33.57329322691696,0.0008448027507128324,0.0,0.0
r640x400,640,400,20260808_145501,ihawk1,35.0,3,3,3,1,0.024069470229192355,0.034443508847043926,28.65188563718988,0.0012021375934272392,0.0,0.0
r640x400,640,400,20260808_145501,ihawk1,35.0,4,3,3,1,0.020629330335488777,0.028930679711160128,25.525640991131056,0.0011333967958419599,0.0,0.0
r640x400,640,400,20260808_145501,ihawk1,40.0,0,3,3,1,0.012350975488735327,0.024367666399188203,23.45055079018623,0.0010391084890588487,0.0,0.0
r640x400,640,400,20260808_145501,ihawk1,40.0,1,3,3,1,0.0261165492844355,0.03580540233020293,21.1080112157751,0.0016962944525746562,0.0,0.0
r640x400,640,400,20260808_145501,ihawk1,40.0,2,3,3,1,0.010008124343582314,0.024793857094023472,34.05799089831439,0.0007279894215736191,0.0,0.0
r640x400,640,400,20260808_145501,ihawk1,40.0,3,3,3,1,0.3929698969708545,0.780268860420125,28.2586829252105,0.027611649930224507,0.0,0.0
r640x400,640,400,20260808_145501,ihawk1,40.0,4,3,3,1,0.007610591818810765,0.012729247396951133,25.895359976095143,0.0004915647980449748,0.0,0.0
r640x400,640,400,20260808_145501,ihawk1,45.0,0,3,3,1,0.011753618307304758,0.028548709764009268,23.675665937091907,0.0012058249951602384,0.0,0.0
r640x400,640,400,20260808_145501,ihawk1,45.0,1,3,3,1,0.02310675344523742,0.04257113396172558,20.808669739402603,0.002045836398715786,0.0,0.0
r640x400,640,400,20260808_145501,ihawk1,45.0,2,3,3,1,0.01889738310199902,0.030064852959789577,33.57125912663762,0.0008955533316870491,0.0,0.0
r640x400,640,400,20260808_145501,ihawk1,45.0,3,3,3,1,0.019693177822341635,0.030510458009660256,29.192022890637197,0.001045164225992914,0.0,0.0
r640x400,640,400,20260808_145501,ihawk1,45.0,4,3,3,1,0.026278388695877525,0.04887158446626743,25.631459421549643,0.0019067031518766606,0.0,0.0
r640x400,640,400,20260808_145501,ihawk1,50.0,0,3,3,1,0.007531612883969468,0.031011040947953115,23.57903723658789,0.0013151953846458537,0.0,0.0
r640x400,640,400,20260808_145501,ihawk1,50.0,1,3,3,1,0.10582467533274086,0.2047902342033801,20.980780967242268,0.009760848965685472,0.0,0.0
r640x400,640,400,20260808_145501,ihawk1,50.0,2,3,3,1,0.47899247136510936,0.9489087464768858,35.222142680046616,0.02694068771160943,0.0,0.0
r640x400,640,400,20260808_145501,ihawk1,50.0,3,3,3,1,0.01591573054590354,0.025296893586497567,28.559806910936302,0.0008857515621651742,0.0,0.0
r640x400,640,400,20260808_145501,ihawk1,50.0,4,3,3,1,0.00870669680957782,0.019816295157857936,25.872334773977137,0.0007659260492326933,0.0,0.0
r640x400,640,400,20260808_145501,ihawk2,0.0,0,3,3,1,0.012898558069480136,0.03808141661843711,39.53657500626363,0.0009631946270612467,0.0,0.0
r640x400,640,400,20260808_145501,ihawk2,0.0,1,3,3,1,0.004092023858238979,0.02526219580265936,28.03709609470318,0.0009010275428428531,0.0,0.0
r640x400,640,400,20260808_145501,ihawk2,0.0,2,3,3,1,0.012153645975931517,0.030658370027548672,38.421113886872355,0.0007979563038650985,0.0,0.0
r640x400,640,400,20260808_145501,ihawk2,0.0,3,3,3,1,0.0020073992352944033,0.007159796435253847,27.22800292388213,0.0002629570907300686,0.0,0.0
r640x400,640,400,20260808_145501,ihawk2,0.0,4,3,3,1,0.005947719698273456,0.016227938777081924,31.55077720548728,0.0005143435507591736,0.0,0.0
r640x400,640,400,20260808_145501,ihawk2,5.0,0,3,3,1,0.0045808907704982405,0.020070400969524522,39.58141319827515,0.000507066305818488,0.0,0.0
r640x400,640,400,20260808_145501,ihawk2,5.0,1,3,3,1,0.01091927446076745,0.020317922623853013,28.0828235410978,0.0007234999925886639,0.0,0.0
r640x400,640,400,20260808_145501,ihawk2,5.0,2,3,3,1,0.004851031188825197,0.019482274374938626,38.3686370773335,0.0005077656090747069,0.0,0.0
r640x400,640,400,20260808_145501,ihawk2,5.0,3,3,3,1,0.006974455520849601,0.012852458291364006,27.43000812672197,0.000468554665823934,0.0,0.0
r640x400,640,400,20260808_145501,ihawk2,5.0,4,3,3,1,0.015342996726280428,0.02086771050980021,31.632863010489203,0.0006596845344944163,0.0,0.0
r640x400,640,400,20260808_145501,ihawk2,10.0,0,3,3,1,0.02181342534370161,0.04369186441958789,39.81388896030109,0.0010974025788627073,0.0,0.0
r640x400,640,400,20260808_145501,ihawk2,10.0,1,3,3,1,0.01833433557454993,0.03405322833174434,28.235037490227988,0.0012060627985186845,0.0,0.0
r640x400,640,400,20260808_145501,ihawk2,10.0,2,3,3,1,0.0022898579814851425,0.019861950224895373,38.65369797383921,0.0005138434681809208,0.0,0.0
r640x400,640,400,20260808_145501,ihawk2,10.0,3,3,3,1,0.006926564039398504,0.014663792439054116,27.54445509170607,0.0005323682167693177,0.0,0.0
r640x400,640,400,20260808_145501,ihawk2,10.0,4,3,3,1,0.006930204616845513,0.033839041283758926,31.89501817749164,0.0010609506818729198,0.0,0.0
r640x400,640,400,20260808_145501,ihawk2,15.0,0,3,3,1,0.03091764076440426,0.054894832241010404,39.830082153532956,0.0013782254334652733,0.0,0.0
r640x400,640,400,20260808_145501,ihawk2,15.0,1,3,3,1,0.01602183770843919,0.021339758525227976,28.180720885544034,0.0007572467223922121,0.0,0.0
r640x400,640,400,20260808_145501,ihawk2,15.0,2,3,3,1,0.009601297897298224,0.025232510497829826,38.614230994783355,0.0006534510683700693,0.0,0.0
r640x400,640,400,20260808_145501,ihawk2,15.0,3,3,3,1,0.00438797905269564,0.011110496555740711,27.469155678957772,0.00040447171677182993,0.0,0.0
r640x400,640,400,20260808_145501,ihawk2,15.0,4,3,3,1,0.009039674623062412,0.012425874846507434,31.825216256627385,0.00039044117552287894,0.0,0.0
r640x400,640,400,20260808_145501,ihawk2,20.0,0,3,3,1,0.010632696442062545,0.024417539719806106,39.846652891995134,0.0006127877236261264,0.0,0.0
r640x400,640,400,20260808_145501,ihawk2,20.0,1,3,3,1,0.006085423304399669,0.012203246165592712,28.178443213983307,0.00043307027549119385,0.0,0.0
r640x400,640,400,20260808_145501,ihawk2,20.0,2,3,3,1,0.005154714907735553,0.011123256039459972,38.598206923723794,0.000288180641692535,0.0,0.0
r640x400,640,400,20260808_145501,ihawk2,20.0,3,3,3,1,0.013364794032643809,0.027667482402447863,27.35935033966396,0.0010112624042222667,0.0,0.0
r640x400,640,400,20260808_145501,ihawk2,20.0,4,3,3,1,0.00831117166695007,0.01607206158630752,31.658295437127478,0.00050767299263557,0.0,0.0
r640x400,640,400,20260808_145501,ihawk2,25.0,0,3,3,1,0.008220818251056958,0.024739994549679928,39.24263782270583,0.0006304365843461558,0.0,0.0
r640x400,640,400,20260808_145501,ihawk2,25.0,1,3,3,1,0.011632305073520071,0.018004919574485734,27.91619331323606,0.0006449632789277527,0.0,0.0
r640x400,640,400,20260808_145501,ihawk2,25.0,2,3,3,1,0.013806206346775927,0.026192652582359692,38.29973111333581,0.0006838860697181114,0.0,0.0
r640x400,640,400,20260808_145501,ihawk2,25.0,3,3,3,1,0.005221712293575195,0.011387594282784939,27.330055593425108,0.0004166692688881502,0.0,0.0
r640x400,640,400,20260808_145501,ihawk2,25.0,4,3,3,1,0.013827633956019913,0.027808586641805418,31.470484529240856,0.0008836402444317951,0.0,0.0
r640x400,640,400,20260808_145501,ihawk2,30.0,0,3,3,1,0.010420808210943456,0.01864629018124448,39.81676148500317,0.0004683025310400379,0.0,0.0
r640x400,640,400,20260808_145501,ihawk2,30.0,1,3,3,1,0.013900584687294002,0.026365462588179678,28.20353492616878,0.0009348282992610392,0.0,0.0
r640x400,640,400,20260808_145501,ihawk2,30.0,2,3,3,1,0.013631109930183417,0.021582523760347083,38.55824692199647,0.0005597382008577475,0.0,0.0
r640x400,640,400,20260808_145501,ihawk2,30.0,3,3,3,1,0.005141702193426334,0.010656903913661716,27.489366403157064,0.00038767368288407714,0.0,0.0
r640x400,640,400,20260808_145501,ihawk2,30.0,4,3,3,1,0.009246025988064531,0.021056321722951896,31.86286404512255,0.000660842091694363,0.0,0.0
r640x400,640,400,20260808_145501,ihawk2,35.0,0,3,3,1,0.009637560336129765,0.03352104316086974,39.75298105787075,0.0008432334448596746,0.0,0.0
r640x400,640,400,20260808_145501,ihawk2,35.0,1,3,3,1,0.007485257344663169,0.01820600264055615,28.12417566074056,0.0006473435118658604,0.0,0.0
r640x400,640,400,20260808_145501,ihawk2,35.0,2,3,3,1,0.0107691365384021,0.01845097557401258,38.45544604679489,0.0004798013667962745,0.0,0.0
r640x400,640,400,20260808_145501,ihawk2,35.0,3,3,3,1,0.009543191044005792,0.01320119945948852,27.500328310143267,0.0004800378857520537,0.0,0.0
r640x400,640,400,20260808_145501,ihawk2,35.0,4,3,3,1,0.004373822455844323,0.012956530020672413,31.68940123900574,0.00040886004512841737,0.0,0.0
r640x400,640,400,20260808_145501,ihawk2,40.0,0,3,3,1,0.012677783637898834,0.028827409427756422,39.97963430122637,0.0007210523540699857,0.0,0.0
r640x400,640,400,20260808_145501,ihawk2,40.0,1,3,3,1,0.010633068390799331,0.028556234992512735,28.088986748798995,0.0010166345709758903,0.0,0.0
r640x400,640,400,20260808_145501,ihawk2,40.0,2,3,3,1,0.0211071617851942,0.030083343196331883,38.51734281779868,0.0007810337109347667,0.0,0.0
r640x400,640,400,20260808_145501,ihawk2,40.0,3,3,3,1,0.0063603510621776755,0.014555393642896763,27.32417076634352,0.0005326929687039334,0.0,0.0
r640x400,640,400,20260808_145501,ihawk2,40.0,4,3,3,1,0.00376278115040486,0.005746158234705312,31.69113221286552,0.00018131754322026297,0.0,0.0
r640x400,640,400,20260808_145501,ihawk2,45.0,0,3,3,1,0.00432009969448848,0.014943715147749984,39.91458005155566,0.00037439239316680616,0.0,0.0
r640x400,640,400,20260808_145501,ihawk2,45.0,1,3,3,1,0.006847987831455035,0.014797201460108551,28.23070927796816,0.0005241526634846755,0.0,0.0
r640x400,640,400,20260808_145501,ihawk2,45.0,2,3,3,1,0.010720745756846332,0.02124583875593465,38.5490744950784,0.0005511374536020866,0.0,0.0
r640x400,640,400,20260808_145501,ihawk2,45.0,3,3,3,1,0.00907780099124549,0.014264021788610151,27.364986920093433,0.0005212508169750461,0.0,0.0
r640x400,640,400,20260808_145501,ihawk2,45.0,4,3,3,1,0.004386442593477815,0.010673631714951476,31.762216389616313,0.0003360480762432213,0.0,0.0
r640x400,640,400,20260808_145501,ihawk2,50.0,0,3,3,1,0.007186788633392121,0.01958621258771351,39.92125418125745,0.0004906211738435061,0.0,0.0
r640x400,640,400,20260808_145501,ihawk2,50.0,1,3,3,1,0.012458493821435459,0.01895266979395422,28.116147547350877,0.0006740848746093578,0.0,0.0
r640x400,640,400,20260808_145501,ihawk2,50.0,2,3,3,1,0.010387360181199325,0.014453885198768338,38.33600884265953,0.00037703155949516445,0.0,0.0
r640x400,640,400,20260808_145501,ihawk2,50.0,3,3,3,1,0.013214220472848773,0.019717789971815426,27.246743160057072,0.0007236751143425145,0.0,0.0
r640x400,640,400,20260808_145501,ihawk2,50.0,4,3,3,1,0.005157232435793306,0.010456335015358902,31.77135593838609,0.00032911201635954035,0.0,0.0
r640x400,640,400,20260808_151001,ihawk1,0.0,0,3,3,1,0.006816357953936759,0.011368240472993573,23.507592030817037,0.0004835986798686354,0.0,0.0
r640x400,640,400,20260808_151001,ihawk1,0.0,1,3,3,1,0.010629270738987371,0.021398526923212636,20.49286380555762,0.001044194072934277,0.0,0.0
r640x400,640,400,20260808_151001,ihawk1,0.0,2,3,3,1,0.014521739215377683,0.024301755935511832,33.68777707564188,0.0007213819980150409,0.0,0.0
r640x400,640,400,20260808_151001,ihawk1,0.0,3,3,3,1,0.018262638713717985,0.024050618296000574,28.56916009982359,0.0008418384793940471,0.0,0.0
r640x400,640,400,20260808_151001,ihawk1,0.0,4,3,3,1,0.007217055274746234,0.024658795623459358,25.565387257086,0.00096453831798009,0.0,0.0
r640x400,640,400,20260808_151001,ihawk1,5.0,0,3,3,1,0.011915513024813968,0.03874424524306961,23.51953219174306,0.0016473221034843308,0.0,0.0
r640x400,640,400,20260808_151001,ihawk1,5.0,1,3,3,1,0.004486611609884847,0.0076076706913749985,20.744598587625692,0.00036673019529589887,0.0,0.0
r640x400,640,400,20260808_151001,ihawk1,5.0,2,3,3,1,0.021173285184757515,0.033709395331485884,33.51791499452055,0.0010057127758989971,0.0,0.0
r640x400,640,400,20260808_151001,ihawk1,5.0,3,3,3,1,0.02549452422295697,0.04031004332638391,29.836763630073893,0.0013510192937196948,0.0,0.0
r640x400,640,400,20260808_151001,ihawk1,5.0,4,3,3,1,0.0034519808944543594,0.011441066765993541,25.462839225879378,0.00044932407829702324,0.0,0.0
r640x400,640,400,20260808_151001,ihawk1,10.0,0,3,3,1,0.02853894583538383,0.0395174083553773,23.599329427310373,0.0016745140355405904,0.0,0.0
r640x400,640,400,20260808_151001,ihawk1,10.0,1,3,3,1,0.018904212375748092,0.046857824506846835,20.579195830066446,0.002276951193514909,0.0,0.0
r640x400,640,400,20260808_151001,ihawk1,10.0,2,3,3,1,0.004386747790593664,0.009989169364303342,33.427562824593,0.0002988303220525012,0.0,0.0
r640x400,640,400,20260808_151001,ihawk1,10.0,3,3,3,1,0.019886712783847214,0.03116846375056982,28.488026770422145,0.0010940899487966872,0.0,0.0
r640x400,640,400,20260808_151001,ihawk1,10.0,4,3,3,1,0.015851887367496792,0.03139982076418609,25.60354240341715,0.0012263857973026165,0.0,0.0
r640x400,640,400,20260808_151001,ihawk1,15.0,0,3,3,1,0.010295787435792361,0.016326608387770062,23.57864930815149,0.0006924318765844534,0.0,0.0
r640x400,640,400,20260808_151001,ihawk1,15.0,1,3,3,1,0.03838909738891868,0.055676993579297035,20.86137746496641,0.0026689030325441495,0.0,0.0
r640x400,640,400,20260808_151001,ihawk1,15.0,2,3,3,1,0.0058927754060165835,0.024991992944713576,33.64813254140051,0.0007427453191930798,0.0,0.0
r640x400,640,400,20260808_151001,ihawk1,15.0,3,3,3,1,0.028042229577171795,0.05290687960350025,28.7665860588791,0.0018391782568571429,0.0,0.0
r640x400,640,400,20260808_151001,ihawk1,15.0,4,3,3,1,0.007868934448687043,0.02306515860586126,25.6562091153772,0.000899008832604074,0.0,0.0
r640x400,640,400,20260808_151001,ihawk1,20.0,0,3,3,1,0.00925542133292731,0.016739602133253335,23.801298639297155,0.0007033062517696156,0.0,0.0
r640x400,640,400,20260808_151001,ihawk1,20.0,1,3,3,1,0.06408527230879604,0.12630949508657763,20.80159484739237,0.006072106298253927,0.0,0.0
r640x400,640,400,20260808_151001,ihawk1,20.0,2,3,3,1,0.01311815666079187,0.029487934360251253,33.82298604448718,0.0008718311955504443,0.0,0.0
r640x400,640,400,20260808_151001,ihawk1,20.0,3,3,3,1,0.010355077371466511,0.03676433611560465,28.821032787385008,0.0012756078655063478,0.0,0.0
r640x400,640,400,20260808_151001,ihawk1,20.0,4,3,3,1,0.005636040752455561,0.014914195555929419,25.755420956442272,0.0005790701530816522,0.0,0.0
r640x400,640,400,20260808_151001,ihawk1,25.0,0,3,3,1,0.023663223479983633,0.03590764357378382,23.672056854096574,0.0015168789005155594,0.0,0.0
r640x400,640,400,20260808_151001,ihawk1,25.0,1,3,3,1,0.004447154301035717,0.011634122066321063,21.035482046865944,0.0005530713315911113,0.0,0.0
r640x400,640,400,20260808_151001,ihawk1,25.0,2,3,3,1,0.011863052388182041,0.019522164138782654,33.39880786965236,0.0005845167951794279,0.0,0.0
r640x400,640,400,20260808_151001,ihawk1,25.0,3,3,3,1,0.16940398690272418,0.334294335447504,29.26815294861636,0.011421777658275754,0.0,0.0
r640x400,640,400,20260808_151001,ihawk1,25.0,4,3,3,1,0.008291474591619153,0.033576332673231,25.63665662162851,0.0013097001363627165,0.0,0.0
r640x400,640,400,20260808_151001,ihawk1,30.0,0,3,3,1,0.012796267014719495,0.02582241611540893,23.93530604756095,0.0010788421114857766,0.0,0.0
r640x400,640,400,20260808_151001,ihawk1,30.0,1,3,3,1,0.03253542473831952,0.05559200927240266,20.9873671414727,0.002648831980575041,0.0,0.0
r640x400,640,400,20260808_151001,ihawk1,30.0,2,3,3,1,0.015226069231466823,0.030892818539897688,33.903467384618914,0.0009111993823355343,0.0,0.0
r640x400,640,400,20260808_151001,ihawk1,30.0,3,3,3,1,0.008774220369185126,0.015592556291388069,28.045732138020306,0.0005559689515200767,0.0,0.0
r640x400,640,400,20260808_151001,ihawk1,30.0,4,3,3,1,0.012013806012689449,0.02117509768613272,25.86781065287679,0.000818588707420348,0.0,0.0
r640x400,640,400,20260808_151001,ihawk1,35.0,0,3,3,1,0.011803408008547856,0.016891793073243504,23.836737278874928,0.0007086453517366946,0.0,0.0
r640x400,640,400,20260808_151001,ihawk1,35.0,1,3,3,1,0.010815498354463954,0.023799611686886907,20.714778134441815,0.0011489194589690552,0.0,0.0
r640x400,640,400,20260808_151001,ihawk1,35.0,2,3,3,1,0.006309391908836579,0.011184078267348112,33.80012749355552,0.00033088864145499204,0.0,0.0
r640x400,640,400,20260808_151001,ihawk1,35.0,3,3,3,1,0.024898429728710997,0.06027205841429942,28.37116332002627,0.0021244126557107145,0.0,0.0
r640x400,640,400,20260808_151001,ihawk1,35.0,4,3,3,1,0.011619362760077554,0.01737691260342359,26.036629170698482,0.0006674025462166776,0.0,0.0
r640x400,640,400,20260808_151001,ihawk1,40.0,0,3,3,1,0.018136014242011608,0.05001544485157706,24.15910251264937,0.002070252602528992,0.0,0.0
r640x400,640,400,20260808_151001,ihawk1,40.0,1,3,3,1,0.015038057990572916,0.03025929828367364,21.136587586383573,0.0014316075459203745,0.0,0.0
r640x400,640,400,20260808_151001,ihawk1,40.0,2,3,3,1,0.014860056890683362,0.026728030032995637,33.93003854037947,0.0007877394539704733,0.0,0.0
r640x400,640,400,20260808_151001,ihawk1,40.0,3,3,3,1,0.012460836672657327,0.03897195959274119,28.132620517440934,0.0013852943265125395,0.0,0.0
r640x400,640,400,20260808_151001,ihawk1,40.0,4,3,3,1,0.013491659133014517,0.019719071114591022,26.03018344689532,0.0007575463751463864,0.0,0.0
r640x400,640,400,20260808_151001,ihawk1,45.0,0,3,3,1,0.04889746365388632,0.11889090134351987,23.856780646516853,0.004983526616818612,0.0,0.0
r640x400,640,400,20260808_151001,ihawk1,45.0,1,3,3,1,0.17327148898597555,0.34669095507595143,20.1509308062328,0.017204711703377885,0.0,0.0
r640x400,640,400,20260808_151001,ihawk1,45.0,2,3,3,1,0.00440492401864544,0.019730623223865564,33.86331744883874,0.0005826547636295503,0.0,0.0
r640x400,640,400,20260808_151001,ihawk1,45.0,3,3,3,1,0.005536549451749714,0.014757483408628666,28.91032988066162,0.0005104571089138654,0.0,0.0
r640x400,640,400,20260808_151001,ihawk1,45.0,4,3,3,1,0.020368231523101344,0.04805655696325615,25.911757927643173,0.0018546235688620906,0.0,0.0
r640x400,640,400,20260808_151001,ihawk1,50.0,0,3,3,1,0.009258454421445987,0.021885578957569034,24.86910135520994,0.000880030952665852,0.0,0.0
r640x400,640,400,20260808_151001,ihawk1,50.0,1,3,3,1,0.019377709663193698,0.049890368002967915,20.985327848543488,0.002377392831936653,0.0,0.0
r640x400,640,400,20260808_151001,ihawk1,50.0,2,3,3,1,0.016525834859434065,0.025376347456378723,33.777318724751304,0.0007512836546668659,0.0,0.0
r640x400,640,400,20260808_151001,ihawk1,50.0,3,3,3,1,0.007053548428949411,0.011121880264810351,28.835666736206264,0.00038569873783586355,0.0,0.0
r640x400,640,400,20260808_151001,ihawk1,50.0,4,3,3,1,0.009451169586704724,0.017132358046151604,25.879200848151363,0.0006620126389016925,0.0,0.0
r640x400,640,400,20260808_151001,ihawk2,0.0,0,3,3,1,0.005900419980919329,0.018026546375911882,39.63059847118939,0.0004548643490462755,0.0,0.0
r640x400,640,400,20260808_151001,ihawk2,0.0,1,3,3,1,0.0055301056933419615,0.016055613616994455,27.958572891136996,0.0005742644189855686,0.0,0.0
r640x400,640,400,20260808_151001,ihawk2,0.0,2,3,3,1,0.012582015605046837,0.02310886608344632,38.325730480036725,0.0006029595729553901,0.0,0.0
r640x400,640,400,20260808_151001,ihawk2,0.0,3,3,3,1,0.0068866949481905014,0.02534715689290713,27.224026541603322,0.0009310583375376897,0.0,0.0
r640x400,640,400,20260808_151001,ihawk2,0.0,4,3,3,1,0.004901462277688372,0.010661387245768645,31.535788489340675,0.00033807263926101833,0.0,0.0
r640x400,640,400,20260808_151001,ihawk2,5.0,0,3,3,1,0.016951758769103913,0.038269350718873586,39.708071665494245,0.0009637675443234659,0.0,0.0
r640x400,640,400,20260808_151001,ihawk2,5.0,1,3,3,1,0.021104051689537957,0.04269249981049602,28.083769077366185,0.0015201841210446209,0.0,0.0
r640x400,640,400,20260808_151001,ihawk2,5.0,2,3,3,1,0.012535944186479906,0.029869505607346022,38.52126191816031,0.0007754030922144962,0.0,0.0
r640x400,640,400,20260808_151001,ihawk2,5.0,3,3,3,1,0.011495011816190974,0.02751583208518488,27.455368603414556,0.0010022022462216299,0.0,0.0
r640x400,640,400,20260808_151001,ihawk2,5.0,4,3,3,1,0.011633384907095735,0.01851685610209172,31.727686598263066,0.0005836182239364853,0.0,0.0
r640x400,640,400,20260808_151001,ihawk2,10.0,0,3,3,1,0.016679922175468816,0.02946534176176249,39.69169437950538,0.0007423553522314931,0.0,0.0
r640x400,640,400,20260808_151001,ihawk2,10.0,1,3,3,1,0.006168986026960418,0.020974821828102917,28.084845178933133,0.0007468377231374751,0.0,0.0
r640x400,640,400,20260808_151001,ihawk2,10.0,2,3,3,1,0.012680469908541986,0.02334450999194089,38.65839699919104,0.0006038664767302533,0.0,0.0
r640x400,640,400,20260808_151001,ihawk2,10.0,3,3,3,1,0.003046516580095275,0.010665829278876255,27.491520359206607,0.00038796796755929096,0.0,0.0
r640x400,640,400,20260808_151001,ihawk2,10.0,4,3,3,1,0.013616904089537767,0.026280152546225927,31.801316667868754,0.0008263856751811389,0.0,0.0
r640x400,640,400,20260808_151001,ihawk2,15.0,0,3,3,1,0.012364081243162777,0.01986956933046307,39.52860603080126,0.0005026630414181673,0.0,0.0
r640x400,640,400,20260808_151001,ihawk2,15.0,1,3,3,1,0.013752848080246505,0.029217827304467557,28.44588762999566,0.0010271371273244396,0.0,0.0
r640x400,640,400,20260808_151001,ihawk2,15.0,2,3,3,1,0.01886958030020664,0.03192427334235623,38.53975900071931,0.0008283464705049244,0.0,0.0
r640x400,640,400,20260808_151001,ihawk2,15.0,3,3,3,1,0.008341500817223596,0.014770071690533801,27.495450703764675,0.0005371823815389026,0.0,0.0
r640x400,640,400,20260808_151001,ihawk2,15.0,4,3,3,1,0.008686876396445204,0.01519155652572483,31.659125870998626,0.00047984763027336365,0.0,0.0
r640x400,640,400,20260808_151001,ihawk2,20.0,0,3,3,1,0.011403687110843087,0.024469654316141357,39.66329435859318,0.0006169344909909111,0.0,0.0
r640x400,640,400,20260808_151001,ihawk2,20.0,1,3,3,1,0.013741716810674527,0.01901065939754828,28.18141554757212,0.0006745814228336761,0.0,0.0
r640x400,640,400,20260808_151001,ihawk2,20.0,2,3,3,1,0.007400157871894594,0.019212771326158975,38.68375465796494,0.000496662526583445,0.0,0.0
r640x400,640,400,20260808_151001,ihawk2,20.0,3,3,3,1,0.01044568970764028,0.021083114242483367,27.497338080236858,0.0007667329172359567,0.0,0.0
r640x400,640,400,20260808_151001,ihawk2,20.0,4,3,3,1,0.010989621928450079,0.02056987142357606,31.731317871763483,0.0006482514059676172,0.0,0.0
r640x400,640,400,20260808_151001,ihawk2,25.0,0,3,3,1,0.012561305304430358,0.02508447928305392,40.069856780336735,0.0006260186908220619,0.0,0.0
r640x400,640,400,20260808_151001,ihawk2,25.0,1,3,3,1,0.009525703822516,0.015196048176141615,28.112458375364348,0.0005405449773634274,0.0,0.0
r640x400,640,400,20260808_151001,ihawk2,25.0,2,3,3,1,0.008369059028756922,0.018550367577477713,38.26552364330148,0.000484780183603342,0.0,0.0
r640x400,640,400,20260808_151001,ihawk2,25.0,3,3,3,1,0.012078456728517744,0.026043355658516273,27.39780319659033,0.0009505636445245136,0.0,0.0
r640x400,640,400,20260808_151001,ihawk2,25.0,4,3,3,1,0.004306136731583751,0.007571018257832363,31.87807834689324,0.0002374992047966472,0.0,0.0
r640x400,640,400,20260808_151001,ihawk2,30.0,0,3,3,1,0.029097560608564638,0.05040256252469805,40.322935850931856,0.0012499725394755266,0.0,0.0
r640x400,640,400,20260808_151001,ihawk2,30.0,1,3,3,1,0.01751837926882496,0.03550287408028231,28.28461754198022,0.0012552007828137929,0.0,0.0
r640x400,640,400,20260808_151001,ihawk2,30.0,2,3,3,1,0.005273736152512199,0.010051963991566876,38.484765065675674,0.00026119333129389846,0.0,0.0
r640x400,640,400,20260808_151001,ihawk2,30.0,3,3,3,1,0.010089177887026426,0.019132756015384757,27.199063588722915,0.0007034343646785489,0.0,0.0
r640x400,640,400,20260808_151001,ihawk2,30.0,4,3,3,1,0.007766652018431942,0.011125742003672666,31.816486096571943,0.0003496848133984037,0.0,0.0
r640x400,640,400,20260808_151001,ihawk2,35.0,0,3,3,1,0.011843481807978722,0.021803225617019167,40.37364168268769,0.0005400361401227881,0.0,0.0
r640x400,640,400,20260808_151001,ihawk2,35.0,1,3,3,1,0.009594285090381882,0.013996237884353299,28.09463339160061,0.0004981819014779429,0.0,0.0
r640x400,640,400,20260808_151001,ihawk2,35.0,2,3,3,1,0.015813497248156623,0.020374579301604603,38.3769873427156,0.0005309061683152661,0.0,0.0
r640x400,640,400,20260808_151001,ihawk2,35.0,3,3,3,1,0.01844388038382613,0.03321061096697923,27.440396486126875,0.001210281745884015,0.0,0.0
r640x400,640,400,20260808_151001,ihawk2,35.0,4,3,3,1,0.03079639688576373,0.04921854652382909,31.93937396455922,0.0015409990996831466,0.0,0.0
r640x400,640,400,20260808_151001,ihawk2,40.0,0,3,3,1,0.011314946260583244,0.027027208107831543,40.88303263587008,0.0006610861857669122,0.0,0.0
r640x400,640,400,20260808_151001,ihawk2,40.0,1,3,3,1,0.013935413583655503,0.026128574481722112,28.452094814036826,0.0009183357026081465,0.0,0.0
r640x400,640,400,20260808_151001,ihawk2,40.0,2,3,3,1,0.007411127681610042,0.021092565330550487,38.519567089893805,0.0005475805395560752,0.0,0.0
r640x400,640,400,20260808_151001,ihawk2,40.0,3,3,3,1,0.012163750559811093,0.020141313210423773,27.469195815738914,0.0007332327216832277,0.0,0.0
r640x400,640,400,20260808_151001,ihawk2,40.0,4,3,3,1,0.015310793102209523,0.028183653022114563,31.962872105458672,0.000881762218649347,0.0,0.0
r640x400,640,400,20260808_151001,ihawk2,45.0,0,3,3,1,0.010302922088686758,0.017890971928637926,40.83689803804937,0.0004381080049706075,0.0,0.0
r640x400,640,400,20260808_151001,ihawk2,45.0,1,3,3,1,0.010396942604116778,0.019151719777380238,28.37309402536828,0.0006749958168205678,0.0,0.0
r640x400,640,400,20260808_151001,ihawk2,45.0,2,3,3,1,0.005460089731043973,0.010080105885058028,38.31509584999774,0.0002630844491299536,0.0,0.0
r640x400,640,400,20260808_151001,ihawk2,45.0,3,3,3,1,0.01210927497487476,0.02864701953151473,27.406317355072858,0.0010452706637074762,0.0,0.0
r640x400,640,400,20260808_151001,ihawk2,45.0,4,3,3,1,0.010190059809706416,0.016080112548414016,31.977405946787055,0.0005028585675514956,0.0,0.0
r640x400,640,400,20260808_151001,ihawk2,50.0,0,3,3,1,0.025681227694195567,0.04981172009185528,40.897229747382866,0.0012179729629497186,0.0,0.0
r640x400,640,400,20260808_151001,ihawk2,50.0,1,3,3,1,0.009180980900127506,0.016088296564660154,28.633608382628644,0.00056186759103755,0.0,0.0
r640x400,640,400,20260808_151001,ihawk2,50.0,2,3,3,1,0.007146858375018277,0.016031578305993013,38.2632609487472,0.00041898097309236033,0.0,0.0
r640x400,640,400,20260808_151001,ihawk2,50.0,3,3,3,1,0.002794649866614146,0.017367267220855135,27.506764294059728,0.0006313816861624002,0.0,0.0
r640x400,640,400,20260808_151001,ihawk2,50.0,4,3,3,1,0.014647401667105217,0.036467243848429386,31.9943241745421,0.0011398035366987495,0.0,0.0
r640x400,640,400,20260808_162715,ihawk1,0.0,0,3,3,1,0.01823088199344737,0.038036833221963114,23.472529263349045,0.0016204829396615286,0.0,0.0
r640x400,640,400,20260808_162715,ihawk1,0.0,1,3,3,1,0.011393745018997467,0.027201767601537124,20.576883862884888,0.0013219575803021238,0.0,0.0
r640x400,640,400,20260808_162715,ihawk1,0.0,2,3,3,1,0.010854387979240314,0.023952260794079926,33.59779067350331,0.000712911781219285,0.0,0.0
r640x400,640,400,20260808_162715,ihawk1,0.0,3,3,3,1,0.051005420238365004,0.08133270283780711,28.56641289029246,0.0028471444122214543,0.0,0.0
r640x400,640,400,20260808_162715,ihawk1,0.0,4,3,3,1,0.016597028713946388,0.034647149190828654,25.68998541782325,0.0013486636378855661,0.0,0.0
r640x400,640,400,20260808_162715,ihawk1,5.0,0,3,3,1,0.017120657306484315,0.02768483098394211,23.25495021734357,0.0011904919479593093,0.0,0.0
r640x400,640,400,20260808_162715,ihawk1,5.0,1,3,3,1,0.014219912506504595,0.03637239479532116,20.939080799085865,0.0017370578558018202,0.0,0.0
r640x400,640,400,20260808_162715,ihawk1,5.0,2,3,3,1,0.004637985848008035,0.015309572272448517,33.48864476982283,0.00045715711632034233,0.0,0.0
r640x400,640,400,20260808_162715,ihawk1,5.0,3,3,3,1,0.018039690776270323,0.040573712139346234,28.560799292785195,0.0014206084263753656,0.0,0.0
r640x400,640,400,20260808_162715,ihawk1,5.0,4,3,3,1,0.019729572380344694,0.0412388744923451,25.49844777012737,0.0016173092128634737,0.0,0.0
r640x400,640,400,20260808_162715,ihawk1,10.0,0,3,3,1,0.006708611492710021,0.01381903778885068,23.30640061673455,0.0005929288703176364,0.0,0.0
r640x400,640,400,20260808_162715,ihawk1,10.0,1,3,3,1,0.022148688964880474,0.045461237967984625,20.85980990115324,0.0021793697154196636,0.0,0.0
r640x400,640,400,20260808_162715,ihawk1,10.0,2,3,3,1,0.0066009426641060525,0.019678411795517426,33.5429184926203,0.0005866636738793861,0.0,0.0
r640x400,640,400,20260808_162715,ihawk1,10.0,3,3,3,1,0.02543047350444603,0.0539612501640869,28.20542943403216,0.0019131511643988033,0.0,0.0
r640x400,640,400,20260808_162715,ihawk1,10.0,4,3,3,1,0.009042768275629722,0.016109689318594387,25.455327713225735,0.0006328612029702659,0.0,0.0
r640x400,640,400,20260808_162715,ihawk1,15.0,0,3,3,1,0.011551748060376276,0.026109275376672455,23.680079483779945,0.0011025839416863624,0.0,0.0
r640x400,640,400,20260808_162715,ihawk1,15.0,1,3,3,1,0.011583242523022999,0.025434236485851306,20.987318780885182,0.0012118859369981212,0.0,0.0
r640x400,640,400,20260808_162715,ihawk1,15.0,2,3,3,1,0.0037257319286090646,0.019531476496336853,33.583540746414286,0.0005815788348172379,0.0,0.0
r640x400,640,400,20260808_162715,ihawk1,15.0,3,3,3,1,0.06413156276109509,0.1224222344981059,28.99181487912793,0.00422264818565192,0.0,0.0
r640x400,640,400,20260808_162715,ihawk1,15.0,4,3,3,1,0.00953875592502414,0.01672252557001932,25.614230213754244,0.0006528607508587048,0.0,0.0
r640x400,640,400,20260808_162715,ihawk1,20.0,0,3,3,1,0.014635856400221189,0.028002681008634994,23.623171635341734,0.0011853904056956196,0.0,0.0
r640x400,640,400,20260808_162715,ihawk1,20.0,1,3,3,1,0.029495903703187516,0.04514248381007519,20.94352529761177,0.0021554386460059267,0.0,0.0
r640x400,640,400,20260808_162715,ihawk1,20.0,2,3,3,1,0.013683688172929871,0.029175308343786455,33.70776051769648,0.0008655368347140564,0.0,0.0
r640x400,640,400,20260808_162715,ihawk1,20.0,3,3,3,1,0.012977368108963463,0.02480947197221416,28.604735040006393,0.0008673204606690395,0.0,0.0
r640x400,640,400,20260808_162715,ihawk1,20.0,4,3,3,1,0.02203522217793809,0.04088402822186052,25.507232321182354,0.0016028406260254501,0.0,0.0
r640x400,640,400,20260808_162715,ihawk1,25.0,0,3,3,1,0.019482202503442687,0.05004900929694737,23.80824153124493,0.0021021716043692334,0.0,0.0
r640x400,640,400,20260808_162715,ihawk1,25.0,1,3,3,1,0.012332933630870267,0.023292496105674222,20.996604602930084,0.0011093458464433695,0.0,0.0
r640x400,640,400,20260808_162715,ihawk1,25.0,2,3,3,1,0.03547634256760927,0.05826311826046318,33.6519668792398,0.0017313436230797618,0.0,0.0
r640x400,640,400,20260808_162715,ihawk1,25.0,3,3,3,1,0.11089268706734999,0.24044649238500723,28.40496601245463,0.008464945611256125,0.0,0.0
r640x400,640,400,20260808_162715,ihawk1,25.0,4,3,3,1,0.0065008025409597795,0.014437044673483296,25.654140880611607,0.0005627568952969401,0.0,0.0
r640x400,640,400,20260808_162715,ihawk1,30.0,0,3,3,1,0.01628243698201202,0.041927078168831185,23.78850938963363,0.0017624928692296221,0.0,0.0
r640x400,640,400,20260808_162715,ihawk1,30.0,1,3,3,1,0.021967117250144365,0.0506692267416801,20.95465837495987,0.0024180411741872234,0.0,0.0
r640x400,640,400,20260808_162715,ihawk1,30.0,2,3,3,1,0.0056922362168304996,0.011350599645122996,33.89126315326459,0.0003349122631928118,0.0,0.0
r640x400,640,400,20260808_162715,ihawk1,30.0,3,3,3,1,0.0037630303700644124,0.00934693312448331,28.76726243448251,0.0003249156274696269,0.0,0.0
r640x400,640,400,20260808_162715,ihawk1,30.0,4,3,3,1,0.018080878117674105,0.04113682558251509,25.641880395300397,0.001604282718285145,0.0,0.0
r640x400,640,400,20260808_162715,ihawk1,35.0,0,3,3,1,0.01382289533263414,0.024403248617233905,23.957953254690473,0.0010185865360788386,0.0,0.0
r640x400,640,400,20260808_162715,ihawk1,35.0,1,3,3,1,0.05631018430037296,0.11006181033702238,20.92318341078409,0.005260280339572755,0.0,0.0
r640x400,640,400,20260808_162715,ihawk1,35.0,2,3,3,1,0.010899654569808124,0.0270366136975357,33.8823936001223,0.0007979546550524137,0.0,0.0
r640x400,640,400,20260808_162715,ihawk1,35.0,3,3,3,1,0.5793561558021187,1.1614148631597927,28.856323288341844,0.04024819279831857,0.0,0.0
r640x400,640,400,20260808_162715,ihawk1,35.0,4,3,3,1,0.013455311917094264,0.021998323354762036,25.665581667149898,0.0008571137658227443,0.0,0.0
r640x400,640,400,20260808_162715,ihawk1,40.0,0,3,3,1,0.014711978421044271,0.02175289624524736,24.03734943194733,0.0009049623506465414,0.0,0.0
r640x400,640,400,20260808_162715,ihawk1,40.0,1,3,3,1,0.013012598458630053,0.033507173376798795,21.09374216986717,0.0015884888090015844,0.0,0.0
r640x400,640,400,20260808_162715,ihawk1,40.0,2,3,3,1,0.0030159459677598557,0.009717669892402886,34.19639568902379,0.00028417234321341127,0.0,0.0
r640x400,640,400,20260808_162715,ihawk1,40.0,3,3,3,1,0.033306310693905404,0.055445840887842074,29.109488491467857,0.0019047342897864227,0.0,0.0
r640x400,640,400,20260808_162715,ihawk1,40.0,4,3,3,1,0.008973251509456734,0.015500061724385636,25.850835524424795,0.0005995961604312798,0.0,0.0
r640x400,640,400,20260808_162715,ihawk1,45.0,0,3,3,1,0.007338295980485501,0.020743508272432185,24.101219825427847,0.0008606829207269779,0.0,0.0
r640x400,640,400,20260808_162715,ihawk1,45.0,1,3,3,1,0.014214633212605556,0.026095383595189318,21.23662104970966,0.0012287916959155838,0.0,0.0
r640x400,640,400,20260808_162715,ihawk1,45.0,2,3,3,1,0.009346861162435466,0.017178398369129544,34.083039365150405,0.0005040160352217384,0.0,0.0
r640x400,640,400,20260808_162715,ihawk1,45.0,3,3,3,1,0.0076641286041351534,0.03780552089255679,29.047475632436985,0.0013015079647864405,0.0,0.0
r640x400,640,400,20260808_162715,ihawk1,45.0,4,3,3,1,0.0034252309094951403,0.008230373562161433,25.83640981497681,0.00031855716878242355,0.0,0.0
r640x400,640,400,20260808_162715,ihawk1,50.0,0,3,3,1,0.02592553006436658,0.051351508445917,23.85426101707602,0.002152718476969676,0.0,0.0
r640x400,640,400,20260808_162715,ihawk1,50.0,1,3,3,1,0.2538545803981299,0.5084865659006871,20.977143021273243,0.02424002951140787,0.0,0.0
r640x400,640,400,20260808_162715,ihawk1,50.0,2,3,3,1,0.017034719513076564,0.030858787398236658,34.17806701644576,0.0009028827576289807,0.0,0.0
r640x400,640,400,20260808_162715,ihawk1,50.0,3,3,3,1,0.018549462033652417,0.045859269131287884,29.10098189349163,0.00157586672845373,0.0,0.0
r640x400,640,400,20260808_162715,ihawk1,50.0,4,3,3,1,0.014373503135877333,0.024953387809640213,26.079592386659407,0.0009568166342356146,0.0,0.0
r640x400,640,400,20260808_162715,ihawk2,0.0,0,3,3,1,0.016279453972904704,0.03132625719602898,39.946145648529644,0.0007842122609689642,0.0,0.0
r640x400,640,400,20260808_162715,ihawk2,0.0,1,3,3,1,0.0032918040231762627,0.010351266296915265,28.01397808162305,0.0003695036194700821,0.0,0.0
r640x400,640,400,20260808_162715,ihawk2,0.0,2,3,3,1,0.01024888309178515,0.01546550515475013,38.50954879925707,0.00040160182700059297,0.0,0.0
r640x400,640,400,20260808_162715,ihawk2,0.0,3,3,3,1,0.010454940145585966,0.03291134079091515,27.608916080869793,0.0011920547947088516,0.0,0.0
r640x400,640,400,20260808_162715,ihawk2,0.0,4,3,3,1,0.013083873573364654,0.024536856097119707,31.547548770485708,0.0007777737749335109,0.0,0.0
r640x400,640,400,20260808_162715,ihawk2,5.0,0,3,3,1,0.015164357015894605,0.031094659216125888,39.420478530260795,0.0007887945650445704,0.0,0.0
r640x400,640,400,20260808_162715,ihawk2,5.0,1,3,3,1,0.007357246274902949,0.016245660241849726,27.848477022371164,0.000583359019195172,0.0,0.0
r640x400,640,400,20260808_162715,ihawk2,5.0,2,3,3,1,0.011739426712296221,0.0313192666156332,38.43622382937393,0.0008148372419378573,0.0,0.0
r640x400,640,400,20260808_162715,ihawk2,5.0,3,3,3,1,0.008920919655756827,0.022660985128464924,27.46118167795409,0.0008252006557553647,0.0,0.0
r640x400,640,400,20260808_162715,ihawk2,5.0,4,3,3,1,0.0037918389308751557,0.010678170408563491,31.672586718983343,0.0003371423528904067,0.0,0.0
r640x400,640,400,20260808_162715,ihawk2,10.0,0,3,3,1,0.0024668958991320815,0.020719649222746234,39.325858334733226,0.0005268708707228981,0.0,0.0
r640x400,640,400,20260808_162715,ihawk2,10.0,1,3,3,1,0.00889147898375205,0.014156052297980509,27.780607658284232,0.0005095659703382747,0.0,0.0
r640x400,640,400,20260808_162715,ihawk2,10.0,2,3,3,1,0.006193898993144761,0.011968025524096242,38.17191056366783,0.0003135296438498799,0.0,0.0
r640x400,640,400,20260808_162715,ihawk2,10.0,3,3,3,1,0.006842403910792113,0.013069504926543032,27.400508403444725,0.0004769803805866597,0.0,0.0
r640x400,640,400,20260808_162715,ihawk2,10.0,4,3,3,1,0.004642441818229162,0.01056688739310288,31.48272130339815,0.00033564085173165515,0.0,0.0
r640x400,640,400,20260808_162715,ihawk2,15.0,0,3,3,1,0.01493449112998035,0.030741405466005654,39.59362730768404,0.0007764230649319566,0.0,0.0
r640x400,640,400,20260808_162715,ihawk2,15.0,1,3,3,1,0.005234777230889414,0.018001026053148985,28.004677446441562,0.0006427864090766844,0.0,0.0
r640x400,640,400,20260808_162715,ihawk2,15.0,2,3,3,1,0.006139479750096105,0.020841807886892376,38.3266426810211,0.0005437942493515873,0.0,0.0
r640x400,640,400,20260808_162715,ihawk2,15.0,3,3,3,1,0.009731357606978653,0.019139063024258312,27.473888991296548,0.0006966273697299052,0.0,0.0
r640x400,640,400,20260808_162715,ihawk2,15.0,4,3,3,1,0.004881769969694831,0.012517145521027173,31.427144132012792,0.000398290900008212,0.0,0.0
r640x400,640,400,20260808_162715,ihawk2,20.0,0,3,3,1,0.0064657004342758735,0.01363686448006036,39.70342885555878,0.0003434681807878942,0.0,0.0
r640x400,640,400,20260808_162715,ihawk2,20.0,1,3,3,1,0.011372741375313454,0.015881086808829343,27.975569579603643,0.0005676769784307764,0.0,0.0
r640x400,640,400,20260808_162715,ihawk2,20.0,2,3,3,1,0.007361171364194013,0.013358608683047495,38.30379265674648,0.0003487542030826713,0.0,0.0
r640x400,640,400,20260808_162715,ihawk2,20.0,3,3,3,1,0.012139786171663915,0.023294171755476767,27.446926145384637,0.0008486987443362149,0.0,0.0
r640x400,640,400,20260808_162715,ihawk2,20.0,4,3,3,1,0.0034574899381135424,0.005860589042917052,31.655827513291435,0.0001851346024821606,0.0,0.0
r640x400,640,400,20260808_162715,ihawk2,25.0,0,3,3,1,0.00899979083260271,0.020286080087453976,39.72299838794157,0.0005106885409136708,0.0,0.0
r640x400,640,400,20260808_162715,ihawk2,25.0,1,3,3,1,0.008756204359562685,0.028697715541933302,28.075730970959217,0.0010221538157498891,0.0,0.0
r640x400,640,400,20260808_162715,ihawk2,25.0,2,3,3,1,0.01466782223277956,0.02737448115875644,38.31583730095979,0.0007144429846002797,0.0,0.0
r640x400,640,400,20260808_162715,ihawk2,25.0,3,3,3,1,0.009960443788595291,0.018086122302348667,27.383575856576627,0.0006604733580842758,0.0,0.0
r640x400,640,400,20260808_162715,ihawk2,25.0,4,3,3,1,0.007376573784322685,0.014783606487907656,31.717902992877413,0.00046609659192246947,0.0,0.0
r640x400,640,400,20260808_162715,ihawk2,30.0,0,3,3,1,0.017342687173511142,0.039394947991599,39.93751804225886,0.0009864145275606322,0.0,0.0
r640x400,640,400,20260808_162715,ihawk2,30.0,1,3,3,1,0.005374170936660543,0.01152287471065057,28.110561078097227,0.0004099126544873127,0.0,0.0
r640x400,640,400,20260808_162715,ihawk2,30.0,2,3,3,1,0.007207847574540871,0.023078635838427175,38.18646385814001,0.0006043669276150486,0.0,0.0
r640x400,640,400,20260808_162715,ihawk2,30.0,3,3,3,1,0.004798650946244667,0.02013217917559979,27.23790294117996,0.0007391236843407173,0.0,0.0
r640x400,640,400,20260808_162715,ihawk2,30.0,4,3,3,1,0.0048046989966292015,0.014526333350276628,31.605040884615335,0.00045962077389204517,0.0,0.0
r640x400,640,400,20260808_162715,ihawk2,35.0,0,3,3,1,0.0013729059597886093,0.012391778788043845,40.13256968293183,0.0003087711274395171,0.0,0.0
r640x400,640,400,20260808_162715,ihawk2,35.0,1,3,3,1,0.0050774332333378665,0.012218656832012427,27.985452721575065,0.0004366074386423127,0.0,0.0
r640x400,640,400,20260808_162715,ihawk2,35.0,2,3,3,1,0.015915110428308045,0.029708381191338167,38.13777138262945,0.0007789752813104699,0.0,0.0
r640x400,640,400,20260808_162715,ihawk2,35.0,3,3,3,1,0.02060813630734477,0.03746327744463959,27.351396724981974,0.0013697025355352956,0.0,0.0
r640x400,640,400,20260808_162715,ihawk2,35.0,4,3,3,1,0.0038489990854880473,0.00808746849120578,31.556898882156595,0.0002562821055835345,0.0,0.0
r640x400,640,400,20260808_162715,ihawk2,40.0,0,3,3,1,0.011865926237478078,0.025508232273894753,40.18522737081043,0.0006347664040448682,0.0,0.0
r640x400,640,400,20260808_162715,ihawk2,40.0,1,3,3,1,0.015735057627876272,0.025892219527817298,28.14733044167305,0.0009198818900950911,0.0,0.0
r640x400,640,400,20260808_162715,ihawk2,40.0,2,3,3,1,0.008177614059405409,0.018908655998295883,39.252586108128014,0.000481717457958279,0.0,0.0
r640x400,640,400,20260808_162715,ihawk2,40.0,3,3,3,1,0.009751619289312854,0.017863734510008954,27.399924187444256,0.0006519629174081742,0.0,0.0
r640x400,640,400,20260808_162715,ihawk2,40.0,4,3,3,1,0.0048769438762218086,0.018847966891612885,31.72689460033588,0.0005940690738580305,0.0,0.0
r640x400,640,400,20260808_162715,ihawk2,45.0,0,3,3,1,0.006241508195757447,0.013296926956502343,40.36977022901736,0.000329378316524196,0.0,0.0
r640x400,640,400,20260808_162715,ihawk2,45.0,1,3,3,1,0.010679012568657425,0.022633158354683856,28.2047663877042,0.0008024586356634645,0.0,0.0
r640x400,640,400,20260808_162715,ihawk2,45.0,2,3,3,1,0.00836756973158342,0.021446284571459678,38.467721606815985,0.0005575137719531502,0.0,0.0
r640x400,640,400,20260808_162715,ihawk2,45.0,3,3,3,1,0.005377864243008148,0.00802624552882687,27.43855889839244,0.0002925170217047044,0.0,0.0
r640x400,640,400,20260808_162715,ihawk2,45.0,4,3,3,1,0.006419286094361092,0.012750221578276653,31.64649965592526,0.00040289516113638794,0.0,0.0
r640x400,640,400,20260808_162715,ihawk2,50.0,0,3,3,1,0.01038370390107826,0.014498533033990197,40.317226337444865,0.000359611370897422,0.0,0.0
r640x400,640,400,20260808_162715,ihawk2,50.0,1,3,3,1,0.017365713324936773,0.034930733105287194,28.096898910206,0.001243223788394628,0.0,0.0
r640x400,640,400,20260808_162715,ihawk2,50.0,2,3,3,1,0.027750016183760124,0.04707832797998094,38.808373351290115,0.0012130971724537871,0.0,0.0
r640x400,640,400,20260808_162715,ihawk2,50.0,3,3,3,1,0.0032916861370510275,0.011016386027798085,27.457914252194733,0.0004012098634519385,0.0,0.0
r640x400,640,400,20260808_162715,ihawk2,50.0,4,3,3,1,0.00536803919700717,0.00891600001244294,31.662685602995428,0.0002815932964195383,0.0,0.0
