camera,run_id,height_mm,n_frames,covariance_rank,selected_branch_sequence,branch_switch_flag,max_pairwise_rho_mm,max_pairwise_omega_rad,mean_t_x_mm,mean_t_y_mm,mean_t_z_mm,mean_rotvec_x_rad,mean_rotvec_y_rad,mean_rotvec_z_rad,sigma_rho_x_mm,sigma_rho_y_mm,sigma_rho_z_mm,sigma_omega_x_rad,sigma_omega_y_rad,sigma_omega_z_rad,cov_rho_x_mm_rho_x_mm,cov_rho_x_mm_rho_y_mm,cov_rho_x_mm_rho_z_mm,cov_rho_x_mm_omega_x_rad,cov_rho_x_mm_omega_y_rad,cov_rho_x_mm_omega_z_rad,cov_rho_y_mm_rho_x_mm,cov_rho_y_mm_rho_y_mm,cov_rho_y_mm_rho_z_mm,cov_rho_y_mm_omega_x_rad,cov_rho_y_mm_omega_y_rad,cov_rho_y_mm_omega_z_rad,cov_rho_z_mm_rho_x_mm,cov_rho_z_mm_rho_y_mm,cov_rho_z_mm_rho_z_mm,cov_rho_z_mm_omega_x_rad,cov_rho_z_mm_omega_y_rad,cov_rho_z_mm_omega_z_rad,cov_omega_x_rad_rho_x_mm,cov_omega_x_rad_rho_y_mm,cov_omega_x_rad_rho_z_mm,cov_omega_x_rad_omega_x_rad,cov_omega_x_rad_omega_y_rad,cov_omega_x_rad_omega_z_rad,cov_omega_y_rad_rho_x_mm,cov_omega_y_rad_rho_y_mm,cov_omega_y_rad_rho_z_mm,cov_omega_y_rad_omega_x_rad,cov_omega_y_rad_omega_y_rad,cov_omega_y_rad_omega_z_rad,cov_omega_z_rad_rho_x_mm,cov_omega_z_rad_rho_y_mm,cov_omega_z_rad_rho_z_mm,cov_omega_z_rad_omega_x_rad,cov_omega_z_rad_omega_y_rad,cov_omega_z_rad_omega_z_rad
ihawk1,20260808_131913,0.0,3,2,A/A/A,0,0.17162147505336153,0.00042784512036135407,-41.55219267089491,65.18346884166156,626.8654291546967,1.9910620296772086,-0.6646750269243994,0.4191859541370772,0.03512572130916444,0.06449110326862223,0.04604530532465056,0.00014310162444494142,0.00017115573986932608,5.7225309495437235e-05,0.001233816297489089,0.0022596778952645256,-0.00161621027191931,5.0148562489237264e-06,-5.691112184098148e-06,8.462505064152397e-07,0.0022596778952645256,0.004159102400804096,-0.0029679443934759486,9.140199167636048e-06,-1.0673435945969878e-05,1.3142438361176711e-06,-0.00161621027191931,-0.0029679443934759486,0.0021201701424402933,-6.552060193109887e-06,7.551312987938396e-06,-1.0178554652771267e-06,5.0148562489237264e-06,9.140199167636048e-06,-6.552060193109887e-06,2.047807491878106e-08,-2.259344016890722e-08,3.945919317006478e-09,-5.691112184098148e-06,-1.0673435945969878e-05,7.551312987938396e-06,-2.259344016890722e-08,2.9294287290216417e-08,-1.0398771715631653e-09,8.462505064152397e-07,1.3142438361176711e-06,-1.0178554652771267e-06,3.945919317006478e-09,-1.0398771715631653e-09,3.2747360468485794e-09
ihawk1,20260808_131913,5.0,3,2,A/A/A,0,0.2185675715776765,0.00040413168650204923,-40.56539256168017,62.436551400657756,623.9606295702968,1.9934718205776305,-0.6604316098593683,0.41096712232680865,0.04352566318490493,0.0846668094534485,0.06310676569516993,0.00016661249119643832,8.361161661835987e-05,0.00011316848765631106,0.0018944833556857885,0.0036805024967120916,-0.002746081223529027,6.956444594598589e-06,-3.142941721844396e-06,4.8518374799851925e-06,0.0036805024967120916,0.0071684686230265564,-0.0053289432332316545,1.371534309090908e-05,-5.926204024209713e-06,9.342621449949052e-06,-0.002746081223529027,-0.0053289432332316545,0.003982463876505076,-1.0017242375006969e-05,4.6150396968990135e-06,-7.060282895444961e-06,6.956444594598589e-06,1.371534309090908e-05,-1.0017242375006969e-05,2.7759722222683234e-08,-9.556440605324199e-09,1.6896374371288493e-08,-3.142941721844396e-06,-5.926204024209713e-06,4.6150396968990135e-06,-9.556440605324199e-09,6.990902433535592e-09,-8.872365679536618e-09,4.8518374799851925e-06,9.342621449949052e-06,-7.060282895444961e-06,1.6896374371288493e-08,-8.872365679536618e-09,1.2807106598416627e-08
ihawk1,20260808_131913,10.0,3,2,A/A/A,0,0.22046041428733576,0.0006776815299509076,-38.02748259833143,57.65357409038277,621.8267715269963,1.9934296673670848,-0.6499754715474877,0.40500570199347546,0.05435881882065364,0.08181227059769595,0.05966477521514618,0.00027402725301184713,0.00011386126980930883,0.0002201056778052396,0.0029548811835766486,0.0039263889849134,-0.0031277911797407483,9.199497648551256e-06,-4.8440945073099594e-06,1.0747121980647432e-06,0.0039263889849134,0.006693247620350626,-0.004762453715036349,2.0504043072021324e-05,-3.713884032176173e-06,9.849880897334093e-06,-0.0031277911797407483,-0.004762453715036349,0.0035598854014739223,-1.3139160722199576e-05,4.009024673551252e-06,-4.597229130993727e-06,9.199497648551256e-06,2.0504043072021324e-05,-1.3139160722199576e-05,7.509093539321888e-08,1.938364148836556e-10,5.059188579089159e-08,-4.8440945073099594e-06,-3.713884032176173e-06,4.009024673551252e-06,1.938364148836556e-10,1.2964388762588222e-08,1.3775004446221212e-08,1.0747121980647432e-06,9.849880897334093e-06,-4.597229130993727e-06,5.059188579089159e-08,1.3775004446221212e-08,4.8446509402103947e-08
ihawk1,20260808_131913,15.0,3,2,A/A/A,0,0.07338016415193689,0.0002528369478426361,-39.27227782248614,53.12584338962803,619.467646634724,1.997032946192537,-0.6485608432705702,0.4038022043146457,0.00732548634412972,0.023992588671341936,0.02686945503638785,4.877894877871854e-05,6.063827129094439e-05,0.00012011099198240701,5.366275017803101e-05,0.00016689673469705334,-0.00018940672408350757,2.4835001882807623e-07,-4.11366599928348e-07,-3.570254568742206e-07,0.00016689673469705334,0.0005756443111522054,-0.000644062465252857,5.085902490839169e-07,-1.4515027681034925e-06,-1.936122602965916e-06,-0.00018940672408350757,-0.000644062465252857,0.0007219676139524685,-6.20180786618591e-07,1.61922176267092e-06,2.0626754087009015e-06,2.4835001882807623e-07,5.085902490839169e-07,-6.20180786618591e-07,2.379385843956847e-09,-1.1013067909165291e-09,2.1978168219742093e-09,-4.11366599928348e-07,-1.4515027681034925e-06,1.61922176267092e-06,-1.1013067909165291e-09,3.6769999451541704e-09,5.2487559553945365e-09,-3.570254568742206e-07,-1.936122602965916e-06,2.0626754087009015e-06,2.1978168219742093e-09,5.2487559553945365e-09,1.442665039499784e-08
ihawk1,20260808_131913,20.0,3,2,A/A/A,0,0.22794308662130136,0.00379629787198498,-36.959614389772696,48.95906831290404,616.2917062592828,1.9958072098667405,-0.641679858712431,0.4062632698918939,0.04657640749922042,0.03848121511117281,0.11536761758639912,0.0010698062826852812,0.0019081844673510752,4.323671289623693e-05,0.0021693617355334365,0.0017857262472433745,-0.005367537418059868,4.9805691497062026e-05,8.884155550872265e-05,-2.0082342744200188e-06,0.0017857262472433745,0.0014808039164323549,-0.004436105219537793,4.110282575803246e-05,7.33066800072197e-05,-1.642491804707972e-06,-0.005367537418059868,-0.004436105219537793,0.013309687187561627,-0.00012340315135043602,-0.00022010396034262568,4.9515311176861814e-06,4.9805691497062026e-05,4.110282575803246e-05,-0.00012340315135043602,1.1444854824728998e-06,2.0413846001204105e-06,-4.600411158145454e-08,8.884155550872265e-05,7.33066800072197e-05,-0.00022010396034262568,2.0413846001204105e-06,3.6411679614399067e-06,-8.207118933072502e-08,-2.0082342744200188e-06,-1.642491804707972e-06,4.9515311176861814e-06,-4.600411158145454e-08,-8.207118933072502e-08,1.8694133420716205e-09
ihawk1,20260808_131913,25.0,3,2,A/A/A,0,1.4115194351274682,0.0036273406003827524,-36.53740236767079,44.543725297232335,610.968781382935,1.9909008943114619,-0.646122654964262,0.4059799926702084,0.23610177504696392,0.6328830336336179,0.44522032954867813,0.0009107816292900125,0.00035093753484124785,0.001828670994044354,0.05574404818032716,0.1494203572112152,-0.10510550518650355,0.0002149857803537844,8.08514639441286e-05,0.00043153587041756624,0.1494203572112152,0.4005409342612911,-0.28176494877022623,0.000576166108385359,0.00021709494455517762,0.0011564368956459865,-0.10510550518650355,-0.28176494877022623,0.19822114184343356,-0.00040522324891619546,-0.00015295764359286236,-0.000813275240358482,0.0002149857803537844,0.000576166108385359,-0.00040522324891619546,8.295231762521697e-07,3.102886428906123e-07,1.6654397021037058e-06,8.08514639441286e-05,0.00021709494455517762,-0.00015295764359286236,3.102886428906123e-07,1.2315715336045203e-07,6.214571037354125e-07,0.00043153587041756624,0.0011564368956459865,-0.000813275240358482,1.6654397021037058e-06,6.214571037354125e-07,3.3440376044591652e-06
ihawk1,20260808_131913,30.0,3,2,A/A/A,0,0.17816682785448434,0.0017162758058867974,-37.9556385336719,39.98005103633968,609.0870348666796,1.987624367137699,-0.6585680562089402,0.4137185303878473,0.05515450620823634,0.03940105415151675,0.0621391065305417,0.0002766578982219666,0.000865519814301325,0.00026721521854463547,0.003042019555074381,0.0021716521446579016,-0.003340661177997542,-1.4247299274180252e-05,-4.5089780028017616e-05,-1.4495593549858732e-05,0.0021716521446579016,0.0015524430682507554,-0.002405119801416202,-1.0315610209713237e-05,-3.2604053323513954e-05,-1.027767600833822e-05,-0.003340661177997542,-0.002405119801416202,0.00386126856041401,1.7020878989619263e-05,5.346145117074021e-05,1.5248579340749412e-05,-1.4247299274180252e-05,-1.0315610209713237e-05,1.7020878989619263e-05,7.653959264859604e-08,2.3933356286943926e-07,6.310788573347335e-08,-4.5089780028017616e-05,-3.2604053323513954e-05,5.346145117074021e-05,2.3933356286943926e-07,7.491245489482001e-07,2.0113617428882172e-07,-1.4495593549858732e-05,-1.027767600833822e-05,1.5248579340749412e-05,6.310788573347335e-08,2.0113617428882172e-07,7.140397302185729e-08
ihawk1,20260808_131913,35.0,3,2,A/A/A,0,2.2234259889267687,0.0064584958164678906,-39.00609078516801,37.04211623633403,604.1819562547548,1.987510841225577,-0.6496877933263192,0.4198909176385395,0.5081977493321866,0.9188807733110983,0.534758449615971,0.0004911131845767371,0.0032303867574056252,0.000812353274675534,0.25826495242630004,0.4669684056467914,-0.27167963962636427,0.0002236025674007343,-0.0016385784697071951,0.0004123866788260198,0.4669684056467914,0.8443418755608021,-0.49127829659255484,0.0004051982291701127,-0.002961890159338483,0.0007454788150225747,-0.27167963962636427,-0.49127829659255484,0.2859665994356769,-0.00023810706531539818,0.0017210615200616767,-0.0004333046809763154,0.0002236025674007343,0.0004051982291701127,-0.00023810706531539818,2.4119216006510423e-07,-1.3753913378448385e-06,3.4877152099395576e-07,-0.0016385784697071951,-0.002961890159338483,0.0017210615200616767,-1.3753913378448385e-06,1.043539860242163e-05,-2.6239291459346197e-06,0.0004123866788260198,0.0007454788150225747,-0.0004333046809763154,3.4877152099395576e-07,-2.6239291459346197e-06,6.599178428760635e-07
ihawk1,20260808_131913,40.0,3,2,A/A/A,0,0.06180365562535816,0.0007173490819510935,-41.7845895299371,32.76772715131587,598.8523408228069,1.9859446875583633,-0.6534990221945511,0.41861296619439115,0.01730103253522341,0.02421103349994348,0.01553639560152423,0.00015654275812382716,0.00030611909657128476,0.00024551538192958515,0.000299325726784859,-0.00036990351267582924,0.00020837342535936425,4.539062305373663e-07,-3.615300381831199e-06,-4.238193153800456e-06,-0.00036990351267582924,0.0005861741431353855,-0.0003689976917457917,-2.3141173649199937e-06,1.92647257448771e-06,5.0513132456442786e-06,0.00020837342535936425,-0.0003689976917457917,0.0002413795882870614,1.8306222379432366e-06,-3.2126581521072245e-07,-2.7895222940487987e-06,4.539062305373663e-07,-2.3141173649199937e-06,1.8306222379432366e-06,2.4505635121015052e-08,2.904133463938368e-08,-3.897356806538522e-09,-3.615300381831199e-06,1.92647257448771e-06,-3.2126581521072245e-07,2.904133463938368e-08,9.370890128561956e-08,5.485617505048677e-08,-4.238193153800456e-06,5.0513132456442786e-06,-2.7895222940487987e-06,-3.897356806538522e-09,5.485617505048677e-08,6.027780276403006e-08
ihawk1,20260808_131913,45.0,3,2,A/A/A,0,0.08943421257149307,0.0008492550546140922,-42.01687506282585,28.95047858286003,600.8086608618826,1.9915459497594106,-0.6481361012462536,0.4192988898711163,0.032915492124001314,0.03279707903246311,0.02468084047424342,1.4805255922478e-05,0.0002904698878959361,0.00036739853704973374,0.0010834296217651926,-0.0009478955237122051,0.0007204548306867478,3.588330937846336e-07,-8.637075115645417e-06,-1.2092107949809385e-05,-0.0009478955237122051,0.0010756483930616312,-0.000809318405233472,-1.5672019568690704e-07,9.511755058216945e-06,1.0653412721415591e-05,0.0007204548306867478,-0.000809318405233472,0.0006091438865150522,1.2437296991999053e-07,-7.1641090088938775e-06,-8.094729240142333e-06,3.588330937846336e-07,-1.5672019568690704e-07,1.2437296991999053e-07,2.191956029300699e-10,-1.6127120988309204e-09,-3.9576918073516495e-09,-8.637075115645417e-06,9.511755058216945e-06,-7.1641090088938775e-06,-1.6127120988309204e-09,8.437275577427768e-08,9.6985296457639e-08,-1.2092107949809385e-05,1.0653412721415591e-05,-8.094729240142333e-06,-3.9576918073516495e-09,9.6985296457639e-08,1.3498168502628458e-07
ihawk1,20260808_131913,50.0,3,2,A/A/A,0,0.09552535246191177,0.00033434727627336007,-39.51914319006454,24.715821504029968,599.013796019143,1.9943457786484362,-0.6492230641019933,0.40709841693321264,0.01792852453739284,0.041452709168415015,0.024349863776029653,0.00012898395223993992,4.681751009992258e-05,0.0001086502425240518,0.0003214319920878972,0.0006903097488949897,-0.00042643053385229223,2.142419910328202e-06,8.195168813757076e-07,1.849738628133228e-06,0.0006903097488949897,0.0017183270974011984,-0.0009958760066346975,3.855529912293921e-06,1.9154357912853627e-06,3.449449946605735e-06,-0.00042643053385229223,-0.0009958760066346975,0.0005929158659112011,-2.5891081456061106e-06,-1.139997448911386e-06,-2.276364989605345e-06,2.142419910328202e-06,3.855529912293921e-06,-2.5891081456061106e-06,1.6636859935435103e-08,4.970847954094847e-09,1.3982661629259367e-08,8.195168813757076e-07,1.9154357912853627e-06,-1.139997448911386e-06,4.970847954094847e-09,2.1918792519563523e-09,4.371283319973879e-09,1.849738628133228e-06,3.449449946605735e-06,-2.276364989605345e-06,1.3982661629259367e-08,4.371283319973879e-09,1.1804875200535274e-08
ihawk1,20260808_141232,0.0,3,2,A/A/A,0,1.432175848948207,0.0016053597215171748,-37.604091535361626,65.1981100071726,625.7141591713844,1.9926725707552158,-0.6377437770811866,0.3997717100810932,0.5082455993710301,0.4376710306904134,0.467761976131909,0.0006305712244478732,0.0006653641500883344,0.00014354333932167882,0.2583135892800176,0.22239134038059935,-0.23772827122641155,0.00031839295154055097,-0.000330322869661308,-4.761716924605537e-05,0.22239134038059935,0.19155593110560878,-0.20462833902400238,0.0002734283583061993,-0.0002857484217540231,-3.99560026850786e-05,-0.23772827122641155,-0.20462833902400238,0.2188012663148286,-0.0002933237017566547,0.0003033971262098485,4.428189996168129e-05,0.00031839295154055097,0.0002734283583061993,-0.0002933237017566547,3.9762006910169003e-07,-3.969006541530323e-07,-6.651494440572863e-08,-0.000330322869661308,-0.0002857484217540231,0.0003033971262098485,-3.969006541530323e-07,4.427094522227716e-07,4.539514410712972e-08,-4.761716924605537e-05,-3.99560026850786e-05,4.428189996168129e-05,-6.651494440572863e-08,4.539514410712972e-08,2.0604690263618622e-08
ihawk1,20260808_141232,5.0,3,2,A/A/A,0,0.07606452275920969,0.00017629391467660193,-39.54129469334589,59.07108237123399,629.374223439691,1.9925947688085688,-0.662512965913995,0.4079251931628595,0.020042160233668567,0.03343427278255118,0.016067028009051687,4.706513246612079e-05,8.478307644268058e-06,8.878594010339704e-05,0.00040168818683204564,0.0006546433123541315,-0.0003154203923793958,-3.157487061070454e-07,1.6391196223649685e-07,1.226239012768655e-06,0.0006546433123541315,0.0011178505964980427,-0.0005371481477411577,-1.9799034439810066e-07,2.8308837599922027e-07,2.4577293389365966e-06,-0.0003154203923793958,-0.0005371481477411577,0.0002581493890436514,1.0443462449613786e-07,-1.3594215506025996e-07,-1.1710708390025164e-06,-3.157487061070454e-07,-1.9799034439810066e-07,1.0443462449613786e-07,2.2151266940534976e-09,-2.9711948608238765e-11,1.8895779442902173e-09,1.6391196223649685e-07,2.8308837599922027e-07,-1.3594215506025996e-07,-2.9711948608238765e-11,7.18817005108542e-11,6.441887959191217e-10,1.226239012768655e-06,2.4577293389365966e-06,-1.1710708390025164e-06,1.8895779442902173e-09,6.441887959191217e-10,7.882943160044007e-09
ihawk1,20260808_141232,10.0,3,2,A/A/A,0,0.018810007213200437,0.00018427984905872708,-41.991122459031665,55.84452329374267,624.2401897277692,1.9962619270685,-0.6399777173562896,0.40074909802997427,0.004550343139450858,0.005184438076750515,0.009175851220356267,4.247753662636571e-05,8.9704506616415e-05,3.655405165813297e-05,2.070562268674749e-05,2.3292851986892095e-05,-1.691068049335053e-05,9.591745404300405e-08,2.557922085495619e-07,1.3466201353878152e-07,2.3292851986892095e-05,2.687839817166058e-05,-2.5916637627968004e-05,7.760322016457706e-08,3.4518965502307757e-07,1.6911765074489781e-07,-1.691068049335053e-05,-2.5916637627968004e-05,8.419624561811358e-05,2.310557127166224e-07,-7.953953539870563e-07,-2.8999654842415625e-07,9.591745404300405e-08,7.760322016457706e-08,2.310557127166224e-07,1.8043411178442406e-09,-1.3930888611017139e-09,-1.6748652704065404e-10,2.557922085495619e-07,3.4518965502307757e-07,-7.953953539870563e-07,-1.3930888611017139e-09,8.046898507294443e-09,3.1635663313874466e-09,1.3466201353878152e-07,1.6911765074489781e-07,-2.8999654842415625e-07,-1.6748652704065404e-10,3.1635663313874466e-09,1.3361986926254536e-09
ihawk1,20260808_141232,15.0,3,2,A/A/A,0,0.3251894722962731,0.004060812411217629,-40.24654281296005,51.19440624643568,622.8509147349033,1.9949675388984756,-0.6373277641529712,0.39915441133234,0.029166212789766124,0.15150825332569345,0.09594291125004384,0.00037294466888851527,0.001402867972385931,0.0018022774779741595,0.0008506679684979171,-0.004282827404120457,0.0026848968192572237,1.0553269722087e-05,4.0378842656927815e-05,5.1836702703350704e-05,-0.004282827404120457,0.0229547508258025,-0.014526286393651049,-5.650372088876234e-05,-0.00021175032494541378,-0.0002721401274661041,0.0026848968192572237,-0.014526286393651049,0.00920504221913379,3.575143567546327e-05,0.0001335719747129902,0.00017169431144327805,1.0553269722087e-05,-5.650372088876234e-05,3.575143567546327e-05,1.3908772605236428e-07,5.214143351506033e-07,6.70105955758091e-07,4.0378842656927815e-05,-0.00021175032494541378,0.0001335719747129902,5.214143351506033e-07,1.968038547946213e-06,2.5283322321346965e-06,5.1836702703350704e-05,-0.0002721401274661041,0.00017169431144327805,6.70105955758091e-07,2.5283322321346965e-06,3.248204107612897e-06
ihawk1,20260808_141232,20.0,3,2,A/A/A,0,1.2218011933943367,0.0022522372181197387,-37.25027900441775,46.857940348241414,620.4189801841541,1.9977254393345103,-0.6481917823560082,0.40238389929937585,0.36303980319240536,0.3890113937160075,0.31186238023689905,0.0010814144539111527,0.00024090353398255088,0.000630687599502692,0.13179789870198041,0.14104982253762538,-0.11210600969105379,0.000360566923939172,4.346084729549172e-05,-0.00022765424420904793,0.14104982253762538,0.1513298644408706,-0.11912699135459029,0.0003942029804947066,5.057966818206244e-05,-0.0002423239153513603,-0.11210600969105379,-0.11912699135459029,0.0972581442070242,-0.00028803712411357634,-2.7850498868516296e-05,0.00019657897212040489,0.000360566923939172,0.0003942029804947066,-0.00028803712411357634,1.1694572211279567e-06,2.0833630908508414e-07,-5.939794738344761e-07,4.346084729549172e-05,5.057966818206244e-05,-2.7850498868516296e-05,2.0833630908508414e-07,5.803451268528204e-08,-6.09837410145997e-08,-0.00022765424420904793,-0.0002423239153513603,0.00019657897212040489,-5.939794738344761e-07,-6.09837410145997e-08,3.977668481664679e-07
ihawk1,20260808_141232,25.0,3,2,A/A/A,0,1.180122370730536,0.010273116846235254,-38.122942228261046,43.22583973090085,615.131745203104,1.9870482643257803,-0.6282599858486017,0.4088161202823081,0.21207901824423211,0.5147142596697002,0.23428010471028957,0.004178163462165437,0.0038350120461084856,0.002629495653499723,0.04497750997943734,0.09232427685821876,-0.04033594487642186,2.3819056316889933e-05,-0.0007292748514436659,0.00023926629006073194,0.09232427685821876,0.2649307691073276,-0.12036489528762995,0.0011959063833197803,-0.0010306927544658604,0.0011434169728589453,-0.04033594487642186,-0.12036489528762995,0.05488716746306424,-0.0005927203416580788,0.00042175219641994645,-0.0005394937625276649,2.3819056316889933e-05,0.0011959063833197803,-0.0005927203416580788,1.7457049916574274e-05,6.705131873781476e-06,1.004696628776215e-05,-0.0007292748514436659,-0.0010306927544658604,0.00042175219641994645,6.705131873781476e-06,1.4707317393797191e-05,1.5317004817433137e-07,0.00023926629006073194,0.0011434169728589453,-0.0005394937625276649,1.004696628776215e-05,1.5317004817433137e-07,6.914247391773936e-06
ihawk1,20260808_141232,30.0,3,2,A/A/A,0,0.40155750617448294,0.0005959578048352165,-39.08642861733901,39.47552768371332,614.7924031514358,1.9922480887228677,-0.6500853011054801,0.4062147350377413,0.12038835219249668,0.1395473058520586,0.11796447081242081,0.00020980411117094011,0.00021426286791281936,0.00013431563867629748,0.01449335534362462,0.01678045430365825,-0.014169121164103668,2.3289348285883146e-05,-2.3414151225503592e-05,-1.5236750689544334e-05,0.01678045430365825,0.019473450570567992,-0.016458491787225,2.7509132079990337e-05,-2.7711981344889034e-05,-1.7339531754545806e-05,-0.014169121164103668,-0.016458491787225,0.01391561637405448,-2.3415306369443644e-05,2.360663170797045e-05,1.4537591942048497e-05,2.3289348285883146e-05,2.7509132079990337e-05,-2.3415306369443644e-05,4.40177650642282e-08,-4.4924788501192325e-08,-2.083204578021439e-08,-2.3414151225503592e-05,-2.7711981344889034e-05,2.360663170797045e-05,-4.4924788501192325e-08,4.5908576566226274e-08,2.0572000294760376e-08,-1.5236750689544334e-05,-1.7339531754545806e-05,1.4537591942048497e-05,-2.083204578021439e-08,2.0572000294760376e-08,1.80406907930217e-08
ihawk1,20260808_141232,35.0,3,2,A/A/A,0,0.16204328094589315,0.00017381695301616965,-39.03603556538855,34.09382166207699,612.7838929827556,1.9931439528801327,-0.6437713682289887,0.4033218110555369,0.06156316728704908,0.041845084251685975,0.04530806719309714,8.77828619611318e-05,3.4107060172167905e-05,2.637663234757476e-05,0.00379002356641319,0.0025752011093647617,-0.00278594893040786,5.40309703775921e-06,-1.674028655187349e-06,-8.416586278012539e-07,0.0025752011093647617,0.0017510110760306976,-0.0018954429114027894,3.66926404619117e-06,-1.160407178407066e-06,-5.467276648903859e-07,-0.00278594893040786,-0.0018954429114027894,0.0020528209527742054,-3.967751605180483e-06,1.2763024292256265e-06,5.685386762040449e-07,5.40309703775921e-06,3.66926404619117e-06,-3.967751605180483e-06,7.70583085408712e-09,-2.3501492078561586e-09,-1.2397176234544294e-09,-1.674028655187349e-06,-1.160407178407066e-06,1.2763024292256265e-06,-2.3501492078561586e-09,1.163291553587882e-09,-9.265821214545517e-11,-8.416586278012539e-07,-5.467276648903859e-07,5.685386762040449e-07,-1.2397176234544294e-09,-9.265821214545517e-11,6.957267339991272e-10
ihawk1,20260808_141232,40.0,3,2,A/A/A,0,0.12903682532455427,0.001960400227768,-39.39792657173579,29.729451823824053,608.3879643599325,1.9927233974160647,-0.6451966217365529,0.40402506670330346,0.020047372935367375,0.05143950109380826,0.05135226934810139,0.0009183924401665901,0.0005769780688491833,0.0003075835938321375,0.00040189716160970025,0.00029754014476634507,-0.00036815660243406803,2.0157893689108016e-06,1.6222699253005478e-07,5.878230246389491e-07,0.00029754014476634507,0.002646022272779901,0.0020893744214727865,4.645294245398564e-05,-2.8294321555169658e-05,1.5515248085287637e-05,-0.00036815660243406803,0.0020893744214727865,0.0026370555671999534,4.193137695766404e-05,-2.7815620491299255e-05,1.4144921270652932e-05,2.0157893689108016e-06,4.645294245398564e-05,4.193137695766404e-05,8.434446741551437e-07,-5.258412669075198e-07,2.8245383961251207e-07,1.6222699253005478e-07,-2.8294321555169658e-05,-2.7815620491299255e-05,-5.258412669075198e-07,3.3290369193293296e-07,-1.7640610664402852e-07,5.878230246389491e-07,1.5515248085287637e-05,1.4144921270652932e-05,2.8245383961251207e-07,-1.7640610664402852e-07,9.460766719469333e-08
ihawk1,20260808_141232,45.0,3,2,A/A/A,0,0.2641080022202218,0.00042932280742008337,-41.47457972487003,24.655348282983912,609.8409881219005,1.9962744529235839,-0.6431340357294215,0.40119024724018537,0.07209763217635506,0.0836392851000469,0.07480172236077809,9.392121505786703e-05,0.00020509007852036686,7.388380618547428e-05,0.00519806856543699,0.006020335219743676,-0.0053640993073096185,1.6652304940922688e-06,-1.0925801344307874e-05,5.289210074062849e-06,0.006020335219743676,0.0069955300120469275,-0.006249620109556792,2.3638799308424964e-06,-1.1993448842585066e-05,6.167809489379078e-06,-0.0053640993073096185,-0.006249620109556792,0.005595297668138928,-2.4227916958034306e-06,1.0205559635276097e-05,-5.52598713669751e-06,1.6652304940922688e-06,2.3638799308424964e-06,-2.4227916958034306e-06,8.821194637946109e-09,9.08044125586432e-09,2.492585041918964e-09,-1.0925801344307874e-05,-1.1993448842585066e-05,1.0205559635276097e-05,9.08044125586432e-09,4.206194030749025e-08,-9.905787446669033e-09,5.289210074062849e-06,6.167809489379078e-06,-5.52598713669751e-06,2.492585041918964e-09,-9.905787446669033e-09,5.458816816452728e-09
ihawk1,20260808_141232,50.0,3,2,A/A/A,0,0.04372283806644872,0.0003920391372951077,-38.74716481072465,20.779769960237015,605.3044861940232,1.9927421005478534,-0.649157486385594,0.4033071920783538,0.011719933075119888,0.02248087903643672,0.007179909125403653,0.0001437981574620686,5.286683604063671e-05,0.00017264252665395849,0.0001373568312852891,0.0001106654881306354,-8.13380045672755e-05,1.5482816017479122e-06,2.380330403818572e-07,9.89357180795355e-07,0.0001106654881306354,0.0005053899222509,-0.00010307096954475522,2.406142562205593e-06,-8.040255398025777e-07,3.869525654313555e-06,-8.13380045672755e-05,-0.00010307096954475522,5.155109504905465e-05,-1.0213417708292361e-06,-5.114594913100589e-08,-8.629574264752978e-07,1.5482816017479122e-06,2.406142562205593e-06,-1.0213417708292361e-06,2.0677910089485877e-08,-8.908099907508469e-11,1.970520269162783e-08,2.380330403818572e-07,-8.040255398025777e-07,-5.114594913100589e-08,-8.908099907508469e-11,2.7949023529475645e-09,-5.636078401944229e-09,9.89357180795355e-07,3.869525654313555e-06,-8.629574264752978e-07,1.970520269162783e-08,-5.636078401944229e-09,2.980544200946277e-08
ihawk1,20260808_145501,0.0,3,2,A/A/A,0,0.13257949979557737,0.0005116411058604634,-37.64572060491716,66.18709726149628,626.1436664594166,1.9948735149308505,-0.6447018081398462,0.4009991169856959,0.03744067387558544,0.044107396275892115,0.03769174257611877,0.0001724684067942677,0.00020068645028735693,0.0001872109992642491,0.001401804060257946,0.0014171637357689628,-0.0013117342349820021,2.1301492230060826e-06,-6.520628535539489e-06,-2.864603566833127e-06,0.0014171637357689628,0.0019454624062385814,-0.0016408694684097009,5.8403232870946645e-06,-4.3340136863945575e-06,9.73101951213501e-07,-0.0013117342349820021,-0.0016408694684097009,0.0014206674584244046,-4.2564309701276774e-06,4.715556730046275e-06,3.0551575716733e-07,2.1301492230060826e-06,5.8403232870946645e-06,-4.2564309701276774e-06,2.974535134215301e-08,6.326922912806227e-09,2.3465888988457294e-08,-6.520628535539489e-06,-4.3340136863945575e-06,4.715556730046275e-06,6.326922912806227e-09,4.027505132893978e-08,3.03631095633283e-08,-2.864603566833127e-06,9.73101951213501e-07,3.0551575716733e-07,2.3465888988457294e-08,3.03631095633283e-08,3.5047958245518684e-08
ihawk1,20260808_145501,5.0,3,2,A/A/A,0,0.07584172720852946,0.0006299138025528328,-37.388008069148846,61.490959001760736,623.3029409324469,1.9943738285619241,-0.6407079157680889,0.3996187492060042,0.01066070270168145,0.027876772402312584,0.02596977523014245,0.0001230912802509659,0.00026247747692420624,0.00017371590833808328,0.00011365058209363818,-0.00010174033832618345,4.82378839474989e-05,-1.3054147259987806e-06,2.267082250362114e-06,-1.8410207956945373e-06,-0.00010174033832618345,0.0007771144395703365,-0.0007129863100431029,1.4970007083724119e-06,-6.0592882441475894e-06,2.1413109379250607e-06,4.82378839474989e-05,-0.0007129863100431029,0.0006744292255041203,-8.746899975588343e-07,4.896680049695058e-06,-1.2629566654496352e-06,-1.3054147259987806e-06,1.4970007083724119e-06,-8.746899975588343e-07,1.5151463273821833e-08,-2.796915480312096e-08,2.138245060116074e-08,2.267082250362114e-06,-6.0592882441475894e-06,4.896680049695058e-06,-2.796915480312096e-08,6.889442589249722e-08,-3.9621571024840705e-08,-1.8410207956945373e-06,2.1413109379250607e-06,-1.2629566654496352e-06,2.138245060116074e-08,-3.9621571024840705e-08,3.017721680972536e-08
ihawk1,20260808_145501,10.0,3,2,A/A/A,0,0.10841476933269457,0.0003373600176723337,-38.283937824390016,58.22963346813409,619.6355211457551,1.9899709228059705,-0.651544024955058,0.4045781099927791,0.025249220067045268,0.04559987408285954,0.02948868015963465,0.0001084700442180041,0.00011946734269086924,6.918037918981288e-05,0.0006375231139940814,0.001134985050710932,-0.0006962113596909063,2.5123708306080995e-06,2.915944278808802e-06,7.560212347940925e-07,0.001134985050710932,0.002079348516372645,-0.001159355525073839,4.8037324000690764e-06,5.425640939276837e-06,1.8238838724037768e-06,-0.0006962113596909063,-0.001159355525073839,0.0008695822575572301,-2.2922106356163647e-06,-2.8646719185358647e-06,-1.7367364169633678e-07,2.5123708306080995e-06,4.8037324000690764e-06,-2.2922106356163647e-06,1.1765750492655767e-08,1.2811956990100486e-08,5.672563572325044e-09,2.915944278808802e-06,5.425640939276837e-06,-2.8646719185358647e-06,1.2811956990100486e-08,1.4272445969617587e-08,5.365236340105595e-09,7.560212347940925e-07,1.8238838724037768e-06,-1.7367364169633678e-07,5.672563572325044e-09,5.365236340105595e-09,4.785924864846294e-09
ihawk1,20260808_145501,15.0,3,2,A/A/A,0,0.17265764937713834,0.00031331067836638804,-38.48837973517803,53.39295314568419,619.4858198461804,1.994914767784139,-0.6488986688186108,0.40198392354730544,0.03804422319033868,0.06744586214876926,0.052868332443106826,0.00011230866363013566,0.00012725372210639732,7.908388523902792e-05,0.0014473629181563034,0.0025652237507413594,-0.0020093836417883924,4.254234697064078e-06,-4.393030446976899e-06,2.1958791516845985e-07,0.0025652237507413594,0.004548944320990785,-0.0035649891397265088,7.556412205560227e-06,-7.701612931930374e-06,5.135841730904936e-07,-0.0020093836417883924,-0.0035649891397265088,0.002795060575314862,-5.930461430138792e-06,5.974376498025078e-06,-4.884752371261809e-07,4.254234697064078e-06,7.556412205560227e-06,-5.930461430138792e-06,1.2613235926386958e-08,-1.2354731322784732e-08,1.4679908380261213e-09,-4.393030446976899e-06,-7.701612931930374e-06,5.974376498025078e-06,-1.2354731322784732e-08,1.6193509789932195e-08,3.5514056198004722e-09,2.1958791516845985e-07,5.135841730904936e-07,-4.884752371261809e-07,1.4679908380261213e-09,3.5514056198004722e-09,6.254260904499738e-09
ihawk1,20260808_145501,20.0,3,2,A/A/A,0,0.15021616489610037,0.0004044379251546077,-37.52914766275532,48.89322726910095,617.3697328436642,1.9950022218031591,-0.6500478790598864,0.40224124264357813,0.033067528002440054,0.05620900728547049,0.03979397483222999,8.994284938323236e-05,0.00010304190281869413,0.00019879756534618072,0.0010934614081921572,0.001833121012150298,-0.001263658489926119,2.9738905145166347e-06,-2.9661173947423863e-06,1.422825612754338e-06,0.001833121012150298,0.0031594525000180748,-0.00222158649721649,4.997359022249208e-06,-4.501303442355257e-06,4.188680582727142e-06,-0.001263658489926119,-0.00222158649721649,0.0015835604329481538,-3.45088918675007e-06,2.8648755670675626e-06,-3.7986666201566196e-06,2.9738905145166347e-06,4.997359022249208e-06,-3.45088918675007e-06,8.089716155174822e-09,-8.002481450534686e-09,4.116429789144184e-09,-2.9661173947423863e-06,-4.501303442355257e-06,2.8648755670675626e-06,-8.002481450534686e-09,1.0617633736497206e-08,5.983002451826299e-09,1.422825612754338e-06,4.188680582727142e-06,-3.7986666201566196e-06,4.116429789144184e-09,5.983002451826299e-09,3.9520471987568995e-08
ihawk1,20260808_145501,25.0,3,2,A/A/A,0,1.2889540841006668,0.0017486395247416507,-35.655783631302626,44.09977841512579,614.5688011331627,1.9944533377411415,-0.642588712736837,0.4018195820078391,0.2910618011078473,0.5379492896276471,0.4007035563898463,0.0008978400078080423,0.00026246593393700393,0.00032056298408088453,0.08471697206414405,0.15654401591659403,-0.11659982885868751,0.00026045923172144525,-7.636426042355765e-05,9.274775742869199e-05,0.15654401591659403,0.28938943821089014,-0.2155576765464439,0.0004804879500119356,-0.0001411894477834163,0.00017176646565292614,-0.11659982885868751,-0.2155576765464439,0.1605633401034707,-0.0003578211995156085,0.00010516958006036862,-0.00012796874681515174,0.00026045923172144525,0.0004804879500119356,-0.0003578211995156085,8.061166796207455e-07,-2.3424552114644146e-07,2.8259531067904163e-07,-7.636426042355765e-05,-0.0001411894477834163,0.00010516958006036862,-2.3424552114644146e-07,6.888836647742371e-08,-8.385827957582956e-08,9.274775742869199e-05,0.00017176646565292614,-0.00012796874681515174,2.8259531067904163e-07,-8.385827957582956e-08,1.0276062676284142e-07
ihawk1,20260808_145501,30.0,3,2,A/A/A,0,0.25891996185294386,0.0005606618042288604,-38.24367454404876,40.18128470954144,612.4269175867548,1.993896099917667,-0.6507882917943234,0.410036954906413,0.07110187426650201,0.08644192432611547,0.07817722343582946,0.00019654218833995153,0.00022259183638394283,8.750377104304863e-05,0.00505547652420946,0.006143788298166244,-0.005538717918544208,1.3201423664170504e-05,-7.236158937278598e-06,6.078168364780362e-06,0.006143788298166244,0.007472206281201874,-0.006746976772350712,1.6198881249494378e-05,-9.271543673857304e-06,7.341555098071018e-06,-0.005538717918544208,-0.006746976772350712,0.006111678264135603,-1.4888628755506612e-05,9.233912732421315e-06,-6.5358858252524185e-06,1.3201423664170504e-05,1.6198881249494378e-05,-1.4888628755506612e-05,3.8628831797456986e-08,-3.165770049176786e-08,1.4667389816044884e-08,-7.236158937278598e-06,-9.271543673857304e-06,9.233912732421315e-06,-3.165770049176786e-08,4.954712562477597e-08,-5.000844813622952e-09,6.078168364780362e-06,7.341555098071018e-06,-6.5358858252524185e-06,1.4667389816044884e-08,-5.000844813622952e-09,7.656909946754275e-09
ihawk1,20260808_145501,35.0,3,2,A/A/A,0,0.1934412042425554,0.00038929613514118234,-37.2931735633107,36.20496622941599,608.0355959301631,1.985115762822519,-0.63160532123221,0.40261989687736144,0.04816159413874727,0.08338237197470989,0.050269423446876356,0.00016121199922657358,0.0001532824866973335,2.8294800207422132e-05,0.002319539149985416,0.0037296674130490298,-0.0023323701496429866,5.828834702032492e-06,-5.64230070691266e-06,-1.042736559925501e-06,0.0037296674130490298,0.006952619956128886,-0.0041670311944699955,6.080301441293488e-06,-6.0169064767969844e-06,-2.2397611017036806e-06,-0.0023323701496429866,-0.0041670311944699955,0.0025270149336813624,-4.425354295479441e-06,4.34094663471068e-06,1.2940842956596457e-06,5.828834702032492e-06,6.080301441293488e-06,-4.425354295479441e-06,2.598930869462876e-08,-2.4705637746413873e-08,-6.803027456669326e-10,-5.64230070691266e-06,-6.0169064767969844e-06,4.34094663471068e-06,-2.4705637746413873e-08,2.349552072811822e-08,7.358396785399331e-10,-1.042736559925501e-06,-2.2397611017036806e-06,1.2940842956596457e-06,-6.803027456669326e-10,7.358396785399331e-10,8.005957187779354e-10
ihawk1,20260808_145501,40.0,3,2,A/A/A,0,2.8033336691327704,0.0034124364420214993,-36.600704319869934,31.822668020743414,605.144621766751,1.9907712483543867,-0.6517607164959887,0.4107343588488809,0.6603906640498902,1.22595424510183,0.8066615327832731,0.0007357753036161907,0.0018233660243960428,0.0001264928019285271,0.4361158291642549,0.8095997701643959,-0.5326481477831024,0.00048515702782197606,-0.0012040808544382022,8.197574002387633e-05,0.8095997701643959,1.5029638110831975,-0.9888730367629985,0.0009008737739140373,-0.0022353388411440267,0.0001523190529662003,-0.5326481477831024,-0.9888730367629985,0.6507028284722596,-0.0005930510681540207,0.001470812172867369,-0.00010042388298451143,0.00048515702782197606,0.0009008737739140373,-0.0005930510681540207,5.413652974114976e-07,-1.340175380586742e-06,9.218264412209035e-08,-0.0012040808544382022,-0.0022353388411440267,0.001470812172867369,-1.340175380586742e-06,3.324663658921831e-06,-2.267447370495941e-07,8.197574002387633e-05,0.0001523190529662003,-0.00010042388298451143,9.218264412209035e-08,-2.267447370495941e-07,1.600042893972959e-08
ihawk1,20260808_145501,45.0,3,2,A/A/A,0,0.18447793528053247,0.0002932852621016233,-38.490659165168346,27.233225420292637,603.4526928631007,1.9902464286856716,-0.644071537672965,0.4063091270687312,0.03838306709272743,0.07301643262105362,0.06152918330917135,9.440332006441396e-05,0.00010236261212510736,7.693560393856129e-05,0.0014732598394448153,0.0025354810087522463,-0.002349617668585826,7.299107294323434e-07,-3.1913523661250825e-06,2.6131210966394547e-06,0.0025354810087522463,0.005331399432704864,-0.004236901166096965,4.132865802114539e-06,-7.349838487304534e-06,5.612031830633187e-06,-0.002349617668585826,-0.004236901166096965,0.0037858403986936098,-1.7383629507964973e-06,5.4605194225632845e-06,-4.390073082632978e-06,7.299107294323434e-07,4.132865802114539e-06,-1.7383629507964973e-06,8.911986839184184e-09,-7.102211281748175e-09,4.608299612916287e-09,-3.1913523661250825e-06,-7.349838487304534e-06,5.4605194225632845e-06,-7.102211281748175e-09,1.0478104361075178e-08,-7.800177632935854e-09,2.6131210966394547e-06,5.612031830633187e-06,-4.390073082632978e-06,4.608299612916287e-09,-7.800177632935854e-09,5.919087153391168e-09
ihawk1,20260808_145501,50.0,3,2,A/A/A,0,2.868099856701605,0.007020062153612285,-36.97174640007811,23.76729090699765,600.2264215869945,1.9861142889286088,-0.6472522829128811,0.4078902073572053,0.8944155238202032,1.0089294800162314,0.8380051157946244,0.0022947970223267263,0.0009698709163114392,0.0028708449270496606,0.7999791292505684,0.9011170441618938,-0.74951786070198,0.001999825726408223,0.0006965369312293598,0.00255718963651763,0.9011170441618938,1.0179386956458232,-0.8440822915286376,0.0022804597620902037,0.0007534808744390518,0.0028944701023643094,-0.74951786070198,-0.8440822915286376,0.7022525740979619,-0.0018718196094434155,-0.000654682863747362,-0.0023949507155022745,0.001999825726408223,0.0022804597620902037,-0.0018718196094434155,5.266093373679609e-06,1.4426217971464437e-06,6.526803751081862e-06,0.0006965369312293598,0.0007534808744390518,-0.000654682863747362,1.4426217971464437e-06,9.406495943067907e-07,2.0763238283685067e-06,0.00255718963651763,0.0028944701023643094,-0.0023949507155022745,6.526803751081862e-06,2.0763238283685067e-06,8.24175059516677e-06
ihawk1,20260808_151001,0.0,3,2,A/A/A,0,0.07197606131526187,0.0005533233543322334,-38.024820623843326,65.91292388549033,626.0813945878474,1.993726161328939,-0.6485394745354284,0.40483785686156587,0.017771485777362955,0.024059297792793508,0.024328409449544397,0.0001372616347669063,0.0002335097170521172,0.0001280194988388585,0.00031582570673501377,0.00042610455716059523,-0.0004304605895754949,1.4735869478579992e-06,2.7491693882426938e-06,1.8982834211617342e-06,0.00042610455716059523,0.0005788498102823186,-0.0005852905024728715,2.205793800974636e-06,4.057179589081659e-06,2.7015332839336747e-06,-0.0004304605895754949,-0.0005852905024728715,0.000591871506344681,-2.2571019029128735e-06,-4.14464304440082e-06,-2.747702712356552e-06,1.4735869478579992e-06,2.205793800974636e-06,-2.2571019029128735e-06,1.884075637888358e-08,3.196061897099339e-08,1.65757593815179e-08,2.7491693882426938e-06,4.057179589081659e-06,-4.14464304440082e-06,3.196061897099339e-08,5.452678795775983e-08,2.8866868224961747e-08,1.8982834211617342e-06,2.7015332839336747e-06,-2.747702712356552e-06,1.65757593815179e-08,2.8866868224961747e-08,1.6388992082952494e-08
ihawk1,20260808_151001,5.0,3,2,A/A/A,0,0.2657416078301418,0.00021544161559258195,-38.12150355595798,61.01419332699684,620.5711325207989,1.9936395922120105,-0.6416208821162981,0.4012175291952784,0.059537548869987585,0.09885804458793884,0.07633435725314269,9.639180815992102e-05,7.03727803310366e-05,5.14362097819077e-05,0.00354471972544616,0.005751076134098133,-0.004531691211648446,4.805122775193773e-06,-3.957949501296138e-06,9.718352637804766e-08,0.005751076134098133,0.009772912979750905,-0.007474015850784383,6.68775349078974e-06,-6.906967718508584e-06,-9.233708754832285e-07,-0.004531691211648446,-0.007474015850784383,0.0058269340972504175,-5.838149107688003e-06,5.193529401458893e-06,1.731590917127542e-07,4.805122775193773e-06,6.68775349078974e-06,-5.838149107688003e-06,9.291380680339016e-09,-4.148550879408318e-09,2.8412577384066124e-09,-3.957949501296138e-06,-6.906967718508584e-06,5.193529401458893e-06,-4.148550879408318e-09,4.952328211520331e-09,1.078359701602895e-09,9.718352637804766e-08,-9.233708754832285e-07,1.731590917127542e-07,2.8412577384066124e-09,1.078359701602895e-09,2.6456836767284173e-09
ihawk1,20260808_151001,10.0,3,2,A/A/A,0,0.31167108119513187,0.0005940081226280535,-38.789565544849985,57.80723630695902,621.2883965543319,1.9955402557884183,-0.6454780401006021,0.40000247838554637,0.07901393800451831,0.10402978260529917,0.0916139948225936,0.00021436453960661927,0.00020898778283461416,5.1076046916869495e-05,0.006243202398981862,0.008149741609178725,-0.007180715701685475,1.6919281108316653e-05,-1.6308045916937865e-05,-3.925796989527418e-06,0.008149741609178725,0.010822195668905805,-0.009530511112426292,2.2221840161169137e-05,-2.173300542122826e-05,-5.285119588016495e-06,-0.007180715701685475,-0.009530511112426292,0.008393124047354206,-1.957598507817392e-05,1.9137035672961072e-05,4.65242730304093e-06,1.6919281108316653e-05,2.2221840161169137e-05,-1.957598507817392e-05,4.595215584075784e-08,-4.452412054716069e-08,-1.0757643378257905e-08,-1.6308045916937865e-05,-2.173300542122826e-05,1.9137035672961072e-05,-4.452412054716069e-08,4.3675893374127844e-08,1.0643267646791522e-08,-3.925796989527418e-06,-5.285119588016495e-06,4.65242730304093e-06,-1.0757643378257905e-08,1.0643267646791522e-08,2.6087625686542537e-09
ihawk1,20260808_151001,15.0,3,2,A/A/A,0,0.07930125536786382,0.0005634331294852749,-36.83284782466344,53.142993496150275,618.9378865860659,2.000624400462873,-0.6434944417309609,0.3965139748251139,0.01428156430992146,0.026614644813839308,0.02689427404648113,0.00014226547871067132,0.0002813548217762652,7.225000756625788e-05,0.00020396307913842242,0.000380062064540519,-0.0003533984030953309,-2.0123890596475078e-06,2.2343899047382878e-07,-8.883989009734578e-07,0.000380062064540519,0.0007083393185668236,-0.0006624138558688984,-3.7571091029199068e-06,5.202432403283287e-07,-1.669021098842542e-06,-0.0003533984030953309,-0.0006624138558688984,0.0007233019764872285,3.69331887193545e-06,-3.3465894906940436e-06,1.9264358641928736e-06,-2.0123890596475078e-06,-3.7571091029199068e-06,3.69331887193545e-06,2.0239466432776476e-08,-7.711964021730422e-09,9.485792552165908e-09,2.2343899047382878e-07,5.202432403283287e-07,-3.3465894906940436e-06,-7.711964021730422e-09,7.916053573675395e-08,-1.1296697932673972e-08,-8.883989009734578e-07,-1.669021098842542e-06,1.9264358641928736e-06,9.485792552165908e-09,-1.1296697932673972e-08,5.22006359332432e-09
ihawk1,20260808_151001,20.0,3,2,A/A/A,0,0.13464201243160287,0.0008176511213070298,-37.76403214237946,49.859621569970066,616.8187835828137,1.997529708790729,-0.6441570354301652,0.395679897868758,0.03959187618818896,0.04406350711104567,0.03702692577321837,9.799548219418418e-05,0.0003110420277150401,0.00028230258729995374,0.0015675166601008842,0.001473392827280749,-0.0012162113694435656,-1.1413704187862465e-06,-9.229880906876994e-06,-4.5640157606194795e-06,0.001473392827280749,0.0019415926589251718,-0.001630928002364498,1.13694914407491e-06,-3.817402689736139e-06,1.7900361421094244e-06,-0.0012162113694435656,-0.001630928002364498,0.0013709932322154223,-1.050601830666931e-06,2.9046019687201754e-06,-1.7860375612820617e-06,-1.1413704187862465e-06,1.13694914407491e-06,-1.050601830666931e-06,9.603114530470669e-09,2.6006145460844532e-08,2.745861766506798e-08,-9.229880906876994e-06,-3.817402689736139e-06,2.9046019687201754e-06,2.6006145460844532e-08,9.674714300508379e-08,7.993605206801412e-08,-4.5640157606194795e-06,1.7900361421094244e-06,-1.7860375612820617e-06,2.745861766506798e-08,7.993605206801412e-08,7.969475079624801e-08
ihawk1,20260808_151001,25.0,3,2,A/A/A,0,1.3181078808650755,0.0030737557837212603,-38.34597985674266,45.91521652530022,613.1657378144848,1.9918947722508624,-0.6413082252760307,0.401665544218496,0.28540956835657344,0.5092726444327458,0.43046897780352994,0.001384541606683688,0.0009582906663932766,0.00022695696257329177,0.08145862170948556,0.1453072987177661,-0.12266014806794023,0.00039511110563301613,0.00027035042621842496,6.475497385721512e-05,0.1453072987177661,0.25935862636752194,-0.21911074537149455,0.0007045292294288602,0.00048407400604812703,0.00011543914025668603,-0.12266014806794023,-0.21911074537149455,0.18530354085121598,-0.0005944149071824848,-0.00041065456078258827,-9.736699744432486e-05,0.00039511110563301613,0.0007045292294288602,-0.0005944149071824848,1.9169554606382485e-06,1.3081150894539146e-06,3.1421767398639495e-07,0.00027035042621842496,0.00048407400604812703,-0.00041065456078258827,1.3081150894539146e-06,9.183210012964702e-07,2.1408025967965207e-07,6.475497385721512e-05,0.00011543914025668603,-9.736699744432486e-05,3.1421767398639495e-07,2.1408025967965207e-07,5.150946286049457e-08
ihawk1,20260808_151001,30.0,3,2,A/A/A,0,0.125742608899479,0.0006082903666013986,-38.85847731305202,41.269675691964956,612.7850028701599,1.9935376076375213,-0.6581450784331526,0.41054112070285576,0.033709650810932926,0.04889109447299299,0.0364554133887466,6.575529919734326e-05,0.0002647618709965823,0.00015439498049387958,0.0011363405577950307,0.0015719839746607361,-0.001226190619756918,1.31032886317796e-06,1.2673000297241515e-06,4.841750954584e-07,0.0015719839746607361,0.0023903391187671255,-0.0017318087382128182,2.5915934006770322e-06,5.602212250135157e-06,2.92750532997954e-06,-0.001226190619756918,-0.0017318087382128182,0.001328997165344405,-1.5422354417239154e-06,-2.001502105707475e-06,-8.943366634364243e-07,1.31032886317796e-06,2.5915934006770322e-06,-1.5422354417239154e-06,4.323759372532131e-09,1.536093436571416e-08,8.711269382034253e-09,1.2673000297241515e-06,5.602212250135157e-06,-2.001502105707475e-06,1.536093436571416e-08,7.009884833361086e-08,4.082821219066797e-08,4.841750954584e-07,2.92750532997954e-06,-8.943366634364243e-07,8.711269382034253e-09,4.082821219066797e-08,2.3837810001705458e-08
ihawk1,20260808_151001,35.0,3,2,A/A/A,0,0.26282731061870046,0.000293617046667468,-38.23544208398029,37.77875081941555,607.4494834494463,1.9896004489628476,-0.659678448076852,0.4168271498838942,0.059069428560870364,0.09099985736428011,0.07530040082488311,0.00011076378084371566,0.00012597241233528088,6.369039218282367e-05,0.003489197390507768,0.005373257162155645,-0.0044381687778923965,2.4361073063774204e-06,-6.814128941258934e-06,-3.4259908241422296e-06,0.005373257162155645,0.008280974040319324,-0.0068471948399870695,3.4930451638456996e-06,-1.0366287750580837e-05,-5.342091750496833e-06,-0.0044381687778923965,-0.0068471948399870695,0.005670150364388058,-2.5855466466655444e-06,8.414767832914806e-06,4.489127047323967e-06,2.4361073063774204e-06,3.4930451638456996e-06,-2.5855466466655444e-06,1.2268615146794673e-08,-9.960435291777817e-09,3.133068746010212e-10,-6.814128941258934e-06,-1.0366287750580837e-05,8.414767832914806e-06,-9.960435291777817e-09,1.5869048669570022e-08,5.358777528502096e-09,-3.4259908241422296e-06,-5.342091750496833e-06,4.489127047323967e-06,3.133068746010212e-10,5.358777528502096e-09,4.056466056401887e-09
ihawk1,20260808_151001,40.0,3,2,A/A/A,0,0.21388968209230522,0.00039882334172110516,-39.80652527780409,32.81447803232668,605.6200533947787,1.9886443798010542,-0.6732896134479008,0.4229946984168401,0.05850084673216538,0.07158010699419019,0.059666042289667216,6.619918372882574e-05,0.0001912039714795523,7.777983426881281e-05,0.0034223490683803048,0.004172573653831184,-0.0034903068062154875,2.054110520213737e-06,-9.824940629020122e-06,-3.856169266697736e-06,0.004172573653831184,0.005123711717299715,-0.0042515035563073685,2.843236100484078e-06,-1.2530527316368702e-05,-4.452205384535735e-06,-0.0034903068062154875,-0.0042515035563073685,0.0035600366025123563,-2.058416018696928e-06,9.960618761974773e-06,3.959582538247232e-06,2.054110520213737e-06,2.843236100484078e-06,-2.058416018696928e-06,4.3823319263628275e-09,-1.1026148209946503e-08,2.6029910125122067e-12,-9.824940629020122e-06,-1.2530527316368702e-05,9.960618761974773e-06,-1.1026148209946503e-08,3.655895870955345e-08,7.296750072977558e-09,-3.856169266697736e-06,-4.452205384535735e-06,3.959582538247232e-06,2.6029910125122067e-12,7.296750072977558e-09,6.049702618883987e-09
ihawk1,20260808_151001,45.0,3,2,A/A/A,0,0.26362306443356825,0.0018760267007066123,-38.765293699019225,27.771452796011186,603.34114349782,1.9891372949339043,-0.683605912894082,0.4353406995576207,0.08151937006893513,0.10263857657522478,0.07477537408916649,0.0003253082293622602,0.0006934499240461796,0.0006949301461868383,0.006645407696435996,0.006045146924636308,-0.0028999864917618775,2.618799189200511e-05,-2.8035742721912996e-05,-2.2329470148053903e-05,0.006045146924636308,0.010534677401388281,-0.0073052693766321175,2.7458016029807642e-05,1.7226893144913016e-05,2.5008551064588318e-05,-0.0028999864917618775,-0.0073052693766321175,0.00559135657017479,-1.4797747370611534e-05,-2.7370118060757622e-05,-3.226157995895326e-05,2.618799189200511e-05,2.7458016029807642e-05,-1.4797747370611534e-05,1.058254440908089e-07,-7.963249927772895e-08,-5.527493709121035e-08,-2.8035742721912996e-05,1.7226893144913016e-05,-2.7370118060757622e-05,-7.963249927772895e-08,4.808727971596523e-07,4.787839326574891e-07,-2.2329470148053903e-05,2.5008551064588318e-05,-3.226157995895326e-05,-5.527493709121035e-08,4.787839326574891e-07,4.829279080792605e-07
ihawk1,20260808_151001,50.0,3,2,A/A/A,0,0.04837913584755555,0.00033628300792889836,-42.20284899572326,24.72283830289221,598.8094568480897,1.9801025100349146,-0.6889762110859209,0.4410223031386624,0.017230273934762924,0.01724629549959648,0.014925932830997374,9.890632638152775e-05,7.345836539972511e-05,0.0001435320078981705,0.0002968823398669706,0.00022973842863155397,-0.00025363486338707893,1.4615843049013501e-06,-6.227062859008417e-07,1.3710286413971078e-06,0.00022973842863155397,0.00029743470845940183,-0.00016926396817132283,1.687388257365072e-06,2.1769080542969507e-07,2.3676508462880073e-06,-0.00025363486338707893,-0.00016926396817132283,0.0002227834708754453,-1.1230927084134132e-06,6.898980731147874e-07,-8.763652187440289e-07,1.4615843049013501e-06,1.687388257365072e-06,-1.1230927084134132e-06,9.782461398289292e-09,1.8712388457215423e-10,1.2825506648474126e-08,-6.227062859008417e-07,2.1769080542969507e-07,6.898980731147874e-07,1.8712388457215423e-10,5.396131447199532e-09,4.76392942143915e-09,1.3710286413971078e-06,2.3676508462880073e-06,-8.763652187440289e-07,1.2825506648474126e-08,4.76392942143915e-09,2.0601437291280473e-08
ihawk1,20260808_162715,0.0,3,2,A/A/A,0,0.5266318470320889,0.0008518912088873623,-35.09422364083134,65.8914010556819,624.5715986525144,1.9962866243827726,-0.6469068625859035,0.4039582431148403,0.12149820509756029,0.19965495850717727,0.16244919477871597,0.0001272956377862666,0.0004622047446151508,4.851822193952261e-05,0.014761813841928824,0.024222941073961283,-0.019695837752737363,1.533372723556587e-05,-5.6044949601539635e-05,-4.19087316963842e-06,0.024222941073961283,0.03986210245650267,-0.032431729671355165,2.5339077521788413e-05,-9.165326664030167e-05,-7.2415419979426806e-06,-0.019695837752737363,-0.032431729671355165,0.026389740884253197,-2.0633839507071804e-05,7.447040514627166e-05,5.950670961219826e-06,1.533372723556587e-05,2.5339077521788413e-05,-2.0633839507071804e-05,1.6204179399412382e-08,-5.773101692974588e-08,-4.9204882491265995e-09,-5.6044949601539635e-05,-9.165326664030167e-05,7.447040514627166e-05,-5.773101692974588e-08,2.1363322594475677e-07,1.4915166559448207e-08,-4.19087316963842e-06,-7.2415419979426806e-06,5.950670961219826e-06,-4.9204882491265995e-09,1.4915166559448207e-08,2.3540178601727733e-09
ihawk1,20260808_162715,5.0,3,2,A/A/A,0,0.2775203550079605,0.00033502041705737865,-33.7962867903081,61.376874923773116,620.8647844180819,1.9973179602178828,-0.6287752603593463,0.3948661203798253,0.060850165219189664,0.09857177259381346,0.07928257177555026,6.804915730747728e-05,0.00016604677975781056,5.518201891451258e-05,0.0037027426072026794,0.005928558591745286,-0.004800082875199872,3.715841252887642e-06,-8.953716450237365e-06,-2.5141423186098423e-06,0.005928558591745286,0.009716394352286474,-0.007804430130503742,5.50008473549439e-06,-1.3184389066489295e-05,-3.47797835763132e-06,-0.004800082875199872,-0.007804430130503742,0.006285726187345278,-4.57853810376111e-06,1.09960420802892e-05,2.9686772883905074e-06,3.715841252887642e-06,5.50008473549439e-06,-4.57853810376111e-06,4.630687810257788e-09,-1.1295871306116386e-08,-3.621419648172104e-09,-8.953716450237365e-06,-1.3184389066489295e-05,1.09960420802892e-05,-1.1295871306116386e-08,2.7571533067938845e-08,8.893974880246443e-09,-2.5141423186098423e-06,-3.47797835763132e-06,2.9686772883905074e-06,-3.621419648172104e-09,8.893974880246443e-09,3.0450552114816246e-09
ihawk1,20260808_162715,10.0,3,2,A/A/A,0,0.2530177814191144,0.00034607260879433206,-33.065452390581726,58.45449107556576,621.4067078234161,1.9988663472502843,-0.6252855787278839,0.391995099768487,0.060385063957026336,0.08807389003287919,0.06854337152112663,0.0001317230279147624,0.00012018920286385348,4.008594223854391e-05,0.003646355949094161,0.005251676732835417,-0.004120283570296076,7.69671694800324e-06,-7.099917998811828e-06,7.852852018364188e-07,0.005251676732835417,0.0077570101055236965,-0.006024759442333315,1.062315283706611e-05,-1.0572117271003245e-05,6.038773345483515e-07,-0.004120283570296076,-0.006024759442333315,0.004698193779483193,-8.48069196564072e-06,8.184952997915352e-06,-6.404921617227442e-07,7.69671694800324e-06,1.062315283706611e-05,-8.48069196564072e-06,1.7350956083033274e-08,-1.4158202292098713e-08,2.9178821014340294e-09,-7.099917998811828e-06,-1.0572117271003245e-05,8.184952997915352e-06,-1.4158202292098713e-08,1.4445444485048524e-08,-5.841402887724841e-10,7.852852018364188e-07,6.038773345483515e-07,-6.404921617227442e-07,2.9178821014340294e-09,-5.841402887724841e-10,1.6068827651518788e-09
ihawk1,20260808_162715,15.0,3,2,A/A/A,0,0.42213041761961756,0.0008956133925735882,-31.99305970349494,52.9794495392768,618.2640225901947,1.9982316112442995,-0.6373552100795679,0.39910272343083697,0.08985360417705002,0.16165428178738978,0.10826891436796068,6.997302475391653e-05,0.0004399671628482186,0.00010489784868797668,0.00807367018360598,0.014513219925407083,-0.009723466699838153,5.795459405167585e-06,-3.932652900423043e-05,5.2899897095190466e-06,0.014513219925407083,0.02613210682019682,-0.01750143137957281,1.0239667639842143e-05,-7.098808725528506e-05,1.0079644931757619e-05,-0.009723466699838153,-0.01750143137957281,0.011722157818416803,-6.8866367986258796e-06,4.751655666331836e-05,-6.668820369993088e-06,5.795459405167585e-06,1.0239667639842143e-05,-6.8866367986258796e-06,4.8962241932122154e-09,-2.7012122156291058e-08,1.44175693960528e-09,-3.932652900423043e-05,-7.098808725528506e-05,4.751655666331836e-05,-2.7012122156291058e-08,1.9357110438471094e-07,-2.9662705974575636e-08,5.2899897095190466e-06,1.0079644931757619e-05,-6.668820369993088e-06,1.44175693960528e-09,-2.9662705974575636e-08,1.1003558659365651e-08
ihawk1,20260808_162715,20.0,3,2,A/A/A,0,0.07478913842832781,0.00046881420003934274,-33.282117413002645,48.694480684634065,615.0375452996504,1.9994417651387004,-0.6296823370622474,0.3964375854130123,0.01761344349458295,0.022356250980182443,0.02775466581251613,0.0001971487624382346,9.827289828793123e-05,0.00013044102943535044,0.0003102333917368664,0.00024326856059422102,-0.00046212369113012464,9.217703047612439e-07,1.6838806381644016e-06,-3.1174690786397055e-08,0.00024326856059422102,0.0004998019578889085,-0.00052150693233975,4.064269210106853e-06,9.203744332142883e-07,2.268449402263793e-06,-0.00046212369113012464,-0.00052150693233975,0.0007703214743644515,-3.0936707605599357e-06,-2.302320862079962e-06,-1.134229262681051e-06,9.217703047612439e-07,4.064269210106853e-06,-3.0936707605599357e-06,3.886763453092746e-08,6.778787902011754e-10,2.46987896881468e-08,1.6838806381644016e-06,9.203744332142883e-07,-2.302320862079962e-06,6.778787902011754e-10,9.657562537910079e-09,-3.1372015942089056e-09,-3.1174690786397055e-08,2.268449402263793e-06,-1.134229262681051e-06,2.46987896881468e-08,-3.1372015942089056e-09,1.7014862160153962e-08
ihawk1,20260808_162715,25.0,3,2,A/A/A,0,1.369793813696229,0.0019083172322682338,-33.67887284257196,43.9946392631605,615.033808335709,1.9982051595009405,-0.6421761345785587,0.39858801496410273,0.3013577396122255,0.5169676710475976,0.39973487965797755,0.0008704246740033303,9.877488116911292e-05,0.0004637921205354611,0.09081648722418992,0.15555912937842403,-0.12034386641114514,0.000262191319076439,-2.004648031154673e-05,0.0001383314211557376,0.15555912937842403,0.267255572908377,-0.20663927498498028,0.00044984387978721667,-3.227347439201874e-05,0.00023507276654071105,-0.12034386641114514,-0.20663927498498028,0.15978797401517777,-0.0003479023629798624,2.526539374097822e-05,-0.00018212789380622988,0.000262191319076439,0.00044984387978721667,-0.0003479023629798624,7.576391131138038e-07,-5.596981537577698e-08,3.9763880326824147e-07,-2.004648031154673e-05,-3.227347439201874e-05,2.526539374097822e-05,-5.596981537577698e-08,9.756477149972378e-09,-3.537654915684011e-08,0.0001383314211557376,0.00023507276654071105,-0.00018212789380622988,3.9763880326824147e-07,-3.537654915684011e-08,2.1510313107077968e-07
ihawk1,20260808_162715,30.0,3,2,A/A/A,0,0.119388802508313,0.0003181730294083849,-32.558105815747375,39.651229309842584,611.6276067724326,1.9948028472849555,-0.6556233932837914,0.40953452111669664,0.03444334585890284,0.04155024216829938,0.0381170951396874,3.084097079277669e-05,0.0001245311141988491,0.00010295188428263839,0.0011863440739559995,0.001249982525238453,-0.0012464249171429413,5.770745894271331e-07,-2.125768158492689e-06,-4.415629517328058e-07,0.001249982525238453,0.0017264226242443244,-0.001555549914336015,1.1319364116741183e-06,-5.133165859682959e-08,1.6015973785388267e-06,-0.0012464249171429413,-0.001555549914336015,0.0014529129418879808,-9.163319079397812e-07,9.383542947918684e-07,-7.591734931558984e-07,5.770745894271331e-07,1.1319364116741183e-06,-9.163319079397812e-07,9.511654794409048e-10,1.766609043805781e-09,2.430216504567438e-09,-2.125768158492689e-06,-5.133165859682959e-08,9.383542947918684e-07,1.766609043805781e-09,1.5507998403606794e-08,1.1839979445701306e-08,-4.415629517328058e-07,1.6015973785388267e-06,-7.591734931558984e-07,2.430216504567438e-09,1.1839979445701306e-08,1.0599090477345767e-08
ihawk1,20260808_162715,35.0,3,2,A/A/A,0,2.689617350469884,0.0101314279230309,-31.65957440822652,35.88783840324826,608.4019107161015,1.9930810898151174,-0.6560887325429547,0.41203772853556475,0.644599057930471,1.1604392729019548,0.6338521332288071,0.000656660614589574,0.0056999950516010076,0.0010903239406077126,0.4155079454848507,0.7480172086055267,-0.4081209673152941,-0.00041355398123387555,-0.0036579142613213005,0.0007021000763981924,0.7480172086055267,1.3466193060932174,-0.7347715020282203,-0.000744254207306431,-0.0065842115320596355,0.001263867426932198,-0.4081209673152941,-0.7347715020282203,0.40176852679870945,0.00040199490500665683,0.003576766479818824,-0.0006881334013961029,-0.00041355398123387555,-0.000744254207306431,0.00040199490500665683,4.31203162753157e-07,3.7157784638027636e-06,-7.057131672200908e-07,-0.0036579142613213005,-0.0065842115320596355,0.003576766479818824,3.7157784638027636e-06,3.248994358827597e-05,-6.207412262396895e-06,0.0007021000763981924,0.001263867426932198,-0.0006881334013961029,-7.057131672200908e-07,-6.207412262396895e-06,1.1888062954623307e-06
ihawk1,20260808_162715,40.0,3,2,A/A/A,0,0.3244018101968294,0.0004605059201865269,-32.71759390775134,31.85810424814329,604.8007029977427,1.9956655997137012,-0.6494885429705246,0.4060744103010373,0.06614997928210341,0.11884330266857267,0.08885558847731242,0.00010534010826935881,0.00021731809969988142,4.3935655496671054e-05,0.0043758197590227105,0.007794568580267373,-0.005810190849807918,6.0202978864582515e-06,-1.3285334630189295e-05,2.8073786095361945e-06,0.007794568580267373,0.014123730589173971,-0.01055750769709654,9.903097822517381e-06,-2.4949429873197458e-05,5.176620920587467e-06,-0.005810190849807918,-0.01055750769709654,0.007895315603649497,-7.280915478463939e-06,1.8755764417042878e-05,-3.880378186235582e-06,6.0202978864582515e-06,9.903097822517381e-06,-7.280915478463939e-06,1.1096538410200237e-08,-1.3874477582416523e-08,3.2594285629790575e-09,-1.3285334630189295e-05,-2.4949429873197458e-05,1.8755764417042878e-05,-1.3874477582416523e-08,4.7227156457167604e-08,-9.467127629119576e-09,2.8073786095361945e-06,5.176620920587467e-06,-3.880378186235582e-06,3.2594285629790575e-09,-9.467127629119576e-09,1.9303418239221613e-09
ihawk1,20260808_162715,45.0,3,2,A/A/A,0,0.0706571577000058,0.0002801753775728642,-32.88295861186351,27.089378234250823,602.210311460789,1.9942680831732216,-0.6565266924995571,0.41043042990378437,0.012922535290861984,0.026223911018304333,0.020707651214716103,7.272618587186549e-05,4.0402787515753046e-05,0.00012642578566766593,0.00016699191834357343,0.0003328242557192842,-0.00026390890386547046,9.170658846316544e-07,5.039120627517041e-08,1.6204079698346675e-06,0.0003328242557192842,0.0006876935090959434,-0.0005428901859787337,1.74928529180802e-06,2.9889708619576236e-07,3.3091158095672074e-06,-0.00026390890386547046,-0.0005428901859787337,0.00042880681883033324,-1.3948329351119027e-06,-2.1738585397962874e-07,-2.616057936546399e-06,9.170658846316544e-07,1.74928529180802e-06,-1.3948329351119027e-06,5.2890981114691265e-09,-3.627454882813758e-10,8.642433071319102e-09,5.039120627517041e-08,2.9889708619576236e-07,-2.1738585397962874e-07,-3.627454882813758e-10,1.6323852390430903e-09,1.1371963360237078e-09,1.6204079698346675e-06,3.3091158095672074e-06,-2.616057936546399e-06,8.642433071319102e-09,1.1371963360237078e-09,1.5983479281686606e-08
ihawk1,20260808_162715,50.0,3,2,A/A/A,0,0.6976151749955071,0.003458357935006213,-33.11800841444515,23.635490036006594,599.7656205716293,1.9957656566405992,-0.6399758861347045,0.4008094094822559,0.11683074046206773,0.3062757654980493,0.14417212435983526,0.0013188814402408484,0.0005547830292144771,0.0013017733686714159,0.013649421916915032,0.03474536210499785,-0.016788797863437187,0.00014193289134605463,-5.8047600507100394e-05,0.0001348341680055936,0.03474536210499785,0.09380484453141608,-0.04358851528313226,0.0003988791870015407,-0.00016583152181132407,0.0003873119456074687,-0.016788797863437187,-0.04358851528313226,0.0207856014424278,-0.00018055070862328022,7.42703424734655e-05,-0.00017285285644332005,0.00014193289134605463,0.0003988791870015407,-0.00018055070862328022,1.7394482534117745e-06,-7.303215039876283e-07,1.7112392954465235e-06,-5.8047600507100394e-05,-0.00016583152181132407,7.42703424734655e-05,-7.303215039876283e-07,3.0778420950439133e-07,-7.220590804514437e-07,0.0001348341680055936,0.0003873119456074687,-0.00017285285644332005,1.7112392954465235e-06,-7.220590804514437e-07,1.6946139033821258e-06
ihawk2,20260808_131913,0.0,3,2,A/A/A,0,0.059774946135241216,0.0004240833427265373,-34.961918044175874,134.97414068093377,504.3315174446265,1.5292463926282909,-1.5797747797215367,0.9790534540168391,0.027189341878583878,0.0037893156870511175,0.020770771900450288,0.0001756917378745703,0.0001530626992706065,0.00012666891111062835,0.0007392603117905151,3.390658840749603e-05,-0.0005633056268640529,-1.2850931189454275e-06,-4.159045085265838e-06,-1.7493190050112433e-07,3.390658840749603e-05,1.4358913376131683e-05,-3.113677391557135e-05,5.465488393473216e-07,-2.1022145755215172e-07,4.4464278852706307e-07,-0.0005633056268640529,-3.113677391557135e-05,0.00043142496534053523,7.285641695805968e-07,3.1771898193859873e-06,-5.4097092561141144e-08,-1.2850931189454275e-06,5.465488393473216e-07,7.285641695805968e-07,3.0867586757386715e-08,6.309398214168272e-09,2.1710679249091517e-08,-4.159045085265838e-06,-2.1022145755215172e-07,3.1771898193859873e-06,6.309398214168272e-09,2.3428189908004126e-08,2.9600758247101474e-10,-1.7493190050112433e-07,4.4464278852706307e-07,-5.4097092561141144e-08,2.1710679249091517e-08,2.9600758247101474e-10,1.6045013041952265e-08
ihawk2,20260808_131913,5.0,3,2,A/A/A,0,0.07473950755694296,0.0001867160405415554,-33.076962614030066,131.46183835940056,502.45045766207164,1.5347441196287435,-1.5763184396214367,0.9731861515169039,0.02881425771671046,0.00971654991902606,0.030313790274663934,3.0261073585553216e-05,6.857418113429e-05,8.968422138437065e-05,0.0008302614477650084,-0.000188714189410175,-0.0008728174971929535,-5.097508534462821e-07,-1.8811504227281034e-06,5.489602976432767e-07,-0.000188714189410175,9.441134232892533e-05,0.00020679138566878955,2.920821683290391e-07,5.781740684705589e-07,5.042471926666372e-07,-0.0008728174971929535,0.00020679138566878955,0.0009189258808163098,5.64626493409722e-07,2.0021391906167763e-06,-4.744809630420021e-07,-5.097508534462821e-07,2.920821683290391e-07,5.64626493409722e-07,9.157325745502667e-10,1.6700876535193686e-09,1.8145625565035822e-09,-1.8811504227281034e-06,5.781740684705589e-07,2.0021391906167763e-06,1.6700876535193686e-09,4.702418318238415e-09,5.949876211215922e-10,5.489602976432767e-07,5.042471926666372e-07,-4.744809630420021e-07,1.8145625565035822e-09,5.949876211215922e-10,8.043259565320805e-09
ihawk2,20260808_131913,10.0,3,2,A/A/A,0,0.03431989130923476,0.00027960196045339757,-32.189065421514,125.67580643107094,501.816426480259,1.5398242020568789,-1.5675728955347634,0.9651799295022874,0.01582310482461176,0.008296312340900207,0.008399294414496475,4.765986315404863e-05,8.574066814849872e-05,0.00011124858057059545,0.0002503706462906519,-3.664508187571451e-05,-0.00012401415647984087,2.062469931205222e-07,-9.10537276743594e-07,-4.113061234358285e-07,-3.664508187571451e-05,6.882879845777308e-05,-5.90875902083084e-06,-3.9539425442527107e-07,-3.7309381254634056e-07,-8.015303454172262e-07,-0.00012401415647984087,-5.90875902083084e-06,7.054814666139169e-05,3.629242486504104e-08,6.429731340380711e-07,5.304136602422394e-07,2.062469931205222e-07,-3.9539425442527107e-07,3.629242486504104e-08,2.271462555862642e-09,2.1637655844873196e-09,4.619955848464506e-09,-9.10537276743594e-07,-3.7309381254634056e-07,6.429731340380711e-07,2.1637655844873196e-09,7.351462174550983e-09,8.371207355750714e-09,-4.113061234358285e-07,-8.015303454172262e-07,5.304136602422394e-07,4.619955848464506e-09,8.371207355750714e-09,1.2376246678972268e-08
ihawk2,20260808_131913,15.0,3,2,A/A/A,0,0.0630017976063217,0.00035493550204123125,-32.50557974359526,121.50304727998221,498.3005644603995,1.5434531569269476,-1.5659594992210333,0.9660721767187267,0.02395514912932205,0.006118305818771961,0.02094599994957616,5.319151934905822e-05,0.00017780432299267614,6.021268003566084e-05,0.0005738491698080591,0.00014466813626337564,-0.0004916096901588973,1.2694598993305743e-06,-2.874518445651524e-06,1.1067215687183843e-06,0.00014466813626337564,3.7433666092018834e-05,-0.0001280490909099309,3.155300630081133e-07,-5.959370115852988e-07,2.4111880443314727e-07,-0.0004916096901588973,-0.0001280490909099309,0.00043873491388764447,-1.0682906881982424e-06,1.912451273327787e-06,-7.86211873253217e-07,1.2694598993305743e-06,3.155300630081133e-07,-1.0682906881982424e-06,2.8293377306612346e-09,-6.961074750512809e-09,2.6254780425940693e-09,-2.874518445651524e-06,-5.959370115852988e-07,1.912451273327787e-06,-6.961074750512809e-09,3.16143772748839e-08,-1.0610405135230662e-08,1.1067215687183843e-06,2.4111880443314727e-07,-7.86211873253217e-07,2.6254780425940693e-09,-1.0610405135230662e-08,3.6255668370768694e-09
ihawk2,20260808_131913,20.0,3,2,A/A/A,0,0.04850719734407175,0.0002876592672395377,-31.827695346886685,116.63370006145891,498.3449979860496,1.5447827180734892,-1.562010470462369,0.9629212553721761,0.02275986304210826,0.0014748270708050569,0.012358627520318096,6.962539306103493e-05,0.00010346714846469184,0.00011544847608555043,0.0005180113656955255,-3.228082927932239e-05,-0.0002703832785932885,6.031821088832118e-07,-1.8880933809669928e-06,2.607403333525375e-06,-3.228082927932239e-05,2.175114888779424e-06,1.8226816180445e-05,-6.362034944881228e-08,9.265881229904935e-08,-1.6826028055194965e-07,-0.0002703832785932885,1.8226816180445e-05,0.00015273567418596382,-5.34174847721767e-07,7.748660084692797e-07,-1.4096299481806927e-06,6.031821088832118e-07,-6.362034944881228e-08,-5.34174847721767e-07,4.84769535890361e-09,1.7826696456605062e-09,3.9557473027530586e-09,-1.8880933809669928e-06,9.265881229904935e-08,7.748660084692797e-07,1.7826696456605062e-09,1.0705450811414583e-08,-8.620468616086454e-09,2.607403333525375e-06,-1.6826028055194965e-07,-1.4096299481806927e-06,3.9557473027530586e-09,-8.620468616086454e-09,1.3328350630475909e-08
ihawk2,20260808_131913,25.0,3,2,A/A/A,0,0.04021705408292701,0.0002595481765957976,-31.215808893654497,112.16284246963016,495.5603738794245,1.540169277817862,-1.564656711884172,0.966499197828369,0.01985505263492134,0.0018620960459221083,0.006904601094806586,0.0001258013215521942,6.262444294076255e-05,7.624128757139842e-05,0.00039422311513549686,-9.848676656790491e-06,-9.664036145607832e-05,-1.463960141850225e-06,6.963219503907452e-07,1.1185312245799469e-06,-9.848676656790491e-06,3.46740168423875e-06,1.1203954611244176e-05,-1.463701175080428e-07,-1.1051708638499342e-07,-1.2014753420128693e-07,-9.664036145607832e-05,1.1203954611244176e-05,4.76735162784043e-05,-1.4029357925122508e-07,-4.247832765033084e-07,-5.257810476827608e-07,-1.463960141850225e-06,-1.463701175080428e-07,-1.4029357925122508e-07,1.582597250427856e-08,2.7026163858933326e-09,1.082629259302502e-09,6.963219503907452e-07,-1.1051708638499342e-07,-4.247832765033084e-07,2.7026163858933326e-09,3.921820853640823e-09,4.641055667841671e-09,1.1185312245799469e-06,-1.2014753420128693e-07,-5.257810476827608e-07,1.082629259302502e-09,4.641055667841671e-09,5.812733930544671e-09
ihawk2,20260808_131913,30.0,3,2,A/A/A,0,0.037159363872229796,0.0003058427870735029,-31.856172350757173,107.88499302104216,492.12972675833424,1.5306589054369684,-1.572717709882454,0.9748213759148876,0.01336661820402324,0.002474441568395381,0.013149453430809976,3.544294992600995e-05,0.0001493811280449426,1.7918496984162747e-05,0.00017866648221212544,6.398756140293714e-06,-0.00016933683959522572,-1.75213400245236e-08,-1.2130851867604638e-06,1.7736197945909644e-07,6.398756140293714e-06,6.1228610754029935e-06,-1.461815482845862e-05,-8.661326412058736e-08,2.4460514839686436e-07,-2.288182309691111e-08,-0.00016933683959522572,-1.461815482845862e-05,0.00017290812552904025,1.4139766408187172e-07,7.316918654059257e-07,-1.256733106224824e-07,-1.75213400245236e-08,-8.661326412058736e-08,1.4139766408187172e-07,1.2562026994576484e-09,-4.083533533672242e-09,4.091123722140727e-10,-1.2130851867604638e-06,2.4460514839686436e-07,7.316918654059257e-07,-4.083533533672242e-09,2.2314721415979537e-08,-2.6330138211723344e-09,1.7736197945909644e-07,-2.288182309691111e-08,-1.256733106224824e-07,4.091123722140727e-10,-2.6330138211723344e-09,3.210725341714495e-10
ihawk2,20260808_131913,35.0,3,2,A/A/A,0,0.0737850629204701,0.00030914551755759155,-30.765474117869125,104.979283707992,487.9204772412021,1.5333776458512869,-1.5723558102680681,0.9712758073602507,0.03038239246849567,0.009280627730089771,0.020720032349636004,9.762726986263348e-05,6.96583282735834e-05,0.000140833278256336,0.0009230897721097024,-0.0002724091838686698,-0.000559395212163645,-1.567677360319737e-06,1.0415932620178146e-06,-4.047654296675893e-06,-0.0002724091838686698,8.613005106451123e-05,0.00014231000450464553,6.612003363232193e-07,-1.6209537026390208e-07,1.3039012988475752e-06,-0.000559395212163645,0.00014231000450464553,0.00042931974056996245,1.623543538712939e-07,-1.207507980850479e-06,2.0188765580574294e-06,-1.567677360319737e-06,6.612003363232193e-07,1.623543538712939e-07,9.531083820831463e-09,3.2566088039544937e-09,1.0658867584208458e-08,1.0415932620178146e-06,-1.6209537026390208e-07,-1.207507980850479e-06,3.2566088039544937e-09,4.852282697870308e-09,-1.7981308839484657e-09,-4.047654296675893e-06,1.3039012988475752e-06,2.0188765580574294e-06,1.0658867584208458e-08,-1.7981308839484657e-09,1.9834012264426565e-08
ihawk2,20260808_131913,40.0,3,2,A/A/A,0,0.022991561446417487,0.00014696429317719522,-31.068972555646464,101.58350825422116,482.325937102969,1.5302637153246832,-1.5715628031067947,0.9773167127692578,0.007985980638567416,0.004564964734413992,0.008008505075198577,4.696090686280373e-05,6.278533494613053e-05,3.09870970014601e-05,6.377588675957363e-05,3.5350035439749455e-05,-6.172356710786657e-05,-3.2915423246983515e-07,-4.545843995158915e-08,-4.652904790104902e-08,3.5350035439749455e-05,2.0838903026443406e-05,-3.65525796771203e-05,-1.573341172300208e-07,-9.496119719002643e-08,8.166845515208192e-09,-6.172356710786657e-05,-3.65525796771203e-05,6.413615353948136e-05,2.713588201692342e-07,1.751358647883141e-07,-1.879978786860375e-08,-3.2915423246983515e-07,-1.573341172300208e-07,2.713588201692342e-07,2.205326773376926e-09,-1.1726200946724968e-09,9.25102708577421e-10,-4.545843995158915e-08,-9.496119719002643e-08,1.751358647883141e-07,-1.1726200946724968e-09,3.941998284297799e-09,-1.8698006416161164e-09,-4.652904790104902e-08,8.166845515208192e-09,-1.879978786860375e-08,9.25102708577421e-10,-1.8698006416161164e-09,9.602001805778974e-10
ihawk2,20260808_131913,45.0,3,2,A/A/A,0,0.04294288240582115,0.0005138941522362884,-31.064745515753305,97.54256424651716,480.3679019686846,1.532908224175483,-1.566303520116774,0.9709326378227848,0.016949249533931395,0.007740220041803783,0.015110927646869766,0.00019870163921450947,0.00014138844650799488,9.561510132573116e-05,0.0002872770597634736,-0.00010419558066200337,-0.00024243090717439335,2.788676243079219e-06,-2.313944749210214e-06,1.1766602380729855e-06,-0.00010419558066200337,5.9911006295540955e-05,0.00011085214762736539,-1.535421733532483e-06,1.0122289979342188e-06,-7.359936728338409e-07,-0.00024243090717439335,0.00011085214762736539,0.00022834013434893305,-2.896333513717288e-06,2.131959685432261e-06,-1.3134197621623797e-06,2.788676243079219e-06,-1.535421733532483e-06,-2.896333513717288e-06,3.9482341426533084e-08,-2.6559215716690917e-08,1.8747024356351552e-08,-2.313944749210214e-06,1.0122289979342188e-06,2.131959685432261e-06,-2.6559215716690917e-08,1.9990692805944128e-08,-1.1895615967183116e-08,1.1766602380729855e-06,-7.359936728338409e-07,-1.3134197621623797e-06,1.8747024356351552e-08,-1.1895615967183116e-08,9.142247601529837e-09
ihawk2,20260808_131913,50.0,3,2,A/A/A,0,0.054827327403450594,0.00027904552405761166,-29.301741275227243,92.03042763784916,479.83592846288667,1.5407431428033183,-1.5667912716415828,0.9642320027109474,0.022715593623084267,0.008702509787434514,0.012912908956092916,6.300288017684243e-05,0.00012527122312933571,6.863713324819153e-05,0.0005159981936491066,0.00019075001195431064,-0.0002913952016751236,-7.582592012106685e-07,-2.5500827279631257e-06,-1.4355312041030498e-06,0.00019075001195431064,7.573367660039351e-05,-0.00011109830695978294,-4.0237306349039906e-07,-1.0696875657236217e-06,-5.918607271039736e-07,-0.0002913952016751236,-0.00011109830695978294,0.00016674321770834464,5.072089824615916e-07,1.5222793614992474e-06,8.502755809143012e-07,-7.582592012106685e-07,-4.0237306349039906e-07,5.072089824615916e-07,3.9693629105775635e-09,6.717706655137506e-09,3.5406244112583325e-09,-2.5500827279631257e-06,-1.0696875657236217e-06,1.5222793614992474e-06,6.717706655137506e-09,1.5692879344319814e-08,8.58333514708102e-09,-1.4355312041030498e-06,-5.918607271039736e-07,8.502755809143012e-07,3.5406244112583325e-09,8.58333514708102e-09,4.7110560605300006e-09
ihawk2,20260808_141232,0.0,3,2,A/A/A,0,0.032098811678012984,0.00018598791115299578,-33.27799262712198,133.6337106927743,507.3762583640866,1.5438564900831435,-1.5599530066546468,0.9606599983564155,0.00842265291147284,0.008936047814406285,0.012251109984742024,5.6203956933047306e-05,3.7831140868464216e-05,6.90715620610699e-05,7.09410820671419e-05,-6.354238627795734e-05,-0.00010304861884625542,-1.453345499043808e-07,-1.113182860170474e-07,1.4568559482995217e-07,-6.354238627795734e-05,7.985295054135534e-05,8.926528847095824e-05,-1.260021758235137e-07,2.6947760860767394e-07,-4.507572691504477e-07,-0.00010304861884625542,8.926528847095824e-05,0.0001500896958582457,2.4502006889056185e-07,1.392296638529746e-07,-1.6923167358268465e-07,-1.453345499043808e-07,-1.260021758235137e-07,2.4502006889056185e-07,3.1588847749318362e-09,-1.6680153558620863e-09,3.278432706715438e-09,-1.113182860170474e-07,2.6947760860767394e-07,1.392296638529746e-07,-1.6680153558620863e-09,1.4311952194095837e-09,-2.5989996515605984e-09,1.4568559482995217e-07,-4.507572691504477e-07,-1.6923167358268465e-07,3.278432706715438e-09,-2.5989996515605984e-09,4.770880685556231e-09
ihawk2,20260808_141232,5.0,3,2,A/A/A,0,0.017150195489289623,0.00012525911144227724,-36.711771042051396,128.4879316819515,505.2374531988941,1.5335928749508094,-1.5760269706060652,0.9695208865494892,0.007775533434348598,0.0068874203455507035,0.0027643741561977336,9.259317324392115e-06,5.2231458004922964e-05,4.759420721307292e-05,6.045892018867291e-05,2.6592386386435477e-05,-1.9609960604414167e-05,6.534657527603682e-08,3.484623721726428e-07,-6.224758915530116e-08,2.6592386386435477e-05,4.743655901630578e-05,-1.8583408957261718e-06,5.197740654369067e-08,-7.115008040413845e-09,2.5309946654595485e-07,-1.9609960604414167e-05,-1.8583408957261718e-06,7.64176447545393e-06,-1.6795977523543133e-08,-1.4339103634420122e-07,7.32952791724832e-08,6.534657527603682e-08,5.197740654369067e-08,-1.6795977523543133e-08,8.573495731378796e-11,2.7236506406057294e-10,1.1506384392675067e-10,3.484623721726428e-07,-7.115008040413845e-09,-1.4339103634420122e-07,2.7236506406057294e-10,2.728125205320031e-09,-1.617417326508221e-09,-6.224758915530116e-08,2.5309946654595485e-07,7.32952791724832e-08,1.1506384392675067e-10,-1.617417326508221e-09,2.2652085602409222e-09
ihawk2,20260808_141232,10.0,3,2,A/A/A,0,0.04660634777057471,0.0002603790335134829,-37.191890033253564,126.17474530468127,500.7500765891429,1.5463828548646406,-1.5587382175108706,0.9595116120681838,0.021802930443768454,0.007170717125523028,0.014300687742487009,0.00010643377996243156,7.15780100944635e-05,6.16791497354926e-05,0.00047536777593580533,9.392321242045757e-05,-0.000288374013936451,-2.2046580691209102e-06,-6.664346361619099e-07,-5.601683666483565e-07,9.392321242045757e-05,5.141918409426924e-05,-2.5803244484244542e-05,-2.4517679657982767e-07,2.393539772661569e-07,2.1076370153677658e-07,-0.000288374013936451,-2.5803244484244542e-05,0.0002045096699081182,1.5180573669450142e-06,7.562501348039935e-07,6.447463217315446e-07,-2.2046580691209102e-06,-2.4517679657982767e-07,1.5180573669450142e-06,1.1328149517091297e-08,5.240731376883166e-09,4.460559116294243e-09,-6.664346361619099e-07,2.393539772661569e-07,7.562501348039935e-07,5.240731376883166e-09,5.123411529083118e-09,4.414575532985931e-09,-5.601683666483565e-07,2.1076370153677658e-07,6.447463217315446e-07,4.460559116294243e-09,4.414575532985931e-09,3.804317512093317e-09
ihawk2,20260808_141232,15.0,3,2,A/A/A,0,0.027099254484312107,0.00031365361905458136,-37.24414709158219,121.011081721791,500.14750061955203,1.5477522608312404,-1.555792959598995,0.9563221774083969,0.008365128878821248,0.008648341970471141,0.013028123212331112,9.493381590040261e-05,0.0001451157408031979,0.00010281200157764168,6.997538115928922e-05,-5.706086680301952e-05,3.7584212443381115e-05,7.096353879318985e-07,-8.850004185260373e-07,4.7980469964333144e-08,-5.706086680301952e-05,7.479381883821268e-05,3.4365685057267716e-05,-8.052135820121477e-07,1.9360961121066592e-07,-5.848625996705536e-07,3.7584212443381115e-05,3.4365685057267716e-05,0.00016973199443568072,-1.3995879609645235e-07,-1.6899870194095988e-06,-1.229545972738816e-06,7.096353879318985e-07,-8.052135820121477e-07,-1.3995879609645235e-07,9.012429401411535e-09,-4.742394365454234e-09,4.860880711339843e-09,-8.850004185260373e-07,1.9360961121066592e-07,-1.6899870194095988e-06,-4.742394365454234e-09,2.1058578228860912e-08,9.589201712968429e-09,4.7980469964333144e-08,-5.848625996705536e-07,-1.229545972738816e-06,4.860880711339843e-09,9.589201712968429e-09,1.0570307668400996e-08
ihawk2,20260808_141232,20.0,3,2,A/A/A,0,0.050109460969074496,0.00020786673504122108,-34.864890460516506,115.40690113765413,499.3262781841865,1.5410369017583214,-1.5661162959599304,0.965018149217451,0.01874845801778075,0.003979409177515293,0.016857116916914976,7.57048117119462e-05,3.12991687460681e-05,7.251814836342742e-05,0.00035150467804448735,5.9012198667403624e-05,-0.00030250684517655555,7.097132671990946e-07,-5.782480228492797e-07,1.076795196173038e-06,5.9012198667403624e-05,1.583569740209294e-05,-6.267048787191685e-05,-4.0481097689789564e-08,-8.410723535966168e-08,7.297553875763668e-08,-0.00030250684517655555,-6.267048787191685e-05,0.00028416239075054105,-2.9078490036054863e-07,4.716402496693649e-07,-7.105951783193872e-07,7.097132671990946e-07,-4.0481097689789564e-08,-2.9078490036054863e-07,5.7312185163412255e-09,-1.5168020831970276e-09,5.07681818585584e-09,-5.782480228492797e-07,-8.410723535966168e-08,4.716402496693649e-07,-1.5168020831970276e-09,9.796379641948465e-10,-2.0072716261849523e-09,1.076795196173038e-06,7.297553875763668e-08,-7.105951783193872e-07,5.07681818585584e-09,-2.0072716261849523e-09,5.258881842060072e-09
ihawk2,20260808_141232,25.0,3,2,A/A/A,0,0.044515557782826856,0.0003513642779044762,-35.57655681604485,111.7407812458046,495.9966868299161,1.541882172856646,-1.5595693196453517,0.9626788245057454,0.017368633752483813,0.000669732122176249,0.016301389295913828,0.00012911304318328196,8.042016500389224e-05,9.980012840567444e-05,0.0003016694384279199,-1.1285918271908737e-05,-0.00025954997434292685,-1.5909357632771012e-07,-7.176901596147067e-07,-3.7742024650058604e-07,-1.1285918271908737e-05,4.485411154747021e-07,1.076680765041706e-05,-1.4940882279671807e-08,1.565745176871385e-08,-1.6819439275148804e-09,-0.00025954997434292685,1.076680765041706e-05,0.00026573529297693396,-7.019615234387434e-07,1.6811115100743672e-07,-3.0971525878299413e-07,-1.5909357632771012e-07,-1.4940882279671807e-08,-7.019615234387434e-07,1.667017792004803e-08,9.263888089882928e-09,1.2743702196789114e-08,-7.176901596147067e-07,1.565745176871385e-08,1.6811115100743672e-07,9.263888089882928e-09,6.467402939253255e-09,7.618175954516252e-09,-3.7742024650058604e-07,-1.6819439275148804e-09,-3.0971525878299413e-07,1.2743702196789114e-08,7.618175954516252e-09,9.960065629789105e-09
ihawk2,20260808_141232,30.0,3,2,A/A/A,0,1.0253956826291069,0.0046878314956208395,-34.85126402381775,108.07477599308969,492.6764639061419,1.5373508655735977,-1.5669558565726702,0.9631069595909564,0.4330892524830002,0.10787781779701566,0.38129521807288147,0.0018003829053498158,0.0005350003043586657,0.00187363839241348,0.18756630061628388,0.046685437600594966,-0.1651319533185424,0.0007795578603178164,-0.00023055994825709383,0.000811323820590745,0.046685437600594966,0.011637623572646109,-0.041092021392204865,0.0001938757728301998,-5.7164120335950884e-05,0.0002017993512351777,-0.1651319533185424,-0.041092021392204865,0.14538604332524624,-0.0006864015655514079,0.0002031033249037071,-0.0007143589009066133,0.0007795578603178164,0.0001938757728301998,-0.0006864015655514079,3.2413786058758437e-06,-9.602339937637625e-07,3.3732515740949937e-06,-0.00023055994825709383,-5.7164120335950884e-05,0.0002031033249037071,-9.602339937637625e-07,2.8622532566386485e-07,-9.990660666232484e-07,0.000811323820590745,0.0002017993512351777,-0.0007143589009066133,3.3732515740949937e-06,-9.990660666232484e-07,3.510520825525769e-06
ihawk2,20260808_141232,35.0,3,2,A/A/A,0,0.07756130154980453,0.00015428317774382008,-35.787083732968966,103.13675986592814,491.5248748134526,1.5430119998694896,-1.5625883450532687,0.9613855509456408,0.03313099752907724,0.009005597970775839,0.020823894737681703,6.418599996807805e-05,4.7971779989210026e-05,4.899875250626904e-05,0.0010976629972717221,-5.4487401546802965e-05,-0.0006895221679106024,-1.7471734032821456e-06,-3.77272877765986e-07,-3.9777830899593727e-07,-5.4487401546802965e-05,8.110079481124192e-05,4.045972764745448e-05,-2.3724499880710204e-07,4.31337053383656e-07,4.403624575616772e-07,-0.0006895221679106024,4.045972764745448e-05,0.0004336345920460477,1.0717722172712053e-06,2.6979363370263186e-07,2.833111609884302e-07,-1.7471734032821456e-06,-2.3724499880710204e-07,1.0717722172712053e-06,4.119842591902115e-09,-1.1046057325233322e-09,-1.1050581068840168e-09,-3.77272877765986e-07,4.31337053383656e-07,2.6979363370263186e-07,-1.1046057325233322e-09,2.3012916753331715e-09,2.350484228330251e-09,-3.9777830899593727e-07,4.403624575616772e-07,2.833111609884302e-07,-1.1050581068840168e-09,2.350484228330251e-09,2.400877747170607e-09
ihawk2,20260808_141232,40.0,3,2,A/A/A,0,0.03009911281203721,0.00030848295491114425,-36.25004514278487,98.89655827487042,488.58475969152073,1.5432984589797396,-1.5633324745331278,0.9621171598724634,0.011629466883283663,0.009399917075275906,0.009520886034754969,0.00011493789394056091,6.545258485434332e-05,0.00010548659482267763,0.00013524449998939144,-1.9413496112975014e-05,-0.00010947106425858902,4.4372163850649316e-07,-6.687042453121136e-07,3.6936313811727226e-07,-1.9413496112975014e-05,8.835844102206354e-05,2.507939912955565e-06,-1.066633689524336e-06,-1.9325712238460824e-07,-9.835420356582343e-07,-0.00010947106425858902,2.507939912955565e-06,9.064727088679219e-05,-2.0438226451446567e-07,5.859078839646655e-07,-1.5537017363104154e-07,4.4372163850649316e-07,-1.066633689524336e-06,-2.0438226451446567e-07,1.3210719463491628e-08,1.1961471974254084e-09,1.2117986068567951e-08,-6.687042453121136e-07,-1.9325712238460824e-07,5.859078839646655e-07,1.1961471974254084e-09,4.284040864115013e-09,1.3190225086669909e-09,3.6936313811727226e-07,-9.835420356582343e-07,-1.5537017363104154e-07,1.2117986068567951e-08,1.3190225086669909e-09,1.112742168728376e-08
ihawk2,20260808_141232,45.0,3,2,A/A/A,0,0.051356148449979974,0.00020789816891485127,-38.53756266832141,94.56325680372986,484.86272534346915,1.5453198693572638,-1.5652758156938746,0.9672515881882147,0.02034541033004729,0.008425923282475843,0.014972057251384277,8.01094297545734e-05,2.8356244430945137e-05,6.942399024597502e-05,0.0004139357214979949,-9.653059182646098e-05,-0.00030248345172434487,1.516599340983528e-06,-3.989152908569482e-07,1.4112918893047161e-06,-9.653059182646098e-05,7.099618316216849e-05,8.284450030485555e-05,-5.579824076329207e-07,-4.961200311168932e-08,-3.09463672693532e-07,-0.00030248345172434487,8.284450030485555e-05,0.00022416249833872852,-1.1601051628879353e-06,2.553074163631969e-07,-1.0263138351954968e-06,1.516599340983528e-06,-5.579824076329207e-07,-1.1601051628879353e-06,6.41752073560293e-09,-8.605046226625308e-10,5.087953431294379e-09,-3.989152908569482e-07,-4.961200311168932e-08,2.553074163631969e-07,-8.605046226625308e-10,8.040765982275071e-10,-1.4178961551662155e-09,1.4112918893047161e-06,-3.09463672693532e-07,-1.0263138351954968e-06,5.087953431294379e-09,-1.4178961551662155e-09,4.8196904216732356e-09
ihawk2,20260808_141232,50.0,3,2,A/A/A,0,0.06990491167061644,0.00020677135670930732,-36.0641931602652,89.57484821039934,484.45942294583074,1.5420220820823682,-1.5684681221025565,0.9624420361009518,0.029227845621592537,0.01148149852281325,0.022156223018234406,6.441924844373917e-05,0.00010124333749106831,4.676921416837839e-05,0.000854266959679646,0.00033339162779047113,-0.0006077408611015771,1.8153950516293368e-06,-1.4243428579108029e-06,1.29001989896698e-06,0.00033339162779047113,0.00013182480832936284,-0.00024719559907823854,6.861221885162155e-07,-4.3971484342797293e-07,5.237000663747053e-07,-0.0006077408611015771,-0.00024719559907823854,0.0004908982184337402,-1.1607703378007926e-06,3.343129908791228e-07,-1.0361051225270634e-06,1.8153950516293368e-06,6.861221885162155e-07,-1.1607703378007926e-06,4.149839570056191e-09,-4.543199520339741e-09,2.47708056901518e-09,-1.4243428579108029e-06,-4.3971484342797293e-07,3.343129908791228e-07,-4.543199520339741e-09,1.025021338633036e-08,-7.780489734622678e-10,1.29001989896698e-06,5.237000663747053e-07,-1.0361051225270634e-06,2.47708056901518e-09,-7.780489734622678e-10,2.187359393927646e-09
ihawk2,20260808_145501,0.0,3,2,A/A/A,0,0.09500221988637852,0.0002582653179350667,-32.84782549546524,134.17194437674843,506.8805661201602,1.544506261546925,-1.5616725133950906,0.9612864809934634,0.03661779110814349,0.001352338214921887,0.03143494701257506,4.514877933020591e-05,0.00012546480128249082,4.064704243152365e-05,0.0013408626256396325,4.9458245274256234e-05,-0.0011451070056303877,-7.155861403395915e-08,-4.578934257099794e-06,1.3928613325572144e-06,4.9458245274256234e-05,1.8288186475381157e-06,-4.245299185849041e-05,3.9704530062266387e-10,-1.6958473879495238e-07,5.0411661652786133e-08,-0.0011451070056303877,-4.245299185849041e-05,0.0009881558936834017,-8.312822945786233e-08,3.9431713779017534e-06,-1.1436951852711898e-06,-7.155861403395915e-08,3.9704530062266387e-10,-8.312822945786233e-08,2.038412275007628e-09,-2.1725783948400272e-10,-7.206410342993995e-10,-4.578934257099794e-06,-1.6958473879495238e-07,3.9431713779017534e-06,-2.1725783948400272e-10,1.5741416360854907e-08,-4.609866210928256e-09,1.3928613325572144e-06,5.0411661652786133e-08,-1.1436951852711898e-06,-7.206410342993995e-10,-4.609866210928256e-09,1.652182058430084e-09
ihawk2,20260808_145501,5.0,3,2,A/A/A,0,0.01957175646137694,0.00025520096253201977,-32.67751146258157,129.5266453745602,504.46995162296884,1.5454031501775154,-1.5594647047601746,0.9580017043276381,0.00342556274228099,0.0036566157138762574,0.009054131059920697,9.343719161003897e-05,5.787713546835582e-05,7.19026771821212e-05,1.1734480101303658e-05,-1.2457410840466771e-05,-3.100999875344778e-05,3.0102864303095194e-08,8.886055678920476e-08,-3.385865259009453e-08,-1.2457410840466771e-05,1.337083847896677e-05,3.285533164964215e-05,3.581639445324129e-09,-1.1410144619675705e-07,6.315392952046856e-08,-3.100999875344778e-05,3.285533164964215e-05,8.197728925022069e-05,-9.54049884870124e-08,-2.2600860277163617e-07,7.733812430546189e-08,3.0102864303095194e-08,3.581639445324129e-09,-9.54049884870124e-08,8.730508775971137e-09,-4.5849014835735325e-09,6.5382488261360315e-09,8.886055678920476e-08,-1.1410144619675705e-07,-2.2600860277163617e-07,-4.5849014835735325e-09,3.349762810022411e-09,-3.941207536156994e-09,-3.385865259009453e-08,6.315392952046856e-08,7.733812430546189e-08,6.5382488261360315e-09,-3.941207536156994e-09,5.169994985956333e-09
ihawk2,20260808_145501,10.0,3,2,A/A/A,0,0.12417574659180663,0.00048386809493123993,-32.167511767037965,126.3901395478452,500.83880854919187,1.539993798623477,-1.5703129343518911,0.9653500700488684,0.049662179696252584,0.005950424807168823,0.04811876604142999,2.5770479659796974e-05,0.0002441778174664887,2.6765194975025974e-05,0.0024663320921828823,-0.00029531825622096494,-0.002383190653474599,-1.1278080119752987e-06,-1.1170264348705602e-05,1.0163558386875788e-06,-0.00029531825622096494,3.5407555385770124e-05,0.0002846011342188943,1.3242554023859486e-07,1.3579503682807433e-06,-1.1799111270183596e-07,-0.002383190653474599,0.0002846011342188943,0.0023154156453498763,1.13296708096519e-06,1.0456855784369043e-05,-1.0432350872149407e-06,-1.1278080119752987e-06,1.3242554023859486e-07,1.13296708096519e-06,6.641176218960096e-10,3.950280351663105e-09,-6.748869697253328e-10,-1.1170264348705602e-05,1.3579503682807433e-06,1.0456855784369043e-05,3.950280351663105e-09,5.962280654269786e-08,-2.963883605254471e-09,1.0163558386875788e-06,-1.1799111270183596e-07,-1.0432350872149407e-06,-6.748869697253328e-10,-2.963883605254471e-09,7.163756620511556e-10
ihawk2,20260808_145501,15.0,3,2,A/A/A,0,0.09591052938475722,0.0007234022380246439,-33.31391537573027,121.84984472602646,499.5839549949679,1.543911969071377,-1.5656537662445402,0.9613114937958233,0.038862151592063084,0.006826425326746879,0.035942795394075806,0.0001557167386875288,0.00020773948026173955,0.00025713742743139686,0.0015102668263644913,-0.00025673648419637584,-0.0013966573068973065,5.988626838771226e-06,-7.155396340241254e-06,8.623813852620396e-06,-0.00025673648419637584,4.660008274165123e-05,0.0002383502649607447,-1.0565223276735603e-06,1.3817844997205282e-06,-1.6893668259296006e-06,-0.0013966573068973065,0.0002383502649607447,0.001291884540740397,-5.550199242068795e-06,6.668983450237034e-06,-8.045108107108504e-06,5.988626838771226e-06,-1.0565223276735603e-06,-5.550199242068795e-06,2.424770270748013e-08,-3.0526689847574045e-08,3.710398742142855e-08,-7.155396340241254e-06,1.3817844997205282e-06,6.668983450237034e-06,-3.0526689847574045e-08,4.315569165941768e-08,-5.3355657835493266e-08,8.623813852620396e-06,-1.6893668259296006e-06,-8.045108107108504e-06,3.710398742142855e-08,-5.3355657835493266e-08,6.611965658603688e-08
ihawk2,20260808_145501,20.0,3,2,A/A/A,0,0.023411524813961155,0.00019105785681333508,-32.84200017266278,116.79870599251721,497.73989015385564,1.5430027971956637,-1.5664356609227807,0.9618925473811967,0.006374947796564232,0.001989886560452544,0.011845905400891903,4.8015999142179955e-05,6.669327511366622e-05,7.421982511179366e-05,4.063995940891916e-05,-1.069369052206356e-05,-3.2745592850402544e-05,1.9159234239996955e-07,-1.3276983464924998e-07,2.2115122201312422e-07,-1.069369052206356e-05,3.959648523469656e-06,-2.809526199184824e-06,-1.0329993827883905e-08,1.0275551516633364e-07,1.204180099578859e-08,-3.2745592850402544e-05,-2.809526199184824e-06,0.00014032547476687995,-5.540985768114276e-07,-5.693234707439718e-07,-8.785713984393674e-07,1.9159234239996955e-07,-1.0329993827883905e-08,-5.540985768114276e-07,2.305536173621826e-09,1.7466551276852145e-09,3.499639056117378e-09,-1.3276983464924998e-07,1.0275551516633364e-07,-5.693234707439718e-07,1.7466551276852145e-09,4.44799294538717e-09,3.4346484558757727e-09,2.2115122201312422e-07,1.204180099578859e-08,-8.785713984393674e-07,3.499639056117378e-09,3.4346484558757727e-09,5.508582439625237e-09
ihawk2,20260808_145501,25.0,3,2,A/A/A,0,0.05589954430431456,0.00021004380650393,-32.70574571521125,111.90090870343434,497.32438650487956,1.5439850969946989,-1.5595718349101824,0.9606903644432503,0.023193594005522022,0.00587241406163375,0.01832106138696058,7.952316345795348e-05,3.0975207009616894e-05,7.145415242194202e-05,0.000537942802892987,3.0689715467278093e-07,-0.0003960317252084842,1.7332058567450197e-06,-3.011543464578068e-07,1.3088156044738975e-06,3.0689715467278093e-07,3.448524691127379e-05,-3.922504949055938e-05,-1.5872448271319257e-07,-1.6531777179043713e-07,-2.5665911413296277e-07,-0.0003960317252084842,-3.922504949055938e-05,0.000335661290344778,-1.0953609678289432e-06,4.084721473946533e-07,-6.724459465918048e-07,1.7332058567450197e-06,-1.5872448271319257e-07,-1.0953609678289432e-06,6.323933526360386e-09,-2.0544084790287756e-10,5.4090349279214446e-09,-3.011543464578068e-07,-1.6531777179043713e-07,4.084721473946533e-07,-2.0544084790287756e-10,9.594634492886197e-10,4.999846632046117e-10,1.3088156044738975e-06,-2.5665911413296277e-07,-6.724459465918048e-07,5.4090349279214446e-09,4.999846632046117e-10,5.105695898338122e-09
ihawk2,20260808_145501,30.0,3,2,A/A/A,0,0.08237663202626685,0.00029140568749121354,-32.55664580330666,108.43756048358017,492.4916893004351,1.537802833167143,-1.5643067918957867,0.9666269210275035,0.029135178765944347,0.005414724189414673,0.02902235088883068,0.00012682870387553704,5.250451648498934e-05,7.891509142025416e-05,0.0008488586417235343,0.0001384958812435509,-0.0008382707774759423,-3.6387423310554433e-06,-7.305017805835029e-07,-2.2902285563773146e-06,0.0001384958812435509,2.931923804743239e-05,-0.00012690129747187828,-6.509338755488396e-07,-2.387964238726857e-07,-3.5559980236459353e-07,-0.0008382707774759423,-0.00012690129747187828,0.0008422968511144111,3.50932584110984e-06,5.458380841747282e-07,2.288173855342523e-06,-3.6387423310554433e-06,-6.509338755488396e-07,3.50932584110984e-06,1.6085520126748665e-08,4.1500212693333435e-09,9.663529661274976e-09,-7.305017805835029e-07,-2.387964238726857e-07,5.458380841747282e-07,4.1500212693333435e-09,2.7567242513225175e-09,1.6495236129424045e-09,-2.2902285563773146e-06,-3.5559980236459353e-07,2.288173855342523e-06,9.663529661274976e-09,1.6495236129424045e-09,6.227591653867072e-09
ihawk2,20260808_145501,35.0,3,2,A/A/A,0,0.03390339877980504,0.0003076406253741056,-32.749231834670354,103.95708673094336,490.54762772897044,1.5430326542870823,-1.557592181911037,0.9594959631625231,0.014116842592584614,0.005426211717112961,0.011904858658853306,0.00011222366493035584,7.629665104829973e-05,0.00011665449139726359,0.00019928524478381111,-3.235594519684522e-05,-0.00014395951165328518,-7.343616707964842e-07,-1.0051546565324699e-06,-8.96624501567469e-07,-3.235594519684522e-05,2.9443773598933992e-05,5.358521184615192e-05,-3.698461379080223e-07,2.8377513317890037e-08,-3.3567635425159966e-07,-0.00014395951165328518,5.358521184615192e-05,0.00014172565968727455,-8.033049583090532e-08,5.577242169031937e-07,4.6657338354088605e-08,-7.343616707964842e-07,-3.698461379080223e-07,-8.033049583090532e-08,1.259415097040078e-08,6.429718396250368e-09,1.3033885992165486e-08,-1.0051546565324699e-06,2.8377513317890037e-08,5.577242169031937e-07,6.429718396250368e-09,5.821178961186018e-09,7.204529948963951e-09,-8.96624501567469e-07,-3.3567635425159966e-07,4.6657338354088605e-08,1.3033885992165486e-08,7.204529948963951e-09,1.3608270363154244e-08
ihawk2,20260808_145501,40.0,3,2,A/A/A,0,0.06865462755952044,0.0003228651462804387,-31.159305870805536,99.29918302288256,488.1194702513632,1.5360456425581086,-1.5677243869596749,0.96667900554779,0.03012290204793523,0.009776321475737858,0.01474472060567204,3.798881959770297e-05,0.00017944694885550845,5.566437593016109e-05,0.0009073892277895004,0.00025808034639434956,-0.0004352023673197911,-1.0801687075290237e-06,-2.5402050243961064e-07,-1.4884655910303261e-06,0.00025808034639434956,9.557646159697326e-05,-0.0001099116319375419,-3.662806861449199e-07,-9.162997733791742e-07,-5.44035252915814e-07,-0.0004352023673197911,-0.0001099116319375419,0.00021740678573932962,4.811307285701698e-07,-4.0610985589448885e-07,6.384116696939706e-07,-1.0801687075290237e-06,-3.662806861449199e-07,4.811307285701698e-07,1.4431504144268211e-09,2.550532800801824e-09,2.0933357020732856e-09,-2.5402050243961064e-07,-9.162997733791742e-07,-4.0610985589448885e-07,2.550532800801824e-09,3.220120745355147e-08,5.010739271705457e-09,-1.4884655910303261e-06,-5.44035252915814e-07,6.384116696939706e-07,2.0933357020732856e-09,5.010739271705457e-09,3.0985227476942975e-09
ihawk2,20260808_145501,45.0,3,2,A/A/A,0,0.029736959780598406,0.0002921661045156047,-33.06679117135097,95.57958018811568,485.05764113845726,1.5390447536504819,-1.5605421701552533,0.9644471476086002,0.011509325702516292,0.003815330475973379,0.010448763749735392,0.00011584537547184377,3.615854947714059e-05,9.708550982328699e-05,0.00013246457812660214,4.376483983799925e-05,-0.00011549534232733115,-6.753608695703284e-07,-2.524165152340297e-07,-9.768099906216406e-07,4.376483983799925e-05,1.4556746640891249e-05,-3.725009766621319e-05,-1.9197096604357296e-07,-9.236415388990478e-08,-3.0802005058908304e-07,-0.00011549534232733115,-3.725009766621319e-05,0.00010917666389778439,8.796558820463664e-07,1.363814819123841e-07,9.889333385869773e-07,-6.753608695703284e-07,-1.9197096604357296e-07,8.796558820463664e-07,1.3420151018212463e-08,-1.5845529903159873e-09,9.689057723169609e-09,-2.524165152340297e-07,-9.236415388990478e-08,1.363814819123841e-07,-1.5845529903159873e-09,1.3074407002908237e-09,5.060750672365662e-10,-9.768099906216406e-07,-3.0802005058908304e-07,9.889333385869773e-07,9.689057723169609e-09,5.060750672365662e-10,9.425596217647554e-09
ihawk2,20260808_145501,50.0,3,2,A/A/A,0,0.03979650911071553,0.00025792684317133425,-31.7195004536392,91.25349829201483,484.05990221683703,1.5346846974040347,-1.5677476676386006,0.9678343940191603,0.014609170204745003,0.0011450607163315018,0.014233407676924218,8.801126555522597e-05,7.620538243169488e-05,8.709528488295786e-05,0.00021342785407120916,-1.2409126968571559e-05,-0.00020675286126505132,4.945298180414046e-07,7.681458634386867e-07,4.961207824951859e-07,-1.2409126968571559e-05,1.311164044085612e-06,1.0855623426099675e-05,3.363217987986457e-08,-8.70190507150999e-08,3.2741640104254205e-08,-0.00020675286126505132,1.0855623426099675e-05,0.00020258989409752525,-6.023589413445173e-07,-6.60408220862814e-07,-6.023229363403664e-07,4.945298180414046e-07,3.363217987986457e-08,-6.023589413445173e-07,7.745982864632506e-09,-2.701409201923104e-09,7.665239811364348e-09,7.681458634386867e-07,-8.70190507150999e-08,-6.60408220862814e-07,-2.701409201923104e-09,5.807260311560871e-09,-2.638358311154904e-09,4.961207824951859e-07,3.2741640104254205e-08,-6.023229363403664e-07,7.665239811364348e-09,-2.638358311154904e-09,7.585588648843588e-09
ihawk2,20260808_151001,0.0,3,2,A/A/A,0,0.03144557834297589,0.00020742965356836286,-32.891906366639276,134.40164804640813,506.5674839933087,1.541492505756367,-1.565304297901928,0.9631403246632297,0.012993279043200913,0.001896805715669387,0.010580176561583434,7.207211398441166e-05,8.643773495935569e-05,7.732079195257006e-05,0.00016882530029448402,-1.4954128252598401e-05,-0.00012426256433264237,-6.216624724387274e-07,7.952304300572751e-07,-3.395122265960272e-07,-1.4954128252598401e-05,3.5978719229960547e-06,1.782971719728796e-05,1.3633297147209173e-07,2.1589868375666548e-08,1.3979393986824777e-07,-0.00012426256433264237,1.782971719728796e-05,0.00011194013607427945,7.014811219095338e-07,-3.0911234837025704e-07,5.792039434439949e-07,-6.216624724387274e-07,1.3633297147209173e-07,7.014811219095338e-07,5.194389614182027e-09,3.617141283906155e-10,5.172609464031946e-09,7.952304300572751e-07,2.1589868375666548e-08,-3.0911234837025704e-07,3.617141283906155e-10,7.47148202490382e-09,2.8426227566675624e-09,-3.395122265960272e-07,1.3979393986824777e-07,5.792039434439949e-07,5.172609464031946e-09,2.8426227566675624e-09,5.978504868172624e-09
ihawk2,20260808_151001,5.0,3,2,A/A/A,0,0.03230800814669409,0.0005485722050827199,-33.09317852985478,129.85941184314277,503.5829334648916,1.5463681208413829,-1.5614115396401695,0.960320047970295,0.00811371660381412,0.010020320119318646,0.014083362912150257,0.00019569848923959576,8.921656831682614e-05,0.00017336521209229577,6.583239712700893e-05,3.422318204788248e-05,-0.00011066632653066305,1.5863377742483888e-06,-6.731186280515571e-07,1.3959643566570896e-06,3.422318204788248e-05,0.00010040681529362204,-2.5642986048796304e-05,9.020725216402289e-07,-6.482324951778817e-07,9.194332786474374e-07,-0.00011066632653066305,-2.5642986048796304e-05,0.00019834111091532935,-2.636805719939922e-06,1.016394826399654e-06,-2.2718832401183347e-06,1.5863377742483888e-06,9.020725216402289e-07,-2.636805719939922e-06,3.8297898690660174e-08,-1.6499390531842458e-08,3.381954083936977e-08,-6.731186280515571e-07,-6.482324951778817e-07,1.016394826399654e-06,-1.6499390531842458e-08,7.959596062230905e-09,-1.497290758364168e-08,1.3959643566570896e-06,9.194332786474374e-07,-2.2718832401183347e-06,3.381954083936977e-08,-1.497290758364168e-08,3.00554967638067e-08
ihawk2,20260808_151001,10.0,3,2,A/A/A,0,0.050683765206953245,0.0003756355658728842,-32.94942838581917,126.48486860875535,501.34024539098414,1.5462485227754068,-1.5622178753757598,0.9608664431565597,0.021165210574569666,0.003089897218632602,0.0176354249705878,0.00010547664607566525,0.00015498312285159882,4.659811044992086e-05,0.0004479661386658756,-4.8323858753356875e-05,-0.0003619791228654999,2.0758937066933017e-06,-2.6912318745176807e-06,5.140251969664098e-07,-4.8323858753356875e-05,9.54746482171349e-06,3.0090588645802517e-05,-1.4315167932406137e-07,1.0583062273619296e-07,2.734739231048599e-08,-0.0003619791228654999,3.0090588645802517e-05,0.00031100821389323173,-1.8443664665154396e-06,2.555889068866597e-06,-5.86460733412992e-07,2.0758937066933017e-06,-1.4315167932406137e-07,-1.8443664665154396e-06,1.112532286737115e-08,-1.590947027497619e-08,3.925097857059235e-09,-2.6912318745176807e-06,1.0583062273619296e-07,2.555889068866597e-06,-1.590947027497619e-08,2.4019768368833772e-08,-6.612008953653104e-09,5.140251969664098e-07,2.734739231048599e-08,-5.86460733412992e-07,3.925097857059235e-09,-6.612008953653104e-09,2.171383897503024e-09
ihawk2,20260808_151001,15.0,3,2,A/A/A,0,0.024546077425865863,0.00031726178015975803,-32.125597631187546,121.09970192884268,500.44108350413927,1.5525422204444235,-1.5616015385034105,0.9587875787439593,0.007024951308210667,0.011840323776824086,0.006584961087395384,2.9390900419317305e-05,0.00016933647614213456,3.744743883347605e-05,4.9349940882730754e-05,3.511565933949316e-05,-4.411030760622487e-05,-9.808013075095758e-08,2.1982914394531872e-07,-2.5095715070208e-07,3.511565933949316e-05,0.0001401932671400258,-1.009635316396263e-05,2.0780836365304826e-07,-1.6298323985534402e-06,-2.991161068396829e-07,-4.411030760622487e-05,-1.009635316396263e-05,4.336171252251139e-05,1.389689781665099e-07,-5.266024900633898e-07,2.0203484543589633e-07,-9.808013075095758e-08,2.0780836365304826e-07,1.389689781665099e-07,8.638250274582261e-10,-4.7410234017270994e-09,2.0830233609254378e-10,2.1982914394531872e-07,-1.6298323985534402e-06,-5.266024900633898e-07,-4.7410234017270994e-09,2.8674842152235703e-08,7.511278448415595e-10,-2.5095715070208e-07,-2.991161068396829e-07,2.0203484543589633e-07,2.0830233609254378e-10,7.511278448415595e-10,1.4023106751869299e-09
ihawk2,20260808_151001,20.0,3,2,A/A/A,0,0.02148560282303196,0.00023062023924821787,-32.17936964750346,117.87882701781922,497.53667099674004,1.549501522292423,-1.561375179593175,0.9576210943844937,0.007709762223409476,0.008095768727493903,0.006171720887283123,6.794125952699089e-05,3.6205441331678854e-05,0.00010192659311836313,5.9440433541511834e-05,-4.202900200854276e-05,-4.552586279772379e-05,-5.480445728875042e-08,1.655211845869434e-07,-4.702008837896716e-07,-4.202900200854276e-05,6.554147128906827e-05,2.1447519705486436e-05,-3.656653246423477e-07,5.7454585675700096e-08,-1.563332345539145e-07,-4.552586279772379e-05,2.1447519705486436e-05,3.809013871052678e-05,1.6325137062140963e-07,-1.79100164097927e-07,5.067120093573168e-07,-5.480445728875042e-08,-3.656653246423477e-07,1.6325137062140963e-07,4.616014746113929e-09,-2.1224519241447218e-09,5.951646099476793e-09,1.655211845869434e-07,5.7454585675700096e-08,-1.79100164097927e-07,-2.1224519241447218e-09,1.3108339820216396e-09,-3.690214777351777e-09,-4.702008837896716e-07,-1.563332345539145e-07,5.067120093573168e-07,5.951646099476793e-09,-3.690214777351777e-09,1.038903038471635e-08
ihawk2,20260808_151001,25.0,3,2,A/A/A,0,0.06508898296836678,0.0002412008746281061,-32.09085666862779,114.31690936000523,494.7118131421551,1.5427550864620463,-1.5595379673946925,0.9609133118845463,0.023702659476008445,0.0032555615236905455,0.022345358602011825,7.029595092221486e-05,9.783664974958031e-05,7.251682426575306e-05,0.0005618160662356129,7.647735619983774e-05,-0.0005178848013666947,3.449658980545754e-07,-2.0969998898532217e-06,-6.064264257262596e-08,7.647735619983774e-05,1.0598680834534306e-05,-6.846591716202461e-05,1.7125015371356632e-08,-2.673341335744563e-07,-3.9693096533051936e-08,-0.0005178848013666947,-6.846591716202461e-05,0.0004993150510525039,-6.400237891363214e-07,2.128623149259971e-06,-2.8345180207240796e-07,3.449658980545754e-07,1.7125015371356632e-08,-6.400237891363214e-07,4.941520716058441e-09,-4.160359780831968e-09,4.946848096294676e-09,-2.0969998898532217e-06,-2.673341335744563e-07,2.128623149259971e-06,-4.160359780831968e-09,9.572010034222055e-09,-2.800916844766813e-09,-6.064264257262596e-08,-3.9693096533051936e-08,-2.8345180207240796e-07,4.946848096294676e-09,-2.800916844766813e-09,5.258689801590112e-09
ihawk2,20260808_151001,30.0,3,2,A/A/A,0,0.09036934741976249,0.00023670046915968808,-31.500701654316263,109.16128851259971,491.19073972577723,1.5341498111218603,-1.572357468570446,0.9687006679641668,0.04009530711078285,0.008249672818856456,0.031127844599113576,0.00010033593785490712,8.854102507370841e-05,4.354086486133115e-05,0.0016076336523079939,-0.00031322341729724895,-0.0012227221318177935,7.220444812482796e-07,-3.0496804214238365e-06,1.280249875853532e-06,-0.00031322341729724895,6.805710161817902e-05,0.0002547818870447082,1.2103633210226513e-07,4.7401015453749113e-07,-1.709496278529337e-07,-0.0012227221318177935,0.0002547818870447082,0.0009689427093865643,6.704807501212338e-08,2.0365500537421454e-06,-7.889215633647104e-07,7.220444812482796e-07,1.2103633210226513e-07,6.704807501212338e-08,1.0067300425223782e-08,-5.843504874927582e-09,3.496907744413719e-09,-3.0496804214238365e-06,4.7401015453749113e-07,2.0365500537421454e-06,-5.843504874927582e-09,7.839513121103061e-09,-3.7703109548015625e-09,1.280249875853532e-06,-1.709496278529337e-07,-7.889215633647104e-07,3.496907744413719e-09,-3.7703109548015625e-09,1.895806912872702e-09
ihawk2,20260808_151001,35.0,3,2,A/A/A,0,0.0435680978823856,0.0004419086801759369,-30.174812643945046,105.29402018645683,488.69062952502907,1.5309901872994065,-1.5758081257012166,0.9726363838445946,0.005548160465086425,0.006674682556219282,0.020029125849192173,0.00019056148246942355,2.9265015659531975e-05,0.0001682196780118804,3.0782084546348015e-05,3.5699684153708524e-05,-0.00010911321441762618,9.154522933190246e-07,2.9793685555934085e-08,9.298784651812621e-07,3.5699684153708524e-05,4.455138722629797e-05,-0.0001332762197661696,8.925422911631086e-07,8.559948209760709e-08,1.0528597053384733e-06,-0.00010911321441762618,-0.0001332762197661696,0.00040116588228277807,-2.883335480733584e-06,-2.1474818362591737e-07,-3.2414656207431126e-06,9.154522933190246e-07,8.925422911631086e-07,-2.883335480733584e-06,3.631367860094442e-08,-1.8564853628866789e-09,2.9028263784896736e-08,2.9793685555934085e-08,8.559948209760709e-08,-2.1474818362591737e-07,-1.8564853628866789e-09,8.564411415526517e-10,4.854292306618138e-10,9.298784651812621e-07,1.0528597053384733e-06,-3.2414656207431126e-06,2.9028263784896736e-08,4.854292306618138e-10,2.8297860070420716e-08
ihawk2,20260808_151001,40.0,3,2,A/A/A,0,0.07145287689152433,0.00023173737105249744,-31.174489920802475,100.9075452953281,485.0493009504713,1.5236136242225824,-1.5871456863592535,0.9803436081089884,0.03164493489714694,0.004875528400340577,0.020630573641817026,8.20148849183432e-05,6.0353842328010825e-05,7.898061204266104e-05,0.0010014019046446683,0.00014519746626440294,-0.0006413551730152113,-2.315899597996548e-06,-1.3150889834632526e-06,-2.307338475498049e-06,0.00014519746626440294,2.377077718252755e-05,-9.934802671933143e-05,-2.7475790777965204e-07,-2.628359072033771e-07,-2.8450231129090855e-07,-0.0006413551730152113,-9.934802671933143e-05,0.00042562056879043547,1.3405237729751911e-06,1.0109740012241338e-06,1.3607277460624333e-06,-2.315899597996548e-06,-2.7475790777965204e-07,1.3405237729751911e-06,6.726441348169079e-09,1.4210504619674112e-09,6.459951266649727e-09,-1.3150889834632526e-06,-2.628359072033771e-07,1.0109740012241338e-06,1.4210504619674112e-09,3.6425862837543907e-09,1.701450392529412e-09,-2.307338475498049e-06,-2.8450231129090855e-07,1.3607277460624333e-06,6.459951266649727e-09,1.701450392529412e-09,6.237937078633334e-09
ihawk2,20260808_151001,45.0,3,2,A/A/A,0,0.04945902706924531,0.00034864025672284616,-30.8696254933037,95.90901446926185,483.6085413333328,1.5158878102090247,-1.5951091821223098,0.98478868026648,0.020350044004168722,0.00402487685803973,0.015206622632583145,0.00010488816693091805,7.049476496395133e-05,0.0001416744144424021,0.0004141242909716034,-5.446507980097645e-05,-0.00030366757542018105,1.9779790863167735e-06,-1.3157216946034325e-06,2.1722842320150072e-06,-5.446507980097645e-05,1.619963372238377e-05,3.1138281014796427e-05,-3.786474582898487e-07,8.858750982360066e-08,-5.657118023822142e-07,-0.00030366757542018105,3.1138281014796427e-05,0.00023124137188978996,-1.335004353211728e-06,1.0470292095997943e-06,-1.320206156637724e-06,1.9779790863167735e-06,-3.786474582898487e-07,-1.335004353211728e-06,1.1001527562128131e-08,-5.176716771004702e-09,1.4047661029796059e-08,-1.3157216946034325e-06,8.858750982360066e-08,1.0470292095997943e-06,-5.176716771004702e-09,4.96951188732274e-09,-4.2845833446337075e-09,2.1722842320150072e-06,-5.657118023822142e-07,-1.320206156637724e-06,1.4047661029796059e-08,-4.2845833446337075e-09,2.0071639707597514e-08
ihawk2,20260808_151001,50.0,3,2,A/A/A,0,0.09056371972786322,0.00020256115249332328,-30.975736346835703,93.00964903101868,480.68760081529234,1.5118941233122314,-1.5994366307314534,0.9888167773819643,0.04098835834501129,0.005048376799639127,0.02874879178847614,8.014120595316372e-05,5.2296161384349917e-05,6.892308206690606e-05,0.001680045519819057,-0.00017201785049453995,-0.0011782826716222174,-6.359912520101718e-07,-2.0692274715863474e-06,-1.5915520147084972e-06,-0.00017201785049453995,2.548610831113459e-05,0.00012160100715710812,-1.5549950771007404e-07,1.7356410466133025e-07,3.1732819659015843e-09,-0.0011782826716222174,0.00012160100715710812,0.0008264930292971532,4.1920063802774793e-07,1.446570806975906e-06,1.096775795422188e-06,-6.359912520101718e-07,-1.5549950771007404e-07,4.1920063802774793e-07,6.422612891627404e-09,1.8565543308210001e-09,5.079736608620567e-09,-2.0692274715863474e-06,1.7356410466133025e-07,1.446570806975906e-06,1.8565543308210001e-09,2.7348884955379717e-09,2.737532005514394e-09,-1.5915520147084972e-06,3.1732819659015843e-09,1.096775795422188e-06,5.079736608620567e-09,2.737532005514394e-09,4.7503912416014675e-09
ihawk2,20260808_162715,0.0,3,2,A/A/A,0,0.04582595071881677,0.0002003365316143355,-32.66661221271509,134.4537772788382,506.25337954183465,1.539942471548171,-1.5684863874595858,0.9662935246528002,0.017785574061472853,0.006984692421273621,0.017942714007178694,3.515256295224696e-05,5.553597774185122e-05,9.284917734555669e-05,0.00031632664469613596,-6.709117334537622e-05,-0.0002927309745373601,4.839623187295276e-07,-9.443686366541558e-07,1.6061708188074056e-06,-6.709117334537622e-05,4.8785928219797155e-05,2.0087311501850026e-05,-2.3346847061540657e-07,1.0461819632111959e-07,-2.1382651003038855e-07,-0.0002927309745373601,2.0087311501850026e-05,0.0003219409859434065,-2.8886158282825277e-07,9.902108856683355e-07,-1.6405145764407963e-06,4.839623187295276e-07,-2.3346847061540657e-07,-2.8886158282825277e-07,1.2357026821116853e-09,-1.082617898248299e-09,1.977187349556716e-09,-9.443686366541558e-07,1.0461819632111959e-07,9.902108856683355e-07,-1.082617898248299e-09,3.084244823743394e-09,-5.146267713786824e-09,1.6061708188074056e-06,-2.1382651003038855e-07,-1.6405145764407963e-06,1.977187349556716e-09,-5.146267713786824e-09,8.620969733746638e-09
ihawk2,20260808_162715,5.0,3,2,A/A/A,0,0.08286653534002486,0.0003359238106491595,-32.082851888030724,129.47419537128448,504.3029478527438,1.5481620865325494,-1.551260871355065,0.9575578226971513,0.03358256031292739,0.006943124319648528,0.028976819602549587,8.31040687059836e-05,0.00014764711751488825,9.477465444104073e-05,0.0011277883571714057,-4.49673102267462e-06,-0.0009698957376758768,-1.9848697639226492e-06,-3.889292053113811e-06,-2.574683957234108e-07,-4.49673102267462e-06,4.8206975318094834e-05,-1.2483267929280572e-05,-3.9763286848516186e-07,-6.202316439300171e-07,-6.547270689516919e-07,-0.0009698957376758768,-1.2483267929280572e-05,0.000839656074278702,1.8445853181967454e-06,3.5604884145711634e-06,4.4391821882812756e-07,-1.9848697639226492e-06,-3.9763286848516186e-07,1.8445853181967454e-06,6.906286235488844e-09,1.219524498828037e-08,5.971794560567719e-09,-3.889292053113811e-06,-6.202316439300171e-07,3.5604884145711634e-06,1.219524498828037e-08,2.179967131045522e-08,9.539005016986467e-09,-2.574683957234108e-07,-6.547270689516919e-07,4.4391821882812756e-07,5.971794560567719e-09,9.539005016986467e-09,8.982235124418682e-09
ihawk2,20260808_162715,10.0,3,2,A/A/A,0,0.026179825479661675,0.00023597848718656471,-32.20550508762213,126.48289248443174,504.41292534223163,1.5510117863421355,-1.5486328099358362,0.9568684745601638,0.010860474213886324,0.0013413621455148255,0.008086342755611542,9.939922901805893e-05,2.4263558222299227e-05,5.875826856011421e-05,0.00011794990015048977,1.2685373918155561e-05,-8.641797354405782e-05,-3.4981706092560814e-07,8.539107304416806e-08,-2.0678877499168898e-07,1.2685373918155561e-05,1.799252405420136e-06,-1.0243793665452044e-05,2.4395208076544708e-08,-5.95492069303684e-09,1.4420838099639517e-08,-8.641797354405782e-05,-1.0243793665452044e-05,6.538893916123128e-05,1.2089572282717955e-07,-2.9510898573132717e-08,7.146557788033106e-08,-3.4981706092560814e-07,2.4395208076544708e-08,1.2089572282717955e-07,9.880206729384527e-09,-2.411778980531327e-09,5.840526593311404e-09,8.539107304416806e-08,-5.95492069303684e-09,-2.9510898573132717e-08,-2.411778980531327e-09,5.887202576069044e-10,-1.4256846702498252e-09,-2.0678877499168898e-07,1.4420838099639517e-08,7.146557788033106e-08,5.840526593311404e-09,-1.4256846702498252e-09,3.452534124182506e-09
ihawk2,20260808_162715,15.0,3,2,A/A/A,0,0.01626805109171531,0.00014670612841597772,-31.47432714206865,120.39052488488431,501.91689217131113,1.5451203831588625,-1.5609582774917492,0.9626226480573464,0.0019760992672138043,0.008096729312260211,0.0023721512755550474,3.351136724993815e-05,7.003606799198496e-05,1.0160884691484712e-05,3.904968313882934e-06,-1.5829710407955407e-05,-4.682881171612739e-06,-6.529532194965225e-08,-1.1408153886133069e-07,-1.7899695558745502e-08,-1.5829710407955407e-05,6.555702555601371e-05,1.8857731407276808e-05,2.712699496045366e-07,5.091634924174842e-07,6.713766851296799e-08,-4.682881171612739e-06,1.8857731407276808e-05,5.627101674117438e-06,7.770805843917365e-08,1.3258562781994324e-07,2.1955737358574137e-08,-6.529532194965225e-08,2.712699496045366e-07,7.770805843917365e-08,1.1230117349602269e-09,2.1290574236501137e-09,2.7358608977569585e-10,-1.1408153886133069e-07,5.091634924174842e-07,1.3258562781994324e-07,2.1290574236501137e-09,4.90505081977794e-09,3.40385684138663e-10,-1.7899695558745502e-08,6.713766851296799e-08,2.1955737358574137e-08,2.7358608977569585e-10,3.40385684138663e-10,1.0324357771364837e-10
ihawk2,20260808_162715,20.0,3,2,A/A/A,0,0.05396743979470104,0.00025212613769133715,-31.656872559931006,116.4766322651982,498.1601610505752,1.5488861078367648,-1.5535012282975473,0.9588167243178543,0.021209890647612813,0.005921469155994181,0.016732201880899744,7.491542390643488e-05,6.199226295033396e-05,0.00010461820451803291,0.0004498594612836934,9.735202136521869e-05,-0.0003525793801566254,1.4656894231113764e-06,-1.0097720027003202e-06,2.1752066778922907e-06,9.735202136521869e-05,3.506379696539043e-05,-8.342884149329009e-05,2.0895094382890158e-07,-6.997822083932218e-08,5.480506142186172e-07,-0.0003525793801566254,-8.342884149329009e-05,0.00027996657978318493,-1.0936146088077946e-06,7.15756253222669e-07,-1.744211664587046e-06,1.4656894231113764e-06,2.0895094382890158e-07,-1.0936146088077946e-06,5.612320739080835e-09,-4.438605636655166e-09,6.489111016964178e-09,-1.0097720027003202e-06,-6.997822083932218e-08,7.15756253222669e-07,-4.438605636655166e-09,3.8430406657033496e-09,-4.06191657912314e-09,2.1752066778922907e-06,5.480506142186172e-07,-1.744211664587046e-06,6.489111016964178e-09,-4.06191657912314e-09,1.0944968716576962e-08
ihawk2,20260808_162715,25.0,3,2,A/A/A,0,0.05099801797278923,0.0002009188965192601,-31.603879660456425,111.52859135994218,495.38447484958874,1.5416498698153316,-1.562331531786724,0.9644557315197156,0.016090693046011375,0.000994029328356259,0.020311319368615195,4.018731398840403e-05,8.508063975666219e-05,8.868920823893447e-05,0.0002589104027009588,1.535838558308098e-05,-0.00030419915393095404,-3.592081580387637e-07,-1.3559870581515211e-06,7.558530248399393e-07,1.535838558308098e-05,9.880943056323953e-07,-1.5983747559591472e-05,-1.2032543952874996e-08,-7.718700670368183e-08,6.571761395564991e-08,-0.00030419915393095404,-1.5983747559591472e-05,0.0004125496944938828,6.701791174920237e-07,1.6801003833274348e-06,-3.294567623344073e-07,-3.592081580387637e-07,-1.2032543952874996e-08,6.701791174920237e-07,1.615020205602574e-09,2.2724434593430058e-09,1.465177120832212e-09,-1.3559870581515211e-06,-7.718700670368183e-08,1.6801003833274348e-06,2.2724434593430058e-09,7.238715261402927e-09,-3.078014045969637e-09,7.558530248399393e-07,6.571761395564991e-08,-3.294567623344073e-07,1.465177120832212e-09,-3.078014045969637e-09,7.865775658049082e-09
ihawk2,20260808_162715,30.0,3,2,A/A/A,0,0.06886228501193584,0.0002874230741762457,-31.785256195089822,107.05729549447675,494.3919794704368,1.534294949028214,-1.5772993955618524,0.9727526268179955,0.02799760506837101,0.00617827045025646,0.021689831289087375,8.413434769454612e-05,0.0001359359228145725,8.096953820868586e-05,0.000783865889564474,-0.00017230057949445152,-0.0006059029013087504,-8.413041703951609e-07,-3.791897781568006e-06,1.1727955523339266e-06,-0.00017230057949445152,3.817102575651217e-05,0.00013397466984704817,2.2781448435061117e-07,8.398458236832552e-07,-2.1997415770326178e-07,-0.0006059029013087504,0.00013397466984704817,0.00047044878134907365,7.643305652987479e-07,2.9479063904523265e-06,-8.059881043503277e-07,-8.413041703951609e-07,2.2781448435061117e-07,7.643305652987479e-07,7.078588461986779e-09,4.984613822239715e-09,4.186585787076513e-09,-3.791897781568006e-06,8.398458236832552e-07,2.9479063904523265e-06,4.984613822239715e-09,1.8478575111449412e-08,-4.866646007133805e-09,1.1727955523339266e-06,-2.1997415770326178e-07,-8.059881043503277e-07,4.186585787076513e-09,-4.866646007133805e-09,6.556066117727839e-09
ihawk2,20260808_162715,35.0,3,2,A/A/A,0,0.041723387711842495,0.00014105754974198443,-30.899400476161517,102.83826121474678,492.7452498085647,1.532441571655924,-1.5803535839097085,0.9728785574579697,0.015833452069395335,0.00559471900535433,0.013435459752817734,2.583457179558904e-05,2.650043042996464e-05,7.082541353643096e-05,0.0002506982044338394,8.674357087277334e-05,-0.0001851909141075588,3.1545902574265403e-07,3.013430329467454e-07,1.0031638946014399e-06,8.674357087277334e-05,3.130088074887295e-05,-7.157768148778212e-05,1.27808232554076e-07,8.334769535896178e-08,3.111914430724949e-07,-0.0001851909141075588,-7.157768148778212e-05,0.00018051157876958516,-3.417623114486452e-07,-1.0068395945462752e-07,-5.317468768085296e-07,3.1545902574265403e-07,1.27808232554076e-07,-3.417623114486452e-07,6.674250998614447e-10,7.591029710042082e-11,7.416843812560696e-10,3.013430329467454e-07,8.334769535896178e-08,-1.0068395945462752e-07,7.591029710042082e-11,7.022728129733958e-10,1.7895712226621558e-09,1.0031638946014399e-06,3.111914430724949e-07,-5.317468768085296e-07,7.416843812560696e-10,1.7895712226621558e-09,5.016239202606458e-09
ihawk2,20260808_162715,40.0,3,2,A/A/A,0,0.0627206381248455,0.00019174060379925563,-29.561861584029415,98.187234975704,486.73689618779747,1.5349979408694616,-1.5709658750203062,0.9741603865370431,0.02817423107707226,0.003688635622410094,0.014762059891392178,4.204418492997448e-05,9.680786458154512e-05,3.273283676491497e-05,0.0007937872967842643,-6.398360846924805e-05,-0.0003901232131306057,-4.99491688485835e-07,-2.6458401592120566e-06,-4.4578126198500395e-07,-6.398360846924805e-05,1.36060327549127e-05,4.631955509911359e-05,1.5107361257063957e-07,2.816024796165025e-07,-4.735678858908301e-08,-0.0003901232131306057,4.631955509911359e-05,0.00021791841223704967,4.405661087285282e-07,1.420651390628047e-06,7.246056302568988e-08,-4.99491688485835e-07,1.5107361257063957e-07,4.405661087285282e-07,1.7677134864258931e-09,2.5611570625274868e-09,-8.119124030138798e-10,-2.6458401592120566e-06,2.816024796165025e-07,1.420651390628047e-06,2.5611570625274868e-09,9.371762644838778e-09,8.122190821132047e-10,-4.4578126198500395e-07,-4.735678858908301e-08,7.246056302568988e-08,-8.119124030138798e-10,8.122190821132047e-10,1.0714386026785692e-09
ihawk2,20260808_162715,45.0,3,2,A/A/A,0,0.018856031083643948,0.0002658160060669914,-30.550004753483698,94.10149164361053,486.1771323716635,1.5344269163022846,-1.5775449366758798,0.972436510807479,0.006927541340536573,0.00338385756810022,0.007825564870367355,3.4610469612040514e-05,0.00013101294086867812,3.063329388593954e-05,4.7990829024843253e-05,-2.820616170752618e-06,-5.399606985668344e-05,-1.1843404704343598e-07,-2.2239218639532588e-07,-1.929593371677653e-07,-2.820616170752618e-06,1.1450492041189135e-05,8.300081811645678e-07,-9.413079116548033e-08,4.397621712900501e-07,-3.14889431882389e-08,-5.399606985668344e-05,8.300081811645678e-07,6.123946554032763e-05,1.5424834078292752e-07,1.6160740793862566e-07,2.259996741900057e-07,-1.1843404704343598e-07,-9.413079116548033e-08,1.5424834078292752e-07,1.1978846067659797e-09,-3.2735908249660917e-09,8.598769719868675e-10,-2.2239218639532588e-07,4.397621712900501e-07,1.6160740793862566e-07,-3.2735908249660917e-09,1.7164390675059748e-08,-7.252777674739312e-10,-1.929593371677653e-07,-3.14889431882389e-08,2.259996741900057e-07,8.598769719868675e-10,-7.252777674739312e-10,9.383986943023406e-10
ihawk2,20260808_162715,50.0,3,2,A/A/A,0,0.10025476254702496,0.0003053753010985638,-30.65383394803059,90.67483888513976,483.71483760956767,1.542482968943601,-1.5642984959458197,0.9642883147566511,0.04032124992818358,0.014782661835694433,0.027552806870651557,9.455111148153976e-05,0.00014831186374390822,8.285632389073661e-05,0.0016258031957710444,0.00045548655119576607,-0.0010933586992927166,-1.8948209956728888e-06,-3.975004494540979e-06,-2.822088365842958e-06,0.00045548655119576607,0.00021852709094849672,-0.00035290121451674863,-1.3131699599665185e-06,-5.7108431324672744e-08,-1.2134798762325154e-06,-0.0010933586992927166,-0.00035290121451674863,0.0007591571664514236,1.675120919961773e-06,2.131853591446636e-06,2.114522401264922e-06,-1.8948209956728888e-06,-1.3131699599665185e-06,1.675120919961773e-06,8.93991268239456e-09,-4.458370434137184e-09,6.927457629591312e-09,-3.975004494540979e-06,-5.7108431324672744e-08,2.131853591446636e-06,-4.458370434137184e-09,2.1996408927191594e-08,1.98611942183829e-09,-2.822088365842958e-06,-1.2134798762325154e-06,2.114522401264922e-06,6.927457629591312e-09,1.98611942183829e-09,6.86517040868665e-09
