dataset,camera,height_mm,component,run_id,pose_key,sample_id,rho_x_mm,rho_y_mm,rho_z_mm,omega_x_rad,omega_y_rad,omega_z_rad,coordinate
E2,ihawk1,0.0,within_pose,20260808_131913,marker_0,1,-0.10049692661233052,-0.26268625988542665,0.14175041552700599,-0.00015531433538555538,0.0004929299382136421,4.478765399850303e-05,right-invariant board-normalized SE(3) log
E2,ihawk1,0.0,within_pose,20260808_131913,marker_0,2,0.3720020392989724,0.8029523763841004,-0.5063558262574842,0.0008188974321622545,-0.0007548790983067702,0.0007177306023007395,right-invariant board-normalized SE(3) log
E2,ihawk1,0.0,within_pose,20260808_131913,marker_0,3,-0.2715051126867594,-0.540266116498691,0.3646054107305921,-0.0006635830966595364,0.0002619491600651667,-0.0007625182561548867,right-invariant board-normalized SE(3) log
E2,ihawk1,0.0,within_pose,20260808_141232,marker_0,1,0.09312602077983069,0.4712407445908515,-0.18052571907706325,0.0007510176267004015,-0.0025597100676341303,-0.0007121006954435749,right-invariant board-normalized SE(3) log
E2,ihawk1,0.0,within_pose,20260808_141232,marker_0,2,0.35143157763060495,0.6599892149388202,-0.7260241242076838,0.0018755241722084553,0.0016269404410753712,0.001388115319913778,right-invariant board-normalized SE(3) log
E2,ihawk1,0.0,within_pose,20260808_141232,marker_0,3,-0.44455759841044706,-1.1312299595296669,0.9065498432846519,-0.002626541798952311,0.0009327696265722475,-0.0006760146244822931,right-invariant board-normalized SE(3) log
E2,ihawk1,0.0,within_pose,20260808_145501,marker_0,1,-0.058843570393366,-0.10380238894846297,0.125208030855531,-0.00031108571935459516,-0.00033539420118623535,-0.0002225693577853448,right-invariant board-normalized SE(3) log
E2,ihawk1,0.0,within_pose,20260808_145501,marker_0,2,-0.06404891097543854,-0.15425806728934455,0.0934691770468269,-0.0005338586872185884,0.00019017092772863014,-0.0005465061748057223,right-invariant board-normalized SE(3) log
E2,ihawk1,0.0,within_pose,20260808_145501,marker_0,3,0.12289248136883765,0.25806045623765894,-0.21867720790233597,0.0008449444066407994,0.00014522327346725957,0.0007690755326531278,right-invariant board-normalized SE(3) log
E2,ihawk1,0.0,within_pose,20260808_151001,marker_0,1,-0.025726216970840696,0.05181894025103303,-0.07591087320682677,0.0004528397245727703,-0.0003079583510967278,-0.0003228060294498938,right-invariant board-normalized SE(3) log
E2,ihawk1,0.0,within_pose,20260808_151001,marker_0,2,0.020496106564287908,0.012975435264821257,0.00989874404909176,-0.00029364616222555217,0.0002879097825426217,0.00014285544397681392,right-invariant board-normalized SE(3) log
E2,ihawk1,0.0,within_pose,20260808_151001,marker_0,3,0.005230110406508223,-0.06479437551589258,0.06601212915764786,-0.00015919356232814734,2.0048568581951668e-05,0.0001799505854288085,right-invariant board-normalized SE(3) log
E2,ihawk1,0.0,within_pose,20260808_162715,marker_0,1,0.3836952259813264,0.4745017484945969,-0.5100482214756719,0.0018423213668674343,0.0007531401183618047,0.001963390395569372,right-invariant board-normalized SE(3) log
E2,ihawk1,0.0,within_pose,20260808_162715,marker_0,2,-0.11160848898078791,-0.22011056897561462,0.09905633419617592,0.0002286592149636244,0.0007135826336345178,1.140006597081349e-05,right-invariant board-normalized SE(3) log
E2,ihawk1,0.0,within_pose,20260808_162715,marker_0,3,-0.27208673700030206,-0.2543911795189821,0.4109918872793792,-0.002070980581878959,-0.001466722752223459,-0.001974790461513248,right-invariant board-normalized SE(3) log
E2,ihawk1,0.0,within_pose,20260808_131913,marker_1,1,-0.22291846192963344,-0.3195218185960931,0.28129494870203237,-0.0005486555861622462,5.813440029647765e-05,-2.8828924380681796e-06,right-invariant board-normalized SE(3) log
E2,ihawk1,0.0,within_pose,20260808_131913,marker_1,2,0.43463045425030816,0.7417841638893864,-0.5865354662681633,0.0010727811935711893,0.00014219797050711642,-0.00043449654828004087,right-invariant board-normalized SE(3) log
E2,ihawk1,0.0,within_pose,20260808_131913,marker_1,3,-0.21171199232071408,-0.4222623452933815,0.3052405175661328,-0.0005241256072732962,-0.00020033237078000477,0.0004373794406534991,right-invariant board-normalized SE(3) log
E2,ihawk1,0.0,within_pose,20260808_141232,marker_1,1,0.11113410361455603,0.16912086922912928,0.08010971932476531,3.617504452392565e-05,-0.000196055862153276,6.603495074181347e-05,right-invariant board-normalized SE(3) log
E2,ihawk1,0.0,within_pose,20260808_141232,marker_1,2,-0.024363649924519403,-0.06594277422404607,-0.0308169567925518,-6.081186421629283e-06,4.1938372318408794e-05,7.738556249126157e-05,right-invariant board-normalized SE(3) log
E2,ihawk1,0.0,within_pose,20260808_141232,marker_1,3,-0.08677045368997208,-0.10317809500516578,-0.049292762532075,-3.0093858167694846e-05,0.0001541174901807353,-0.00014342051344053833,right-invariant board-normalized SE(3) log
E2,ihawk1,0.0,within_pose,20260808_145501,marker_1,1,0.38597855990338226,0.24582662832615265,-0.2537827058184854,0.0004355908694317551,6.511754891110578e-05,0.001555668115757374,right-invariant board-normalized SE(3) log
E2,ihawk1,0.0,within_pose,20260808_145501,marker_1,2,-0.7322195339712473,-0.4939954310926367,0.706819919696491,-0.0023443501028784946,-0.0003294063988417805,-0.00279552915158048,right-invariant board-normalized SE(3) log
E2,ihawk1,0.0,within_pose,20260808_145501,marker_1,3,0.3462409740678433,0.24816880276652087,-0.4530372138780655,0.0019087592333923956,0.00026428884992270974,0.0012398610356730993,right-invariant board-normalized SE(3) log
E2,ihawk1,0.0,within_pose,20260808_151001,marker_1,1,0.14359072240074963,0.28191301724066437,-0.17248051493631847,0.0005739611716717254,0.000716784657254578,-9.736631210625977e-05,right-invariant board-normalized SE(3) log
E2,ihawk1,0.0,within_pose,20260808_151001,marker_1,2,-0.022194612611787026,-0.07344471113320415,0.04153873830608706,-0.0009345183738935096,-0.0011698706798135134,5.64092703746143e-05,right-invariant board-normalized SE(3) log
E2,ihawk1,0.0,within_pose,20260808_151001,marker_1,3,-0.1213961097890521,-0.20846830610756759,0.13094177663043832,0.00036055720228689645,0.00045308602264140135,4.095704176317649e-05,right-invariant board-normalized SE(3) log
E2,ihawk1,0.0,within_pose,20260808_162715,marker_1,1,0.45296426590949995,0.5786049473792949,-0.4689609137843483,0.0001937665724735527,-0.0003857410663935558,0.00043839059981427,right-invariant board-normalized SE(3) log
E2,ihawk1,0.0,within_pose,20260808_162715,marker_1,2,0.017407674075961808,-0.28657631955998064,0.1242792983708618,-0.00024082926664168827,-0.00016369103799769488,0.0010902392838530715,right-invariant board-normalized SE(3) log
E2,ihawk1,0.0,within_pose,20260808_162715,marker_1,3,-0.4703719399855069,-0.2920286278192543,0.34468161541343373,4.706269415789399e-05,0.0005494321044243286,-0.0015286298837225423,right-invariant board-normalized SE(3) log
E2,ihawk1,0.0,within_pose,20260808_131913,marker_2,1,0.17157929151681212,-0.030455903082855812,-0.05110751368851497,-0.0003086823959350979,-0.0006688171650217825,-0.0009377677521352387,right-invariant board-normalized SE(3) log
E2,ihawk1,0.0,within_pose,20260808_131913,marker_2,2,-0.029707427398622942,0.06038697475017657,-0.03058290560123735,-8.455986611535763e-05,-0.0002674713780161444,0.0003044497101145722,right-invariant board-normalized SE(3) log
E2,ihawk1,0.0,within_pose,20260808_131913,marker_2,3,-0.14187186411840277,-0.02993107166744224,0.08169041928976607,0.00039324226211963624,0.0009362885432071517,0.0006333180421025326,right-invariant board-normalized SE(3) log
E2,ihawk1,0.0,within_pose,20260808_141232,marker_2,1,-0.07407164129847785,0.2412384386553118,0.03818587892051192,0.0015896108176456146,3.9120027631591654e-05,0.0012004537840214098,right-invariant board-normalized SE(3) log
E2,ihawk1,0.0,within_pose,20260808_141232,marker_2,2,0.012617268139293057,-0.22181875077009322,0.10145875759208502,-0.0007790312395483172,-0.0002552264933112949,-0.0007830952436478094,right-invariant board-normalized SE(3) log
E2,ihawk1,0.0,within_pose,20260808_141232,marker_2,3,0.061454373159187024,-0.01941968788523323,-0.13964463651257036,-0.0008105795782736546,0.00021610646563972516,-0.00041735854053602696,right-invariant board-normalized SE(3) log
E2,ihawk1,0.0,within_pose,20260808_145501,marker_2,1,0.08628378701287603,0.06447956860442627,-0.06445111161019255,3.811852985483793e-05,-0.0003867493466058124,-0.00022580852162219374,right-invariant board-normalized SE(3) log
E2,ihawk1,0.0,within_pose,20260808_145501,marker_2,2,0.03507750142044553,0.04189907780452842,-0.06519878422103514,-0.000168619529951032,-0.00014460962172854134,-5.591660392463573e-06,right-invariant board-normalized SE(3) log
E2,ihawk1,0.0,within_pose,20260808_145501,marker_2,3,-0.12136128843336344,-0.10637864640904476,0.12964989583131112,0.00013050100001030788,0.0005313589676566512,0.00023140018168492474,right-invariant board-normalized SE(3) log
E2,ihawk1,0.0,within_pose,20260808_151001,marker_2,1,-0.06699432921855521,-0.07967113781020703,-0.0038892677002629705,-0.0005229334465118301,0.0006168032303531861,0.0002232521789475023,right-invariant board-normalized SE(3) log
E2,ihawk1,0.0,within_pose,20260808_151001,marker_2,2,0.1438359880299294,0.1799940533292389,-0.12548865945712248,0.0006112894082499011,-0.00024842330201506715,-0.00014182227808847323,right-invariant board-normalized SE(3) log
E2,ihawk1,0.0,within_pose,20260808_151001,marker_2,3,-0.07684165881136819,-0.10032291551906004,0.1293779271573327,-8.835596160186768e-05,-0.0003683799283548175,-8.14299008810078e-05,right-invariant board-normalized SE(3) log
E2,ihawk1,0.0,within_pose,20260808_162715,marker_2,1,-0.1932184884484912,-0.27990185257606276,0.1495351859985437,-0.0007303196770363769,0.0008803013427811036,-9.164782357173998e-05,right-invariant board-normalized SE(3) log
E2,ihawk1,0.0,within_pose,20260808_162715,marker_2,2,0.03026471255792741,-0.0029061180966679346,0.05465831397783324,8.733898060506471e-05,-0.0007610019723961409,-0.00013436485415389273,right-invariant board-normalized SE(3) log
E2,ihawk1,0.0,within_pose,20260808_162715,marker_2,3,0.16295377589054832,0.2828079706725933,-0.2041934999763657,0.0006429806965173144,-0.0001192993704298945,0.00022601267774926233,right-invariant board-normalized SE(3) log
E2,ihawk1,0.0,within_pose,20260808_131913,marker_3,1,0.30575524787268576,0.1965143072704414,-0.2636633435621445,-0.0010221997786482703,-0.0010683147029098721,-0.0020364764140787415,right-invariant board-normalized SE(3) log
E2,ihawk1,0.0,within_pose,20260808_131913,marker_3,2,-0.6467687781575042,-0.3983106048828483,0.565629415461953,0.002410352468289365,0.0017768588611363747,0.004078385886335226,right-invariant board-normalized SE(3) log
E2,ihawk1,0.0,within_pose,20260808_131913,marker_3,3,0.3410135302848238,0.2017962976125379,-0.301966071899879,-0.0013881526896211236,-0.000708544158211582,-0.002041909472222563,right-invariant board-normalized SE(3) log
E2,ihawk1,0.0,within_pose,20260808_141232,marker_3,1,-0.27605886673376767,-0.3038542856186494,0.48865687664535845,0.00021244436327177673,0.0003882747602811356,-0.0012795511544757283,right-invariant board-normalized SE(3) log
E2,ihawk1,0.0,within_pose,20260808_141232,marker_3,2,0.6829783996588994,0.6605386595676956,-0.9778233270986066,-0.00047527623980384476,-0.0019323988662281715,0.0009175843640147776,right-invariant board-normalized SE(3) log
E2,ihawk1,0.0,within_pose,20260808_141232,marker_3,3,-0.4069195329250924,-0.3566843739489528,0.4891664504531296,0.000262831876524795,0.0015441241059193477,0.0003619667904790436,right-invariant board-normalized SE(3) log
E2,ihawk1,0.0,within_pose,20260808_145501,marker_3,1,-0.1463944419680399,-0.09447912330409672,0.11168961008389243,0.0005901511820669031,0.00030817410364501405,0.0008976618527183906,right-invariant board-normalized SE(3) log
E2,ihawk1,0.0,within_pose,20260808_145501,marker_3,2,0.15538046403273661,0.10033607247569094,-0.12466881789412543,-0.000739021021079834,-0.0002570408471100618,-0.0009958529164905148,right-invariant board-normalized SE(3) log
E2,ihawk1,0.0,within_pose,20260808_145501,marker_3,3,-0.008986022064785475,-0.005856949171647168,0.012979207810265436,0.00014886983891347736,-5.113325655432011e-05,9.819106365329239e-05,right-invariant board-normalized SE(3) log
E2,ihawk1,0.0,within_pose,20260808_151001,marker_3,1,-0.16623783885324134,-0.1337109992484687,0.1847976101246778,3.437986952232383e-05,0.0009264964356688005,0.00010674174318945327,right-invariant board-normalized SE(3) log
E2,ihawk1,0.0,within_pose,20260808_151001,marker_3,2,0.02832214239538492,0.031042664467895824,-0.07401335981586966,0.00012266523973429697,-0.0010070201751421284,-3.1091303655732e-05,right-invariant board-normalized SE(3) log
E2,ihawk1,0.0,within_pose,20260808_151001,marker_3,3,0.1379156964580014,0.10266833478056728,-0.11078425030879521,-0.0001570451091087177,8.052373926561708e-05,-7.565043947510156e-05,right-invariant board-normalized SE(3) log
E2,ihawk1,0.0,within_pose,20260808_162715,marker_3,1,0.46171429949390996,0.4269595593314992,-0.5604021941257222,-0.0015557072343844018,-0.0016939704565615227,-0.0021259673491401273,right-invariant board-normalized SE(3) log
E2,ihawk1,0.0,within_pose,20260808_162715,marker_3,2,-0.9620084371995014,-0.8492111366994864,1.15055873333173,0.002636285312267693,0.0034090634552812237,0.003594715582778115,right-invariant board-normalized SE(3) log
E2,ihawk1,0.0,within_pose,20260808_162715,marker_3,3,0.5002941377055828,0.42225157736787144,-0.5901565392059003,-0.0010805780778763688,-0.0017150929987004822,-0.0014687482336287173,right-invariant board-normalized SE(3) log
E2,ihawk1,0.0,within_pose,20260808_131913,marker_4,1,0.11449631995860121,0.17758626670855207,-0.12467406061544278,0.00036036434434347925,0.0004882944934585468,-0.00041017474247590917,right-invariant board-normalized SE(3) log
E2,ihawk1,0.0,within_pose,20260808_131913,marker_4,2,-0.0776710140328104,-0.10731986874776903,0.09279052949886135,-0.0004943931742918303,3.0165349347722747e-05,0.0002671848072710331,right-invariant board-normalized SE(3) log
E2,ihawk1,0.0,within_pose,20260808_131913,marker_4,3,-0.036825305925772496,-0.07026639796079151,0.03188353111651358,0.0001340288303101091,-0.0005184598431211255,0.00014298993513297086,right-invariant board-normalized SE(3) log
E2,ihawk1,0.0,within_pose,20260808_141232,marker_4,1,-0.26560472494796017,0.5747950578270867,41.60915492946961,1.1123584982641606,-0.7268303160950706,-0.0019237101551216591,right-invariant board-normalized SE(3) log
E2,ihawk1,0.0,within_pose,20260808_141232,marker_4,2,0.013030121924966788,-0.45904947634352794,-20.536029515956788,-0.5565873674154201,0.3632527435771121,0.0006806137475786273,right-invariant board-normalized SE(3) log
E2,ihawk1,0.0,within_pose,20260808_141232,marker_4,3,0.25257460302298274,-0.11574558148356912,-21.073125413512635,-0.5557711308487405,0.36357757251795914,0.0012430964075432424,right-invariant board-normalized SE(3) log
E2,ihawk1,0.0,within_pose,20260808_145501,marker_4,1,0.16003468249124247,0.24033445718298183,-0.19618884413026907,0.00047003345315257695,0.00012708771916766854,0.0005624466973627306,right-invariant board-normalized SE(3) log
E2,ihawk1,0.0,within_pose,20260808_145501,marker_4,2,-0.23415242903382377,-0.3300872089881029,0.2851513718875305,-0.00018466641498819447,0.0006929781280644181,0.0001318831965217453,right-invariant board-normalized SE(3) log
E2,ihawk1,0.0,within_pose,20260808_145501,marker_4,3,0.07411774654266529,0.08975275180501496,-0.08896252775715177,-0.000285367038041345,-0.0008200658470515496,-0.0006943298936671978,right-invariant board-normalized SE(3) log
E2,ihawk1,0.0,within_pose,20260808_151001,marker_4,1,-0.0018262099366861174,-0.02332156267401267,0.02131186234868818,-0.0009482795227000587,-0.00023922389069194004,-0.0002162446350853628,right-invariant board-normalized SE(3) log
E2,ihawk1,0.0,within_pose,20260808_151001,marker_4,2,-0.0351171692280273,-0.052619550517417936,0.046831417448269956,-0.0010510797043847473,-5.3226229165053384e-05,-1.7562797945263317e-05,right-invariant board-normalized SE(3) log
E2,ihawk1,0.0,within_pose,20260808_151001,marker_4,3,0.036943379164667174,0.0759411131916016,-0.06814327979697567,0.0019993592274648608,0.0002924501199144491,0.00023380743307697217,right-invariant board-normalized SE(3) log
E2,ihawk1,0.0,within_pose,20260808_162715,marker_4,1,-0.12167646076626476,-0.20295313444049598,0.15957732270229086,-0.0006928190877292881,-1.672969952840141e-05,-0.0007474343095014601,right-invariant board-normalized SE(3) log
E2,ihawk1,0.0,within_pose,20260808_162715,marker_4,2,0.23691218434709363,0.4251988214798056,-0.31433083292802266,0.0019742083482536736,0.000268427789432815,0.001556319832271066,right-invariant board-normalized SE(3) log
E2,ihawk1,0.0,within_pose,20260808_162715,marker_4,3,-0.11523572358089398,-0.22224568703935355,0.15475351022562994,-0.0012813892602762174,-0.0002516980898546189,-0.000808885522615274,right-invariant board-normalized SE(3) log
E2,ihawk1,0.0,between_run,20260808_131913,all_poses,,-2.1542387751366214,3.0643011873459636,10.30676212278821,-0.09787139484698298,0.0587281711010949,0.01441055607085166,right-invariant board-normalized SE(3) log
E2,ihawk1,0.0,between_run,20260808_141232,all_poses,,0.2570227674061657,-0.02715067379217286,-43.7144085547422,0.3883368995036268,-0.24061043375729035,-0.010710963558213934,right-invariant board-normalized SE(3) log
E2,ihawk1,0.0,between_run,20260808_145501,all_poses,,0.5756043742968446,-0.012379904027680326,10.499577569497363,-0.09613791718100329,0.060734727650208535,-0.001051133180112364,right-invariant board-normalized SE(3) log
E2,ihawk1,0.0,between_run,20260808_151001,all_poses,,0.29794432086435346,-0.1416856296764642,10.916106240840255,-0.09677396808403957,0.05998659296511337,0.0008763265593236966,right-invariant board-normalized SE(3) log
E2,ihawk1,0.0,between_run,20260808_162715,all_poses,,1.0236673125691504,-2.883084979849744,11.991962621616503,-0.09755361939160093,0.061160942040873495,-0.0035247858918497315,right-invariant board-normalized SE(3) log
E2,ihawk1,0.0,cross_pose,20260808_131913,marker_0,,7.349590796772675,-12.68163364159092,4.2428912560536265,-0.00856067440184372,0.0002895415571517549,-0.0048916585427446905,right-invariant board-normalized SE(3) log
E2,ihawk1,0.0,cross_pose,20260808_141232,marker_0,,8.93560642561676,-10.263990610035936,56.74595859151437,-0.49053700566519437,0.30337082116498,-0.0027511826077311063,right-invariant board-normalized SE(3) log
E2,ihawk1,0.0,cross_pose,20260808_145501,marker_0,,8.544981566489433,-10.318124516283254,1.4687007704239123,-0.011269487564474996,-0.003616312935110918,-0.007183916020300972,right-invariant board-normalized SE(3) log
E2,ihawk1,0.0,cross_pose,20260808_151001,marker_0,,7.734368088198168,-11.080066752562319,1.4653735285549816,-0.006443747656724509,-0.001706505253914297,-0.008587931599047997,right-invariant board-normalized SE(3) log
E2,ihawk1,0.0,cross_pose,20260808_162715,marker_0,,8.765899767685317,-9.63717665825169,1.2721654122532258,-0.009072541711026751,-0.012794930092247744,-0.011905306445614475,right-invariant board-normalized SE(3) log
E2,ihawk1,0.0,cross_pose,20260808_131913,marker_1,,-5.031177637247063,-2.373145823007586,-5.139377661439156,-0.0018740013804805732,-0.016581722686129476,-0.002377491311282243,right-invariant board-normalized SE(3) log
E2,ihawk1,0.0,cross_pose,20260808_141232,marker_1,,-18.930868532090628,-25.8143993790723,-236.32633163111896,1.386292948217862,-0.8290220408990527,-0.007071864539768547,right-invariant board-normalized SE(3) log
E2,ihawk1,0.0,cross_pose,20260808_145501,marker_1,,-3.5484575993650327,-3.723497541225151,-4.407925030927412,-0.009654522033165209,-0.011344542270803809,0.0059848673527785395,right-invariant board-normalized SE(3) log
E2,ihawk1,0.0,cross_pose,20260808_151001,marker_1,,-2.9103747277075316,-2.5753049995566637,-4.658080792537221,-0.0071670614145981585,-0.0017401574882523966,0.008818635284026856,right-invariant board-normalized SE(3) log
E2,ihawk1,0.0,cross_pose,20260808_162715,marker_1,,-5.689689503169193,-4.7502725066300835,-2.7965100302794474,-9.709951636211798e-05,0.001356084585347304,-0.000614198482153885,right-invariant board-normalized SE(3) log
E2,ihawk1,0.0,cross_pose,20260808_131913,marker_2,,8.245418867066757,7.3343363807185,1.0237735790112117,-0.004902962361928339,-0.003233553184877321,-0.002427299847771947,right-invariant board-normalized SE(3) log
E2,ihawk1,0.0,cross_pose,20260808_141232,marker_2,,9.449113358155044,9.435491303005263,51.804358844606746,-0.4819854217112203,0.2907366045913138,0.002126014331452176,right-invariant board-normalized SE(3) log
E2,ihawk1,0.0,cross_pose,20260808_145501,marker_2,,7.188796605743435,7.828993586915821,1.5522976299583577,0.0078102870867310156,0.003009592926929389,-0.002057287743772151,right-invariant board-normalized SE(3) log
E2,ihawk1,0.0,cross_pose,20260808_151001,marker_2,,8.127106626637891,6.89610121617086,1.5874808984583375,-0.0024067282973191636,-0.0068616447324238985,-0.009807819530806023,right-invariant board-normalized SE(3) log
E2,ihawk1,0.0,cross_pose,20260808_162715,marker_2,,8.409947586562357,8.67480427649768,-0.27061041885958115,0.0009778811760929318,-0.00026543041686767193,0.0026796911225026037,right-invariant board-normalized SE(3) log
E2,ihawk1,0.0,cross_pose,20260808_131913,marker_3,,-11.87626304257522,6.104816004271353,1.5209659782022755,0.005239017091195546,-0.0005694723476130938,0.008295419422733161,right-invariant board-normalized SE(3) log
E2,ihawk1,0.0,cross_pose,20260808_141232,marker_3,,-12.338713512305182,6.515694710124336,58.8556294262654,-0.4752914471644712,0.29877059455971355,0.0108558568762498,right-invariant board-normalized SE(3) log
E2,ihawk1,0.0,cross_pose,20260808_145501,marker_3,,-12.663890634811121,5.569633235837504,2.860616965120809,0.014230384084990187,0.001303794792757722,0.008846323100665009,right-invariant board-normalized SE(3) log
E2,ihawk1,0.0,cross_pose,20260808_151001,marker_3,,-13.56759850477584,5.409857610493473,3.3211731898596697,0.017715162910646808,0.004096990907727827,0.01678679646085985,right-invariant board-normalized SE(3) log
E2,ihawk1,0.0,cross_pose,20260808_162715,marker_3,,-12.149793709945659,5.653303640761523,2.6329343820155993,0.01967785002197376,0.0024032813778491115,0.018860776484140807,right-invariant board-normalized SE(3) log
E2,ihawk1,0.0,cross_pose,20260808_131913,marker_4,,1.3124310159832653,1.6156270796088854,-1.6482531518280306,0.010098621053060893,0.020095206661488407,0.0014010302790632104,right-invariant board-normalized SE(3) log
E2,ihawk1,0.0,cross_pose,20260808_141232,marker_4,,12.884862260624095,20.12720397597879,68.92038476873218,0.061520926323022564,-0.06385597941695305,-0.0031588240602024014,right-invariant board-normalized SE(3) log
E2,ihawk1,0.0,cross_pose,20260808_145501,marker_4,,0.4785700619431066,0.6429952347549637,-1.4736903345756893,-0.0011166615741035738,0.010647467486217133,-0.005589986689361947,right-invariant board-normalized SE(3) log
E2,ihawk1,0.0,cross_pose,20260808_151001,marker_4,,0.6164985176473105,1.3494129254546647,-1.715946824335654,-0.0016976255420051694,0.006211316566874561,-0.007209680615070716,right-invariant board-normalized SE(3) log
E2,ihawk1,0.0,cross_pose,20260808_162715,marker_4,,0.6636358588669262,0.0593412476225424,-0.8379793451297695,-0.011486089970683315,0.00930099454592441,-0.009020962678889157,right-invariant board-normalized SE(3) log
E2,ihawk1,5.0,within_pose,20260808_131913,marker_0,1,-0.03645177527240963,-0.050993353807958525,-0.01613677005197285,0.0001979861802120774,0.00034620590282565065,-6.546381098036024e-05,right-invariant board-normalized SE(3) log
E2,ihawk1,5.0,within_pose,20260808_131913,marker_0,2,0.07052084083909918,0.1584705801170066,-0.0778861929115132,-5.556428735187714e-05,-0.0004861159357752316,-8.090098999816414e-05,right-invariant board-normalized SE(3) log
E2,ihawk1,5.0,within_pose,20260808_131913,marker_0,3,-0.034069065566666286,-0.1074772263089249,0.09402296296340676,-0.00014242189293153554,0.00013991003261456205,0.00014636480094831514,right-invariant board-normalized SE(3) log
E2,ihawk1,5.0,within_pose,20260808_141232,marker_0,1,-0.18364780428582783,-0.3248458960843979,0.22723679786858975,2.4815793642866875e-05,-0.0005422560821463755,-0.0005297382230360028,right-invariant board-normalized SE(3) log
E2,ihawk1,5.0,within_pose,20260808_141232,marker_0,2,0.08913095340589763,0.12816297835895155,-0.07640363413571266,0.00010035677519911384,1.0680044172719313e-05,0.0003075909822836398,right-invariant board-normalized SE(3) log
E2,ihawk1,5.0,within_pose,20260808_141232,marker_0,3,0.09451685087981926,0.19668291772545418,-0.1508331637328493,-0.00012517256877409813,0.000531576037829374,0.00022214724079178388,right-invariant board-normalized SE(3) log
E2,ihawk1,5.0,within_pose,20260808_145501,marker_0,1,-0.271641283245236,-0.5187438879403996,0.14859119093807488,0.00040542812420340694,0.0009724751912512946,-0.0007766739345663053,right-invariant board-normalized SE(3) log
E2,ihawk1,5.0,within_pose,20260808_145501,marker_0,2,-0.14279768118117703,-0.2379773128919453,0.4474566111609085,-0.0016683440373840232,-0.001668512329798477,-0.0007072206044296148,right-invariant board-normalized SE(3) log
E2,ihawk1,5.0,within_pose,20260808_145501,marker_0,3,0.41443896442650363,0.7567212008325693,-0.596047802098981,0.0012629159131896876,0.0006960371385407685,0.001483894539026139,right-invariant board-normalized SE(3) log
E2,ihawk1,5.0,within_pose,20260808_151001,marker_0,1,-0.37015377758467155,-0.5816677372290543,0.4537416836903123,-0.0014168363900158496,-0.0002688684226994097,-0.0019086161038368613,right-invariant board-normalized SE(3) log
E2,ihawk1,5.0,within_pose,20260808_151001,marker_0,2,-0.19281310441544355,-0.2765168059295068,0.1917234101279724,-0.00019962666097558116,-0.00032308745996218233,-0.0008511904646515935,right-invariant board-normalized SE(3) log
E2,ihawk1,5.0,within_pose,20260808_151001,marker_0,3,0.5629668820001502,0.8581845431586489,-0.645465093818354,0.0016164630509746304,0.0005919558826533304,0.0027598065684554768,right-invariant board-normalized SE(3) log
E2,ihawk1,5.0,within_pose,20260808_162715,marker_0,1,0.1559250947968085,0.18094427535432983,-0.017496614393292618,-0.00011523115446713215,-0.00029216021954392787,0.000975411223249274,right-invariant board-normalized SE(3) log
E2,ihawk1,5.0,within_pose,20260808_162715,marker_0,2,0.19542801703112161,0.31867370686894875,-0.30914614399328383,0.00018404647563385643,0.0009630717811160004,0.00043181055417273524,right-invariant board-normalized SE(3) log
E2,ihawk1,5.0,within_pose,20260808_162715,marker_0,3,-0.3513531118279343,-0.49961798222337966,0.32664275838658463,-6.881532117262654e-05,-0.0006709115616138047,-0.0014072217774797747,right-invariant board-normalized SE(3) log
E2,ihawk1,5.0,within_pose,20260808_131913,marker_1,1,-0.42693242073862536,-0.3106089172050562,0.6589305093454844,-0.002218218517618452,0.0012138910805748033,-0.0016405498069103585,right-invariant board-normalized SE(3) log
E2,ihawk1,5.0,within_pose,20260808_131913,marker_1,2,0.33865428549195936,0.26453808951076196,-0.5610943794093969,0.0019510572819517145,-0.000934604251233804,0.001065751305427786,right-invariant board-normalized SE(3) log
E2,ihawk1,5.0,within_pose,20260808_131913,marker_1,3,0.08827813524685715,0.04607082769430426,-0.09783612993608942,0.00026716123547442346,-0.0002792868291940334,0.0005747985012222806,right-invariant board-normalized SE(3) log
E2,ihawk1,5.0,within_pose,20260808_141232,marker_1,1,0.3376265548177164,0.22401163184731157,-0.23253943523844872,0.00022052611940906756,-0.00011314202144410662,0.0010301040388255433,right-invariant board-normalized SE(3) log
E2,ihawk1,5.0,within_pose,20260808_141232,marker_1,2,-0.5180866370938194,-0.4507637429681109,0.4767718348155694,-0.0015036558895173773,-0.0006373476068543066,-0.0012535320780458787,right-invariant board-normalized SE(3) log
E2,ihawk1,5.0,within_pose,20260808_141232,marker_1,3,0.18046008227609447,0.22675211112081514,-0.24423239957710763,0.0012831297700803424,0.0007504896283154237,0.0002234280390788203,right-invariant board-normalized SE(3) log
E2,ihawk1,5.0,within_pose,20260808_145501,marker_1,1,-0.5925155863626606,-0.3416140249878852,0.22123712694624245,-5.051929028758247e-05,-0.0012042531787605515,-0.001797847446731886,right-invariant board-normalized SE(3) log
E2,ihawk1,5.0,within_pose,20260808_145501,marker_1,2,0.3912883472243882,0.34108285146998113,-0.7130518927748902,0.0027213272328298218,-0.0017872864343223562,0.001531404379156291,right-invariant board-normalized SE(3) log
E2,ihawk1,5.0,within_pose,20260808_145501,marker_1,3,0.20122723913833956,0.0005311735178980081,0.49181476582870565,-0.0026708079425258485,0.002991539613070016,0.0002664430675817048,right-invariant board-normalized SE(3) log
E2,ihawk1,5.0,within_pose,20260808_151001,marker_1,1,0.07686398705441465,0.10519575535601414,-0.0675949163068103,0.00013790266503476225,0.00030689061167734754,8.372890304260836e-05,right-invariant board-normalized SE(3) log
E2,ihawk1,5.0,within_pose,20260808_151001,marker_1,2,0.086182908886807,0.07815997206888538,-0.08847957634762238,0.00010961893101778921,-0.0002122870526819692,0.00025634315318824797,right-invariant board-normalized SE(3) log
E2,ihawk1,5.0,within_pose,20260808_151001,marker_1,3,-0.16304689594111826,-0.1833557274249199,0.15607449265459764,-0.0002475215968438219,-9.460355893888187e-05,-0.0003400720574673681,right-invariant board-normalized SE(3) log
E2,ihawk1,5.0,within_pose,20260808_162715,marker_1,1,0.1878330318537301,0.8173657612735199,-0.5547165445454768,-0.00021971255936014113,-0.001481082387900543,-0.001826537826435054,right-invariant board-normalized SE(3) log
E2,ihawk1,5.0,within_pose,20260808_162715,marker_1,2,-0.30473934087564414,-0.8105756880056731,0.5804012066090519,-5.88114536433637e-05,0.0013547048758689225,0.0010701691945395762,right-invariant board-normalized SE(3) log
E2,ihawk1,5.0,within_pose,20260808_162715,marker_1,3,0.11690630902189396,-0.006790073267851936,-0.025684662063481422,0.0002785240130031359,0.00012637751200276584,0.0007563686318684973,right-invariant board-normalized SE(3) log
E2,ihawk1,5.0,within_pose,20260808_131913,marker_2,1,0.052198944251647374,0.05034725233543056,-0.039811436550906264,0.00018801625423136792,4.890684718560983e-05,-8.566092370832016e-05,right-invariant board-normalized SE(3) log
E2,ihawk1,5.0,within_pose,20260808_131913,marker_2,2,-0.09358051081425992,0.06804636192230976,0.032795682811607024,0.0004804853556545588,0.00024452308530021716,0.0006754712606272878,right-invariant board-normalized SE(3) log
E2,ihawk1,5.0,within_pose,20260808_131913,marker_2,3,0.04138156656239857,-0.1183936142578379,0.007015753739242766,-0.0006685016091738834,-0.0002934299322675426,-0.0005898103369966741,right-invariant board-normalized SE(3) log
E2,ihawk1,5.0,within_pose,20260808_141232,marker_2,1,0.026484896715714492,0.17516766733373113,-0.103426360042992,2.2747472912374253e-05,-0.0003928122080642574,0.0006179185105896174,right-invariant board-normalized SE(3) log
E2,ihawk1,5.0,within_pose,20260808_141232,marker_2,2,-0.04514777474465533,-0.1025205682384526,0.04362325251263307,-0.0008248477914649453,-0.000370528977192782,-0.00013771830055193336,right-invariant board-normalized SE(3) log
E2,ihawk1,5.0,within_pose,20260808_141232,marker_2,3,0.018662878028992406,-0.07264709909509602,0.059803107530296946,0.0008021003186080635,0.0007633411854529375,-0.0004802002102889066,right-invariant board-normalized SE(3) log
E2,ihawk1,5.0,within_pose,20260808_145501,marker_2,1,0.15614867198304758,0.2690701622783232,-0.20662240184402414,0.0003599502598438043,-0.0006426119965975831,-5.822460794155578e-05,right-invariant board-normalized SE(3) log
E2,ihawk1,5.0,within_pose,20260808_145501,marker_2,2,-0.015132947262185696,-0.25088298555584615,0.18543659554935601,4.148445385443411e-05,-5.220151208716945e-05,-0.000771588712573552,right-invariant board-normalized SE(3) log
E2,ihawk1,5.0,within_pose,20260808_145501,marker_2,3,-0.14101572472096985,-0.018187176722403765,0.021185806294574273,-0.0004014347135438096,0.0006948135084169401,0.0008298133202171731,right-invariant board-normalized SE(3) log
E2,ihawk1,5.0,within_pose,20260808_151001,marker_2,1,0.06564482561701396,0.031443692331975935,-0.04303952886246348,0.00023778392512122153,0.00017141712167343767,-0.0001362228484907974,right-invariant board-normalized SE(3) log
E2,ihawk1,5.0,within_pose,20260808_151001,marker_2,2,0.029525889605312102,-0.18681169894643046,-0.06299684242608625,-0.0009412812712857981,0.000515697391927373,-0.0008025203374156192,right-invariant board-normalized SE(3) log
E2,ihawk1,5.0,within_pose,20260808_151001,marker_2,3,-0.09517071522217321,0.15536800661443034,0.10603637128847108,0.0007034973457081122,-0.0006871145139660553,0.0009387431862085759,right-invariant board-normalized SE(3) log
E2,ihawk1,5.0,within_pose,20260808_162715,marker_2,1,0.02779767847619928,0.004263188770729597,-0.009294455475951506,-0.0006193027900627913,-0.00092897033369724,-0.0001251935544262758,right-invariant board-normalized SE(3) log
E2,ihawk1,5.0,within_pose,20260808_162715,marker_2,2,-0.023539535994385862,0.06934111723152063,-0.035556995590046804,0.0005116316075460235,0.0006969382230693322,0.0003641632360302776,right-invariant board-normalized SE(3) log
E2,ihawk1,5.0,within_pose,20260808_162715,marker_2,3,-0.004258142481952234,-0.073604306002529,0.04485145106606135,0.00010767118259101755,0.00023203211069970628,-0.00023896968144286674,right-invariant board-normalized SE(3) log
E2,ihawk1,5.0,within_pose,20260808_131913,marker_3,1,-0.5827823532451871,-0.46723435855059503,0.3452424317856368,-0.000831661230084491,0.0008163614875429169,0.0014485288729503593,right-invariant board-normalized SE(3) log
E2,ihawk1,5.0,within_pose,20260808_131913,marker_3,2,0.4389541799679197,0.32274232358570076,-0.3954419607554656,0.0007491685797246759,-0.0009680603175410841,3.7365559210388396e-05,right-invariant board-normalized SE(3) log
E2,ihawk1,5.0,within_pose,20260808_131913,marker_3,3,0.14382817327718891,0.14449203496478438,0.05019952896990517,8.249265047991418e-05,0.00015169882984631194,-0.0014858944321738423,right-invariant board-normalized SE(3) log
E2,ihawk1,5.0,within_pose,20260808_141232,marker_3,1,-0.07200987725523711,-0.029198918261595368,0.20168471673311705,0.0008518883892184038,0.0009281892660972511,0.0004168096554230947,right-invariant board-normalized SE(3) log
E2,ihawk1,5.0,within_pose,20260808_141232,marker_3,2,-0.05165862420522658,-0.031237570368715863,0.09163558721750685,0.00043682662798281394,4.047869766786268e-05,0.00016220866422883635,right-invariant board-normalized SE(3) log
E2,ihawk1,5.0,within_pose,20260808_141232,marker_3,3,0.12366850146025804,0.060436488630296936,-0.29332030395060055,-0.001288715017170849,-0.0009686679637193333,-0.0005790183196355791,right-invariant board-normalized SE(3) log
E2,ihawk1,5.0,within_pose,20260808_145501,marker_3,1,0.31972907154249286,0.2841029795935988,-0.35188781174974587,-0.00031404688865822254,-0.000676790294908486,-0.0005510017720648953,right-invariant board-normalized SE(3) log
E2,ihawk1,5.0,within_pose,20260808_145501,marker_3,2,-0.2827395221702871,-0.2699535928007877,0.2627742797608204,-0.0006090568282104347,0.00039011082270046146,1.74383116580492e-05,right-invariant board-normalized SE(3) log
E2,ihawk1,5.0,within_pose,20260808_145501,marker_3,3,-0.03698954937232365,-0.014149386792833235,0.08911353198901287,0.0009231037168716403,0.0002866794722319112,0.0005335634604232815,right-invariant board-normalized SE(3) log
E2,ihawk1,5.0,within_pose,20260808_151001,marker_3,1,0.0814593023261526,0.09187085282311425,-0.05886956680039195,0.00043756134039492817,-0.000633972811223955,-0.00022959417227509375,right-invariant board-normalized SE(3) log
E2,ihawk1,5.0,within_pose,20260808_151001,marker_3,2,-0.11322372931246955,-0.1397240123041589,0.08683439196553246,-0.00028870357685353186,0.0010106458890379337,0.0007862211602505246,right-invariant board-normalized SE(3) log
E2,ihawk1,5.0,within_pose,20260808_151001,marker_3,3,0.03176442698614075,0.04785315948110002,-0.02796482516522313,-0.000148857763596088,-0.00037667307761923445,-0.0005566269878230049,right-invariant board-normalized SE(3) log
E2,ihawk1,5.0,within_pose,20260808_162715,marker_3,1,0.31080730240630555,0.2542303376506439,-0.373207512342084,-0.0006181937378492154,-0.0008733142151943561,-0.0006923262417683721,right-invariant board-normalized SE(3) log
E2,ihawk1,5.0,within_pose,20260808_162715,marker_3,2,0.045676457227822084,0.03304099145189631,0.027597592437828045,-0.0006042771737980562,-0.00018925961888399068,-0.001426548459207183,right-invariant board-normalized SE(3) log
E2,ihawk1,5.0,within_pose,20260808_162715,marker_3,3,-0.35648375963432555,-0.28727132910267844,0.34560991990427864,0.0012224709114711226,0.001062573833941141,0.002118874700652327,right-invariant board-normalized SE(3) log
E2,ihawk1,5.0,within_pose,20260808_131913,marker_4,1,0.0025288648943888998,0.03175335076705091,-0.005408687702159739,-8.1410637637949e-07,-0.0007658588474147795,-0.00026536326272940124,right-invariant board-normalized SE(3) log
E2,ihawk1,5.0,within_pose,20260808_131913,marker_4,2,-0.07022195158449195,-0.13104400888342482,0.09820605311769394,-0.0006457826346476732,0.0009675127655631502,-0.0003866835266073475,right-invariant board-normalized SE(3) log
E2,ihawk1,5.0,within_pose,20260808_131913,marker_4,3,0.06769308669007768,0.09929065811626048,-0.09279736541545865,0.000646596741019293,-0.00020165391789235199,0.00065204678941993,right-invariant board-normalized SE(3) log
E2,ihawk1,5.0,within_pose,20260808_141232,marker_4,1,0.08225395894625014,0.15776320436984131,-0.11624153866519005,0.000440643612171648,1.295995619571831e-05,0.0002793212529425725,right-invariant board-normalized SE(3) log
E2,ihawk1,5.0,within_pose,20260808_141232,marker_4,2,-0.1937968492637903,-0.32917881650224534,0.2670808690423464,-0.0005424653849167526,6.685407480930978e-05,-0.00013032508059134903,right-invariant board-normalized SE(3) log
E2,ihawk1,5.0,within_pose,20260808_141232,marker_4,3,0.11154289031740428,0.1714156121323312,-0.15083933037721908,0.00010182177347190417,-7.981403133205471e-05,-0.0001489961727889209,right-invariant board-normalized SE(3) log
E2,ihawk1,5.0,within_pose,20260808_145501,marker_4,1,-0.24800861794557294,-0.41602333860349655,0.3312229069739764,2.4530248975625117e-06,0.0004219821724879829,0.00045446016274846836,right-invariant board-normalized SE(3) log
E2,ihawk1,5.0,within_pose,20260808_145501,marker_4,2,0.08800031288075663,0.16496905127875694,-0.128042048365898,0.00044343425451802735,0.0002657549141739845,0.0002720488550860434,right-invariant board-normalized SE(3) log
E2,ihawk1,5.0,within_pose,20260808_145501,marker_4,3,0.1600083050647742,0.2510542873246621,-0.20318085860810672,-0.0004458872791517937,-0.0006877370865091015,-0.0007265090176782681,right-invariant board-normalized SE(3) log
E2,ihawk1,5.0,within_pose,20260808_151001,marker_4,1,-0.045930664081269265,-0.07587721809007525,0.06385825818337931,-0.0002965922571061809,0.0003448436926600176,-0.00029609205721453294,right-invariant board-normalized SE(3) log
E2,ihawk1,5.0,within_pose,20260808_151001,marker_4,2,0.05096720240186729,0.09529909874530947,-0.07438352699523196,0.0005934865892254864,4.365375446994271e-05,0.0007654081440876543,right-invariant board-normalized SE(3) log
E2,ihawk1,5.0,within_pose,20260808_151001,marker_4,3,-0.005036538320433934,-0.019421880655138432,0.010525268811724626,-0.00029689433202893453,-0.00038849744737486373,-0.0004693160868160001,right-invariant board-normalized SE(3) log
E2,ihawk1,5.0,within_pose,20260808_162715,marker_4,1,0.045749367147050676,0.1396216443341375,-0.061793186137515575,0.0022260003928270093,2.247206503594785e-05,0.0019170744599549814,right-invariant board-normalized SE(3) log
E2,ihawk1,5.0,within_pose,20260808_162715,marker_4,2,0.08176871707191176,0.13436074350897512,-0.0995968265744579,-0.00034848236747806556,-0.0008601191121580816,-0.00040624077443721893,right-invariant board-normalized SE(3) log
E2,ihawk1,5.0,within_pose,20260808_162715,marker_4,3,-0.12751808421913796,-0.2739823878431497,0.16139001271214842,-0.0018775180253930157,0.0008376470469479771,-0.0015108336855771101,right-invariant board-normalized SE(3) log
E2,ihawk1,5.0,between_run,20260808_131913,all_poses,,-2.407994354475546,1.743652370450915,-1.620817630049524,0.0038346487997558765,-0.006853434377713623,0.01318792676862932,right-invariant board-normalized SE(3) log
E2,ihawk1,5.0,between_run,20260808_141232,all_poses,,3.0065455953422604,5.52821502215375,-1.2061921402534836,-0.006670558439871349,-0.0025909168308945007,0.005226288411089319,right-invariant board-normalized SE(3) log
E2,ihawk1,5.0,between_run,20260808_145501,all_poses,,0.7782711178624748,-0.3610379784780569,-0.4676526741216534,0.0027329413579389146,0.0004504757749891982,-0.003572336188735872,right-invariant board-normalized SE(3) log
E2,ihawk1,5.0,between_run,20260808_151001,all_poses,,-3.1606282198754934,-2.927738372720457,2.850443089482216,0.0036822524894558764,0.006808312878809915,-0.0009913446932569975,right-invariant board-normalized SE(3) log
E2,ihawk1,5.0,between_run,20260808_162715,all_poses,,1.7838058611464842,-3.98309104140638,0.4442193549425618,-0.0035792842072783744,0.002185562554806039,-0.013850534297733929,right-invariant board-normalized SE(3) log
E2,ihawk1,5.0,cross_pose,20260808_131913,marker_0,,11.559304225952609,-6.0518100471771055,-0.940087662233854,0.004967129658005159,0.00508221709810009,0.007562934736601048,right-invariant board-normalized SE(3) log
E2,ihawk1,5.0,cross_pose,20260808_141232,marker_0,,3.710358464578421,-16.072363399920263,5.55231700567194,-0.0014644613458174324,0.005364894871752956,-0.01676804118351843,right-invariant board-normalized SE(3) log
E2,ihawk1,5.0,cross_pose,20260808_145501,marker_0,,9.132865326793963,-9.589128286193283,-0.5603625866780221,0.007399921044522684,0.011463115977857733,0.0012487639065912124,right-invariant board-normalized SE(3) log
E2,ihawk1,5.0,cross_pose,20260808_151001,marker_0,,10.840039589470848,-8.771354629131,-1.7302800958630198,0.0047830864575076374,0.0029714504106471045,-0.0046559671574383605,right-invariant board-normalized SE(3) log
E2,ihawk1,5.0,cross_pose,20260808_162715,marker_0,,11.307680197791111,-5.991026201635495,-1.8073760288415264,0.010974075934723486,0.009574696639913428,0.0010851707305458203,right-invariant board-normalized SE(3) log
E2,ihawk1,5.0,cross_pose,20260808_131913,marker_1,,-8.208281044952702,-4.78210036747423,-3.5913740398583167,0.0016166285891314894,-0.02116242047584895,-0.01703554469357534,right-invariant board-normalized SE(3) log
E2,ihawk1,5.0,cross_pose,20260808_141232,marker_1,,-4.0843776161718734,-2.2715689195341606,-2.869838851431167,0.0010423925465355083,-0.00279539098364657,0.012631208577386383,right-invariant board-normalized SE(3) log
E2,ihawk1,5.0,cross_pose,20260808_145501,marker_1,,-5.341730246888426,-4.47281392324929,-2.2908808740187996,-0.006654720504216333,-0.006493286059120726,0.0023773274974887184,right-invariant board-normalized SE(3) log
E2,ihawk1,5.0,cross_pose,20260808_151001,marker_1,,-1.2205797005335945,0.12522637509479043,-7.85498445312019,0.00750768944107711,-0.01292516230057195,0.002778802912129018,right-invariant board-normalized SE(3) log
E2,ihawk1,5.0,cross_pose,20260808_162715,marker_1,,-7.102055478014371,-5.43191053260145,-1.0184913963879787,0.0032880425201461294,-0.004143422624933731,-0.009600810370650406,right-invariant board-normalized SE(3) log
E2,ihawk1,5.0,cross_pose,20260808_131913,marker_2,,8.11262417872073,6.593780645347123,2.0205053826782198,-0.00554890257694768,0.00516177940545629,0.0006573721109065397,right-invariant board-normalized SE(3) log
E2,ihawk1,5.0,cross_pose,20260808_141232,marker_2,,6.617624933130985,6.982910563998198,2.67326948288313,0.011707288932959732,0.008091039225489276,0.012369395651402298,right-invariant board-normalized SE(3) log
E2,ihawk1,5.0,cross_pose,20260808_145501,marker_2,,8.136582684865202,7.648263888497387,0.5793121147592035,-0.006717775873029603,0.006251844408974414,-0.0017226922136274934,right-invariant board-normalized SE(3) log
E2,ihawk1,5.0,cross_pose,20260808_151001,marker_2,,10.886877524554762,10.001856594858035,-1.9331675764755274,-0.007349475065941438,-0.001372170233513055,-0.002955226300558725,right-invariant board-normalized SE(3) log
E2,ihawk1,5.0,cross_pose,20260808_162715,marker_2,,9.311046419349667,8.045650201106971,0.1250822193664259,-0.0026912496257837787,0.0019336365503186007,-0.0029843309329507543,right-invariant board-normalized SE(3) log
E2,ihawk1,5.0,cross_pose,20260808_131913,marker_3,,-11.229017221075955,6.135228087535737,1.3775649008652269,0.005629212688069841,-0.003722347811784475,0.014228572539747153,right-invariant board-normalized SE(3) log
E2,ihawk1,5.0,cross_pose,20260808_141232,marker_3,,-6.4725777764112875,10.538701530791133,-5.113260146344666,-0.027879173683906758,-0.02013255626434895,-0.01711997094606727,right-invariant board-normalized SE(3) log
E2,ihawk1,5.0,cross_pose,20260808_145501,marker_3,,-12.63441588966135,5.265455040529103,3.1098857211491913,0.007320423274775052,-0.00879310590836444,0.008614390884056095,right-invariant board-normalized SE(3) log
E2,ihawk1,5.0,cross_pose,20260808_151001,marker_3,,-24.159125521511,-5.450798053796183,15.403779953070856,-0.005559691577257167,0.019077203410303927,0.009102155055403181,right-invariant board-normalized SE(3) log
E2,ihawk1,5.0,cross_pose,20260808_162715,marker_3,,-14.270284674472178,3.6404417249262777,2.4445038248148983,0.002146975899579743,-0.002899833847690623,0.02812136405385356,right-invariant board-normalized SE(3) log
E2,ihawk1,5.0,cross_pose,20260808_131913,marker_4,,-0.23463013864462867,-1.8950983182314478,1.133391418548471,-0.006664068358260277,0.014640771784076039,-0.005413334693681834,right-invariant board-normalized SE(3) log
E2,ihawk1,5.0,cross_pose,20260808_141232,marker_4,,0.22897199487388487,0.8223202246651505,-0.242487490779201,0.016593953550236018,0.009472013150758476,0.008887407900803284,right-invariant board-normalized SE(3) log
E2,ihawk1,5.0,cross_pose,20260808_145501,marker_4,,0.7066981248906576,1.1482232804161998,-0.8379543752112797,-0.001347847942037376,-0.0024285684193529615,-0.01051779007449588,right-invariant board-normalized SE(3) log
E2,ihawk1,5.0,cross_pose,20260808_151001,marker_4,,3.6527881080188904,4.095069712974396,-3.885347827612147,0.0006183907446193674,-0.007751321286861067,-0.0042697645095348255,right-invariant board-normalized SE(3) log
E2,ihawk1,5.0,cross_pose,20260808_162715,marker_4,,0.7536135353453169,-0.2631551917964417,0.25628138104847037,-0.01371784472870492,-0.004465076717587314,-0.016621393480841466,right-invariant board-normalized SE(3) log
E2,ihawk1,10.0,within_pose,20260808_131913,marker_0,1,0.1982955105157339,0.2706204459578872,-0.20038558572619777,0.0004229907486699175,0.0005440563937737601,0.001163034880962436,right-invariant board-normalized SE(3) log
E2,ihawk1,10.0,within_pose,20260808_131913,marker_0,2,-0.07169066943208084,-0.12805379702187916,0.03743754499935673,0.00012005927538224045,6.722654531619309e-05,-0.00042157679003525586,right-invariant board-normalized SE(3) log
E2,ihawk1,10.0,within_pose,20260808_131913,marker_0,3,-0.12660484108357975,-0.1425666489360064,0.16294804072683688,-0.0005430500240360444,-0.0006112829390817996,-0.0007414580909912621,right-invariant board-normalized SE(3) log
E2,ihawk1,10.0,within_pose,20260808_141232,marker_0,1,-0.2970180120266496,-0.43430642835707645,0.31688557097569886,-0.0005108116753456694,-0.0006002814051619732,-0.0014266483680308447,right-invariant board-normalized SE(3) log
E2,ihawk1,10.0,within_pose,20260808_141232,marker_0,2,0.14496647663160853,0.208892086599404,-0.21906964098160378,0.0002861373757517845,0.0007464594319910745,0.0006394008072548219,right-invariant board-normalized SE(3) log
E2,ihawk1,10.0,within_pose,20260808_141232,marker_0,3,0.15205153539507468,0.22541434175782205,-0.09781592999407518,0.00022467429957298153,-0.00014617802684568183,0.0007872475607143957,right-invariant board-normalized SE(3) log
E2,ihawk1,10.0,within_pose,20260808_145501,marker_0,1,-0.05571642614496732,-0.2241210331138603,0.5966325837258488,-0.003003183539893866,-0.0017523216945389843,0.00018757816335703687,right-invariant board-normalized SE(3) log
E2,ihawk1,10.0,within_pose,20260808_145501,marker_0,2,-0.015560594499053034,0.02610528528560128,-0.21986693300034735,0.0013500469196387722,0.0009247299160709775,-0.00017239140329391179,right-invariant board-normalized SE(3) log
E2,ihawk1,10.0,within_pose,20260808_145501,marker_0,3,0.07127702064408771,0.1980157478283624,-0.3767656507254581,0.0016531366204576505,0.0008275917785895268,-1.5186760077903122e-05,right-invariant board-normalized SE(3) log
E2,ihawk1,10.0,within_pose,20260808_151001,marker_0,1,-0.055085281251204314,-0.49776500226995707,0.35775744988614655,-0.0007997524627693217,0.0010250474048197893,0.0008636027775741176,right-invariant board-normalized SE(3) log
E2,ihawk1,10.0,within_pose,20260808_151001,marker_0,2,0.08827488350508642,0.12390010975756549,-0.04868586427577114,0.0006871172822932334,-0.0006162568872133186,0.0006878106742363258,right-invariant board-normalized SE(3) log
E2,ihawk1,10.0,within_pose,20260808_151001,marker_0,3,-0.03318960225406529,0.37386489251233695,-0.30907158561029335,0.00011263518040937542,-0.0004087905175057757,-0.001551413451656695,right-invariant board-normalized SE(3) log
E2,ihawk1,10.0,within_pose,20260808_162715,marker_0,1,-0.08539519094990598,-0.15987919431451408,0.16769355372676106,-0.0003643630526988914,-0.0005933588560150235,-0.000382768912322932,right-invariant board-normalized SE(3) log
E2,ihawk1,10.0,within_pose,20260808_162715,marker_0,2,0.15943193833414626,0.23173177682800233,-0.231001519697804,0.0006874334540098228,0.00041848242085867215,0.0007533098889766389,right-invariant board-normalized SE(3) log
E2,ihawk1,10.0,within_pose,20260808_162715,marker_0,3,-0.0740367473840748,-0.07185258251324743,0.06330796597103602,-0.00032307040131020085,0.00017487643536076992,-0.0003705409766619181,right-invariant board-normalized SE(3) log
E2,ihawk1,10.0,within_pose,20260808_131913,marker_1,1,0.3978368358300709,-0.02090467258156876,-0.43716679150574417,0.0026531835490622227,-0.0007028698462810833,0.0031483307202677603,right-invariant board-normalized SE(3) log
E2,ihawk1,10.0,within_pose,20260808_131913,marker_1,2,0.46095538384925533,0.001437494993500268,0.09592944376151437,-3.475898490324578e-05,0.002635185872481414,0.0023377527280736957,right-invariant board-normalized SE(3) log
E2,ihawk1,10.0,within_pose,20260808_131913,marker_1,3,-0.8587922196793507,0.019467177588061227,0.34123734774423087,-0.0026184245641643297,-0.0019323160261925634,-0.005486083448342027,right-invariant board-normalized SE(3) log
E2,ihawk1,10.0,within_pose,20260808_141232,marker_1,1,0.24908079421694707,-0.21172131378679043,-0.2946057751743299,0.002186692443647655,-0.0004170620169360678,0.0021702190127523666,right-invariant board-normalized SE(3) log
E2,ihawk1,10.0,within_pose,20260808_141232,marker_1,2,-0.1895947265228219,0.037494161924343745,0.14790400534098241,-0.0008539440529850524,-3.432218964265497e-05,-0.0010788608573679512,right-invariant board-normalized SE(3) log
E2,ihawk1,10.0,within_pose,20260808_141232,marker_1,3,-0.059486067694161655,0.17422715186243545,0.1467017698333462,-0.0013327483906168617,0.00045138420655585433,-0.0010913581553556948,right-invariant board-normalized SE(3) log
E2,ihawk1,10.0,within_pose,20260808_145501,marker_1,1,0.24924984343244086,-0.18916923461049148,0.0375433021865474,0.00013789660033304777,0.0005230737001695968,0.001924272438181009,right-invariant board-normalized SE(3) log
E2,ihawk1,10.0,within_pose,20260808_145501,marker_1,2,-0.31809515203612265,-0.1642232598887763,0.19193672296337894,-0.0005956699975777533,-0.00034132412745627644,-0.0011036733233199371,right-invariant board-normalized SE(3) log
E2,ihawk1,10.0,within_pose,20260808_145501,marker_1,3,0.06884530860373052,0.3533924944994233,-0.2294800251499543,0.00045777339734002495,-0.0001817495726995087,-0.000820599114837707,right-invariant board-normalized SE(3) log
E2,ihawk1,10.0,within_pose,20260808_151001,marker_1,1,0.03284959905674085,-0.48843440486525647,0.43449071033229986,-0.0006719475632548158,0.0013604481127482968,0.0019159425789694712,right-invariant board-normalized SE(3) log
E2,ihawk1,10.0,within_pose,20260808_151001,marker_1,2,-0.3542310983822667,0.3588310667437275,-0.14921770181214677,-0.0008502605279098339,-0.002050724175389301,-0.0032274169209709452,right-invariant board-normalized SE(3) log
E2,ihawk1,10.0,within_pose,20260808_151001,marker_1,3,0.3213814993256849,0.1296033381215983,-0.2852730085200775,0.0015222080911566414,0.0006902760626364178,0.0013114743419929153,right-invariant board-normalized SE(3) log
E2,ihawk1,10.0,within_pose,20260808_162715,marker_1,1,0.4412071814430104,0.2847103485468251,-0.2576699551229638,0.0002934157978152722,0.00035916301326094504,0.0012473044216619361,right-invariant board-normalized SE(3) log
E2,ihawk1,10.0,within_pose,20260808_162715,marker_1,2,0.4526285019793275,0.15692047687314498,-0.2501928406917241,0.0011440319060812615,0.0008504984996253761,0.0022329915641443134,right-invariant board-normalized SE(3) log
E2,ihawk1,10.0,within_pose,20260808_162715,marker_1,3,-0.8938356834222901,-0.4416308254198475,0.5078627958146484,-0.0014374477038921378,-0.0012096615128833555,-0.003480295985798935,right-invariant board-normalized SE(3) log
E2,ihawk1,10.0,within_pose,20260808_131913,marker_2,1,0.08722067125345986,0.06596777031777859,-0.06030566378056449,0.0007121856598629963,0.0007409278561277661,-0.00038338938501893767,right-invariant board-normalized SE(3) log
E2,ihawk1,10.0,within_pose,20260808_131913,marker_2,2,-0.06215914033251801,-0.08060644911233592,0.0185746223209401,-0.0011836289988334816,-0.0008251153835093901,0.00022202510757646422,right-invariant board-normalized SE(3) log
E2,ihawk1,10.0,within_pose,20260808_131913,marker_2,3,-0.025061530920995913,0.014638678794457603,0.0417310414597967,0.0004714433389519543,8.41875273669462e-05,0.0001613642774477857,right-invariant board-normalized SE(3) log
E2,ihawk1,10.0,within_pose,20260808_141232,marker_2,1,-0.13570902055302947,-0.04531828237440255,0.05375703217581291,-3.030747282548819e-05,0.0005292701646985881,0.0006211103164091367,right-invariant board-normalized SE(3) log
E2,ihawk1,10.0,within_pose,20260808_141232,marker_2,2,0.03302871136140381,0.10183123981842493,-0.04544671376658148,0.00025555345018672774,-0.00015334716625526985,0.00010507638895440581,right-invariant board-normalized SE(3) log
E2,ihawk1,10.0,within_pose,20260808_141232,marker_2,3,0.10268030919162441,-0.05651295744392898,-0.008310318409235913,-0.00022524597735431792,-0.0003759229983806524,-0.0007261867052779218,right-invariant board-normalized SE(3) log
E2,ihawk1,10.0,within_pose,20260808_145501,marker_2,1,0.017484806179361465,-0.038927800772384634,-0.0070617656577981434,-0.0004569849166202754,-0.0005113468500112478,-0.00021750802579090684,right-invariant board-normalized SE(3) log
E2,ihawk1,10.0,within_pose,20260808_145501,marker_2,2,-0.0349218520775671,-0.06745046970770567,0.04863563917622562,-5.337123211224211e-05,3.629864851516507e-05,-3.148057246396458e-05,right-invariant board-normalized SE(3) log
E2,ihawk1,10.0,within_pose,20260808_145501,marker_2,3,0.017437045898213963,0.10637827047994065,-0.04157387351841419,0.0005103561490631173,0.0004750482010691937,0.0002489885984625405,right-invariant board-normalized SE(3) log
E2,ihawk1,10.0,within_pose,20260808_151001,marker_2,1,0.011246618603809974,0.027386668768005197,0.003735956961880496,0.00020130746231186003,-0.00010446500851663742,2.9141097971520163e-05,right-invariant board-normalized SE(3) log
E2,ihawk1,10.0,within_pose,20260808_151001,marker_2,2,0.016279131352584065,0.0172796421465916,-0.03688934598858534,-0.00021928087097853756,-8.252171634244419e-05,-4.783562011104362e-05,right-invariant board-normalized SE(3) log
E2,ihawk1,10.0,within_pose,20260808_151001,marker_2,3,-0.02752574995643913,-0.044666310914633085,0.03315338902669118,1.797340840451078e-05,0.00018698672535894493,1.8694522131343594e-05,right-invariant board-normalized SE(3) log
E2,ihawk1,10.0,within_pose,20260808_162715,marker_2,1,-0.05395169064996385,-0.014289856247872518,-0.017246340139293187,-0.0003292233608683409,0.00020216240235817055,0.0002557789658403059,right-invariant board-normalized SE(3) log
E2,ihawk1,10.0,within_pose,20260808_162715,marker_2,2,-0.09214350305215656,0.021466872455703143,-0.016706801936542857,1.772420832830968e-05,0.0005970586493239207,0.0006256115152309091,right-invariant board-normalized SE(3) log
E2,ihawk1,10.0,within_pose,20260808_162715,marker_2,3,0.1460951937022356,-0.00717701620789353,0.033953142075847605,0.0003114991528207889,-0.0007992210522195593,-0.0008813904816734364,right-invariant board-normalized SE(3) log
E2,ihawk1,10.0,within_pose,20260808_131913,marker_3,1,0.04440807283710831,0.04168808541170729,-0.02402273309689839,0.00021185114736354087,0.00025882829306361283,0.00011359626175340221,right-invariant board-normalized SE(3) log
E2,ihawk1,10.0,within_pose,20260808_131913,marker_3,2,0.15208972970948473,0.16193185805736496,-0.11441834710721153,0.00030668256967261904,-0.0002577739444442935,-0.0002763719056364853,right-invariant board-normalized SE(3) log
E2,ihawk1,10.0,within_pose,20260808_131913,marker_3,3,-0.19649780254663354,-0.20361994346913,0.1384410802041354,-0.0005185337170967301,-1.0543485593035223e-06,0.00016277564394401434,right-invariant board-normalized SE(3) log
E2,ihawk1,10.0,within_pose,20260808_141232,marker_3,1,-0.024991342018431978,0.03525961746955101,0.003327334652411677,0.0004419339605785684,0.0009029705912016231,0.0010783402860155035,right-invariant board-normalized SE(3) log
E2,ihawk1,10.0,within_pose,20260808_141232,marker_3,2,-0.35316449234329433,-0.3224301212898325,0.48406857997289626,8.211409060394459e-05,0.0012210981819901702,-0.00022705839735172228,right-invariant board-normalized SE(3) log
E2,ihawk1,10.0,within_pose,20260808_141232,marker_3,3,0.37815583436183836,0.2871705038204348,-0.4873959146253268,-0.0005240480511844334,-0.0021240687731987687,-0.0008512818886674408,right-invariant board-normalized SE(3) log
E2,ihawk1,10.0,within_pose,20260808_145501,marker_3,1,-0.353831290869905,-0.2685836910866353,0.5980213148232538,0.001924162049841115,0.0014089132746248692,0.0005149086529282503,right-invariant board-normalized SE(3) log
E2,ihawk1,10.0,within_pose,20260808_145501,marker_3,2,0.35933028822903024,0.2108583906856267,-0.597485300411078,-0.0026900449793435667,-0.002346588147231862,-0.001729977324019895,right-invariant board-normalized SE(3) log
E2,ihawk1,10.0,within_pose,20260808_145501,marker_3,3,-0.00549899735921504,0.05772530040111048,-0.000536014412280128,0.0007658829294994146,0.0009376748726038813,0.0012150686710883515,right-invariant board-normalized SE(3) log
E2,ihawk1,10.0,within_pose,20260808_151001,marker_3,1,-0.041131552737888946,0.005489942871968252,0.05695279300879286,0.0007387855099851971,-0.0002667223837898873,0.00022004861612804982,right-invariant board-normalized SE(3) log
E2,ihawk1,10.0,within_pose,20260808_151001,marker_3,2,0.262413861627563,0.15201369939584328,-0.25263082742422843,-0.0006393971467623919,-0.000578808390643562,-0.0007122421460540541,right-invariant board-normalized SE(3) log
E2,ihawk1,10.0,within_pose,20260808_151001,marker_3,3,-0.22128230888973247,-0.1575036422677957,0.19567803441538636,-9.938836309808455e-05,0.0008455307743498284,0.0004921935299383454,right-invariant board-normalized SE(3) log
E2,ihawk1,10.0,within_pose,20260808_162715,marker_3,1,-0.5191638856001164,-0.2647454919518179,0.4052240152507934,0.0019462840789164514,0.0012884368861450356,0.003346758263524447,right-invariant board-normalized SE(3) log
E2,ihawk1,10.0,within_pose,20260808_162715,marker_3,2,0.263470724395905,0.13196780719204812,-0.27326122596345664,-0.0011585881378327807,-0.0011533281776686945,-0.0017134537359411175,right-invariant board-normalized SE(3) log
E2,ihawk1,10.0,within_pose,20260808_162715,marker_3,3,0.2556931612042018,0.13277768475972723,-0.1319627892872233,-0.0007876959411130582,-0.00013510870849407417,-0.0016333045276350493,right-invariant board-normalized SE(3) log
E2,ihawk1,10.0,within_pose,20260808_131913,marker_4,1,0.12675749987651702,0.2568072588486795,-0.18969816586657873,0.00021236580099046726,0.0012090823815859748,0.0011575225702462775,right-invariant board-normalized SE(3) log
E2,ihawk1,10.0,within_pose,20260808_131913,marker_4,2,-0.1455411565673707,-0.25383370982199666,0.1762014885579476,0.0005426217848511627,-0.0008012048849769083,-0.0008283286248103007,right-invariant board-normalized SE(3) log
E2,ihawk1,10.0,within_pose,20260808_131913,marker_4,3,0.018783656690825476,-0.002973549026744286,0.013496677308554939,-0.0007549875859504156,-0.00040787749666130693,-0.0003291939454771055,right-invariant board-normalized SE(3) log
E2,ihawk1,10.0,within_pose,20260808_141232,marker_4,1,-0.21152853761747736,-0.323972513736225,0.24455874738216543,0.0008487690784027139,0.0007054203333478186,0.0002449436180107192,right-invariant board-normalized SE(3) log
E2,ihawk1,10.0,within_pose,20260808_141232,marker_4,2,0.09256417111537887,0.13063651405602375,-0.10621946243451989,-0.0006433503415711772,-0.0003169766953942634,-0.0004122708842913107,right-invariant board-normalized SE(3) log
E2,ihawk1,10.0,within_pose,20260808_141232,marker_4,3,0.11896436650208818,0.1933359996802568,-0.13833928494763975,-0.00020541873712639033,-0.00038844363838574534,0.00016732726639021598,right-invariant board-normalized SE(3) log
E2,ihawk1,10.0,within_pose,20260808_145501,marker_4,1,-0.013648353856043148,-0.06077319916325939,0.03332640120919731,-0.00047301068996410213,-0.0002921530838856585,-0.00041374953549839165,right-invariant board-normalized SE(3) log
E2,ihawk1,10.0,within_pose,20260808_145501,marker_4,2,0.09180330743826046,0.1400870856128472,-0.1186947905470549,-0.0001487008067603198,0.00026909370714074833,-0.0003013210465550009,right-invariant board-normalized SE(3) log
E2,ihawk1,10.0,within_pose,20260808_145501,marker_4,3,-0.07815495358230147,-0.07931388644973882,0.08536838933781295,0.0006217114966826144,2.305937677078145e-05,0.00071507058199248,right-invariant board-normalized SE(3) log
E2,ihawk1,10.0,within_pose,20260808_151001,marker_4,1,0.13416651044349448,0.18598572366310234,-0.16991648850812546,0.00048542963136602907,-4.462510804206789e-06,0.0010292119982750353,right-invariant board-normalized SE(3) log
E2,ihawk1,10.0,within_pose,20260808_151001,marker_4,2,-0.002952515757230333,-0.02305082752383834,0.027587867027791136,0.00044180040095165356,0.0006524123356721148,0.0007892491652229824,right-invariant board-normalized SE(3) log
E2,ihawk1,10.0,within_pose,20260808_151001,marker_4,3,-0.13121399468643566,-0.16293489613933243,0.1423286214803209,-0.0009272300323121425,-0.0006479498248626165,-0.0018184611634873358,right-invariant board-normalized SE(3) log
E2,ihawk1,10.0,within_pose,20260808_162715,marker_4,1,0.0707822406306135,0.11951164842991814,-0.07377748401764686,0.00048775330298496026,0.00033477312058493024,0.0008056292164661705,right-invariant board-normalized SE(3) log
E2,ihawk1,10.0,within_pose,20260808_162715,marker_4,2,-0.05626349841258551,-0.1098322896538273,0.0763816734413592,9.472846361225493e-05,-0.00018903031968921116,-0.00016624497907127684,right-invariant board-normalized SE(3) log
E2,ihawk1,10.0,within_pose,20260808_162715,marker_4,3,-0.014518742217860899,-0.009679358776020573,-0.002604189423751701,-0.000582481766773696,-0.0001457428011379256,-0.00063938423784023,right-invariant board-normalized SE(3) log
E2,ihawk1,10.0,between_run,20260808_131913,all_poses,,0.5890740436735055,0.3441585225510951,-0.3151523195390031,0.0008545827475002825,-0.0019970030068100983,0.007797824358422552,right-invariant board-normalized SE(3) log
E2,ihawk1,10.0,between_run,20260808_141232,all_poses,,-1.1965518789625362,4.541672188383969,0.3344496032146551,0.004127773823674473,0.003722550283102215,0.001980547796239323,right-invariant board-normalized SE(3) log
E2,ihawk1,10.0,between_run,20260808_145501,all_poses,,-3.3206083497215615,-2.5938980678447265,2.136362625929975,-0.007031419920612926,0.0006453496172227293,0.004480474678842739,right-invariant board-normalized SE(3) log
E2,ihawk1,10.0,between_run,20260808_151001,all_poses,,0.13138749773494107,0.9642129489704615,-1.2199865957330822,0.004848969727116318,-0.001975216113762806,0.004570938802979259,right-invariant board-normalized SE(3) log
E2,ihawk1,10.0,between_run,20260808_162715,all_poses,,3.796698687275977,-3.256145592060688,-0.93567331387251,-0.0027999063777092983,-0.00039568077976725113,-0.018829785636493897,right-invariant board-normalized SE(3) log
E2,ihawk1,10.0,cross_pose,20260808_131913,marker_0,,8.10100290413417,-12.292985654498025,1.582753694984651,0.00823615842694969,0.0138878039034309,0.0029086908006321992,right-invariant board-normalized SE(3) log
E2,ihawk1,10.0,cross_pose,20260808_141232,marker_0,,8.264762703133782,-10.618012880754332,0.4571261666359717,0.000922211856205841,0.009946315033917862,-0.008241536967737188,right-invariant board-normalized SE(3) log
E2,ihawk1,10.0,cross_pose,20260808_145501,marker_0,,9.594731716390939,-10.53134343411498,-1.403713814289029,0.015509445667485536,0.011779424401902048,-0.004750797742410598,right-invariant board-normalized SE(3) log
E2,ihawk1,10.0,cross_pose,20260808_151001,marker_0,,7.492155980930834,-11.856238726302433,1.290556215991549,0.004999682318629328,0.015112204107987262,-0.0061336414018143435,right-invariant board-normalized SE(3) log
E2,ihawk1,10.0,cross_pose,20260808_162715,marker_0,,6.531163168284917,-13.822204470880152,3.518815300570499,-0.0002473196798452932,0.008647900364004318,-0.011865604563506884,right-invariant board-normalized SE(3) log
E2,ihawk1,10.0,cross_pose,20260808_131913,marker_1,,-5.392333708078841,-2.209498256569009,-3.3870166401494,-0.003538561834491175,-0.0036150491413533626,-0.009222528196218698,right-invariant board-normalized SE(3) log
E2,ihawk1,10.0,cross_pose,20260808_141232,marker_1,,-4.567251778216946,-4.233871856855911,-2.8403907276760783,0.0036649544977834974,-0.0007045811628512772,0.001844250286601493,right-invariant board-normalized SE(3) log
E2,ihawk1,10.0,cross_pose,20260808_145501,marker_1,,-12.704544809837165,-8.999368950567991,5.772242074695366,-0.03639140360612148,0.0010050671899737706,-0.0339336832715273,right-invariant board-normalized SE(3) log
E2,ihawk1,10.0,cross_pose,20260808_151001,marker_1,,-4.089052609992993,-2.5853069369382893,-4.592108284380035,0.0036521214434952327,-0.011070656698953216,4.7410558079399806e-05,right-invariant board-normalized SE(3) log
E2,ihawk1,10.0,cross_pose,20260808_162715,marker_1,,-6.87576578625231,-3.779308253906146,-0.561123102942102,-0.011554299560156654,-0.007327037670441989,-0.010930540312739285,right-invariant board-normalized SE(3) log
E2,ihawk1,10.0,cross_pose,20260808_131913,marker_2,,7.5300803676682095,6.5600569312608,2.159199992901502,-0.008135395742492984,-4.696112275490395e-05,-0.0027714761405948454,right-invariant board-normalized SE(3) log
E2,ihawk1,10.0,cross_pose,20260808_141232,marker_2,,7.794569655173155,7.029588571254687,1.3341070572638418,-0.011528607617321334,0.0032614511592269444,-0.006676044764857099,right-invariant board-normalized SE(3) log
E2,ihawk1,10.0,cross_pose,20260808_145501,marker_2,,10.28752557270449,9.708378341241511,-1.4005622192498195,-0.0016908384235529608,-0.0007828019192974415,0.006804958772553284,right-invariant board-normalized SE(3) log
E2,ihawk1,10.0,cross_pose,20260808_151001,marker_2,,7.177376114237058,7.139059201009654,1.9130344182903005,-0.009915684205721495,0.005385996827064079,-0.002526931671356711,right-invariant board-normalized SE(3) log
E2,ihawk1,10.0,cross_pose,20260808_162715,marker_2,,8.95542273553889,8.048424420053003,-0.47527343434302133,-0.004782931582512866,0.01452321982985502,-0.0011139022047733226,right-invariant board-normalized SE(3) log
E2,ihawk1,10.0,cross_pose,20260808_131913,marker_3,,-11.290418465793751,6.3382211881546775,0.6247984403279555,-0.006976775944121653,-0.011430413490204308,0.0023789353987843337,right-invariant board-normalized SE(3) log
E2,ihawk1,10.0,cross_pose,20260808_141232,marker_3,,-11.97205658490907,6.878248866319341,1.3344208019874042,0.012019748920196102,-0.014655773379365482,0.02096557604823549,right-invariant board-normalized SE(3) log
E2,ihawk1,10.0,cross_pose,20260808_145501,marker_3,,-10.307697688065689,7.2748213780542414,-0.23418591758675478,0.01335185896029686,-0.01044320200949383,0.028558501982290853,right-invariant board-normalized SE(3) log
E2,ihawk1,10.0,cross_pose,20260808_151001,marker_3,,-11.014333861689751,6.829985797642091,1.206119870113028,0.0012591398432190493,-0.009719242292313475,0.012549204727057797,right-invariant board-normalized SE(3) log
E2,ihawk1,10.0,cross_pose,20260808_162715,marker_3,,-9.943853859975038,7.959464513212071,-1.5096435014729113,0.011321607993518104,-0.017566528584013405,0.028993077967980514,right-invariant board-normalized SE(3) log
E2,ihawk1,10.0,cross_pose,20260808_131913,marker_4,,1.0516689020703043,1.6042057916514554,-0.9797354880646589,0.010414575094160501,0.0012046198508957988,0.006706378137378849,right-invariant board-normalized SE(3) log
E2,ihawk1,10.0,cross_pose,20260808_141232,marker_4,,0.47997600481905595,0.9440473000363793,-0.2852632982111826,-0.00507830765685966,0.0021525883490701534,-0.007892244602238958,right-invariant board-normalized SE(3) log
E2,ihawk1,10.0,cross_pose,20260808_145501,marker_4,,3.1299852088072444,2.547512665387062,-2.7337801235697277,0.009220937401891652,-0.0015584876630856937,0.0033210202590964154,right-invariant board-normalized SE(3) log
E2,ihawk1,10.0,cross_pose,20260808_151001,marker_4,,0.43385437651503544,0.472500664588706,0.1823977799850603,4.740600374693263e-06,0.00029169805620948077,-0.003936042212011102,right-invariant board-normalized SE(3) log
E2,ihawk1,10.0,cross_pose,20260808_162715,marker_4,,1.3330337424034813,1.5936237915211189,-0.9727752618123218,0.0052629428289932235,0.001722446060600104,-0.005083030886979657,right-invariant board-normalized SE(3) log
E2,ihawk1,15.0,within_pose,20260808_131913,marker_0,1,0.1146161716180945,0.15884624012691279,-0.08337127633737756,0.0003110007423277579,-0.000519986084005178,0.0005293713133264553,right-invariant board-normalized SE(3) log
E2,ihawk1,15.0,within_pose,20260808_131913,marker_0,2,0.22748498026014735,0.3004934105448925,-0.05382123644296933,9.413774205913831e-05,-0.0011841419638627892,0.0009752934146390664,right-invariant board-normalized SE(3) log
E2,ihawk1,15.0,within_pose,20260808_131913,marker_0,3,-0.3421011518782777,-0.4593396506719515,0.13719251278044012,-0.0004051384843639855,0.0017041280477907122,-0.0015046647278952124,right-invariant board-normalized SE(3) log
E2,ihawk1,15.0,within_pose,20260808_141232,marker_0,1,-0.1532240418565961,-0.14742452208602197,-0.005251543754784291,9.070828989834978e-06,0.00023186038334689635,-0.001001119613570568,right-invariant board-normalized SE(3) log
E2,ihawk1,15.0,within_pose,20260808_141232,marker_0,2,-0.10396676494980832,-0.2543602461346506,0.10733369068677363,0.00046874470851090934,0.0007346073233428139,0.00041192153634825725,right-invariant board-normalized SE(3) log
E2,ihawk1,15.0,within_pose,20260808_141232,marker_0,3,0.2571908068063846,0.4017847682206311,-0.10208214693211658,-0.0004778155375041916,-0.0009664677067290192,0.0005891980773766244,right-invariant board-normalized SE(3) log
E2,ihawk1,15.0,within_pose,20260808_145501,marker_0,1,0.015305742753515237,0.0178086643986124,-0.029411316250011865,0.0003997683739498736,-0.0004141853005785966,-5.810670737873558e-05,right-invariant board-normalized SE(3) log
E2,ihawk1,15.0,within_pose,20260808_145501,marker_0,2,-0.18070039612280445,-0.29975579482182485,0.2405692677064432,-0.0006113151882467038,-7.124531698301724e-05,-0.0006180442346844791,right-invariant board-normalized SE(3) log
E2,ihawk1,15.0,within_pose,20260808_145501,marker_0,3,0.16539465336932188,0.28194713042318104,-0.211157951456517,0.00021154681402127667,0.0004854306176471648,0.0006761509419026481,right-invariant board-normalized SE(3) log
E2,ihawk1,15.0,within_pose,20260808_151001,marker_0,1,0.020160390784221275,0.22105902151415802,-0.21506029743473826,0.00038377041334179153,0.0003357722548589584,-0.00038485444415778034,right-invariant board-normalized SE(3) log
E2,ihawk1,15.0,within_pose,20260808_151001,marker_0,2,-0.04931202648403228,-0.20897646985294527,0.20540214260157358,-0.0005164297398200485,-0.00022369822819362907,0.0001690020096555529,right-invariant board-normalized SE(3) log
E2,ihawk1,15.0,within_pose,20260808_151001,marker_0,3,0.02915163569974809,-0.01208255166130522,0.009658154833295955,0.0001326593264785668,-0.00011207402708310443,0.0002158524351410362,right-invariant board-normalized SE(3) log
E2,ihawk1,15.0,within_pose,20260808_162715,marker_0,1,-0.2127315604226251,-0.3198983857606198,0.2603312938026244,-0.0009339134610840255,0.00017672855569405603,-0.0007848921490625301,right-invariant board-normalized SE(3) log
E2,ihawk1,15.0,within_pose,20260808_162715,marker_0,2,0.41677134255147613,0.6717563047149003,-0.5221815470315486,0.0009629830237981612,0.0005558173188342306,0.0015818862830589975,right-invariant board-normalized SE(3) log
E2,ihawk1,15.0,within_pose,20260808_162715,marker_0,3,-0.20403978212879922,-0.35185791895431073,0.2618502532291188,-2.9069562663524228e-05,-0.0007325458745900059,-0.0007969941340085861,right-invariant board-normalized SE(3) log
E2,ihawk1,15.0,within_pose,20260808_131913,marker_1,1,-0.4204250170382658,-0.20387529665511073,0.1932730132677774,1.9534156626800525e-05,-0.00040431569041136836,-0.0015785457872089035,right-invariant board-normalized SE(3) log
E2,ihawk1,15.0,within_pose,20260808_131913,marker_1,2,0.5119435867507128,0.47626125337290115,-0.5071438725938145,0.0007203888925261635,-0.0004854785622038697,0.0011923051046712812,right-invariant board-normalized SE(3) log
E2,ihawk1,15.0,within_pose,20260808_131913,marker_1,3,-0.09151856971252376,-0.27238595671782023,0.31387085932600817,-0.0007399230491340764,0.0008897942525995644,0.00038624068255711303,right-invariant board-normalized SE(3) log
E2,ihawk1,15.0,within_pose,20260808_141232,marker_1,1,0.3024038909278708,0.5756991601685841,-0.43284884057827333,0.0004620931667471578,-0.0003688887128272594,-0.00038513327371631,right-invariant board-normalized SE(3) log
E2,ihawk1,15.0,within_pose,20260808_141232,marker_1,2,-0.09931297715141699,-0.22925358572057156,0.20405114003373448,-0.0005568849217355384,-0.00011568452712681244,0.0002426959912210751,right-invariant board-normalized SE(3) log
E2,ihawk1,15.0,within_pose,20260808_141232,marker_1,3,-0.2030909137763659,-0.3464455744480147,0.22879770054465143,9.479175485882589e-05,0.00048457324019854895,0.00014243728265904602,right-invariant board-normalized SE(3) log
E2,ihawk1,15.0,within_pose,20260808_145501,marker_1,1,0.10828546806507297,0.1614501222392169,-0.20147995624143228,0.0012649411780879544,0.0007042048949159528,8.81046125422277e-05,right-invariant board-normalized SE(3) log
E2,ihawk1,15.0,within_pose,20260808_145501,marker_1,2,0.10083039569115322,-0.060354305678189134,0.1372418037687752,-0.0011495121126544976,0.00016526232518907974,0.0008785237648761302,right-invariant board-normalized SE(3) log
E2,ihawk1,15.0,within_pose,20260808_145501,marker_1,3,-0.2091158637562056,-0.1010958165609538,0.06423815247263961,-0.0001154290657214545,-0.0008694672201122556,-0.00096662837725616,right-invariant board-normalized SE(3) log
E2,ihawk1,15.0,within_pose,20260808_151001,marker_1,1,-0.7075759280022037,-0.5126264821074308,0.620644081613709,-0.0007965951639051238,0.002075425701844728,-0.0025672160862018475,right-invariant board-normalized SE(3) log
E2,ihawk1,15.0,within_pose,20260808_151001,marker_1,2,0.644292922348356,0.7605349135733348,-0.6965546238996595,0.0008025267719939872,-0.001250295866242062,0.0011543105933245824,right-invariant board-normalized SE(3) log
E2,ihawk1,15.0,within_pose,20260808_151001,marker_1,3,0.06328300565373934,-0.2479084314659458,0.07591054228586441,-5.9316080841304475e-06,-0.0008251298356864334,0.0014129054930142682,right-invariant board-normalized SE(3) log
E2,ihawk1,15.0,within_pose,20260808_162715,marker_1,1,0.24929937011068862,0.43459709886049436,-0.35592482620890986,0.0005372746507169456,-0.00040693569887633764,-5.335174922683423e-05,right-invariant board-normalized SE(3) log
E2,ihawk1,15.0,within_pose,20260808_162715,marker_1,2,-0.49770101732129657,-0.4477883785977776,0.4481244057301256,-0.0011113626758710732,-0.0003831643237105356,-0.0012178780033648374,right-invariant board-normalized SE(3) log
E2,ihawk1,15.0,within_pose,20260808_162715,marker_1,3,0.2484016472105927,0.013191279737306242,-0.0921995795211404,0.0005740880250997527,0.000790100022604283,0.0012712297525712135,right-invariant board-normalized SE(3) log
E2,ihawk1,15.0,within_pose,20260808_131913,marker_2,1,0.12167365571862189,0.1414162786546567,-0.08125384605539947,0.0004583520484218156,-0.0003431570408693657,-0.0003345487297657142,right-invariant board-normalized SE(3) log
E2,ihawk1,15.0,within_pose,20260808_131913,marker_2,2,0.02385894063869418,-0.33681853103139453,0.045324300471973424,-0.0016425288418019926,-0.000248090667366912,-0.0013756966165824126,right-invariant board-normalized SE(3) log
E2,ihawk1,15.0,within_pose,20260808_131913,marker_2,3,-0.14553259635718616,0.19540225237685158,0.03592954558341229,0.001184176793120565,0.0005912477082526324,0.0017102453462272322,right-invariant board-normalized SE(3) log
E2,ihawk1,15.0,within_pose,20260808_141232,marker_2,1,3.6604692182110834,5.113824769020859,-3.2533009954525243,0.010473271115436032,-0.007081568557309165,-0.0034880042770894515,right-invariant board-normalized SE(3) log
E2,ihawk1,15.0,within_pose,20260808_141232,marker_2,2,-7.1552586969396,-10.148323819462625,6.447597113789547,-0.020204884238727232,0.01458549582773159,0.0063403380859482624,right-invariant board-normalized SE(3) log
E2,ihawk1,15.0,within_pose,20260808_141232,marker_2,3,3.4947894787285883,5.0344990504418075,-3.1942961183369807,0.009731613123272038,-0.007503927270408563,-0.0028523338088528643,right-invariant board-normalized SE(3) log
E2,ihawk1,15.0,within_pose,20260808_145501,marker_2,1,-0.22299842056223798,-0.2702612622741855,0.1604224965235869,-0.0008113608615957561,0.00047103401718176974,0.00020166729777399916,right-invariant board-normalized SE(3) log
E2,ihawk1,15.0,within_pose,20260808_145501,marker_2,2,0.1383996998916957,0.14502811911815117,-0.10292634233003649,0.00011207942023833267,-0.0005883219583139634,-0.00011372266845178853,right-invariant board-normalized SE(3) log
E2,ihawk1,15.0,within_pose,20260808_145501,marker_2,3,0.08459872067049784,0.12523314315597264,-0.05749615419361915,0.000699281441630019,0.00011728794114632686,-8.794462936174722e-05,right-invariant board-normalized SE(3) log
E2,ihawk1,15.0,within_pose,20260808_151001,marker_2,1,-0.20947733758221906,0.03668609931404064,0.15674322788194237,0.0008476569783939104,0.00040214259853712045,0.0012194360724336185,right-invariant board-normalized SE(3) log
E2,ihawk1,15.0,within_pose,20260808_151001,marker_2,2,0.09546605807162674,0.06991408885693871,-0.05499151646614553,-1.0064992287650794e-05,-0.0005229440647198018,-0.0002792306624054713,right-invariant board-normalized SE(3) log
E2,ihawk1,15.0,within_pose,20260808_151001,marker_2,3,0.1140112795104851,-0.10660018817103392,-0.10175171141577175,-0.0008375919863016968,0.00012080146609564813,-0.0009402054103066151,right-invariant board-normalized SE(3) log
E2,ihawk1,15.0,within_pose,20260808_162715,marker_2,1,0.023120788466272135,-0.04951601220571471,0.008819656744437063,-0.00010364838700908433,1.7340183288977894e-05,-0.00028662755241494535,right-invariant board-normalized SE(3) log
E2,ihawk1,15.0,within_pose,20260808_162715,marker_2,2,-0.20405380381442076,-0.040997030250719754,0.1223015949045972,0.0002509410392092919,0.0004698738472622987,0.0008971976846823993,right-invariant board-normalized SE(3) log
E2,ihawk1,15.0,within_pose,20260808_162715,marker_2,3,0.18093301534832312,0.09051304245658627,-0.1311212516490122,-0.0001472926524310253,-0.0004872140304783607,-0.0006105701328920746,right-invariant board-normalized SE(3) log
E2,ihawk1,15.0,within_pose,20260808_131913,marker_3,1,-0.1622599250874789,-0.11371194760960504,0.14092891997109114,1.8742488017010315e-05,0.0007418853473886815,0.00038644573811814,right-invariant board-normalized SE(3) log
E2,ihawk1,15.0,within_pose,20260808_131913,marker_3,2,0.0505311870589233,0.06379007084694084,-0.008561137419411,0.0004835885133677785,0.00035240449575326365,0.0002270040690416268,right-invariant board-normalized SE(3) log
E2,ihawk1,15.0,within_pose,20260808_131913,marker_3,3,0.11172873802867894,0.04992187676274285,-0.13236778255170978,-0.0005023310013140179,-0.0010942898430144924,-0.0006134498070874779,right-invariant board-normalized SE(3) log
E2,ihawk1,15.0,within_pose,20260808_141232,marker_3,1,-0.04322817701365569,-0.007961299739782879,-0.1319691926365552,-0.00015163618301930194,-0.0005259179911858703,0.0008596698747916284,right-invariant board-normalized SE(3) log
E2,ihawk1,15.0,within_pose,20260808_141232,marker_3,2,-0.05044703049402899,-0.04672152815832818,0.23546362607243174,0.00036662853405672574,0.0007972750628976902,-0.0005693586024700023,right-invariant board-normalized SE(3) log
E2,ihawk1,15.0,within_pose,20260808_141232,marker_3,3,0.093675207507659,0.054682827898141204,-0.10349443343566514,-0.0002149923510105875,-0.00027135707154692486,-0.00029031127270264467,right-invariant board-normalized SE(3) log
E2,ihawk1,15.0,within_pose,20260808_145501,marker_3,1,-0.04243492040654105,-0.06524751382982372,0.055217829706121484,1.6210705634385266e-05,-4.0189509157262044e-05,-2.8227132640905955e-05,right-invariant board-normalized SE(3) log
E2,ihawk1,15.0,within_pose,20260808_145501,marker_3,2,0.06287979786609872,-0.00680654010707225,-0.07573720080623848,-0.0007711439515243942,-0.00040311498477781067,-0.0008167627062247038,right-invariant board-normalized SE(3) log
E2,ihawk1,15.0,within_pose,20260808_145501,marker_3,3,-0.020444877459587743,0.07205405393702599,0.02051937110006096,0.0007549332459769777,0.00044330449380201495,0.0008449898387910996,right-invariant board-normalized SE(3) log
E2,ihawk1,15.0,within_pose,20260808_151001,marker_3,1,-0.2546818586171874,-0.0920641195182489,0.09088232184994335,0.00017851889074627555,0.0010651668811642464,0.0018482721125752451,right-invariant board-normalized SE(3) log
E2,ihawk1,15.0,within_pose,20260808_151001,marker_3,2,0.33081185134919483,0.15019977928500133,-0.4711956093504299,-0.002154590513436338,-0.002462822921038792,-0.0020011216702211063,right-invariant board-normalized SE(3) log
E2,ihawk1,15.0,within_pose,20260808_151001,marker_3,3,-0.07612999273198244,-0.05813565976670993,0.3803132875005656,0.0019760716226599915,0.001397656039837536,0.00015284955761252558,right-invariant board-normalized SE(3) log
E2,ihawk1,15.0,within_pose,20260808_162715,marker_3,1,0.033675067487828086,0.09555465776817622,-0.04883050751490734,0.0014028743585587683,0.0007035933510897222,0.0021218966256203167,right-invariant board-normalized SE(3) log
E2,ihawk1,15.0,within_pose,20260808_162715,marker_3,2,-1.1739823628129973,-1.0625487231637158,1.6686782102882245,0.0010620452930190202,0.004629374535051444,-0.0009774961704979751,right-invariant board-normalized SE(3) log
E2,ihawk1,15.0,within_pose,20260808_162715,marker_3,3,1.140307295325158,0.9669940653954953,-1.6198477027732923,-0.002464919651567483,-0.0053329678860977855,-0.0011444004551307916,right-invariant board-normalized SE(3) log
E2,ihawk1,15.0,within_pose,20260808_131913,marker_4,1,0.12461010349586266,0.19332403824666636,-0.15986894806855992,0.0014038632749419444,0.001297743264817667,0.002384184713906579,right-invariant board-normalized SE(3) log
E2,ihawk1,15.0,within_pose,20260808_131913,marker_4,2,0.39499523924703933,0.6064679163923236,-0.4702271462997471,0.00010477144739209789,-0.001419692618817031,-0.0009968409731891577,right-invariant board-normalized SE(3) log
E2,ihawk1,15.0,within_pose,20260808_131913,marker_4,3,-0.5196053427430274,-0.7997919546389857,0.6300960943682352,-0.0015086347223038888,0.00012194935394733686,-0.0013873437407283004,right-invariant board-normalized SE(3) log
E2,ihawk1,15.0,within_pose,20260808_141232,marker_4,1,-0.1306440085560411,-0.2712720115208973,0.17118534583051087,-0.0011541440524715405,-4.4008983897880306e-05,-0.00015486347036482192,right-invariant board-normalized SE(3) log
E2,ihawk1,15.0,within_pose,20260808_141232,marker_4,2,0.10895506888679778,0.18011268411597245,-0.11554855622872935,-0.00047274975980610514,-0.00011739845287037341,-0.00027729021578472713,right-invariant board-normalized SE(3) log
E2,ihawk1,15.0,within_pose,20260808_141232,marker_4,3,0.021688939669295335,0.09115932740490644,-0.055636789601826775,0.0016268938122846288,0.00016140743676937275,0.00043215368615250955,right-invariant board-normalized SE(3) log
E2,ihawk1,15.0,within_pose,20260808_145501,marker_4,1,0.05684839044212832,0.085551201340433,-0.057265932209655555,5.7917494402429466e-05,-0.00032415941425194955,0.00021412309260357608,right-invariant board-normalized SE(3) log
E2,ihawk1,15.0,within_pose,20260808_145501,marker_4,2,-0.04583112961024104,-0.06657170906411794,0.05516700725481713,0.0002175821477105903,0.00019394759339548258,7.378244804919098e-05,right-invariant board-normalized SE(3) log
E2,ihawk1,15.0,within_pose,20260808_145501,marker_4,3,-0.011017260831885587,-0.01897949227623243,0.002098924954794383,-0.0002754996424935905,0.000130211820345845,-0.00028790554069321197,right-invariant board-normalized SE(3) log
E2,ihawk1,15.0,within_pose,20260808_151001,marker_4,1,0.07349500573402071,0.10830324459869174,-0.08721376222002293,0.0002917851557555337,8.372555828862399e-05,0.0003230115593461879,right-invariant board-normalized SE(3) log
E2,ihawk1,15.0,within_pose,20260808_151001,marker_4,2,0.10216394388342857,0.16075881586677837,-0.1295694525812633,0.0004962069936041625,0.0004116077956084809,0.0010184810377953423,right-invariant board-normalized SE(3) log
E2,ihawk1,15.0,within_pose,20260808_151001,marker_4,3,-0.17565894961751,-0.2690620604653425,0.21678321480121168,-0.0007879921491367697,-0.0004953333538530138,-0.0013414925969294385,right-invariant board-normalized SE(3) log
E2,ihawk1,15.0,within_pose,20260808_162715,marker_4,1,-0.01605343672146657,-0.07672325590052416,0.020090232328251075,-0.0012047612205331154,-0.000698667366375757,-0.00041127880789913176,right-invariant board-normalized SE(3) log
E2,ihawk1,15.0,within_pose,20260808_162715,marker_4,2,-0.05229808382727729,-0.060097968025868566,0.06273534222702694,0.00023009399153944122,0.0004836444601840989,-3.5463003164252635e-05,right-invariant board-normalized SE(3) log
E2,ihawk1,15.0,within_pose,20260808_162715,marker_4,3,0.06835152054889107,0.13682122392658025,-0.0828255745554817,0.0009746672290193978,0.0002150229061896326,0.0004467418110778112,right-invariant board-normalized SE(3) log
E2,ihawk1,15.0,between_run,20260808_131913,all_poses,,-1.437230558423568,0.8541835754797006,-0.5188544356341971,-0.0017050464079860553,-0.004998390756701124,0.001633094457081155,right-invariant board-normalized SE(3) log
E2,ihawk1,15.0,between_run,20260808_141232,all_poses,,-0.3946719128864584,4.066118712669584,-0.20746562372779082,-0.0029990511052003324,0.0055137797905219525,-0.0012964110894421999,right-invariant board-normalized SE(3) log
E2,ihawk1,15.0,between_run,20260808_145501,all_poses,,-0.768999971954725,0.7978549803678756,-0.9640800636997683,-0.00021849965715291524,0.0013399949768485892,0.006315698404796668,right-invariant board-normalized SE(3) log
E2,ihawk1,15.0,between_run,20260808_151001,all_poses,,-0.49786577253376274,-2.080358105501172,0.4950409846297011,0.0022538823489853103,-0.0060711055127907025,-0.0017557920254716853,right-invariant board-normalized SE(3) log
E2,ihawk1,15.0,between_run,20260808_162715,all_poses,,3.098768215798431,-3.6377991630160835,1.1953591384321325,0.0026687148213485916,0.004215721502220613,-0.004896589747007193,right-invariant board-normalized SE(3) log
E2,ihawk1,15.0,cross_pose,20260808_131913,marker_0,,7.149069714283189,-12.723755082097142,4.062395136442834,0.0006271152783798673,0.011211461111015236,-0.0004018864945135051,right-invariant board-normalized SE(3) log
E2,ihawk1,15.0,cross_pose,20260808_141232,marker_0,,8.834047629283594,-8.95169671410009,-0.3710083179787213,0.013962421382990094,0.009862257581272342,-0.004395889966222307,right-invariant board-normalized SE(3) log
E2,ihawk1,15.0,cross_pose,20260808_145501,marker_0,,8.882267955330928,-7.4886284902567715,-1.7492168366573004,0.013933566348574579,0.009957298371133726,-0.007003565913210107,right-invariant board-normalized SE(3) log
E2,ihawk1,15.0,cross_pose,20260808_151001,marker_0,,7.915229675169015,-10.881423680115237,0.9437761727961982,0.005095031303114007,0.017195980168656082,-0.005460470236938388,right-invariant board-normalized SE(3) log
E2,ihawk1,15.0,cross_pose,20260808_162715,marker_0,,9.719695051740956,-8.155535405259792,-1.4308052115014713,0.006494732433320056,0.00042689490802555105,-0.0063282440345886525,right-invariant board-normalized SE(3) log
E2,ihawk1,15.0,cross_pose,20260808_131913,marker_1,,-5.182396124954337,-3.152899493846482,-5.245430107154474,0.008301716470303465,-0.024742651782518936,0.0015692294487531745,right-invariant board-normalized SE(3) log
E2,ihawk1,15.0,cross_pose,20260808_141232,marker_1,,-2.9988977210008003,-3.228334782605434,-3.2673037925725033,0.0029447351171476405,-0.0026299718362325286,0.008759649444510515,right-invariant board-normalized SE(3) log
E2,ihawk1,15.0,cross_pose,20260808_145501,marker_1,,-3.3516313360485195,-4.310201136939764,-3.0286226549184256,0.0014070356467241725,-0.004691088700150789,0.01187749565076794,right-invariant board-normalized SE(3) log
E2,ihawk1,15.0,cross_pose,20260808_151001,marker_1,,-6.308646041534437,-6.954266869373483,-2.560069709511354,0.0003134524815199592,-0.032486720823570056,0.0047027097968402425,right-invariant board-normalized SE(3) log
E2,ihawk1,15.0,cross_pose,20260808_162715,marker_1,,-5.870403485225368,-5.034720387265917,-1.8344048454582953,-0.007077729809300284,-0.004038990403638407,-0.003827017429546869,right-invariant board-normalized SE(3) log
E2,ihawk1,15.0,cross_pose,20260808_131913,marker_2,,7.2985401040508835,6.840489164490845,1.8566757043082676,-0.006927294074213296,0.011355179261519946,0.0006676413991890289,right-invariant board-normalized SE(3) log
E2,ihawk1,15.0,cross_pose,20260808_141232,marker_2,,3.927123212163952,3.2747127984438773,4.101470790313905,-0.013498647961922289,0.020872718963332624,-0.00024794584242016267,right-invariant board-normalized SE(3) log
E2,ihawk1,15.0,cross_pose,20260808_145501,marker_2,,7.50074146308014,6.80720791327977,1.552599116569343,-0.009726703276053367,0.005403810225091219,-0.004480008202053942,right-invariant board-normalized SE(3) log
E2,ihawk1,15.0,cross_pose,20260808_151001,marker_2,,8.585558957511424,8.111347609845705,0.631118389589166,-0.011835030814565575,0.011415985481920217,-0.005464319148288187,right-invariant board-normalized SE(3) log
E2,ihawk1,15.0,cross_pose,20260808_162715,marker_2,,8.826389533382205,8.714767492733845,-0.47941159220009266,-0.003156587973865415,0.008286310284440499,0.0012861107124925064,right-invariant board-normalized SE(3) log
E2,ihawk1,15.0,cross_pose,20260808_131913,marker_3,,-9.339113889010344,8.348208206624244,-0.8086621359684427,-0.0049184742343751356,-0.0038571839937802167,0.0043096002965853164,right-invariant board-normalized SE(3) log
E2,ihawk1,15.0,cross_pose,20260808_141232,marker_3,,-10.646121023647575,7.57354045920451,-0.2914060122062253,-0.003096949310643118,-0.022274725526153113,0.003922245178665748,right-invariant board-normalized SE(3) log
E2,ihawk1,15.0,cross_pose,20260808_145501,marker_3,,-12.888191854235355,5.425363840322834,2.5658241777585347,0.0018439517367900436,-0.008022700073968375,0.014161065562035667,right-invariant board-normalized SE(3) log
E2,ihawk1,15.0,cross_pose,20260808_151001,marker_3,,-11.566808114117775,7.279009575724558,2.172014756666248,0.007507952362457758,0.0014371044480203253,0.01253776081978002,right-invariant board-normalized SE(3) log
E2,ihawk1,15.0,cross_pose,20260808_162715,marker_3,,-14.488908416171633,3.167802627391396,5.4099791229885605,0.009247407769027268,-0.0013202279522245416,0.01401770694695689,right-invariant board-normalized SE(3) log
E2,ihawk1,15.0,cross_pose,20260808_131913,marker_4,,0.07390019563072325,0.6879572048285509,0.1350214023718137,0.002916936559896452,0.006033195403753281,-0.00614458465001157,right-invariant board-normalized SE(3) log
E2,ihawk1,15.0,cross_pose,20260808_141232,marker_4,,0.8838479032009708,1.3317782390574022,-0.17175266755656554,-0.0003115592275605517,-0.005830279182209789,-0.00803805881450899,right-invariant board-normalized SE(3) log
E2,ihawk1,15.0,cross_pose,20260808_145501,marker_4,,-0.14318622812679355,-0.4337421264060854,0.6594161972478669,-0.007457850456035203,-0.002647319822109996,-0.014554987097512007,right-invariant board-normalized SE(3) log
E2,ihawk1,15.0,cross_pose,20260808_151001,marker_4,,1.3746655229719393,2.4453333639183357,-1.1868396095404194,-0.0010814053325223702,0.0024376507249563284,-0.006315681231396044,right-invariant board-normalized SE(3) log
E2,ihawk1,15.0,cross_pose,20260808_162715,marker_4,,1.8132273162738326,1.3076856724005812,-1.6653574738291428,-0.005507822419181148,-0.003353986836598449,-0.005148556195283222,right-invariant board-normalized SE(3) log
E2,ihawk1,20.0,within_pose,20260808_131913,marker_0,1,0.34984960696978984,0.65564292656942,-0.4421609859116134,0.0006449587056231663,0.00033766287811156986,0.001426998531774825,right-invariant board-normalized SE(3) log
E2,ihawk1,20.0,within_pose,20260808_131913,marker_0,2,0.014059586972150569,-0.053755622513005356,0.04270401958936026,5.917169855726622e-05,7.98037914773504e-05,0.0004897812986805088,right-invariant board-normalized SE(3) log
E2,ihawk1,20.0,within_pose,20260808_131913,marker_0,3,-0.3639091939418087,-0.6018873040563545,0.39945696632210287,-0.0007041304042086913,-0.00041746666963303686,-0.0019167798307330414,right-invariant board-normalized SE(3) log
E2,ihawk1,20.0,within_pose,20260808_141232,marker_0,1,-1.6677293329840248,-1.243415005783464,-0.13380383895463294,0.001647334479901658,-0.001577493067857279,-0.01778876086600689,right-invariant board-normalized SE(3) log
E2,ihawk1,20.0,within_pose,20260808_141232,marker_0,2,-1.0058548486917491,-5.153674673378457,5.213665084564441,-0.012836220533195095,-0.0035740054348120387,0.01300581695690373,right-invariant board-normalized SE(3) log
E2,ihawk1,20.0,within_pose,20260808_141232,marker_0,3,2.6735841816756887,6.397089679161921,-5.0798612456097985,0.011188886053307433,0.005151498502672558,0.004782943909084154,right-invariant board-normalized SE(3) log
E2,ihawk1,20.0,within_pose,20260808_145501,marker_0,1,-0.034054925466086766,-0.07798046415383154,0.12233584527124187,-0.0006221638637577435,-0.00033385262319387366,-0.0003669993475494062,right-invariant board-normalized SE(3) log
E2,ihawk1,20.0,within_pose,20260808_145501,marker_0,2,-0.015421068868752951,-0.04968088632406978,0.07650403622062915,-0.00012418301418377052,-0.00038497036577062846,-0.00017451356371404333,right-invariant board-normalized SE(3) log
E2,ihawk1,20.0,within_pose,20260808_145501,marker_0,3,0.04947599433466678,0.12766135047784738,-0.19883988149184154,0.0007463468781334971,0.0007188229892963598,0.0005415129114494927,right-invariant board-normalized SE(3) log
E2,ihawk1,20.0,within_pose,20260808_151001,marker_0,1,-0.08980451038781327,-0.2218996110530456,0.04321983148271258,0.00032484817178036183,0.0012086892226923888,0.00034120482245819655,right-invariant board-normalized SE(3) log
E2,ihawk1,20.0,within_pose,20260808_151001,marker_0,2,0.0859877606646558,0.23275738414625197,-0.15219324874626916,0.0003222386114897333,-0.0004075411699165095,-7.942522514084823e-05,right-invariant board-normalized SE(3) log
E2,ihawk1,20.0,within_pose,20260808_151001,marker_0,3,0.0038167497231979693,-0.010857773093257365,0.10897341726360461,-0.0006470867830755439,-0.0008011480525551611,-0.00026177959724369587,right-invariant board-normalized SE(3) log
E2,ihawk1,20.0,within_pose,20260808_162715,marker_0,1,-0.29299678644641136,-0.6416704391404117,0.4555530433565589,-0.0008596174919247177,0.00028497986715388595,-0.0006206757479789427,right-invariant board-normalized SE(3) log
E2,ihawk1,20.0,within_pose,20260808_162715,marker_0,2,0.05311943071211587,0.33994804751142893,-0.17316183742516433,-0.0004597328441289698,-0.00024336293522894906,-0.000558602853057148,right-invariant board-normalized SE(3) log
E2,ihawk1,20.0,within_pose,20260808_162715,marker_0,3,0.23987735573442365,0.30172239162919506,-0.2823912059312691,0.0013193503361201338,-4.161693192403912e-05,0.0011792786010971152,right-invariant board-normalized SE(3) log
E2,ihawk1,20.0,within_pose,20260808_131913,marker_1,1,-0.13117886084863006,-0.08140258227636307,0.06952943840752465,-0.00022940515415556667,-0.0003333438250152425,-0.0005122409428301033,right-invariant board-normalized SE(3) log
E2,ihawk1,20.0,within_pose,20260808_131913,marker_1,2,0.09587332990854891,0.1734214866831306,-0.11679109831264829,9.352043252011513e-06,-0.0002237138518929231,-0.00012445324577767795,right-invariant board-normalized SE(3) log
E2,ihawk1,20.0,within_pose,20260808_131913,marker_1,3,0.0353055309400606,-0.09201890440681805,0.04726165990513095,0.00022005311090677964,0.0005570576769180198,0.0006366941886181359,right-invariant board-normalized SE(3) log
E2,ihawk1,20.0,within_pose,20260808_141232,marker_1,1,-0.20419674535877844,0.32376211690403756,-0.1531306689829508,-0.0009082010630519846,-0.0020159029648319613,-0.0025140430972931975,right-invariant board-normalized SE(3) log
E2,ihawk1,20.0,within_pose,20260808_141232,marker_1,2,-0.7282203369361552,-0.674211469787784,0.5344778136751998,-0.0014207022568788765,-0.0014091936534035502,-0.001305846915447223,right-invariant board-normalized SE(3) log
E2,ihawk1,20.0,within_pose,20260808_141232,marker_1,3,0.9324170822947756,0.3504493528835564,-0.38134714469211145,0.002328903319982906,0.0034250966182867762,0.003819890012787741,right-invariant board-normalized SE(3) log
E2,ihawk1,20.0,within_pose,20260808_145501,marker_1,1,0.2502674855210575,0.2806564564036579,-0.2551055087846817,0.0007083060615111463,0.0003361361060509917,0.00029438906035357017,right-invariant board-normalized SE(3) log
E2,ihawk1,20.0,within_pose,20260808_145501,marker_1,2,0.17263307407223935,-0.02373387399391304,0.006472854138762488,-0.0002479310667066291,0.000191081431404547,0.0009930596039976368,right-invariant board-normalized SE(3) log
E2,ihawk1,20.0,within_pose,20260808_145501,marker_1,3,-0.4229005595934882,-0.2569225824098299,0.24863265464588263,-0.00046037499489189694,-0.0005272175374395161,-0.0012874486641834553,right-invariant board-normalized SE(3) log
E2,ihawk1,20.0,within_pose,20260808_151001,marker_1,1,-1.7909670945654272,-0.37845154391233393,0.5640873853326447,-0.001861380251559191,-0.00393622643538985,-0.008251987092463827,right-invariant board-normalized SE(3) log
E2,ihawk1,20.0,within_pose,20260808_151001,marker_1,2,0.30413095388112243,-0.0006021037074090456,-0.02211961755201208,0.000152599905396726,0.0009722566568668936,0.0016477447159184216,right-invariant board-normalized SE(3) log
E2,ihawk1,20.0,within_pose,20260808_151001,marker_1,3,1.486836140684379,0.37905364761988486,-0.5419677677806987,0.00170878034615739,0.0029639697785048195,0.0066042423765119,right-invariant board-normalized SE(3) log
E2,ihawk1,20.0,within_pose,20260808_162715,marker_1,1,0.6681327021726514,0.5184299469872009,-0.517784622685978,0.001252931181253467,0.00038213164062930196,0.002347352615756706,right-invariant board-normalized SE(3) log
E2,ihawk1,20.0,within_pose,20260808_162715,marker_1,2,-0.4778497255174603,-0.3084771545883637,0.32069144835020813,-0.0009734240163461347,-0.0007471786847824068,-0.002034601566964388,right-invariant board-normalized SE(3) log
E2,ihawk1,20.0,within_pose,20260808_162715,marker_1,3,-0.1902829766552702,-0.20995279239884934,0.1970931743359438,-0.0002795071647902309,0.00036504704390705076,-0.00031275104870470694,right-invariant board-normalized SE(3) log
E2,ihawk1,20.0,within_pose,20260808_131913,marker_2,1,0.005355764705161502,0.036752928926925825,-0.03347584308473634,0.0003999096449069153,0.0005724718769955195,-2.7715501576543244e-05,right-invariant board-normalized SE(3) log
E2,ihawk1,20.0,within_pose,20260808_131913,marker_2,2,0.016288235722990756,0.004234940950901722,-0.008034926150775893,-1.9842352381361372e-05,-4.825811112292342e-05,-0.0001332806996206346,right-invariant board-normalized SE(3) log
E2,ihawk1,20.0,within_pose,20260808_131913,marker_2,3,-0.02164400042800723,-0.040987869877662675,0.041510769235344365,-0.00038006729278844566,-0.000524213766235098,0.00016099620130877746,right-invariant board-normalized SE(3) log
E2,ihawk1,20.0,within_pose,20260808_141232,marker_2,1,0.1463812876342347,0.04059120892648914,-0.09647917203692132,-0.0003831681568931654,-0.0006183021644602097,-0.000553538726096419,right-invariant board-normalized SE(3) log
E2,ihawk1,20.0,within_pose,20260808_141232,marker_2,2,-0.0281272604594062,-0.17531672868124945,0.05084100948388814,-0.0006864036328762907,-0.00015755753648762232,-0.00037945253750818614,right-invariant board-normalized SE(3) log
E2,ihawk1,20.0,within_pose,20260808_141232,marker_2,3,-0.11825402717487048,0.1347255197546226,0.04563816255303991,0.00106957178978326,0.0007758597010491686,0.0009329912636755377,right-invariant board-normalized SE(3) log
E2,ihawk1,20.0,within_pose,20260808_145501,marker_2,1,0.054184342771108035,-0.09132747362186265,0.060914953515216065,-5.401507569084675e-05,-0.0003425914833152109,-0.0007248631055790218,right-invariant board-normalized SE(3) log
E2,ihawk1,20.0,within_pose,20260808_145501,marker_2,2,0.014366141972298793,0.1648966801486596,-0.07375197738644171,0.00046741423465713897,0.0001039978346398665,0.0005101237706710784,right-invariant board-normalized SE(3) log
E2,ihawk1,20.0,within_pose,20260808_145501,marker_2,3,-0.06855048474347607,-0.07356920652680723,0.012837023871153899,-0.0004133991590121449,0.00023859364859756536,0.0002147393347215121,right-invariant board-normalized SE(3) log
E2,ihawk1,20.0,within_pose,20260808_151001,marker_2,1,0.03388594798306685,-0.05372885719407524,0.0040539183661422165,-0.00010715065254014489,-3.960766781728037e-05,-0.00024731336126713376,right-invariant board-normalized SE(3) log
E2,ihawk1,20.0,within_pose,20260808_151001,marker_2,2,-0.1730174211255069,0.17772085760892226,0.10122759050154569,0.0014301990213170166,0.0005562698302595878,0.0013508366468325914,right-invariant board-normalized SE(3) log
E2,ihawk1,20.0,within_pose,20260808_151001,marker_2,3,0.13913147314243873,-0.12399200041507387,-0.10528150886759488,-0.0013230483689049396,-0.0005166621624922183,-0.0011035232856867081,right-invariant board-normalized SE(3) log
E2,ihawk1,20.0,within_pose,20260808_162715,marker_2,1,-0.014385498219498374,0.01255081068847023,0.01836758652595679,0.0011069764661809825,0.0011345900551775938,-7.487144765486974e-05,right-invariant board-normalized SE(3) log
E2,ihawk1,20.0,within_pose,20260808_162715,marker_2,2,-0.04339946210574342,-0.07219257824692966,0.05872781397912001,-0.0008636200394031067,-0.0009600087946301292,0.00012285299424374916,right-invariant board-normalized SE(3) log
E2,ihawk1,20.0,within_pose,20260808_162715,marker_2,3,0.05778496032525248,0.05964176755850833,-0.0770954005052337,-0.000243356425844412,-0.00017458125990024105,-4.798154638550163e-05,right-invariant board-normalized SE(3) log
E2,ihawk1,20.0,within_pose,20260808_131913,marker_3,1,-10.805795963486482,-8.850007811591501,-13.074595115769739,-0.4126036190815215,0.48452855377054954,0.01181157299921564,right-invariant board-normalized SE(3) log
E2,ihawk1,20.0,within_pose,20260808_131913,marker_3,2,-10.730713455979503,-8.809273532506998,-13.606966317946291,-0.41361400296848544,0.483595412027553,0.012914818124637533,right-invariant board-normalized SE(3) log
E2,ihawk1,20.0,within_pose,20260808_131913,marker_3,3,21.536509419466004,17.65928134409854,26.681561433716066,0.8262176220500069,-0.968123965798103,-0.024726391123852845,right-invariant board-normalized SE(3) log
E2,ihawk1,20.0,within_pose,20260808_141232,marker_3,1,-0.3081037367349992,-0.28509249678701537,0.45470371256010944,0.00019207060602963316,0.0012735784177951418,-0.0006227545441482935,right-invariant board-normalized SE(3) log
E2,ihawk1,20.0,within_pose,20260808_141232,marker_3,2,0.26607987745217637,0.20648806117106006,-0.3247682427540596,-0.0006430657158529481,-0.001422240110772886,-0.0007876566983068625,right-invariant board-normalized SE(3) log
E2,ihawk1,20.0,within_pose,20260808_141232,marker_3,3,0.042023859282699715,0.07860443561601362,-0.12993546980591403,0.00045099510987026446,0.00014866169301258015,0.0014104112425822987,right-invariant board-normalized SE(3) log
E2,ihawk1,20.0,within_pose,20260808_145501,marker_3,1,-0.08114679551620707,-0.10618135969642988,0.2015263602332931,-3.0725882483460285e-05,0.0007904898558425093,-0.0006739639149097402,right-invariant board-normalized SE(3) log
E2,ihawk1,20.0,within_pose,20260808_145501,marker_3,2,0.125538197490036,0.09689499879748083,-0.13620204445539089,-0.00036924537317687274,-0.0008353602836729758,-0.0007434319306069358,right-invariant board-normalized SE(3) log
E2,ihawk1,20.0,within_pose,20260808_145501,marker_3,3,-0.04439140197369296,0.009286360899064115,-0.06532431577789762,0.00039997125563415544,4.487042778213118e-05,0.0014173958454559686,right-invariant board-normalized SE(3) log
E2,ihawk1,20.0,within_pose,20260808_151001,marker_3,1,0.28080468140205056,0.1959530650965794,-0.2088158308105705,-0.00032489179100032996,-0.000595763191519073,-0.0012180994452349089,right-invariant board-normalized SE(3) log
E2,ihawk1,20.0,within_pose,20260808_151001,marker_3,2,-0.15684022988413857,-0.21934113872088196,0.21396464066709006,-0.0008928168118020497,0.0001745607214455519,-0.001309963686222122,right-invariant board-normalized SE(3) log
E2,ihawk1,20.0,within_pose,20260808_151001,marker_3,3,-0.12396445151787999,0.023388073624300672,-0.005148809856378332,0.0012177086028329026,0.0004212024700854899,0.0025280631315219627,right-invariant board-normalized SE(3) log
E2,ihawk1,20.0,within_pose,20260808_162715,marker_3,1,-0.1836506105939182,-0.14394970364992737,0.2007990987007451,-4.1524674957428826e-05,0.0007119335568852079,0.00020536904687278544,right-invariant board-normalized SE(3) log
E2,ihawk1,20.0,within_pose,20260808_162715,marker_3,2,0.08458215269889671,0.05945724390405438,-0.047858589174312224,-0.0008772198321464493,0.00037452750738880804,-0.0009592959331515306,right-invariant board-normalized SE(3) log
E2,ihawk1,20.0,within_pose,20260808_162715,marker_3,3,0.09906845789507786,0.08449245974593417,-0.15294050952656105,0.0009187445071219644,-0.0010864610640543605,0.0007539268863806561,right-invariant board-normalized SE(3) log
E2,ihawk1,20.0,within_pose,20260808_131913,marker_4,1,-0.2040111816054743,-0.3304228239825604,0.25104810395278876,-0.0007633372006006473,-1.5273324177055264e-05,-0.0004610338569718351,right-invariant board-normalized SE(3) log
E2,ihawk1,20.0,within_pose,20260808_131913,marker_4,2,0.20560464149286864,0.3790629887061794,-0.2848601442018645,0.0006608485155487603,0.0005257549160976992,0.0010520746145918412,right-invariant board-normalized SE(3) log
E2,ihawk1,20.0,within_pose,20260808_131913,marker_4,3,-0.0015934598872661032,-0.04864016472333795,0.03381204024907828,0.0001024886850972942,-0.0005104815919139348,-0.0005910407575852884,right-invariant board-normalized SE(3) log
E2,ihawk1,20.0,within_pose,20260808_141232,marker_4,1,-0.07884447270221824,-0.06762765100371938,-0.017636217833420197,0.0002739680322253022,0.0027107173564678675,0.000528582283121016,right-invariant board-normalized SE(3) log
E2,ihawk1,20.0,within_pose,20260808_141232,marker_4,2,-0.3585415243774549,-0.7627659568707674,0.4761084830060242,-0.003670243731020533,-0.00044200945146153476,-0.0039094447702004076,right-invariant board-normalized SE(3) log
E2,ihawk1,20.0,within_pose,20260808_141232,marker_4,3,0.4373859970797505,0.8303936078746343,-0.4584722651725971,0.00339627569875821,-0.0022687079049204216,0.003380862487047759,right-invariant board-normalized SE(3) log
E2,ihawk1,20.0,within_pose,20260808_145501,marker_4,1,-0.08171369626732877,-0.0956449201416294,0.10058433653483233,0.00023894451479321798,0.0006337407758926765,0.00041466512727539664,right-invariant board-normalized SE(3) log
E2,ihawk1,20.0,within_pose,20260808_145501,marker_4,2,0.06830813958167625,0.12885579915298215,-0.0709577086191734,0.0006057246517707306,-0.0005345650076878078,-6.406220819976396e-05,right-invariant board-normalized SE(3) log
E2,ihawk1,20.0,within_pose,20260808_145501,marker_4,3,0.013405556685692021,-0.03321087901120104,-0.029626627915674896,-0.0008446691665490036,-9.917576793292196e-05,-0.00035060291892869284,right-invariant board-normalized SE(3) log
E2,ihawk1,20.0,within_pose,20260808_151001,marker_4,1,-0.05714716709738656,-0.12580024550351815,0.07819191676093065,-0.0006000632850529681,-0.0001478498881190408,-0.00035016946905951324,right-invariant board-normalized SE(3) log
E2,ihawk1,20.0,within_pose,20260808_151001,marker_4,2,-0.09800980324766932,-0.14652725371105801,0.11836086689232762,-0.0003784535253629165,0.0004370723587880674,-0.0003096328993115941,right-invariant board-normalized SE(3) log
E2,ihawk1,20.0,within_pose,20260808_151001,marker_4,3,0.1551569703449418,0.27232749921456617,-0.19655278365311,0.0009785168105215605,-0.00028922247088395304,0.0006598023684731883,right-invariant board-normalized SE(3) log
E2,ihawk1,20.0,within_pose,20260808_162715,marker_4,1,-0.06514238474330063,-0.07075474020655421,0.07782834819916053,-0.0007441010654121217,4.886492326645331e-05,0.0002783193443495496,right-invariant board-normalized SE(3) log
E2,ihawk1,20.0,within_pose,20260808_162715,marker_4,2,-0.047849796868888586,-0.13405176562390536,0.11294047578684466,-0.00022102369113844304,-0.0003396261169227103,0.0014349861154305166,right-invariant board-normalized SE(3) log
E2,ihawk1,20.0,within_pose,20260808_162715,marker_4,3,0.1129921816119706,0.20480650583037197,-0.19076882398600115,0.0009651247565081978,0.00029076119365233007,-0.0017133054597384017,right-invariant board-normalized SE(3) log
E2,ihawk1,20.0,between_run,20260808_131913,all_poses,,0.4458536078268415,1.3208217309584946,3.2862581190138496,0.06415323375663093,-0.07788219384734375,-0.005141014557909361,right-invariant board-normalized SE(3) log
E2,ihawk1,20.0,between_run,20260808_141232,all_poses,,0.14987543884451057,2.1043418577444704,0.23215845575151023,-0.014081911978645336,0.029215075256211604,0.002747785676123328,right-invariant board-normalized SE(3) log
E2,ihawk1,20.0,between_run,20260808_145501,all_poses,,-0.9215977474741067,0.4660303170260751,-1.5148064335589357,-0.017040381291346333,0.014527768099869756,0.006067831462216564,right-invariant board-normalized SE(3) log
E2,ihawk1,20.0,between_run,20260808_151001,all_poses,,-1.3593501217750819,-0.5557387660526097,-1.8660665896381767,-0.022820229055801767,0.012377436058969828,8.296609658836988e-05,right-invariant board-normalized SE(3) log
E2,ihawk1,20.0,between_run,20260808_162715,all_poses,,1.6852188225778255,-3.3354551396767262,-0.13754355156820713,-0.010210711430836657,0.021761914432290246,-0.00375756867701712,right-invariant board-normalized SE(3) log
E2,ihawk1,20.0,cross_pose,20260808_131913,marker_0,,6.084812941808242,-12.249023121465145,-3.236673213355508,-0.07898935404266924,0.10611320546132928,-0.0011295274267864278,right-invariant board-normalized SE(3) log
E2,ihawk1,20.0,cross_pose,20260808_141232,marker_0,,7.1024147414401995,-9.624928735501328,-0.12321487511013535,-0.014925597021984666,-0.001420429969941105,-0.024431888551484326,right-invariant board-normalized SE(3) log
E2,ihawk1,20.0,cross_pose,20260808_145501,marker_0,,7.629464596272545,-10.767893988633698,-0.21633088021285002,0.016998864644987885,0.012914191180517147,-0.0010662521823410027,right-invariant board-normalized SE(3) log
E2,ihawk1,20.0,cross_pose,20260808_151001,marker_0,,5.6390024233087255,-13.227894061731737,1.8606516259326602,0.010553310449585395,0.018501205654867323,-0.00850764925691878,right-invariant board-normalized SE(3) log
E2,ihawk1,20.0,cross_pose,20260808_162715,marker_0,,7.385335339862702,-10.892732513385162,0.9389933324234812,0.0054729004125440165,-0.0013258998657953555,-0.010082251964316759,right-invariant board-normalized SE(3) log
E2,ihawk1,20.0,cross_pose,20260808_131913,marker_1,,-8.295671712641354,-5.560966495286839,-6.572127214624931,-0.07979860532727429,0.08265455242510124,0.00015583827232546626,right-invariant board-normalized SE(3) log
E2,ihawk1,20.0,cross_pose,20260808_141232,marker_1,,-3.5122705180769325,-4.14472528956307,-2.790228248669585,0.04014962179545532,0.03939508562775331,0.021818185586899047,right-invariant board-normalized SE(3) log
E2,ihawk1,20.0,cross_pose,20260808_145501,marker_1,,-3.272218165150855,-2.4302028187679463,-4.361582191968967,0.0031432822082265257,-0.009859863971488116,0.0069265319354801765,right-invariant board-normalized SE(3) log
E2,ihawk1,20.0,cross_pose,20260808_151001,marker_1,,-0.6754230400027079,-1.3854090387068023,-4.356943074912764,0.0007998003908754821,-0.006228014842052444,0.019513219920593468,right-invariant board-normalized SE(3) log
E2,ihawk1,20.0,cross_pose,20260808_162715,marker_1,,-0.6743004582283466,-2.202107022530485,-4.933983088745711,0.010194978487969629,0.006943678036050293,0.016528997491352705,right-invariant board-normalized SE(3) log
E2,ihawk1,20.0,cross_pose,20260808_131913,marker_2,,5.663004640592671,4.810837270390816,-2.8341627737925403,-0.09370134494237507,0.0964965004505661,0.005055441271392716,right-invariant board-normalized SE(3) log
E2,ihawk1,20.0,cross_pose,20260808_141232,marker_2,,7.494901090221982,6.671667450262976,0.7198663839850095,-0.015538438655221865,0.0008026909914172163,-0.0015188477500780624,right-invariant board-normalized SE(3) log
E2,ihawk1,20.0,cross_pose,20260808_145501,marker_2,,6.796239391314059,6.103940961478618,2.7635089703180498,-0.009031680577006625,0.0039297058204066804,-0.003108368827356948,right-invariant board-normalized SE(3) log
E2,ihawk1,20.0,cross_pose,20260808_151001,marker_2,,6.166174495519583,6.344686085184087,2.6876108166670742,-0.004000232146589492,0.004944570956608634,-0.002342815543549894,right-invariant board-normalized SE(3) log
E2,ihawk1,20.0,cross_pose,20260808_162715,marker_2,,6.45025443818271,6.692754954766183,1.659081667052637,-0.011334442660691283,0.01322678762294247,-0.009400892486971532,right-invariant board-normalized SE(3) log
E2,ihawk1,20.0,cross_pose,20260808_131913,marker_3,,-3.350043565921368,12.455595389754766,18.358189545237,0.3398931611176684,-0.3769641184983235,-0.003011058738586957,right-invariant board-normalized SE(3) log
E2,ihawk1,20.0,cross_pose,20260808_141232,marker_3,,-12.343598793891768,6.111503070946999,3.2596983807583677,0.009081740211284899,-0.015559309553895465,0.018874718193990888,right-invariant board-normalized SE(3) log
E2,ihawk1,20.0,cross_pose,20260808_145501,marker_3,,-11.149101484954437,6.891057996074194,1.491607816237149,0.0014484325466719349,-0.013090785469031899,0.011714356190124056,right-invariant board-normalized SE(3) log
E2,ihawk1,20.0,cross_pose,20260808_151001,marker_3,,-11.511371379230438,6.839267251197795,0.505446455418958,-0.003107027667738703,-0.015096996660133878,0.006073878711291435,right-invariant board-normalized SE(3) log
E2,ihawk1,20.0,cross_pose,20260808_162715,marker_3,,-12.848821624971581,6.029560293195416,2.440382369710083,0.008614301078394778,-0.018283432815481268,0.01841602974149596,right-invariant board-normalized SE(3) log
E2,ihawk1,20.0,cross_pose,20260808_131913,marker_4,,-0.10210230383801512,0.5435569566063134,-5.715226343463914,-0.08740385680535019,0.09169986016132714,-0.0010706933783450469,right-invariant board-normalized SE(3) log
E2,ihawk1,20.0,cross_pose,20260808_141232,marker_4,,1.2585534803065686,0.9864835038542662,-1.0661216409636631,-0.018767326329530896,-0.0232180370953332,-0.014742167479327765,right-invariant board-normalized SE(3) log
E2,ihawk1,20.0,cross_pose,20260808_145501,marker_4,,-0.004384337481372728,0.2030978498485891,0.3227962856267408,-0.012558898822879774,0.006106752439622934,-0.014466267115924138,right-invariant board-normalized SE(3) log
E2,ihawk1,20.0,cross_pose,20260808_151001,marker_4,,0.38161750040469644,1.429349764056529,-0.6967658231059751,-0.004245851026147633,-0.0021207651092575307,-0.014736633831424938,right-invariant board-normalized SE(3) log
E2,ihawk1,20.0,cross_pose,20260808_162715,marker_4,,-0.31246769484547193,0.37252428795415005,-0.10447428044033504,-0.012947737318219497,-0.000561132977718603,-0.015461882781555168,right-invariant board-normalized SE(3) log
E2,ihawk1,25.0,within_pose,20260808_131913,marker_0,1,-0.34260934764834017,-0.6505516256512665,0.557304869598744,-0.0015946408482373476,-0.0009706837245881445,-0.0015459837383181147,right-invariant board-normalized SE(3) log
E2,ihawk1,25.0,within_pose,20260808_131913,marker_0,2,0.16058359828223756,0.4491952196070252,-0.46960786770448354,0.0014671477442757827,0.0006532267301027719,-1.2135551750301778e-05,right-invariant board-normalized SE(3) log
E2,ihawk1,25.0,within_pose,20260808_131913,marker_0,3,0.18202574936623392,0.2013564060442712,-0.08769700189443386,0.00012749310391317752,0.0003174569944562298,0.0015581192900232818,right-invariant board-normalized SE(3) log
E2,ihawk1,25.0,within_pose,20260808_141232,marker_0,1,3.591872774609103,8.719595692979926,-5.374853221025392,0.004051245015293803,-0.007970757545526468,-0.0011839689179853792,right-invariant board-normalized SE(3) log
E2,ihawk1,25.0,within_pose,20260808_141232,marker_0,2,-1.7237070702045096,-3.5816324078861768,1.2151283431604616,0.004315530531582732,0.008915731478758496,-6.424710023058227e-07,right-invariant board-normalized SE(3) log
E2,ihawk1,25.0,within_pose,20260808_141232,marker_0,3,-1.8681657044044815,-5.137963285093607,4.159724877865024,-0.008366775546863658,-0.000944973933246778,0.0011846113889849104,right-invariant board-normalized SE(3) log
E2,ihawk1,25.0,within_pose,20260808_145501,marker_0,1,0.1621274642347833,0.23805252370429786,-0.12810678700633185,0.0012902746156558088,-0.0014916714881353546,0.0006083458203808307,right-invariant board-normalized SE(3) log
E2,ihawk1,25.0,within_pose,20260808_145501,marker_0,2,0.16798642785989779,0.38687280505511656,-0.28753852866677637,0.0011796278826669963,-0.0006451272774206505,0.00017101816632676117,right-invariant board-normalized SE(3) log
E2,ihawk1,25.0,within_pose,20260808_145501,marker_0,3,-0.33011389209482506,-0.6249253287593491,0.4156453156731361,-0.0024699024981847404,0.002136798765459434,-0.0007793639866763549,right-invariant board-normalized SE(3) log
E2,ihawk1,25.0,within_pose,20260808_151001,marker_0,1,-0.04330681755359668,-0.06388122170653474,0.21184881660414687,-0.0010927782498940943,-0.0004006682036164312,-0.0004948343232036113,right-invariant board-normalized SE(3) log
E2,ihawk1,25.0,within_pose,20260808_151001,marker_0,2,0.1635205263522185,0.4322068098643871,-0.5671315232616937,0.002022317507189903,0.0009233048997327632,0.00015292065574477835,right-invariant board-normalized SE(3) log
E2,ihawk1,25.0,within_pose,20260808_151001,marker_0,3,-0.120213708798734,-0.36832558815793365,0.3552827066577245,-0.0009295392572831019,-0.0005226366961113975,0.0003419136674636001,right-invariant board-normalized SE(3) log
E2,ihawk1,25.0,within_pose,20260808_162715,marker_0,1,-0.12364322290101988,-0.2420229267794274,0.16723216095503557,-0.0005510011425601327,7.896204468700564e-05,-0.000508417507899514,right-invariant board-normalized SE(3) log
E2,ihawk1,25.0,within_pose,20260808_162715,marker_0,2,-0.41730985153000344,-0.6668322995205719,0.4344220787695915,-0.0012550842242383489,-0.00024410057125295629,-0.002152342181929116,right-invariant board-normalized SE(3) log
E2,ihawk1,25.0,within_pose,20260808_162715,marker_0,3,0.5409530744311506,0.908855226300012,-0.6016542397246238,0.0018060853668166637,0.00016513852656604723,0.002660759689851703,right-invariant board-normalized SE(3) log
E2,ihawk1,25.0,within_pose,20260808_131913,marker_1,1,-7.439333124267592,-13.24954897352988,9.04960620652711,-0.009091308324587889,0.0053762762931224934,0.004344727334711741,right-invariant board-normalized SE(3) log
E2,ihawk1,25.0,within_pose,20260808_131913,marker_1,2,-6.944277657099438,-13.360273023083588,9.04500597765471,-0.008244927732001287,0.007818648731482337,0.008016032486414422,right-invariant board-normalized SE(3) log
E2,ihawk1,25.0,within_pose,20260808_131913,marker_1,3,14.383610781367153,26.609821996613583,-18.09461218418174,0.01733623605659485,-0.013194925024608985,-0.012360759821130149,right-invariant board-normalized SE(3) log
E2,ihawk1,25.0,within_pose,20260808_141232,marker_1,1,9.051952228621957,17.888277580748767,-102.6648337225536,0.6847726007605869,-0.39265903344988784,-0.008963388573074209,right-invariant board-normalized SE(3) log
E2,ihawk1,25.0,within_pose,20260808_141232,marker_1,2,8.765866826863618,17.179233668601746,-103.25835816339651,0.6842338093847805,-0.39252472273476485,-0.008594876179209546,right-invariant board-normalized SE(3) log
E2,ihawk1,25.0,within_pose,20260808_141232,marker_1,3,-17.817819055485565,-35.067511249350716,205.92319188595036,-1.3690064101453674,0.7851837561846526,0.01755826475228364,right-invariant board-normalized SE(3) log
E2,ihawk1,25.0,within_pose,20260808_145501,marker_1,1,10.273016249674003,15.11644444293432,-107.39805380493647,0.6018315610088076,-0.41702595465833725,-0.001028142937183492,right-invariant board-normalized SE(3) log
E2,ihawk1,25.0,within_pose,20260808_145501,marker_1,2,10.283010554404031,14.525327858380594,-107.88556113750705,0.5990980774881997,-0.42096246862378145,-4.0090838418659387e-05,right-invariant board-normalized SE(3) log
E2,ihawk1,25.0,within_pose,20260808_145501,marker_1,3,-20.556026804078094,-29.64177230131505,215.28361494244348,-1.2009296384970067,0.8379884232821179,0.0010682337756020984,right-invariant board-normalized SE(3) log
E2,ihawk1,25.0,within_pose,20260808_151001,marker_1,1,-0.09238006653605221,-0.22241361359567557,0.16118605667812325,0.00018705009725100946,0.000829939729930175,0.00043225142947598367,right-invariant board-normalized SE(3) log
E2,ihawk1,25.0,within_pose,20260808_151001,marker_1,2,0.017245524138033957,0.029035326728248798,-0.049575104745053375,0.00022770643407477872,-4.0820088398715064e-05,6.236882213531594e-05,right-invariant board-normalized SE(3) log
E2,ihawk1,25.0,within_pose,20260808_151001,marker_1,3,0.07513454239805874,0.19337828686747588,-0.11161095193303114,-0.0004147565311998471,-0.0007891196413369207,-0.000494620251480884,right-invariant board-normalized SE(3) log
E2,ihawk1,25.0,within_pose,20260808_162715,marker_1,1,-0.010069295054216125,-0.17550980292235038,0.22382116430038476,-0.0002128811022831394,0.0015519365219477943,0.0009035342306421756,right-invariant board-normalized SE(3) log
E2,ihawk1,25.0,within_pose,20260808_162715,marker_1,2,-0.06468937639030636,0.18275922760510946,-0.041342409782129094,-5.368220832573637e-05,-0.00010723838489582511,-0.0011504384774001508,right-invariant board-normalized SE(3) log
E2,ihawk1,25.0,within_pose,20260808_162715,marker_1,3,0.07475867144451401,-0.007249424682735994,-0.182478754518344,0.0002665633105832852,-0.0014446981368938265,0.0002469042467879526,right-invariant board-normalized SE(3) log
E2,ihawk1,25.0,within_pose,20260808_131913,marker_2,1,-0.01094417255201356,-0.14740558830123662,0.010268430717942827,-0.000541275666574547,0.0005315119698409851,-0.0006298034703675953,right-invariant board-normalized SE(3) log
E2,ihawk1,25.0,within_pose,20260808_131913,marker_2,2,0.031771646532575686,0.02757456372572606,-0.20933792585084268,-0.0008333335523294763,0.00040201129945608463,-8.995621371173682e-05,right-invariant board-normalized SE(3) log
E2,ihawk1,25.0,within_pose,20260808_131913,marker_2,3,-0.020827473980548485,0.11983102457555787,0.19906949513297842,0.001374609218726043,-0.0009335232691775285,0.000719759683988929,right-invariant board-normalized SE(3) log
E2,ihawk1,25.0,within_pose,20260808_141232,marker_2,1,-0.011918291860804486,0.05235382085343813,0.024335198123783645,0.0003529221431858495,-0.00010104014308548668,0.00027173398165774275,right-invariant board-normalized SE(3) log
E2,ihawk1,25.0,within_pose,20260808_141232,marker_2,2,-0.03615987777333898,-0.04707639655900749,-0.028024324748646558,-0.00029652917819410446,0.00039125140204059766,-3.020293108953183e-06,right-invariant board-normalized SE(3) log
E2,ihawk1,25.0,within_pose,20260808_141232,marker_2,3,0.048078169634071855,-0.005277424294471186,0.003689126624982986,-5.639296490507687e-05,-0.00029021125923444204,-0.0002687136886692409,right-invariant board-normalized SE(3) log
E2,ihawk1,25.0,within_pose,20260808_145501,marker_2,1,0.014929350570392965,-0.003936978850474822,-0.048789526298944896,-0.0002901256832678632,9.718515139064785e-05,-0.00013701509663048903,right-invariant board-normalized SE(3) log
E2,ihawk1,25.0,within_pose,20260808_145501,marker_2,2,0.13814120443758096,-0.0860657505226878,0.0031382473659891715,-0.00020373434759584402,-0.0005214330306333998,-0.0008994743091931333,right-invariant board-normalized SE(3) log
E2,ihawk1,25.0,within_pose,20260808_145501,marker_2,3,-0.1530705550082308,0.09000272937297489,0.04565127893302732,0.000493860030962185,0.0004242478791918808,0.0010364894058457496,right-invariant board-normalized SE(3) log
E2,ihawk1,25.0,within_pose,20260808_151001,marker_2,1,-0.02959034352142654,-0.02282637713553117,0.17279114267883164,0.0008428305681729413,-0.0003558348105116773,9.105652272332502e-05,right-invariant board-normalized SE(3) log
E2,ihawk1,25.0,within_pose,20260808_151001,marker_2,2,-0.04349743685986935,0.05502553115179146,-0.05708184135437923,6.399151981317521e-05,0.00033356408378558606,0.00039209756701351117,right-invariant board-normalized SE(3) log
E2,ihawk1,25.0,within_pose,20260808_151001,marker_2,3,0.07308778038134231,-0.032199154016395434,-0.11570930132436943,-0.0009068220879195144,2.2270726920788203e-05,-0.00048315408949161916,right-invariant board-normalized SE(3) log
E2,ihawk1,25.0,within_pose,20260808_162715,marker_2,1,0.36458677014191665,-0.46133400035399535,0.009339975451348157,-0.0026328861738108816,-0.0023663516791267865,-0.0028241231393916605,right-invariant board-normalized SE(3) log
E2,ihawk1,25.0,within_pose,20260808_162715,marker_2,2,-0.21178043845168723,0.14736185295315823,0.01295605258063759,0.0006939124996052987,0.0007361446488465144,0.0013623405381549176,right-invariant board-normalized SE(3) log
E2,ihawk1,25.0,within_pose,20260808_162715,marker_2,3,-0.15280633169019572,0.31397214740067436,-0.022296028031876945,0.0019389736742473182,0.0016302070303185127,0.0014617826012847113,right-invariant board-normalized SE(3) log
E2,ihawk1,25.0,within_pose,20260808_131913,marker_3,1,-0.47083612354111204,-0.3397912011962068,0.46091905641108494,0.0038697353540786306,-0.0008127083909453138,0.0033052640532571422,right-invariant board-normalized SE(3) log
E2,ihawk1,25.0,within_pose,20260808_131913,marker_3,2,-0.8394057238297571,-0.575157216129042,0.6549620359757774,0.002588465844529824,0.002665064876167853,0.005564552759267342,right-invariant board-normalized SE(3) log
E2,ihawk1,25.0,within_pose,20260808_131913,marker_3,3,1.3102418473708275,0.9149484173252581,-1.1158810923868538,-0.006458201198602242,-0.001852356485212018,-0.00886981681250673,right-invariant board-normalized SE(3) log
E2,ihawk1,25.0,within_pose,20260808_141232,marker_3,1,-29.304879292150925,-22.277430302021497,-23.470585991155936,-0.8027912001610026,1.004022668347022,0.04282756623405143,right-invariant board-normalized SE(3) log
E2,ihawk1,25.0,within_pose,20260808_141232,marker_3,2,14.448031740528776,10.9362980709648,11.30292730172524,0.3985392296013179,-0.5033575978121622,-0.019117648527647423,right-invariant board-normalized SE(3) log
E2,ihawk1,25.0,within_pose,20260808_141232,marker_3,3,14.856847551622073,11.341132231056704,12.167658689430423,0.4042519705596843,-0.5006650705348599,-0.02370991770640356,right-invariant board-normalized SE(3) log
E2,ihawk1,25.0,within_pose,20260808_145501,marker_3,1,4.609861822607198,4.247941996885975,-3.919177189690976,0.008829209682329869,-0.005632895629498661,0.0012900645515601574,right-invariant board-normalized SE(3) log
E2,ihawk1,25.0,within_pose,20260808_145501,marker_3,2,-2.2917533508959482,-2.117716863592035,1.9321747290542284,-0.004481849107443679,0.002716937580119474,-0.0006479638520483342,right-invariant board-normalized SE(3) log
E2,ihawk1,25.0,within_pose,20260808_145501,marker_3,3,-2.31810847171138,-2.130225133294063,1.9870024606365218,-0.004347360574891106,0.002915958049381337,-0.0006421006995123652,right-invariant board-normalized SE(3) log
E2,ihawk1,25.0,within_pose,20260808_151001,marker_3,1,2.201792021233044,2.435339202582748,-0.9852301540344043,0.00973262695466923,0.0023446824870977027,-0.00039025293358290885,right-invariant board-normalized SE(3) log
E2,ihawk1,25.0,within_pose,20260808_151001,marker_3,2,-3.9331748803683535,-4.490805074515584,1.5994742015394834,-0.02006749604174635,-0.005561529623002714,-0.0008999916644551952,right-invariant board-normalized SE(3) log
E2,ihawk1,25.0,within_pose,20260808_151001,marker_3,3,1.731382859135497,2.0554658719329617,-0.6142440475052142,0.010334869087092257,0.003216847135909103,0.0012902445980388284,right-invariant board-normalized SE(3) log
E2,ihawk1,25.0,within_pose,20260808_162715,marker_3,1,2.1405137746946368,2.4440005310097614,-1.9348429214218918,0.00466100766840051,-0.001762452440170053,0.0016123939729179267,right-invariant board-normalized SE(3) log
E2,ihawk1,25.0,within_pose,20260808_162715,marker_3,2,-4.64131475568688,-4.869173281134834,4.127389065812391,-0.006478880788715991,0.005686829623441996,0.0011755118776037637,right-invariant board-normalized SE(3) log
E2,ihawk1,25.0,within_pose,20260808_162715,marker_3,3,2.500800980992297,2.425172750125079,-2.1925461443905676,0.0018178731202947245,-0.003924377183237793,-0.0027879058505009134,right-invariant board-normalized SE(3) log
E2,ihawk1,25.0,within_pose,20260808_131913,marker_4,1,-0.09022954636189304,-0.1798151554615363,0.1331896315032619,0.00047931518416900564,-0.0003665644540296748,0.0002133337544285495,right-invariant board-normalized SE(3) log
E2,ihawk1,25.0,within_pose,20260808_131913,marker_4,2,0.1738433312363407,0.2515153856211675,-0.19847197029358718,0.0002781925552140019,-0.0005979338873491353,-0.00023209086845510778,right-invariant board-normalized SE(3) log
E2,ihawk1,25.0,within_pose,20260808_131913,marker_4,3,-0.08361378487434967,-0.07170023015953891,0.06528233879021736,-0.0007575077393481958,0.0009644983413481306,1.8757114038348667e-05,right-invariant board-normalized SE(3) log
E2,ihawk1,25.0,within_pose,20260808_141232,marker_4,1,0.22849681402819882,0.40804589317004775,-0.27791244828335676,0.0016043568417669464,-9.998154844424171e-05,0.0011975727328664013,right-invariant board-normalized SE(3) log
E2,ihawk1,25.0,within_pose,20260808_141232,marker_4,2,0.08207263564555053,0.20960042314874713,-0.13037287076612025,0.0015462241082619043,-7.773214225300765e-05,0.0015087841178200085,right-invariant board-normalized SE(3) log
E2,ihawk1,25.0,within_pose,20260808_141232,marker_4,3,-0.3105694496737652,-0.6176463163187749,0.40828531904950544,-0.003150580950179448,0.0001777136907058016,-0.0027063568508144467,right-invariant board-normalized SE(3) log
E2,ihawk1,25.0,within_pose,20260808_145501,marker_4,1,0.013734416626751771,0.09437188326360056,-0.03529548093480434,0.00025982233421665754,-7.187165954012849e-05,-0.00035212608875513103,right-invariant board-normalized SE(3) log
E2,ihawk1,25.0,within_pose,20260808_145501,marker_4,2,0.01965077576554581,0.026733699512553825,-0.034866889958518284,-0.00032337789675762466,0.000193651845806327,0.00029468328501089776,right-invariant board-normalized SE(3) log
E2,ihawk1,25.0,within_pose,20260808_145501,marker_4,3,-0.033385192392165794,-0.12110558277598024,0.07016237089329265,6.355556275475177e-05,-0.00012178018692023092,5.744280427393444e-05,right-invariant board-normalized SE(3) log
E2,ihawk1,25.0,within_pose,20260808_151001,marker_4,1,0.20736166663163214,0.3377499534371303,-0.23789653561555715,0.00027154099848314997,0.0003005539929306044,0.0004409107647629153,right-invariant board-normalized SE(3) log
E2,ihawk1,25.0,within_pose,20260808_151001,marker_4,2,0.011110827268948568,0.0730508338532495,-0.04326883438564167,0.0007071538623067941,0.0009650942714352075,0.0017930840579231042,right-invariant board-normalized SE(3) log
E2,ihawk1,25.0,within_pose,20260808_151001,marker_4,3,-0.21847249390047618,-0.41080078729022074,0.2811653700011476,-0.0009786948606231483,-0.001265648264173909,-0.002233994822389699,right-invariant board-normalized SE(3) log
E2,ihawk1,25.0,within_pose,20260808_162715,marker_4,1,0.011574905319236233,0.050780469021038804,-0.019978389176678903,0.00035943915610792495,0.00014249335997794263,0.00047484008339407547,right-invariant board-normalized SE(3) log
E2,ihawk1,25.0,within_pose,20260808_162715,marker_4,2,0.0903959126962676,0.14174000145285526,-0.10208824040815632,0.00025484083810201015,-0.00012669285518159134,0.0003039048240534009,right-invariant board-normalized SE(3) log
E2,ihawk1,25.0,within_pose,20260808_162715,marker_4,3,-0.10197081801563916,-0.1925204704739818,0.12206662958503073,-0.0006142799944346909,-1.580050464780183e-05,-0.0007787449077102573,right-invariant board-normalized SE(3) log
E2,ihawk1,25.0,between_run,20260808_131913,all_poses,,-6.9249573056117155,-9.601184892299836,20.06491565279637,-0.14026959681548531,0.1052183657542229,0.013095793626334788,right-invariant board-normalized SE(3) log
E2,ihawk1,25.0,between_run,20260808_141232,all_poses,,8.27182578458364,14.464192301511426,-19.069904320773663,0.3003041164118704,-0.24617920458130607,-0.014510037018514783,right-invariant board-normalized SE(3) log
E2,ihawk1,25.0,between_run,20260808_145501,all_poses,,2.4215583921572437,2.5290223803669676,-28.684883906108396,0.11431189862172265,-0.05889875504977185,0.007112959950256131,right-invariant board-normalized SE(3) log
E2,ihawk1,25.0,between_run,20260808_151001,all_poses,,-5.111088988833194,-3.3475850897600337,13.274089837712216,-0.13720501073576474,0.10158452799511306,0.0026391350156601216,right-invariant board-normalized SE(3) log
E2,ihawk1,25.0,between_run,20260808_162715,all_poses,,1.3426621177041986,-4.044444699818459,14.415782736373368,-0.13714140748234338,0.09827506588174222,-0.008337851573736453,right-invariant board-normalized SE(3) log
E2,ihawk1,25.0,cross_pose,20260808_131913,marker_0,,10.963050682663606,-8.074398143634477,0.24071071880160805,0.006247436442182954,0.0016613150924917812,-0.0038799707410967334,right-invariant board-normalized SE(3) log
E2,ihawk1,25.0,cross_pose,20260808_141232,marker_0,,-0.35327015252199856,-19.440401047181616,29.665881008934218,-0.4280395161115749,0.3535036752799835,0.007084539501322428,right-invariant board-normalized SE(3) log
E2,ihawk1,25.0,cross_pose,20260808_145501,marker_0,,2.699222860897733,-17.003283700348643,43.235398181273894,-0.2328474504432565,0.18364327262396019,-0.010106106091970367,right-invariant board-normalized SE(3) log
E2,ihawk1,25.0,cross_pose,20260808_151001,marker_0,,7.753425929322722,-11.317449542780823,1.7936974598303803,0.009934986319852802,0.006452789022855152,-0.009533735102710165,right-invariant board-normalized SE(3) log
E2,ihawk1,25.0,cross_pose,20260808_162715,marker_0,,5.706978927741346,-13.670655182092897,3.18154082031514,0.010407039976453343,0.009136915395681518,0.0014316505449277327,right-invariant board-normalized SE(3) log
E2,ihawk1,25.0,cross_pose,20260808_131913,marker_1,,-14.146729507228404,-21.24819629447979,9.12756772459142,-0.007969732096948456,0.0004183863170989567,0.004115896302648268,right-invariant board-normalized SE(3) log
E2,ihawk1,25.0,cross_pose,20260808_141232,marker_1,,-17.153614812226415,-1.5753520481092902,-154.15943726695016,0.8900416489326013,-0.44164762910141697,-0.07027200224323947,right-invariant board-normalized SE(3) log
E2,ihawk1,25.0,cross_pose,20260808_145501,marker_1,,14.508916624634985,19.301953982604868,-174.0201961031096,0.9665626355802398,-0.6612301478606396,0.015250028096384295,right-invariant board-normalized SE(3) log
E2,ihawk1,25.0,cross_pose,20260808_151001,marker_1,,-4.12194218391377,-3.662337026232078,-1.1241769669663082,-0.000686570491805599,-0.004078337414771864,6.648673075070026e-06,right-invariant board-normalized SE(3) log
E2,ihawk1,25.0,cross_pose,20260808_162715,marker_1,,-6.562328367318886,-4.950691674277753,-0.7315974526062452,0.0052579415353147954,0.0004951025545979611,0.006481518387103613,right-invariant board-normalized SE(3) log
E2,ihawk1,25.0,cross_pose,20260808_131913,marker_2,,11.682745142101396,13.740608577177822,-4.563888427173159,-0.008878091358580016,0.0034995805530205165,-0.007186409214294859,right-invariant board-normalized SE(3) log
E2,ihawk1,25.0,cross_pose,20260808_141232,marker_2,,-1.9423759349773633,-4.703122017705832,27.129040259792838,-0.44700470565936234,0.36511893123772926,0.009957550547297526,right-invariant board-normalized SE(3) log
E2,ihawk1,25.0,cross_pose,20260808_145501,marker_2,,3.394710447481092,1.8836907066751765,42.09311728588907,-0.25195568251637157,0.16457028578075408,-0.009136435233608218,right-invariant board-normalized SE(3) log
E2,ihawk1,25.0,cross_pose,20260808_151001,marker_2,,8.946637811952865,9.78537495883444,-2.1874508132218557,-0.007901315467780487,0.02564923248905527,-0.0037398463983952792,right-invariant board-normalized SE(3) log
E2,ihawk1,25.0,cross_pose,20260808_162715,marker_2,,5.804955435809227,6.563637416012382,2.197156880152559,0.002693660130611001,0.015140920834632665,0.007138649910773345,right-invariant board-normalized SE(3) log
E2,ihawk1,25.0,cross_pose,20260808_131913,marker_3,,-13.66692282543535,7.51423928869237,0.8434215072697253,0.0013609413586617713,0.0003537340688835954,0.02222445395495892,right-invariant board-normalized SE(3) log
E2,ihawk1,25.0,cross_pose,20260808_141232,marker_3,,28.454856478786425,37.7143238428867,65.5845311735801,0.42134152624104465,-0.6165820117500097,0.041136105301826785,right-invariant board-normalized SE(3) log
E2,ihawk1,25.0,cross_pose,20260808_145501,marker_3,,-17.58207309803894,1.029137908637709,47.02990858909411,-0.2234990147850441,0.1622569262888643,0.023045739979753597,right-invariant board-normalized SE(3) log
E2,ihawk1,25.0,cross_pose,20260808_151001,marker_3,,-12.971727412380153,4.932457035928128,0.8330676912022155,-0.002703471617866204,-0.02541120787072634,0.022795193218014608,right-invariant board-normalized SE(3) log
E2,ihawk1,25.0,cross_pose,20260808_162715,marker_3,,-4.274468084339086,12.333033644531104,-5.212852727009559,-0.017000969718784033,-0.023054721857583,-0.01673937659489407,right-invariant board-normalized SE(3) log
E2,ihawk1,25.0,cross_pose,20260808_131913,marker_4,,5.167856507899067,8.067746572244268,-5.6478115234893975,0.009239445654704316,-0.005933016031488083,-0.015273970302227935,right-invariant board-normalized SE(3) log
E2,ihawk1,25.0,cross_pose,20260808_141232,marker_4,,-9.005595579060602,-11.995448729889732,31.779984824642558,-0.4363389534027089,0.33960703433371425,0.012093806892793022,right-invariant board-normalized SE(3) log
E2,ihawk1,25.0,cross_pose,20260808_145501,marker_4,,-3.0207768349747153,-5.211498897568955,41.661772046852484,-0.25826048783556693,0.15075966316706044,-0.019053226750559503,right-invariant board-normalized SE(3) log
E2,ihawk1,25.0,cross_pose,20260808_151001,marker_4,,0.39360585501863093,0.2619545742503894,0.6848626291552313,0.0013563712576162917,-0.002612476226354118,-0.009528260389986925,right-invariant board-normalized SE(3) log
E2,ihawk1,25.0,cross_pose,20260808_162715,marker_4,,-0.6751379118924363,-0.27532420417243647,0.5657524791479692,-0.0013576719236011363,-0.0017182169273414298,0.0016875577520812633,right-invariant board-normalized SE(3) log
E2,ihawk1,30.0,within_pose,20260808_131913,marker_0,1,-0.7558877951804649,-1.0777512346963483,-0.5432870484512968,0.006803909156875866,0.00746427798823112,1.1496787066130721e-05,right-invariant board-normalized SE(3) log
E2,ihawk1,30.0,within_pose,20260808_131913,marker_0,2,0.22154918128438603,-0.06965895199452031,0.768694658586875,-0.004357582221266331,-0.004290785480067223,0.0005435034036245356,right-invariant board-normalized SE(3) log
E2,ihawk1,30.0,within_pose,20260808_131913,marker_0,3,0.5343386138961411,1.147410186690715,-0.22540761013549557,-0.0024463269356093187,-0.0031734925081633486,-0.0005550001906903022,right-invariant board-normalized SE(3) log
E2,ihawk1,30.0,within_pose,20260808_141232,marker_0,1,-0.52504042919438,-1.789192898805511,1.1714923105281065,-0.001441195944975221,0.0009827791645176738,0.001927167624645772,right-invariant board-normalized SE(3) log
E2,ihawk1,30.0,within_pose,20260808_141232,marker_0,2,1.093859391648268,3.403674237045795,-2.1643055364659256,0.002573802665565864,-0.001885979614715918,-0.0029917987013264465,right-invariant board-normalized SE(3) log
E2,ihawk1,30.0,within_pose,20260808_141232,marker_0,3,-0.568818962453855,-1.6144813382403609,0.9928132259380664,-0.0011326067206124148,0.0009032004502113256,0.0010646310767154718,right-invariant board-normalized SE(3) log
E2,ihawk1,30.0,within_pose,20260808_145501,marker_0,1,-0.20176794681759297,-0.09591160267071322,0.13815681589032044,-0.0007774250762337381,-0.0006837618849903739,-0.0017188547096886962,right-invariant board-normalized SE(3) log
E2,ihawk1,30.0,within_pose,20260808_145501,marker_0,2,-0.3306942877659029,-0.49597239943419613,0.4093696300486291,-0.0016377472092951543,0.0004658679069361735,-0.0009815202519642488,right-invariant board-normalized SE(3) log
E2,ihawk1,30.0,within_pose,20260808_145501,marker_0,3,0.5324622345833074,0.5918840021050071,-0.5475264459389091,0.0024151722855627077,0.0002178939780558754,0.002700374961689094,right-invariant board-normalized SE(3) log
E2,ihawk1,30.0,within_pose,20260808_151001,marker_0,1,-0.1338147107515118,-0.4332134128327037,0.47879432972552316,-0.0015914907807610332,-0.0009845250764704868,-3.867271736614663e-05,right-invariant board-normalized SE(3) log
E2,ihawk1,30.0,within_pose,20260808_151001,marker_0,2,0.09677823309547984,0.21884378911523805,-0.22510615177951773,0.0008496519031176671,0.0005261910087692013,0.000457848656676784,right-invariant board-normalized SE(3) log
E2,ihawk1,30.0,within_pose,20260808_151001,marker_0,3,0.03703647765606766,0.21436962371747093,-0.2536881779460567,0.0007418388776081682,0.00045833406767953376,-0.0004191759393009839,right-invariant board-normalized SE(3) log
E2,ihawk1,30.0,within_pose,20260808_162715,marker_0,1,-0.005519268422956384,-0.007770794095521992,0.06107592482065812,-0.00016701158256205215,-0.0010032530450777319,-0.0006444224070981282,right-invariant board-normalized SE(3) log
E2,ihawk1,30.0,within_pose,20260808_162715,marker_0,2,0.507071103591405,0.9153318291502457,-0.6865076453044985,0.0024651154724068024,-2.466251718899519e-05,0.002115207272935799,right-invariant board-normalized SE(3) log
E2,ihawk1,30.0,within_pose,20260808_162715,marker_0,3,-0.5015518351684237,-0.9075610350545529,0.6254317204838368,-0.00229810388979997,0.0010279155622576032,-0.001470784865803505,right-invariant board-normalized SE(3) log
E2,ihawk1,30.0,within_pose,20260808_131913,marker_1,1,-0.29560877800462493,0.8653798792802707,0.42241692557875227,0.001039888185923371,0.002612007637581077,-0.003806374495938941,right-invariant board-normalized SE(3) log
E2,ihawk1,30.0,within_pose,20260808_131913,marker_1,2,-0.27018630210036354,0.8497366100122576,0.47537116295934095,-0.00046636659089939204,0.0017888877810480679,-0.004179073934665895,right-invariant board-normalized SE(3) log
E2,ihawk1,30.0,within_pose,20260808_131913,marker_1,3,0.5657950801048804,-1.7151164892924162,-0.8977880885379168,-0.0005735215950147907,-0.004400895418606788,0.007985448430572622,right-invariant board-normalized SE(3) log
E2,ihawk1,30.0,within_pose,20260808_141232,marker_1,1,0.3446856910940818,0.08067639033335158,-0.1072519264150096,-2.619581799544978e-05,0.0004682597575049181,0.0015110629382943097,right-invariant board-normalized SE(3) log
E2,ihawk1,30.0,within_pose,20260808_141232,marker_1,2,0.1786073510258837,0.14133225402265892,-0.13275211964075395,-1.0433930764259931e-05,-0.00035652136138937616,0.0005002397864266593,right-invariant board-normalized SE(3) log
E2,ihawk1,30.0,within_pose,20260808_141232,marker_1,3,-0.5232930421199783,-0.2220086443559726,0.2400040460556277,3.6629748761359695e-05,-0.00011173839611140479,-0.002011302724811678,right-invariant board-normalized SE(3) log
E2,ihawk1,30.0,within_pose,20260808_145501,marker_1,1,-0.0027540623789897296,-0.11289614737199545,-0.23750923009403124,0.0008856727973684235,-0.0010190845430785105,0.00024063866509518078,right-invariant board-normalized SE(3) log
E2,ihawk1,30.0,within_pose,20260808_145501,marker_1,2,0.3446918699842138,0.10091803150546524,0.05708669660955817,0.00025946240370859066,-0.0001816636775133406,0.0014259608737843092,right-invariant board-normalized SE(3) log
E2,ihawk1,30.0,within_pose,20260808_145501,marker_1,3,-0.34193780760532655,0.011978115866256788,0.18042253348447387,-0.001145135200948093,0.001200748220443748,-0.0016665995388409495,right-invariant board-normalized SE(3) log
E2,ihawk1,30.0,within_pose,20260808_151001,marker_1,1,0.23536923341840849,0.1623693435024578,-0.14594543113332062,0.0009208623092583487,0.0011294721386701685,0.0005562103340617249,right-invariant board-normalized SE(3) log
E2,ihawk1,30.0,within_pose,20260808_151001,marker_1,2,-0.6525117963044094,-0.18824363456615395,0.25990593547779506,-0.0010091866215747867,-0.001419594690777428,-0.0027977152628518446,right-invariant board-normalized SE(3) log
E2,ihawk1,30.0,within_pose,20260808_151001,marker_1,3,0.4171425628860672,0.025874291063798304,-0.11396050434458613,8.832431226134265e-05,0.00029012255204114156,0.002241504928773668,right-invariant board-normalized SE(3) log
E2,ihawk1,30.0,within_pose,20260808_162715,marker_1,1,-12.84945683003683,-17.61794866406517,107.9504780675903,-0.591182255616596,0.4342814682437379,0.0007235564572400055,right-invariant board-normalized SE(3) log
E2,ihawk1,30.0,within_pose,20260808_162715,marker_1,2,-12.871678040362777,-17.407155898126383,107.64721571291294,-0.5911564799107282,0.43254397867387634,-0.0006167614319187626,right-invariant board-normalized SE(3) log
E2,ihawk1,30.0,within_pose,20260808_162715,marker_1,3,25.721134870399673,35.02510456219168,-215.59769378050328,1.1823387355273238,-0.8668254469176145,-0.0001067950253221482,right-invariant board-normalized SE(3) log
E2,ihawk1,30.0,within_pose,20260808_131913,marker_2,1,0.08314525928564638,0.14248102376912458,-0.1105501103888026,7.658815200639199e-05,9.278726455174392e-06,9.660403910199914e-05,right-invariant board-normalized SE(3) log
E2,ihawk1,30.0,within_pose,20260808_131913,marker_2,2,0.034215835277500925,-0.13147177177561473,0.07000514890228572,-0.000423866844583904,-0.0006266158655277275,-0.0005616192562386291,right-invariant board-normalized SE(3) log
E2,ihawk1,30.0,within_pose,20260808_131913,marker_2,3,-0.11736109456311385,-0.011009251993597334,0.04054496148663792,0.0003472786924677633,0.0006173371389896848,0.00046501521699511805,right-invariant board-normalized SE(3) log
E2,ihawk1,30.0,within_pose,20260808_141232,marker_2,1,0.1420410835935641,-0.04043883045599662,-0.026270232125897772,-0.0008417178572393913,-0.0011601301633893434,-0.0006988407108667016,right-invariant board-normalized SE(3) log
E2,ihawk1,30.0,within_pose,20260808_141232,marker_2,2,-0.05265026634637863,0.02680434663763189,-0.06417870653311183,0.00023777346075346545,0.0009681848350141113,0.0002311931523402916,right-invariant board-normalized SE(3) log
E2,ihawk1,30.0,within_pose,20260808_141232,marker_2,3,-0.08939081724730567,0.013634483818306639,0.0904489386591187,0.0006039443964840446,0.0001919453284174169,0.0004676475585271437,right-invariant board-normalized SE(3) log
E2,ihawk1,30.0,within_pose,20260808_145501,marker_2,1,0.10574734991654464,0.16779071841534163,-0.18345715138077576,-0.0006376951164994642,-0.0004760348619043162,0.00020586914781698716,right-invariant board-normalized SE(3) log
E2,ihawk1,30.0,within_pose,20260808_145501,marker_2,2,0.1526457405937991,0.02676999991968414,-0.023849971912607612,0.00012731836103572645,-0.0006143924707704858,-0.0007777687392310076,right-invariant board-normalized SE(3) log
E2,ihawk1,30.0,within_pose,20260808_145501,marker_2,3,-0.2583930905103864,-0.19456071833493843,0.20730712329326917,0.0005103767553083652,0.001090427332513605,0.0005718995914172231,right-invariant board-normalized SE(3) log
E2,ihawk1,30.0,within_pose,20260808_151001,marker_2,1,-0.06493057342994016,0.02840197076439619,0.1050287592330155,0.0012523158934130097,0.0005863937705730568,0.0001973300433869088,right-invariant board-normalized SE(3) log
E2,ihawk1,30.0,within_pose,20260808_151001,marker_2,2,0.07036377358711203,-0.05767937080163145,-0.02973140799812309,-0.00011798136500515671,0.00029039884920702407,-0.0006123150804379188,right-invariant board-normalized SE(3) log
E2,ihawk1,30.0,within_pose,20260808_151001,marker_2,3,-0.005433200157130759,0.029277400037420794,-0.07529735123494129,-0.0011343345283244747,-0.0008767926197125263,0.0004149850370147475,right-invariant board-normalized SE(3) log
E2,ihawk1,30.0,within_pose,20260808_162715,marker_2,1,-0.004559689312618191,0.03317493135412903,-0.03110614532956352,6.523128411357213e-05,0.00024258125464448067,0.0001285781542714824,right-invariant board-normalized SE(3) log
E2,ihawk1,30.0,within_pose,20260808_162715,marker_2,2,0.014609689431442172,-0.08625539180584084,-0.02151274396151895,-0.0006100874547639871,-5.3060480352949484e-05,-0.0003639449824266914,right-invariant board-normalized SE(3) log
E2,ihawk1,30.0,within_pose,20260808_162715,marker_2,3,-0.010050000118819565,0.05308046045175808,0.05261888929115775,0.0005448561699925437,-0.00018952077475111525,0.00023536682761038353,right-invariant board-normalized SE(3) log
E2,ihawk1,30.0,within_pose,20260808_131913,marker_3,1,0.016428990516120172,-0.04064964009485369,-0.03391654885374043,-0.0014179319612722732,-4.814089516645505e-05,-0.0015018763362193122,right-invariant board-normalized SE(3) log
E2,ihawk1,30.0,within_pose,20260808_131913,marker_3,2,-0.4691192018326714,-0.33778825379895944,0.5322599468027762,0.0011690433772070196,0.0009543003079559372,0.0008265119357777653,right-invariant board-normalized SE(3) log
E2,ihawk1,30.0,within_pose,20260808_131913,marker_3,3,0.4526902113165755,0.37843789389383076,-0.4983433979491339,0.00024888858405415043,-0.0009061594127925811,0.0006753644004312225,right-invariant board-normalized SE(3) log
E2,ihawk1,30.0,within_pose,20260808_141232,marker_3,1,-0.16985052829753133,-0.09435862876053029,0.1710673713361016,0.0005046603467526748,0.0004748030132176691,0.0006700626814228289,right-invariant board-normalized SE(3) log
E2,ihawk1,30.0,within_pose,20260808_141232,marker_3,2,0.1457437906530233,0.06991111671836933,-0.12594622987596382,-0.000471273079776186,-0.0005353749788074497,-0.0008762680259206617,right-invariant board-normalized SE(3) log
E2,ihawk1,30.0,within_pose,20260808_141232,marker_3,3,0.024106737644730293,0.02444751204212615,-0.04512114146020152,-3.3387267122360294e-05,6.057196583022913e-05,0.00020620534533338894,right-invariant board-normalized SE(3) log
E2,ihawk1,30.0,within_pose,20260808_145501,marker_3,1,-0.040346999020978054,-0.019427221638545926,0.03665868805326478,5.501988530945636e-05,0.0002394675930840064,0.0001586382510659107,right-invariant board-normalized SE(3) log
E2,ihawk1,30.0,within_pose,20260808_145501,marker_3,2,0.06502889415993653,0.03014135089172643,-0.0071916832684596225,0.00011190021044292362,-0.00038501572204838327,-0.0004116672824986695,right-invariant board-normalized SE(3) log
E2,ihawk1,30.0,within_pose,20260808_145501,marker_3,3,-0.024681895138994762,-0.01071412925316058,-0.029467004784788146,-0.00016692009590762435,0.00014554812839026262,0.0002530290310707767,right-invariant board-normalized SE(3) log
E2,ihawk1,30.0,within_pose,20260808_151001,marker_3,1,-0.052709836878986754,-0.05753884614888837,-0.09774130751413317,-0.000480163072365183,2.60261660191699e-05,0.00014665445907893347,right-invariant board-normalized SE(3) log
E2,ihawk1,30.0,within_pose,20260808_151001,marker_3,2,0.06842597289860544,0.038975211112385694,0.06524498178851999,0.0005883254810698576,0.00014736963512587253,-0.0007247370173077267,right-invariant board-normalized SE(3) log
E2,ihawk1,30.0,within_pose,20260808_151001,marker_3,3,-0.015716136019614572,0.018563635036437657,0.032496325725521275,-0.00010816240853607079,-0.00017339580120667367,0.0005780825583368662,right-invariant board-normalized SE(3) log
E2,ihawk1,30.0,within_pose,20260808_162715,marker_3,1,0.04081023309170578,0.009890624824010284,-0.05345169336653586,-0.00044708896520367203,-0.00028679459849915425,-0.0005386021299487154,right-invariant board-normalized SE(3) log
E2,ihawk1,30.0,within_pose,20260808_162715,marker_3,2,-0.05751990621977671,-0.04643541659513269,0.060136461036276,5.0069530296558725e-05,0.00018930030635596733,0.00010683679531473825,right-invariant board-normalized SE(3) log
E2,ihawk1,30.0,within_pose,20260808_162715,marker_3,3,0.016709673128144052,0.03654479177123047,-0.006684767669821294,0.0003970194346526134,9.749429186731117e-05,0.00043176533429405324,right-invariant board-normalized SE(3) log
E2,ihawk1,30.0,within_pose,20260808_131913,marker_4,1,0.2767672768703788,0.4066818424894796,-0.31007849812787025,0.0005419058686896444,-6.323891438976476e-05,0.00029060778381825343,right-invariant board-normalized SE(3) log
E2,ihawk1,30.0,within_pose,20260808_131913,marker_4,2,0.2749413172763684,0.4036993556526305,-0.30732827126605133,0.00040260500139653886,5.5298102843489345e-05,0.00021937154703244365,right-invariant board-normalized SE(3) log
E2,ihawk1,30.0,within_pose,20260808_131913,marker_4,3,-0.55170859414675,-0.8103811981422313,0.6174067693938265,-0.0009445108699300455,7.940811602258319e-06,-0.0005099793307645526,right-invariant board-normalized SE(3) log
E2,ihawk1,30.0,within_pose,20260808_141232,marker_4,1,0.060509056248811914,0.09217592253237387,-0.07843392819555318,-0.00016487750153848843,0.00045006220878057946,0.00020002526343824398,right-invariant board-normalized SE(3) log
E2,ihawk1,30.0,within_pose,20260808_141232,marker_4,2,-8.991906179223351e-05,-0.0035734307260596367,0.01142944756366723,0.00020137588252013865,0.000147033169137241,0.0003367177006456181,right-invariant board-normalized SE(3) log
E2,ihawk1,30.0,within_pose,20260808_141232,marker_4,3,-0.0604191371870135,-0.08860249180644185,0.06700448063197707,-3.649838109870025e-05,-0.0005970953776378103,-0.0005367429639747454,right-invariant board-normalized SE(3) log
E2,ihawk1,30.0,within_pose,20260808_145501,marker_4,1,-0.0561358543576531,-0.14943540711168446,0.1097500671386809,-0.000281890317475757,-0.0006382248588675173,-0.0006659347492938314,right-invariant board-normalized SE(3) log
E2,ihawk1,30.0,within_pose,20260808_145501,marker_4,2,0.07928429704304059,0.1986073952385599,-0.1580738399007807,0.00017512823631141462,0.000972021779500415,0.0009020986245009545,right-invariant board-normalized SE(3) log
E2,ihawk1,30.0,within_pose,20260808_145501,marker_4,3,-0.02314844268556061,-0.04917198812704314,0.04832377276217774,0.00010676208110845705,-0.0003337969202153979,-0.0002361638748774863,right-invariant board-normalized SE(3) log
E2,ihawk1,30.0,within_pose,20260808_151001,marker_4,1,-0.055968426283302695,-0.1328729737339893,0.09525410887532508,-0.0004703532122231652,-0.0006733272661577946,-0.0007091198787467743,right-invariant board-normalized SE(3) log
E2,ihawk1,30.0,within_pose,20260808_151001,marker_4,2,-0.021850347330163545,-0.06359439045959452,0.04739376840897678,-0.001094889614741914,3.318761549630164e-05,2.159343652391303e-05,right-invariant board-normalized SE(3) log
E2,ihawk1,30.0,within_pose,20260808_151001,marker_4,3,0.07781877361349086,0.1964673641936454,-0.14264787728434428,0.0015652428270249979,0.0006401396507638497,0.000687526442330658,right-invariant board-normalized SE(3) log
E2,ihawk1,30.0,within_pose,20260808_162715,marker_4,1,0.06998830514530849,0.016195008268833147,-0.05917258841647463,-0.0011682133159263467,-0.0004167699917718933,-0.0009682272046963366,right-invariant board-normalized SE(3) log
E2,ihawk1,30.0,within_pose,20260808_162715,marker_4,2,-0.0119904034945601,0.05176092328599349,-0.004318567796990378,0.0008409228133947745,-0.0005356336458529236,0.0020905197569990467,right-invariant board-normalized SE(3) log
E2,ihawk1,30.0,within_pose,20260808_162715,marker_4,3,-0.057997901650804935,-0.06795593155480877,0.06349115621365409,0.0003272905026228098,0.0009524036376567759,-0.001122292552226267,right-invariant board-normalized SE(3) log
E2,ihawk1,30.0,between_run,20260808_131913,all_poses,,-1.7794885369154831,0.2514285467498959,-32.1208807438025,0.1375342038795455,-0.07784876695600511,0.004826780772435034,right-invariant board-normalized SE(3) log
E2,ihawk1,30.0,between_run,20260808_141232,all_poses,,-6.693848842775403,-5.17638391112156,28.87043099032845,-0.2269285338842134,0.17470308452551905,-0.004093431235904679,right-invariant board-normalized SE(3) log
E2,ihawk1,30.0,between_run,20260808_145501,all_poses,,1.877752339692489,6.1171074783994746,-40.26203772056071,0.1495899982808686,-0.07603898235565627,-0.007634857927738708,right-invariant board-normalized SE(3) log
E2,ihawk1,30.0,between_run,20260808_151001,all_poses,,5.702812256795835,4.936703405828665,36.289712313081,0.03858208945038027,-0.10761326960678953,0.006199024232919406,right-invariant board-normalized SE(3) log
E2,ihawk1,30.0,between_run,20260808_162715,all_poses,,0.8927727832026892,-6.128855519856485,7.222775160953825,-0.0987777577265783,0.08679793439293036,0.000702484158288892,right-invariant board-normalized SE(3) log
E2,ihawk1,30.0,cross_pose,20260808_131913,marker_0,,-0.7071257685352055,-31.693563490888376,81.67772455214914,-0.4033887214381097,0.23433609477148906,0.004965348525335836,right-invariant board-normalized SE(3) log
E2,ihawk1,30.0,cross_pose,20260808_141232,marker_0,,2.3842684269954955,-21.701883322136283,8.247658520119868,-0.024794442609476566,0.00947156871356541,-0.031593663724914366,right-invariant board-normalized SE(3) log
E2,ihawk1,30.0,cross_pose,20260808_145501,marker_0,,-0.6217780425029505,-17.915426667132948,62.76413664805805,-0.3346828084785648,0.25808142112626986,0.006852988742750483,right-invariant board-normalized SE(3) log
E2,ihawk1,30.0,cross_pose,20260808_151001,marker_0,,-2.544107806876638,-21.431061405792622,-4.101515992416362,-0.26011453386073996,0.2853147203827936,-0.007082170056635095,right-invariant board-normalized SE(3) log
E2,ihawk1,30.0,cross_pose,20260808_162715,marker_0,,3.683954376023106,-14.703530086409538,22.562742266954107,-0.1126797053592436,0.08768859050648668,-0.01383374865614968,right-invariant board-normalized SE(3) log
E2,ihawk1,30.0,cross_pose,20260808_131913,marker_1,,23.494779415907267,39.71632627192436,-264.6174893460315,1.474700126978396,-0.9967844465260459,-0.006212532508145582,right-invariant board-normalized SE(3) log
E2,ihawk1,30.0,cross_pose,20260808_141232,marker_1,,-3.2637923650718506,-2.8183715933693296,-3.231055044978743,0.008281752116753381,0.0006506245600236367,0.009093663304405464,right-invariant board-normalized SE(3) log
E2,ihawk1,30.0,cross_pose,20260808_145501,marker_1,,26.02073789120691,38.98792732432248,-255.02604125460246,1.467016697412857,-0.9901911678822788,0.013780545591540832,right-invariant board-normalized SE(3) log
E2,ihawk1,30.0,cross_pose,20260808_151001,marker_1,,-12.068443417047819,-11.58219494070505,-9.8798878259742,-0.2620681458695759,0.2755150482196097,0.01670479535582949,right-invariant board-normalized SE(3) log
E2,ihawk1,30.0,cross_pose,20260808_162715,marker_1,,6.764357287273643,9.190725390205934,-86.71254254197648,0.4881407343644632,-0.3273592317709646,0.018638504042841543,right-invariant board-normalized SE(3) log
E2,ihawk1,30.0,cross_pose,20260808_131913,marker_2,,0.8995865776680312,-0.8146026807070106,59.4924084317645,-0.36773028464828666,0.2614261664585511,-0.007035490935145507,right-invariant board-normalized SE(3) log
E2,ihawk1,30.0,cross_pose,20260808_141232,marker_2,,8.75746487344787,11.033639041487273,-1.704068299058766,-0.0012776225145859548,0.012545999579320472,0.0016494286927233083,right-invariant board-normalized SE(3) log
E2,ihawk1,30.0,cross_pose,20260808_145501,marker_2,,-3.4186065784324584,-7.0012666045507,66.35406093702895,-0.3762007071775644,0.26085491161790947,-0.005861134052288969,right-invariant board-normalized SE(3) log
E2,ihawk1,30.0,cross_pose,20260808_151001,marker_2,,-1.724537220900048,-1.8623095964072656,-9.080595288583561,-0.27337610873524204,0.2979801195411308,-0.003779652583048305,right-invariant board-normalized SE(3) log
E2,ihawk1,30.0,cross_pose,20260808_162715,marker_2,,4.9447150258936565,3.076116233331309,21.695993968072145,-0.13216176456209625,0.08908916239997304,-0.00934050749401581,right-invariant board-normalized SE(3) log
E2,ihawk1,30.0,cross_pose,20260808_131913,marker_3,,-18.61100081419808,-1.0002376170974572,63.635987007441805,-0.3478755888547987,0.2562994687267337,0.020387173905729326,right-invariant board-normalized SE(3) log
E2,ihawk1,30.0,cross_pose,20260808_141232,marker_3,,-10.940373529296865,8.42194557290827,0.06731926173205534,0.013566341094646895,-0.014701870733170802,0.02389311173897564,right-invariant board-normalized SE(3) log
E2,ihawk1,30.0,cross_pose,20260808_145501,marker_3,,-13.15017075764109,-0.8172498868615965,60.02213394305771,-0.3759319341493878,0.23226642434496175,-0.005120982286201253,right-invariant board-normalized SE(3) log
E2,ihawk1,30.0,cross_pose,20260808_151001,marker_3,,24.63770106948152,41.72392677653396,31.838004706101735,1.0590833079888755,-1.1364963587879515,-0.004484640012572645,right-invariant board-normalized SE(3) log
E2,ihawk1,30.0,cross_pose,20260808_162715,marker_3,,-13.921991911110835,3.606994857216373,22.440737829340524,-0.12274515572401358,0.07666212720677283,0.005669612301156022,right-invariant board-normalized SE(3) log
E2,ihawk1,30.0,cross_pose,20260808_131913,marker_4,,-5.076239410841953,-6.207922483231392,59.81136935467603,-0.3557055320372015,0.24472271656927258,-0.012104498987774253,right-invariant board-normalized SE(3) log
E2,ihawk1,30.0,cross_pose,20260808_141232,marker_4,,3.0624325939256773,5.064670301110399,-3.3798544378145667,0.00422397191266085,-0.007966322119738299,-0.00304254001119177,right-invariant board-normalized SE(3) log
E2,ihawk1,30.0,cross_pose,20260808_145501,marker_4,,-8.830182512630254,-13.253984165776833,65.88570972645711,-0.38020124760734003,0.23898841079313649,-0.009651417995801576,right-invariant board-normalized SE(3) log
E2,ihawk1,30.0,cross_pose,20260808_151001,marker_4,,-8.300612624656926,-6.848360833629029,-8.776005599127723,-0.2635245195233176,0.27768647064441654,-0.001358332703573306,right-invariant board-normalized SE(3) log
E2,ihawk1,30.0,cross_pose,20260808_162715,marker_4,,-1.4710347780793864,-1.170306394344009,20.01306847760944,-0.12055410871910915,0.0739193516577317,-0.001133860193831785,right-invariant board-normalized SE(3) log
E2,ihawk1,35.0,within_pose,20260808_131913,marker_0,1,-0.051501629967644444,-0.2669731037112292,0.13264268731083148,-0.0007368377315629855,0.0022787832885675634,0.0018806079140419373,right-invariant board-normalized SE(3) log
E2,ihawk1,35.0,within_pose,20260808_131913,marker_0,2,0.03839801971090866,0.23675580979366312,-0.14238080169661269,0.0007726400302553097,-0.0016752113110243582,-0.0014898998227715855,right-invariant board-normalized SE(3) log
E2,ihawk1,35.0,within_pose,20260808_131913,marker_0,3,0.013103610256529999,0.030217293917403878,0.009738114385863365,-3.5802298662086755e-05,-0.0006035719773812646,-0.00039070809117503185,right-invariant board-normalized SE(3) log
E2,ihawk1,35.0,within_pose,20260808_141232,marker_0,1,-0.03998897616913171,-0.021994270612544775,-0.033945410923934084,0.0006486885675210733,-0.000722307258813479,-0.0008757869389868135,right-invariant board-normalized SE(3) log
E2,ihawk1,35.0,within_pose,20260808_141232,marker_0,2,0.05550902177476596,-0.056826988433095436,0.08083538034577568,0.00031299944782658463,0.00023473715256223647,0.0015611850646970013,right-invariant board-normalized SE(3) log
E2,ihawk1,35.0,within_pose,20260808_141232,marker_0,3,-0.015520045605549315,0.07882125904556592,-0.04688996942175789,-0.0009616880153386075,0.000487570106222076,-0.0006853981257870227,right-invariant board-normalized SE(3) log
E2,ihawk1,35.0,within_pose,20260808_145501,marker_0,1,0.11039455622532161,0.18406719506545635,-0.12934777702011055,0.00026846149410118483,0.0004674526050278386,0.0007749077294592556,right-invariant board-normalized SE(3) log
E2,ihawk1,35.0,within_pose,20260808_145501,marker_0,2,-0.10831874908796732,-0.28101382538291786,0.1632065145557069,0.0003505383042278859,-0.0007731411225089988,-0.0005429762195044057,right-invariant board-normalized SE(3) log
E2,ihawk1,35.0,within_pose,20260808_145501,marker_0,3,-0.00207580713726404,0.09694663031762028,-0.03385873753565579,-0.000618999798678436,0.0003056885176475463,-0.000231931510092594,right-invariant board-normalized SE(3) log
E2,ihawk1,35.0,within_pose,20260808_151001,marker_0,1,-0.1257800964999093,-0.2773556754821742,0.16264861210587597,-0.0003049607459773055,-2.4375903649101012e-05,-0.0004294998821714136,right-invariant board-normalized SE(3) log
E2,ihawk1,35.0,within_pose,20260808_151001,marker_0,2,0.16987112407643107,0.3503974380932913,-0.19970031848057607,0.0005941853252770583,-0.00041487703174393866,0.00047280155635601157,right-invariant board-normalized SE(3) log
E2,ihawk1,35.0,within_pose,20260808_151001,marker_0,3,-0.044091027576549334,-0.07304176261113288,0.03705170637482409,-0.00028922457925447385,0.00043925293530967704,-4.330167418936875e-05,right-invariant board-normalized SE(3) log
E2,ihawk1,35.0,within_pose,20260808_162715,marker_0,1,0.014855514511590638,0.16226345165773948,-0.08378515787715775,-0.0009180049919324597,0.0003952342431167323,-0.000604235275584615,right-invariant board-normalized SE(3) log
E2,ihawk1,35.0,within_pose,20260808_162715,marker_0,2,-0.016479021072093668,-0.02222551566012481,0.024908918033597512,-0.00012022809324465098,-0.00041980300448257946,-0.0004742682593547872,right-invariant board-normalized SE(3) log
E2,ihawk1,35.0,within_pose,20260808_162715,marker_0,3,0.001623506560530121,-0.1400379359976195,0.058876239843686895,0.0010382330852230662,2.4568761356529267e-05,0.0010785035349784307,right-invariant board-normalized SE(3) log
E2,ihawk1,35.0,within_pose,20260808_131913,marker_1,1,-0.018405216224071215,-0.5149751088989588,0.217011044460005,-6.936075694507829e-05,-7.262409160344507e-05,0.001458686162753198,right-invariant board-normalized SE(3) log
E2,ihawk1,35.0,within_pose,20260808_131913,marker_1,2,-0.48510256903990656,-0.11485775404770658,0.3099659061313985,-0.0011270803025272857,-7.203686377144258e-05,-0.002261010175766286,right-invariant board-normalized SE(3) log
E2,ihawk1,35.0,within_pose,20260808_131913,marker_1,3,0.5035077852639427,0.629832862946452,-0.5269769505912639,0.0011964410594508268,0.000144660955373075,0.0008023240129785917,right-invariant board-normalized SE(3) log
E2,ihawk1,35.0,within_pose,20260808_141232,marker_1,1,0.027673041543280562,0.013852002912226285,-0.01957337963075479,0.00019494865383843277,0.0003019788218741884,0.0002263311679238487,right-invariant board-normalized SE(3) log
E2,ihawk1,35.0,within_pose,20260808_141232,marker_1,2,0.019824942054324564,-0.02185434347803724,0.013920210997778628,2.6228461210551616e-05,0.00022423024589088934,0.0002622081192391479,right-invariant board-normalized SE(3) log
E2,ihawk1,35.0,within_pose,20260808_141232,marker_1,3,-0.047497983597497406,0.008002340565926695,0.005653168632811344,-0.00022117711500698018,-0.0005262090679651331,-0.0004885392874487349,right-invariant board-normalized SE(3) log
E2,ihawk1,35.0,within_pose,20260808_145501,marker_1,1,-0.17960895639803412,-0.42816240500102565,-0.31252006356762174,0.0007699718641690212,-0.0009342079389645224,0.00014765218774716703,right-invariant board-normalized SE(3) log
E2,ihawk1,35.0,within_pose,20260808_145501,marker_1,2,-0.06414274845104768,-0.7763669223410331,0.27697807219085574,-0.002926115773335622,0.0018270169316041338,0.002262773031464921,right-invariant board-normalized SE(3) log
E2,ihawk1,35.0,within_pose,20260808_145501,marker_1,3,0.24375170484896666,1.2045293273422029,0.035541991376777146,0.0021561439091731917,-0.0008928089926668277,-0.0024104252191792584,right-invariant board-normalized SE(3) log
E2,ihawk1,35.0,within_pose,20260808_151001,marker_1,1,0.290417771372273,0.5074705202597541,-0.30303195055975607,0.00023092130841343293,4.81675975662869e-05,-0.00030321688448783706,right-invariant board-normalized SE(3) log
E2,ihawk1,35.0,within_pose,20260808_151001,marker_1,2,-0.30839690492840605,-0.37982843310941317,0.31022703635537296,0.00029736926840240736,0.0011470956773420259,-4.735564619812021e-06,right-invariant board-normalized SE(3) log
E2,ihawk1,35.0,within_pose,20260808_151001,marker_1,3,0.017979133556030667,-0.12764208715019773,-0.007195085795660342,-0.0005282905764617791,-0.0011952632747833176,0.0003079524486607674,right-invariant board-normalized SE(3) log
E2,ihawk1,35.0,within_pose,20260808_162715,marker_1,1,29.75814060660212,41.37225354109455,-216.6852051223306,1.1898914355947197,-0.8695344696189581,-0.003380487924122581,right-invariant board-normalized SE(3) log
E2,ihawk1,35.0,within_pose,20260808_162715,marker_1,2,-15.500348814327674,-20.920648201043083,108.87679603919692,-0.5973167351463321,0.43043105959591443,-0.0014604306787657708,right-invariant board-normalized SE(3) log
E2,ihawk1,35.0,within_pose,20260808_162715,marker_1,3,-14.257791792274526,-20.451605340051493,107.80840908313387,-0.5925747004483879,0.43910341002304354,0.00484091860288824,right-invariant board-normalized SE(3) log
E2,ihawk1,35.0,within_pose,20260808_131913,marker_2,1,0.0693585189046813,0.07745762862032615,0.02533759947572769,0.0004704079549183972,-0.00028335095287373757,-5.734256621833905e-05,right-invariant board-normalized SE(3) log
E2,ihawk1,35.0,within_pose,20260808_131913,marker_2,2,-0.0997783961846541,-0.08576905245427487,0.04253670064500296,6.572699007288477e-05,0.0007471638855619824,8.496367239170409e-05,right-invariant board-normalized SE(3) log
E2,ihawk1,35.0,within_pose,20260808_131913,marker_2,3,0.030419877280002134,0.00831142383405874,-0.06787430012076169,-0.0005361349451596749,-0.0004638129327667401,-2.762110617423788e-05,right-invariant board-normalized SE(3) log
E2,ihawk1,35.0,within_pose,20260808_141232,marker_2,1,0.15944730874389815,-0.026150134670469942,-0.021989373080073517,-0.000273465199175134,-0.0006573865989371028,-0.0007693171383451741,right-invariant board-normalized SE(3) log
E2,ihawk1,35.0,within_pose,20260808_141232,marker_2,2,-0.07264872036031471,-0.02510563416075562,0.014330600719797396,-0.00021724250972137893,-2.437699088935717e-05,0.0002679848926942934,right-invariant board-normalized SE(3) log
E2,ihawk1,35.0,within_pose,20260808_141232,marker_2,3,-0.08679858838354626,0.051255768831302236,0.007658772360212148,0.0004907077089411403,0.0006817635897714964,0.0005013322454899842,right-invariant board-normalized SE(3) log
E2,ihawk1,35.0,within_pose,20260808_145501,marker_2,1,-0.09096207603181246,-0.07406316324924249,0.10136298104042642,0.0005265582291278235,0.0009622760484983914,-0.00011538903738146553,right-invariant board-normalized SE(3) log
E2,ihawk1,35.0,within_pose,20260808_145501,marker_2,2,0.14504421923166633,-0.08621597404587014,-0.08887271911855608,-0.0012188614640562684,-0.0010440235727647322,-0.0007924464276756381,right-invariant board-normalized SE(3) log
E2,ihawk1,35.0,within_pose,20260808_145501,marker_2,3,-0.05408214319989972,0.16027913729509896,-0.012490261921848237,0.0006923032350093218,8.174752426296808e-05,0.0009078354651746786,right-invariant board-normalized SE(3) log
E2,ihawk1,35.0,within_pose,20260808_151001,marker_2,1,-0.010712256238816439,0.0071155384867190585,-0.07660111402162963,-0.00017086746440190192,0.0004652491125548544,5.779761475625652e-05,right-invariant board-normalized SE(3) log
E2,ihawk1,35.0,within_pose,20260808_151001,marker_2,2,0.07848872476478777,0.11740245980943274,-0.0072099959329442334,0.0005549362042043185,-0.0002975169197381603,2.195688928970366e-05,right-invariant board-normalized SE(3) log
E2,ihawk1,35.0,within_pose,20260808_151001,marker_2,3,-0.06777646852596073,-0.12451799829607862,0.08381110995453395,-0.000384068739694557,-0.00016773219221360633,-7.975450392738616e-05,right-invariant board-normalized SE(3) log
E2,ihawk1,35.0,within_pose,20260808_162715,marker_2,1,0.13886269885760905,-0.03531446298941834,-0.10046299525885208,-0.001228201037946534,-0.0010829150659875935,-0.0005304794890349146,right-invariant board-normalized SE(3) log
E2,ihawk1,35.0,within_pose,20260808_162715,marker_2,2,0.033216769013261475,-0.07362093250665329,-0.06413985091296466,-0.0007329418541811044,-3.3371798046114697e-06,-0.0003779927489021782,right-invariant board-normalized SE(3) log
E2,ihawk1,35.0,within_pose,20260808_162715,marker_2,3,-0.1720794678708472,0.10893539549614376,0.16460284617190055,0.0019611428921595653,0.0010862522457597123,0.0009084722379569388,right-invariant board-normalized SE(3) log
E2,ihawk1,35.0,within_pose,20260808_131913,marker_3,1,2.9071464575092274,1.578653576826332,-2.969295716339763,-0.01506847967306243,-0.0006728279084573929,-0.01369676380625477,right-invariant board-normalized SE(3) log
E2,ihawk1,35.0,within_pose,20260808_131913,marker_3,2,-1.5620461651685058,1.2721066154362566,1.7547011448903718,0.034706058106812133,-0.015086112972174296,0.03252370338736156,right-invariant board-normalized SE(3) log
E2,ihawk1,35.0,within_pose,20260808_131913,marker_3,3,-1.3451002923408517,-2.850760192262595,1.2145945714494963,-0.019637578433753487,0.01575894088062998,-0.01882693958111017,right-invariant board-normalized SE(3) log
E2,ihawk1,35.0,within_pose,20260808_141232,marker_3,1,0.09672721290420756,0.08127705549287596,-0.0569560735859567,0.00031464901022510306,-0.00035274026292685324,-6.678193846459168e-05,right-invariant board-normalized SE(3) log
E2,ihawk1,35.0,within_pose,20260808_141232,marker_3,2,-0.10882414574088088,-0.11859912008163387,-0.01299380083003297,-0.0007347361930760221,-0.00014884036387150074,0.00012748324005220442,right-invariant board-normalized SE(3) log
E2,ihawk1,35.0,within_pose,20260808_141232,marker_3,3,0.012096932836679196,0.03732206458877928,0.06994987441588203,0.00042008718270717136,0.0005015806270180458,-6.070130155538694e-05,right-invariant board-normalized SE(3) log
E2,ihawk1,35.0,within_pose,20260808_145501,marker_3,1,0.22977816411152113,0.21966757834636141,-0.20543741603566618,-0.00017803433640549887,-0.0004382174824350584,-0.0004975523403667355,right-invariant board-normalized SE(3) log
E2,ihawk1,35.0,within_pose,20260808_145501,marker_3,2,-0.20820633534646701,-0.12093333014315548,0.16147769985983584,0.0004222190048238169,0.000647942665617432,0.000902165400946238,right-invariant board-normalized SE(3) log
E2,ihawk1,35.0,within_pose,20260808_145501,marker_3,3,-0.02157182876497498,-0.09873424820319271,0.04395971617592819,-0.0002441846682765179,-0.00020972518300824342,-0.0004046130603074322,right-invariant board-normalized SE(3) log
E2,ihawk1,35.0,within_pose,20260808_151001,marker_3,1,0.49003351911365606,0.29683409119915194,-0.3856111977942068,-0.0013285835009427805,-0.0015379719178017603,-0.0029292955729440023,right-invariant board-normalized SE(3) log
E2,ihawk1,35.0,within_pose,20260808_151001,marker_3,2,-0.5322033678663161,-0.31567477917078596,0.4425048597179668,0.002161142968464006,0.0012337923149043917,0.003525057690355213,right-invariant board-normalized SE(3) log
E2,ihawk1,35.0,within_pose,20260808_151001,marker_3,3,0.04216984875253733,0.01884068797148615,-0.056893661923551817,-0.0008325594675242457,0.0003041796028913826,-0.0005957621174203275,right-invariant board-normalized SE(3) log
E2,ihawk1,35.0,within_pose,20260808_162715,marker_3,1,43.18263816779005,31.55765618680206,42.82164401964424,0.8190248244056743,-1.0145256290586013,-0.062354064048972216,right-invariant board-normalized SE(3) log
E2,ihawk1,35.0,within_pose,20260808_162715,marker_3,2,-21.31240742023262,-15.607749719237031,-21.7776325998297,-0.41034620767113855,0.5049977464653148,0.029475234439092415,right-invariant board-normalized SE(3) log
E2,ihawk1,35.0,within_pose,20260808_162715,marker_3,3,-21.870230747557365,-15.94990646756495,-21.044011419814872,-0.40867861673453554,0.5095278825932856,0.03287882960987912,right-invariant board-normalized SE(3) log
E2,ihawk1,35.0,within_pose,20260808_131913,marker_4,1,-0.16048586989493646,-0.2531538529168045,0.18149842692096357,-0.0006580136515478617,-7.877112709608421e-05,-0.0007223063751508657,right-invariant board-normalized SE(3) log
E2,ihawk1,35.0,within_pose,20260808_131913,marker_4,2,0.2803551816333548,0.42162454584536974,-0.31126700627656495,0.0008100185710231379,0.00024069816583372925,0.001331460452640544,right-invariant board-normalized SE(3) log
E2,ihawk1,35.0,within_pose,20260808_131913,marker_4,3,-0.11986931173851108,-0.16847069292855277,0.1297685793556716,-0.00015200491953372379,-0.00016192703875635397,-0.0006091540775899065,right-invariant board-normalized SE(3) log
E2,ihawk1,35.0,within_pose,20260808_141232,marker_4,1,-0.23479763016907054,-0.4418446448249622,0.3085675223223882,0.0002033945714840123,-0.0006973442016722517,-0.0011238799554232977,right-invariant board-normalized SE(3) log
E2,ihawk1,35.0,within_pose,20260808_141232,marker_4,2,-0.16501434757259983,-0.16738417525314667,0.12814795896553566,-0.0019138823574517297,-0.0005316126716636307,-0.0021930778619091698,right-invariant board-normalized SE(3) log
E2,ihawk1,35.0,within_pose,20260808_141232,marker_4,3,0.399811977741623,0.609228820078022,-0.43671548128802995,0.0017104877859283943,0.001228956873340169,0.0033169578173146952,right-invariant board-normalized SE(3) log
E2,ihawk1,35.0,within_pose,20260808_145501,marker_4,1,-0.11872136973899526,-0.07475057083088008,0.08624271835168777,0.00048510940674193306,0.0005988261659149167,0.0012280586005063716,right-invariant board-normalized SE(3) log
E2,ihawk1,35.0,within_pose,20260808_145501,marker_4,2,0.0010887107541208202,-0.12430166697575784,0.055653950452944065,-0.0005465504658318902,-0.0005100728985650801,-0.0013765179948811237,right-invariant board-normalized SE(3) log
E2,ihawk1,35.0,within_pose,20260808_145501,marker_4,3,0.11763265898493082,0.19905223780672474,-0.14189666880465804,6.144105901290776e-05,-8.875326725199776e-05,0.00014845939418795347,right-invariant board-normalized SE(3) log
E2,ihawk1,35.0,within_pose,20260808_151001,marker_4,1,-0.10510979164645014,-0.12973880066879864,0.09254007136996426,-0.0002703871359350365,0.0005251401908872364,0.00014465900628111544,right-invariant board-normalized SE(3) log
E2,ihawk1,35.0,within_pose,20260808_151001,marker_4,2,0.1031739811029004,0.13787095151214335,-0.07293455855577502,0.00030861205260131305,-0.0009907648684828315,0.0001605294274044862,right-invariant board-normalized SE(3) log
E2,ihawk1,35.0,within_pose,20260808_151001,marker_4,3,0.0019358105436154487,-0.008132150843338128,-0.01960551281418538,-3.8224916476863636e-05,0.0004656246771907601,-0.00030518843375620453,right-invariant board-normalized SE(3) log
E2,ihawk1,35.0,within_pose,20260808_162715,marker_4,1,-0.17747230862917818,-0.31087626918192834,0.19355569388628374,-0.0005569209348960485,9.365043922970319e-05,-0.0005189410270054187,right-invariant board-normalized SE(3) log
E2,ihawk1,35.0,within_pose,20260808_162715,marker_4,2,0.04210864197046765,0.04206931275971721,-0.048271673839382204,-0.00045647781704497915,8.074575311247973e-05,-0.0004618187630333827,right-invariant board-normalized SE(3) log
E2,ihawk1,35.0,within_pose,20260808_162715,marker_4,3,0.13536366665857594,0.26880695642235347,-0.1452840200469741,0.0010133987517963047,-0.00017439619231615777,0.000980759789888908,right-invariant board-normalized SE(3) log
E2,ihawk1,35.0,between_run,20260808_131913,all_poses,,-6.171515474931578,-5.986764495079769,15.831755219535168,-0.1352039222412931,0.09040552152007972,-0.002873413060424395,right-invariant board-normalized SE(3) log
E2,ihawk1,35.0,between_run,20260808_141232,all_poses,,-0.5625925662981511,3.3251874701380517,11.835710728378947,-0.11824236617197852,0.07364258301324392,-0.003972023285934545,right-invariant board-normalized SE(3) log
E2,ihawk1,35.0,between_run,20260808_145501,all_poses,,3.0593230052057,9.20044079662439,-43.45444587692864,0.28358998245011907,-0.1499847916229323,-0.016186305137838468,right-invariant board-normalized SE(3) log
E2,ihawk1,35.0,between_run,20260808_151001,all_poses,,-5.532729203016351,-5.810554203269972,15.224534304032902,-0.11749962711808244,0.0880175846100699,0.014587942656457966,right-invariant board-normalized SE(3) log
E2,ihawk1,35.0,between_run,20260808_162715,all_poses,,9.207514239040469,-0.728309568412471,0.5624456249813987,0.08735593308123454,-0.10208089752046078,0.008443798827739482,right-invariant board-normalized SE(3) log
E2,ihawk1,35.0,cross_pose,20260808_131913,marker_0,,8.247132726356977,-7.75445155019099,0.5227354220739661,0.021941990755137586,0.011264301430895034,0.019416072523214686,right-invariant board-normalized SE(3) log
E2,ihawk1,35.0,cross_pose,20260808_141232,marker_0,,11.004579276978381,-4.727228285035839,-2.4297311509996553,0.03653754147521371,0.017231209267964686,0.025077035316072502,right-invariant board-normalized SE(3) log
E2,ihawk1,35.0,cross_pose,20260808_145501,marker_0,,-2.6901958115634823,-27.489581474766197,63.27725605213755,-0.3993140279973199,0.2620623573461806,-0.004702177514478595,right-invariant board-normalized SE(3) log
E2,ihawk1,35.0,cross_pose,20260808_151001,marker_0,,6.239291863381078,-11.408382093416831,1.1668407888654944,0.012375118579586678,0.007781304267262223,-0.00823918226805902,right-invariant board-normalized SE(3) log
E2,ihawk1,35.0,cross_pose,20260808_162715,marker_0,,-0.8845507641185544,-18.91010684202095,19.00867958389242,-0.19582842711352014,0.18683380722553414,-0.006695113709935257,right-invariant board-normalized SE(3) log
E2,ihawk1,35.0,cross_pose,20260808_131913,marker_1,,-5.519781034746132,-3.101057643464502,-1.92786930945444,0.013198674400288154,-0.019065275798916044,0.010325655233652944,right-invariant board-normalized SE(3) log
E2,ihawk1,35.0,cross_pose,20260808_141232,marker_1,,-4.2171242120974055,0.7142967825240442,-5.245267874291343,-0.005929022881705786,-0.03804489126430677,-0.023565445105617092,right-invariant board-normalized SE(3) log
E2,ihawk1,35.0,cross_pose,20260808_145501,marker_1,,27.017438989966255,55.14020577558222,-241.1869766518988,1.620299920836168,-0.9570111001296261,-0.018541528537997076,right-invariant board-normalized SE(3) log
E2,ihawk1,35.0,cross_pose,20260808_151001,marker_1,,-4.029995818802149,-2.9575534542019772,-1.8115208387838646,-0.002480711019979881,-0.0011745274306318642,0.0035415134316686588,right-invariant board-normalized SE(3) log
E2,ihawk1,35.0,cross_pose,20260808_162715,marker_1,,-1.5432362521867384,3.121470579857032,-90.12688273984703,0.4058329426660812,-0.23109614283595148,0.013379319170512625,right-invariant board-normalized SE(3) log
E2,ihawk1,35.0,cross_pose,20260808_131913,marker_2,,6.636637204458376,6.049382502273158,0.8447362362522515,-0.004045270762837552,0.004124998869794077,0.007572672069307262,right-invariant board-normalized SE(3) log
E2,ihawk1,35.0,cross_pose,20260808_141232,marker_2,,3.853553943351573,2.8755489050675416,4.006041136874613,-0.011636115943322518,0.03184241918306691,0.004694714487037073,right-invariant board-normalized SE(3) log
E2,ihawk1,35.0,cross_pose,20260808_145501,marker_2,,1.0074855364904303,-7.7349836302459725,57.50393669845468,-0.417964773827999,0.2409257842652564,-0.004492408309028383,right-invariant board-normalized SE(3) log
E2,ihawk1,35.0,cross_pose,20260808_151001,marker_2,,6.356008054086769,6.085719966513816,0.5933314123295385,-0.012703459018349251,0.01811198365081597,-0.004241109837863421,right-invariant board-normalized SE(3) log
E2,ihawk1,35.0,cross_pose,20260808_162715,marker_2,,-0.7276332340342049,-0.2430350339246176,16.633759922773894,-0.21110839906199966,0.19489644063034292,0.0018842719604222024,right-invariant board-normalized SE(3) log
E2,ihawk1,35.0,cross_pose,20260808_131913,marker_3,,-9.540032153738556,3.5795207169619463,0.5445788054068863,-0.04186852186459595,0.017307115301134265,-0.03907995088860699,right-invariant board-normalized SE(3) log
E2,ihawk1,35.0,cross_pose,20260808_141232,marker_3,,-9.854742584410609,3.5091106274025514,1.4631731972303024,-0.013568963743537362,-0.022323628171897782,-0.002047020405851404,right-invariant board-normalized SE(3) log
E2,ihawk1,35.0,cross_pose,20260808_145501,marker_3,,-19.614939506089012,-7.957573602390224,62.84387007637229,-0.3966635923512991,0.22863829065292132,0.027827793262781366,right-invariant board-normalized SE(3) log
E2,ihawk1,35.0,cross_pose,20260808_151001,marker_3,,-8.608053934343602,8.84656035341307,-0.31818784242745246,0.01260577741718671,-0.016306968013359735,0.016607340848658256,right-invariant board-normalized SE(3) log
E2,ihawk1,35.0,cross_pose,20260808_162715,marker_3,,9.626694619913666,21.60488924436737,39.58187741267171,0.2139301000921142,-0.33496437194238043,-0.001814771578732847,right-invariant board-normalized SE(3) log
E2,ihawk1,35.0,cross_pose,20260808_131913,marker_4,,0.17604325766902515,1.2266059744203806,0.015818845721111155,0.010773127472008311,-0.013631139802909137,0.0017655510624301361,right-invariant board-normalized SE(3) log
E2,ihawk1,35.0,cross_pose,20260808_141232,marker_4,,-0.786266423821815,-2.371728029958434,2.2057846911861234,-0.005403438906634501,0.01129489098515484,-0.004159284291636696,right-invariant board-normalized SE(3) log
E2,ihawk1,35.0,cross_pose,20260808_145501,marker_4,,-5.719789208804001,-11.958067068179636,57.561913824933825,-0.4063575266595487,0.2253846678652666,-9.167890127686485e-05,right-invariant board-normalized SE(3) log
E2,ihawk1,35.0,cross_pose,20260808_151001,marker_4,,0.04274983567830913,-0.566344772307981,0.3695364800161404,-0.009796725958459873,-0.008411792474087645,-0.007668562174413895,right-invariant board-normalized SE(3) log
E2,ihawk1,35.0,cross_pose,20260808_162715,marker_4,,-6.471274369574242,-5.573217948278983,14.902565820508892,-0.21282621658267536,0.18433026692245413,-0.006753705842266962,right-invariant board-normalized SE(3) log
E2,ihawk1,40.0,within_pose,20260808_131913,marker_0,1,0.21917689601178292,0.16459883467303832,0.19845399244894005,-0.0014954320353875957,-0.0017966714377299238,0.0007170175497015905,right-invariant board-normalized SE(3) log
E2,ihawk1,40.0,within_pose,20260808_131913,marker_0,2,-0.24575463340777598,-0.37709798176761455,0.2780953303816093,-0.0007109836071510037,-0.0007552625250797021,-0.0015304337287573013,right-invariant board-normalized SE(3) log
E2,ihawk1,40.0,within_pose,20260808_131913,marker_0,3,0.026577737396034074,0.21249914709447515,-0.476549322830655,0.0022064156425476477,0.002551933962819899,0.0008134161790635276,right-invariant board-normalized SE(3) log
E2,ihawk1,40.0,within_pose,20260808_141232,marker_0,1,-0.17472772980266527,-0.3853538055149271,0.16560585034465222,0.00029695817826366023,4.356078051490513e-05,-0.00035566633485404996,right-invariant board-normalized SE(3) log
E2,ihawk1,40.0,within_pose,20260808_141232,marker_0,2,0.0825608503541135,0.1869421221012286,-0.08915326907964281,-1.3093008756635878e-05,-0.00025462262697126996,0.00012331144872872375,right-invariant board-normalized SE(3) log
E2,ihawk1,40.0,within_pose,20260808_141232,marker_0,3,0.09216687944859786,0.19841168341385437,-0.07645258126509435,-0.00028386516932646545,0.0002110618452745808,0.00023235488642358353,right-invariant board-normalized SE(3) log
E2,ihawk1,40.0,within_pose,20260808_145501,marker_0,1,-0.16763573954333652,-0.24623780976342902,0.1606561657320024,-0.001494165283411494,0.001232937893991945,-0.00029719545917235003,right-invariant board-normalized SE(3) log
E2,ihawk1,40.0,within_pose,20260808_145501,marker_0,2,0.12997572418106101,0.19744377490529533,-0.1292946827538539,0.0008709504524030983,-0.0006180514664767982,0.00037250735250321456,right-invariant board-normalized SE(3) log
E2,ihawk1,40.0,within_pose,20260808_145501,marker_0,3,0.03766001536221731,0.04879403485802675,-0.03136148297811264,0.0006232148310195493,-0.0006148864275254899,-7.531189333106182e-05,right-invariant board-normalized SE(3) log
E2,ihawk1,40.0,within_pose,20260808_151001,marker_0,1,-0.5002526348531003,-0.5256686916729123,0.264322070315904,-0.0005320870445484909,-7.662245359392685e-05,-0.00282133075032339,right-invariant board-normalized SE(3) log
E2,ihawk1,40.0,within_pose,20260808_151001,marker_0,2,0.18003415972850176,0.12279065970402829,-0.05307695563078311,7.237595960660804e-05,0.0002906412218599864,0.0013841715456129845,right-invariant board-normalized SE(3) log
E2,ihawk1,40.0,within_pose,20260808_151001,marker_0,3,0.32021847512481766,0.40287803196898747,-0.21124511468526946,0.00045971108494050945,-0.00021401876823704124,0.0014371592048073745,right-invariant board-normalized SE(3) log
E2,ihawk1,40.0,within_pose,20260808_162715,marker_0,1,0.1773375129478594,0.24632201621546257,-0.09163467591366826,0.0001198791311087917,-0.0008372948267744682,0.0004070121008715786,right-invariant board-normalized SE(3) log
E2,ihawk1,40.0,within_pose,20260808_162715,marker_0,2,-0.11095329639162542,-0.08790653104003404,-0.04620753234814557,0.00019110500067613664,0.0012696169814672806,-0.0001955708244860348,right-invariant board-normalized SE(3) log
E2,ihawk1,40.0,within_pose,20260808_162715,marker_0,3,-0.06638421655617789,-0.15841548517540846,0.13784220826191448,-0.00031098413141663944,-0.0004323221542266288,-0.0002114412761202477,right-invariant board-normalized SE(3) log
E2,ihawk1,40.0,within_pose,20260808_131913,marker_1,1,17.00653030779239,24.565000700894,-110.82950285026996,0.6174392714641184,-0.4234778247510901,0.00020674681942980705,right-invariant board-normalized SE(3) log
E2,ihawk1,40.0,within_pose,20260808_131913,marker_1,2,-33.52455815223658,-48.95744781475567,221.71897472145608,-1.2344811247114125,0.844051234455016,0.0007872170970169983,right-invariant board-normalized SE(3) log
E2,ihawk1,40.0,within_pose,20260808_131913,marker_1,3,16.518027844444074,24.392447113861532,-110.88947187118603,0.617041853247294,-0.42057340970392576,-0.0009939639164468581,right-invariant board-normalized SE(3) log
E2,ihawk1,40.0,within_pose,20260808_141232,marker_1,1,1.5326451498741098,-0.21613404996054342,-0.7753432553974314,-0.0030473688343286343,-0.007955240850355112,0.006431790817401827,right-invariant board-normalized SE(3) log
E2,ihawk1,40.0,within_pose,20260808_141232,marker_1,2,-3.8244023520251798,-0.681787264647539,2.1715550049160766,0.005790503735606671,0.01515185044358113,-0.01323680354534104,right-invariant board-normalized SE(3) log
E2,ihawk1,40.0,within_pose,20260808_141232,marker_1,3,2.2917572021511514,0.8979213146081213,-1.3962117495186246,-0.0027431349012766075,-0.00719660959322227,0.00680501272793606,right-invariant board-normalized SE(3) log
E2,ihawk1,40.0,within_pose,20260808_145501,marker_1,1,0.09825818115354575,-0.2083647821632526,0.09207263313758235,7.484540944473217e-05,0.0004581886229814862,0.001168385561480788,right-invariant board-normalized SE(3) log
E2,ihawk1,40.0,within_pose,20260808_145501,marker_1,2,-0.0496534287189833,-0.33242224945627574,0.16115704483990584,0.000343797620017957,0.0007502775113260927,0.0010372501114859906,right-invariant board-normalized SE(3) log
E2,ihawk1,40.0,within_pose,20260808_145501,marker_1,3,-0.04860475243475851,0.5407870316195154,-0.2532296779774685,-0.0004186430294427764,-0.0012084661342495729,-0.002205635672860628,right-invariant board-normalized SE(3) log
E2,ihawk1,40.0,within_pose,20260808_151001,marker_1,1,-0.3198570217165563,0.0466763840502978,0.027082686761271253,-0.00014810524496676973,-0.0008066908776114673,-0.0019125309823510809,right-invariant board-normalized SE(3) log
E2,ihawk1,40.0,within_pose,20260808_151001,marker_1,2,0.3310891946591406,0.17410218706411887,-0.13623821608321401,-6.500918294071457e-05,0.00017022977478395044,0.001067877636927537,right-invariant board-normalized SE(3) log
E2,ihawk1,40.0,within_pose,20260808_151001,marker_1,3,-0.011232172942455364,-0.2207785711144686,0.10915552932206342,0.00021311442790524756,0.0006364611028152848,0.000844653345394673,right-invariant board-normalized SE(3) log
E2,ihawk1,40.0,within_pose,20260808_162715,marker_1,1,-0.25680629142513883,-0.0015154186233431498,0.04797523639641966,0.00014830360971511278,-0.00024983593325246186,-0.0013735070338146299,right-invariant board-normalized SE(3) log
E2,ihawk1,40.0,within_pose,20260808_162715,marker_1,2,0.3972969090557526,0.027446582820617682,-0.08481691564375714,0.000299923650076597,0.0009929716422345082,0.0021610961193035748,right-invariant board-normalized SE(3) log
E2,ihawk1,40.0,within_pose,20260808_162715,marker_1,3,-0.1404906176306566,-0.02593116419723224,0.03684167924727514,-0.0004482272597407132,-0.0007431357088500892,-0.0007875890852431698,right-invariant board-normalized SE(3) log
E2,ihawk1,40.0,within_pose,20260808_131913,marker_2,1,0.0549245298923032,-0.035106083564808634,-0.03889779577092442,-0.0003913235184104333,-0.0002780068171382032,-0.00035396676409891076,right-invariant board-normalized SE(3) log
E2,ihawk1,40.0,within_pose,20260808_131913,marker_2,2,-0.16420796923944672,0.11156419286676947,0.0474789618915089,0.0007847620232622532,0.0007399014850171266,0.0010235534704530781,right-invariant board-normalized SE(3) log
E2,ihawk1,40.0,within_pose,20260808_131913,marker_2,3,0.10928343934714606,-0.07645810930213139,-0.008581166120618006,-0.0003934385048607775,-0.0004618946678587289,-0.0006695867063164859,right-invariant board-normalized SE(3) log
E2,ihawk1,40.0,within_pose,20260808_141232,marker_2,1,-0.06517829150903502,-0.07614819056310357,0.030583162027926294,-0.00016886905105550448,0.00029370665664296664,0.00015596595919228375,right-invariant board-normalized SE(3) log
E2,ihawk1,40.0,within_pose,20260808_141232,marker_2,2,0.10965411856558197,-0.0023929692821755147,-0.045910915384661063,-0.0002461733797333458,-0.0003802370369406207,-0.0005266132211513404,right-invariant board-normalized SE(3) log
E2,ihawk1,40.0,within_pose,20260808_141232,marker_2,3,-0.04447582705651134,0.07854115984518116,0.015327753356792843,0.00041504243084847524,8.653038004639994e-05,0.000370647261766382,right-invariant board-normalized SE(3) log
E2,ihawk1,40.0,within_pose,20260808_145501,marker_2,1,-0.07541068793446308,-0.18138449394205092,0.08921214330106955,-0.00018040726981507598,0.0002553178905552693,-0.00024341147207323789,right-invariant board-normalized SE(3) log
E2,ihawk1,40.0,within_pose,20260808_145501,marker_2,2,0.09768170720124242,-0.059122033259014675,0.06379818458790153,0.0001980505279105374,-0.00032516286984959734,-0.000774423511418504,right-invariant board-normalized SE(3) log
E2,ihawk1,40.0,within_pose,20260808_145501,marker_2,3,-0.02227101926673687,0.24050652720093996,-0.15301032788890181,-1.764325804158075e-05,6.984497920753625e-05,0.0010178349833193194,right-invariant board-normalized SE(3) log
E2,ihawk1,40.0,within_pose,20260808_151001,marker_2,1,-0.0910566848297422,-0.16599751037225205,0.10247966045080262,-0.00039902453215903027,-0.00014336801973232255,-2.7004804987942618e-05,right-invariant board-normalized SE(3) log
E2,ihawk1,40.0,within_pose,20260808_151001,marker_2,2,-0.017794750794335634,0.3178554188462656,-0.04377567109202539,0.0012323715059395814,0.000453272498178828,0.0009460383400658216,right-invariant board-normalized SE(3) log
E2,ihawk1,40.0,within_pose,20260808_151001,marker_2,3,0.10885143562414114,-0.15185790847412778,-0.058703989358711794,-0.0008333469741476524,-0.00030990447857752196,-0.0009190335350320304,right-invariant board-normalized SE(3) log
E2,ihawk1,40.0,within_pose,20260808_162715,marker_2,1,-0.11254816690341257,-0.08511703779348927,0.07701743952208297,3.879816468940009e-05,0.00047421758598257093,0.00017214181138219207,right-invariant board-normalized SE(3) log
E2,ihawk1,40.0,within_pose,20260808_162715,marker_2,2,0.0337860919617839,0.025334115115922262,-0.01489830632786239,7.387148903512564e-05,-8.441376468856695e-05,-5.8045446712862865e-05,right-invariant board-normalized SE(3) log
E2,ihawk1,40.0,within_pose,20260808_162715,marker_2,3,0.07876207494147759,0.05978292267764593,-0.06211913319413093,-0.00011266965403613728,-0.000389803822069257,-0.00011409636486640571,right-invariant board-normalized SE(3) log
E2,ihawk1,40.0,within_pose,20260808_131913,marker_3,1,0.4320760596694622,0.2815375145920325,-0.28882692874282107,-0.0005991081920884726,-0.0005967606877257653,-0.0015300608434199812,right-invariant board-normalized SE(3) log
E2,ihawk1,40.0,within_pose,20260808_131913,marker_3,2,-0.020332263847873518,0.019834764420030307,0.01697841010485663,-0.0002837369359518751,0.0010402620082536236,0.0002726119411356497,right-invariant board-normalized SE(3) log
E2,ihawk1,40.0,within_pose,20260808_131913,marker_3,3,-0.41174379582163556,-0.30137227901195435,0.27184851863798604,0.0008828451279744921,-0.0004435013204471528,0.0012574489022263904,right-invariant board-normalized SE(3) log
E2,ihawk1,40.0,within_pose,20260808_141232,marker_3,1,0.1213996302203363,0.06669586963674148,-0.09299083998843768,-0.00021771704020576613,-0.0005116628126893453,-0.0008044442343299387,right-invariant board-normalized SE(3) log
E2,ihawk1,40.0,within_pose,20260808_141232,marker_3,2,0.3022477348148189,0.15022364979752645,-0.16874216178231038,-0.00015501952680632114,-0.0010683456268754951,-0.0014323643816415402,right-invariant board-normalized SE(3) log
E2,ihawk1,40.0,within_pose,20260808_141232,marker_3,3,-0.42364736503506806,-0.21691951943441223,0.2617330017708015,0.00037273656696527554,0.0015800084394555207,0.002236808615799327,right-invariant board-normalized SE(3) log
E2,ihawk1,40.0,within_pose,20260808_145501,marker_3,1,-2.938079289557757,-1.737552682726135,2.6369242721552832,0.016902310871096195,0.0023702523871694916,0.02027030942478633,right-invariant board-normalized SE(3) log
E2,ihawk1,40.0,within_pose,20260808_145501,marker_3,2,-2.9624580318769387,-1.7670804002094262,2.664154660702164,0.015349657340042584,0.00420560551808941,0.019652702291710473,right-invariant board-normalized SE(3) log
E2,ihawk1,40.0,within_pose,20260808_145501,marker_3,3,5.900537321434688,3.504633082935585,-5.301078932857529,-0.03225196821114734,-0.006575857905260644,-0.03992301171650729,right-invariant board-normalized SE(3) log
E2,ihawk1,40.0,within_pose,20260808_151001,marker_3,1,-0.059758398867806165,0.023887512512816237,0.07961693669352325,0.0012562808828995506,0.00037383954185224585,0.0013596225699830141,right-invariant board-normalized SE(3) log
E2,ihawk1,40.0,within_pose,20260808_151001,marker_3,2,-0.3605088408376051,-0.24017143312462422,0.22270309475964364,0.0003010207946216952,0.0006464957401251684,0.0014219836945788616,right-invariant board-normalized SE(3) log
E2,ihawk1,40.0,within_pose,20260808_151001,marker_3,3,0.42026723970549035,0.21628392061184165,-0.3023200314531986,-0.0015573016774675765,-0.0010203352819382375,-0.0027816062644581505,right-invariant board-normalized SE(3) log
E2,ihawk1,40.0,within_pose,20260808_162715,marker_3,1,-0.23182762479104665,-0.12952250129845083,0.09388877462318337,-0.0005459220453029956,0.0003496653813644242,0.0002816875716188216,right-invariant board-normalized SE(3) log
E2,ihawk1,40.0,within_pose,20260808_162715,marker_3,2,-0.03854624860619861,-0.01815343419602076,0.06549848046308387,0.0014007597748931031,-6.212295949006306e-05,0.0014828313572449897,right-invariant board-normalized SE(3) log
E2,ihawk1,40.0,within_pose,20260808_162715,marker_3,3,0.270373873397331,0.14767593549457256,-0.15938725508645188,-0.0008548377295328552,-0.0002875424219107814,-0.0017645189288926072,right-invariant board-normalized SE(3) log
E2,ihawk1,40.0,within_pose,20260808_131913,marker_4,1,0.01433689835047613,0.02565911198538493,-0.01560505451736696,0.0003421116951350237,1.3873680501019932e-05,0.00033396212381445363,right-invariant board-normalized SE(3) log
E2,ihawk1,40.0,within_pose,20260808_131913,marker_4,2,-0.0011691118388991108,0.013380626063829996,-0.0077259918269632355,-9.02632446195538e-06,-7.720356248738648e-06,7.00081851214066e-05,right-invariant board-normalized SE(3) log
E2,ihawk1,40.0,within_pose,20260808_131913,marker_4,3,-0.013167786511386916,-0.039039738049100346,0.02333104634428721,-0.0003330853709284942,-6.153324242416034e-06,-0.00040397030940213295,right-invariant board-normalized SE(3) log
E2,ihawk1,40.0,within_pose,20260808_141232,marker_4,1,0.005916151258252394,-0.014300938705959955,-0.013539454005033164,-9.346425052249316e-05,-3.237984260020704e-05,0.0001266628064545465,right-invariant board-normalized SE(3) log
E2,ihawk1,40.0,within_pose,20260808_141232,marker_4,2,0.10172052832574463,0.13369958566085904,-0.09017621232544225,0.000245941342932264,-3.2804432295961194e-05,0.00048506427345070165,right-invariant board-normalized SE(3) log
E2,ihawk1,40.0,within_pose,20260808_141232,marker_4,3,-0.10763667958409016,-0.11939864695498985,0.10371566633059548,-0.00015247709248309124,6.518427485305681e-05,-0.0006117270796823243,right-invariant board-normalized SE(3) log
E2,ihawk1,40.0,within_pose,20260808_145501,marker_4,1,-0.0551592245274106,-0.05034954122198037,0.03425275180643232,-0.0002287203241543781,0.00039126812807951505,0.0005164850225786356,right-invariant board-normalized SE(3) log
E2,ihawk1,40.0,within_pose,20260808_145501,marker_4,2,0.14440330999436163,0.1544516346136664,-0.1072006357345376,0.00019844462143000176,-0.0008391834419422424,-0.0002600285968833833,right-invariant board-normalized SE(3) log
E2,ihawk1,40.0,within_pose,20260808_145501,marker_4,3,-0.08924408546700434,-0.10410209339172055,0.07294788392816805,3.027570269931567e-05,0.0004479153138752006,-0.0002564564256275464,right-invariant board-normalized SE(3) log
E2,ihawk1,40.0,within_pose,20260808_151001,marker_4,1,-0.025587754738966646,-0.036392282206351906,0.041960286416948295,0.00018289951942062824,6.97245238996365e-05,0.0002575761766128855,right-invariant board-normalized SE(3) log
E2,ihawk1,40.0,within_pose,20260808_151001,marker_4,2,-0.12015799248743711,-0.19963925389169054,0.08899733844630148,-0.000922189676256162,0.0006706010357708475,-0.0005430373393413449,right-invariant board-normalized SE(3) log
E2,ihawk1,40.0,within_pose,20260808_151001,marker_4,3,0.14574574722644026,0.2360315360979508,-0.13095762486332463,0.0007392901568329083,-0.0007403255596425735,0.00028546116274614266,right-invariant board-normalized SE(3) log
E2,ihawk1,40.0,within_pose,20260808_162715,marker_4,1,0.028236876368465468,0.07481397546827209,-0.02494091863369547,0.0008718909857025165,0.00034053649768548,7.944331706890191e-05,right-invariant board-normalized SE(3) log
E2,ihawk1,40.0,within_pose,20260808_162715,marker_4,2,0.06474762760627174,0.09987173667305445,-0.067755636399817,-5.548279254879083e-05,8.108758764248572e-05,0.0001716803880190258,right-invariant board-normalized SE(3) log
E2,ihawk1,40.0,within_pose,20260808_162715,marker_4,3,-0.09298450397461887,-0.1746857121410118,0.09269655503348813,-0.0008164081933606415,-0.00042162408539579124,-0.00025112370508447715,right-invariant board-normalized SE(3) log
E2,ihawk1,40.0,between_run,20260808_131913,all_poses,,-3.171466554376154,5.022857887824227,-31.94088253179418,0.1909365988411533,-0.12562884751377432,0.004519698472631543,right-invariant board-normalized SE(3) log
E2,ihawk1,40.0,between_run,20260808_141232,all_poses,,0.0785923465483546,1.8766880021391987,8.887347901561848,-0.048553831239508446,0.033777428352654064,-0.0022134062774626546,right-invariant board-normalized SE(3) log
E2,ihawk1,40.0,between_run,20260808_145501,all_poses,,1.3695709226845776,-0.2362754940707518,6.445699243368299,-0.04672974270943563,0.03299250772234668,-0.005525102242199513,right-invariant board-normalized SE(3) log
E2,ihawk1,40.0,between_run,20260808_151001,all_poses,,-0.7306188405172229,0.1846872331585718,6.3077041657470305,-0.04784606068726166,0.02859930706386018,0.012793618918017141,right-invariant board-normalized SE(3) log
E2,ihawk1,40.0,between_run,20260808_162715,all_poses,,2.453922125660404,-6.847957629051467,10.300131221117281,-0.04780696420494656,0.030259604374912614,-0.009574808870986329,right-invariant board-normalized SE(3) log
E2,ihawk1,40.0,cross_pose,20260808_131913,marker_0,,3.1157983515084826,-19.56676732760983,45.32858172085639,-0.24219452167114985,0.1657317934775989,-0.014969314220139586,right-invariant board-normalized SE(3) log
E2,ihawk1,40.0,cross_pose,20260808_141232,marker_0,,8.995060938992358,-10.51137895254742,0.9814932398830009,0.00012659620568791362,0.004882680654665881,-0.005426300298929974,right-invariant board-normalized SE(3) log
E2,ihawk1,40.0,cross_pose,20260808_145501,marker_0,,8.419027226039631,-5.6412100758911015,-3.996471141129703,0.021273129461008306,0.012704307186709767,-0.008542103556533096,right-invariant board-normalized SE(3) log
E2,ihawk1,40.0,cross_pose,20260808_151001,marker_0,,4.237026413958123,-13.620777125706969,2.2449783079511128,0.01378933690493966,0.006537248236000134,-0.008806240438688266,right-invariant board-normalized SE(3) log
E2,ihawk1,40.0,cross_pose,20260808_162715,marker_0,,3.830044791886625,-16.603105590608823,3.758323932773554,-0.016553288248272253,0.0169812964720508,-0.02457265755528961,right-invariant board-normalized SE(3) log
E2,ihawk1,40.0,cross_pose,20260808_131913,marker_1,,25.91570799418451,36.86785125537824,-182.3133487246264,0.990041563541055,-0.67756831174875,0.004496310119258767,right-invariant board-normalized SE(3) log
E2,ihawk1,40.0,cross_pose,20260808_141232,marker_1,,-6.869849228915387,-8.820936838107903,0.6893609860954256,0.0024794745234937975,0.0017844128474302024,-0.00013715733379919857,right-invariant board-normalized SE(3) log
E2,ihawk1,40.0,cross_pose,20260808_145501,marker_1,,-6.366530243246239,-7.069084426759439,0.7853136964674993,-0.005488969182162038,0.003123056605147441,0.0010722589535547289,right-invariant board-normalized SE(3) log
E2,ihawk1,40.0,cross_pose,20260808_151001,marker_1,,-4.498082240475669,-4.842803651687586,-0.680918913778591,-0.006800791959868926,0.0005755642553914755,0.010679615116452382,right-invariant board-normalized SE(3) log
E2,ihawk1,40.0,cross_pose,20260808_162715,marker_1,,-2.3123984268318027,-3.7458189682627525,-4.742529546379521,0.013816697197932234,-0.003212872689821725,0.019059204088343606,right-invariant board-normalized SE(3) log
E2,ihawk1,40.0,cross_pose,20260808_131913,marker_2,,3.6087768699283576,0.7587563908464269,40.25224370981526,-0.2497432008472434,0.17304676406729125,-0.007061198004541944,right-invariant board-normalized SE(3) log
E2,ihawk1,40.0,cross_pose,20260808_141232,marker_2,,8.765291919129037,9.494671420361868,-0.12453213827428979,-0.004948901090780147,0.006338319205909151,-0.016620682336091895,right-invariant board-normalized SE(3) log
E2,ihawk1,40.0,cross_pose,20260808_145501,marker_2,,6.688003192532253,5.904005420286397,3.2314189896208947,-0.005314458270297625,0.0049958491107697026,-0.004048988787782496,right-invariant board-normalized SE(3) log
E2,ihawk1,40.0,cross_pose,20260808_151001,marker_2,,5.985050131384231,5.607677845282626,1.6069613220602303,-0.01333629667785701,0.01303676839262966,-0.006455213507890863,right-invariant board-normalized SE(3) log
E2,ihawk1,40.0,cross_pose,20260808_162715,marker_2,,8.822616913232558,10.95596866737837,1.1649644773875154,0.006430576269890321,-0.0036468377894818688,2.467321635752053e-05,right-invariant board-normalized SE(3) log
E2,ihawk1,40.0,cross_pose,20260808_131913,marker_3,,-31.15403625786939,-13.628700768404178,57.513471782879705,-0.25720341556963017,0.18428369450197604,0.028834549551421132,right-invariant board-normalized SE(3) log
E2,ihawk1,40.0,cross_pose,20260808_141232,marker_3,,-13.587330843959212,6.279841918223635,1.2099319629737753,0.00997774155787548,-0.006712113516589375,0.03766323603865388,right-invariant board-normalized SE(3) log
E2,ihawk1,40.0,cross_pose,20260808_145501,marker_3,,-8.834141755287025,8.26774130785244,-0.7543551549835609,0.006781486203849848,-0.015447806402840448,0.031183079300257186,right-invariant board-normalized SE(3) log
E2,ihawk1,40.0,cross_pose,20260808_151001,marker_3,,-5.257004410964296,12.825629203777845,-3.229895471558644,0.015729734514417042,-0.015400869015086178,0.014560496780076005,right-invariant board-normalized SE(3) log
E2,ihawk1,40.0,cross_pose,20260808_162715,marker_3,,-10.113205087157375,8.699923485379157,0.2826884504274546,0.008532994017137105,-0.01793088239606331,0.010764159823837735,right-invariant board-normalized SE(3) log
E2,ihawk1,40.0,cross_pose,20260808_131913,marker_4,,-1.4862469577521928,-4.4311395502108155,39.21905151107466,-0.24090042545303247,0.15450605970188439,-0.01130034744599828,right-invariant board-normalized SE(3) log
E2,ihawk1,40.0,cross_pose,20260808_141232,marker_4,,2.696827214753536,3.5578024520699927,-2.7562540506780135,-0.007634911196279254,-0.0062932991913987185,-0.01547909606986353,right-invariant board-normalized SE(3) log
E2,ihawk1,40.0,cross_pose,20260808_145501,marker_4,,0.09364157996114433,-1.4614522254882067,0.7340936100249811,-0.017251188212403276,-0.005375406499783738,-0.019664245909499382,right-invariant board-normalized SE(3) log
E2,ihawk1,40.0,cross_pose,20260808_151001,marker_4,,-0.4669898939027673,0.03027372833408756,0.05887475532601283,-0.009381982781622774,-0.00474871186894045,-0.00997865794994491,right-invariant board-normalized SE(3) log
E2,ihawk1,40.0,cross_pose,20260808_162715,marker_4,,-0.22705819113006454,0.6930324061140947,-0.4634473142087775,-0.012226979236681578,0.007809296403313597,-0.005275379573239899,right-invariant board-normalized SE(3) log
E2,ihawk1,45.0,within_pose,20260808_131913,marker_0,1,-0.01450107835938693,0.006899154281897268,0.001351998210250457,0.0001979200605376814,-0.0002464844791797533,-0.00010149979407803819,right-invariant board-normalized SE(3) log
E2,ihawk1,45.0,within_pose,20260808_131913,marker_0,2,0.05371000527171327,0.15223215905209947,-0.17482897432407585,0.0002636218258456151,0.0009843480040534216,0.00012978865325945343,right-invariant board-normalized SE(3) log
E2,ihawk1,45.0,within_pose,20260808_131913,marker_0,3,-0.03920892691238126,-0.15913131333399683,0.17347697611378435,-0.00046154188674688875,-0.0007378635247734544,-2.8288859066181063e-05,right-invariant board-normalized SE(3) log
E2,ihawk1,45.0,within_pose,20260808_141232,marker_0,1,0.3348416353225433,0.5277775362799334,-0.335458689311726,0.001706754185579711,0.0005436996576848623,0.0028067558247816507,right-invariant board-normalized SE(3) log
E2,ihawk1,45.0,within_pose,20260808_141232,marker_0,2,-0.1362498432423546,-0.12309081799568285,0.03509118028371703,-0.0005396548886689879,-0.00027996819951120726,-0.0017001514260262089,right-invariant board-normalized SE(3) log
E2,ihawk1,45.0,within_pose,20260808_141232,marker_0,3,-0.19859179208016742,-0.4046867182842529,0.3003675090281133,-0.0011670992970628923,-0.0002637314581899972,-0.0011066043987641705,right-invariant board-normalized SE(3) log
E2,ihawk1,45.0,within_pose,20260808_145501,marker_0,1,0.23883359754209763,0.32039144395666636,-0.07878877607456557,-0.000997592681153605,0.0004018738465296926,0.0013312501956085458,right-invariant board-normalized SE(3) log
E2,ihawk1,45.0,within_pose,20260808_145501,marker_0,2,-0.18787212332711897,-0.3755112297661825,0.17913300605933807,0.0002940829429140891,-7.171645672679643e-05,-0.0004960735330516644,right-invariant board-normalized SE(3) log
E2,ihawk1,45.0,within_pose,20260808_145501,marker_0,3,-0.050961474215128685,0.055119785809486524,-0.1003442299847232,0.000703509738309996,-0.0003301573898403854,-0.0008351766626308354,right-invariant board-normalized SE(3) log
E2,ihawk1,45.0,within_pose,20260808_151001,marker_0,1,-0.588918493205183,-1.6010523135974606,1.2718703976021297,-0.0016259106393249072,0.00033737216568283074,0.0025328986172076834,right-invariant board-normalized SE(3) log
E2,ihawk1,45.0,within_pose,20260808_151001,marker_0,2,1.449243788812264,3.360142958133543,-2.671184040151889,0.0045571372265173155,-0.0001171011247229801,-0.0019859265608822185,right-invariant board-normalized SE(3) log
E2,ihawk1,45.0,within_pose,20260808_151001,marker_0,3,-0.8603252956070024,-1.759090644536107,1.3993136425498627,-0.0029312265871501188,-0.00022027104094922125,-0.0005469720562716722,right-invariant board-normalized SE(3) log
E2,ihawk1,45.0,within_pose,20260808_162715,marker_0,1,-0.03697345425492783,-0.004875401095893386,-0.04020678240144284,0.00019663893285244198,9.382547509885497e-06,-0.00031994026127646883,right-invariant board-normalized SE(3) log
E2,ihawk1,45.0,within_pose,20260808_162715,marker_0,2,0.028830802290975583,-0.04746167450559089,-0.023855339742873363,0.0005291629581241094,0.0009278982798489655,0.0012063672545813895,right-invariant board-normalized SE(3) log
E2,ihawk1,45.0,within_pose,20260808_162715,marker_0,3,0.008142651964014907,0.0523370756014662,0.06406212214435648,-0.0007258018907109473,-0.0009372808272569864,-0.000886426993532813,right-invariant board-normalized SE(3) log
E2,ihawk1,45.0,within_pose,20260808_131913,marker_1,1,-36.79305672672949,-55.533645159322866,222.70461873575223,-1.244007200268747,0.8209172907964094,0.0007189718275942325,right-invariant board-normalized SE(3) log
E2,ihawk1,45.0,within_pose,20260808_131913,marker_1,2,18.59409953070575,27.776577370665365,-111.29845460262683,0.6221009752971581,-0.4111056341644043,0.0004071640488585957,right-invariant board-normalized SE(3) log
E2,ihawk1,45.0,within_pose,20260808_131913,marker_1,3,18.198957196023652,27.757067788657615,-111.4061641331255,0.6219062249715888,-0.40981165663200453,-0.0011261358764534525,right-invariant board-normalized SE(3) log
E2,ihawk1,45.0,within_pose,20260808_141232,marker_1,1,0.2952579529713841,0.24856576595713753,-0.11083486157567143,-0.0002156534531489599,0.00038936189056198534,0.0005817975840038444,right-invariant board-normalized SE(3) log
E2,ihawk1,45.0,within_pose,20260808_141232,marker_1,2,0.7344179450136875,0.829624449340724,-0.6424184264409188,0.001381687491422589,0.0003567998913951026,0.0015620770970212802,right-invariant board-normalized SE(3) log
E2,ihawk1,45.0,within_pose,20260808_141232,marker_1,3,-1.0296758979851395,-1.0781902152980158,0.7532532880166211,-0.001166034038342082,-0.000746161781946116,-0.002143874681049373,right-invariant board-normalized SE(3) log
E2,ihawk1,45.0,within_pose,20260808_145501,marker_1,1,0.0014389840670532331,0.02838515432636843,-0.03132440955738827,0.00020719825006679685,-3.899408039693295e-06,-6.400101141387368e-05,right-invariant board-normalized SE(3) log
E2,ihawk1,45.0,within_pose,20260808_145501,marker_1,2,0.4904858754450294,0.2676411704132105,-0.41941716632140436,0.001783572204470935,-0.0002116590924837611,0.002338002079518504,right-invariant board-normalized SE(3) log
E2,ihawk1,45.0,within_pose,20260808_145501,marker_1,3,-0.4919248595120431,-0.2960263247394007,0.45074157587893865,-0.0019907704548860652,0.00021555850053396144,-0.0022740010680617666,right-invariant board-normalized SE(3) log
E2,ihawk1,45.0,within_pose,20260808_151001,marker_1,1,6.457837054016459,10.593124334455325,-6.691984074233138,0.013446955821867343,0.0057801120109565686,-0.0024121927553762707,right-invariant board-normalized SE(3) log
E2,ihawk1,45.0,within_pose,20260808_151001,marker_1,2,-4.48430509367169,-6.937017030283481,4.560944370232216,-0.006650323345839341,0.00015494965733149304,0.0012465516653441908,right-invariant board-normalized SE(3) log
E2,ihawk1,45.0,within_pose,20260808_151001,marker_1,3,-1.9735319603446808,-3.656107304171735,2.131039704000798,-0.006796632476045976,-0.005935061668282288,0.0011656410900356402,right-invariant board-normalized SE(3) log
E2,ihawk1,45.0,within_pose,20260808_162715,marker_1,1,0.1036107103171833,-0.053999452833318924,-0.007876765927068456,0.0005885611901277162,0.0006698026958414999,0.0010192239627772048,right-invariant board-normalized SE(3) log
E2,ihawk1,45.0,within_pose,20260808_162715,marker_1,2,-0.1608884226568701,-0.05937032648310401,0.05853237010486503,-0.0012176864357086327,-0.001643722826105935,-0.0011192640283516804,right-invariant board-normalized SE(3) log
E2,ihawk1,45.0,within_pose,20260808_162715,marker_1,3,0.05727771233958449,0.11336977931626423,-0.050655604177747275,0.0006291252454298765,0.000973920130042793,0.0001000400655039606,right-invariant board-normalized SE(3) log
E2,ihawk1,45.0,within_pose,20260808_131913,marker_2,1,0.10082088123893028,-0.035937076616881045,-0.09973365905443539,-0.0008334368061858843,-0.0005194543482412547,-0.00048210295274446913,right-invariant board-normalized SE(3) log
E2,ihawk1,45.0,within_pose,20260808_131913,marker_2,2,0.07606600708440715,-0.003173604284842463,-0.04041483718064671,-0.0006233891634775485,-0.0008432989580048388,-0.0001724074582772045,right-invariant board-normalized SE(3) log
E2,ihawk1,45.0,within_pose,20260808_131913,marker_2,3,-0.17688688832332214,0.03911068090182856,0.14014849623505324,0.0014568259699379359,0.0013627533065539022,0.000654510411123861,right-invariant board-normalized SE(3) log
E2,ihawk1,45.0,within_pose,20260808_141232,marker_2,1,-0.22771578315890112,0.3565134670769384,0.06604506465912148,0.0014831151091925924,0.0002776856725960916,0.002036005341020163,right-invariant board-normalized SE(3) log
E2,ihawk1,45.0,within_pose,20260808_141232,marker_2,2,0.07365378509564269,-0.22960829228108653,-0.0195268270471759,-0.0007831464546259653,0.00016943741578579337,-0.0009785911463636664,right-invariant board-normalized SE(3) log
E2,ihawk1,45.0,within_pose,20260808_141232,marker_2,3,0.15406199806332474,-0.12690517479591026,-0.04651823761194763,-0.0006999686545379583,-0.0004471230884576152,-0.001057414194641836,right-invariant board-normalized SE(3) log
E2,ihawk1,45.0,within_pose,20260808_145501,marker_2,1,0.11936971648549041,-0.044637512943096376,0.0024349867059858614,-0.00028419782122500724,-0.0006988189822429192,-0.0005697061686115058,right-invariant board-normalized SE(3) log
E2,ihawk1,45.0,within_pose,20260808_145501,marker_2,2,-0.1574507027477088,0.12125290541863178,-0.03407513885658882,0.00023411193431549656,0.0005574418145387994,0.0009565949003366457,right-invariant board-normalized SE(3) log
E2,ihawk1,45.0,within_pose,20260808_145501,marker_2,3,0.03808098626223814,-0.07661539247548961,0.03164015215054096,5.008588691555445e-05,0.00014137716772267463,-0.00038688873181463575,right-invariant board-normalized SE(3) log
E2,ihawk1,45.0,within_pose,20260808_151001,marker_2,1,0.14209466949137847,0.10915958801247154,-0.118746467658002,-0.0006861349389512961,-0.001242930244396742,6.18573108178382e-05,right-invariant board-normalized SE(3) log
E2,ihawk1,45.0,within_pose,20260808_151001,marker_2,2,-0.02649402693864651,-0.027981943712411698,0.07760280962173144,0.0005411058845176515,0.0003664015673825365,-0.00017201648005625718,right-invariant board-normalized SE(3) log
E2,ihawk1,45.0,within_pose,20260808_151001,marker_2,3,-0.11560064255256255,-0.0811776443001095,0.041143658036268446,0.0001450290543818686,0.0008765286769512586,0.00011015916924925922,right-invariant board-normalized SE(3) log
E2,ihawk1,45.0,within_pose,20260808_162715,marker_2,1,0.11179063817669625,-0.017968288932366128,-0.00860836832237419,-0.0002756595948041924,-0.0007532850033258237,-0.00043112656540389145,right-invariant board-normalized SE(3) log
E2,ihawk1,45.0,within_pose,20260808_162715,marker_2,2,0.038539554536191914,0.06079876155578175,-0.04970973619236269,-5.817651856080268e-05,-0.00025520435378562984,0.00016109798880956357,right-invariant board-normalized SE(3) log
E2,ihawk1,45.0,within_pose,20260808_162715,marker_2,3,-0.15033019271279188,-0.04283047262333317,0.05831810451468324,0.0003338361134635077,0.0010084893575811203,0.00027002857622246374,right-invariant board-normalized SE(3) log
E2,ihawk1,45.0,within_pose,20260808_131913,marker_3,1,-0.07495468806057654,-0.04756574011854294,0.029045091361637167,-0.00014889828153969153,4.245866023975808e-06,5.7337584460010266e-05,right-invariant board-normalized SE(3) log
E2,ihawk1,45.0,within_pose,20260808_131913,marker_3,2,0.03517371961101974,0.051863010675897284,0.0061460106763639895,0.0004733125722933309,7.798957071219539e-05,0.0002259554560247423,right-invariant board-normalized SE(3) log
E2,ihawk1,45.0,within_pose,20260808_131913,marker_3,3,0.039780968449616316,-0.004297270557290416,-0.03519110203807782,-0.00032441429164310265,-8.223543664732366e-05,-0.0002832930398590419,right-invariant board-normalized SE(3) log
E2,ihawk1,45.0,within_pose,20260808_141232,marker_3,1,-0.06772234749140053,0.007207034472055809,0.11643072292282085,0.0005687337217451919,0.0009347003008407966,0.00022988853100741524,right-invariant board-normalized SE(3) log
E2,ihawk1,45.0,within_pose,20260808_141232,marker_3,2,0.07880499209197397,0.0851741309749187,-0.1176131945295876,1.6214031971004553e-05,-5.354614229129263e-05,0.00031282846857267905,right-invariant board-normalized SE(3) log
E2,ihawk1,45.0,within_pose,20260808_141232,marker_3,3,-0.01108264460045916,-0.09238116544697843,0.0011824716066844427,-0.0005849477536628337,-0.0008811541586176852,-0.0005427169989630836,right-invariant board-normalized SE(3) log
E2,ihawk1,45.0,within_pose,20260808_145501,marker_3,1,-0.0325586463445287,-0.0011944373040703891,-0.05349094348039397,-0.0006526257032735606,0.0002764570855600321,-0.00014807726413853338,right-invariant board-normalized SE(3) log
E2,ihawk1,45.0,within_pose,20260808_145501,marker_3,2,-0.1341637154223665,-0.07861963284461332,0.10463202082947523,0.00031926721734802026,0.0005328487706230717,0.0007727103100734818,right-invariant board-normalized SE(3) log
E2,ihawk1,45.0,within_pose,20260808_145501,marker_3,3,0.16672236176691585,0.07981407014856996,-0.05114107734900828,0.0003333584859531332,-0.0008093058561682083,-0.000624633045900838,right-invariant board-normalized SE(3) log
E2,ihawk1,45.0,within_pose,20260808_151001,marker_3,1,-0.07547184657453475,-0.07721792478409109,0.07473771044618942,-0.00033337333311182413,0.0001170119508334868,-0.0003260168077590696,right-invariant board-normalized SE(3) log
E2,ihawk1,45.0,within_pose,20260808_151001,marker_3,2,-0.03848043711708103,-0.02514885930073559,0.011108894078951308,0.0002492097662405777,-0.00031137143232484277,0.0003052516147557838,right-invariant board-normalized SE(3) log
E2,ihawk1,45.0,within_pose,20260808_151001,marker_3,3,0.1139522836916646,0.10236678408477369,-0.08584660452524893,8.416356693399878e-05,0.00019435948251932478,2.0765192776178764e-05,right-invariant board-normalized SE(3) log
E2,ihawk1,45.0,within_pose,20260808_162715,marker_3,1,0.23061429839074946,0.30054203694438425,-0.09398508621696136,0.0014671773592110577,0.0006086439434276227,0.0008188278970452575,right-invariant board-normalized SE(3) log
E2,ihawk1,45.0,within_pose,20260808_162715,marker_3,2,0.1990267909578893,0.11334689939716967,-0.12459187205102881,-0.00033135693565801785,-0.000812583964546992,-0.0011600763316389538,right-invariant board-normalized SE(3) log
E2,ihawk1,45.0,within_pose,20260808_162715,marker_3,3,-0.42964108934865003,-0.41388893634149265,0.21857695826810108,-0.0011358204234477136,0.00020394002104448465,0.0003412484344813118,right-invariant board-normalized SE(3) log
E2,ihawk1,45.0,within_pose,20260808_131913,marker_4,1,-0.1988929833689312,-0.31075039255242276,0.19988622876820392,-0.0005560447944335319,0.0003047604277101744,-0.0004917224290050907,right-invariant board-normalized SE(3) log
E2,ihawk1,45.0,within_pose,20260808_131913,marker_4,2,-0.009431869796322536,0.01733422081597888,0.005493665114614633,0.00045344860698081594,0.00019716219957787503,0.0005054463982821124,right-invariant board-normalized SE(3) log
E2,ihawk1,45.0,within_pose,20260808_131913,marker_4,3,0.2083248531650884,0.2934161717362185,-0.20537989388306158,0.00010259618750867809,-0.0005019226276819498,-1.3723969312780061e-05,right-invariant board-normalized SE(3) log
E2,ihawk1,45.0,within_pose,20260808_141232,marker_4,1,0.14824479972903035,0.2995491645642752,-0.1995948124680526,0.00019933634864018534,0.0005550414077617805,-0.000629400363168412,right-invariant board-normalized SE(3) log
E2,ihawk1,45.0,within_pose,20260808_141232,marker_4,2,0.09767055122149888,0.17866214029285113,-0.11965874139109327,0.000431351463764824,-0.0003729415163326187,-0.00018445304739967195,right-invariant board-normalized SE(3) log
E2,ihawk1,45.0,within_pose,20260808_141232,marker_4,3,-0.24591535095042238,-0.4782113048568879,0.319253553859142,-0.0006306878125290337,-0.00018209989142764537,0.0008138534107000793,right-invariant board-normalized SE(3) log
E2,ihawk1,45.0,within_pose,20260808_145501,marker_4,1,0.2858434820909987,0.3489056097707112,-0.3219638233598478,-0.0008426172759021358,-0.0006680821197569023,0.000599867728010299,right-invariant board-normalized SE(3) log
E2,ihawk1,45.0,within_pose,20260808_145501,marker_4,2,-0.3788423970070845,-0.3273721036468153,0.3585049108058843,0.0015974006678460986,0.002292852443692461,-0.0005206155792012098,right-invariant board-normalized SE(3) log
E2,ihawk1,45.0,within_pose,20260808_145501,marker_4,3,0.09299891491622816,-0.021533506123846226,-0.03654108744626389,-0.0007547833917958589,-0.001624770323756245,-7.925214887716578e-05,right-invariant board-normalized SE(3) log
E2,ihawk1,45.0,within_pose,20260808_151001,marker_4,1,-0.11831015255271768,-0.042507528580054646,0.11371646776722051,0.0013091384488059352,0.001350984092108979,-0.0008519004734640174,right-invariant board-normalized SE(3) log
E2,ihawk1,45.0,within_pose,20260808_151001,marker_4,2,-0.2919261804148036,-0.4451626674639949,0.3099340163183756,-0.0006700476145666647,-3.364093405366099e-05,-0.0004568346537797599,right-invariant board-normalized SE(3) log
E2,ihawk1,45.0,within_pose,20260808_151001,marker_4,3,0.41023633296755196,0.487670196044081,-0.42365048408557626,-0.000639090834170941,-0.0013173431579890096,0.0013087351272049606,right-invariant board-normalized SE(3) log
E2,ihawk1,45.0,within_pose,20260808_162715,marker_4,1,-0.00389042924404006,0.016264560775728916,0.002418288636649714,0.0003915083096295511,-8.16720638367899e-05,4.06227392088583e-05,right-invariant board-normalized SE(3) log
E2,ihawk1,45.0,within_pose,20260808_162715,marker_4,2,-0.07157011784599675,-0.1406623109861325,0.08741910656341752,-0.00035208387753203597,-7.645175549227448e-05,-0.00015521402275636676,right-invariant board-normalized SE(3) log
E2,ihawk1,45.0,within_pose,20260808_162715,marker_4,3,0.07546054709000342,0.12439775021021393,-0.0898373951997874,-3.942443283812617e-05,0.00015812382014121986,0.00011459128399138111,right-invariant board-normalized SE(3) log
E2,ihawk1,45.0,between_run,20260808_131913,all_poses,,1.3947513551882402,8.638959298958875,-36.05629490225999,0.20130459221288843,-0.1264897505157989,-6.190604556478041e-05,right-invariant board-normalized SE(3) log
E2,ihawk1,45.0,between_run,20260808_141232,all_poses,,0.8665639102075303,3.8884114451330176,8.671462401571562,-0.05581193614541312,0.024981082341861114,-0.01480522049716759,right-invariant board-normalized SE(3) log
E2,ihawk1,45.0,between_run,20260808_145501,all_poses,,-0.9324571644478643,-2.304660800876908,8.536940954654375,-0.05530097380633959,0.03538268230997086,-0.0025529326244379323,right-invariant board-normalized SE(3) log
E2,ihawk1,45.0,between_run,20260808_151001,all_poses,,-3.7745734864782494,-2.0736796221280653,7.491761480338855,-0.041104928262522634,0.047007283631585656,0.01639554877864249,right-invariant board-normalized SE(3) log
E2,ihawk1,45.0,between_run,20260808_162715,all_poses,,2.4457153855304967,-8.149030321086531,11.356130065695393,-0.04908675399861807,0.019118702232385643,0.0010245103885297066,right-invariant board-normalized SE(3) log
E2,ihawk1,45.0,cross_pose,20260808_131913,marker_0,,-2.6485736274759795,-20.11437700703898,41.919271202520584,-0.2131062124703898,0.20154138218269235,-0.009108645786460109,right-invariant board-normalized SE(3) log
E2,ihawk1,45.0,cross_pose,20260808_141232,marker_0,,7.714521643295396,-9.745984138638038,0.0274278583245715,0.01957980898777426,0.01418734371432434,0.007790528994689804,right-invariant board-normalized SE(3) log
E2,ihawk1,45.0,cross_pose,20260808_145501,marker_0,,8.517553498408967,-7.826785368475908,-1.2252078014259706,0.010094858544660516,0.023629632014331138,2.5727892590558574e-05,right-invariant board-normalized SE(3) log
E2,ihawk1,45.0,cross_pose,20260808_151001,marker_0,,12.051053995995684,-0.6054888658989483,-10.505906925394841,0.04705413622759265,0.03119498396948958,0.014749491842023005,right-invariant board-normalized SE(3) log
E2,ihawk1,45.0,cross_pose,20260808_162715,marker_0,,6.970559040987376,-11.506093353095642,1.086302449686202,0.013500144431764134,0.013271607708766564,-0.003509661615281367,right-invariant board-normalized SE(3) log
E2,ihawk1,45.0,cross_pose,20260808_131913,marker_1,,27.34472299342826,40.680564616076175,-176.27208607226342,0.9880375348765678,-0.6741002261029961,0.008457800082079072,right-invariant board-normalized SE(3) log
E2,ihawk1,45.0,cross_pose,20260808_141232,marker_1,,-5.375971609497574,-3.478413907223556,-0.5361202861081894,-0.001828540914764117,0.0032083799893120944,0.0003934707918147711,right-invariant board-normalized SE(3) log
E2,ihawk1,45.0,cross_pose,20260808_145501,marker_1,,-1.8571476247508032,-2.896555002687075,-2.4634453758485204,0.0035477736491075383,-0.007807549571162342,0.00728312241770914,right-invariant board-normalized SE(3) log
E2,ihawk1,45.0,cross_pose,20260808_151001,marker_1,,-16.831693100785134,-8.940924997313328,7.280041956523471,0.011722863500401406,0.03055614074049216,-0.028905034632513302,right-invariant board-normalized SE(3) log
E2,ihawk1,45.0,cross_pose,20260808_162715,marker_1,,-5.960297063406968,-5.712482091362074,-1.1541975692796338,-0.0021996925058018076,0.0006220811412087404,0.0004047787292802951,right-invariant board-normalized SE(3) log
E2,ihawk1,45.0,cross_pose,20260808_131913,marker_2,,-1.0896579294434106,-5.060575297407229,44.637397431083414,-0.263748601098426,0.17054325335133988,-0.0016840930087770158,right-invariant board-normalized SE(3) log
E2,ihawk1,45.0,cross_pose,20260808_141232,marker_2,,7.551905968587684,6.005632626054235,1.0501945921802025,-0.01187801007663433,0.002793908503031024,-0.005652938245103231,right-invariant board-normalized SE(3) log
E2,ihawk1,45.0,cross_pose,20260808_145501,marker_2,,7.311583054392256,7.197340228974338,0.5248280791860246,-0.0081284772836467,0.008887505535784237,-0.010376339363666423,right-invariant board-normalized SE(3) log
E2,ihawk1,45.0,cross_pose,20260808_151001,marker_2,,8.608414689662679,4.49493940053834,1.3751675760927837,-0.024595767835115724,0.003868233475581097,0.0036743410132529875,right-invariant board-normalized SE(3) log
E2,ihawk1,45.0,cross_pose,20260808_162715,marker_2,,8.20606497526863,8.901739510727547,0.5795089280899428,-0.006346106138520024,0.006622890667158801,-0.0010799605062966821,right-invariant board-normalized SE(3) log
E2,ihawk1,45.0,cross_pose,20260808_131913,marker_3,,-17.52342801274051,-5.662367597731443,45.85031712487319,-0.2606302008726285,0.14612912149768706,0.005687468893013878,right-invariant board-normalized SE(3) log
E2,ihawk1,45.0,cross_pose,20260808_141232,marker_3,,-9.498474888166792,7.357477358321163,-0.6638445506363434,-0.001996106289587831,-0.021626794885549788,0.004948617493551987,right-invariant board-normalized SE(3) log
E2,ihawk1,45.0,cross_pose,20260808_145501,marker_3,,-15.024373638295351,1.9279142357355141,3.86563100982607,-0.004702063512372391,-0.02189276189978471,0.013242391913136371,right-invariant board-normalized SE(3) log
E2,ihawk1,45.0,cross_pose,20260808_151001,marker_3,,-7.016331354774116,5.480844990934487,1.2879122310485056,-0.014406069440723762,-0.04144254140007145,0.008103005868824445,right-invariant board-normalized SE(3) log
E2,ihawk1,45.0,cross_pose,20260808_162715,marker_3,,-9.995498075642574,7.576531662245219,-0.08055688374392751,0.0041689750618771225,-0.018235118471464785,0.011016711810662098,right-invariant board-normalized SE(3) log
E2,ihawk1,45.0,cross_pose,20260808_131913,marker_4,,-6.083063423768414,-9.843244713898716,43.865100313786,-0.2505525204351231,0.1558864690712761,-0.003352530179855846,right-invariant board-normalized SE(3) log
E2,ihawk1,45.0,cross_pose,20260808_141232,marker_4,,-0.39198111421884785,-0.1387119385140676,0.12234238623976802,-0.0038771517067664137,0.0014371626788405975,-0.007479679034981659,right-invariant board-normalized SE(3) log
E2,ihawk1,45.0,cross_pose,20260808_145501,marker_4,,1.0523847102447985,1.598085906453105,-0.701805911737524,-0.0008120913977500084,-0.002816826079187015,-0.010174902859776151,right-invariant board-normalized SE(3) log
E2,ihawk1,45.0,cross_pose,20260808_151001,marker_4,,3.1885557699008213,-0.42937052826063715,0.5627851617300674,-0.019775162452153928,-0.024176816785490367,0.0023781959084126277,right-invariant board-normalized SE(3) log
E2,ihawk1,45.0,cross_pose,20260808_162715,marker_4,,0.7791711227936594,0.7403042714849284,-0.4310569247528596,-0.009123320849304437,-0.00228146104569608,-0.0068318684183692625,right-invariant board-normalized SE(3) log
E2,ihawk1,50.0,within_pose,20260808_131913,marker_0,1,-0.1629911204432901,-0.20353238224339248,-0.03967827556384674,0.0007386218690843841,0.0004875493784591587,-0.0005290989895024682,right-invariant board-normalized SE(3) log
E2,ihawk1,50.0,within_pose,20260808_131913,marker_0,2,0.1258982775507367,0.092660000144827,0.02958265201854659,8.037840927624233e-05,-0.00024737678723715236,0.0009797741940455644,right-invariant board-normalized SE(3) log
E2,ihawk1,50.0,within_pose,20260808_131913,marker_0,3,0.037092842892477045,0.11087238209855613,0.010095623545395265,-0.0008190002784852758,-0.0002401725912752849,-0.0004506752045541235,right-invariant board-normalized SE(3) log
E2,ihawk1,50.0,within_pose,20260808_141232,marker_0,1,0.027738094298368644,0.2543763391921751,-0.09988667204180113,-0.00042718246299094416,7.071010462135895e-05,-0.00047843150972857367,right-invariant board-normalized SE(3) log
E2,ihawk1,50.0,within_pose,20260808_141232,marker_0,2,0.09579483254493437,0.10699740895260822,-0.10130702781280915,0.000608901424602432,-3.9173445342481716e-05,0.0006531076773564001,right-invariant board-normalized SE(3) log
E2,ihawk1,50.0,within_pose,20260808_141232,marker_0,3,-0.12353292684335461,-0.36137374814475587,0.2011936998546175,-0.00018171896161544242,-3.1536659270385704e-05,-0.00017467616763590233,right-invariant board-normalized SE(3) log
E2,ihawk1,50.0,within_pose,20260808_145501,marker_0,1,-0.25901897032219157,-0.4336112417065726,0.19310714372208113,0.00028094172159675066,3.105138078223965e-05,-0.0008394321630133967,right-invariant board-normalized SE(3) log
E2,ihawk1,50.0,within_pose,20260808_145501,marker_0,2,0.33422544510649,0.6892323877947866,-0.25868724962933165,-0.00111927862637471,-0.0005882569433872983,-0.0001252368177544489,right-invariant board-normalized SE(3) log
E2,ihawk1,50.0,within_pose,20260808_145501,marker_0,3,-0.07520647478425799,-0.25562114608819236,0.06558010590712188,0.0008383369048109023,0.0005572055626507541,0.0009646689809832228,right-invariant board-normalized SE(3) log
E2,ihawk1,50.0,within_pose,20260808_151001,marker_0,1,0.3105315375407898,0.5711253294398055,-0.39689779453211244,0.0006909736245329646,0.0004184008260570586,0.0009295227184947302,right-invariant board-normalized SE(3) log
E2,ihawk1,50.0,within_pose,20260808_151001,marker_0,2,-0.02479163055128542,-0.05072558334293956,0.0517401217798907,-4.039764142971494e-05,2.8858167765766876e-05,0.00022267480317453894,right-invariant board-normalized SE(3) log
E2,ihawk1,50.0,within_pose,20260808_151001,marker_0,3,-0.28573990698949153,-0.5203997460968958,0.3451576727521129,-0.0006505759831275769,-0.00044725899381312144,-0.001152197521575139,right-invariant board-normalized SE(3) log
E2,ihawk1,50.0,within_pose,20260808_162715,marker_0,1,-0.3597074609702875,-1.2617625746870014,0.8089764020245978,-0.001200137386039401,0.001224011435275009,0.001510264649677203,right-invariant board-normalized SE(3) log
E2,ihawk1,50.0,within_pose,20260808_162715,marker_0,2,-0.0047766728929463315,0.3595093844848944,-0.29991442662066514,0.0006551153337533274,-0.00026092222250780815,-0.0009939903962047877,right-invariant board-normalized SE(3) log
E2,ihawk1,50.0,within_pose,20260808_162715,marker_0,3,0.3644841338632379,0.9022531902021977,-0.5090619754039958,0.0005450220523403069,-0.0009630892127664167,-0.0005162742535640235,right-invariant board-normalized SE(3) log
E2,ihawk1,50.0,within_pose,20260808_131913,marker_1,1,-0.2735749178799975,-0.2679470179691002,0.2568617650412155,-0.0007047142785472254,-0.00022361992453460077,-0.0007094199197316088,right-invariant board-normalized SE(3) log
E2,ihawk1,50.0,within_pose,20260808_131913,marker_1,2,0.01890562890095807,0.2373685271700587,-0.09787549793523616,-0.00017030307873429365,-0.00023437323113120504,-0.0007202283729097342,right-invariant board-normalized SE(3) log
E2,ihawk1,50.0,within_pose,20260808_131913,marker_1,3,0.2546692889790138,0.030578490799048934,-0.15898626710597,0.0008750173572570183,0.00045799315569822706,0.0014296482927392666,right-invariant board-normalized SE(3) log
E2,ihawk1,50.0,within_pose,20260808_141232,marker_1,1,-0.07466236380996481,-0.3942804062139845,0.2676002006097318,-0.0011088955631826498,-0.0006576367645014744,0.0006563947138082017,right-invariant board-normalized SE(3) log
E2,ihawk1,50.0,within_pose,20260808_141232,marker_1,2,-0.1620604249616273,0.25018732697842183,-0.11302045327670614,0.00028048766441022394,-0.00023346252304832737,-0.0016418795593949253,right-invariant board-normalized SE(3) log
E2,ihawk1,50.0,within_pose,20260808_141232,marker_1,3,0.23672278877170974,0.14409307923561304,-0.15457974733303437,0.0008284078988736001,0.0008910992876108963,0.0009854848455312835,right-invariant board-normalized SE(3) log
E2,ihawk1,50.0,within_pose,20260808_145501,marker_1,1,2.3811785596554436,1.7121356573302469,-2.950641066608135,0.013559596323201615,-0.007327182090750278,0.00885462014424425,right-invariant board-normalized SE(3) log
E2,ihawk1,50.0,within_pose,20260808_145501,marker_1,2,-1.450770956491348,-1.1815946122070962,1.6947151032058803,-0.006251948201265924,0.004699681243197848,-0.004263564287881654,right-invariant board-normalized SE(3) log
E2,ihawk1,50.0,within_pose,20260808_145501,marker_1,3,-0.9304076031640507,-0.5305410451230145,1.2559259634021978,-0.007307648121953129,0.0026275008475618094,-0.004591055856373958,right-invariant board-normalized SE(3) log
E2,ihawk1,50.0,within_pose,20260808_151001,marker_1,1,0.37774207652807584,-0.20781435414368812,0.01569611857842577,0.0007006229032436186,0.0012821610048991037,0.003727676080525127,right-invariant board-normalized SE(3) log
E2,ihawk1,50.0,within_pose,20260808_151001,marker_1,2,-0.03434635079764315,0.33580096483886884,-0.1880973799914204,-4.913914050189735e-06,-0.0006931020303461189,-0.0018273057537399498,right-invariant board-normalized SE(3) log
E2,ihawk1,50.0,within_pose,20260808_151001,marker_1,3,-0.3433957257302659,-0.12798661069510944,0.17240126141288764,-0.0006957089891727586,-0.0005890589745537003,-0.001900370326776491,right-invariant board-normalized SE(3) log
E2,ihawk1,50.0,within_pose,20260808_162715,marker_1,1,-20.793689145483004,-31.354005315128532,108.33379507558735,-0.6351649945664367,0.42292056505951275,0.0020771730691697995,right-invariant board-normalized SE(3) log
E2,ihawk1,50.0,within_pose,20260808_162715,marker_1,2,-20.948859423027923,-31.625449617107105,108.78154459897293,-0.6346251112817347,0.42516846201736,0.0028611572605016897,right-invariant board-normalized SE(3) log
E2,ihawk1,50.0,within_pose,20260808_162715,marker_1,3,41.74254856851087,62.979454932235534,-217.11533967456052,1.2697901058481715,-0.8480890270768725,-0.004938330329671399,right-invariant board-normalized SE(3) log
E2,ihawk1,50.0,within_pose,20260808_131913,marker_2,1,0.11483042712238004,-0.14911959800165175,-0.10262042497892948,-0.0011397785776310666,-0.00030261066605032945,-0.0008990374588841891,right-invariant board-normalized SE(3) log
E2,ihawk1,50.0,within_pose,20260808_131913,marker_2,2,0.018851892551456518,0.09735034697584104,-0.06465691047554038,0.00021407582852896696,0.00016337637397068565,0.00022817116284203575,right-invariant board-normalized SE(3) log
E2,ihawk1,50.0,within_pose,20260808_131913,marker_2,3,-0.1336823196737338,0.05176925102582002,0.16727733545445211,0.0009257027492134965,0.0001392342920318455,0.0006708662960868835,right-invariant board-normalized SE(3) log
E2,ihawk1,50.0,within_pose,20260808_141232,marker_2,1,-0.026365885576974328,0.36260930148431086,-0.034205856832468594,0.0014408934003115011,0.00024316680296846484,0.0013746748496034258,right-invariant board-normalized SE(3) log
E2,ihawk1,50.0,within_pose,20260808_141232,marker_2,2,0.04941855314317564,-0.21815036205699098,-0.029922740062082134,-0.0012638849436820625,-0.0002977588924500616,-0.0009520466590166131,right-invariant board-normalized SE(3) log
E2,ihawk1,50.0,within_pose,20260808_141232,marker_2,3,-0.023052667566037452,-0.1444589394272111,0.06412859689462179,-0.00017700845660323283,5.4592089594549826e-05,-0.0004226281908879095,right-invariant board-normalized SE(3) log
E2,ihawk1,50.0,within_pose,20260808_145501,marker_2,1,17.296083971660824,25.73917067134097,104.21301896153207,0.5116216458500328,-0.3586470083978318,0.001979178810715165,right-invariant board-normalized SE(3) log
E2,ihawk1,50.0,within_pose,20260808_145501,marker_2,2,17.424098152418065,25.817520837520874,104.48267670506272,0.5139905310713919,-0.35851757887693203,0.0008555525674136754,right-invariant board-normalized SE(3) log
E2,ihawk1,50.0,within_pose,20260808_145501,marker_2,3,-34.72018212407883,-51.556691508861796,-208.69569566659493,-1.0256121769214244,0.7171645872747638,-0.0028347313781288993,right-invariant board-normalized SE(3) log
E2,ihawk1,50.0,within_pose,20260808_151001,marker_2,1,0.07257850679768005,0.04656477585438954,-0.07378326267765772,-0.00033696607087516746,-0.0002786740861915811,-1.5390591877327596e-05,right-invariant board-normalized SE(3) log
E2,ihawk1,50.0,within_pose,20260808_151001,marker_2,2,0.017046506875271577,0.09646697652814999,0.03556222575678008,0.00021212149516280506,-0.0005802716752844223,0.0002751082524610693,right-invariant board-normalized SE(3) log
E2,ihawk1,50.0,within_pose,20260808_151001,marker_2,3,-0.08962501367283851,-0.1430317523824572,0.0382210369209634,0.00012484457560027967,0.0008589457608424977,-0.0002597176603987793,right-invariant board-normalized SE(3) log
E2,ihawk1,50.0,within_pose,20260808_162715,marker_2,1,-0.03703522507822634,-0.12196548195407822,0.10609691502897525,0.0001898821589280521,0.000377599872295072,-0.00038148286290523565,right-invariant board-normalized SE(3) log
E2,ihawk1,50.0,within_pose,20260808_162715,marker_2,2,-0.043156486810321026,0.04279590484875537,0.026108356629930565,0.0004016148325209962,0.00045944630699792905,0.00017863466079683936,right-invariant board-normalized SE(3) log
E2,ihawk1,50.0,within_pose,20260808_162715,marker_2,3,0.0801917118884766,0.07916957710517734,-0.13220527165901322,-0.0005914969914062215,-0.0008370461792302797,0.00020284820208798528,right-invariant board-normalized SE(3) log
E2,ihawk1,50.0,within_pose,20260808_131913,marker_3,1,0.23682387287520754,0.19016593367278567,0.006768501095607107,0.0006478616157500015,0.0001503353074988959,-0.0010848567936613868,right-invariant board-normalized SE(3) log
E2,ihawk1,50.0,within_pose,20260808_131913,marker_3,2,-0.2837631830179863,-0.13082110692768395,0.1577054602836557,0.0006431520406739856,0.0005287768947309946,0.001687460291214445,right-invariant board-normalized SE(3) log
E2,ihawk1,50.0,within_pose,20260808_131913,marker_3,3,0.04693931014279014,-0.0593448267450247,-0.16447396137924722,-0.0012910136563211063,-0.0006791122021898971,-0.0006026034976075057,right-invariant board-normalized SE(3) log
E2,ihawk1,50.0,within_pose,20260808_141232,marker_3,1,0.24885744367092008,0.1773591593530517,-0.17875763529586977,-0.00032122220357214907,-0.0005172107141625454,-0.0008453110796338865,right-invariant board-normalized SE(3) log
E2,ihawk1,50.0,within_pose,20260808_141232,marker_3,2,-0.17849086759132946,-0.13378235894521512,0.18911363795543523,0.0006150461826035654,-0.00040827392656947556,0.0004009091302976711,right-invariant board-normalized SE(3) log
E2,ihawk1,50.0,within_pose,20260808_141232,marker_3,3,-0.07036657607958606,-0.04357680040785077,-0.010356002659506777,-0.00029382397909081994,0.0009254846407946292,0.00044440194931752403,right-invariant board-normalized SE(3) log
E2,ihawk1,50.0,within_pose,20260808_145501,marker_3,1,0.13573863180545512,0.09363883753190211,-0.14899441710201217,4.4360163448406647e-05,-0.0006623403342332432,0.00028571986660563185,right-invariant board-normalized SE(3) log
E2,ihawk1,50.0,within_pose,20260808_145501,marker_3,2,-0.37149827673523006,-0.28343286431434656,0.4228045446013661,0.00040653632075779065,0.0009343810683960804,-6.214221338141172e-05,right-invariant board-normalized SE(3) log
E2,ihawk1,50.0,within_pose,20260808_145501,marker_3,3,0.2357596449297455,0.1897940267824957,-0.27381012749938793,-0.00045089648443751067,-0.00027204073429353524,-0.0002235776533422301,right-invariant board-normalized SE(3) log
E2,ihawk1,50.0,within_pose,20260808_151001,marker_3,1,-0.1278782802208714,-0.12240143379261659,0.145535104128309,3.312185895690009e-05,3.0121670688800143e-05,-0.0002661119783688644,right-invariant board-normalized SE(3) log
E2,ihawk1,50.0,within_pose,20260808_151001,marker_3,2,0.040524153115963205,0.03624940113427491,-0.08013232640045667,-0.00022905917723886173,1.4191941585744273e-05,0.0001253792315548751,right-invariant board-normalized SE(3) log
E2,ihawk1,50.0,within_pose,20260808_151001,marker_3,3,0.08735412710500608,0.0861520326580778,-0.06540277772772843,0.00019593731906713318,-4.431361218716219e-05,0.00014073274533535357,right-invariant board-normalized SE(3) log
E2,ihawk1,50.0,within_pose,20260808_162715,marker_3,1,-0.34547926662592215,-0.05574826945882037,0.18460805195078822,0.0015977767412587252,0.0010856342585786364,0.002920208079229289,right-invariant board-normalized SE(3) log
E2,ihawk1,50.0,within_pose,20260808_162715,marker_3,2,0.24843735061319225,0.12320825906832346,-0.23009674892084458,-0.0006456088672033923,-0.0006343371872258113,-0.0008274185837410697,right-invariant board-normalized SE(3) log
E2,ihawk1,50.0,within_pose,20260808_162715,marker_3,3,0.09704191601282233,-0.06745998960940436,0.04548869697005791,-0.0009521678740565334,-0.0004512970713521959,-0.002092789495493455,right-invariant board-normalized SE(3) log
E2,ihawk1,50.0,within_pose,20260808_131913,marker_4,1,-0.06856467160934995,-0.3554121035241629,0.1692780167839651,-0.0020514484709369903,-0.0012334114512315467,-0.002267981180916401,right-invariant board-normalized SE(3) log
E2,ihawk1,50.0,within_pose,20260808_131913,marker_4,2,-0.019415994272719745,-0.17874603829925756,0.06037617840080473,-0.0012120692322495777,-0.0004628499846573797,-0.0018793242053425283,right-invariant board-normalized SE(3) log
E2,ihawk1,50.0,within_pose,20260808_131913,marker_4,3,0.08798066588222457,0.5341581418234365,-0.2296541951848843,0.0032635177031047494,0.001696261435853861,0.0041473053861396676,right-invariant board-normalized SE(3) log
E2,ihawk1,50.0,within_pose,20260808_141232,marker_4,1,-0.08287490412362135,-0.08088739305305591,0.04740326309854348,-0.0004050080532923475,0.00022596353985323566,0.00018104043671733486,right-invariant board-normalized SE(3) log
E2,ihawk1,50.0,within_pose,20260808_141232,marker_4,2,0.16544609244241135,0.18723369568567647,-0.141402682537285,4.574119496958484e-05,-0.0004902876107674226,-0.00018277884221257936,right-invariant board-normalized SE(3) log
E2,ihawk1,50.0,within_pose,20260808_141232,marker_4,3,-0.08257118831886817,-0.10634630263250495,0.0939994194387534,0.00035926685835153797,0.00026432407107179377,1.7384055431757158e-06,right-invariant board-normalized SE(3) log
E2,ihawk1,50.0,within_pose,20260808_145501,marker_4,1,-0.03865945566038983,-0.15657445806366482,0.05251884844989586,-0.0009678391352888036,-0.00038930716194407445,-6.284315250773896e-05,right-invariant board-normalized SE(3) log
E2,ihawk1,50.0,within_pose,20260808_145501,marker_4,2,-0.04929505954415084,-0.014922780488907723,0.04048253395562811,0.0005729909890323995,0.00028489297524599634,0.0008723729412088265,right-invariant board-normalized SE(3) log
E2,ihawk1,50.0,within_pose,20260808_145501,marker_4,3,0.08795451520461636,0.17149723855255306,-0.09300138240551974,0.0003948481459163483,0.00010441418655138513,-0.0008095297888753271,right-invariant board-normalized SE(3) log
E2,ihawk1,50.0,within_pose,20260808_151001,marker_4,1,0.09129380524601824,0.20538494551008055,-0.09379597097051667,0.0009223549283102422,8.688926958994179e-05,0.0005909028913121794,right-invariant board-normalized SE(3) log
E2,ihawk1,50.0,within_pose,20260808_151001,marker_4,2,-0.05595170227379784,-0.07355309271243203,0.04823783722605984,4.785866987808901e-05,0.00017998849223837017,-4.901393410033512e-05,right-invariant board-normalized SE(3) log
E2,ihawk1,50.0,within_pose,20260808_151001,marker_4,3,-0.035342102972125936,-0.13183185279760776,0.04555813374444733,-0.0009702135979702379,-0.00026687776171012,-0.0005418889571164307,right-invariant board-normalized SE(3) log
E2,ihawk1,50.0,within_pose,20260808_162715,marker_4,1,0.07014015189722764,0.12710479100529154,-0.04737697316139898,0.0009006248104195165,-0.00026289787739349266,0.0007265599869511903,right-invariant board-normalized SE(3) log
E2,ihawk1,50.0,within_pose,20260808_162715,marker_4,2,-0.03866540780521638,-0.08171581396285224,-0.003237931645650516,-0.0008847733560019459,0.0007313781464067099,-0.000359603211025222,right-invariant board-normalized SE(3) log
E2,ihawk1,50.0,within_pose,20260808_162715,marker_4,3,-0.031474744092185744,-0.04538897704244202,0.050614904807192114,-1.5851454559645723e-05,-0.0004684802689104306,-0.0003669567759946421,right-invariant board-normalized SE(3) log
E2,ihawk1,50.0,between_run,20260808_131913,all_poses,,-4.1675381389252015,-4.6856209206641095,-4.323410820045431,-0.06897013621257402,0.039683678976349696,-0.008086266565293796,right-invariant board-normalized SE(3) log
E2,ihawk1,50.0,between_run,20260808_141232,all_poses,,1.8605316584581266,2.5979957141874177,-4.310379367923539,-0.06517768097642067,0.03906448375907479,-0.006755781757349142,right-invariant board-normalized SE(3) log
E2,ihawk1,50.0,between_run,20260808_145501,all_poses,,5.643408611971944,7.518988460669428,36.53746411713493,0.13270174885723138,-0.08968402329328647,-0.004257509222687049,right-invariant board-normalized SE(3) log
E2,ihawk1,50.0,between_run,20260808_151001,all_poses,,-8.44239210166218,-3.2508426854808015,-4.256105800007805,-0.06020548014759712,0.053200968731874326,0.032202803273854615,right-invariant board-normalized SE(3) log
E2,ihawk1,50.0,between_run,20260808_162715,all_poses,,5.105989970157397,-2.1805205687120526,-23.647568129158387,0.061651548479360545,-0.04226510817401228,-0.013103245728524171,right-invariant board-normalized SE(3) log
E2,ihawk1,50.0,cross_pose,20260808_131913,marker_0,,7.24599016170864,-9.596896545893186,1.9774100144563858,0.0126104163157697,0.014942985640105143,0.003704152976888458,right-invariant board-normalized SE(3) log
E2,ihawk1,50.0,cross_pose,20260808_141232,marker_0,,6.456409213121006,-9.420199589084078,-0.03936654339981698,0.010767072621516265,0.014325827839284825,-0.006151615989277257,right-invariant board-normalized SE(3) log
E2,ihawk1,50.0,cross_pose,20260808_145501,marker_0,,2.04770409983123,-18.350675951397793,-42.30750084674438,-0.19170391457163205,0.1600681242228754,-0.006261898200498055,right-invariant board-normalized SE(3) log
E2,ihawk1,50.0,cross_pose,20260808_151001,marker_0,,4.489209710068292,-12.713190111620108,-0.6330074587828548,0.028168611640466735,0.040390839086043434,-0.0026929112614193233,right-invariant board-normalized SE(3) log
E2,ihawk1,50.0,cross_pose,20260808_162715,marker_0,,2.769254992661899,-16.35895076134977,22.64977547761459,-0.11669366114047934,0.09114192328251454,-0.005726144016479886,right-invariant board-normalized SE(3) log
E2,ihawk1,50.0,cross_pose,20260808_131913,marker_1,,-2.7946539197462714,-2.286180929268567,-3.9752064889323626,0.017902362003060213,-0.013593196496391262,0.010637669399023955,right-invariant board-normalized SE(3) log
E2,ihawk1,50.0,cross_pose,20260808_141232,marker_1,,-0.010862259024610675,-0.534616589238629,-4.772713317472312,0.002386711842000699,-0.005457551031553158,0.015338736777485028,right-invariant board-normalized SE(3) log
E2,ihawk1,50.0,cross_pose,20260808_145501,marker_1,,-12.711746262032223,-15.408439300099435,-39.18062889001675,-0.21037087606743815,0.13608476885592255,-0.0058904025308416565,right-invariant board-normalized SE(3) log
E2,ihawk1,50.0,cross_pose,20260808_151001,marker_1,,-3.9921645721655854,-2.825468761010489,-2.8628569246867994,0.0019512532944548887,-0.0251039389477553,-0.0024641389386505417,right-invariant board-normalized SE(3) log
E2,ihawk1,50.0,cross_pose,20260808_162715,marker_1,,15.378206768892916,22.831615598010448,-90.23901948066927,0.5177263536869914,-0.3270886517873173,0.018195623423211942,right-invariant board-normalized SE(3) log
E2,ihawk1,50.0,cross_pose,20260808_131913,marker_2,,5.711995234456363,4.439896752868556,1.7790202165133249,-0.019049733441256596,0.013861159410758425,-0.00754266017278056,right-invariant board-normalized SE(3) log
E2,ihawk1,50.0,cross_pose,20260808_141232,marker_2,,5.314419163262201,4.871199362213432,2.2363834561848486,-0.013680888866094814,0.00951950567318163,-0.005341109820739511,right-invariant board-normalized SE(3) log
E2,ihawk1,50.0,cross_pose,20260808_145501,marker_2,,34.77548809195732,47.95195314355558,160.147024286586,0.8093145553745141,-0.5657837258541624,0.002993790482645025,right-invariant board-normalized SE(3) log
E2,ihawk1,50.0,cross_pose,20260808_151001,marker_2,,7.511023775259655,6.467296750282207,0.40617015952043317,-0.022252950411207964,0.016353643329190957,-0.003465628970129378,right-invariant board-normalized SE(3) log
E2,ihawk1,50.0,cross_pose,20260808_162715,marker_2,,1.9680356466196784,0.540784085526414,22.26420065110135,-0.13618752143473217,0.09054979236508873,-0.004897278250773988,right-invariant board-normalized SE(3) log
E2,ihawk1,50.0,cross_pose,20260808_131913,marker_3,,-10.10471829458719,6.093952654134625,-0.11034192425058344,-0.014272855598784244,-0.016756884808176588,-0.0009026254804364485,right-invariant board-normalized SE(3) log
E2,ihawk1,50.0,cross_pose,20260808_141232,marker_3,,-11.024780325566692,5.967034992749116,1.9819247443274046,0.009593323592499484,-0.021322142507348606,0.011389330835493084,right-invariant board-normalized SE(3) log
E2,ihawk1,50.0,cross_pose,20260808_145501,marker_3,,-18.728273034508153,-4.2794828696269285,-37.430704047897144,-0.18982300595906534,0.13424860053611684,0.02455488524163721,right-invariant board-normalized SE(3) log
E2,ihawk1,50.0,cross_pose,20260808_151001,marker_3,,-12.566114690953663,4.822343318079767,5.092780584420128,0.0007275411280922464,-0.014708511645117555,0.015614821602482398,right-invariant board-normalized SE(3) log
E2,ihawk1,50.0,cross_pose,20260808_162715,marker_3,,-15.704076355261117,0.7691123749132442,23.346888022871532,-0.11644787196065631,0.0689825024715374,0.015119215545752464,right-invariant board-normalized SE(3) log
E2,ihawk1,50.0,cross_pose,20260808_131913,marker_4,,-0.05861318183128163,1.3492280681587916,0.3291181822130573,0.0028098107212021143,0.0015459362537000507,-0.005896536722700506,right-invariant board-normalized SE(3) log
E2,ihawk1,50.0,cross_pose,20260808_141232,marker_4,,-0.735185791791984,-0.8834181766400189,0.5937716603599632,-0.009066219189924207,0.002934360026437223,-0.015235341802977436,right-invariant board-normalized SE(3) log
E2,ihawk1,50.0,cross_pose,20260808_145501,marker_4,,-5.383172895248248,-9.91335502243138,-41.22819050192757,-0.21741675877637848,0.1353822322392476,-0.015396374992942394,right-invariant board-normalized SE(3) log
E2,ihawk1,50.0,cross_pose,20260808_151001,marker_4,,4.558045777791054,4.249018804268452,-2.00308636047092,-0.008594455651804125,-0.016932031822354532,-0.0069921424322882935,right-invariant board-normalized SE(3) log
E2,ihawk1,50.0,cross_pose,20260808_162715,marker_4,,-4.411421052913612,-7.78256129710022,21.97815532908168,-0.14839729915112507,0.07641443366817764,-0.022691416701710695,right-invariant board-normalized SE(3) log
E2,ihawk2,0.0,within_pose,20260808_131913,marker_0,1,0.08277305680355151,-0.003083164810837004,-0.06754039894212253,-0.00044630744841362883,-0.0009238843631938412,-0.0007928452993181685,right-invariant board-normalized SE(3) log
E2,ihawk2,0.0,within_pose,20260808_131913,marker_0,2,0.07042338966083952,0.04336954801797912,-0.05933900093714117,0.00016296023373444773,0.0003156666036418027,0.0005319423560126826,right-invariant board-normalized SE(3) log
E2,ihawk2,0.0,within_pose,20260808_131913,marker_0,3,-0.153196446464619,-0.040286383207143096,0.1268793998790974,0.0002833472146990148,0.0006082177595924164,0.00026090294334878367,right-invariant board-normalized SE(3) log
E2,ihawk2,0.0,within_pose,20260808_141232,marker_0,1,0.08903010503587969,0.009731510388436811,0.25048712345275775,-0.0019350232226537827,-0.0030999554725824256,-0.0012560676960975156,right-invariant board-normalized SE(3) log
E2,ihawk2,0.0,within_pose,20260808_141232,marker_0,2,0.039757795994423396,-0.038436003939261776,-0.21921962801384517,0.0004722884609979354,-0.0013496048094776025,-0.0016429820117346814,right-invariant board-normalized SE(3) log
E2,ihawk2,0.0,within_pose,20260808_141232,marker_0,3,-0.1287879010302767,0.028704493550815394,-0.03126749543894036,0.0014627347616599905,0.004449560282066828,0.002899049707834979,right-invariant board-normalized SE(3) log
E2,ihawk2,0.0,within_pose,20260808_145501,marker_0,1,0.409206535196441,0.19530618220870302,-0.08395317703697013,-0.0006740109771114562,-0.0024026550577121012,0.0006411091800342904,right-invariant board-normalized SE(3) log
E2,ihawk2,0.0,within_pose,20260808_145501,marker_0,2,-0.3496705406847224,-0.15393139585533422,0.10786111841129066,0.0003325494407885799,0.001752162791706731,-0.0007287686895153735,right-invariant board-normalized SE(3) log
E2,ihawk2,0.0,within_pose,20260808_145501,marker_0,3,-0.05953599451176191,-0.04137478635336627,-0.023907941374388644,0.00034146153631363395,0.0006504922659762144,8.765950948707309e-05,right-invariant board-normalized SE(3) log
E2,ihawk2,0.0,within_pose,20260808_151001,marker_0,1,-0.040295090373210635,-0.04373280007465067,0.0716125771689516,-0.0006670584017605245,-0.0004985936929169625,-0.0006716158293228531,right-invariant board-normalized SE(3) log
E2,ihawk2,0.0,within_pose,20260808_151001,marker_0,2,-0.007139219742401906,-0.0017818660977170094,-0.07830731390289651,0.0002967100058594862,0.0006924054656459118,8.079489007087182e-06,right-invariant board-normalized SE(3) log
E2,ihawk2,0.0,within_pose,20260808_151001,marker_0,3,0.04743431011558207,0.0455146661723757,0.006694736734034298,0.00037034839582828307,-0.00019381177283885325,0.0006635363402767657,right-invariant board-normalized SE(3) log
E2,ihawk2,0.0,within_pose,20260808_162715,marker_0,1,0.12407397796289725,0.07462087351527383,-0.08903680423528124,0.00013982099977803895,-6.336635505654524e-05,0.0006055651765257582,right-invariant board-normalized SE(3) log
E2,ihawk2,0.0,within_pose,20260808_162715,marker_0,2,-0.038325342178702225,0.003348807983791073,-0.04071788231032529,0.0008141102835546962,0.0004808839706917012,0.00026106640109810326,right-invariant board-normalized SE(3) log
E2,ihawk2,0.0,within_pose,20260808_162715,marker_0,3,-0.08574863578438517,-0.07796968149907318,0.12975468654559094,-0.0009539312836015814,-0.00041751761578180186,-0.0008666315777573322,right-invariant board-normalized SE(3) log
E2,ihawk2,0.0,within_pose,20260808_131913,marker_1,1,0.02299291027545513,-0.016927986506699695,-0.014670012851630292,0.00013627050802077586,-3.299832873913187e-05,0.00022521023060056996,right-invariant board-normalized SE(3) log
E2,ihawk2,0.0,within_pose,20260808_131913,marker_1,2,-0.09621276551414797,-0.02035690134186909,0.12181361663316256,-0.00016563684416643186,0.0004552544305645997,-4.0051875124581355e-05,right-invariant board-normalized SE(3) log
E2,ihawk2,0.0,within_pose,20260808_131913,marker_1,3,0.07321985523881835,0.037284887848567705,-0.10714360378159885,2.9366336170319026e-05,-0.00042225610184587405,-0.0001851583554434224,right-invariant board-normalized SE(3) log
E2,ihawk2,0.0,within_pose,20260808_141232,marker_1,1,-0.05594390591796664,-0.05896619091620463,0.12274401538874422,-4.4251959580910845e-05,0.00032994056873491916,0.0005815708164062572,right-invariant board-normalized SE(3) log
E2,ihawk2,0.0,within_pose,20260808_141232,marker_1,2,-0.1453581037684182,-0.03716462670069283,0.17439009594178886,-0.00029280853874657224,0.00024574056708196823,6.804569533037836e-05,right-invariant board-normalized SE(3) log
E2,ihawk2,0.0,within_pose,20260808_141232,marker_1,3,0.20130200968639891,0.09613081761690381,-0.29713411133050677,0.00033706049831799557,-0.0005756811357937209,-0.0006496165117048867,right-invariant board-normalized SE(3) log
E2,ihawk2,0.0,within_pose,20260808_145501,marker_1,1,0.17695498837577442,0.23781891810519995,-0.3258082598146817,-0.00021407903729933896,-0.0007935029438218041,-0.0015044416633447485,right-invariant board-normalized SE(3) log
E2,ihawk2,0.0,within_pose,20260808_145501,marker_1,2,-0.2753036893443783,-0.21258382513115856,0.3441385478498494,0.0003679523712866776,0.00093593645211526,0.0010348086548322805,right-invariant board-normalized SE(3) log
E2,ihawk2,0.0,within_pose,20260808_145501,marker_1,3,0.09834870096860697,-0.025235092974050546,-0.018330288035262966,-0.00015387333402318214,-0.00014243350820470084,0.00046963300906398747,right-invariant board-normalized SE(3) log
E2,ihawk2,0.0,within_pose,20260808_151001,marker_1,1,-0.16472826848004693,-0.06993989775213307,0.24641127621348877,-0.000642205423415467,0.000352811457832016,0.00015281717045511175,right-invariant board-normalized SE(3) log
E2,ihawk2,0.0,within_pose,20260808_151001,marker_1,2,0.3757037721716629,0.0651545099298638,-0.32641263197213316,0.00036124741560578604,-0.00026300440645902394,0.00035373532314647013,right-invariant board-normalized SE(3) log
E2,ihawk2,0.0,within_pose,20260808_151001,marker_1,3,-0.21097550369163187,0.004785387822305218,0.08000135575876931,0.00028095800769448306,-8.98070513359983e-05,-0.0005065524933949796,right-invariant board-normalized SE(3) log
E2,ihawk2,0.0,within_pose,20260808_162715,marker_1,1,0.10195367027361281,0.022055884449721584,-0.05716138421076489,-3.917145462177527e-06,0.0001524085283344067,7.693634715156568e-05,right-invariant board-normalized SE(3) log
E2,ihawk2,0.0,within_pose,20260808_162715,marker_1,2,0.05727506778697348,0.0194672869916027,-0.1163280708047097,0.0005212946060208143,-9.680413415157406e-05,1.9212120684269305e-05,right-invariant board-normalized SE(3) log
E2,ihawk2,0.0,within_pose,20260808_162715,marker_1,3,-0.159228738060706,-0.04152317144135822,0.17348945501539048,-0.0005173774604150887,-5.5604394251870894e-05,-9.614846785205828e-05,right-invariant board-normalized SE(3) log
E2,ihawk2,0.0,within_pose,20260808_131913,marker_2,1,0.029175328301799343,-0.01625814952660165,-0.02007859427230345,-0.00014982647602042199,0.00024583448162214354,-0.00036476307788214143,right-invariant board-normalized SE(3) log
E2,ihawk2,0.0,within_pose,20260808_131913,marker_2,2,0.0317632572883704,-0.009074669674564939,0.017674638030500314,0.000487073459699637,0.0004348769856640729,-9.368201364559842e-05,right-invariant board-normalized SE(3) log
E2,ihawk2,0.0,within_pose,20260808_131913,marker_2,3,-0.0609385855902326,0.025332819201159443,0.002403956241640162,-0.00033724698353457743,-0.0006807114670629016,0.000458445091402218,right-invariant board-normalized SE(3) log
E2,ihawk2,0.0,within_pose,20260808_141232,marker_2,1,0.14790097960233925,-0.0357344727802711,-0.2044666758702486,-0.0005324076084068904,4.60446209238127e-05,-0.00019586472764614982,right-invariant board-normalized SE(3) log
E2,ihawk2,0.0,within_pose,20260808_141232,marker_2,2,-0.14142379887569823,0.02924722797462643,0.1401199023784382,1.1569941277302605e-05,0.00013132210626412165,3.209496628889842e-05,right-invariant board-normalized SE(3) log
E2,ihawk2,0.0,within_pose,20260808_141232,marker_2,3,-0.006477180726740589,0.006487244805653268,0.06434677349174053,0.0005208376676343996,-0.00017736672587793684,0.00016376976182773785,right-invariant board-normalized SE(3) log
E2,ihawk2,0.0,within_pose,20260808_145501,marker_2,1,-0.030096082219722955,-0.006846262051332192,0.06578942579390859,0.00019676051187353881,0.00045236237345434464,-0.0002207494119232796,right-invariant board-normalized SE(3) log
E2,ihawk2,0.0,within_pose,20260808_145501,marker_2,2,-0.3108944170773657,0.10161210405588426,0.2433599691416672,0.00032662259826064316,0.00045215425902439787,0.000587592552516504,right-invariant board-normalized SE(3) log
E2,ihawk2,0.0,within_pose,20260808_145501,marker_2,3,0.34099049929682346,-0.0947658420045459,-0.30914939493538773,-0.0005233831101391572,-0.0009045166324962234,-0.00036684314056820687,right-invariant board-normalized SE(3) log
E2,ihawk2,0.0,within_pose,20260808_151001,marker_2,1,-0.208997372100441,0.05666205622601201,0.11414527522167443,-0.0002663004024765113,0.0010041098488717593,-0.00012225101910719963,right-invariant board-normalized SE(3) log
E2,ihawk2,0.0,within_pose,20260808_151001,marker_2,2,0.07716242761707938,-0.021433744257182485,0.1315551876591788,0.0008885811931277609,-0.0009108949642188395,-4.370594865299039e-05,right-invariant board-normalized SE(3) log
E2,ihawk2,0.0,within_pose,20260808_151001,marker_2,3,0.13183494448337224,-0.03522831196880182,-0.24570046288078384,-0.000622280790419413,-9.321488501234273e-05,0.00016595696777132923,right-invariant board-normalized SE(3) log
E2,ihawk2,0.0,within_pose,20260808_162715,marker_2,1,0.013001435331586562,-0.0024571753293231953,0.03558095142737628,0.0001849641849880239,-0.00016709442681609956,-3.8597456455505815e-05,right-invariant board-normalized SE(3) log
E2,ihawk2,0.0,within_pose,20260808_162715,marker_2,2,-0.06705173069341559,0.030847149651532648,-0.062070067224100724,-0.0004171958223976213,0.0004695643155977331,0.00019096233748648456,right-invariant board-normalized SE(3) log
E2,ihawk2,0.0,within_pose,20260808_162715,marker_2,3,0.054050295361856834,-0.028389974322237905,0.02648911579677552,0.00023223163689837023,-0.00030246988815922784,-0.0001523648807442925,right-invariant board-normalized SE(3) log
E2,ihawk2,0.0,within_pose,20260808_131913,marker_3,1,0.33643653477900326,-0.0726240782937558,-0.20194845073201734,0.0011688331844397907,-0.001317449299212358,0.00012273331264968406,right-invariant board-normalized SE(3) log
E2,ihawk2,0.0,within_pose,20260808_131913,marker_3,2,0.0673369519454337,0.1260498698698453,0.05437740504262273,-0.0006157617990601036,0.0004147056716776752,-0.0017212713297911988,right-invariant board-normalized SE(3) log
E2,ihawk2,0.0,within_pose,20260808_131913,marker_3,3,-0.40377348672441327,-0.053425791576095505,0.1475710456895684,-0.0005530713853958171,0.000902743627569675,0.0015985380172393638,right-invariant board-normalized SE(3) log
E2,ihawk2,0.0,within_pose,20260808_141232,marker_3,1,0.22688726304918802,-0.0395879668112099,-0.16460233065171564,9.33375928843103e-05,-0.00014104105891490706,-0.00013928898499258752,right-invariant board-normalized SE(3) log
E2,ihawk2,0.0,within_pose,20260808_141232,marker_3,2,-0.13069392470809607,-0.009748726878242905,0.1019796750129921,3.7576044464540727e-05,0.00046031142488751274,0.00043837844282013723,right-invariant board-normalized SE(3) log
E2,ihawk2,0.0,within_pose,20260808_141232,marker_3,3,-0.09619333834104149,0.049336693689431686,0.06262265563883769,-0.00013091363752680215,-0.0003192703663287041,-0.0002990894581596343,right-invariant board-normalized SE(3) log
E2,ihawk2,0.0,within_pose,20260808_145501,marker_3,1,-0.12678077056044143,0.01569774878946795,0.13042907486694333,0.00024312915829519577,0.000113305132205606,0.00010777802463694973,right-invariant board-normalized SE(3) log
E2,ihawk2,0.0,within_pose,20260808_145501,marker_3,2,-0.02772926769731268,0.01340092184226274,0.0030227510642260045,-0.00033700113850509744,0.00024045585157762164,-8.203141959107699e-05,right-invariant board-normalized SE(3) log
E2,ihawk2,0.0,within_pose,20260808_145501,marker_3,3,0.1545100382578266,-0.02909867063168022,-0.13345182593110463,9.38719807619669e-05,-0.00035376098303644267,-2.5746604718191995e-05,right-invariant board-normalized SE(3) log
E2,ihawk2,0.0,within_pose,20260808_151001,marker_3,1,-0.02048148975014154,0.011277140958740578,-0.005891585338197779,3.589983033152682e-05,-0.0004871235110798037,-0.0002002386886659048,right-invariant board-normalized SE(3) log
E2,ihawk2,0.0,within_pose,20260808_151001,marker_3,2,0.28105862946324955,-0.1506426095724121,-0.31379736084531223,0.00042381613323083124,-0.0007171321801326295,0.0009934633022672264,right-invariant board-normalized SE(3) log
E2,ihawk2,0.0,within_pose,20260808_151001,marker_3,3,-0.26057713971304663,0.13936546861373938,0.31968894618340166,-0.0004597159636038939,0.0012042556912466424,-0.0007932246137227669,right-invariant board-normalized SE(3) log
E2,ihawk2,0.0,within_pose,20260808_162715,marker_3,1,-0.08328480697115492,0.010079988894996538,0.1614817811955306,0.000514213226947468,0.0006470922097461706,0.00016454322831114214,right-invariant board-normalized SE(3) log
E2,ihawk2,0.0,within_pose,20260808_162715,marker_3,2,0.09904100353787539,0.06875912835187827,0.09095664848590486,-0.0008612065056304026,0.0020658372979626407,-0.0010121704927106405,right-invariant board-normalized SE(3) log
E2,ihawk2,0.0,within_pose,20260808_162715,marker_3,3,-0.015756196566723505,-0.07883911724684597,-0.25243842968124236,0.0003469932786549941,-0.002712929507656574,0.0008476272643701245,right-invariant board-normalized SE(3) log
E2,ihawk2,0.0,within_pose,20260808_131913,marker_4,1,0.26279459038066,0.00692544797573035,-0.23591997330656697,-0.0006211445362016577,-0.0003591977514038149,0.00047808340846636866,right-invariant board-normalized SE(3) log
E2,ihawk2,0.0,within_pose,20260808_131913,marker_4,2,-0.26319189924746256,-0.013400927118345564,0.23550262048738707,-0.00020747328270319046,-0.00028320565944320823,-0.0007305855996527763,right-invariant board-normalized SE(3) log
E2,ihawk2,0.0,within_pose,20260808_131913,marker_4,3,0.00039730886686647386,0.0064754791426536165,0.0004173528191145125,0.00082861781895386,0.0006424034109090694,0.0002525021913331768,right-invariant board-normalized SE(3) log
E2,ihawk2,0.0,within_pose,20260808_141232,marker_4,1,0.035540360650064926,0.01085748572819384,-0.043632347328847895,-0.0005149394983017675,-0.00029444459169492953,-0.0005261158585651302,right-invariant board-normalized SE(3) log
E2,ihawk2,0.0,within_pose,20260808_141232,marker_4,2,-0.0658102660164654,-0.005009605562256622,0.0755527152985243,0.0006783919835092243,-0.00021482919763075338,0.0003914733475952587,right-invariant board-normalized SE(3) log
E2,ihawk2,0.0,within_pose,20260808_141232,marker_4,3,0.03026990536645569,-0.005847880165935574,-0.031920367969734936,-0.00016345248515152515,0.0005092737894073801,0.00013464251105185408,right-invariant board-normalized SE(3) log
E2,ihawk2,0.0,within_pose,20260808_145501,marker_4,1,0.07705673204532681,-0.003330876668293309,-0.06513502179730159,0.00035147472125241587,-0.0006953359218755484,-0.00019457371243284215,right-invariant board-normalized SE(3) log
E2,ihawk2,0.0,within_pose,20260808_145501,marker_4,2,0.04569906249311109,0.007059571649711316,-0.04880670957480607,0.00010862947907787563,0.00019973020649789988,-0.00025558280433195284,right-invariant board-normalized SE(3) log
E2,ihawk2,0.0,within_pose,20260808_145501,marker_4,3,-0.12275579453855817,-0.0037286949814101006,0.11394173137213513,-0.00046010420052677614,0.0004956057155972058,0.00045015651695330954,right-invariant board-normalized SE(3) log
E2,ihawk2,0.0,within_pose,20260808_151001,marker_4,1,0.04350046149539158,-4.181640542101267e-05,-0.03383955839610129,-0.00021474045112196505,-0.0002572100844197839,5.515827226083635e-05,right-invariant board-normalized SE(3) log
E2,ihawk2,0.0,within_pose,20260808_151001,marker_4,2,-0.09128246768787016,-0.011238606782470404,0.07884653701168064,0.0005033432669953805,0.00036444742690417304,0.0001523526846619579,right-invariant board-normalized SE(3) log
E2,ihawk2,0.0,within_pose,20260808_151001,marker_4,3,0.04778200619242103,0.011280423187921808,-0.04500697861563831,-0.0002886028159724103,-0.00010723734239034225,-0.00020751095714838686,right-invariant board-normalized SE(3) log
E2,ihawk2,0.0,within_pose,20260808_162715,marker_4,1,0.08362736087658061,0.014885470401973242,-0.09562329820770923,9.313876422304639e-06,-0.00021366402992670114,-0.000240301854206233,right-invariant board-normalized SE(3) log
E2,ihawk2,0.0,within_pose,20260808_162715,marker_4,2,0.28224658039642553,0.016843377430123884,-0.24581897727218943,0.0003329451733295713,-0.0009219387962227344,-8.187921961662954e-05,right-invariant board-normalized SE(3) log
E2,ihawk2,0.0,within_pose,20260808_162715,marker_4,3,-0.36587394127292583,-0.03172884783210778,0.3414422754798221,-0.0003422590498087489,0.0011356028261566044,0.00032218107364626974,right-invariant board-normalized SE(3) log
E2,ihawk2,0.0,between_run,20260808_131913,all_poses,,-2.0720702666566457,1.73851029940473,0.42369107032701303,-0.0026762710527846287,-0.0014066658500912848,0.01642974236764813,right-invariant board-normalized SE(3) log
E2,ihawk2,0.0,between_run,20260808_141232,all_poses,,1.387328848450475,-0.18142337745548548,-0.06784196316327658,-0.0019287741729674868,-0.002668494677020659,-0.006966347385574937,right-invariant board-normalized SE(3) log
E2,ihawk2,0.0,between_run,20260808_145501,all_poses,,0.6845030163617299,-0.37215859044919747,0.10336680479373198,0.001227012648502717,0.001333437016734792,-0.0065041365915316455,right-invariant board-normalized SE(3) log
E2,ihawk2,0.0,between_run,20260808_151001,all_poses,,0.3072085959640986,-0.3470044505348902,-0.2145424383782684,0.0037288901125615277,0.0023107061612124553,-0.0036370270002718157,right-invariant board-normalized SE(3) log
E2,ihawk2,0.0,between_run,20260808_162715,all_poses,,-0.30697019411951987,-0.8379238809651545,-0.24467347357911623,-0.0003508575352973998,0.00043101734917408506,0.0006777686097323982,right-invariant board-normalized SE(3) log
E2,ihawk2,0.0,cross_pose,20260808_131913,marker_0,,12.265712595017405,-8.286602772131456,-1.3433398886154098,0.006453993339350638,7.306520729240178e-05,0.005884124965722582,right-invariant board-normalized SE(3) log
E2,ihawk2,0.0,cross_pose,20260808_141232,marker_0,,11.759159784091574,-8.279069766324975,-2.64191842359652,0.013601740787037811,0.0025165165581309728,0.0021037645622801458,right-invariant board-normalized SE(3) log
E2,ihawk2,0.0,cross_pose,20260808_145501,marker_0,,13.094549045108696,-7.866721415822625,-3.9839747075339607,0.010124055175409513,-0.0005294398913015919,0.007754705538860008,right-invariant board-normalized SE(3) log
E2,ihawk2,0.0,cross_pose,20260808_151001,marker_0,,12.560326527531792,-8.083201540373622,-4.549831644011333,0.014158076004474295,0.0024784169774835743,0.00730335609912522,right-invariant board-normalized SE(3) log
E2,ihawk2,0.0,cross_pose,20260808_162715,marker_0,,11.783231131558647,-8.32284934488751,-2.6295896430839596,0.01583936291364259,0.0024985592679554872,0.006554616355375316,right-invariant board-normalized SE(3) log
E2,ihawk2,0.0,cross_pose,20260808_131913,marker_1,,-10.28157967093513,-9.154391305295716,0.9033753716820401,0.0006395561345756851,-0.015764213745574913,0.0010667519411458885,right-invariant board-normalized SE(3) log
E2,ihawk2,0.0,cross_pose,20260808_141232,marker_1,,-10.220577183810944,-9.39398559220091,1.7069521129501781,-0.0022989566989587303,-0.0077042650895501425,0.004125430522468225,right-invariant board-normalized SE(3) log
E2,ihawk2,0.0,cross_pose,20260808_145501,marker_1,,-11.578461848650162,-9.218525983119312,1.7344999988887024,-0.002320060818342748,-0.010531755076920278,-0.002682743767695837,right-invariant board-normalized SE(3) log
E2,ihawk2,0.0,cross_pose,20260808_151001,marker_1,,-11.16876861382843,-9.065498959320115,1.05908703794536,-0.0001847171240604744,-0.011113145979619347,-0.0017993669421713413,right-invariant board-normalized SE(3) log
E2,ihawk2,0.0,cross_pose,20260808_162715,marker_1,,-12.029266088239783,-9.32513870719858,2.4855832012244905,0.005089011944066613,-0.004675832448981736,-2.093643093019951e-05,right-invariant board-normalized SE(3) log
E2,ihawk2,0.0,cross_pose,20260808_131913,marker_2,,10.306277293605806,8.4900234328617,-1.669082181876489,-0.011083964198257381,-0.0031672195117202176,-0.002115016940630879,right-invariant board-normalized SE(3) log
E2,ihawk2,0.0,cross_pose,20260808_141232,marker_2,,9.061291806947537,8.905677096076888,0.3580972592018714,-0.005295071023591853,0.005786854925288665,-0.00405688575398312,right-invariant board-normalized SE(3) log
E2,ihawk2,0.0,cross_pose,20260808_145501,marker_2,,8.467818214983277,8.867626838521696,0.4976304467518922,-0.0035740669072255034,0.008904294867736888,-0.0031449777936807563,right-invariant board-normalized SE(3) log
E2,ihawk2,0.0,cross_pose,20260808_151001,marker_2,,9.529634998068497,8.482065587030068,0.27277714802711434,-0.006038193334316167,0.004431339850996646,-0.004590965206625747,right-invariant board-normalized SE(3) log
E2,ihawk2,0.0,cross_pose,20260808_162715,marker_2,,10.50943833984355,8.56667950682834,-1.1960770393688054,-0.009795937395495566,0.0026023073331940295,-0.005250300977443156,right-invariant board-normalized SE(3) log
E2,ihawk2,0.0,cross_pose,20260808_131913,marker_3,,-11.38275098116849,9.111920292825218,0.7180380700802659,-0.00783517860312305,-0.0047256171171789225,-0.0023226937784019443,right-invariant board-normalized SE(3) log
E2,ihawk2,0.0,cross_pose,20260808_141232,marker_3,,-10.311790218384857,8.942157886049442,-0.6324405544104613,-0.008808519805584381,-0.020281712167211426,-0.0018687118157879638,right-invariant board-normalized SE(3) log
E2,ihawk2,0.0,cross_pose,20260808_145501,marker_3,,-8.883734926383333,8.518933798325,0.36759665100642336,8.24515844645548e-05,-0.011208671939156124,-0.003398869909649161,right-invariant board-normalized SE(3) log
E2,ihawk2,0.0,cross_pose,20260808_151001,marker_3,,-10.793326733092375,8.955947347394517,2.364782864430333,-0.0031822665937641477,-0.006810900276421,-0.0018503484556222458,right-invariant board-normalized SE(3) log
E2,ihawk2,0.0,cross_pose,20260808_162715,marker_3,,-10.269369247549127,9.061354069337916,0.13278425491405477,-0.009653687543639341,-0.01551876043981374,-0.0017001191689637088,right-invariant board-normalized SE(3) log
E2,ihawk2,0.0,cross_pose,20260808_131913,marker_4,,-0.9076592365195117,-0.1609496482596327,1.391008628729426,0.01182559332744347,0.02358398516717768,-0.002513166187846782,right-invariant board-normalized SE(3) log
E2,ihawk2,0.0,cross_pose,20260808_141232,marker_4,,-0.28808418884323944,-0.17477962360038957,1.209309605855167,0.0028008067410826014,0.019682605773358876,-0.0003035975149888138,right-invariant board-normalized SE(3) log
E2,ihawk2,0.0,cross_pose,20260808_145501,marker_4,,-1.100170485058495,-0.301313237904787,1.384247610887024,-0.004312379034306803,0.013365572039637483,0.0014718859321706944,right-invariant board-normalized SE(3) log
E2,ihawk2,0.0,cross_pose,20260808_151001,marker_4,,-0.12786617867951022,-0.2893124347308669,0.8531845936082415,-0.004752898952288273,0.01101428942755163,0.0009373245053222011,right-invariant board-normalized SE(3) log
E2,ihawk2,0.0,cross_pose,20260808_162715,marker_4,,0.005965864387054055,0.019954475919793876,1.2072992263141749,-0.0014787499185633587,0.015093726287650624,0.0004167402219691809,right-invariant board-normalized SE(3) log
E2,ihawk2,5.0,within_pose,20260808_131913,marker_0,1,0.1392430312862974,0.04870139126645822,-0.014709063664827124,-0.0007680284336430103,-0.0001728018028229339,0.00021715679634938922,right-invariant board-normalized SE(3) log
E2,ihawk2,5.0,within_pose,20260808_131913,marker_0,2,-0.32274994392503237,-0.09662017838816282,0.17710094485615943,0.0003257570951551218,0.0017174607241428107,5.079275065457693e-05,right-invariant board-normalized SE(3) log
E2,ihawk2,5.0,within_pose,20260808_131913,marker_0,3,0.18350691263869764,0.04791878712169725,-0.16239188119148326,0.000442271338425801,-0.001544658921226615,-0.00026794954697709135,right-invariant board-normalized SE(3) log
E2,ihawk2,5.0,within_pose,20260808_141232,marker_0,1,-0.14023708319184458,-0.027961439721264754,0.14763864235068547,0.00011655778458735788,0.000532480810734296,0.00044300305949861613,right-invariant board-normalized SE(3) log
E2,ihawk2,5.0,within_pose,20260808_141232,marker_0,2,0.10068016411856517,0.015092039721711283,-0.021031936184925437,-0.0008900864382377861,-0.0004934844177859335,-0.00040565248772093737,right-invariant board-normalized SE(3) log
E2,ihawk2,5.0,within_pose,20260808_141232,marker_0,3,0.03955691907334875,0.012869399999555702,-0.12660670616579411,0.0007735286534567147,-3.8996393031309806e-05,-3.735057184560379e-05,right-invariant board-normalized SE(3) log
E2,ihawk2,5.0,within_pose,20260808_145501,marker_0,1,-0.09255300340844443,-0.03789925846756153,0.05984463124971867,-0.0001657453333931726,0.0005753113489325744,-1.5224598727937328e-05,right-invariant board-normalized SE(3) log
E2,ihawk2,5.0,within_pose,20260808_145501,marker_0,2,0.24527370040511554,0.10301355784429304,-0.23922474810987643,0.0001047318509312207,-0.00011760406292208725,0.00019358377384859224,right-invariant board-normalized SE(3) log
E2,ihawk2,5.0,within_pose,20260808_145501,marker_0,3,-0.1527206969965462,-0.06511429937661233,0.17938011686014665,6.101348209233384e-05,-0.00045770728563860485,-0.0001783591758361552,right-invariant board-normalized SE(3) log
E2,ihawk2,5.0,within_pose,20260808_151001,marker_0,1,0.29427394574146476,0.13024706063471633,0.01706185005478692,-0.0011284204090138993,-0.0016611918405819487,0.0002139069305894705,right-invariant board-normalized SE(3) log
E2,ihawk2,5.0,within_pose,20260808_151001,marker_0,2,0.0532883133759147,0.02780085945669824,-0.09464221035771225,0.0005698481501205957,-0.0002753157905234017,4.636670900083014e-05,right-invariant board-normalized SE(3) log
E2,ihawk2,5.0,within_pose,20260808_151001,marker_0,3,-0.34756225911724653,-0.15804792009140947,0.07758036030301355,0.000558572258770239,0.0019365076309505699,-0.00026027363957062253,right-invariant board-normalized SE(3) log
E2,ihawk2,5.0,within_pose,20260808_162715,marker_0,1,-0.2586472648484538,-0.1186251591584108,0.2444478759413286,-0.0009232370939849675,0.00011060694862486549,-0.00096092448322702,right-invariant board-normalized SE(3) log
E2,ihawk2,5.0,within_pose,20260808_162715,marker_0,2,0.2526578848797756,0.09440677374036834,-0.17384550179959218,0.0003092148934992329,-0.0007730323482902233,0.0004635864801156385,right-invariant board-normalized SE(3) log
E2,ihawk2,5.0,within_pose,20260808_162715,marker_0,3,0.005989379968738631,0.024218385418044112,-0.07060237414184782,0.0006140222003495799,0.0006624253995367365,0.0004973380029975489,right-invariant board-normalized SE(3) log
E2,ihawk2,5.0,within_pose,20260808_131913,marker_1,1,0.44071430156261,0.25252591610951447,-0.6244613760652344,-0.0001539050219183693,-0.00211368283110964,-0.0015082874573208256,right-invariant board-normalized SE(3) log
E2,ihawk2,5.0,within_pose,20260808_131913,marker_1,2,-0.1960425356217057,-0.09121677172053343,0.23525775044360905,-5.5996939316949374e-05,0.0002676162861836432,0.0004337720961006163,right-invariant board-normalized SE(3) log
E2,ihawk2,5.0,within_pose,20260808_131913,marker_1,3,-0.2446717659409486,-0.1613091443890001,0.38920362562147265,0.0002099019612574768,0.0018460665446815255,0.0010745153609172428,right-invariant board-normalized SE(3) log
E2,ihawk2,5.0,within_pose,20260808_141232,marker_1,1,0.020945358707559567,-0.10233673100657527,0.04104612654855248,0.00028116961749534615,0.000168912350692537,0.0009215336469217181,right-invariant board-normalized SE(3) log
E2,ihawk2,5.0,within_pose,20260808_141232,marker_1,2,-0.0068120199417065035,0.02937280334655716,-0.0019127878191762334,-0.00015472668948681047,-2.5530750541802884e-07,-0.00027647553598862364,right-invariant board-normalized SE(3) log
E2,ihawk2,5.0,within_pose,20260808_141232,marker_1,3,-0.01413333876579411,0.0729639276600246,-0.03913333872938976,-0.00012644292801509494,-0.00016865704319181507,-0.0006450581109563575,right-invariant board-normalized SE(3) log
E2,ihawk2,5.0,within_pose,20260808_145501,marker_1,1,0.3401950613467937,0.08251937791863567,-0.25347001310490974,-0.0004900278254905022,-0.001255544735413573,0.0002667833234590682,right-invariant board-normalized SE(3) log
E2,ihawk2,5.0,within_pose,20260808_145501,marker_1,2,-0.26124263248174806,-0.058744121425260816,0.24860193657258037,4.858936638087734e-05,0.0010110056399179254,-0.00016700635426946775,right-invariant board-normalized SE(3) log
E2,ihawk2,5.0,within_pose,20260808_145501,marker_1,3,-0.07895242886518539,-0.023775256493377823,0.004868076532292766,0.000441438459095296,0.0002445390955757393,-9.97769692003033e-05,right-invariant board-normalized SE(3) log
E2,ihawk2,5.0,within_pose,20260808_151001,marker_1,1,-0.0019221415631806985,-0.08743490535207275,0.03088026261562885,0.0003926500614962386,5.404030814953149e-07,0.0008905977490456087,right-invariant board-normalized SE(3) log
E2,ihawk2,5.0,within_pose,20260808_151001,marker_1,2,0.374302606333984,0.3007251552662327,-0.44083979318518807,-0.0012854980466137616,-0.0014344833710548156,-0.0020202409556729197,right-invariant board-normalized SE(3) log
E2,ihawk2,5.0,within_pose,20260808_151001,marker_1,3,-0.37238046477079584,-0.21329024991417378,0.4099595305695667,0.0008928479851475806,0.0014339429680095238,0.0011296432066728495,right-invariant board-normalized SE(3) log
E2,ihawk2,5.0,within_pose,20260808_162715,marker_1,1,0.08351532308999038,0.026197798119254996,-0.08847396805756058,8.475941605022938e-05,-0.0003229557522786977,-1.9848857608853078e-05,right-invariant board-normalized SE(3) log
E2,ihawk2,5.0,within_pose,20260808_162715,marker_1,2,0.15413046718699486,0.07083263633514308,-0.13999065344571818,-0.00042091375416768287,-0.0005057766934816157,-0.0001855497608243673,right-invariant board-normalized SE(3) log
E2,ihawk2,5.0,within_pose,20260808_162715,marker_1,3,-0.23764579027710356,-0.09703043445437637,0.22846462150318758,0.00033615433817618673,0.000828732445900127,0.00020539861846843432,right-invariant board-normalized SE(3) log
E2,ihawk2,5.0,within_pose,20260808_131913,marker_2,1,0.0068860356057731525,0.02650970754972679,-0.08595860358596012,0.00042837502492082516,-9.943574811619237e-07,0.0008713418783620406,right-invariant board-normalized SE(3) log
E2,ihawk2,5.0,within_pose,20260808_131913,marker_2,2,-0.002107532141987429,-0.012434847716528056,0.03389286608843174,-0.00031551068787878564,-0.00019545794497851914,-0.00038022976226790835,right-invariant board-normalized SE(3) log
E2,ihawk2,5.0,within_pose,20260808_131913,marker_2,3,-0.0047785034638762975,-0.014074859833204379,0.052065737497564976,-0.00011286433715465129,0.00019645230245471818,-0.0004911121163161644,right-invariant board-normalized SE(3) log
E2,ihawk2,5.0,within_pose,20260808_141232,marker_2,1,0.11497988021138059,0.027979531202008523,-0.10193607649336466,5.486674656686236e-05,-0.0016088266960505636,0.0009790001019317454,right-invariant board-normalized SE(3) log
E2,ihawk2,5.0,within_pose,20260808_141232,marker_2,2,-0.2370732727344323,0.033309312703540206,0.23995906272732795,0.0003222618592671346,0.0009539928182999055,-0.00033024863828851216,right-invariant board-normalized SE(3) log
E2,ihawk2,5.0,within_pose,20260808_141232,marker_2,3,0.1220933925232214,-0.0612888439055282,-0.13802298623401793,-0.00037712860590701256,0.0006548338778570679,-0.0006487514637568759,right-invariant board-normalized SE(3) log
E2,ihawk2,5.0,within_pose,20260808_145501,marker_2,1,-0.021382898641964458,-0.00027847127994987467,0.08764658633245521,-0.00020270512153992989,-0.0008930961161547458,-7.524408076111473e-05,right-invariant board-normalized SE(3) log
E2,ihawk2,5.0,within_pose,20260808_145501,marker_2,2,0.05177818923283424,-0.03294371231726327,0.008917516806071023,0.00028560895174386993,0.0003133801963352482,-0.00038526613446433495,right-invariant board-normalized SE(3) log
E2,ihawk2,5.0,within_pose,20260808_145501,marker_2,3,-0.03039529059091136,0.03322218359722526,-0.0965641031385398,-8.290383016077762e-05,0.000579715919985702,0.0004605102152289948,right-invariant board-normalized SE(3) log
E2,ihawk2,5.0,within_pose,20260808_151001,marker_2,1,0.13509526005850525,0.033023805901699774,-0.025649459608289644,0.0012635350358582956,-0.000991759294655246,0.0009441950176523182,right-invariant board-normalized SE(3) log
E2,ihawk2,5.0,within_pose,20260808_151001,marker_2,2,0.1324376981431315,-0.0887486409797521,-0.1049149655363449,-0.0006451815388802037,-0.00023376507434005663,-0.0007083263296263008,right-invariant board-normalized SE(3) log
E2,ihawk2,5.0,within_pose,20260808_151001,marker_2,3,-0.2675329582013017,0.05572483507802021,0.13056442514456137,-0.0006183534970520667,0.0012255243691328883,-0.00023586868805702455,right-invariant board-normalized SE(3) log
E2,ihawk2,5.0,within_pose,20260808_162715,marker_2,1,0.1872924220053326,-0.07016534490514474,-0.16159211243615626,-0.00013639603474451922,7.922971568080048e-05,-0.0005519395887185636,right-invariant board-normalized SE(3) log
E2,ihawk2,5.0,within_pose,20260808_162715,marker_2,2,0.19306698457249089,-0.03841362218217526,-0.11873183074924962,0.0002907761300424363,-0.0004189781623399155,-6.688096048192045e-05,right-invariant board-normalized SE(3) log
E2,ihawk2,5.0,within_pose,20260808_162715,marker_2,3,-0.3803594065778081,0.10857896708736814,0.28032394318539966,-0.00015438009527215003,0.00033974844665216324,0.0006188205493445303,right-invariant board-normalized SE(3) log
E2,ihawk2,5.0,within_pose,20260808_131913,marker_3,1,-0.1852976309479695,0.03035996980517674,0.096339420284403,-0.0005198678776003455,0.0002718055397573866,-5.703392381788697e-05,right-invariant board-normalized SE(3) log
E2,ihawk2,5.0,within_pose,20260808_131913,marker_3,2,-0.04240053398937501,-0.029475313639327295,0.0036801503947982823,0.00028152123295218994,-0.00036333296088534987,0.0003723459043127687,right-invariant board-normalized SE(3) log
E2,ihawk2,5.0,within_pose,20260808_131913,marker_3,3,0.2276981649374972,-0.0008846561658603445,-0.1000195706791553,0.00023834664438212563,9.152742145558711e-05,-0.00031531198082189823,right-invariant board-normalized SE(3) log
E2,ihawk2,5.0,within_pose,20260808_141232,marker_3,1,0.03480478529053743,0.001357969090535237,-0.08645636094730856,-0.00040151518953121637,-0.00018801218298006433,1.7462502953184468e-05,right-invariant board-normalized SE(3) log
E2,ihawk2,5.0,within_pose,20260808_141232,marker_3,2,0.07373687373761537,0.002560667463845638,-0.012317213688108284,0.00040841283574159353,-0.00021199862992728527,-0.00017879381005835506,right-invariant board-normalized SE(3) log
E2,ihawk2,5.0,within_pose,20260808_141232,marker_3,3,-0.10854165902812764,-0.003918636554381934,0.09877357463548508,-6.897646614849802e-06,0.0004000108128896618,0.00016133130719133337,right-invariant board-normalized SE(3) log
E2,ihawk2,5.0,within_pose,20260808_145501,marker_3,1,0.07143882433482647,-0.003845069726278422,-0.00908170646634601,0.00032756817980682663,0.00023360054274206666,-8.991696346307126e-06,right-invariant board-normalized SE(3) log
E2,ihawk2,5.0,within_pose,20260808_145501,marker_3,2,-0.05779761256441313,0.03150960243959623,0.01739412458751489,-0.0004844122541945754,-0.0001224891133376355,-0.00031917417635257125,right-invariant board-normalized SE(3) log
E2,ihawk2,5.0,within_pose,20260808_145501,marker_3,3,-0.01364121177047199,-0.027664532713318313,-0.008312418121123936,0.0001568440741221132,-0.00011111142929321076,0.0003281658722578977,right-invariant board-normalized SE(3) log
E2,ihawk2,5.0,within_pose,20260808_151001,marker_3,1,0.1250205971525948,-0.06090632075351206,-0.07112281721970759,0.0011949351766883881,-0.0014549265283390193,0.00032493478174969626,right-invariant board-normalized SE(3) log
E2,ihawk2,5.0,within_pose,20260808_151001,marker_3,2,-0.36698740828399246,0.020444294581242754,0.2646663223477646,-0.0008798526569378086,0.0016787873758960172,0.0003697577725948548,right-invariant board-normalized SE(3) log
E2,ihawk2,5.0,within_pose,20260808_151001,marker_3,3,0.24196681113124519,0.040462026172243454,-0.19354350512808952,-0.0003150825197374453,-0.00022386084762045623,-0.000694692554388529,right-invariant board-normalized SE(3) log
E2,ihawk2,5.0,within_pose,20260808_162715,marker_3,1,-0.014620503946630928,0.02528544435282966,0.04074680203863144,-0.0001820539865333903,0.0004593737738842099,-0.00018167310418901842,right-invariant board-normalized SE(3) log
E2,ihawk2,5.0,within_pose,20260808_162715,marker_3,2,0.4794671319700943,-0.08001212552345158,-0.4843282870944905,-0.0005390511067471858,-0.0010511080779571978,-0.00018700614262313051,right-invariant board-normalized SE(3) log
E2,ihawk2,5.0,within_pose,20260808_162715,marker_3,3,-0.464846628023492,0.05472668117063275,0.4435814850558546,0.0007211050933472043,0.000591734303996903,0.000368679246865247,right-invariant board-normalized SE(3) log
E2,ihawk2,5.0,within_pose,20260808_131913,marker_4,1,-0.028847650422477406,0.0022229877083857637,0.01883739401042977,0.0002992220484514392,0.0005522483166790571,0.00019045710148291454,right-invariant board-normalized SE(3) log
E2,ihawk2,5.0,within_pose,20260808_131913,marker_4,2,-0.05055827725783107,-0.0023764875748859006,0.04945149513774859,-0.00023302309123034843,7.461775291287897e-05,5.050239656318078e-05,right-invariant board-normalized SE(3) log
E2,ihawk2,5.0,within_pose,20260808_131913,marker_4,3,0.07940592768045102,0.0001534998665046431,-0.06828888914806223,-6.619895710027594e-05,-0.0006268660697966531,-0.0002409594981376803,right-invariant board-normalized SE(3) log
E2,ihawk2,5.0,within_pose,20260808_141232,marker_4,1,-0.2009238078108923,5.8699317004454094e-05,0.1827081853690361,0.0005583588138244693,0.0002900555273008709,0.0004423991404719599,right-invariant board-normalized SE(3) log
E2,ihawk2,5.0,within_pose,20260808_141232,marker_4,2,0.14468491090703275,0.0038210911310822683,-0.12040350710091353,-0.00042137269536950096,-0.0005358252805756182,-0.00015417580943162458,right-invariant board-normalized SE(3) log
E2,ihawk2,5.0,within_pose,20260808_141232,marker_4,3,0.05623889690397458,-0.0038797904480883036,-0.06230467826806839,-0.0001369861185904932,0.0002457697531891997,-0.00028822333113915423,right-invariant board-normalized SE(3) log
E2,ihawk2,5.0,within_pose,20260808_145501,marker_4,1,-0.08270471171712274,0.0007474076669003028,0.08940074204819314,-0.0007341049141349062,0.00032657695061182897,-0.0003004853879605839,right-invariant board-normalized SE(3) log
E2,ihawk2,5.0,within_pose,20260808_145501,marker_4,2,-0.020615801353426565,0.008774443185223758,0.02067697967165398,-0.00015273157475859364,0.0004511691031954889,-0.0004142013619489111,right-invariant board-normalized SE(3) log
E2,ihawk2,5.0,within_pose,20260808_145501,marker_4,3,0.1033205130705663,-0.009521850852121679,-0.11007772171982157,0.0008868364890241727,-0.0007777460539767254,0.0007146867500650823,right-invariant board-normalized SE(3) log
E2,ihawk2,5.0,within_pose,20260808_151001,marker_4,1,-0.07744073388680119,0.002555141256923894,0.05347080572525667,-0.00041133200310148346,0.0006726139115027671,6.068537649993954e-05,right-invariant board-normalized SE(3) log
E2,ihawk2,5.0,within_pose,20260808_151001,marker_4,2,0.0287613355381999,-0.010682249827505447,-0.002475052115089582,0.00011767579802784387,-0.00020800177927803604,-0.00015505872540020612,right-invariant board-normalized SE(3) log
E2,ihawk2,5.0,within_pose,20260808_151001,marker_4,3,0.04867939834862708,0.008127108570554918,-0.05099575361031289,0.0002936562050629104,-0.0004646121322087054,9.437334888796602e-05,right-invariant board-normalized SE(3) log
E2,ihawk2,5.0,within_pose,20260808_162715,marker_4,1,0.0013734921348997624,0.005123649052576693,-0.007056373129179946,0.0004702312363656189,8.619978538369487e-05,9.27768771624014e-05,right-invariant board-normalized SE(3) log
E2,ihawk2,5.0,within_pose,20260808_162715,marker_4,2,0.059062604956187495,0.0028958443313030803,-0.0385870816226135,-0.0007310507310969837,-0.00035128488605210126,-0.00010333230902171789,right-invariant board-normalized SE(3) log
E2,ihawk2,5.0,within_pose,20260808_162715,marker_4,3,-0.06043609709130504,-0.008019493383898024,0.04564345475179026,0.0002608194948849842,0.00026508510059392417,1.0555431908929433e-05,right-invariant board-normalized SE(3) log
E2,ihawk2,5.0,between_run,20260808_131913,all_poses,,-1.1095057132258639,-0.2054737572794834,-1.4969887669551591,0.0014405343960687063,-0.006378222685725296,0.015235122595495353,right-invariant board-normalized SE(3) log
E2,ihawk2,5.0,between_run,20260808_141232,all_poses,,2.5440766292460997,3.4010560915811685,-0.31178451893507825,0.00024553523457356425,-0.0012534243875320114,0.01183348131602038,right-invariant board-normalized SE(3) log
E2,ihawk2,5.0,between_run,20260808_145501,all_poses,,1.366756792449453,-0.8969204528624211,-0.6001177891414968,-0.000636026732166816,-0.004165960783130408,-0.0060123911377988675,right-invariant board-normalized SE(3) log
E2,ihawk2,5.0,between_run,20260808_151001,all_poses,,-0.3119414191034938,-0.4344480178510068,0.013783097815382143,0.0027602348451753194,-0.0008393205461279835,-0.0037169330665472616,right-invariant board-normalized SE(3) log
E2,ihawk2,5.0,between_run,20260808_162715,all_poses,,-2.489386289366314,-1.864213863588263,2.39510797721649,-0.003810277743653811,0.012636928402497239,-0.01733927970717297,right-invariant board-normalized SE(3) log
E2,ihawk2,5.0,cross_pose,20260808_131913,marker_0,,11.999804623891409,-8.036922525292395,-1.9932440692150915,0.018184068866338096,0.006364713524441276,0.006744403416115185,right-invariant board-normalized SE(3) log
E2,ihawk2,5.0,cross_pose,20260808_141232,marker_0,,12.806794504923634,-7.809250498060309,-4.29355623114018,0.025491238366527325,0.006242294769301396,0.005551540850510833,right-invariant board-normalized SE(3) log
E2,ihawk2,5.0,cross_pose,20260808_145501,marker_0,,12.06483754546013,-7.725457513694929,-3.0604757666944655,0.021966837731072535,0.010835219406743039,0.009251489778442408,right-invariant board-normalized SE(3) log
E2,ihawk2,5.0,cross_pose,20260808_151001,marker_0,,11.758234384430578,-8.234539604487724,-3.1399949274964163,0.019540454094653333,0.013643048466273922,0.006890385939711275,right-invariant board-normalized SE(3) log
E2,ihawk2,5.0,cross_pose,20260808_162715,marker_0,,15.03438800191396,-8.027219025801394,-5.538962126066932,0.022504701634564285,0.004388555567090297,0.011494986540793518,right-invariant board-normalized SE(3) log
E2,ihawk2,5.0,cross_pose,20260808_131913,marker_1,,-10.157742348788819,-9.241718239961884,0.45480845461862934,0.010128181276044415,-0.0166100201884794,0.0017295837380474858,right-invariant board-normalized SE(3) log
E2,ihawk2,5.0,cross_pose,20260808_141232,marker_1,,-11.397079215460112,-9.36984476816602,2.6814683477041155,0.003779617264114477,-0.011568067514181254,-0.0002136142585882977,right-invariant board-normalized SE(3) log
E2,ihawk2,5.0,cross_pose,20260808_145501,marker_1,,-11.335903540255911,-9.014424532311981,2.5491396440755825,0.0014631289028721078,-0.010092619027223674,-0.0015445640215873432,right-invariant board-normalized SE(3) log
E2,ihawk2,5.0,cross_pose,20260808_151001,marker_1,,-10.867477770916585,-9.208054061017107,1.2389281562896828,0.0108682596914521,-0.012387099804339755,-0.00046745893373975877,right-invariant board-normalized SE(3) log
E2,ihawk2,5.0,cross_pose,20260808_162715,marker_1,,-6.848539771691815,-9.076410873968188,-1.5163650026010729,0.015113991032804804,-0.024251105560534798,0.008787318940732793,right-invariant board-normalized SE(3) log
E2,ihawk2,5.0,cross_pose,20260808_131913,marker_2,,9.13982620905638,8.466599866885044,-0.7202024535636239,-0.017814860329799898,0.004303454807527766,-0.0009682423225722394,right-invariant board-normalized SE(3) log
E2,ihawk2,5.0,cross_pose,20260808_141232,marker_2,,9.200580302981423,8.4363800846631,-0.9002255608687932,-0.015214369156560804,0.013352464849163482,0.0004860975275029579,right-invariant board-normalized SE(3) log
E2,ihawk2,5.0,cross_pose,20260808_145501,marker_2,,9.750190382497907,8.328694322364607,-1.1130903788655866,-0.016187079606920497,0.016024786146318838,-0.006244527343417606,right-invariant board-normalized SE(3) log
E2,ihawk2,5.0,cross_pose,20260808_151001,marker_2,,9.924624006427047,8.695662463928896,-1.2394230166998843,-0.01812931096127527,0.0065928216522486704,-0.0023063157088360044,right-invariant board-normalized SE(3) log
E2,ihawk2,5.0,cross_pose,20260808_162715,marker_2,,13.080881885453355,8.760112219475378,-4.154390764328209,-0.010839069137113695,0.008671842827120078,0.0005266433877622224,right-invariant board-normalized SE(3) log
E2,ihawk2,5.0,cross_pose,20260808_131913,marker_3,,-10.501320817387253,8.940837940467974,0.6072673695100348,-0.016292263922436632,-0.00900035848383689,-0.008239045333223843,right-invariant board-normalized SE(3) log
E2,ihawk2,5.0,cross_pose,20260808_141232,marker_3,,-11.2303680000001,9.065908834915215,1.3337200869700578,-0.016216812344940497,-0.02000795108243409,-0.0041972167480132635,right-invariant board-normalized SE(3) log
E2,ihawk2,5.0,cross_pose,20260808_145501,marker_3,,-9.520696467253046,8.534223118742077,-0.6115654033569121,-0.009359332914241014,-0.026756616244084652,-0.0013480918853878416,right-invariant board-normalized SE(3) log
E2,ihawk2,5.0,cross_pose,20260808_151001,marker_3,,-10.523177040294563,8.947471718219735,1.337355070247224,-0.01127214749922256,-0.015290481114147469,-0.0025144295066998005,right-invariant board-normalized SE(3) log
E2,ihawk2,5.0,cross_pose,20260808_162715,marker_3,,-7.393374241437711,9.11258082634619,-1.918903532178923,-0.008630862946141078,-0.02565653313463286,0.004638235492991113,right-invariant board-normalized SE(3) log
E2,ihawk2,5.0,cross_pose,20260808_131913,marker_4,,-0.48056766677146084,-0.12879704209874687,1.6513706986501429,0.005794874109858992,0.014942210340339431,0.0007333005016342776,right-invariant board-normalized SE(3) log
E2,ihawk2,5.0,cross_pose,20260808_141232,marker_4,,0.620072407555097,-0.3231936533519725,1.1785933573345262,0.0021603258708602284,0.01198125897815189,-0.0016268073714121463,right-invariant board-normalized SE(3) log
E2,ihawk2,5.0,cross_pose,20260808_145501,marker_4,,-0.958427920449214,-0.12303539509976738,2.2359919048417,0.0021164458872139215,0.009989229718259761,-0.00011430652804642454,right-invariant board-normalized SE(3) log
E2,ihawk2,5.0,cross_pose,20260808_151001,marker_4,,-0.2922035796464966,-0.20054051664381325,1.803134717659565,-0.0010072553255908924,0.007441710799973569,-0.0016021817904331595,right-invariant board-normalized SE(3) log
E2,ihawk2,5.0,cross_pose,20260808_162715,marker_4,,-13.873355874237824,-0.7690631460519213,13.12862142517569,-0.018148760584131955,0.036847240300966116,-0.02544718436227455,right-invariant board-normalized SE(3) log
E2,ihawk2,10.0,within_pose,20260808_131913,marker_0,1,0.05511141736308189,0.03721569567067064,-0.0960367360227478,0.0005940128144072322,0.0006506361728340092,0.000681919683545179,right-invariant board-normalized SE(3) log
E2,ihawk2,10.0,within_pose,20260808_131913,marker_0,2,-0.03210937926457491,-0.01559126698969463,0.05409112999473438,-0.0001619020066152076,0.00018829381013288175,0.00015259527778297072,right-invariant board-normalized SE(3) log
E2,ihawk2,10.0,within_pose,20260808_131913,marker_0,3,-0.023002038098834124,-0.021624428680971457,0.04194560602818153,-0.00043211080814362513,-0.0008389299823988267,-0.0008345149608494278,right-invariant board-normalized SE(3) log
E2,ihawk2,10.0,within_pose,20260808_141232,marker_0,1,0.0490328676746633,0.012905942408288067,-0.024075871440824292,3.910802614894989e-06,-0.0002733184844231643,0.0001167629181618447,right-invariant board-normalized SE(3) log
E2,ihawk2,10.0,within_pose,20260808_141232,marker_0,2,-0.030794285034077235,0.005104388049315326,0.008098520127398489,0.001014161822857644,-0.000640841697050925,0.0002687012660335197,right-invariant board-normalized SE(3) log
E2,ihawk2,10.0,within_pose,20260808_141232,marker_0,3,-0.018238582640535003,-0.018010330457611426,0.015977351313376083,-0.0010180726254581053,0.0009141601813874753,-0.0003854641841584031,right-invariant board-normalized SE(3) log
E2,ihawk2,10.0,within_pose,20260808_145501,marker_0,1,-0.19780108845045724,-0.04944066096526889,0.07800079847040134,0.0004093610583217237,0.0011981917978126596,9.331673530298027e-05,right-invariant board-normalized SE(3) log
E2,ihawk2,10.0,within_pose,20260808_145501,marker_0,2,-0.20195502345479083,-0.09684880982348973,0.08218132585646426,-0.0004348744980613029,0.0005445088311589978,-0.0010069113443490175,right-invariant board-normalized SE(3) log
E2,ihawk2,10.0,within_pose,20260808_145501,marker_0,3,0.3997561119050826,0.14628947078876955,-0.16018212432673518,2.551343980853239e-05,-0.0017427006288830095,0.0009135946091182465,right-invariant board-normalized SE(3) log
E2,ihawk2,10.0,within_pose,20260808_151001,marker_0,1,-0.3583820566636364,-0.1887496609295604,0.28632271824271727,-0.0005755130267607256,0.0009843158889078372,-0.0005976501339895857,right-invariant board-normalized SE(3) log
E2,ihawk2,10.0,within_pose,20260808_151001,marker_0,2,-0.008999453787579258,0.0007927015625803493,-0.016780787950632408,0.00012959349296093502,0.00012555481407029812,5.817765096198606e-06,right-invariant board-normalized SE(3) log
E2,ihawk2,10.0,within_pose,20260808_151001,marker_0,3,0.3673815104511102,0.18795695936696735,-0.2695419302921855,0.00044591953289392037,-0.0011098707036382512,0.0005918323687720478,right-invariant board-normalized SE(3) log
E2,ihawk2,10.0,within_pose,20260808_162715,marker_0,1,0.08948689905879752,0.042386464984452386,-0.15018091676647174,0.0002665535954561165,0.00030363735781355043,5.3860618728064175e-05,right-invariant board-normalized SE(3) log
E2,ihawk2,10.0,within_pose,20260808_162715,marker_0,2,-0.09982765564741365,-0.02321258847611846,0.046872930335950296,0.00039624774625449273,0.0005636730994424899,0.0003164566828858359,right-invariant board-normalized SE(3) log
E2,ihawk2,10.0,within_pose,20260808_162715,marker_0,3,0.010340756588595512,-0.01917387650833949,0.10330798643050065,-0.0006628013418351123,-0.0008673104574226678,-0.00037031730169101,right-invariant board-normalized SE(3) log
E2,ihawk2,10.0,within_pose,20260808_131913,marker_1,1,-0.0521330988812798,-0.010210908699448351,0.028041028005116115,0.00023330226764580326,0.0001214583749055258,-5.1681837357720775e-05,right-invariant board-normalized SE(3) log
E2,ihawk2,10.0,within_pose,20260808_131913,marker_1,2,0.05468832680331461,-0.04152088815683692,-0.0023938414374430547,5.961804407479464e-06,0.0001011182332651216,0.0005349800220316907,right-invariant board-normalized SE(3) log
E2,ihawk2,10.0,within_pose,20260808_131913,marker_1,3,-0.0025552279218425187,0.05173179685628561,-0.025647186567666846,-0.0002392640718528404,-0.00022257660801211976,-0.00048329818442229054,right-invariant board-normalized SE(3) log
E2,ihawk2,10.0,within_pose,20260808_141232,marker_1,1,0.11827677383995862,0.14257387329493312,-0.27766870112948494,6.226816056124192e-05,-0.0012180073256391137,-0.0009589885547663087,right-invariant board-normalized SE(3) log
E2,ihawk2,10.0,within_pose,20260808_141232,marker_1,2,-0.032089047035143446,-0.01990878498739067,0.014823460554778525,0.00021048115031339307,0.0001399931760323091,0.00017412811946121933,right-invariant board-normalized SE(3) log
E2,ihawk2,10.0,within_pose,20260808_141232,marker_1,3,-0.08618772680496302,-0.12266508830755309,0.2628452405747411,-0.00027274931089277564,0.0010780141497245994,0.0007848604353943254,right-invariant board-normalized SE(3) log
E2,ihawk2,10.0,within_pose,20260808_145501,marker_1,1,-0.1881080823650992,-0.0854921935674639,0.15930737988835214,0.0004685730488003986,0.00078688168983563,0.00045306337673110223,right-invariant board-normalized SE(3) log
E2,ihawk2,10.0,within_pose,20260808_145501,marker_1,2,0.05439545692581776,-0.08930686892359632,0.09588590850874654,-0.0004069475311115216,-0.00041992974653862935,0.0009902307483098526,right-invariant board-normalized SE(3) log
E2,ihawk2,10.0,within_pose,20260808_145501,marker_1,3,0.1337126254391804,0.17479906249104993,-0.2551932883971009,-6.162551774871389e-05,-0.000366951943355031,-0.0014432941248755167,right-invariant board-normalized SE(3) log
E2,ihawk2,10.0,within_pose,20260808_151001,marker_1,1,0.4028870306817296,0.09203853899241994,-0.3783377393662406,0.0005551059333177881,-0.0004894689692390324,0.00030535881879663546,right-invariant board-normalized SE(3) log
E2,ihawk2,10.0,within_pose,20260808_151001,marker_1,2,-0.46194852859903673,-0.07245655756890279,0.38496508873076235,-0.00033712131968112983,0.0007813014862521806,-0.0006631304939191682,right-invariant board-normalized SE(3) log
E2,ihawk2,10.0,within_pose,20260808_151001,marker_1,3,0.05906149791740214,-0.019581981423556983,-0.006627349364599046,-0.00021798461367162372,-0.00029183251702121144,0.0003577716751416603,right-invariant board-normalized SE(3) log
E2,ihawk2,10.0,within_pose,20260808_162715,marker_1,1,0.20347626438441135,0.037032898191957785,-0.22855990442896854,0.0007520557463012765,-0.0003799722159094307,0.0003849330148776393,right-invariant board-normalized SE(3) log
E2,ihawk2,10.0,within_pose,20260808_162715,marker_1,2,-0.11443525857838796,-0.019824087799122363,0.11651919684701977,-0.000128555367980871,0.00048679664077579826,-0.00014392687748613752,right-invariant board-normalized SE(3) log
E2,ihawk2,10.0,within_pose,20260808_162715,marker_1,3,-0.08904100580606278,-0.017208810392804322,0.11204070758203073,-0.0006235003783704737,-0.0001068244247958181,-0.00024100613742551237,right-invariant board-normalized SE(3) log
E2,ihawk2,10.0,within_pose,20260808_131913,marker_2,1,-0.018540645777449252,-0.010204731963992282,0.030508975573427233,-0.00045148810081528033,-8.376453316157571e-05,-0.0003674663224832193,right-invariant board-normalized SE(3) log
E2,ihawk2,10.0,within_pose,20260808_131913,marker_2,2,0.04774063071671221,-0.027973445017757143,0.08569574296565834,0.0005452950145299124,-0.0006621066918377829,-2.736695386319644e-05,right-invariant board-normalized SE(3) log
E2,ihawk2,10.0,within_pose,20260808_131913,marker_2,3,-0.02919998493904516,0.0381781769817541,-0.11620471853928702,-9.380691375431412e-05,0.0007458712250362549,0.00039483327634141913,right-invariant board-normalized SE(3) log
E2,ihawk2,10.0,within_pose,20260808_141232,marker_2,1,0.15676320045108888,-0.030562858620897967,-0.06677567103387812,-6.328270800129623e-05,-0.0010823967691237554,-3.0321257663918715e-05,right-invariant board-normalized SE(3) log
E2,ihawk2,10.0,within_pose,20260808_141232,marker_2,2,-0.3007308024683045,0.06754616672249864,0.01530239846760535,-0.000762893055822397,0.001480686390894093,0.0003070029594811717,right-invariant board-normalized SE(3) log
E2,ihawk2,10.0,within_pose,20260808_141232,marker_2,3,0.1439676020171809,-0.03698330810158286,0.0514732725661174,0.0008261757638719176,-0.00039828962220597085,-0.0002766817018524878,right-invariant board-normalized SE(3) log
E2,ihawk2,10.0,within_pose,20260808_145501,marker_2,1,0.10734860707422444,-0.00736024727827013,-0.13893632985955998,-0.0004029238414954709,-0.0009623757934697037,0.0005012491123107213,right-invariant board-normalized SE(3) log
E2,ihawk2,10.0,within_pose,20260808_145501,marker_2,2,-0.05189471184752757,0.0028379355979526884,0.08054774404308321,0.00029184696208805604,0.0004219859016810376,-0.00023064243735652137,right-invariant board-normalized SE(3) log
E2,ihawk2,10.0,within_pose,20260808_145501,marker_2,3,-0.05545389522655221,0.004522311680301174,0.05838858581636586,0.00011107687942838838,0.0005403898918380941,-0.0002706066749799943,right-invariant board-normalized SE(3) log
E2,ihawk2,10.0,within_pose,20260808_151001,marker_2,1,-0.07941775969143768,0.04835317559481125,0.018832060513372575,-0.00016841651357382578,-0.0005071090244509849,0.0005113841834795338,right-invariant board-normalized SE(3) log
E2,ihawk2,10.0,within_pose,20260808_151001,marker_2,2,0.1635743950904272,-0.06433528957281213,-0.05630918726516407,0.00010767417121298913,-0.000405769737940204,-0.0003608782100082577,right-invariant board-normalized SE(3) log
E2,ihawk2,10.0,within_pose,20260808_151001,marker_2,3,-0.08415663539904342,0.015982113977986698,0.03747712675171863,6.0742342442858746e-05,0.0009128787626541681,-0.0001505059737195868,right-invariant board-normalized SE(3) log
E2,ihawk2,10.0,within_pose,20260808_162715,marker_2,1,0.04205333961675728,-0.02198353629015314,-0.06781020264858385,-0.0003516011601817014,2.6224937158930616e-05,-0.00019291357497420688,right-invariant board-normalized SE(3) log
E2,ihawk2,10.0,within_pose,20260808_162715,marker_2,2,-0.08711414583987573,0.03751747906596602,0.12227707492803401,0.0004336738868181764,-0.000334942900907209,0.0003434474750882781,right-invariant board-normalized SE(3) log
E2,ihawk2,10.0,within_pose,20260808_162715,marker_2,3,0.04506080622321519,-0.015533942775786248,-0.054466872279318644,-8.20727268596282e-05,0.00030871796359615715,-0.0001505339001776358,right-invariant board-normalized SE(3) log
E2,ihawk2,10.0,within_pose,20260808_131913,marker_3,1,0.15000697113160666,-0.022048479311178905,-0.23295860093459939,-0.0005766943656884493,-0.0008254311146538811,-0.0001972857238787243,right-invariant board-normalized SE(3) log
E2,ihawk2,10.0,within_pose,20260808_131913,marker_3,2,-0.14399059322868055,-0.004260286327625997,0.09702171053174836,-0.00032676839090849883,0.0007844610359850674,0.00034692017493575703,right-invariant board-normalized SE(3) log
E2,ihawk2,10.0,within_pose,20260808_131913,marker_3,3,-0.006016377902953025,0.026308765638807997,0.13593689040295634,0.0009034627568402825,4.097007870059138e-05,-0.00014963445108972563,right-invariant board-normalized SE(3) log
E2,ihawk2,10.0,within_pose,20260808_141232,marker_3,1,-0.24438976393219766,0.030995618935701293,0.232338139888108,-0.00010333128679506268,0.0006983523522576759,-0.00010384205868633413,right-invariant board-normalized SE(3) log
E2,ihawk2,10.0,within_pose,20260808_141232,marker_3,2,-0.016224240075117226,0.15819825221081138,0.13001264332270152,-0.0006041238235896337,0.0006119827684520296,-0.001600651998823333,right-invariant board-normalized SE(3) log
E2,ihawk2,10.0,within_pose,20260808_141232,marker_3,3,0.260614004007275,-0.1891938711465124,-0.3623507832107874,0.0007074551104618545,-0.0013103351210321976,0.0017044940576441583,right-invariant board-normalized SE(3) log
E2,ihawk2,10.0,within_pose,20260808_145501,marker_3,1,0.002793003971898855,0.014857817561567855,-0.0049523546627945345,-0.00028688250870899157,7.128388166315417e-05,-0.00022246157484060654,right-invariant board-normalized SE(3) log
E2,ihawk2,10.0,within_pose,20260808_145501,marker_3,2,-0.09383416547372897,0.055510485546238615,0.15381195863692046,-6.527731299817571e-05,0.0006827069901467267,-0.0004555233343931845,right-invariant board-normalized SE(3) log
E2,ihawk2,10.0,within_pose,20260808_145501,marker_3,3,0.09104116150184823,-0.07036830310782044,-0.14885960397406703,0.0003521598217010772,-0.0007539908715735715,0.0006779849090864327,right-invariant board-normalized SE(3) log
E2,ihawk2,10.0,within_pose,20260808_151001,marker_3,1,-0.07288903964451299,-0.00470870080624013,0.04697442333699599,0.0005239663008569127,-0.0007089838150901467,0.00026807463713501,right-invariant board-normalized SE(3) log
E2,ihawk2,10.0,within_pose,20260808_151001,marker_3,2,-0.0055465263861094495,0.018971207065105036,0.057314031929568875,4.102534842701932e-05,0.0004689774182950524,-0.0002156700845576649,right-invariant board-normalized SE(3) log
E2,ihawk2,10.0,within_pose,20260808_151001,marker_3,3,0.07843556603071683,-0.014262506258885496,-0.10428845526665306,-0.0005649916490806614,0.00024000639667778287,-5.240455254448529e-05,right-invariant board-normalized SE(3) log
E2,ihawk2,10.0,within_pose,20260808_162715,marker_3,1,-0.042065119074491175,0.019710599309589082,-0.056634641536027326,-0.0006077283469300352,-0.00020432964816301778,-0.00013813606087508662,right-invariant board-normalized SE(3) log
E2,ihawk2,10.0,within_pose,20260808_162715,marker_3,2,0.00017741701587328104,0.034958652506318716,0.09787798191680978,0.0003504875722988112,0.00019286397041473548,-0.0002839216873838452,right-invariant board-normalized SE(3) log
E2,ihawk2,10.0,within_pose,20260808_162715,marker_3,3,0.041887702058622675,-0.05466925181592191,-0.04124334038084956,0.000257240774606757,1.1465677692516822e-05,0.00042205774848406714,right-invariant board-normalized SE(3) log
E2,ihawk2,10.0,within_pose,20260808_131913,marker_4,1,0.0613043138941967,-0.0007504602127419637,-0.03499456260494638,0.00033574364577931165,-0.00032805869579231525,-0.00025087171804133625,right-invariant board-normalized SE(3) log
E2,ihawk2,10.0,within_pose,20260808_131913,marker_4,2,-0.1806349098403268,-0.007667514779998955,0.14942436218462474,-0.00072521329059755,0.0007753362788886335,-4.371865589984688e-05,right-invariant board-normalized SE(3) log
E2,ihawk2,10.0,within_pose,20260808_131913,marker_4,3,0.11933059594603183,0.008417974992767857,-0.11442979957953078,0.0003894696447786888,-0.00044727758301882223,0.0002945903736297766,right-invariant board-normalized SE(3) log
E2,ihawk2,10.0,within_pose,20260808_141232,marker_4,1,0.033345502181111625,-0.0013235470332116559,-0.022305648620762286,0.00021986541459263152,7.05878086950297e-05,0.00010521252103821006,right-invariant board-normalized SE(3) log
E2,ihawk2,10.0,within_pose,20260808_141232,marker_4,2,-0.010913452851817556,-0.007540982346173696,0.01219057477885386,-1.391588587884886e-05,0.00028135834478643795,-1.336025563831538e-05,right-invariant board-normalized SE(3) log
E2,ihawk2,10.0,within_pose,20260808_141232,marker_4,3,-0.02243204932934704,0.008864529379376694,0.010115073841786483,-0.00020594952876073862,-0.0003519461535460298,-9.185226542120136e-05,right-invariant board-normalized SE(3) log
E2,ihawk2,10.0,within_pose,20260808_145501,marker_4,1,-0.044687929920021754,0.009075257136083134,0.026138306015990605,0.0007839536661461954,0.00022425910599427402,0.00018038086417350687,right-invariant board-normalized SE(3) log
E2,ihawk2,10.0,within_pose,20260808_145501,marker_4,2,-0.07620109932517868,-0.000507513309670096,0.06620812578422802,7.243230245360436e-05,0.0014978102527097826,0.0003964641544217368,right-invariant board-normalized SE(3) log
E2,ihawk2,10.0,within_pose,20260808_145501,marker_4,3,0.12088902924524263,-0.00856774382640817,-0.09234643180022295,-0.000856385968590452,-0.0017220693585719947,-0.0005768450185598357,right-invariant board-normalized SE(3) log
E2,ihawk2,10.0,within_pose,20260808_151001,marker_4,1,-0.061415763652510814,0.005086614881848297,0.0622584287675864,0.0002548660597874871,0.0005526928237356305,-0.00027385932081223967,right-invariant board-normalized SE(3) log
E2,ihawk2,10.0,within_pose,20260808_151001,marker_4,2,-0.056217408139420756,0.005101645561774031,0.05772362314739802,0.00025686112206424927,0.0005335481949442504,-0.0002623828081155899,right-invariant board-normalized SE(3) log
E2,ihawk2,10.0,within_pose,20260808_151001,marker_4,3,0.11763317179181461,-0.01018826044363253,-0.11998205191503807,-0.0005117271816728244,-0.0010862410183003378,0.000536242128740517,right-invariant board-normalized SE(3) log
E2,ihawk2,10.0,within_pose,20260808_162715,marker_4,1,0.07801009003728333,0.0016169818480189055,-0.06335928694697213,0.00012542848201226958,-0.00040628826588127293,8.942843239349394e-06,right-invariant board-normalized SE(3) log
E2,ihawk2,10.0,within_pose,20260808_162715,marker_4,2,-0.05119062221749367,-0.0024886624768633674,0.03719174544496789,0.000284592265647691,0.00018568108070728722,-0.00025487098138136867,right-invariant board-normalized SE(3) log
E2,ihawk2,10.0,within_pose,20260808_162715,marker_4,3,-0.026819467819867732,0.0008716806288517887,0.0261675415020325,-0.0004100207474568231,0.00022060718586369596,0.00024592813782163905,right-invariant board-normalized SE(3) log
E2,ihawk2,10.0,between_run,20260808_131913,all_poses,,0.4041245658185994,-1.2806434729099923,0.6507849304677196,-0.004093807577255894,-0.000713825867254352,0.007802059633052851,right-invariant board-normalized SE(3) log
E2,ihawk2,10.0,between_run,20260808_141232,all_poses,,-1.304699252645967,3.877360122180617,1.1450015452668127,0.002044885009243412,9.060776099494137e-05,-0.0032178598297693717,right-invariant board-normalized SE(3) log
E2,ihawk2,10.0,between_run,20260808_145501,all_poses,,-0.8582356333577134,-1.312084554558533,-0.06514865537025771,0.0006844555921021906,-0.0020611390778477196,0.010468149043030704,right-invariant board-normalized SE(3) log
E2,ihawk2,10.0,between_run,20260808_151001,all_poses,,-0.7433419318182265,-0.29515963601172834,0.10909663055751481,0.001595691657528405,-0.0002774718615443456,-0.0009943163209859976,right-invariant board-normalized SE(3) log
E2,ihawk2,10.0,between_run,20260808_162715,all_poses,,2.5021522520031816,-0.9894724587003638,-1.8397344509218612,-0.00023122468163126853,0.002961829045652166,-0.014058032525312715,right-invariant board-normalized SE(3) log
E2,ihawk2,10.0,cross_pose,20260808_131913,marker_0,,11.585926103449347,-7.8728294017032,-2.848751622798404,0.023020800772538083,0.009162434411647517,0.0040002880031740394,right-invariant board-normalized SE(3) log
E2,ihawk2,10.0,cross_pose,20260808_141232,marker_0,,11.100975923461679,-8.337533946398663,-3.3115095567254387,0.019539832209690945,0.014774466037408304,0.0037431146521805,right-invariant board-normalized SE(3) log
E2,ihawk2,10.0,cross_pose,20260808_145501,marker_0,,11.100293704269994,-7.893009521090844,-3.6659508580955733,0.02843811155483121,0.020519616268766597,0.004853930413542678,right-invariant board-normalized SE(3) log
E2,ihawk2,10.0,cross_pose,20260808_151001,marker_0,,11.370718817783024,-8.311623603906332,-3.1801534035182337,0.01848741375477856,0.0162132910075646,0.004317521984123089,right-invariant board-normalized SE(3) log
E2,ihawk2,10.0,cross_pose,20260808_162715,marker_0,,11.841930085887789,-7.946057410043486,-3.0726155263516306,0.020664632438791422,0.009352601736556766,0.006155889002702362,right-invariant board-normalized SE(3) log
E2,ihawk2,10.0,cross_pose,20260808_131913,marker_1,,-10.802075656390581,-9.03012627195977,2.496015252688377,0.009451286447172991,-0.0015421936707596202,0.00032798951850289746,right-invariant board-normalized SE(3) log
E2,ihawk2,10.0,cross_pose,20260808_141232,marker_1,,-10.287828834757063,-9.29077388924488,1.691793291223981,0.0029045661290304048,-0.010677881170305553,0.002164187928921115,right-invariant board-normalized SE(3) log
E2,ihawk2,10.0,cross_pose,20260808_145501,marker_1,,-10.305736129569562,-9.312137987178051,2.097983121039575,0.0055522289115470845,-0.01579071696431905,0.004226728518345789,right-invariant board-normalized SE(3) log
E2,ihawk2,10.0,cross_pose,20260808_151001,marker_1,,-10.089150563449136,-8.636248727925189,0.5617888615104766,0.008912051287873795,-0.016377465311672935,-0.0013520638250821386,right-invariant board-normalized SE(3) log
E2,ihawk2,10.0,cross_pose,20260808_162715,marker_1,,-10.002736153212888,-8.398446416539894,0.8575389537471532,0.007798377919051313,-0.01845982239279208,-0.002101423728044493,right-invariant board-normalized SE(3) log
E2,ihawk2,10.0,cross_pose,20260808_131913,marker_2,,10.079224960286512,8.492105184657557,-1.0741251816515742,-0.01492487746034186,-0.0005977960480295959,-0.002658700789889218,right-invariant board-normalized SE(3) log
E2,ihawk2,10.0,cross_pose,20260808_141232,marker_2,,9.852908638264939,8.719409071389675,-0.2504220486900835,-0.009074625842638486,0.011141548051371006,-0.002091235467126783,right-invariant board-normalized SE(3) log
E2,ihawk2,10.0,cross_pose,20260808_145501,marker_2,,9.810975290208752,8.4987887320251,-0.961147203500574,-0.020016363902372856,0.011165578593989008,-0.0063491679251800595,right-invariant board-normalized SE(3) log
E2,ihawk2,10.0,cross_pose,20260808_151001,marker_2,,9.731454099022608,8.475798220878428,-0.13768424801040752,-0.011485993768011234,0.009804658821150346,-0.0032567584718931606,right-invariant board-normalized SE(3) log
E2,ihawk2,10.0,cross_pose,20260808_162715,marker_2,,10.160331179322895,8.098240046853062,-1.7023154566393437,-0.01747764733028443,0.012526688932044042,-0.0011247674913296797,right-invariant board-normalized SE(3) log
E2,ihawk2,10.0,cross_pose,20260808_131913,marker_3,,-9.060967918397724,8.484938645785245,-1.4301072147213894,-0.017790301538048656,-0.014647493023004653,-0.0017791226187142898,right-invariant board-normalized SE(3) log
E2,ihawk2,10.0,cross_pose,20260808_141232,marker_3,,-10.319985583241936,9.071774991105157,0.2936050440744517,-0.01169289969338779,-0.02771837723400716,-0.0023768599380566196,right-invariant board-normalized SE(3) log
E2,ihawk2,10.0,cross_pose,20260808_145501,marker_3,,-9.741324087149495,8.670852413461748,-0.019562571359693037,-0.016300685757198372,-0.022806383178772056,-0.002523606540460641,right-invariant board-normalized SE(3) log
E2,ihawk2,10.0,cross_pose,20260808_151001,marker_3,,-10.647513925953932,8.717797912780526,0.7718462535712179,-0.01851320026192034,-0.01591909921215822,-0.00025212323994459017,right-invariant board-normalized SE(3) log
E2,ihawk2,10.0,cross_pose,20260808_162715,marker_3,,-10.96190922049693,8.549929440828414,1.4591875604025557,-0.012449677899006865,-0.016659273168035168,0.0005648216705051338,right-invariant board-normalized SE(3) log
E2,ihawk2,10.0,cross_pose,20260808_131913,marker_4,,-1.802107488947725,-0.07408815677980847,2.856968766483187,0.00024309177869637818,0.007625048330121427,0.0001095458869269352,right-invariant board-normalized SE(3) log
E2,ihawk2,10.0,cross_pose,20260808_141232,marker_4,,-0.34607014372762385,-0.16287622685129632,1.5765332701171453,-0.0016768728026974283,0.012480244315547123,-0.0014392071759196747,right-invariant board-normalized SE(3) log
E2,ihawk2,10.0,cross_pose,20260808_145501,marker_4,,-0.8642087777596252,0.03550636278207111,2.548677511916243,0.0023267091931930017,0.006911905280328054,-0.00020788446624687705,right-invariant board-normalized SE(3) log
E2,ihawk2,10.0,cross_pose,20260808_151001,marker_4,,-0.3655084274028443,-0.24572380182743925,1.9842025364470421,0.0025997289872824493,0.006278614695114802,0.000543423552799471,right-invariant board-normalized SE(3) log
E2,ihawk2,10.0,cross_pose,20260808_162715,marker_4,,-1.0376158915007327,-0.3036656610980992,2.458204468841158,0.0014643148714374608,0.01323980489219974,-0.0034945194538329536,right-invariant board-normalized SE(3) log
E2,ihawk2,15.0,within_pose,20260808_131913,marker_0,1,0.020838493476824097,0.02979204833627485,-0.045517408612013366,0.00039332265079431214,0.00011647751275173108,0.0002712619252678688,right-invariant board-normalized SE(3) log
E2,ihawk2,15.0,within_pose,20260808_131913,marker_0,2,0.008554518071340243,-0.01915240608928194,0.04297061366963974,-7.253954192033018e-05,-0.0008122783069713077,-0.0003549833361589801,right-invariant board-normalized SE(3) log
E2,ihawk2,15.0,within_pose,20260808_131913,marker_0,3,-0.029393011548223352,-0.010639642246985439,0.002546794942450791,-0.0003207831090165312,0.0006958007941300933,8.372141077457139e-05,right-invariant board-normalized SE(3) log
E2,ihawk2,15.0,within_pose,20260808_141232,marker_0,1,-0.09172312097578786,-0.06152249770700691,0.29226709174382526,-0.001340073040961693,-0.0009285774135403128,-0.00046921640977535303,right-invariant board-normalized SE(3) log
E2,ihawk2,15.0,within_pose,20260808_141232,marker_0,2,-0.16986307581342217,-0.06546374834016702,0.285641066051837,-0.00011118292188192821,0.0006517810863683246,0.001046371268592541,right-invariant board-normalized SE(3) log
E2,ihawk2,15.0,within_pose,20260808_141232,marker_0,3,0.2615861967894117,0.1269862460471741,-0.5779081577957682,0.0014512559628066302,0.00027679632720564463,-0.0005771548587418206,right-invariant board-normalized SE(3) log
E2,ihawk2,15.0,within_pose,20260808_145501,marker_0,1,0.6112984122358469,0.2162095913037996,-0.37558960757046717,-0.00018014498055701617,-0.0019516654019640974,0.0005688613106351017,right-invariant board-normalized SE(3) log
E2,ihawk2,15.0,within_pose,20260808_145501,marker_0,2,-0.1359481123276072,-0.046446523723525514,0.0738271619679145,3.9484641719731605e-06,0.0003568778514903764,-9.578056000204644e-05,right-invariant board-normalized SE(3) log
E2,ihawk2,15.0,within_pose,20260808_145501,marker_0,3,-0.4753502999082697,-0.16976306758025925,0.3017624456026718,0.00017619651637302368,0.0015947875500879657,-0.0004730807505273096,right-invariant board-normalized SE(3) log
E2,ihawk2,15.0,within_pose,20260808_151001,marker_0,1,-0.16807355728222886,-0.07406515315105243,0.16882479228756073,-0.0003527689610377254,0.0004946633537523936,-5.190803424037444e-05,right-invariant board-normalized SE(3) log
E2,ihawk2,15.0,within_pose,20260808_151001,marker_0,2,0.035052524421452666,0.016402939796420303,-0.03084065968931642,5.032585358427496e-05,-0.0007207791400335182,-0.0003682469938890523,right-invariant board-normalized SE(3) log
E2,ihawk2,15.0,within_pose,20260808_151001,marker_0,3,0.13302103286089847,0.0576622133546018,-0.13798413259840867,0.00030244310768756785,0.00022611578637430222,0.0004201550284073342,right-invariant board-normalized SE(3) log
E2,ihawk2,15.0,within_pose,20260808_162715,marker_0,1,-0.24847019259607955,-0.10811040730990151,0.09119422547417687,0.00010127370941771467,0.0012009615598704724,-0.00023797575970244833,right-invariant board-normalized SE(3) log
E2,ihawk2,15.0,within_pose,20260808_162715,marker_0,2,0.4427758055512957,0.2041582228915706,-0.27661206790211823,0.0002495568941820806,-0.001501320488803559,0.0004888394992961661,right-invariant board-normalized SE(3) log
E2,ihawk2,15.0,within_pose,20260808_162715,marker_0,3,-0.19430561295509005,-0.09604781558167104,0.18541784242792336,-0.00035083060360587416,0.00030035892884771134,-0.0002508637395762106,right-invariant board-normalized SE(3) log
E2,ihawk2,15.0,within_pose,20260808_131913,marker_1,1,0.1485970533446843,0.0541337027367081,-0.1510417553742958,-0.000376212214828488,-0.00061862993071343,-0.0002894434649368326,right-invariant board-normalized SE(3) log
E2,ihawk2,15.0,within_pose,20260808_131913,marker_1,2,0.019792745102132484,0.10886775426343522,-0.25099150988347013,0.000526919423624474,-0.001216346260061697,-0.0007738076507648223,right-invariant board-normalized SE(3) log
E2,ihawk2,15.0,within_pose,20260808_131913,marker_1,3,-0.16838979844680668,-0.16300145700012475,0.402033265257847,-0.00015070720886512144,0.0018349761907726172,0.0010632511157114641,right-invariant board-normalized SE(3) log
E2,ihawk2,15.0,within_pose,20260808_141232,marker_1,1,-0.3341757067892648,-0.48152704286494113,0.8960500995555489,-0.00024815669479632093,0.0039768943141691715,0.002784625933015034,right-invariant board-normalized SE(3) log
E2,ihawk2,15.0,within_pose,20260808_141232,marker_1,2,0.22775678015987208,0.3059925036548903,-0.6756444533463448,0.0009038570039630573,-0.0024954056290599613,-0.0016859086074893373,right-invariant board-normalized SE(3) log
E2,ihawk2,15.0,within_pose,20260808_141232,marker_1,3,0.10641892662930098,0.17553453921005088,-0.22040564620922798,-0.0006557003091687431,-0.0014814886850788708,-0.0010987173255045354,right-invariant board-normalized SE(3) log
E2,ihawk2,15.0,within_pose,20260808_145501,marker_1,1,-0.12413328089561082,7.209576691445751e-05,0.06893688303775475,0.00029337295753458105,0.00020137200776537884,-0.00011527172565187105,right-invariant board-normalized SE(3) log
E2,ihawk2,15.0,within_pose,20260808_145501,marker_1,2,-0.15756813521969731,-0.03791749289551595,0.11227085917128146,0.0003686732705575958,0.0003213695172297961,5.175704945983752e-05,right-invariant board-normalized SE(3) log
E2,ihawk2,15.0,within_pose,20260808_145501,marker_1,3,0.28170141611527133,0.03784539712863245,-0.18120774220893554,-0.0006620462275888668,-0.0005227415246149988,6.351467609404482e-05,right-invariant board-normalized SE(3) log
E2,ihawk2,15.0,within_pose,20260808_151001,marker_1,1,-0.08617268915251289,-0.09885356165851684,0.31933246297611584,-0.0008336640678024176,0.0014519580024053116,0.0005795951176582685,right-invariant board-normalized SE(3) log
E2,ihawk2,15.0,within_pose,20260808_151001,marker_1,2,0.04045557088370817,0.05243817185817078,-0.18747459607495784,0.0008947494698584096,-0.0007796188287678449,-0.00011425028966658484,right-invariant board-normalized SE(3) log
E2,ihawk2,15.0,within_pose,20260808_151001,marker_1,3,0.04571711826892447,0.046415389800351065,-0.13185786690130005,-6.108540208765855e-05,-0.0006723391738152566,-0.0004653448281216259,right-invariant board-normalized SE(3) log
E2,ihawk2,15.0,within_pose,20260808_162715,marker_1,1,0.22139709881307199,0.08088567169718101,-0.2573754466567983,0.0005332409782180617,-0.00037870738366917384,-3.4270451084327886e-05,right-invariant board-normalized SE(3) log
E2,ihawk2,15.0,within_pose,20260808_162715,marker_1,2,0.14164661799346204,0.06229379840567239,-0.12707596156016884,0.00010804965110128363,4.174951651164409e-05,-0.00015115145768245308,right-invariant board-normalized SE(3) log
E2,ihawk2,15.0,within_pose,20260808_162715,marker_1,3,-0.36304371680642633,-0.14317947010282847,0.38445140821688883,-0.0006412906296830685,0.0003369578673472016,0.0001854219088736538,right-invariant board-normalized SE(3) log
E2,ihawk2,15.0,within_pose,20260808_131913,marker_2,1,-0.22313378028026445,0.08656666132292207,0.18496699537629052,0.0008150833442551926,0.0005351436937073586,0.0007048054903861951,right-invariant board-normalized SE(3) log
E2,ihawk2,15.0,within_pose,20260808_131913,marker_2,2,-0.03265023611394072,-0.004180256728944106,-0.05456364734248832,-0.0003225231602672615,0.0008984853808522413,-0.00024381932789957467,right-invariant board-normalized SE(3) log
E2,ihawk2,15.0,within_pose,20260808_131913,marker_2,3,0.2557840163940902,-0.08238640459396901,-0.1304033480336299,-0.0004925601839137147,-0.001433629074563292,-0.00046098616242410615,right-invariant board-normalized SE(3) log
E2,ihawk2,15.0,within_pose,20260808_141232,marker_2,1,0.05475513056315872,0.033048266138637136,0.1861311426624237,0.0012333282694364954,-0.0012138904125117902,0.0003568844354314609,right-invariant board-normalized SE(3) log
E2,ihawk2,15.0,within_pose,20260808_141232,marker_2,2,0.012465593012372721,0.018155989949026397,0.02688910086763814,0.00043411137399244676,-0.00043245355736374946,0.0003310171199684326,right-invariant board-normalized SE(3) log
E2,ihawk2,15.0,within_pose,20260808_141232,marker_2,3,-0.06722072357554994,-0.051204256087642154,-0.21302024353004698,-0.0016674396434140082,0.00164634396986062,-0.0006879015553886502,right-invariant board-normalized SE(3) log
E2,ihawk2,15.0,within_pose,20260808_145501,marker_2,1,0.14148328508280406,-0.019350239971165986,-0.21065078171803503,-0.0003408192181860478,-0.0004122410046265262,0.000468357887810651,right-invariant board-normalized SE(3) log
E2,ihawk2,15.0,within_pose,20260808_145501,marker_2,2,-0.14617085821153575,0.058464135615483685,0.13979086283716702,0.0002696542536366082,0.00022668476357883766,0.00032844698967807965,right-invariant board-normalized SE(3) log
E2,ihawk2,15.0,within_pose,20260808_145501,marker_2,3,0.004687573128516234,-0.03911389564430562,0.07085991888084771,7.116496450114838e-05,0.00018555624098292822,-0.0007968048773775696,right-invariant board-normalized SE(3) log
E2,ihawk2,15.0,within_pose,20260808_151001,marker_2,1,0.2940687314691237,-0.06538912681858175,-0.18929551908535105,4.591082066468515e-05,-0.0008970807299483181,-0.00011892819977275899,right-invariant board-normalized SE(3) log
E2,ihawk2,15.0,within_pose,20260808_151001,marker_2,2,0.07508124370866885,-0.006263511235264319,-0.048444238438417705,-0.00013452296753339038,-0.00043003785979190876,-0.0001112390988464866,right-invariant board-normalized SE(3) log
E2,ihawk2,15.0,within_pose,20260808_151001,marker_2,3,-0.3691499751778424,0.07165263805385183,0.23773975752376264,8.861214688960832e-05,0.0013271185898563462,0.00023016729864395297,right-invariant board-normalized SE(3) log
E2,ihawk2,15.0,within_pose,20260808_162715,marker_2,1,0.0056103742106191476,-0.027070368802583063,0.00019644696871204428,-1.467394340604282e-05,0.0003750488520021156,-0.0004030203441294936,right-invariant board-normalized SE(3) log
E2,ihawk2,15.0,within_pose,20260808_162715,marker_2,2,-0.04961079094091833,0.08462226953277792,0.06938754987665269,0.0008133830005615917,-0.000448746999472058,0.0010572891260926115,right-invariant board-normalized SE(3) log
E2,ihawk2,15.0,within_pose,20260808_162715,marker_2,3,0.04400041673023764,-0.05755190073018564,-0.06958399684545633,-0.0007987090570749839,7.369814766776663e-05,-0.0006542687821118202,right-invariant board-normalized SE(3) log
E2,ihawk2,15.0,within_pose,20260808_131913,marker_3,1,-0.3513519327909235,-0.01979938536888767,0.36702205941610494,0.00071358694830514,0.0010767712625899927,0.0007993167358881509,right-invariant board-normalized SE(3) log
E2,ihawk2,15.0,within_pose,20260808_131913,marker_3,2,0.185642723406068,-0.014910554127581027,-0.22966004649796146,-0.0006231368650058244,-0.00031924283745031126,-0.00040073882757351545,right-invariant board-normalized SE(3) log
E2,ihawk2,15.0,within_pose,20260808_131913,marker_3,3,0.16570920938482647,0.03470993949649987,-0.13736201291823863,-9.045008329532951e-05,-0.0007575284251346473,-0.00039857790831061547,right-invariant board-normalized SE(3) log
E2,ihawk2,15.0,within_pose,20260808_141232,marker_3,1,0.055827992214649534,-0.09914164948343804,-0.11958067348544557,0.0001422384946057521,-1.8052073309399708e-05,0.0009624802035847707,right-invariant board-normalized SE(3) log
E2,ihawk2,15.0,within_pose,20260808_141232,marker_3,2,0.6183510118177975,-0.22135342755163107,-0.6784458711696111,0.0008555463779741274,-0.0030084434593428615,0.001207034340720715,right-invariant board-normalized SE(3) log
E2,ihawk2,15.0,within_pose,20260808_141232,marker_3,3,-0.6741790040324205,0.32049507703507635,0.7980265446550195,-0.0009977848725869428,0.0030264955326632687,-0.002169514544337434,right-invariant board-normalized SE(3) log
E2,ihawk2,15.0,within_pose,20260808_145501,marker_3,1,0.06660595647362391,-0.012677607443488366,0.002047937496102771,0.0003250331088783054,0.00044948424142526194,0.00010015365414418336,right-invariant board-normalized SE(3) log
E2,ihawk2,15.0,within_pose,20260808_145501,marker_3,2,-0.018108062317970863,-0.0026766711349010173,0.04381563893845138,0.00019010948960080314,5.76528354473218e-05,2.1929275028408067e-05,right-invariant board-normalized SE(3) log
E2,ihawk2,15.0,within_pose,20260808_145501,marker_3,3,-0.048497894155496976,0.015354278578381439,-0.04586357643452701,-0.0005151425984371259,-0.0005071370766572997,-0.00012208292913157848,right-invariant board-normalized SE(3) log
E2,ihawk2,15.0,within_pose,20260808_151001,marker_3,1,0.013162962012137768,-0.012049288688783183,-0.009181016287029652,-0.000264901194358485,0.0005338152480545871,-8.961652582586269e-05,right-invariant board-normalized SE(3) log
E2,ihawk2,15.0,within_pose,20260808_151001,marker_3,2,0.027600516538163308,-0.011346446398902558,-0.03400861096753647,0.00012491957452817582,-0.00018070653894704385,0.00020637005217200312,right-invariant board-normalized SE(3) log
E2,ihawk2,15.0,within_pose,20260808_151001,marker_3,3,-0.04076347855025983,0.02339573508768449,0.043189627254714286,0.00013998161999326993,-0.0003531087095560113,-0.00011675352656838304,right-invariant board-normalized SE(3) log
E2,ihawk2,15.0,within_pose,20260808_162715,marker_3,1,0.10356691333430486,-0.05081491560900405,-0.11707457478594459,-0.0007578992171097775,0.0007500885775620217,9.197995766322655e-05,right-invariant board-normalized SE(3) log
E2,ihawk2,15.0,within_pose,20260808_162715,marker_3,2,-0.06304191033560883,0.08394081777428859,0.054164363373108856,0.00011339692026457351,-0.0006416590844913043,-0.0005600173419415131,right-invariant board-normalized SE(3) log
E2,ihawk2,15.0,within_pose,20260808_162715,marker_3,3,-0.04052500299879083,-0.0331259021652686,0.06291021141284761,0.0006445022966063348,-0.00010842949285380779,0.0004680373842872244,right-invariant board-normalized SE(3) log
E2,ihawk2,15.0,within_pose,20260808_131913,marker_4,1,-0.0136556051190419,0.014239386286860918,0.022674910333661643,0.0008671664030756946,7.949096220674287e-05,8.119731545214898e-05,right-invariant board-normalized SE(3) log
E2,ihawk2,15.0,within_pose,20260808_131913,marker_4,2,-0.06973657884671573,-0.002241889455130618,0.054490689328587576,-0.00036086974646668945,0.0004698292778840848,4.822624229221041e-05,right-invariant board-normalized SE(3) log
E2,ihawk2,15.0,within_pose,20260808_131913,marker_4,3,0.08339218396565577,-0.011997496831726255,-0.07716559966223127,-0.0005062966561649357,-0.0005493202401449531,-0.0001294235577182479,right-invariant board-normalized SE(3) log
E2,ihawk2,15.0,within_pose,20260808_141232,marker_4,1,-0.19980399890640288,-0.005483759080929339,0.16489842574047014,0.00010164941625613731,0.0004109124883770818,0.00011175314008872308,right-invariant board-normalized SE(3) log
E2,ihawk2,15.0,within_pose,20260808_141232,marker_4,2,0.17082346825737482,0.008373161668836273,-0.13192468542635874,0.00020982754311656617,-0.0006279011538252783,-0.00014887588871217853,right-invariant board-normalized SE(3) log
E2,ihawk2,15.0,within_pose,20260808_141232,marker_4,3,0.028980530649089096,-0.0028894025878875786,-0.03297374031416121,-0.0003114769597549329,0.0002169886657096109,3.712274866775807e-05,right-invariant board-normalized SE(3) log
E2,ihawk2,15.0,within_pose,20260808_145501,marker_4,1,-0.07019055068664656,-0.010663951183092662,0.0702497415778547,0.00032416535143058164,0.000219090106486946,-1.4440774392406888e-05,right-invariant board-normalized SE(3) log
E2,ihawk2,15.0,within_pose,20260808_145501,marker_4,2,0.04045890582223704,0.001666939370871773,-0.04319547040699218,-0.00018329328961690314,-0.00015708156162104955,-0.00020904399575686158,right-invariant board-normalized SE(3) log
E2,ihawk2,15.0,within_pose,20260808_145501,marker_4,3,0.029731644864526247,0.008997011812206922,-0.02705427117087612,-0.00014087206150632624,-6.200854475639853e-05,0.0002234847694935083,right-invariant board-normalized SE(3) log
E2,ihawk2,15.0,within_pose,20260808_151001,marker_4,1,-0.08033319794051595,-0.010609400815859649,0.06703534964131519,1.4299043360678658e-05,-9.432503244659382e-05,-8.45754949206764e-05,right-invariant board-normalized SE(3) log
E2,ihawk2,15.0,within_pose,20260808_151001,marker_4,2,-0.06756692597227602,-0.021980519951828897,0.06901603274708143,-0.0006473775990583637,-0.0001235532997404591,-0.00041844653944488557,right-invariant board-normalized SE(3) log
E2,ihawk2,15.0,within_pose,20260808_151001,marker_4,3,0.14790012391283736,0.03258992076764664,-0.13605138238824224,0.0006330785558766733,0.00021787833103100045,0.0005030220333306791,right-invariant board-normalized SE(3) log
E2,ihawk2,15.0,within_pose,20260808_162715,marker_4,1,0.09474718831332868,0.009170319567701318,-0.07714517515471822,-0.00010925840042399321,-0.00029221009984406064,-0.00013278395058394614,right-invariant board-normalized SE(3) log
E2,ihawk2,15.0,within_pose,20260808_162715,marker_4,2,0.1081134776152986,0.009875924023014638,-0.08817165476347755,-6.104578248392945e-05,-8.597737863845472e-05,-0.0001973887256691443,right-invariant board-normalized SE(3) log
E2,ihawk2,15.0,within_pose,20260808_162715,marker_4,3,-0.20286066592833882,-0.019046243590788072,0.16531682991814317,0.00017030418300715414,0.0003781874785144402,0.00033017267674589104,right-invariant board-normalized SE(3) log
E2,ihawk2,15.0,between_run,20260808_131913,all_poses,,-0.9996832611448829,-0.8241170073189756,-0.05651867377183561,0.0006767899261556843,-0.0019216687643460373,0.006167585830205649,right-invariant board-normalized SE(3) log
E2,ihawk2,15.0,between_run,20260808_141232,all_poses,,0.1816156206173978,4.187957957716613,0.36101088670949877,-0.002852631781468093,0.004258169506467577,-0.007829596090015833,right-invariant board-normalized SE(3) log
E2,ihawk2,15.0,between_run,20260808_145501,all_poses,,-0.7576816151322393,-0.10825730611172146,-0.45743245788532244,0.0012362093189709662,-0.0008881955507493454,0.004011369163054846,right-invariant board-normalized SE(3) log
E2,ihawk2,15.0,between_run,20260808_151001,all_poses,,0.1935210123059283,-1.2361045961743695,-0.37882221579071546,-0.0007772610080984455,-0.0048846952854568046,-0.003155585847346259,right-invariant board-normalized SE(3) log
E2,ihawk2,15.0,between_run,20260808_162715,all_poses,,1.3822282433540616,-2.019479048111542,0.5317624607384335,0.0017168935444548125,0.003436390094079032,0.0008062269441602398,right-invariant board-normalized SE(3) log
E2,ihawk2,15.0,cross_pose,20260808_131913,marker_0,,11.051433771088801,-7.6062227911657825,-1.9415765079087666,0.02098490842756978,0.010608733476786005,0.0032242498175723815,right-invariant board-normalized SE(3) log
E2,ihawk2,15.0,cross_pose,20260808_141232,marker_0,,12.401456787965484,-7.5759244360378775,-3.8483026549375183,0.0242573610965694,0.005434275680823184,0.005673051044857755,right-invariant board-normalized SE(3) log
E2,ihawk2,15.0,cross_pose,20260808_145501,marker_0,,10.679699665276242,-8.001339169607292,-2.5462490392496546,0.021470084780086537,0.017002056297473315,0.0024477082084214496,right-invariant board-normalized SE(3) log
E2,ihawk2,15.0,cross_pose,20260808_151001,marker_0,,10.174148451670343,-8.055869524251175,-2.2563151014356397,0.023233120351771486,0.032517921305032005,0.008314309886631507,right-invariant board-normalized SE(3) log
E2,ihawk2,15.0,cross_pose,20260808_162715,marker_0,,11.353081097331538,-7.777018410481234,-3.0190144761545925,0.025833703120337333,0.010656435119205755,0.00641990609461916,right-invariant board-normalized SE(3) log
E2,ihawk2,15.0,cross_pose,20260808_131913,marker_1,,-11.161127467120115,-8.882849842285154,1.3415695999918968,0.015272711457922326,-0.016818775245645446,0.0021126328068287238,right-invariant board-normalized SE(3) log
E2,ihawk2,15.0,cross_pose,20260808_141232,marker_1,,-9.965014481265408,-9.154367333307487,1.7690478059379,0.00616034711605657,-0.009844378341186443,0.004042928252958677,right-invariant board-normalized SE(3) log
E2,ihawk2,15.0,cross_pose,20260808_145501,marker_1,,-9.574325067029923,-8.424103742569898,0.4838945559688797,0.009244820216189189,-0.015304501363072947,-0.00011179177580998073,right-invariant board-normalized SE(3) log
E2,ihawk2,15.0,cross_pose,20260808_151001,marker_1,,-9.706269798983637,-8.674293495759914,0.02035704848981094,0.005852506362324508,-0.04805326532716326,-0.002139494114185685,right-invariant board-normalized SE(3) log
E2,ihawk2,15.0,cross_pose,20260808_162715,marker_1,,-11.98449827286325,-9.485301612797048,2.672064654896354,0.01056179419646939,-0.00766267619051894,0.0017427512714489274,right-invariant board-normalized SE(3) log
E2,ihawk2,15.0,cross_pose,20260808_131913,marker_2,,9.351228893004166,8.22940393454299,-0.45303724109945626,-0.01895056229706817,0.00894425533126435,-0.003603820005333115,right-invariant board-normalized SE(3) log
E2,ihawk2,15.0,cross_pose,20260808_141232,marker_2,,8.175998172164292,8.139993300621926,-1.0372444906038756,-0.019919931140669943,0.023581653062370006,-0.003970682959075414,right-invariant board-normalized SE(3) log
E2,ihawk2,15.0,cross_pose,20260808_145501,marker_2,,9.871502872551277,8.331220316521092,-0.309312405905886,-0.015968097679795713,0.011388919827492981,-0.00471336298874767,right-invariant board-normalized SE(3) log
E2,ihawk2,15.0,cross_pose,20260808_151001,marker_2,,9.698376296506801,8.287145136656457,-0.4322194169243975,-0.016179151660635136,0.017541893006596563,-0.0053562354266179085,right-invariant board-normalized SE(3) log
E2,ihawk2,15.0,cross_pose,20260808_162715,marker_2,,9.638801350275976,8.56366224982859,-0.23518846830282036,-0.013077699196915527,0.014173139149104496,-0.005582263183293045,right-invariant board-normalized SE(3) log
E2,ihawk2,15.0,cross_pose,20260808_131913,marker_3,,-9.924926624376171,8.16180771322564,0.0016911489077714355,-0.020274781029555596,-0.007687870688383893,-0.000699943008449739,right-invariant board-normalized SE(3) log
E2,ihawk2,15.0,cross_pose,20260808_141232,marker_3,,-10.105311747593236,8.96489103669041,1.062998007912852,-0.012921343379795565,-0.02019435286041626,-0.006261219499707946,right-invariant board-normalized SE(3) log
E2,ihawk2,15.0,cross_pose,20260808_145501,marker_3,,-9.069932486986644,8.099433223820792,-0.9294715995528415,-0.016054353145719524,-0.02762097172208046,0.0027145240395789415,right-invariant board-normalized SE(3) log
E2,ihawk2,15.0,cross_pose,20260808_151001,marker_3,,-9.629118650372263,8.507592074320911,0.005128571268877736,-0.015224992878567382,-0.016229146489145137,-0.0011448686353302845,right-invariant board-normalized SE(3) log
E2,ihawk2,15.0,cross_pose,20260808_162715,marker_3,,-9.847421796272577,8.663503242742284,-0.3678687902814811,-0.017133995038647695,-0.022113136338587604,7.182422136913672e-05,right-invariant board-normalized SE(3) log
E2,ihawk2,15.0,cross_pose,20260808_131913,marker_4,,0.6833914274032161,0.09786098568230822,1.0513530001083615,0.0029677234411322373,0.0049536571259816455,-0.001033119610617537,right-invariant board-normalized SE(3) log
E2,ihawk2,15.0,cross_pose,20260808_141232,marker_4,,-0.5071287312711783,-0.37459256796688606,2.0535013316909954,0.002423566307860709,0.0010228024583773703,0.0005159231609773997,right-invariant board-normalized SE(3) log
E2,ihawk2,15.0,cross_pose,20260808_145501,marker_4,,-1.9069449838105752,-0.005210628164710453,3.301138488739384,0.0013075458292433368,0.014534496960194479,-0.0003370774834424721,right-invariant board-normalized SE(3) log
E2,ihawk2,15.0,cross_pose,20260808_151001,marker_4,,-0.5371362988211733,-0.06457419096628178,2.6630488986012404,0.002318517825111821,0.014222597504684456,0.000326288289502886,right-invariant board-normalized SE(3) log
E2,ihawk2,15.0,cross_pose,20260808_162715,marker_4,,0.8400376215284286,0.035154530707399864,0.9500070798426642,-0.006183803081234894,0.004946238260792124,-0.002652218404143002,right-invariant board-normalized SE(3) log
E2,ihawk2,20.0,within_pose,20260808_131913,marker_0,1,0.091536174599526,0.009778538136243646,0.05407988863709895,-0.0007500564888483283,-0.0011901638469246402,-0.0005770877042180984,right-invariant board-normalized SE(3) log
E2,ihawk2,20.0,within_pose,20260808_131913,marker_0,2,-0.0693292804825959,-0.011841678276787485,-0.07209667975022582,0.0006673437085965466,0.0006214062334861949,1.7053111878884938e-05,right-invariant board-normalized SE(3) log
E2,ihawk2,20.0,within_pose,20260808_131913,marker_0,3,-0.02220689411694226,0.0020631401405487256,0.01801679111312653,8.2712780249787e-05,0.0005687576133091991,0.000560034592194633,right-invariant board-normalized SE(3) log
E2,ihawk2,20.0,within_pose,20260808_141232,marker_0,1,-0.07369655602019477,-0.011871013888779765,0.03852015003587417,0.0005888597259556465,0.0005257589162989451,0.0005925772412082785,right-invariant board-normalized SE(3) log
E2,ihawk2,20.0,within_pose,20260808_141232,marker_0,2,0.17539804073411128,0.09458491440066186,-0.14450306331265314,0.00019643725605800964,-0.000264360787419191,0.00027879460274239236,right-invariant board-normalized SE(3) log
E2,ihawk2,20.0,within_pose,20260808_141232,marker_0,3,-0.10170148471377778,-0.08271390051189127,0.10598291327670722,-0.0007852969820204899,-0.00026139812887509704,-0.0008713718439595302,right-invariant board-normalized SE(3) log
E2,ihawk2,20.0,within_pose,20260808_145501,marker_0,1,-0.17658205028727458,-0.03320201770682058,-0.032859648722581486,0.0006072443534284807,0.0015149943195256392,0.0002810993427714419,right-invariant board-normalized SE(3) log
E2,ihawk2,20.0,within_pose,20260808_145501,marker_0,2,0.1958934396079892,0.06679609417993888,-0.06406593401743454,-0.00028171545096005606,-0.000917358365163081,4.2588431940889306e-05,right-invariant board-normalized SE(3) log
E2,ihawk2,20.0,within_pose,20260808_145501,marker_0,3,-0.019311389320626992,-0.033594076473124596,0.09692558273996883,-0.00032552890247953626,-0.0005976359543081014,-0.00032368777478376917,right-invariant board-normalized SE(3) log
E2,ihawk2,20.0,within_pose,20260808_151001,marker_0,1,-0.010844596360688295,-0.03968287181489131,0.004047869004850433,-0.00023579167240938477,-0.00028206930816127024,-0.0005765652106060433,right-invariant board-normalized SE(3) log
E2,ihawk2,20.0,within_pose,20260808_151001,marker_0,2,-0.00013208194223808455,0.05824438705563984,0.011522395877536517,0.00040861428585478745,0.00047104705919046274,0.0009545677792065292,right-invariant board-normalized SE(3) log
E2,ihawk2,20.0,within_pose,20260808_151001,marker_0,3,0.010976678303023119,-0.01856151524076178,-0.015570264882340448,-0.00017282261343185934,-0.0001889777510136607,-0.00037800256856908857,right-invariant board-normalized SE(3) log
E2,ihawk2,20.0,within_pose,20260808_162715,marker_0,1,0.05514680622008514,0.0071018093345040015,-0.0532867552906386,-0.0003002353328688261,0.00019916723886346938,-8.963990790659921e-05,right-invariant board-normalized SE(3) log
E2,ihawk2,20.0,within_pose,20260808_162715,marker_0,2,0.014020337499245764,0.02218214095729047,0.0046191634605758,4.397800775827102e-05,8.320177350850176e-05,0.0002995916512711033,right-invariant board-normalized SE(3) log
E2,ihawk2,20.0,within_pose,20260808_162715,marker_0,3,-0.0691671437192047,-0.02928395029178418,0.048667591829987096,0.0002562573247618374,-0.00028236901204931725,-0.00020995174323591302,right-invariant board-normalized SE(3) log
E2,ihawk2,20.0,within_pose,20260808_131913,marker_1,1,-0.281793492551903,-0.16187613857533922,0.38285560622714787,-0.00039746641901959926,0.0010791889549964496,0.0006419070746137018,right-invariant board-normalized SE(3) log
E2,ihawk2,20.0,within_pose,20260808_131913,marker_1,2,-0.03745190586132756,0.05423684284419759,-0.017787366751494307,-0.00017147827843746655,-0.00027513829473096394,-0.0005103037026510445,right-invariant board-normalized SE(3) log
E2,ihawk2,20.0,within_pose,20260808_131913,marker_1,3,0.3192453984131567,0.10763929573115247,-0.36506823947579636,0.0005689446972168853,-0.000804050660080744,-0.0001316033720715134,right-invariant board-normalized SE(3) log
E2,ihawk2,20.0,within_pose,20260808_141232,marker_1,1,-0.14606356745550733,-0.06941298201729183,0.20803219927540587,-0.00010224286231724661,0.0007882765182012651,0.00030822128238726566,right-invariant board-normalized SE(3) log
E2,ihawk2,20.0,within_pose,20260808_141232,marker_1,2,0.0363206311648098,-0.006579907372548515,0.04383897069116415,-0.0003368346095783714,0.0002487837056291079,9.635194780632787e-05,right-invariant board-normalized SE(3) log
E2,ihawk2,20.0,within_pose,20260808_141232,marker_1,3,0.10974293629078707,0.07599288938984196,-0.25187116996660824,0.00043907747192979864,-0.0010370602239053721,-0.00040457323022285204,right-invariant board-normalized SE(3) log
E2,ihawk2,20.0,within_pose,20260808_145501,marker_1,1,-0.05694044608607838,-0.018388967975253478,0.06849290299743961,1.8462765408983922e-05,0.0004696517074383565,5.421845420985506e-06,right-invariant board-normalized SE(3) log
E2,ihawk2,20.0,within_pose,20260808_145501,marker_1,2,0.09251851957739962,0.008064588951100952,-0.15155189585931161,0.00035897386472723183,-0.0006999588321734572,0.0001791323064525513,right-invariant board-normalized SE(3) log
E2,ihawk2,20.0,within_pose,20260808_145501,marker_1,3,-0.03557807349143259,0.010324379024146084,0.08305899286170647,-0.0003774366300517374,0.0002303071245467438,-0.00018455415183120155,right-invariant board-normalized SE(3) log
E2,ihawk2,20.0,within_pose,20260808_151001,marker_1,1,-0.043530448002303296,0.028391484531747703,-0.06960737916053092,0.0003324727601194801,-0.00038622910951176633,-0.0005025167262795537,right-invariant board-normalized SE(3) log
E2,ihawk2,20.0,within_pose,20260808_151001,marker_1,2,0.13493966164100907,-0.019710446480889224,-0.068784382108107,0.00012635113715277955,1.9744451843625503e-05,0.0005078171278804289,right-invariant board-normalized SE(3) log
E2,ihawk2,20.0,within_pose,20260808_151001,marker_1,3,-0.09140921363884608,-0.008681038050861425,0.13839176126866434,-0.0004588238972149534,0.0003664846577263813,-5.300401163340919e-06,right-invariant board-normalized SE(3) log
E2,ihawk2,20.0,within_pose,20260808_162715,marker_1,1,0.20611917302973023,0.08671048260174011,-0.20861875760976895,0.00026463909389027365,-0.00033120068198950466,-4.022261887080451e-05,right-invariant board-normalized SE(3) log
E2,ihawk2,20.0,within_pose,20260808_162715,marker_1,2,-0.0805888474716511,-0.0021603475742326644,0.054145083459944406,-0.0003924331386027707,-0.0003293638682914339,-0.00023979956781104285,right-invariant board-normalized SE(3) log
E2,ihawk2,20.0,within_pose,20260808_162715,marker_1,3,-0.12553032555810445,-0.08455013502749585,0.15447367414985197,0.00012779404464969513,0.00066056455036453,0.00028002218669318754,right-invariant board-normalized SE(3) log
E2,ihawk2,20.0,within_pose,20260808_131913,marker_2,1,0.10921348054113914,-0.0800948246903713,-0.24270750470606764,-0.0010055685162088837,0.0005672966650553084,-0.0005269875862807448,right-invariant board-normalized SE(3) log
E2,ihawk2,20.0,within_pose,20260808_131913,marker_2,2,-0.0454744841973383,-0.013452182016212864,-0.07260338638100322,-0.0006853218128418694,0.0006496849445345312,-0.00023507475648222226,right-invariant board-normalized SE(3) log
E2,ihawk2,20.0,within_pose,20260808_131913,marker_2,3,-0.06373899634358679,0.09354700670660952,0.3153108910871707,0.0016908903289778589,-0.0012169816095358424,0.0007620623427308378,right-invariant board-normalized SE(3) log
E2,ihawk2,20.0,within_pose,20260808_141232,marker_2,1,-0.11935968616846525,0.03579130792234574,0.10858955684736353,9.146160732845663e-05,8.938874733557242e-05,0.00011604062688835182,right-invariant board-normalized SE(3) log
E2,ihawk2,20.0,within_pose,20260808_141232,marker_2,2,0.008589701193967547,-0.008233169025052715,-0.032864063992659856,-0.0001720113510400801,0.00011256595714070872,-7.428025741264449e-05,right-invariant board-normalized SE(3) log
E2,ihawk2,20.0,within_pose,20260808_141232,marker_2,3,0.11076998497437203,-0.02755813889727956,-0.07572549285485933,8.05497442603098e-05,-0.00020195470498639165,-4.176036931622897e-05,right-invariant board-normalized SE(3) log
E2,ihawk2,20.0,within_pose,20260808_145501,marker_2,1,0.05343831338252756,-0.03438606711852232,-0.021501117697473114,-0.00014291181347253842,-2.707877925989267e-05,-0.00037668822377237424,right-invariant board-normalized SE(3) log
E2,ihawk2,20.0,within_pose,20260808_145501,marker_2,2,0.020965264502212155,-0.0049714757042116815,-0.050727260320260974,-8.151062075386773e-06,2.777092554900858e-05,0.00015778449740829075,right-invariant board-normalized SE(3) log
E2,ihawk2,20.0,within_pose,20260808_145501,marker_2,3,-0.07440357788481494,0.03935754282271139,0.07222837801773781,0.00015106287519084483,-6.921462554882853e-07,0.00021890372604263384,right-invariant board-normalized SE(3) log
E2,ihawk2,20.0,within_pose,20260808_151001,marker_2,1,-0.1641832058729275,0.023967558872752565,0.04164951066012873,-0.0002579035708481796,0.0010291179765246144,-6.104293098271746e-05,right-invariant board-normalized SE(3) log
E2,ihawk2,20.0,within_pose,20260808_151001,marker_2,2,0.25621436223151955,-0.06951757455025848,-0.22666754464425404,-0.00032306813957506313,-0.0004737970157863205,-0.00020888996015360964,right-invariant board-normalized SE(3) log
E2,ihawk2,20.0,within_pose,20260808_151001,marker_2,3,-0.09203115635876141,0.045550015677485525,0.185018033984128,0.0005809717104059507,-0.000555320960842662,0.00026993289111920953,right-invariant board-normalized SE(3) log
E2,ihawk2,20.0,within_pose,20260808_162715,marker_2,1,0.08381651300834472,-0.02384175845958308,-0.044264517472405215,7.329215233987315e-05,-0.00010550997260776842,-0.00013950714872545554,right-invariant board-normalized SE(3) log
E2,ihawk2,20.0,within_pose,20260808_162715,marker_2,2,-0.06461065941356985,0.015885058007978185,0.10643971500439212,0.00014616954819686,6.29557376005084e-05,-0.00016957256970247567,right-invariant board-normalized SE(3) log
E2,ihawk2,20.0,within_pose,20260808_162715,marker_2,3,-0.019205853594958997,0.007956700451662998,-0.06217519753197854,-0.00021946170015194676,4.2554235144443616e-05,0.0003090797179702012,right-invariant board-normalized SE(3) log
E2,ihawk2,20.0,within_pose,20260808_131913,marker_3,1,0.08190183139509329,-0.030354115491837173,-0.10514965267317448,-8.97383719130952e-05,6.814695549498754e-05,5.730925082537939e-05,right-invariant board-normalized SE(3) log
E2,ihawk2,20.0,within_pose,20260808_131913,marker_3,2,0.35780661357167093,-0.04747177425879699,-0.27047576821049596,0.00023720039311031477,-0.001148035936029692,-0.0002349656436543731,right-invariant board-normalized SE(3) log
E2,ihawk2,20.0,within_pose,20260808_131913,marker_3,3,-0.43970844496699146,0.07782588975062651,0.3756254208838361,-0.00014746202125419047,0.0010798889802816141,0.0001776563928398202,right-invariant board-normalized SE(3) log
E2,ihawk2,20.0,within_pose,20260808_141232,marker_3,1,-0.19208389614620539,0.05346988700862961,0.15725313888632786,-0.00045838807022939744,0.0005380670153159735,-0.00034145002910730904,right-invariant board-normalized SE(3) log
E2,ihawk2,20.0,within_pose,20260808_141232,marker_3,2,0.042618048857180374,0.000509706901152883,-0.032619419747637275,-8.106862578732551e-05,-0.00023281893397049714,-0.00028885528600100253,right-invariant board-normalized SE(3) log
E2,ihawk2,20.0,within_pose,20260808_141232,marker_3,3,0.14946584728894768,-0.05397959390978057,-0.12463371913849276,0.0005394566960263826,-0.00030524808136034846,0.0006303053151130355,right-invariant board-normalized SE(3) log
E2,ihawk2,20.0,within_pose,20260808_145501,marker_3,1,-0.3186401639979611,-0.01309111980297478,0.2440423879043076,0.00023971953282622794,0.0009918788797183592,0.0007700561474530054,right-invariant board-normalized SE(3) log
E2,ihawk2,20.0,within_pose,20260808_145501,marker_3,2,0.17941927652331024,-0.03642102054919428,-0.23271529324544954,-0.0004966128849625315,-0.0004287066719598758,9.547789574890605e-05,right-invariant board-normalized SE(3) log
E2,ihawk2,20.0,within_pose,20260808_145501,marker_3,3,0.13922088747472597,0.04951214035216867,-0.011327094658878772,0.00025689335214266383,-0.0005631722077397408,-0.0008655340431893831,right-invariant board-normalized SE(3) log
E2,ihawk2,20.0,within_pose,20260808_151001,marker_3,1,-0.3283405401289005,0.07948481897824138,0.2553907537411759,-0.000455613390596554,0.0006847615665419875,-0.0003163729700430877,right-invariant board-normalized SE(3) log
E2,ihawk2,20.0,within_pose,20260808_151001,marker_3,2,0.2369480272603608,-0.10227770101083922,-0.2376411509727743,0.0003111500417510112,-0.0005239684077773626,0.0005507571257749478,right-invariant board-normalized SE(3) log
E2,ihawk2,20.0,within_pose,20260808_151001,marker_3,3,0.09139251286869235,0.02279288203260244,-0.017749602768361714,0.0001444633488235894,-0.0001607931587465378,-0.00023438415565916863,right-invariant board-normalized SE(3) log
E2,ihawk2,20.0,within_pose,20260808_162715,marker_3,1,0.5947315599606572,-0.02298010712836207,-0.5268583100859738,-0.0009026368397869367,-0.0005653220282103854,-0.0007368387158785314,right-invariant board-normalized SE(3) log
E2,ihawk2,20.0,within_pose,20260808_162715,marker_3,2,-0.31494513151513004,0.008181359612738368,0.23840973736342258,0.00040215741056884394,7.364873073272572e-05,0.0005419840369757667,right-invariant board-normalized SE(3) log
E2,ihawk2,20.0,within_pose,20260808_162715,marker_3,3,-0.27978642844553514,0.01479874751558755,0.2884485727225322,0.0005004794289018995,0.0004916732971362314,0.00019485467881653985,right-invariant board-normalized SE(3) log
E2,ihawk2,20.0,within_pose,20260808_131913,marker_4,1,0.05541380631414837,0.010461182778062376,-0.04417260758359364,0.00032842891031987045,-0.000669971741590352,-0.00019056666636116932,right-invariant board-normalized SE(3) log
E2,ihawk2,20.0,within_pose,20260808_131913,marker_4,2,0.04151746198195055,0.010890444180279516,-0.04083138592877102,0.00025317123450770493,-0.00046814911105316987,-0.000182388424055717,right-invariant board-normalized SE(3) log
E2,ihawk2,20.0,within_pose,20260808_131913,marker_4,3,-0.09693126829611036,-0.021351626958327444,0.08500399351229854,-0.0005816001451191456,0.0011381208531878843,0.0003729550906230884,right-invariant board-normalized SE(3) log
E2,ihawk2,20.0,within_pose,20260808_141232,marker_4,1,-0.16124120846252912,0.020897456094041745,0.13896569086304988,0.001005762562494901,-7.141673882577544e-05,-0.00018469887401924087,right-invariant board-normalized SE(3) log
E2,ihawk2,20.0,within_pose,20260808_141232,marker_4,2,-0.03945969669900986,-0.023096354135357083,0.015740776831844255,-0.0004961953768920932,0.0002273584040947774,0.00030234630335522505,right-invariant board-normalized SE(3) log
E2,ihawk2,20.0,within_pose,20260808_141232,marker_4,3,0.20070090516140524,0.00219889804132704,-0.15470646769468469,-0.0005095671855925219,-0.0001559416652524864,-0.00011764742931892234,right-invariant board-normalized SE(3) log
E2,ihawk2,20.0,within_pose,20260808_145501,marker_4,1,-0.08223000070990043,0.018440801124387007,0.049178403604256654,0.0006621852429972918,0.0005240714536181211,0.0006836041698990255,right-invariant board-normalized SE(3) log
E2,ihawk2,20.0,within_pose,20260808_145501,marker_4,2,0.0525708144866381,-0.025017344051263532,-0.029504558880616975,-0.0008193895442207409,-0.00038728920802482515,-0.0007323570240841312,right-invariant board-normalized SE(3) log
E2,ihawk2,20.0,within_pose,20260808_145501,marker_4,3,0.029659186223250852,0.0065765429268964575,-0.019673844723641316,0.00015720430082771653,-0.00013678224504478032,4.8752854151149593e-05,right-invariant board-normalized SE(3) log
E2,ihawk2,20.0,within_pose,20260808_151001,marker_4,1,0.0830758371680446,0.00534385316834403,-0.0648050045721875,0.00027597467742845357,-0.0003128588862381271,0.0002007981274967886,right-invariant board-normalized SE(3) log
E2,ihawk2,20.0,within_pose,20260808_151001,marker_4,2,-0.005759483914996429,0.016017605474154525,0.008036662283090322,-0.00012595206447212922,5.7393057873345796e-05,-0.0008064075094506172,right-invariant board-normalized SE(3) log
E2,ihawk2,20.0,within_pose,20260808_151001,marker_4,3,-0.07731635325299904,-0.02136145864246256,0.05676834228910969,-0.00015002261323280856,0.00025546582868807245,0.000605609381835057,right-invariant board-normalized SE(3) log
E2,ihawk2,20.0,within_pose,20260808_162715,marker_4,1,0.0612251100770292,-0.0006952304858519871,-0.03911802766449838,-4.308783823760559e-05,-0.00036757867644086916,-9.673879460697173e-05,right-invariant board-normalized SE(3) log
E2,ihawk2,20.0,within_pose,20260808_162715,marker_4,2,-0.047591475312927074,-0.0010257678830772623,0.03335472275397591,0.00012456940290064844,0.0002097978042812634,3.5862254492740564e-05,right-invariant board-normalized SE(3) log
E2,ihawk2,20.0,within_pose,20260808_162715,marker_4,3,-0.013633634763983212,0.0017209983689361929,0.005763304910478453,-8.148156466022408e-05,0.0001577808721480303,6.0876540110366314e-05,right-invariant board-normalized SE(3) log
E2,ihawk2,20.0,between_run,20260808_131913,all_poses,,-0.3617358547420309,-1.0005343988732172,0.5234707642320227,-0.0013766066832610062,0.0007526277362385713,-0.0002719508212576846,right-invariant board-normalized SE(3) log
E2,ihawk2,20.0,between_run,20260808_141232,all_poses,,1.8958497821725244,2.4011777059030357,0.5316022585565641,0.0007440906335629421,-0.0011694546247164185,0.00436208405521316,right-invariant board-normalized SE(3) log
E2,ihawk2,20.0,between_run,20260808_145501,all_poses,,-0.9025327922706029,0.07093570012706785,0.45571114629404497,-0.0006738460675121796,0.0018966674081352854,0.005202909685333417,right-invariant board-normalized SE(3) log
E2,ihawk2,20.0,between_run,20260808_151001,all_poses,,-1.0005839137219337,-0.44081410522160164,-1.015801693334435,0.0009427424019102348,-0.0035087413519179055,-0.0022184755659339674,right-invariant board-normalized SE(3) log
E2,ihawk2,20.0,between_run,20260808_162715,all_poses,,0.3690027785619899,-1.0307649019353193,-0.4949824757485163,0.0003636197151669001,0.0020289008323741537,-0.007074567353342604,right-invariant board-normalized SE(3) log
E2,ihawk2,20.0,cross_pose,20260808_131913,marker_0,,11.538160262416781,-7.986607794793399,-2.3936981485800164,0.02105631917544447,0.004770080103220234,0.0031276096463703556,right-invariant board-normalized SE(3) log
E2,ihawk2,20.0,cross_pose,20260808_141232,marker_0,,12.025858929154108,-7.722083546319194,-3.5760404585676997,0.020067614767251676,0.00891514319760492,0.003610128168070914,right-invariant board-normalized SE(3) log
E2,ihawk2,20.0,cross_pose,20260808_145501,marker_0,,10.96794175489118,-8.053513794512016,-3.173523786112037,0.024456423642312045,0.012193323440200127,0.0027273830505727026,right-invariant board-normalized SE(3) log
E2,ihawk2,20.0,cross_pose,20260808_151001,marker_0,,11.061334370853375,-7.66838562950087,-3.747577340014214,0.027034703545539874,0.019496984578328144,0.005703804225639822,right-invariant board-normalized SE(3) log
E2,ihawk2,20.0,cross_pose,20260808_162715,marker_0,,11.388117013066369,-7.604598423131456,-2.8792133275386522,0.025487124386974012,0.006508927154357244,0.0017591847138949044,right-invariant board-normalized SE(3) log
E2,ihawk2,20.0,cross_pose,20260808_131913,marker_1,,-11.177188079460594,-9.035447766488218,1.7877816606008345,0.015236926232676693,-0.003538726908569506,0.0032944767560268333,right-invariant board-normalized SE(3) log
E2,ihawk2,20.0,cross_pose,20260808_141232,marker_1,,-9.268787340641053,-8.256455389237972,-0.0532072176400328,0.0041826912292295595,-0.021144732848290635,-0.0027832364546453154,right-invariant board-normalized SE(3) log
E2,ihawk2,20.0,cross_pose,20260808_145501,marker_1,,-10.371324313953533,-8.956667556128444,1.473219881990274,0.007115732390211992,-0.016248685345467195,-0.0005296197959038049,right-invariant board-normalized SE(3) log
E2,ihawk2,20.0,cross_pose,20260808_151001,marker_1,,-10.243044444416704,-8.970904202145775,1.1084334367227306,0.005796482922712335,-0.022137058444955303,-0.0001540901343495489,right-invariant board-normalized SE(3) log
E2,ihawk2,20.0,cross_pose,20260808_162715,marker_1,,-10.770609365418107,-8.873438518008859,2.0688725643627754,0.009086551025997938,-0.013843573272479448,0.00012644182949777839,right-invariant board-normalized SE(3) log
E2,ihawk2,20.0,cross_pose,20260808_131913,marker_2,,9.776873528783732,8.317176219189204,-1.4718287554080272,-0.01996922155715685,0.011250208913453205,-0.002162536778876786,right-invariant board-normalized SE(3) log
E2,ihawk2,20.0,cross_pose,20260808_141232,marker_2,,9.37204878637535,7.771749861635051,-0.8789559909071567,-0.015820850020100568,0.02377041329422711,-0.005590588598627154,right-invariant board-normalized SE(3) log
E2,ihawk2,20.0,cross_pose,20260808_145501,marker_2,,9.441579659932085,8.587081069203517,-0.7681104806625151,-0.016633075447508427,0.008550649014200749,-0.0008507292231271245,right-invariant board-normalized SE(3) log
E2,ihawk2,20.0,cross_pose,20260808_151001,marker_2,,9.819224900207294,8.219483347589675,-0.4816530255208132,-0.014453343357456044,0.009728508146481027,-0.0010374404161319199,right-invariant board-normalized SE(3) log
E2,ihawk2,20.0,cross_pose,20260808_162715,marker_2,,8.067415632115239,8.674997737504482,0.21076256693250983,-0.010499520623337703,0.026407667812420023,-0.00039427010708229903,right-invariant board-normalized SE(3) log
E2,ihawk2,20.0,cross_pose,20260808_131913,marker_3,,-9.35292618059121,8.864005063329028,-0.07916572458330562,-0.016095512233213247,-0.017163665050975743,-0.002915140930057007,right-invariant board-normalized SE(3) log
E2,ihawk2,20.0,cross_pose,20260808_141232,marker_3,,-12.03616436835087,8.490096570708968,2.8011776119667244,-0.008797641154495271,-0.010572923020080486,0.001555215883274387,right-invariant board-normalized SE(3) log
E2,ihawk2,20.0,cross_pose,20260808_145501,marker_3,,-9.380195483885034,8.376305272423494,0.33117813466314555,-0.016076465594995783,-0.014651631668085308,-0.001785088989593776,right-invariant board-normalized SE(3) log
E2,ihawk2,20.0,cross_pose,20260808_151001,marker_3,,-10.368800576217003,8.579681867425897,1.0594583580348071,-0.018076035333704762,-0.015699379532684098,-0.0033408382783979224,right-invariant board-normalized SE(3) log
E2,ihawk2,20.0,cross_pose,20260808_162715,marker_3,,-7.4815280643247695,7.952140850346544,-2.203680508142461,-0.0242404305209831,-0.02641877957040331,-0.003502449187047459,right-invariant board-normalized SE(3) log
E2,ihawk2,20.0,cross_pose,20260808_131913,marker_4,,-0.784919531148734,-0.15912572123664842,2.1569109679706027,-0.00022851161777097826,0.004682102942865534,-0.0013444086934658807,right-invariant board-normalized SE(3) log
E2,ihawk2,20.0,cross_pose,20260808_141232,marker_4,,-0.09295600653753518,-0.28330749678684036,1.7070260551483527,0.0003681851781166048,-0.0009679006234703757,0.0032084810019288295,right-invariant board-normalized SE(3) log
E2,ihawk2,20.0,cross_pose,20260808_145501,marker_4,,-0.6580016169849304,0.046795009013469974,2.13723625012114,0.0011373850099774877,0.010156344559148834,0.0004380549580516621,right-invariant board-normalized SE(3) log
E2,ihawk2,20.0,cross_pose,20260808_151001,marker_4,,-0.2687142504271577,-0.15987538336890045,2.061338570777822,-0.00030180777709191763,0.008610945252831263,-0.0011714353967605096,right-invariant board-normalized SE(3) log
E2,ihawk2,20.0,cross_pose,20260808_162715,marker_4,,-1.2033952154385512,-0.1491016467107247,2.803258704385866,0.00016627573134976386,0.007345757876084054,0.0020110927507308862,right-invariant board-normalized SE(3) log
E2,ihawk2,25.0,within_pose,20260808_131913,marker_0,1,-0.25653503720297277,-0.12656701886489638,0.1690562991694239,-0.00036262446681688444,0.0007883825585648948,-0.0004086174952222378,right-invariant board-normalized SE(3) log
E2,ihawk2,25.0,within_pose,20260808_131913,marker_0,2,0.12724235328944278,0.07766837731694766,-0.13113346481620416,0.00029044413008918335,1.7338602785357047e-06,0.00034300065898875754,right-invariant board-normalized SE(3) log
E2,ihawk2,25.0,within_pose,20260808_131913,marker_0,3,0.12929268391355456,0.048898641547980716,-0.03792283435318647,7.218033648055085e-05,-0.0007901164188535834,6.561683594139326e-05,right-invariant board-normalized SE(3) log
E2,ihawk2,25.0,within_pose,20260808_141232,marker_0,1,0.21737243825627722,0.10788628524470732,-0.1426430590613042,0.00019714872112183682,-0.000628782740276499,0.0002656875607537226,right-invariant board-normalized SE(3) log
E2,ihawk2,25.0,within_pose,20260808_141232,marker_0,2,-0.10843760030722786,-0.06588252950984441,0.08755639128142331,-0.00021384383803937508,0.00010402764134871807,-0.00029553045519683076,right-invariant board-normalized SE(3) log
E2,ihawk2,25.0,within_pose,20260808_141232,marker_0,3,-0.10893483794912953,-0.042003755734829964,0.05508666777985752,1.669511717529878e-05,0.0005247550988163354,2.9842894799512046e-05,right-invariant board-normalized SE(3) log
E2,ihawk2,25.0,within_pose,20260808_145501,marker_0,1,-0.12308959330493766,-0.05712173775202951,-0.042511674487348064,0.00011859176757848186,0.0007117801780814299,-0.0005725497833667108,right-invariant board-normalized SE(3) log
E2,ihawk2,25.0,within_pose,20260808_145501,marker_0,2,0.092361934198079,0.010792213985453322,0.09843998459580564,-0.0007722121485788981,-0.001127715814197749,-0.00021742391603006404,right-invariant board-normalized SE(3) log
E2,ihawk2,25.0,within_pose,20260808_145501,marker_0,3,0.030727659106889394,0.046329523766577896,-0.055928310108411136,0.0006536203809756555,0.0004159356360566768,0.0007899736994161781,right-invariant board-normalized SE(3) log
E2,ihawk2,25.0,within_pose,20260808_151001,marker_0,1,0.057363362378986545,0.02700139479506885,0.01976631330406877,-0.00014874459378248404,-0.00011621887197523512,0.00034508185989809865,right-invariant board-normalized SE(3) log
E2,ihawk2,25.0,within_pose,20260808_151001,marker_0,2,-0.021936996025533794,-0.01908228539367007,0.17084379889047382,-0.0005768166299369667,-0.0004266119602201567,0.00010779930081077595,right-invariant board-normalized SE(3) log
E2,ihawk2,25.0,within_pose,20260808_151001,marker_0,3,-0.03542636635359245,-0.007919109401412112,-0.1906101121944224,0.0007255612238810174,0.0005428308323127326,-0.00045288116062962763,right-invariant board-normalized SE(3) log
E2,ihawk2,25.0,within_pose,20260808_162715,marker_0,1,-0.1916182418610456,-0.0964516688421609,0.1925941767361667,-0.0004997561154448407,7.999391918226754e-05,-0.0005396821813487963,right-invariant board-normalized SE(3) log
E2,ihawk2,25.0,within_pose,20260808_162715,marker_0,2,0.061208236970256395,0.03327879813504954,-0.05383732670328273,0.00019590761521402178,1.5490093055723496e-05,0.00028921409977383854,right-invariant board-normalized SE(3) log
E2,ihawk2,25.0,within_pose,20260808_162715,marker_0,3,0.13041000489067897,0.0631728707071418,-0.13875685003292534,0.00030384850025292644,-9.548401232101375e-05,0.0002504680814671039,right-invariant board-normalized SE(3) log
E2,ihawk2,25.0,within_pose,20260808_131913,marker_1,1,0.2978008549128168,0.15614435809971638,-0.2645899083031195,-0.0004914300081666444,-0.0007417822588369059,-0.0006845848582985057,right-invariant board-normalized SE(3) log
E2,ihawk2,25.0,within_pose,20260808_131913,marker_1,2,0.017766481455002217,0.08052438610439004,-0.1447439604224696,0.00017624473901602612,-0.00075124590016422,-0.000795662634935599,right-invariant board-normalized SE(3) log
E2,ihawk2,25.0,within_pose,20260808_131913,marker_1,3,-0.31556733636771434,-0.23666874420411316,0.40933386872554356,0.00031518526908975937,0.0014930281589780403,0.0014802474932197878,right-invariant board-normalized SE(3) log
E2,ihawk2,25.0,within_pose,20260808_141232,marker_1,1,-0.021324517828603645,-0.08013319495503536,0.12697664692033753,-0.0001591521583216983,0.00047934604385078863,0.000632304916388189,right-invariant board-normalized SE(3) log
E2,ihawk2,25.0,within_pose,20260808_141232,marker_1,2,-0.10518430019303528,-0.049433281034277125,0.12067387277619798,6.72304489786653e-05,0.0006606436325754111,4.6495426448159366e-05,right-invariant board-normalized SE(3) log
E2,ihawk2,25.0,within_pose,20260808_141232,marker_1,3,0.12650881802149452,0.12956647598931284,-0.2476505196965255,9.19217093585762e-05,-0.0011399896757475162,-0.000678800342634522,right-invariant board-normalized SE(3) log
E2,ihawk2,25.0,within_pose,20260808_145501,marker_1,1,0.23235988442780675,0.09617430239508744,-0.319117003403626,0.0006617850197313971,-0.0006914215107531819,-2.296143209862988e-05,right-invariant board-normalized SE(3) log
E2,ihawk2,25.0,within_pose,20260808_145501,marker_1,2,-0.002792071576953981,0.020414810220651374,0.023796456108851862,-0.0003449993246199519,-6.870873641217344e-05,-0.0002743118996097097,right-invariant board-normalized SE(3) log
E2,ihawk2,25.0,within_pose,20260808_145501,marker_1,3,-0.2295678128508632,-0.11658911261572208,0.29532054729484725,-0.00031678569528580466,0.0007601302475075803,0.00029727333182114464,right-invariant board-normalized SE(3) log
E2,ihawk2,25.0,within_pose,20260808_151001,marker_1,1,-0.021807854381910765,0.005707440506823414,-0.050390183635776534,0.0003764633310805171,-8.14387523993499e-05,-0.0001797858472346247,right-invariant board-normalized SE(3) log
E2,ihawk2,25.0,within_pose,20260808_151001,marker_1,2,0.11527268363654378,0.042454770168752376,-0.0737866596572951,-0.00047663663416200135,-0.0004892087225395855,-8.567999235514328e-05,right-invariant board-normalized SE(3) log
E2,ihawk2,25.0,within_pose,20260808_151001,marker_1,3,-0.09346482925464009,-0.04816221067559024,0.12417684329301938,0.00010017330351853294,0.0005706474748105161,0.0002654658393630653,right-invariant board-normalized SE(3) log
E2,ihawk2,25.0,within_pose,20260808_162715,marker_1,1,-0.3350659180102844,-0.17882376248787174,0.41243777542567545,-0.0011740231390728276,-0.00029159853865541965,0.00034204464588814284,right-invariant board-normalized SE(3) log
E2,ihawk2,25.0,within_pose,20260808_162715,marker_1,2,-0.20611006580566343,-0.005547073666044026,0.19223676798212927,-0.0003496531066853968,0.0005089791030810312,-0.00042092950458044373,right-invariant board-normalized SE(3) log
E2,ihawk2,25.0,within_pose,20260808_162715,marker_1,3,0.5411759838160927,0.18437083615390631,-0.6046745434078369,0.001523676245917916,-0.00021738056441951255,7.888485867527811e-05,right-invariant board-normalized SE(3) log
E2,ihawk2,25.0,within_pose,20260808_131913,marker_2,1,0.14810148043963134,-0.041507879140948035,-0.12055410008870379,-0.00025377537971116515,-0.0001183180542711863,-4.196619329652719e-05,right-invariant board-normalized SE(3) log
E2,ihawk2,25.0,within_pose,20260808_131913,marker_2,2,0.16369940456864815,-0.055140164558423445,-0.1701725252785577,-0.0011538784082698805,-0.001317104207659037,0.0001092979822616904,right-invariant board-normalized SE(3) log
E2,ihawk2,25.0,within_pose,20260808_131913,marker_2,3,-0.3118008850082981,0.09664804369942746,0.29072662536720634,0.0014076537876120427,0.001435422261789799,-6.733178903834541e-05,right-invariant board-normalized SE(3) log
E2,ihawk2,25.0,within_pose,20260808_141232,marker_2,1,-0.2539875795273769,0.0714395942831915,0.12699830110210786,0.00030906062359045835,0.0012044061945301041,0.00021697086151083604,right-invariant board-normalized SE(3) log
E2,ihawk2,25.0,within_pose,20260808_141232,marker_2,2,0.1647437935967971,-0.043779793659290835,-0.08254264863196788,-0.0002553904750524564,-0.0008127098442886269,-0.000150844510764487,right-invariant board-normalized SE(3) log
E2,ihawk2,25.0,within_pose,20260808_141232,marker_2,3,0.08924378593078527,-0.027659800623890497,-0.04445565247007385,-5.367014845484437e-05,-0.0003916963496626815,-6.61263506482571e-05,right-invariant board-normalized SE(3) log
E2,ihawk2,25.0,within_pose,20260808_145501,marker_2,1,-0.10116473798496124,0.049318713128363445,0.20115247541358333,0.0007117308051281874,-0.00033282624952436475,2.9113268672565472e-05,right-invariant board-normalized SE(3) log
E2,ihawk2,25.0,within_pose,20260808_145501,marker_2,2,0.28249101521668923,-0.09418870229602685,-0.19661222826899902,-0.0002605847112604908,-0.0008058916551171975,-0.00015744032649121672,right-invariant board-normalized SE(3) log
E2,ihawk2,25.0,within_pose,20260808_145501,marker_2,3,-0.181326277231704,0.04486998916766386,-0.004540247144547552,-0.00045114609381358454,0.001138717904482002,0.00012832705779961562,right-invariant board-normalized SE(3) log
E2,ihawk2,25.0,within_pose,20260808_151001,marker_2,1,0.017723075430777144,-0.04090414909507819,-0.07581641513185045,-0.0008403248890856301,5.8126699215915865e-05,-0.0004762855229476901,right-invariant board-normalized SE(3) log
E2,ihawk2,25.0,within_pose,20260808_151001,marker_2,2,0.09641350681989504,0.0032284459002319193,-0.02829013366740818,0.00010975143994396411,-0.0008518333617772329,0.00042197945597579576,right-invariant board-normalized SE(3) log
E2,ihawk2,25.0,within_pose,20260808_151001,marker_2,3,-0.11413658225060547,0.03767570319487556,0.10410654879925828,0.0007305734493286748,0.0007937066629234503,5.4306066918052904e-05,right-invariant board-normalized SE(3) log
E2,ihawk2,25.0,within_pose,20260808_162715,marker_2,1,0.09086148247228303,-0.0230892012766971,0.03821369939188396,0.0006345067719177984,-0.00018729319582713044,-0.00023258073741316195,right-invariant board-normalized SE(3) log
E2,ihawk2,25.0,within_pose,20260808_162715,marker_2,2,0.11864680537150403,-0.016062398547102237,0.027102762236658515,-4.325121901900645e-05,-0.001357073913579646,0.00015173075070300983,right-invariant board-normalized SE(3) log
E2,ihawk2,25.0,within_pose,20260808_162715,marker_2,3,-0.20950828784380113,0.03915159982378889,-0.06531646162848345,-0.0005912555529512218,0.0015443671095852008,8.084998671320338e-05,right-invariant board-normalized SE(3) log
E2,ihawk2,25.0,within_pose,20260808_131913,marker_3,1,0.128561404067862,-0.059991903039950355,-0.21155831113410975,-0.0006153683562203909,-0.0004106738561719506,0.0002888500269856454,right-invariant board-normalized SE(3) log
E2,ihawk2,25.0,within_pose,20260808_131913,marker_3,2,-0.03624417841127321,0.013331626698687671,0.00633792273140397,0.00012055803970368983,-0.0006356635526031311,-1.4250407408171148e-05,right-invariant board-normalized SE(3) log
E2,ihawk2,25.0,within_pose,20260808_131913,marker_3,3,-0.09231722565666653,0.04666027634125721,0.20522038840266357,0.0004948103164509568,0.0010463374081284493,-0.0002745996195109787,right-invariant board-normalized SE(3) log
E2,ihawk2,25.0,within_pose,20260808_141232,marker_3,1,-0.19106667263577273,-0.026781112392699372,0.1003465260357571,-0.00040622071281266674,0.000565442328091798,0.000422636627342488,right-invariant board-normalized SE(3) log
E2,ihawk2,25.0,within_pose,20260808_141232,marker_3,2,-0.27239568017926497,0.02140545876138223,0.20295456505212525,-0.0006001032164570883,0.0011454292846341087,5.2271739999852405e-05,right-invariant board-normalized SE(3) log
E2,ihawk2,25.0,within_pose,20260808_141232,marker_3,3,0.46346235281515547,0.005375653631307968,-0.30330109108789083,0.0010063239292167128,-0.001710871612638363,-0.00047490836731240636,right-invariant board-normalized SE(3) log
E2,ihawk2,25.0,within_pose,20260808_145501,marker_3,1,0.06187941816779787,-0.010342358195556725,-0.0753049196852579,-0.00011900066914851785,-0.00048785490901149246,-8.768737508311401e-05,right-invariant board-normalized SE(3) log
E2,ihawk2,25.0,within_pose,20260808_145501,marker_3,2,0.032008636821694025,-0.04214794515155818,-0.09530210609052824,-0.00020390868681057335,-0.0002817850047210273,0.00032127435641480053,right-invariant board-normalized SE(3) log
E2,ihawk2,25.0,within_pose,20260808_145501,marker_3,3,-0.09388805498957162,0.052490303347124276,0.17060702577571799,0.00032290935599839967,0.0007696399138290644,-0.00023358698135770548,right-invariant board-normalized SE(3) log
E2,ihawk2,25.0,within_pose,20260808_151001,marker_3,1,0.14132262483377603,-0.025491797739906313,-0.0987943633651853,0.0002967390518548031,-0.0002482883386102403,0.0002380064393674706,right-invariant board-normalized SE(3) log
E2,ihawk2,25.0,within_pose,20260808_151001,marker_3,2,0.021920514274581974,0.11322007887183853,0.06440508325138662,-0.0006714498994278208,0.0003611479605279621,-0.0015454858197460964,right-invariant board-normalized SE(3) log
E2,ihawk2,25.0,within_pose,20260808_151001,marker_3,3,-0.1632431391083913,-0.08772828113196347,0.03438928011374407,0.000374710847846237,-0.00011285962215143299,0.0013074793805723608,right-invariant board-normalized SE(3) log
E2,ihawk2,25.0,within_pose,20260808_162715,marker_3,1,-0.17473878018288566,0.06935319370444497,0.24660945119646435,0.0003112720337031512,0.0009406604798878766,-0.00044403127826185714,right-invariant board-normalized SE(3) log
E2,ihawk2,25.0,within_pose,20260808_162715,marker_3,2,0.028645258672375783,-0.03615602631070997,-0.022853538718935442,0.0006471369650489713,-0.0005881114463644439,0.0005468231938665092,right-invariant board-normalized SE(3) log
E2,ihawk2,25.0,within_pose,20260808_162715,marker_3,3,0.14609352151072844,-0.033197167393752836,-0.22375591247751145,-0.0009584089985835808,-0.0003525490334847111,-0.0001027919155730669,right-invariant board-normalized SE(3) log
E2,ihawk2,25.0,within_pose,20260808_131913,marker_4,1,0.13132726051453456,0.009027430695947516,-0.09499258938082665,0.00039125812723958916,-0.000565285672415234,0.0001984302087283631,right-invariant board-normalized SE(3) log
E2,ihawk2,25.0,within_pose,20260808_131913,marker_4,2,-0.10958048140702492,0.005647141914857885,0.09346997143751407,0.00023453020829444245,0.00019697573021788814,1.942902494760026e-05,right-invariant board-normalized SE(3) log
E2,ihawk2,25.0,within_pose,20260808_131913,marker_4,3,-0.021746779107377972,-0.014674572610811901,0.0015226179433282896,-0.0006257883354946662,0.00036830994236878553,-0.00021785923369839027,right-invariant board-normalized SE(3) log
E2,ihawk2,25.0,within_pose,20260808_141232,marker_4,1,-0.0507275395449008,-0.015319913470207055,0.033290180735853325,-0.0004491124781093752,0.00034066293078212454,-0.00010197775369164248,right-invariant board-normalized SE(3) log
E2,ihawk2,25.0,within_pose,20260808_141232,marker_4,2,0.0990729340434686,0.013153839316526228,-0.06823519669320907,0.000134683139689506,-0.0006869360438343547,-0.00035023885078114703,right-invariant board-normalized SE(3) log
E2,ihawk2,25.0,within_pose,20260808_141232,marker_4,3,-0.04834539449858741,0.002166074153700591,0.03494501595735549,0.00031442933825004497,0.00034627311332971353,0.00045221660453105496,right-invariant board-normalized SE(3) log
E2,ihawk2,25.0,within_pose,20260808_145501,marker_4,1,-0.3451609941718211,0.002756315321016134,0.2665134501655028,6.056560149508166e-05,0.0006655049552536411,0.0003711847200003767,right-invariant board-normalized SE(3) log
E2,ihawk2,25.0,within_pose,20260808_145501,marker_4,2,0.3574586715030467,-0.012362570500427925,-0.27521485231190546,-0.000551250772969276,-0.0008101358836025118,-0.0009594933843033362,right-invariant board-normalized SE(3) log
E2,ihawk2,25.0,within_pose,20260808_145501,marker_4,3,-0.012297677331075552,0.009606255179418474,0.008701402146295521,0.0004906851713936325,0.00014463092803517562,0.0005883086640727275,right-invariant board-normalized SE(3) log
E2,ihawk2,25.0,within_pose,20260808_151001,marker_4,1,0.01021354559421271,-0.0013676846644463455,-0.008996712257925223,-3.338437251047503e-05,0.00014870623149312694,-0.00014951811194378883,right-invariant board-normalized SE(3) log
E2,ihawk2,25.0,within_pose,20260808_151001,marker_4,2,0.02869919616305075,-0.00860788269513217,-0.025523208164168067,-0.00025510098858635814,-0.00025800079862313196,3.61167053764822e-05,right-invariant board-normalized SE(3) log
E2,ihawk2,25.0,within_pose,20260808_151001,marker_4,3,-0.038912741757305774,0.009975567359612135,0.034519920422053936,0.0002884853610571714,0.00010929456711584227,0.00011340140655098532,right-invariant board-normalized SE(3) log
E2,ihawk2,25.0,within_pose,20260808_162715,marker_4,1,0.19373054758260602,0.0220181399919266,-0.1368335101385335,0.00011163078498014954,-0.0006273121249895841,0.0002466185654748303,right-invariant board-normalized SE(3) log
E2,ihawk2,25.0,within_pose,20260808_162715,marker_4,2,-0.2471824222098812,-0.00657911840467661,0.19614420864861712,0.00033637936725263026,0.0003959313553387978,-0.0001734505396162971,right-invariant board-normalized SE(3) log
E2,ihawk2,25.0,within_pose,20260808_162715,marker_4,3,0.053451874627469545,-0.01543902158721296,-0.05931069851008317,-0.00044801015288504446,0.00023138077015874868,-7.316802603365009e-05,right-invariant board-normalized SE(3) log
E2,ihawk2,25.0,between_run,20260808_131913,all_poses,,0.05601892553776136,-1.5329106098355105,0.009843953220032895,-0.0019854459691817828,-0.002938886297807624,0.004571886704786739,right-invariant board-normalized SE(3) log
E2,ihawk2,25.0,between_run,20260808_141232,all_poses,,0.30716201523339837,3.0990753449274573,0.7520909109446421,0.0013402355978000887,0.002741607560651628,-0.00017717035586506695,right-invariant board-normalized SE(3) log
E2,ihawk2,25.0,between_run,20260808_145501,all_poses,,1.7109948371580046,-0.004343578936722689,-0.24052981267350007,0.0007672906252692803,0.001289568000834795,-0.001906620736321887,right-invariant board-normalized SE(3) log
E2,ihawk2,25.0,between_run,20260808_151001,all_poses,,-2.222594216206398,-0.5388458792942811,-1.469068254594714,-0.0018854153009429475,0.00160296996176417,-0.004378864629801783,right-invariant board-normalized SE(3) log
E2,ihawk2,25.0,between_run,20260808_162715,all_poses,,0.14841843827706794,-1.0229752768608646,0.9476632031034592,0.0017633350471309823,-0.0026952592254449728,0.001890769017255941,right-invariant board-normalized SE(3) log
E2,ihawk2,25.0,cross_pose,20260808_131913,marker_0,,10.861955445699966,-7.530287544081016,-1.9986700751326998,0.02907704787964902,0.011787856509401402,0.007046916552867263,right-invariant board-normalized SE(3) log
E2,ihawk2,25.0,cross_pose,20260808_141232,marker_0,,12.501069698091921,-7.376854353548273,-3.9512041442528156,0.021385124869958916,0.0065425298983944535,0.003732230887501211,right-invariant board-normalized SE(3) log
E2,ihawk2,25.0,cross_pose,20260808_145501,marker_0,,10.896188015826908,-7.548413394779064,-4.312684922337213,0.026328134698148063,0.022696864486636117,0.0046604505986930726,right-invariant board-normalized SE(3) log
E2,ihawk2,25.0,cross_pose,20260808_151001,marker_0,,10.774009240774001,-7.9227694828135675,-3.1998044758879325,0.03021012362462217,0.0135851521046291,0.00474469606828232,right-invariant board-normalized SE(3) log
E2,ihawk2,25.0,cross_pose,20260808_162715,marker_0,,11.486477100682071,-7.464567854161337,-3.623769998868016,0.027091003672061086,0.011177396395426894,0.0026317009301648374,right-invariant board-normalized SE(3) log
E2,ihawk2,25.0,cross_pose,20260808_131913,marker_1,,-9.82460523101614,-8.544736731327971,1.2505421814455795,0.013091151104996201,-0.018794739760400022,-0.0005106315943922238,right-invariant board-normalized SE(3) log
E2,ihawk2,25.0,cross_pose,20260808_141232,marker_1,,-9.260000212538577,-8.813717163127574,1.124670613981005,0.007408193387361015,-0.017066530149688824,-0.0004997801624428631,right-invariant board-normalized SE(3) log
E2,ihawk2,25.0,cross_pose,20260808_145501,marker_1,,-9.931434596249488,-8.807004329516765,1.7861255706833665,0.007564193222679764,-0.0158317150417788,0.001781183295846501,right-invariant board-normalized SE(3) log
E2,ihawk2,25.0,cross_pose,20260808_151001,marker_1,,-9.177423139069555,-8.400549688026693,1.348991748280798,0.007769709199892035,-0.024563420832398368,-0.00018488446845184777,right-invariant board-normalized SE(3) log
E2,ihawk2,25.0,cross_pose,20260808_162715,marker_1,,-10.501837512717618,-8.794153428567363,2.0060361633661614,0.005795782497462722,-0.014797594076146468,-0.0015399812732298291,right-invariant board-normalized SE(3) log
E2,ihawk2,25.0,cross_pose,20260808_131913,marker_2,,9.660545889273227,7.666523980208724,-2.4432021291208494,-0.030375151248250677,0.01310842343124718,-0.005387611750100692,right-invariant board-normalized SE(3) log
E2,ihawk2,25.0,cross_pose,20260808_141232,marker_2,,8.919624216825563,8.02522804951401,-1.5082920235153168,-0.01796659352268396,0.024753029534492786,-0.005993176597621689,right-invariant board-normalized SE(3) log
E2,ihawk2,25.0,cross_pose,20260808_145501,marker_2,,10.547581954390267,7.948246826700019,-1.3624169849625534,-0.01764589398930313,0.0027323633435329107,-0.0031424850677833176,right-invariant board-normalized SE(3) log
E2,ihawk2,25.0,cross_pose,20260808_151001,marker_2,,9.531380169742787,7.629857451387274,-3.4741638066066227,-0.030565807281500157,0.029180285890513084,-0.004000393165452778,right-invariant board-normalized SE(3) log
E2,ihawk2,25.0,cross_pose,20260808_162715,marker_2,,9.211442573023046,8.34150297322036,-0.7647328788704242,-0.014266515502656622,0.017358606554232554,-0.001338625204129163,right-invariant board-normalized SE(3) log
E2,ihawk2,25.0,cross_pose,20260808_131913,marker_3,,-10.400419899214416,8.33824394600733,0.9777778137761564,-0.01733659758389538,-0.009438000602954227,-0.00023840999598736555,right-invariant board-normalized SE(3) log
E2,ihawk2,25.0,cross_pose,20260808_141232,marker_3,,-10.75097896522853,8.42172861661097,1.4585037170031379,-0.013368121752418095,-0.02105837993348092,-0.0011237145674113445,right-invariant board-normalized SE(3) log
E2,ihawk2,25.0,cross_pose,20260808_145501,marker_3,,-10.286803027190702,8.50322410196498,1.3044191957644298,-0.017265312796067148,-0.01731721805379394,-0.002490090809770115,right-invariant board-normalized SE(3) log
E2,ihawk2,25.0,cross_pose,20260808_151001,marker_3,,-11.388215012985194,8.83508100326758,3.150480365537164,-0.011858964987961464,-0.013331423154310785,-0.0005749175935468182,right-invariant board-normalized SE(3) log
E2,ihawk2,25.0,cross_pose,20260808_162715,marker_3,,-9.594191285044186,8.198491347889624,0.35737554993299686,-0.014034467041606066,-0.02159360290131734,0.00113452992328723,right-invariant board-normalized SE(3) log
E2,ihawk2,25.0,cross_pose,20260808_131913,marker_4,,-0.29747620474264663,0.07025634919296779,2.2135522090319575,0.005543549847506467,0.003336460422698479,-0.00091026321238726,right-invariant board-normalized SE(3) log
E2,ihawk2,25.0,cross_pose,20260808_141232,marker_4,,-1.4097147371501817,-0.25638514944916907,2.876321836783638,0.0025413970177783464,0.006829350650296328,0.0038844404399738046,right-invariant board-normalized SE(3) log
E2,ihawk2,25.0,cross_pose,20260808_145501,marker_4,,-1.225532346776822,-0.09605320436913321,2.584557140852051,0.0010188788645469917,0.007719705265416659,-0.0008090580169854013,right-invariant board-normalized SE(3) log
E2,ihawk2,25.0,cross_pose,20260808_151001,marker_4,,0.2602487415379384,-0.14161928381461436,2.1744961686764164,0.004444939444949219,-0.0048705940084284634,1.5499159169731417e-05,right-invariant board-normalized SE(3) log
E2,ihawk2,25.0,cross_pose,20260808_162715,marker_4,,-0.6018908759432996,-0.2812730383813111,2.0250911644390146,-0.004585803625265433,0.007855194027834,-0.0008876243760936325,right-invariant board-normalized SE(3) log
E2,ihawk2,30.0,within_pose,20260808_131913,marker_0,1,-0.11746015081908441,-0.02477436563810558,0.06948370262363907,-0.0005188933205848958,0.0011617284137210196,0.00022199850760054842,right-invariant board-normalized SE(3) log
E2,ihawk2,30.0,within_pose,20260808_131913,marker_0,2,0.1607570588056858,0.039862438742286496,-0.03444624379397521,0.00022246467011617654,-0.0013723887089582797,-0.000153466545883677,right-invariant board-normalized SE(3) log
E2,ihawk2,30.0,within_pose,20260808_131913,marker_0,3,-0.043296907986691766,-0.01508807310417256,-0.03503745882959437,0.00029642865020099596,0.00021066029501746992,-6.853196165693858e-05,right-invariant board-normalized SE(3) log
E2,ihawk2,30.0,within_pose,20260808_141232,marker_0,1,0.10859544952836603,0.0961630859156915,-0.22933042636952303,0.0006892368371012948,0.0007202475361138749,0.0005140052007266338,right-invariant board-normalized SE(3) log
E2,ihawk2,30.0,within_pose,20260808_141232,marker_0,2,0.027435834891346177,0.005716895755114125,-0.0831351542387538,0.0003254617858411974,-7.134581971375682e-05,-0.00016290416411444343,right-invariant board-normalized SE(3) log
E2,ihawk2,30.0,within_pose,20260808_141232,marker_0,3,-0.13603128441973245,-0.10187998167078764,0.3124655806083742,-0.0010146986232758314,-0.0006489017163360571,-0.0003511010364542232,right-invariant board-normalized SE(3) log
E2,ihawk2,30.0,within_pose,20260808_145501,marker_0,1,-0.1685311318485686,-0.08985423325218408,0.26256656778497894,-0.0007811113306299911,-2.5510519314259443e-06,-0.00013910841644085753,right-invariant board-normalized SE(3) log
E2,ihawk2,30.0,within_pose,20260808_145501,marker_0,2,0.13529448209387307,0.08251876964547332,-0.2469894271504237,0.0008002424913244894,0.0001164165880067959,0.0001149380517419105,right-invariant board-normalized SE(3) log
E2,ihawk2,30.0,within_pose,20260808_145501,marker_0,3,0.033236649754853555,0.007335463606714335,-0.015577140634575435,-1.9131160974005705e-05,-0.00011386553656058266,2.4170364766536987e-05,right-invariant board-normalized SE(3) log
E2,ihawk2,30.0,within_pose,20260808_151001,marker_0,1,0.2822816531497236,-0.05141284647029235,-0.10781792721015321,-0.0012502585256731669,-0.0018706472468249331,-0.00167892080807424,right-invariant board-normalized SE(3) log
E2,ihawk2,30.0,within_pose,20260808_151001,marker_0,2,-0.053791221935923936,0.03384219358284665,0.059676158584036285,0.00016559710945408514,0.0004901316448583436,0.0008036695320978856,right-invariant board-normalized SE(3) log
E2,ihawk2,30.0,within_pose,20260808_151001,marker_0,3,-0.2284904312136101,0.01757065288744938,0.04814176862621155,0.0010846614161304402,0.0013805156018532718,0.0008752512759035814,right-invariant board-normalized SE(3) log
E2,ihawk2,30.0,within_pose,20260808_162715,marker_0,1,0.25163736548808585,0.14910640755977464,-0.16292677937008052,0.0008954096387218785,-0.000622265624677493,0.0010694784380626313,right-invariant board-normalized SE(3) log
E2,ihawk2,30.0,within_pose,20260808_162715,marker_0,2,-0.4207596803759187,-0.15049753650965073,0.2145231352090567,-8.17846006730271e-05,0.0012523930941663235,-0.0007324118701883394,right-invariant board-normalized SE(3) log
E2,ihawk2,30.0,within_pose,20260808_162715,marker_0,3,0.16912231488780435,0.0013911289499002957,-0.05159635583885791,-0.0008136250381985307,-0.0006301274694897873,-0.00033706656799736454,right-invariant board-normalized SE(3) log
E2,ihawk2,30.0,within_pose,20260808_131913,marker_1,1,-0.04750223735113355,-0.007470209011075638,-0.006849099002379272,4.927544782471693e-05,-0.0003927300500080471,-0.00017800312887789334,right-invariant board-normalized SE(3) log
E2,ihawk2,30.0,within_pose,20260808_131913,marker_1,2,-0.21067622821255752,-0.09489008739830672,0.2418802866096625,-0.00038997850723250516,0.00041024406631570123,0.0003501653394856781,right-invariant board-normalized SE(3) log
E2,ihawk2,30.0,within_pose,20260808_131913,marker_1,3,0.25817846556377516,0.10236029640938385,-0.2350311876072472,0.00034070305944678276,-1.7514016010180735e-05,-0.0001721622105099915,right-invariant board-normalized SE(3) log
E2,ihawk2,30.0,within_pose,20260808_141232,marker_1,1,0.27358131135527075,0.016232655770336654,-0.22286741168527288,0.00020457795919281996,-0.0007352462174231585,0.0004276031947136766,right-invariant board-normalized SE(3) log
E2,ihawk2,30.0,within_pose,20260808_141232,marker_1,2,-0.24834533555746863,-0.03539115216235547,0.1821054827154673,0.0009094243312732308,0.0016792298121128559,0.00016175623729217713,right-invariant board-normalized SE(3) log
E2,ihawk2,30.0,within_pose,20260808_141232,marker_1,3,-0.025235975797816446,0.01915849639205686,0.0407619289699329,-0.0011140022903769107,-0.0009439835943365283,-0.0005893594320562996,right-invariant board-normalized SE(3) log
E2,ihawk2,30.0,within_pose,20260808_145501,marker_1,1,0.026600462926020776,0.12914264963895478,-0.10865807162978572,4.438848213079725e-05,-0.00010944525578270354,-0.0008802876481366759,right-invariant board-normalized SE(3) log
E2,ihawk2,30.0,within_pose,20260808_145501,marker_1,2,-0.21042956461770315,-0.07474496988484294,0.18194917197842644,0.0004968185541454147,0.0008302488050027469,0.0002747813347819749,right-invariant board-normalized SE(3) log
E2,ihawk2,30.0,within_pose,20260808_145501,marker_1,3,0.18382910169150754,-0.05439767975411006,-0.07329110034877599,-0.000541207036369505,-0.0007208035493501747,0.0006055063134299292,right-invariant board-normalized SE(3) log
E2,ihawk2,30.0,within_pose,20260808_151001,marker_1,1,0.006246518347763276,0.0032762627780069005,0.008815040393594896,-0.00023463295675466025,-0.00018018956344539392,-8.57630535970089e-05,right-invariant board-normalized SE(3) log
E2,ihawk2,30.0,within_pose,20260808_151001,marker_1,2,-0.12352108429092735,0.030925093544888812,-0.06367679604848538,0.0015475971499845636,0.0012534316262954007,2.039441945136094e-05,right-invariant board-normalized SE(3) log
E2,ihawk2,30.0,within_pose,20260808_151001,marker_1,3,0.11727456594300789,-0.034201356322897836,0.05486175565498886,-0.0013129641931370548,-0.001073242062775031,6.53686341479546e-05,right-invariant board-normalized SE(3) log
E2,ihawk2,30.0,within_pose,20260808_162715,marker_1,1,0.11753952013176991,0.0673038003818308,-0.15216449660004644,0.00011320024778077157,-0.000528562696968142,-0.000322120707765328,right-invariant board-normalized SE(3) log
E2,ihawk2,30.0,within_pose,20260808_162715,marker_1,2,-0.09556620954419316,-0.06820645511755391,0.14053362112733886,-6.595760961342394e-05,0.0005739009832263028,0.00045844391615610974,right-invariant board-normalized SE(3) log
E2,ihawk2,30.0,within_pose,20260808_162715,marker_1,3,-0.021973310587564007,0.0009026547357171865,0.011630875472695507,-4.724263812995034e-05,-4.5338286673147343e-05,-0.00013632320874188612,right-invariant board-normalized SE(3) log
E2,ihawk2,30.0,within_pose,20260808_131913,marker_2,1,0.09450919663940745,-0.05259206918755114,-0.1308319170891868,-0.0006997367149614355,1.6872711547974442e-07,-0.00022019575799624226,right-invariant board-normalized SE(3) log
E2,ihawk2,30.0,within_pose,20260808_131913,marker_2,2,-0.08060137367926426,0.04079876826007838,0.08250131368519707,0.000569822200482626,0.0002456788570872128,0.00023774430953902946,right-invariant board-normalized SE(3) log
E2,ihawk2,30.0,within_pose,20260808_131913,marker_2,3,-0.013907822960043325,0.011793300927485468,0.048330603404068036,0.0001299145148274391,-0.0002458475847227541,-1.75485515566751e-05,right-invariant board-normalized SE(3) log
E2,ihawk2,30.0,within_pose,20260808_141232,marker_2,1,0.09303328941442755,-0.023157055884255585,-0.05711872757158262,0.00019242229074084612,-7.1420168436614e-05,-1.4445886720712545e-05,right-invariant board-normalized SE(3) log
E2,ihawk2,30.0,within_pose,20260808_141232,marker_2,2,-0.058762086418951115,0.004099667883077226,0.02632422568120274,-0.000327460579004833,-1.5391012202419402e-05,-0.00011484180010176154,right-invariant board-normalized SE(3) log
E2,ihawk2,30.0,within_pose,20260808_141232,marker_2,3,-0.034271202995563986,0.019057388001194112,0.030794501890505966,0.0001350382877968309,8.681118069718076e-05,0.00012928768674019624,right-invariant board-normalized SE(3) log
E2,ihawk2,30.0,within_pose,20260808_145501,marker_2,1,-0.010980243284501291,0.015065751379939363,-0.026130436634077152,-5.536101473829416e-05,-0.0004803202023749146,0.0005503748876238854,right-invariant board-normalized SE(3) log
E2,ihawk2,30.0,within_pose,20260808_145501,marker_2,2,0.09036069156785129,-0.0434901345319592,-0.10545752500780274,-0.000145263062560006,0.0004399870238552432,-0.00028784365538547877,right-invariant board-normalized SE(3) log
E2,ihawk2,30.0,within_pose,20260808_145501,marker_2,3,-0.079380448283212,0.028424383152027607,0.13158796164165978,0.00020062407753035228,4.0333178443961527e-05,-0.0002625312324173722,right-invariant board-normalized SE(3) log
E2,ihawk2,30.0,within_pose,20260808_151001,marker_2,1,-0.07478008557554419,0.0062329569444600245,-0.015114148514460737,-0.00030029372538018293,0.00047212394533889437,5.394930788958248e-05,right-invariant board-normalized SE(3) log
E2,ihawk2,30.0,within_pose,20260808_151001,marker_2,2,0.03524774521794791,0.005094175618723119,0.009098628637926213,0.00023933114068176028,-0.0002301099998118359,5.6882022047763255e-05,right-invariant board-normalized SE(3) log
E2,ihawk2,30.0,within_pose,20260808_151001,marker_2,3,0.0395323403575154,-0.01132713256321914,0.006015519876633284,6.096258454166784e-05,-0.0002420139451373925,-0.00011083132981127842,right-invariant board-normalized SE(3) log
E2,ihawk2,30.0,within_pose,20260808_162715,marker_2,1,-0.09215003713009375,0.09872284509664568,0.16798266139720008,0.0011150837122601135,-0.00022025693571021287,0.0007573267048670608,right-invariant board-normalized SE(3) log
E2,ihawk2,30.0,within_pose,20260808_162715,marker_2,2,0.19160870900356053,-0.09780489697302694,-0.2744071643603608,-0.0009114277328442221,1.7126200471780064e-05,-0.0003210179688190899,right-invariant board-normalized SE(3) log
E2,ihawk2,30.0,within_pose,20260808_162715,marker_2,3,-0.09945867187352529,-0.0009179481236115426,0.10642450296305205,-0.00020365597955958754,0.0002031307352114099,-0.0004363087360439783,right-invariant board-normalized SE(3) log
E2,ihawk2,30.0,within_pose,20260808_131913,marker_3,1,0.30055358371521407,-0.059045769557832695,-0.23679068311276982,-0.0002086584502636729,0.00044090281368552734,4.947253137324324e-05,right-invariant board-normalized SE(3) log
E2,ihawk2,30.0,within_pose,20260808_131913,marker_3,2,-0.35972949975018287,0.08177499021530535,0.30269779156710613,0.00014314616865416808,-5.342148224778561e-05,-0.0002990721048178583,right-invariant board-normalized SE(3) log
E2,ihawk2,30.0,within_pose,20260808_131913,marker_3,3,0.05917591603492249,-0.022729220657489974,-0.06590710845438846,6.55122818388885e-05,-0.00038748133129968735,0.0002495995727272259,right-invariant board-normalized SE(3) log
E2,ihawk2,30.0,within_pose,20260808_141232,marker_3,1,19.87613272897805,-1.22008456600757,-15.36348008568332,-0.014586568025553635,-0.025753591237102174,-0.02285134005854504,right-invariant board-normalized SE(3) log
E2,ihawk2,30.0,within_pose,20260808_141232,marker_3,2,-9.822776620428728,0.5567840147715587,7.630399179462825,0.007839207429318562,0.012776418152026153,0.011879380939770074,right-invariant board-normalized SE(3) log
E2,ihawk2,30.0,within_pose,20260808_141232,marker_3,3,-10.053356108549268,0.6633005512360091,7.733080906220628,0.0067473605962317185,0.012977173085070088,0.010971959118769714,right-invariant board-normalized SE(3) log
E2,ihawk2,30.0,within_pose,20260808_145501,marker_3,1,0.10820672893745953,-0.010725178192071716,-0.0735885891019169,-0.00014985564290108773,8.253452085905155e-05,-0.0001687622662342871,right-invariant board-normalized SE(3) log
E2,ihawk2,30.0,within_pose,20260808_145501,marker_3,2,0.09138827069849399,-0.021503024285189475,-0.09401959980459204,-0.00010392751134341842,-0.0003747578931972475,1.993811869486128e-05,right-invariant board-normalized SE(3) log
E2,ihawk2,30.0,within_pose,20260808_145501,marker_3,3,-0.19959499963602176,0.03222820247721563,0.16760818890654516,0.00025378315450645656,0.00029222337212805833,0.00014882414785530654,right-invariant board-normalized SE(3) log
E2,ihawk2,30.0,within_pose,20260808_151001,marker_3,1,0.07135798372221508,-0.012179026303548446,-0.038421735287152,0.00010085957372357787,-9.922104786949258e-05,6.970493946520522e-06,right-invariant board-normalized SE(3) log
E2,ihawk2,30.0,within_pose,20260808_151001,marker_3,2,0.19703214071560735,0.012918357075873566,-0.10062999206829376,0.00030001185591823666,-0.0007319857579182765,-0.0005287679958086712,right-invariant board-normalized SE(3) log
E2,ihawk2,30.0,within_pose,20260808_151001,marker_3,3,-0.26839012443787047,-0.0007393307723479275,0.13905172735529367,-0.000400871429777435,0.0008312068060075825,0.0005217975019614668,right-invariant board-normalized SE(3) log
E2,ihawk2,30.0,within_pose,20260808_162715,marker_3,1,-0.13148195988740685,-0.0337698463388206,0.004620792384348768,0.00013593738519408625,-0.000720058157621295,0.000641258092296121,right-invariant board-normalized SE(3) log
E2,ihawk2,30.0,within_pose,20260808_162715,marker_3,2,0.04877935544737661,0.0837122954041891,0.14269391447253155,0.0005316386793370026,0.0008098687531309778,-0.0007401576044934672,right-invariant board-normalized SE(3) log
E2,ihawk2,30.0,within_pose,20260808_162715,marker_3,3,0.08270260444009603,-0.04994244906534614,-0.14731470685678838,-0.0006675760646048398,-8.981059557016524e-05,9.889951225353355e-05,right-invariant board-normalized SE(3) log
E2,ihawk2,30.0,within_pose,20260808_131913,marker_4,1,0.006466055315876052,0.005891513877473521,-0.010754321817767929,0.0005605834447690093,-0.00021737727411902326,-0.0004616920900799723,right-invariant board-normalized SE(3) log
E2,ihawk2,30.0,within_pose,20260808_131913,marker_4,2,0.22534033985747443,0.027342643844675434,-0.17207109396406886,1.1897470100087169e-05,-0.00022670685107564043,0.0005709245414328888,right-invariant board-normalized SE(3) log
E2,ihawk2,30.0,within_pose,20260808_131913,marker_4,3,-0.23180639517324272,-0.033234157722153435,0.18282541578189027,-0.0005724809150445798,0.00044408412526722235,-0.00010923245122015965,right-invariant board-normalized SE(3) log
E2,ihawk2,30.0,within_pose,20260808_141232,marker_4,1,0.06792518760062631,0.0023012489300145746,-0.037357543920016764,0.00010929098095682732,-0.00018989978240966716,-0.00024307230366149866,right-invariant board-normalized SE(3) log
E2,ihawk2,30.0,within_pose,20260808_141232,marker_4,2,-0.10560344257111295,-0.010912199333609844,0.06201921402120776,0.00018824819418750317,0.0005573516277123952,-4.878086840154923e-06,right-invariant board-normalized SE(3) log
E2,ihawk2,30.0,within_pose,20260808_141232,marker_4,3,0.037678254970523344,0.008610950403603636,-0.02466167010124814,-0.00029753917514907356,-0.00036745184509688714,0.00024795039060461065,right-invariant board-normalized SE(3) log
E2,ihawk2,30.0,within_pose,20260808_145501,marker_4,1,-0.34260580887172776,-0.026245522102738804,0.2713121602857025,0.00010638395084797418,0.0006972894653851242,0.0002706020254797594,right-invariant board-normalized SE(3) log
E2,ihawk2,30.0,within_pose,20260808_145501,marker_4,2,0.12177872478506202,0.029049144329207674,-0.09996609056743189,0.00024239209001114035,-0.00016225401418186732,-0.0003309788055390357,right-invariant board-normalized SE(3) log
E2,ihawk2,30.0,within_pose,20260808_145501,marker_4,3,0.2208270840867057,-0.002803622226444888,-0.17134606971817157,-0.0003487760408232869,-0.0005350354513984513,6.0376779917641936e-05,right-invariant board-normalized SE(3) log
E2,ihawk2,30.0,within_pose,20260808_151001,marker_4,1,-0.04337154470605345,-0.0030041649367628194,0.019995571988608764,-6.551779951093417e-05,0.00010540959553447962,9.052551260632772e-05,right-invariant board-normalized SE(3) log
E2,ihawk2,30.0,within_pose,20260808_151001,marker_4,2,0.028850765844010466,-0.00079350495656456,-0.008752697028332862,5.6825414909024664e-05,2.7407662965218727e-05,-0.00028835844942860133,right-invariant board-normalized SE(3) log
E2,ihawk2,30.0,within_pose,20260808_151001,marker_4,3,0.014520778861921305,0.003797669893348012,-0.011242874960309554,8.692384116824534e-06,-0.0001328172576315913,0.00019783293733768582,right-invariant board-normalized SE(3) log
E2,ihawk2,30.0,within_pose,20260808_162715,marker_4,1,0.1682235305673423,-0.0017472445164205864,-0.13069977316876574,-0.0002174687624285027,-2.8871617853671415e-05,0.00044151927117214667,right-invariant board-normalized SE(3) log
E2,ihawk2,30.0,within_pose,20260808_162715,marker_4,2,-0.15200253150501258,0.0026688117875388324,0.12604201151493605,0.00018698571550797695,7.154914363004967e-06,-0.00010160628663053932,right-invariant board-normalized SE(3) log
E2,ihawk2,30.0,within_pose,20260808_162715,marker_4,3,-0.016220999062467413,-0.0009215672711043316,0.004657761653891553,3.048304668919189e-05,2.1716703466501827e-05,-0.0003399129841757968,right-invariant board-normalized SE(3) log
E2,ihawk2,30.0,between_run,20260808_131913,all_poses,,0.6929025150284396,-0.6466396717478085,-0.03436598267049914,-0.003950797672266109,0.0001259129941254299,0.002606978995424155,right-invariant board-normalized SE(3) log
E2,ihawk2,30.0,between_run,20260808_141232,all_poses,,-2.775170425196169,2.598435521944213,2.1473821313915993,0.0018789573822733036,0.0015919640625829937,-1.9458704246908335e-06,right-invariant board-normalized SE(3) log
E2,ihawk2,30.0,between_run,20260808_145501,all_poses,,0.33782082913400957,0.043681496582716195,-0.8563812548607518,0.0005687750282957253,0.0005246248802867428,-0.006741096545086467,right-invariant board-normalized SE(3) log
E2,ihawk2,30.0,between_run,20260808_151001,all_poses,,-1.0020540362173713,-1.0712828930733025,-0.8944171894422429,-0.0002892642079558564,0.001501948296829129,-7.594763266608791e-06,right-invariant board-normalized SE(3) log
E2,ihawk2,30.0,between_run,20260808_162715,all_poses,,2.7465011172511735,-0.9241944537058404,-0.3622177044181387,0.0017923294695785317,-0.003744450233686279,0.00414365818339391,right-invariant board-normalized SE(3) log
E2,ihawk2,30.0,cross_pose,20260808_131913,marker_0,,11.208255088153393,-7.878699605977154,-2.0324128184055694,0.023282786686991574,0.0024981690385892014,0.003123455368659496,right-invariant board-normalized SE(3) log
E2,ihawk2,30.0,cross_pose,20260808_141232,marker_0,,14.680480336882413,-8.347913978271789,-4.702379324814056,0.017726352732041893,0.0013706766318707434,-0.0011290678600171032,right-invariant board-normalized SE(3) log
E2,ihawk2,30.0,cross_pose,20260808_145501,marker_0,,11.034987531311957,-7.433262948766314,-4.560534235005534,0.031270882582578374,0.01890850602110043,0.004159364984857266,right-invariant board-normalized SE(3) log
E2,ihawk2,30.0,cross_pose,20260808_151001,marker_0,,10.235437805313873,-7.642443382982105,-2.809139839875028,0.025921149591353696,0.015382023419828883,0.008806277976209894,right-invariant board-normalized SE(3) log
E2,ihawk2,30.0,cross_pose,20260808_162715,marker_0,,11.55273946471084,-7.47423226974011,-3.531551268482321,0.027041060706497366,0.004843425347050632,0.0023212237647012345,right-invariant board-normalized SE(3) log
E2,ihawk2,30.0,cross_pose,20260808_131913,marker_1,,-9.59325364261744,-8.660925051883156,1.5037154953259007,0.006045596919571998,-0.011604217975742959,0.001251548096741195,right-invariant board-normalized SE(3) log
E2,ihawk2,30.0,cross_pose,20260808_141232,marker_1,,-5.794965235741204,-8.802826190588021,-2.1345730712778646,0.00819008296945789,-0.018951403348927014,-0.004193200759618923,right-invariant board-normalized SE(3) log
E2,ihawk2,30.0,cross_pose,20260808_145501,marker_1,,-8.97393833346221,-8.595857198706568,0.9573491339383301,0.0034421264859910237,-0.01791158023127319,-0.000269550642804402,right-invariant board-normalized SE(3) log
E2,ihawk2,30.0,cross_pose,20260808_151001,marker_1,,-9.642190095918576,-8.620896774923999,0.9620193623126843,0.006646449355566339,-0.022857574829865387,-0.00037362431067006636,right-invariant board-normalized SE(3) log
E2,ihawk2,30.0,cross_pose,20260808_162715,marker_1,,-11.242890182735202,-9.148540069243415,2.393307171846954,0.010840047759442405,-0.010115468948656323,0.003562544126992575,right-invariant board-normalized SE(3) log
E2,ihawk2,30.0,cross_pose,20260808_131913,marker_2,,8.558544757430289,8.046837593076063,-1.3543003726459888,-0.014633580149311922,0.01535757123899596,0.0008579898852401999,right-invariant board-normalized SE(3) log
E2,ihawk2,30.0,cross_pose,20260808_141232,marker_2,,12.384739446089096,8.158036671173996,-3.5079979299454984,-0.017076910764111622,0.019670628974824845,-0.007607733334014803,right-invariant board-normalized SE(3) log
E2,ihawk2,30.0,cross_pose,20260808_145501,marker_2,,9.410249626256705,7.899384353218211,-0.8854641728792539,-0.016618484753055492,0.015120136419491049,-0.0037193236424282695,right-invariant board-normalized SE(3) log
E2,ihawk2,30.0,cross_pose,20260808_151001,marker_2,,8.310508496153309,8.26539354916313,-0.8696352163679939,-0.015378368593634237,0.022204140542478924,-0.0029052633334097264,right-invariant board-normalized SE(3) log
E2,ihawk2,30.0,cross_pose,20260808_162715,marker_2,,7.980677213743217,8.46138912795467,-0.28719472466607415,-0.015397779405075378,0.02377232342841559,-0.0030180891361456207,right-invariant board-normalized SE(3) log
E2,ihawk2,30.0,cross_pose,20260808_131913,marker_3,,-10.598275580104389,8.561261122173363,0.8541356461282087,-0.020208164742765464,-0.0051711354734438365,-0.006381507602802972,right-invariant board-normalized SE(3) log
E2,ihawk2,30.0,cross_pose,20260808_141232,marker_3,,-24.7153575387868,9.35145733589265,11.203199636759669,-0.005611202054330533,-0.0012990271035971438,0.016534099836883615,right-invariant board-normalized SE(3) log
E2,ihawk2,30.0,cross_pose,20260808_145501,marker_3,,-10.561270538002999,8.480382823649023,1.8375858892063204,-0.013889618957120991,-0.016033082650246624,-0.0017731499898213073,right-invariant board-normalized SE(3) log
E2,ihawk2,30.0,cross_pose,20260808_151001,marker_3,,-8.918578279774467,8.314698005667676,1.006375792541186,-0.01200414525497251,-0.014618634413325398,-0.0026583663927408773,right-invariant board-normalized SE(3) log
E2,ihawk2,30.0,cross_pose,20260808_162715,marker_3,,-8.95555126331588,8.216649858490113,-0.19983784689401357,-0.019116210524764688,-0.013962356081278986,-0.0016840247040034468,right-invariant board-normalized SE(3) log
E2,ihawk2,30.0,cross_pose,20260808_131913,marker_4,,0.42472937713819736,-0.06847405738911654,1.0288620495974237,0.005513361285509488,-0.0010803868283977137,0.0011485142521612997,right-invariant board-normalized SE(3) log
E2,ihawk2,30.0,cross_pose,20260808_141232,marker_4,,3.4451029915564675,-0.35875383820665446,-0.8582493107221629,-0.0032283228830819184,-0.0007908751541593538,-0.0036040978832297603,right-invariant board-normalized SE(3) log
E2,ihawk2,30.0,cross_pose,20260808_145501,marker_4,,-0.9100282861035685,-0.3506470293943378,2.651063384740246,-0.004204905358353821,-8.39795590819417e-05,0.0016026592901824282,right-invariant board-normalized SE(3) log
E2,ihawk2,30.0,cross_pose,20260808_151001,marker_4,,0.014822074225893296,-0.3167513969247576,1.710379901388964,-0.005185085098356289,-0.00010995471911513762,-0.0028690239394080536,right-invariant board-normalized SE(3) log
E2,ihawk2,30.0,cross_pose,20260808_162715,marker_4,,0.665024767596758,-0.05526664746122651,1.6252766681955944,-0.0033671185360783858,-0.004537923745494915,-0.0011816540515383988,right-invariant board-normalized SE(3) log
E2,ihawk2,35.0,within_pose,20260808_131913,marker_0,1,0.35592902665033527,0.15968124144793372,-0.3275028682961582,0.0009600120723068385,-0.0005700966616563993,0.0004391936309107308,right-invariant board-normalized SE(3) log
E2,ihawk2,35.0,within_pose,20260808_131913,marker_0,2,-0.11257879229144195,-0.0961633187448441,0.1546266324547322,-0.0009863773382015402,3.3696573164867135e-05,-0.0006191987854476494,right-invariant board-normalized SE(3) log
E2,ihawk2,35.0,within_pose,20260808_131913,marker_0,3,-0.24335023435891948,-0.06351792270303154,0.17287623584145095,2.636526559482036e-05,0.0005364000886689486,0.00018000515439951274,right-invariant board-normalized SE(3) log
E2,ihawk2,35.0,within_pose,20260808_141232,marker_0,1,0.11907842778188013,0.07705738423020803,-0.05870211760006501,2.6173446622021845e-05,-0.00019588110743689355,0.0003973233236728813,right-invariant board-normalized SE(3) log
E2,ihawk2,35.0,within_pose,20260808_141232,marker_0,2,-0.09756005980845671,-0.018494349479891207,-0.12625950914007653,0.0010133158084417492,0.000843078592767282,-8.353037353750076e-05,right-invariant board-normalized SE(3) log
E2,ihawk2,35.0,within_pose,20260808_141232,marker_0,3,-0.021518367973403233,-0.05856303475029711,0.18496162674015698,-0.0010394892551443347,-0.0006471974854101094,-0.0003137929501053192,right-invariant board-normalized SE(3) log
E2,ihawk2,35.0,within_pose,20260808_145501,marker_0,1,0.033763399822836736,-0.025564290041682095,-0.021360764875877278,-0.0002497256006643234,-0.00032033719919263935,-0.0004658600594933488,right-invariant board-normalized SE(3) log
E2,ihawk2,35.0,within_pose,20260808_145501,marker_0,2,-0.01807517149377551,-0.03894209360608427,-0.0323046986784886,-0.00011146179338173123,-0.000256081632960508,-0.0007555710798498861,right-invariant board-normalized SE(3) log
E2,ihawk2,35.0,within_pose,20260808_145501,marker_0,3,-0.015688228329156645,0.06450638364777589,0.053665463554429034,0.0003611873940108309,0.0005764188320989163,0.001221431139233901,right-invariant board-normalized SE(3) log
E2,ihawk2,35.0,within_pose,20260808_151001,marker_0,1,0.1895126256862764,0.06256198312794727,-0.08016541841627008,-0.00025007402437961256,-0.0005037297278406425,0.0003011733396703012,right-invariant board-normalized SE(3) log
E2,ihawk2,35.0,within_pose,20260808_151001,marker_0,2,-0.13573446262493724,-0.06953025180414114,0.11717941160614045,2.9215156081032465e-05,-0.00014420802266869643,-0.00041776079454478385,right-invariant board-normalized SE(3) log
E2,ihawk2,35.0,within_pose,20260808_151001,marker_0,3,-0.053778163061358755,0.0069682686761942374,-0.03701399318988494,0.00022085886841204244,0.0006479377507399465,0.00011658745474173111,right-invariant board-normalized SE(3) log
E2,ihawk2,35.0,within_pose,20260808_162715,marker_0,1,0.045785072665688556,-0.0004939182238216461,-0.013456277271253743,-0.00010187605393214103,-0.0004301176978929931,-0.00025382073576491983,right-invariant board-normalized SE(3) log
E2,ihawk2,35.0,within_pose,20260808_162715,marker_0,2,0.019446559603636993,0.012742038852034171,-0.062349303572760355,0.0002147857534669473,4.0691976623952784e-05,-7.712286182350782e-05,right-invariant board-normalized SE(3) log
E2,ihawk2,35.0,within_pose,20260808_162715,marker_0,3,-0.0652316322693537,-0.012248120628208814,0.0758055808440629,-0.00011290969962343559,0.0003894257210654747,0.00033094359748824453,right-invariant board-normalized SE(3) log
E2,ihawk2,35.0,within_pose,20260808_131913,marker_1,1,-0.015133796874699557,-0.0002956880695848425,0.10314016486550057,-0.0006613337553355708,0.000764626861818525,-0.00034983116807731427,right-invariant board-normalized SE(3) log
E2,ihawk2,35.0,within_pose,20260808_131913,marker_1,2,0.10613993305678582,0.048468692878939665,-0.04274689132510866,-0.0005503449157946708,1.526685838848016e-05,-0.0005471989722118999,right-invariant board-normalized SE(3) log
E2,ihawk2,35.0,within_pose,20260808_131913,marker_1,3,-0.09100613618201073,-0.04817300480935572,-0.06039327354046923,0.0012116786711832903,-0.0007798937202429167,0.0008970301403277708,right-invariant board-normalized SE(3) log
E2,ihawk2,35.0,within_pose,20260808_141232,marker_1,1,0.03476902700824316,0.03939460781243036,-0.0900349280188879,0.0005648105810671192,0.00029854257887526885,9.088389412400046e-07,right-invariant board-normalized SE(3) log
E2,ihawk2,35.0,within_pose,20260808_141232,marker_1,2,0.049253451670057666,-0.059861974096297364,0.04046195928257166,-0.0005168149209970556,-0.00037049083212224195,0.0003383041474350725,right-invariant board-normalized SE(3) log
E2,ihawk2,35.0,within_pose,20260808_141232,marker_1,3,-0.08402247867831439,0.020467366283871198,0.04957296873633742,-4.7995660042455184e-05,7.194825328283176e-05,-0.0003392129864505175,right-invariant board-normalized SE(3) log
E2,ihawk2,35.0,within_pose,20260808_145501,marker_1,1,0.03777211468151898,0.054892648744082354,-0.14876719903429694,-2.6086009449507685e-05,-0.0012647281982024723,-0.0005108277223773318,right-invariant board-normalized SE(3) log
E2,ihawk2,35.0,within_pose,20260808_145501,marker_1,2,0.0061703768008991465,0.006170663136988956,-0.007642310111508702,0.00039528096950568393,0.0004900145045019585,6.224205156015443e-05,right-invariant board-normalized SE(3) log
E2,ihawk2,35.0,within_pose,20260808_145501,marker_1,3,-0.043942491482290714,-0.06106331188107244,0.15640950914578483,-0.00036919496021062937,0.0007747136936313772,0.00044858567084312144,right-invariant board-normalized SE(3) log
E2,ihawk2,35.0,within_pose,20260808_151001,marker_1,1,0.046628581212157086,0.0037775493832912415,-0.0012955727620368742,-0.00018210363949877625,8.50528709562539e-05,8.187955345528383e-05,right-invariant board-normalized SE(3) log
E2,ihawk2,35.0,within_pose,20260808_151001,marker_1,2,-0.004671382238492342,-0.03451352731226686,0.05408746567266995,-4.5083883673950225e-05,0.00025267853952512894,0.00040887537957064055,right-invariant board-normalized SE(3) log
E2,ihawk2,35.0,within_pose,20260808_151001,marker_1,3,-0.041957198973565625,0.03073597792899402,-0.052791892910567184,0.00022718752390227348,-0.00033773141075810095,-0.0004907549332463448,right-invariant board-normalized SE(3) log
E2,ihawk2,35.0,within_pose,20260808_162715,marker_1,1,0.15322599490920655,0.016846126569831737,-0.07851041359299317,-0.00013673372624989347,6.728426504536889e-05,0.00022583234589299803,right-invariant board-normalized SE(3) log
E2,ihawk2,35.0,within_pose,20260808_162715,marker_1,2,-0.04831649854263528,-0.0150404534498552,0.028367701931885685,7.626292076047082e-05,-7.605537479493551e-05,3.674976723347414e-05,right-invariant board-normalized SE(3) log
E2,ihawk2,35.0,within_pose,20260808_162715,marker_1,3,-0.10490949636645407,-0.0018056731199443574,0.05014271166116772,6.047080634322726e-05,8.77110861056595e-06,-0.0002625821115009969,right-invariant board-normalized SE(3) log
E2,ihawk2,35.0,within_pose,20260808_131913,marker_2,1,-0.015686635988040366,-0.014243126697085148,-0.031074978269823795,-0.00042444511568123214,7.98558228916395e-05,-0.00017618180099687796,right-invariant board-normalized SE(3) log
E2,ihawk2,35.0,within_pose,20260808_131913,marker_2,2,0.06409434016880781,-0.04275886485312976,-0.06546580924845585,-0.00010954689497621552,0.00019394920002151333,-0.00025434249605222405,right-invariant board-normalized SE(3) log
E2,ihawk2,35.0,within_pose,20260808_131913,marker_2,3,-0.04840770418073786,0.057001991550245566,0.0965407875182901,0.0005339920105790773,-0.00027380502284564466,0.00043052429695298835,right-invariant board-normalized SE(3) log
E2,ihawk2,35.0,within_pose,20260808_141232,marker_2,1,0.24058110228226648,-0.04686954955650409,-0.1174034396476097,-0.000314093101511959,-0.0013079743993886527,0.00016595536539907324,right-invariant board-normalized SE(3) log
E2,ihawk2,35.0,within_pose,20260808_141232,marker_2,2,-0.14343387021992887,0.08322764621812156,0.07669925768716654,-0.00013078321935871867,-0.0002152844001550262,0.0006922204017633108,right-invariant board-normalized SE(3) log
E2,ihawk2,35.0,within_pose,20260808_141232,marker_2,3,-0.09714723206239943,-0.036358096661644454,0.04070418196020983,0.000444876320840624,0.001523258799456097,-0.0008581757670752376,right-invariant board-normalized SE(3) log
E2,ihawk2,35.0,within_pose,20260808_145501,marker_2,1,-0.03340700418919625,-0.0019329169657276437,0.07377702726801877,0.0002536295233283403,-8.134516584525513e-05,-0.00011718328609608398,right-invariant board-normalized SE(3) log
E2,ihawk2,35.0,within_pose,20260808_145501,marker_2,2,0.11130457514601051,-0.05975443426922896,-0.12032249933499593,-0.0007253148924957979,-0.00014628484283245853,-0.00040907191624821055,right-invariant board-normalized SE(3) log
E2,ihawk2,35.0,within_pose,20260808_145501,marker_2,3,-0.07789757095675824,0.0616873512349534,0.046545472067055706,0.00047168536946137177,0.0002276300086876845,0.0005262552024130682,right-invariant board-normalized SE(3) log
E2,ihawk2,35.0,within_pose,20260808_151001,marker_2,1,0.0908830318016037,-0.055076164106175045,-0.15802402233374746,-0.0004647592134577838,9.273556689096e-05,-3.2016909732195894e-06,right-invariant board-normalized SE(3) log
E2,ihawk2,35.0,within_pose,20260808_151001,marker_2,2,-0.11927503287799628,0.03836180815879786,0.09944497229449789,0.0002797023258090027,0.00031596408706157725,-8.489975257549589e-05,right-invariant board-normalized SE(3) log
E2,ihawk2,35.0,within_pose,20260808_151001,marker_2,3,0.028392001076468183,0.016714355947379116,0.05857905003907216,0.00018505688765813112,-0.00040869965397474046,8.810144355353914e-05,right-invariant board-normalized SE(3) log
E2,ihawk2,35.0,within_pose,20260808_162715,marker_2,1,-0.07461739223508176,-0.011657022089299696,-0.13840333080881503,-0.0003302013939894101,0.001551114424255309,-0.00018486536126913577,right-invariant board-normalized SE(3) log
E2,ihawk2,35.0,within_pose,20260808_162715,marker_2,2,-0.1351434067620296,0.06979560714109027,0.07108749640800753,0.0002027220196992091,7.833052694707562e-05,0.00048690681393268444,right-invariant board-normalized SE(3) log
E2,ihawk2,35.0,within_pose,20260808_162715,marker_2,3,0.20976079899716377,-0.05813858505176795,0.06731583440096497,0.0001274793742987438,-0.0016294449511402864,-0.00030204145262173823,right-invariant board-normalized SE(3) log
E2,ihawk2,35.0,within_pose,20260808_131913,marker_3,1,-0.028142996679758524,-0.0168632301232091,-0.12594269790349594,-0.0008670746279674951,-0.00046467467884748386,-0.0001691761448891034,right-invariant board-normalized SE(3) log
E2,ihawk2,35.0,within_pose,20260808_131913,marker_3,2,0.004313918528086772,0.0004953425190715492,0.1560695185724511,0.0012405640463800187,0.0002683679572523163,0.00046207814720927563,right-invariant board-normalized SE(3) log
E2,ihawk2,35.0,within_pose,20260808_131913,marker_3,3,0.023829078151592062,0.01636788760415994,-0.030126820668904035,-0.0003734894182212363,0.00019630672163145903,-0.0002929020022460424,right-invariant board-normalized SE(3) log
E2,ihawk2,35.0,within_pose,20260808_141232,marker_3,1,0.1600246567215603,-0.002433328914242389,-0.0982253897492301,0.00025261566535231944,-0.00019077045590488022,4.8329331047018375e-05,right-invariant board-normalized SE(3) log
E2,ihawk2,35.0,within_pose,20260808_141232,marker_3,2,-0.2633318769724362,0.014545574302234307,0.23578291905420676,0.0006616194327099712,-7.643399258171542e-05,0.0004458679907808141,right-invariant board-normalized SE(3) log
E2,ihawk2,35.0,within_pose,20260808_141232,marker_3,3,0.10330722025102246,-0.012112245388048557,-0.13755752930485798,-0.0009142350978104603,0.0002672044482271844,-0.000494197321831894,right-invariant board-normalized SE(3) log
E2,ihawk2,35.0,within_pose,20260808_145501,marker_3,1,0.02856040592662001,-0.012335499717652769,-0.049265013888513495,-4.254555583253344e-05,3.656463919819918e-05,0.00020583837078822688,right-invariant board-normalized SE(3) log
E2,ihawk2,35.0,within_pose,20260808_145501,marker_3,2,0.07124006162819521,-0.015353369758548015,-0.026045216239012035,9.088509282149477e-05,-4.26379430886295e-05,-5.5585973959416146e-05,right-invariant board-normalized SE(3) log
E2,ihawk2,35.0,within_pose,20260808_145501,marker_3,3,-0.09980046755472956,0.02768886947621457,0.07531023012749279,-4.833953669010664e-05,6.073303755933821e-06,-0.00015025239694949378,right-invariant board-normalized SE(3) log
E2,ihawk2,35.0,within_pose,20260808_151001,marker_3,1,-0.3204181455861034,0.0491056507567445,0.35911802908603946,0.0012905187103382336,0.0008495814516032979,0.0007328976327342635,right-invariant board-normalized SE(3) log
E2,ihawk2,35.0,within_pose,20260808_151001,marker_3,2,-0.02448399618021276,-0.041082423416884055,-0.12217322194784332,-0.0011133642010943301,0.00021080985572397785,0.0001795085429503758,right-invariant board-normalized SE(3) log
E2,ihawk2,35.0,within_pose,20260808_151001,marker_3,3,0.34490214176632844,-0.008023227339858911,-0.23694480713814284,-0.00017715450920467518,-0.0010603913073340301,-0.0009124061756904343,right-invariant board-normalized SE(3) log
E2,ihawk2,35.0,within_pose,20260808_162715,marker_3,1,-0.01783363498075175,0.10194575740713957,0.04593053830079363,-0.00048606227343786306,0.00024911289276719406,-0.0008828785299999484,right-invariant board-normalized SE(3) log
E2,ihawk2,35.0,within_pose,20260808_162715,marker_3,2,0.14435963045886213,-0.23704962905514568,-0.2428066328724708,0.0005729457669458482,-0.0007739314068509365,0.0018166281722476734,right-invariant board-normalized SE(3) log
E2,ihawk2,35.0,within_pose,20260808_162715,marker_3,3,-0.12652599547804175,0.13510387164803173,0.19687609457181982,-8.688349350476452e-05,0.0005248185140058865,-0.000933749642118813,right-invariant board-normalized SE(3) log
E2,ihawk2,35.0,within_pose,20260808_131913,marker_4,1,-0.17179653948354437,-0.024275756444297452,0.13024645902908424,-0.00033235189183807707,0.0008192176348587981,0.0002448632206487316,right-invariant board-normalized SE(3) log
E2,ihawk2,35.0,within_pose,20260808_131913,marker_4,2,-0.1603175294498251,-0.017892599640450056,0.1252532590383056,-0.0001678809306445408,0.0007711647235586369,0.0002014619342069962,right-invariant board-normalized SE(3) log
E2,ihawk2,35.0,within_pose,20260808_131913,marker_4,3,0.33211406893347595,0.0421683560847439,-0.25549971806733046,0.0005002328225435996,-0.001590382358689622,-0.000446325154927188,right-invariant board-normalized SE(3) log
E2,ihawk2,35.0,within_pose,20260808_141232,marker_4,1,0.09380798046329215,0.01618230614912826,-0.06752213256449068,-6.20952909687423e-05,-0.00028779388388480167,-9.334015549695267e-05,right-invariant board-normalized SE(3) log
E2,ihawk2,35.0,within_pose,20260808_141232,marker_4,2,-0.2879395401093871,-0.04431401233046913,0.21316005343919278,-0.0001603386174225695,0.0007839585015992458,-0.00029436276005826817,right-invariant board-normalized SE(3) log
E2,ihawk2,35.0,within_pose,20260808_141232,marker_4,3,0.19413155964614986,0.02813170618136604,-0.14563792087458963,0.00022243390825690796,-0.000496164617487367,0.00038770291532349633,right-invariant board-normalized SE(3) log
E2,ihawk2,35.0,within_pose,20260808_145501,marker_4,1,-0.1744070170952717,-0.01881799583265751,0.12149177016938749,-5.290011781051941e-05,0.0007211179260618342,0.0004660046809239129,right-invariant board-normalized SE(3) log
E2,ihawk2,35.0,within_pose,20260808_145501,marker_4,2,0.13068787345693278,0.014114917663066289,-0.08468548457411201,0.00017009681188848684,-0.0006390619169984994,-0.0003216268107514403,right-invariant board-normalized SE(3) log
E2,ihawk2,35.0,within_pose,20260808_145501,marker_4,3,0.04371914363826355,0.004703078169556594,-0.03680628559511663,-0.00011719669403569707,-8.205600934772953e-05,-0.0001443778703404249,right-invariant board-normalized SE(3) log
E2,ihawk2,35.0,within_pose,20260808_151001,marker_4,1,0.14752636130939,-0.0027262302827608265,-0.17995777865380477,-0.0015199894594380866,0.0007480843833340287,-0.000599956006751229,right-invariant board-normalized SE(3) log
E2,ihawk2,35.0,within_pose,20260808_151001,marker_4,2,0.012918231730491083,0.023657290693906326,0.028352564035787623,0.0011478913308453319,-0.0011745996710584572,0.0005060260839551008,right-invariant board-normalized SE(3) log
E2,ihawk2,35.0,within_pose,20260808_151001,marker_4,3,-0.16044459303987302,-0.02093106041115433,0.15160521461801368,0.0003720981284292683,0.0004265152874089596,9.392992276596577e-05,right-invariant board-normalized SE(3) log
E2,ihawk2,35.0,within_pose,20260808_162715,marker_4,1,0.06534045206551069,0.0012977393193364703,-0.04419082598100159,-8.635581604628765e-05,-0.00011422910419913774,-3.642633019072993e-05,right-invariant board-normalized SE(3) log
E2,ihawk2,35.0,within_pose,20260808_162715,marker_4,2,0.03339558726945124,-0.0078036631512078585,-0.028206719540671398,-0.00024241069901182336,0.00014667642510319515,-6.885223495977046e-05,right-invariant board-normalized SE(3) log
E2,ihawk2,35.0,within_pose,20260808_162715,marker_4,3,-0.09873603933486219,0.006505923831833758,0.07239754552170481,0.0003287665157213848,-3.244731983548007e-05,0.00010527856544393852,right-invariant board-normalized SE(3) log
E2,ihawk2,35.0,between_run,20260808_131913,all_poses,,-2.770215747723042,-1.5098408548335516,0.5904153661096133,-0.004171379212885331,0.0017212886903351656,0.0052895804923560556,right-invariant board-normalized SE(3) log
E2,ihawk2,35.0,between_run,20260808_141232,all_poses,,2.284433640750869,3.773104216912711,-0.818068644378041,0.00046778287311532334,-0.004780179674831261,-0.009932019954706158,right-invariant board-normalized SE(3) log
E2,ihawk2,35.0,between_run,20260808_145501,all_poses,,0.055149291285634644,0.7118573748491547,0.18470501296299313,0.0018860841395444215,0.003959394138068861,-0.013926034342709354,right-invariant board-normalized SE(3) log
E2,ihawk2,35.0,between_run,20260808_151001,all_poses,,-2.018602597126525,-1.751839889213877,-0.7379450225083681,0.0010500077150677398,0.0026064649858995185,0.008118966609369125,right-invariant board-normalized SE(3) log
E2,ihawk2,35.0,between_run,20260808_162715,all_poses,,2.4492354128131217,-1.2232808477144406,0.7808932878140445,0.0007675044851597791,-0.003506968139479228,0.010449507195698548,right-invariant board-normalized SE(3) log
E2,ihawk2,35.0,cross_pose,20260808_131913,marker_0,,10.299072235061079,-7.48901662637984,-1.5593379960336886,0.02655467959114527,0.012066228179371911,0.005387922859208125,right-invariant board-normalized SE(3) log
E2,ihawk2,35.0,cross_pose,20260808_141232,marker_0,,10.537620132137409,-6.730693127874672,-3.0841878621773002,0.0341160687411959,0.018238501343687565,0.008171301504300734,right-invariant board-normalized SE(3) log
E2,ihawk2,35.0,cross_pose,20260808_145501,marker_0,,11.441022315532905,-7.085672376042135,-4.572343853146067,0.028145311818001596,0.011433528231777363,0.002598884230358824,right-invariant board-normalized SE(3) log
E2,ihawk2,35.0,cross_pose,20260808_151001,marker_0,,11.741026766271233,-6.898327154239896,-3.4177778302172372,0.030395930603320888,0.005836657296429685,0.004693182064570513,right-invariant board-normalized SE(3) log
E2,ihawk2,35.0,cross_pose,20260808_162715,marker_0,,11.068733992382958,-7.538298147880731,-2.984807463234922,0.026968622812720933,0.006605025532855946,0.002397287122962169,right-invariant board-normalized SE(3) log
E2,ihawk2,35.0,cross_pose,20260808_131913,marker_1,,-8.989422390762826,-8.565996776800535,1.6967940666370747,0.010150345572637429,-0.012879690843550501,0.0027433585993889755,right-invariant board-normalized SE(3) log
E2,ihawk2,35.0,cross_pose,20260808_141232,marker_1,,-8.618888119277125,-8.408652419159926,0.6241297092738405,0.01046164372016148,-0.02917402276905339,0.001967433032953263,right-invariant board-normalized SE(3) log
E2,ihawk2,35.0,cross_pose,20260808_145501,marker_1,,-9.920076781260088,-9.02992924013628,1.9781425400930293,0.007208003160056342,-0.015108933712596645,0.004781296638101103,right-invariant board-normalized SE(3) log
E2,ihawk2,35.0,cross_pose,20260808_151001,marker_1,,-9.438650635364699,-8.52034423118223,1.8422768571659451,0.008706022912589711,-0.017001111791691483,-0.0003250684830599632,right-invariant board-normalized SE(3) log
E2,ihawk2,35.0,cross_pose,20260808_162715,marker_1,,-9.725791130116086,-8.985136519299264,1.5166983892188481,0.00934846004333316,-0.011294144251919292,0.0025043227203892255,right-invariant board-normalized SE(3) log
E2,ihawk2,35.0,cross_pose,20260808_131913,marker_2,,9.072691093668409,7.633994172307721,-2.345188344779828,-0.025934922795639904,0.014483157346718002,-0.006418457615302399,right-invariant board-normalized SE(3) log
E2,ihawk2,35.0,cross_pose,20260808_141232,marker_2,,7.822360917649403,7.569872531791816,-0.7106108408556286,-0.020962100925390734,0.033649835439709654,-0.004880171935889486,right-invariant board-normalized SE(3) log
E2,ihawk2,35.0,cross_pose,20260808_145501,marker_2,,8.163383108223213,8.041376579246176,-0.29905999368706593,-0.014642789799351458,0.02565936332212724,-0.005345081933440244,right-invariant board-normalized SE(3) log
E2,ihawk2,35.0,cross_pose,20260808_151001,marker_2,,6.944303776917008,7.982574904499791,-1.1839370216091214,-0.023801887873157027,0.03401714938780472,-0.004528845930167221,right-invariant board-normalized SE(3) log
E2,ihawk2,35.0,cross_pose,20260808_162715,marker_2,,9.170407157596921,8.019874551324945,-1.4525493636499522,-0.017290569726308696,0.016072856708303548,-0.0016729878757329338,right-invariant board-normalized SE(3) log
E2,ihawk2,35.0,cross_pose,20260808_131913,marker_3,,-10.347325320339504,8.09689718871184,0.4480346424852374,-0.0190526068140398,-0.011861739176209463,-0.0015409685113586913,right-invariant board-normalized SE(3) log
E2,ihawk2,35.0,cross_pose,20260808_141232,marker_3,,-9.153989283926792,7.877278440475665,0.3085414429400332,-0.019356807622799916,-0.02570322554209439,-0.0012617829703485792,right-invariant board-normalized SE(3) log
E2,ihawk2,35.0,cross_pose,20260808_145501,marker_3,,-9.363568577311884,8.349368753185008,0.9271255609762487,-0.017808063976857354,-0.02375431740689533,-0.003537565925020199,right-invariant board-normalized SE(3) log
E2,ihawk2,35.0,cross_pose,20260808_151001,marker_3,,-8.645940952760744,7.673050790462453,0.17479041127029984,-0.01632073515300052,-0.02370953731936613,-0.0011240948247649206,right-invariant board-normalized SE(3) log
E2,ihawk2,35.0,cross_pose,20260808_162715,marker_3,,-10.954241755472603,8.834933801250722,1.7523280884433738,-0.012925057184401383,-0.013791343678936365,-0.004424925216102151,right-invariant board-normalized SE(3) log
E2,ihawk2,35.0,cross_pose,20260808_131913,marker_4,,-0.0350156176268298,0.32412204216077495,1.7596976316913306,0.008282504445897494,-0.0018079555063358786,-0.00017185533193547038,right-invariant board-normalized SE(3) log
E2,ihawk2,35.0,cross_pose,20260808_141232,marker_4,,-0.5871036465824712,-0.307805425232877,2.862127550818852,-0.004258803913165606,0.0029889115277441226,-0.003996779631016071,right-invariant board-normalized SE(3) log
E2,ihawk2,35.0,cross_pose,20260808_145501,marker_4,,-0.32076006518404465,-0.2751437162527147,1.966135745763925,-0.0029024612018451767,0.0017703595655894717,0.0015024669900014194,right-invariant board-normalized SE(3) log
E2,ihawk2,35.0,cross_pose,20260808_151001,marker_4,,-0.6007389550627653,-0.23695430954013305,2.5846475833900655,0.0010206695102525202,0.0008568424268184049,0.001284827173421417,right-invariant board-normalized SE(3) log
E2,ihawk2,35.0,cross_pose,20260808_162715,marker_4,,0.44089173560908895,-0.33137368539564577,1.1683303492226373,-0.006101455945333007,0.002407605689690476,0.0011963032484841052,right-invariant board-normalized SE(3) log
E2,ihawk2,40.0,within_pose,20260808_131913,marker_0,1,0.024842516417589274,0.006596461948474119,-0.01761206003784606,4.3507634211610924e-05,-0.0001654318569370656,-8.636219437460213e-05,right-invariant board-normalized SE(3) log
E2,ihawk2,40.0,within_pose,20260808_131913,marker_0,2,0.026140594166071472,-0.0018419011039758598,-0.022417584059418953,-0.00019352006677259934,1.834220033982078e-05,-0.00012763410014905916,right-invariant board-normalized SE(3) log
E2,ihawk2,40.0,within_pose,20260808_131913,marker_0,3,-0.0509831105836892,-0.00475456084448147,0.04002964409713764,0.0001500124322799026,0.00014708965691705614,0.0002139962945474109,right-invariant board-normalized SE(3) log
E2,ihawk2,40.0,within_pose,20260808_141232,marker_0,1,-0.017186296903182297,0.009736149446030917,-0.014950447883054647,0.00044634406378100494,0.00025332918726959214,0.00037107149001330223,right-invariant board-normalized SE(3) log
E2,ihawk2,40.0,within_pose,20260808_141232,marker_0,2,-0.02415970294327611,-0.003335786188966001,0.02782336651605036,-0.0004977006827324572,0.0005210098956684914,0.0001209222039893639,right-invariant board-normalized SE(3) log
E2,ihawk2,40.0,within_pose,20260808_141232,marker_0,3,0.04134599984672117,-0.006400363257063383,-0.012872918633127582,5.135661908211061e-05,-0.0007743390828223189,-0.0004919936938663964,right-invariant board-normalized SE(3) log
E2,ihawk2,40.0,within_pose,20260808_145501,marker_0,1,-0.07988235975197981,-0.08348886483808254,0.17552542519429962,-0.0007947019034570474,-0.0006328348655464549,-0.0005200401384057343,right-invariant board-normalized SE(3) log
E2,ihawk2,40.0,within_pose,20260808_145501,marker_0,2,-0.016646758522763514,-0.019604398377230874,0.0827199931254183,-0.00027362379905833726,-0.00034195618233914956,5.710003657418632e-05,right-invariant board-normalized SE(3) log
E2,ihawk2,40.0,within_pose,20260808_145501,marker_0,3,0.09652911827461183,0.1030932632152966,-0.25824541831956543,0.0010683257023722434,0.00097479104776995,0.0004629401017410255,right-invariant board-normalized SE(3) log
E2,ihawk2,40.0,within_pose,20260808_151001,marker_0,1,-0.19329176441266774,-0.07244105799164043,0.2391606101258538,-0.00047208237434565243,9.371752641669045e-05,3.549559951004744e-05,right-invariant board-normalized SE(3) log
E2,ihawk2,40.0,within_pose,20260808_151001,marker_0,2,-0.036294389019457064,0.023981966121484895,0.03821652641868787,0.00019041048196338374,0.0003293929637427052,0.0006535374578064421,right-invariant board-normalized SE(3) log
E2,ihawk2,40.0,within_pose,20260808_151001,marker_0,3,0.22958615343199262,0.048459091870136646,-0.27737713654461293,0.0002816718922042936,-0.0004231104901771772,-0.0006890330573997072,right-invariant board-normalized SE(3) log
E2,ihawk2,40.0,within_pose,20260808_162715,marker_0,1,0.028538286101083454,0.051039811221359664,-0.18091715382797663,0.0006548512104867252,0.0009538000445946916,0.00022989434243512644,right-invariant board-normalized SE(3) log
E2,ihawk2,40.0,within_pose,20260808_162715,marker_0,2,-0.20822707035763713,-0.08362618261734062,0.22078414093391943,-0.000140626951707045,-0.000231516908561795,-0.00023582150923722597,right-invariant board-normalized SE(3) log
E2,ihawk2,40.0,within_pose,20260808_162715,marker_0,3,0.1796887842564051,0.032586371396012045,-0.039866987105915005,-0.0005142242585890244,-0.000722283135730912,5.92716703828436e-06,right-invariant board-normalized SE(3) log
E2,ihawk2,40.0,within_pose,20260808_131913,marker_1,1,0.16040370782904004,0.02580407872991423,-0.13073736619837065,0.0003357101707449159,-1.6901979167877195e-05,0.0003548990331933211,right-invariant board-normalized SE(3) log
E2,ihawk2,40.0,within_pose,20260808_131913,marker_1,2,-0.3641149377271596,-0.03604634987385226,0.2625409961522135,-0.000228774588735987,0.0005178540375190839,-0.0006744606427497997,right-invariant board-normalized SE(3) log
E2,ihawk2,40.0,within_pose,20260808_131913,marker_1,3,0.20371122989811366,0.010242271143948512,-0.13180362995381995,-0.00010693558203200311,-0.0005009520583050532,0.0003195616094936609,right-invariant board-normalized SE(3) log
E2,ihawk2,40.0,within_pose,20260808_141232,marker_1,1,-0.017805696092973566,0.07229451032002389,-0.05450647926443142,0.0004902782353380547,0.0004403065687080569,-0.0003532040240775868,right-invariant board-normalized SE(3) log
E2,ihawk2,40.0,within_pose,20260808_141232,marker_1,2,0.17729235359372175,-0.031629836316223105,-0.08405668486912789,-1.8290403531061477e-05,-0.00030468377577409376,0.000622004819872389,right-invariant board-normalized SE(3) log
E2,ihawk2,40.0,within_pose,20260808_141232,marker_1,3,-0.15948665750079227,-0.04066467400380754,0.13856316413349293,-0.0004719878314773511,-0.00013562279291699287,-0.0002688007954430218,right-invariant board-normalized SE(3) log
E2,ihawk2,40.0,within_pose,20260808_145501,marker_1,1,-0.20477749521643768,0.06711412966222678,-0.009845565397339157,0.0005701483699968764,-0.00048823809504323684,-0.0009547542134103746,right-invariant board-normalized SE(3) log
E2,ihawk2,40.0,within_pose,20260808_145501,marker_1,2,0.13576320003731904,-0.018978436927800255,-0.05507363624121723,-0.00026025009146338787,-0.00017660738019298396,0.0003684429750839433,right-invariant board-normalized SE(3) log
E2,ihawk2,40.0,within_pose,20260808_145501,marker_1,3,0.0690142951792613,-0.04813569273442194,0.06491920163863531,-0.00030989827845032716,0.0006648454751971939,0.0005863112381926003,right-invariant board-normalized SE(3) log
E2,ihawk2,40.0,within_pose,20260808_151001,marker_1,1,-0.14076216314319653,-0.08260918274808633,0.11553909276050446,0.0006520800334118087,0.0010966445592659026,0.0005447540463545223,right-invariant board-normalized SE(3) log
E2,ihawk2,40.0,within_pose,20260808_151001,marker_1,2,0.21326468565803672,0.14482903725971874,-0.2808552134289141,-0.00011480995424629631,-0.0015862705930655846,-0.000755820954087172,right-invariant board-normalized SE(3) log
E2,ihawk2,40.0,within_pose,20260808_151001,marker_1,3,-0.07250252251476245,-0.062219854511653315,0.16531612066827225,-0.0005372700792504192,0.0004896260337647076,0.00021106690771281945,right-invariant board-normalized SE(3) log
E2,ihawk2,40.0,within_pose,20260808_162715,marker_1,1,0.08202614419070975,0.0762857467839734,-0.10978389804107293,-4.8285143581661625e-05,-0.00043020958920947334,-0.0007138808781276526,right-invariant board-normalized SE(3) log
E2,ihawk2,40.0,within_pose,20260808_162715,marker_1,2,0.12201002463407104,0.049740985881564954,-0.11527314583383554,0.00027567059003718333,0.0001735108661623908,0.0001589254773365901,right-invariant board-normalized SE(3) log
E2,ihawk2,40.0,within_pose,20260808_162715,marker_1,3,-0.2040361688246908,-0.12602673266552955,0.22505704387470882,-0.0002273854465002193,0.00025669872286097716,0.0005549554004942727,right-invariant board-normalized SE(3) log
E2,ihawk2,40.0,within_pose,20260808_131913,marker_2,1,-0.03000397946367269,-0.010378461954809917,0.005558435275148849,2.276009742443839e-05,0.00044049714680932396,-0.00034975314982614326,right-invariant board-normalized SE(3) log
E2,ihawk2,40.0,within_pose,20260808_131913,marker_2,2,0.07262536898299848,-0.040699932662102686,-0.0503319496343654,-7.630341707916235e-05,-2.4140132641474785e-05,-0.0001758770682642939,right-invariant board-normalized SE(3) log
E2,ihawk2,40.0,within_pose,20260808_131913,marker_2,3,-0.04262138951922243,0.05107839461689623,0.04477351435914036,5.354331958155424e-05,-0.00041635701469972165,0.000525630218394015,right-invariant board-normalized SE(3) log
E2,ihawk2,40.0,within_pose,20260808_141232,marker_2,1,-0.046984969822792655,-0.007181019299193632,0.02154849828221089,-4.0959959370699804e-05,0.00021959084486165257,-3.6058029580067975e-05,right-invariant board-normalized SE(3) log
E2,ihawk2,40.0,within_pose,20260808_141232,marker_2,2,0.006624879489500037,-0.061332888624330936,-0.04447081188368738,-0.0005780733024926352,0.0004534795619867862,-0.0007365667104702688,right-invariant board-normalized SE(3) log
E2,ihawk2,40.0,within_pose,20260808_141232,marker_2,3,0.0403600903331366,0.06851390792350735,0.022922313601471487,0.0006190332617437194,-0.0006730704059836378,0.0007726247399642705,right-invariant board-normalized SE(3) log
E2,ihawk2,40.0,within_pose,20260808_145501,marker_2,1,0.007253744307931352,0.058780317954575986,0.08887184681014325,0.0005555653977770986,-0.0006640854085164527,0.000418802770377749,right-invariant board-normalized SE(3) log
E2,ihawk2,40.0,within_pose,20260808_145501,marker_2,2,-0.13960244595201726,-0.025933583853094747,0.04981353679867549,-8.15370440457561e-06,0.001024829994898287,-0.00046893319591023014,right-invariant board-normalized SE(3) log
E2,ihawk2,40.0,within_pose,20260808_145501,marker_2,3,0.13234870164420245,-0.03284673410145867,-0.1386853836089477,-0.0005474116937315003,-0.0003607445864264114,5.013042547782544e-05,right-invariant board-normalized SE(3) log
E2,ihawk2,40.0,within_pose,20260808_151001,marker_2,1,0.10391909393561931,-0.016419194545502228,-0.06371579395030208,-0.0004032282572149687,-0.0011610326187192755,0.0004623805381910905,right-invariant board-normalized SE(3) log
E2,ihawk2,40.0,within_pose,20260808_151001,marker_2,2,0.0053366714387984475,-0.006765940420861818,0.02644571781957463,0.00014626369173820975,-5.985008150245865e-05,-0.0001025482219869616,right-invariant board-normalized SE(3) log
E2,ihawk2,40.0,within_pose,20260808_151001,marker_2,3,-0.10925576537445222,0.023185134966368304,0.03727007613070408,0.00025696456548361207,0.0012208826999703156,-0.0003598323161752422,right-invariant board-normalized SE(3) log
E2,ihawk2,40.0,within_pose,20260808_162715,marker_2,1,0.010696965042551462,0.006607651086318815,0.004842886505651813,-0.0002309203946672637,-0.00048036360596006347,0.00020448430717174074,right-invariant board-normalized SE(3) log
E2,ihawk2,40.0,within_pose,20260808_162715,marker_2,2,-0.09948588371492846,0.033578909489264695,0.06620866533645171,0.0006777810025962055,0.0009937270690769308,-0.0002233899403942238,right-invariant board-normalized SE(3) log
E2,ihawk2,40.0,within_pose,20260808_162715,marker_2,3,0.08878891867240593,-0.04018656057556651,-0.07105155184218688,-0.0004468606079034837,-0.0005133634629891935,1.890563313228504e-05,right-invariant board-normalized SE(3) log
E2,ihawk2,40.0,within_pose,20260808_131913,marker_3,1,0.1004148985283439,-0.18894196212187853,-0.29947330683117135,7.610271702393499e-05,-0.001910820422222276,0.0018724922876343965,right-invariant board-normalized SE(3) log
E2,ihawk2,40.0,within_pose,20260808_131913,marker_3,2,0.11009088567896186,0.04967716701498005,0.012770613693864872,0.0003335685066280593,0.0002477725073020438,-0.0006532999475048483,right-invariant board-normalized SE(3) log
E2,ihawk2,40.0,within_pose,20260808_131913,marker_3,3,-0.21050578420723698,0.13926479510690393,0.2867026931372364,-0.0004096712236367534,0.0016630479149332396,-0.0012191923401610395,right-invariant board-normalized SE(3) log
E2,ihawk2,40.0,within_pose,20260808_141232,marker_3,1,0.28137666591253613,0.03664851214968142,-0.09775440722550273,0.00013232176550553173,0.00013251399601487844,-0.0008912828301702224,right-invariant board-normalized SE(3) log
E2,ihawk2,40.0,within_pose,20260808_141232,marker_3,2,-0.48536466689828683,-0.008103044778131181,0.2750874076107892,0.0001820698776616309,0.00011393730072858588,0.0010269664668928196,right-invariant board-normalized SE(3) log
E2,ihawk2,40.0,within_pose,20260808_141232,marker_3,3,0.20398800098587264,-0.028545467371532667,-0.17733300038535144,-0.00031439164390050244,-0.00024645129731830525,-0.00013568363703463088,right-invariant board-normalized SE(3) log
E2,ihawk2,40.0,within_pose,20260808_145501,marker_3,1,-0.10294963232844634,-0.015214626181060361,-0.01164833461668697,-0.0005932255239003575,-7.762583249615742e-05,0.0001544350188714108,right-invariant board-normalized SE(3) log
E2,ihawk2,40.0,within_pose,20260808_145501,marker_3,2,-0.15134215243987384,0.07128716665453785,0.19651683011258614,0.0003519616072873311,0.0006772888103313851,-0.00031933967008498633,right-invariant board-normalized SE(3) log
E2,ihawk2,40.0,within_pose,20260808_145501,marker_3,3,0.25429178476839753,-0.056072540473481494,-0.1848684954959354,0.00024126391682913244,-0.0005996629779592981,0.00016490465121227728,right-invariant board-normalized SE(3) log
E2,ihawk2,40.0,within_pose,20260808_151001,marker_3,1,0.012388696586149285,-0.04878980933700204,-0.03906801820477695,0.0003405652973303447,-0.00023494683089218243,0.0006289105836579745,right-invariant board-normalized SE(3) log
E2,ihawk2,40.0,within_pose,20260808_151001,marker_3,2,-0.127640121373003,0.032874869645052894,0.08040065625638554,-0.0004250177044603435,0.0005550748896008995,-0.00038221333347061506,right-invariant board-normalized SE(3) log
E2,ihawk2,40.0,within_pose,20260808_151001,marker_3,3,0.11525142478656018,0.015914939691966303,-0.041332638051591916,8.44524071763847e-05,-0.0003201280590259936,-0.00024669725054038525,right-invariant board-normalized SE(3) log
E2,ihawk2,40.0,within_pose,20260808_162715,marker_3,1,0.10751200123981645,-0.04443834209985616,-0.07584131585882853,0.0005836548189648593,-0.0007553174399466466,0.0005997489739282521,right-invariant board-normalized SE(3) log
E2,ihawk2,40.0,within_pose,20260808_162715,marker_3,2,-0.07470225556147307,0.029853122204223558,0.07253099922027359,-7.597562071782105e-05,0.00033150834108327317,-0.00022344514599409142,right-invariant board-normalized SE(3) log
E2,ihawk2,40.0,within_pose,20260808_162715,marker_3,3,-0.03280974567842189,0.014585219895628387,0.0033103166385389294,-0.0005076791981111353,0.00042380909878953057,-0.0003763038278581172,right-invariant board-normalized SE(3) log
E2,ihawk2,40.0,within_pose,20260808_131913,marker_4,1,-0.161856402205108,0.0016165107925580676,0.08412801499263092,0.00022401491224250707,0.0009493039905904022,0.00012529984738905874,right-invariant board-normalized SE(3) log
E2,ihawk2,40.0,within_pose,20260808_131913,marker_4,2,0.1018651763747545,-0.02397314625495745,-0.03438633064123278,-0.000612566472371534,-0.0009313356025329279,0.00025521787790275333,right-invariant board-normalized SE(3) log
E2,ihawk2,40.0,within_pose,20260808_131913,marker_4,3,0.059991225830362774,0.02235663546238183,-0.04974168435145625,0.0003885515599093581,-1.796838779429139e-05,-0.00038051772498582704,right-invariant board-normalized SE(3) log
E2,ihawk2,40.0,within_pose,20260808_141232,marker_4,1,0.15243201565143905,0.0040081504284757135,-0.10665533783058682,0.00013680220732512562,-0.0007934204188684046,0.000541463749728075,right-invariant board-normalized SE(3) log
E2,ihawk2,40.0,within_pose,20260808_141232,marker_4,2,-0.4056463919656449,-0.0195111408709506,0.3080907923840389,-0.00025527828946481226,0.0008282037142491894,-0.0005557542215189514,right-invariant board-normalized SE(3) log
E2,ihawk2,40.0,within_pose,20260808_141232,marker_4,3,0.2532143763141881,0.015502990442506491,-0.20143545455348366,0.00011847608183415281,-3.478329552551182e-05,1.4290471917392356e-05,right-invariant board-normalized SE(3) log
E2,ihawk2,40.0,within_pose,20260808_145501,marker_4,1,0.0145152762627254,0.0009808976117354963,-0.0017638289547197267,-0.00010036524690132613,-0.0001252442869674872,7.367018735403939e-05,right-invariant board-normalized SE(3) log
E2,ihawk2,40.0,within_pose,20260808_145501,marker_4,2,-0.027003157043682172,-0.008349061483379374,0.014111204926948558,-0.0001009295250962634,7.13479912684646e-05,-6.404582095623611e-05,right-invariant board-normalized SE(3) log
E2,ihawk2,40.0,within_pose,20260808_145501,marker_4,3,0.012487880780994885,0.007368163871636074,-0.012347375972323896,0.00020129477200106017,5.389629578625187e-05,-9.62436645837322e-06,right-invariant board-normalized SE(3) log
E2,ihawk2,40.0,within_pose,20260808_151001,marker_4,1,-0.09571579036263649,-0.04109942050514128,0.07241092933851462,-0.0006337088171515256,0.0008935963891427551,-9.096137281157634e-06,right-invariant board-normalized SE(3) log
E2,ihawk2,40.0,within_pose,20260808_151001,marker_4,2,-0.11510558542211073,0.008459280091351488,0.09005994463081318,0.0003199785976776133,-0.0001751754089350896,0.00014310553234981848,right-invariant board-normalized SE(3) log
E2,ihawk2,40.0,within_pose,20260808_151001,marker_4,3,0.21082137578465643,0.03264014041379026,-0.16247087396933851,0.00031373021933502656,-0.0007184209799189254,-0.00013400939502401847,right-invariant board-normalized SE(3) log
E2,ihawk2,40.0,within_pose,20260808_162715,marker_4,1,-0.10574955256437153,0.026059227944580272,0.056771749817356366,0.000682729036780231,0.000627353686622117,2.4417972194731054e-05,right-invariant board-normalized SE(3) log
E2,ihawk2,40.0,within_pose,20260808_162715,marker_4,2,0.1300287581528694,0.0044806958825446405,-0.09072177355994959,-0.00013639383015392486,-0.00018688024477279359,-0.00013761026746058691,right-invariant board-normalized SE(3) log
E2,ihawk2,40.0,within_pose,20260808_162715,marker_4,3,-0.024279205588499036,-0.030539923827167786,0.03395002374256031,-0.000546335206498415,-0.00044047344157508805,0.00011319229560844608,right-invariant board-normalized SE(3) log
E2,ihawk2,40.0,between_run,20260808_131913,all_poses,,-4.106515201779368,-0.9805434488488746,0.039928129197676354,-0.0024185131682825174,0.003197796301710909,0.0007235696768324617,right-invariant board-normalized SE(3) log
E2,ihawk2,40.0,between_run,20260808_141232,all_poses,,3.8493283928094684,3.853083476185603,-1.467706022092114,-0.0011826603561470187,-0.007665853355817082,-0.011221971775859511,right-invariant board-normalized SE(3) log
E2,ihawk2,40.0,between_run,20260808_145501,all_poses,,2.5767354863737038,-1.028433803146703,-0.6491821867716671,-0.0030505731694570144,0.002042433517827376,-0.00625754851326341,right-invariant board-normalized SE(3) log
E2,ihawk2,40.0,between_run,20260808_151001,all_poses,,-1.5416816592488143,-1.0031639875917293,-0.6786321250754822,0.0017973458458080873,0.0017209457503519316,0.016025293347295078,right-invariant board-normalized SE(3) log
E2,ihawk2,40.0,between_run,20260808_162715,all_poses,,-0.7778670181549903,-0.8409422365983359,2.7555922047417005,0.004854400848086194,0.0007046777859224451,0.000730657265017908,right-invariant board-normalized SE(3) log
E2,ihawk2,40.0,cross_pose,20260808_131913,marker_0,,10.949889358377403,-7.355409812924967,-2.9586278674853577,0.02810648476800987,0.009346353737095508,0.00656865640815553,right-invariant board-normalized SE(3) log
E2,ihawk2,40.0,cross_pose,20260808_141232,marker_0,,9.687476293930898,-6.8294511802435425,-2.5562345013302,0.03210388944639689,0.019500274988968707,0.008511747403517279,right-invariant board-normalized SE(3) log
E2,ihawk2,40.0,cross_pose,20260808_145501,marker_0,,9.504003108755478,-7.799864860172095,-2.699465151033388,0.02082155913009759,0.02293274708222411,0.009211420976433068,right-invariant board-normalized SE(3) log
E2,ihawk2,40.0,cross_pose,20260808_151001,marker_0,,11.171777079255065,-7.037184668313378,-3.78380512374302,0.031248497258937483,0.006535768511800216,0.005793054723417435,right-invariant board-normalized SE(3) log
E2,ihawk2,40.0,cross_pose,20260808_162715,marker_0,,15.57707458338227,-8.478472166499138,-7.035606037635892,0.021422561451671283,0.005594135946850806,-0.0005434425460288187,right-invariant board-normalized SE(3) log
E2,ihawk2,40.0,cross_pose,20260808_131913,marker_1,,-9.615822043512994,-8.799354070017671,2.2555200394984767,0.0026217351881120806,-0.012397071931159694,9.78972009660403e-05,right-invariant board-normalized SE(3) log
E2,ihawk2,40.0,cross_pose,20260808_141232,marker_1,,-9.873231676295244,-8.773229421669624,1.7227984758310253,0.004842970589709347,-0.02388457805091939,-0.002028188292844982,right-invariant board-normalized SE(3) log
E2,ihawk2,40.0,cross_pose,20260808_145501,marker_1,,-8.180902856398722,-8.254862556559889,0.08905915043211908,0.006350933541450935,-0.02180709636453235,-0.001520532537082427,right-invariant board-normalized SE(3) log
E2,ihawk2,40.0,cross_pose,20260808_151001,marker_1,,-9.426406388366393,-8.9323115483932,1.4618932700342786,0.00877361900412124,-0.015894134163101776,0.0030112933031199336,right-invariant board-normalized SE(3) log
E2,ihawk2,40.0,cross_pose,20260808_162715,marker_1,,-7.425165002021693,-10.20745969212072,-0.7651042248531263,0.0007013259899222249,-0.02049077651071912,-0.008578056250346447,right-invariant board-normalized SE(3) log
E2,ihawk2,40.0,cross_pose,20260808_131913,marker_2,,7.832404621592511,7.943761420044063,-1.2908740665154468,-0.019852684142780887,0.02180150228744686,-0.0023836231199476175,right-invariant board-normalized SE(3) log
E2,ihawk2,40.0,cross_pose,20260808_141232,marker_2,,8.42102557701071,7.804919981566055,-0.935880839901273,-0.021108783559860532,0.023554893909324075,-0.005383837702793505,right-invariant board-normalized SE(3) log
E2,ihawk2,40.0,cross_pose,20260808_145501,marker_2,,8.412368379071353,8.1430477852612,-0.325982687012911,-0.010587337081673956,0.015059358015052732,-0.001968595952527514,right-invariant board-normalized SE(3) log
E2,ihawk2,40.0,cross_pose,20260808_151001,marker_2,,9.050011796525094,7.8595913485438045,-1.7646164337455876,-0.019949023400294176,0.024086604288909127,-0.005286176991667953,right-invariant board-normalized SE(3) log
E2,ihawk2,40.0,cross_pose,20260808_162715,marker_2,,-7.9341075781343875,14.05664964379477,12.432422754307236,0.010248822309071396,0.043663316516843347,0.021483268163963884,right-invariant board-normalized SE(3) log
E2,ihawk2,40.0,cross_pose,20260808_131913,marker_3,,-8.592061244360979,8.367346964113578,0.1794237624926927,-0.01356480012446386,-0.016904153703325955,-0.0047177345802157785,right-invariant board-normalized SE(3) log
E2,ihawk2,40.0,cross_pose,20260808_141232,marker_3,,-8.71898074768439,7.773973844143998,0.06073063682831382,-0.014188419063246485,-0.02203920302273592,-0.0005361978949272487,right-invariant board-normalized SE(3) log
E2,ihawk2,40.0,cross_pose,20260808_145501,marker_3,,-9.801737666877086,8.499386601860142,1.7237541300683705,-0.009826108533860104,-0.018754584098659936,-0.005654706168719245,right-invariant board-normalized SE(3) log
E2,ihawk2,40.0,cross_pose,20260808_151001,marker_3,,-9.402603603838184,8.432131105049958,1.4343285475975538,-0.013672826832218665,-0.019485371321143266,-0.0032902574778285293,right-invariant board-normalized SE(3) log
E2,ihawk2,40.0,cross_pose,20260808_162715,marker_3,,-3.71823976004403,6.6966053973291775,-3.761592430335718,-0.016902109587913182,-0.032304612172289485,-0.007723877575899942,right-invariant board-normalized SE(3) log
E2,ihawk2,40.0,cross_pose,20260808_131913,marker_4,,-0.5744106920958045,-0.15634450121494495,1.8145581320094037,0.0026892643111681635,-0.001846630390086664,0.00043480409104893955,right-invariant board-normalized SE(3) log
E2,ihawk2,40.0,cross_pose,20260808_141232,marker_4,,0.4837105530379882,0.023786776203163464,1.7085862285723459,-0.001649657413006914,0.0028686121753657015,-0.0005635235129524504,right-invariant board-normalized SE(3) log
E2,ihawk2,40.0,cross_pose,20260808_145501,marker_4,,0.06626903544880128,-0.5877069703893302,1.2126345575458866,-0.006759047056050297,0.0025695753659338858,-6.758631810481114e-05,right-invariant board-normalized SE(3) log
E2,ihawk2,40.0,cross_pose,20260808_151001,marker_4,,-1.392778883575553,-0.32222623688720664,2.652199739856825,-0.006400266030554073,0.004757132683536987,-0.00022791355704395382,right-invariant board-normalized SE(3) log
E2,ihawk2,40.0,cross_pose,20260808_162715,marker_4,,3.500437756817973,-2.0673231825041003,-0.8701200614824112,-0.015470600162749383,0.003537936219316392,-0.004637891791687286,right-invariant board-normalized SE(3) log
E2,ihawk2,45.0,within_pose,20260808_131913,marker_0,1,-0.06642338163519765,-0.01606506942155526,0.10099793394344299,-7.395773628574369e-05,0.0003748929526973667,0.0005979834843722804,right-invariant board-normalized SE(3) log
E2,ihawk2,45.0,within_pose,20260808_131913,marker_0,2,0.06921000164738916,0.030694537061746924,-0.12846075629977569,0.00018732721104992064,-0.0002624860358307365,-0.0005069259499552254,right-invariant board-normalized SE(3) log
E2,ihawk2,45.0,within_pose,20260808_131913,marker_0,3,-0.0027866200120071944,-0.01462946764020654,0.027462822356286755,-0.00011336947403089134,-0.00011240691614250804,-9.105753383241971e-05,right-invariant board-normalized SE(3) log
E2,ihawk2,45.0,within_pose,20260808_141232,marker_0,1,-0.2540756125145268,-0.1522862210885206,0.342500023729239,-0.0012664342211494756,-9.458919738639436e-06,-0.000405282793037239,right-invariant board-normalized SE(3) log
E2,ihawk2,45.0,within_pose,20260808_141232,marker_0,2,0.2819665382514975,0.08245295862259604,-0.14453073715481532,5.907774364889496e-05,-0.0012086845700176319,-0.00025579456223431157,right-invariant board-normalized SE(3) log
E2,ihawk2,45.0,within_pose,20260808_141232,marker_0,3,-0.027890925736831548,0.0698332624659349,-0.19796928657443671,0.0012073564775802784,0.001218143489665468,0.0006610773552762714,right-invariant board-normalized SE(3) log
E2,ihawk2,45.0,within_pose,20260808_145501,marker_0,1,0.21152693013358873,0.0994551934237994,-0.1684134209867765,0.0004373241116293763,-0.0004954824885088741,0.0001888558354769404,right-invariant board-normalized SE(3) log
E2,ihawk2,45.0,within_pose,20260808_145501,marker_0,2,-0.037633551151443595,-0.015997834338276513,0.008605900385519035,-0.0001523266972463864,0.0003644059618140372,3.320874228830357e-05,right-invariant board-normalized SE(3) log
E2,ihawk2,45.0,within_pose,20260808_145501,marker_0,3,-0.17389337898216878,-0.08345735908555649,0.15980752060106862,-0.00028499741453229607,0.00013107652685773595,-0.00022206457783297006,right-invariant board-normalized SE(3) log
E2,ihawk2,45.0,within_pose,20260808_151001,marker_0,1,-0.2419449562116465,-0.0450918915259112,0.15182488558472335,0.0002652647628237079,0.0005492863033853845,0.00013088412843161658,right-invariant board-normalized SE(3) log
E2,ihawk2,45.0,within_pose,20260808_151001,marker_0,2,0.05251637961509541,-0.014206298614691195,-0.0037431373794016604,-0.0003333629917517913,-0.0003043526833406441,-0.00023515504273105174,right-invariant board-normalized SE(3) log
E2,ihawk2,45.0,within_pose,20260808_151001,marker_0,3,0.1894285765964671,0.059298190140605764,-0.14808174820515413,6.809822865216506e-05,-0.00024493362041652834,0.0001042709141267529,right-invariant board-normalized SE(3) log
E2,ihawk2,45.0,within_pose,20260808_162715,marker_0,1,-0.023459626371810604,-0.019046173316349172,0.0037918179661319993,6.967230832619732e-05,-0.00022049515558704636,-0.00026853845617264856,right-invariant board-normalized SE(3) log
E2,ihawk2,45.0,within_pose,20260808_162715,marker_0,2,0.12260236451033914,0.030835800611064338,-0.04240934380176707,-0.00023049988441162613,-0.00041575626405036483,-0.00010446983774662318,right-invariant board-normalized SE(3) log
E2,ihawk2,45.0,within_pose,20260808_162715,marker_0,3,-0.09914273813843012,-0.011789627294699678,0.03861752583566319,0.0001608275756752462,0.0006362514192472167,0.000373008294036585,right-invariant board-normalized SE(3) log
E2,ihawk2,45.0,within_pose,20260808_131913,marker_1,1,0.007597185047328423,-0.018380965517452042,0.055391932270043735,-0.0006798341642781513,-0.0005033641605019383,-0.00017739533292139898,right-invariant board-normalized SE(3) log
E2,ihawk2,45.0,within_pose,20260808_131913,marker_1,2,-0.01634599365079336,0.002328765429594262,-0.06873241635330223,0.001303430551778091,0.0010613677572710728,0.0006500938439942606,right-invariant board-normalized SE(3) log
E2,ihawk2,45.0,within_pose,20260808_131913,marker_1,3,0.008748808603587444,0.016052200087860898,0.01334048408335429,-0.0006235963874384027,-0.0005580035967456069,-0.00047269851112747673,right-invariant board-normalized SE(3) log
E2,ihawk2,45.0,within_pose,20260808_141232,marker_1,1,0.1588597172596118,0.009937230175258487,-0.09001861473252812,1.4231758768942693e-05,-0.0003629576038397957,0.0003963811119011081,right-invariant board-normalized SE(3) log
E2,ihawk2,45.0,within_pose,20260808_141232,marker_1,2,-0.22344508877782202,-0.02453335355346957,0.12835899337595252,0.0002719029505390186,0.0009742832434606882,-0.00028209297403093296,right-invariant board-normalized SE(3) log
E2,ihawk2,45.0,within_pose,20260808_141232,marker_1,3,0.06458537151814596,0.014596123378211333,-0.03834037864335194,-0.00028613470914013654,-0.0006113256391739617,-0.00011428813789096824,right-invariant board-normalized SE(3) log
E2,ihawk2,45.0,within_pose,20260808_145501,marker_1,1,-0.047766637321608664,-0.025666477056554952,0.06990178325167247,-0.00030997671654180457,9.018635376810642e-05,-4.05263418738879e-05,right-invariant board-normalized SE(3) log
E2,ihawk2,45.0,within_pose,20260808_145501,marker_1,2,-0.1292317009097861,-0.0647854881246825,0.09445686030337272,0.000523994759197854,0.0007717541583590975,0.0005405876513389301,right-invariant board-normalized SE(3) log
E2,ihawk2,45.0,within_pose,20260808_145501,marker_1,3,0.17699833823144387,0.09045196518125118,-0.16435864355513838,-0.00021401804268835235,-0.0008619405121777552,-0.0005000613094998795,right-invariant board-normalized SE(3) log
E2,ihawk2,45.0,within_pose,20260808_151001,marker_1,1,-0.34367732122771016,-0.07188451692738644,0.2134324173099723,0.0004641021166357766,0.0009289273245672461,4.7309131610024816e-05,right-invariant board-normalized SE(3) log
E2,ihawk2,45.0,within_pose,20260808_151001,marker_1,2,0.34778835529693397,0.028391990226998957,-0.22641887070139505,-2.2540633197137353e-05,-0.0008068325581424057,0.00040999878422487754,right-invariant board-normalized SE(3) log
E2,ihawk2,45.0,within_pose,20260808_151001,marker_1,3,-0.004111034069214609,0.043492526700389694,0.012986453391329283,-0.00044156148322632623,-0.00012209476652658502,-0.0004573079155281803,right-invariant board-normalized SE(3) log
E2,ihawk2,45.0,within_pose,20260808_162715,marker_1,1,0.229614446761473,0.032662059628127675,-0.14289588283191673,-0.0006727292238679489,-0.001469670708475515,-0.0001937381240980827,right-invariant board-normalized SE(3) log
E2,ihawk2,45.0,within_pose,20260808_162715,marker_1,2,-0.18789897178787074,-0.021144889076507266,0.06897697011554771,0.0008848485917228052,0.0009358203676912729,0.0002762705057616476,right-invariant board-normalized SE(3) log
E2,ihawk2,45.0,within_pose,20260808_162715,marker_1,3,-0.04171547497369132,-0.011517170551608665,0.07391891271645502,-0.00021211936785630133,0.0005338503403113751,-8.2532381653886e-05,right-invariant board-normalized SE(3) log
E2,ihawk2,45.0,within_pose,20260808_131913,marker_2,1,-0.022954991124686713,-0.03756921083305221,-0.11768811849415702,-0.0007503766572297597,0.00015703577153968251,-1.190651957501294e-05,right-invariant board-normalized SE(3) log
E2,ihawk2,45.0,within_pose,20260808_131913,marker_2,2,-0.21283284827409366,0.08683154516468945,0.30778541943275095,0.0007399941496652113,0.00021926692063676037,-0.0001454140739359261,right-invariant board-normalized SE(3) log
E2,ihawk2,45.0,within_pose,20260808_131913,marker_2,3,0.23578783939885115,-0.04926233433165813,-0.19009730093875332,1.0382507783865924e-05,-0.0003763026926688055,0.00015732059370195955,right-invariant board-normalized SE(3) log
E2,ihawk2,45.0,within_pose,20260808_141232,marker_2,1,-0.012715021133506475,0.0014985476094887173,-0.00597683974945668,-0.00012894268715400216,0.00016568946125613055,-0.00012551911997099447,right-invariant board-normalized SE(3) log
E2,ihawk2,45.0,within_pose,20260808_141232,marker_2,2,0.0604072052547513,-0.007809020883595537,-0.06538079300868177,0.00011307636543090282,-0.00017971620422592573,0.0002743083212046225,right-invariant board-normalized SE(3) log
E2,ihawk2,45.0,within_pose,20260808_141232,marker_2,3,-0.04769218412141246,0.006310473274137227,0.071357632758298,1.5866321709530113e-05,1.4026742990307895e-05,-0.0001487892012615437,right-invariant board-normalized SE(3) log
E2,ihawk2,45.0,within_pose,20260808_145501,marker_2,1,0.002621696723336191,-0.035958572906776155,-0.03208864026015215,-0.00033516005456778577,0.00048813804225805686,-0.0006233046332893993,right-invariant board-normalized SE(3) log
E2,ihawk2,45.0,within_pose,20260808_145501,marker_2,2,0.015037931884219513,0.05026751798164719,0.1287771316258933,0.0008592944117238746,-0.0005580483967246262,0.00034517298239751206,right-invariant board-normalized SE(3) log
E2,ihawk2,45.0,within_pose,20260808_145501,marker_2,3,-0.01765962860746231,-0.014308945074859738,-0.0966884913657713,-0.0005241343571375203,6.991035447046843e-05,0.00027813165087061043,right-invariant board-normalized SE(3) log
E2,ihawk2,45.0,within_pose,20260808_151001,marker_2,1,-0.008817919685428648,0.005240170017056873,0.018579988459473947,-5.037814402505461e-05,-0.0001705700346288321,6.975003170868526e-06,right-invariant board-normalized SE(3) log
E2,ihawk2,45.0,within_pose,20260808_151001,marker_2,2,-0.022284742964107127,-0.015345452915528681,-0.016199444009166956,-0.00034016350469306755,0.00011056884206226687,-0.00020754558247833077,right-invariant board-normalized SE(3) log
E2,ihawk2,45.0,within_pose,20260808_151001,marker_2,3,0.031102662649584518,0.010105282898461418,-0.0023805444501487157,0.00039054164856744335,6.00011925207223e-05,0.0002005705792346771,right-invariant board-normalized SE(3) log
E2,ihawk2,45.0,within_pose,20260808_162715,marker_2,1,0.16107093131465533,-0.022637373997464703,-0.0630147157014617,-0.000126274122492784,-0.0013062485377673832,0.0004878795411451837,right-invariant board-normalized SE(3) log
E2,ihawk2,45.0,within_pose,20260808_162715,marker_2,2,-0.1356926968317215,0.0479057483125256,0.1413972391620923,0.0006891755214019473,0.0009454139967845598,-0.0002982308182061598,right-invariant board-normalized SE(3) log
E2,ihawk2,45.0,within_pose,20260808_162715,marker_2,3,-0.025378234482709313,-0.025268374315049063,-0.07838252346072058,-0.0005629013988779686,0.0003608345412541018,-0.0001896487230398444,right-invariant board-normalized SE(3) log
E2,ihawk2,45.0,within_pose,20260808_131913,marker_3,1,-0.06034577839997159,-0.008278393139769738,0.008806923425539466,-0.0002778655379564441,0.00043990716839636306,8.612552992564143e-05,right-invariant board-normalized SE(3) log
E2,ihawk2,45.0,within_pose,20260808_131913,marker_3,2,0.11643130028120914,-0.008164243766707031,-0.06996315987096009,0.00016730105893531067,-0.0004481155628104328,-8.258250874667082e-05,right-invariant board-normalized SE(3) log
E2,ihawk2,45.0,within_pose,20260808_131913,marker_3,3,-0.056085521881210194,0.016442636906476217,0.06115623644537927,0.00011056447931034968,8.2083940071261e-06,-3.5430212600731945e-06,right-invariant board-normalized SE(3) log
E2,ihawk2,45.0,within_pose,20260808_141232,marker_3,1,-0.09260952653403234,0.0272800218524144,0.10111204887118809,0.00019717539717984713,0.00013721955969813346,-6.664615407066713e-05,right-invariant board-normalized SE(3) log
E2,ihawk2,45.0,within_pose,20260808_141232,marker_3,2,-0.06174287230639398,0.007079396975706554,0.12350962370256927,0.000570657212281757,0.0004403030234472059,0.00023174207947969215,right-invariant board-normalized SE(3) log
E2,ihawk2,45.0,within_pose,20260808_141232,marker_3,3,0.15435239884047816,-0.03435941882813558,-0.2246216725735364,-0.0007678326103708138,-0.0005775225837860231,-0.00016509592517969873,right-invariant board-normalized SE(3) log
E2,ihawk2,45.0,within_pose,20260808_145501,marker_3,1,-0.15741496647261277,0.05493797202684632,0.15149590925971976,-0.00016065561114216788,0.0005691334282914887,-0.0004601218177422163,right-invariant board-normalized SE(3) log
E2,ihawk2,45.0,within_pose,20260808_145501,marker_3,2,0.07020512697428949,-0.02881860952957543,-0.08748808407215819,-0.00027377671918338737,-0.0002635666679002316,-1.222518357598837e-05,right-invariant board-normalized SE(3) log
E2,ihawk2,45.0,within_pose,20260808_145501,marker_3,3,0.08720983949820907,-0.02611936249721531,-0.06400782518749848,0.00043443232996594135,-0.0003055667607315525,0.0004723470012984458,right-invariant board-normalized SE(3) log
E2,ihawk2,45.0,within_pose,20260808_151001,marker_3,1,0.46860064843156185,0.006845832138798249,-0.23524137086309063,0.00048450816298535967,-0.0011656247846921343,-0.0009161938397670497,right-invariant board-normalized SE(3) log
E2,ihawk2,45.0,within_pose,20260808_151001,marker_3,2,-0.04793892564495627,-0.029754694327359187,-0.024506997666673417,-5.697178073263335e-05,-3.320486266795134e-06,0.00041139324648781396,right-invariant board-normalized SE(3) log
E2,ihawk2,45.0,within_pose,20260808_151001,marker_3,3,-0.4206617227867877,0.022908862188578162,0.2597483685296908,-0.0004275363822212504,0.0011689452709044775,0.0005048005931736762,right-invariant board-normalized SE(3) log
E2,ihawk2,45.0,within_pose,20260808_162715,marker_3,1,0.06021053256718916,0.00844793311962694,-0.06187944044544319,-0.00017014486902465267,-0.00028829995201806144,-0.00022168695986610703,right-invariant board-normalized SE(3) log
E2,ihawk2,45.0,within_pose,20260808_162715,marker_3,2,-0.0740621921626091,0.024339141845740105,0.06480195570579543,5.202445234730317e-05,0.00013711196387849577,-9.355953460560485e-06,right-invariant board-normalized SE(3) log
E2,ihawk2,45.0,within_pose,20260808_162715,marker_3,3,0.013851659595325545,-0.0327870749653763,-0.002922515260306309,0.00011812041704256246,0.00015118798936963863,0.00023104291283939754,right-invariant board-normalized SE(3) log
E2,ihawk2,45.0,within_pose,20260808_131913,marker_4,1,0.18356384351821764,0.03547492159530996,-0.1291530026349467,0.0008016189615348692,-0.0006173406727084181,0.0003478687039830409,right-invariant board-normalized SE(3) log
E2,ihawk2,45.0,within_pose,20260808_131913,marker_4,2,-0.2567876566887007,-0.03220541385424616,0.17855280089511721,-0.0005370804911010779,0.0009224388071885164,-0.00021842633645401905,right-invariant board-normalized SE(3) log
E2,ihawk2,45.0,within_pose,20260808_131913,marker_4,3,0.07322381317058944,-0.00326950774108023,-0.0493997982602199,-0.00026453847038515035,-0.000305098134511752,-0.00012944236750774834,right-invariant board-normalized SE(3) log
E2,ihawk2,45.0,within_pose,20260808_141232,marker_4,1,0.025769148464116598,0.0005033172976989747,-0.012472803488001422,-3.8857620222727314e-05,-0.00012704408583152422,-1.969597310947022e-05,right-invariant board-normalized SE(3) log
E2,ihawk2,45.0,within_pose,20260808_141232,marker_4,2,-0.10277412116006343,-0.0035049681373593555,0.053375715289793894,0.0001970251561385011,0.0004493026986475618,-0.00011400151755959377,right-invariant board-normalized SE(3) log
E2,ihawk2,45.0,within_pose,20260808_141232,marker_4,3,0.07700497269596705,0.003001650839638084,-0.040902911801849226,-0.0001581675362452328,-0.0003222586133661029,0.00013369749108059256,right-invariant board-normalized SE(3) log
E2,ihawk2,45.0,within_pose,20260808_145501,marker_4,1,-0.06089803508647328,-0.004387525937555253,0.028982552813038416,-4.6833208180061863e-05,0.00045365473493874235,6.206912658686398e-06,right-invariant board-normalized SE(3) log
E2,ihawk2,45.0,within_pose,20260808_145501,marker_4,2,0.0015348347782156177,-0.019309703252728492,0.002046954592739171,-0.00046932839912689465,-0.000274664758994531,7.883999578666928e-05,right-invariant board-normalized SE(3) log
E2,ihawk2,45.0,within_pose,20260808_145501,marker_4,3,0.05936320030815861,0.02369722919026928,-0.031029507405878776,0.0005161616078875577,-0.0001789899761263354,-8.504690854108732e-05,right-invariant board-normalized SE(3) log
E2,ihawk2,45.0,within_pose,20260808_151001,marker_4,1,0.03719998697218884,-0.00395619322792766,-0.033812405881481204,-0.00034926436966498906,-0.0001958363040837927,1.0403848852594877e-05,right-invariant board-normalized SE(3) log
E2,ihawk2,45.0,within_pose,20260808_151001,marker_4,2,0.027686850443656607,0.015363257951902897,-0.015252757977126398,0.0002518890514443552,-8.318699999615796e-05,1.3428172511770784e-05,right-invariant board-normalized SE(3) log
E2,ihawk2,45.0,within_pose,20260808_151001,marker_4,3,-0.0648868374158293,-0.011407064724005158,0.049065163858647905,9.737531872205086e-05,0.00027902330401134907,-2.3832021346677205e-05,right-invariant board-normalized SE(3) log
E2,ihawk2,45.0,within_pose,20260808_162715,marker_4,1,-0.12304734820360218,-0.026416968007745175,0.09316148913307878,-0.0004533466293644406,2.6866689816486135e-05,-0.00037428323895374725,right-invariant board-normalized SE(3) log
E2,ihawk2,45.0,within_pose,20260808_162715,marker_4,2,-0.0017832933580929175,-0.002217034222715875,0.015205395877695697,0.00013072795343654255,-0.0001602348241875754,-0.0001285541287809306,right-invariant board-normalized SE(3) log
E2,ihawk2,45.0,within_pose,20260808_162715,marker_4,3,0.12483064156187704,0.028634002230467682,-0.1083668850106902,0.00032261867661334575,0.00013336813385321503,0.0005028373675603558,right-invariant board-normalized SE(3) log
E2,ihawk2,45.0,between_run,20260808_131913,all_poses,,-2.491646177799828,-1.6989967751971222,-1.5399688961752291,-0.003798930199106388,0.002195129765637672,-0.0026447272842220846,right-invariant board-normalized SE(3) log
E2,ihawk2,45.0,between_run,20260808_141232,all_poses,,-3.3010204906173914,4.642487793317104,3.749810472934434,-0.0029271342608886124,0.0004752036375173095,-0.01812650716741632,right-invariant board-normalized SE(3) log
E2,ihawk2,45.0,between_run,20260808_145501,all_poses,,1.2914464011400821,0.5134396764361795,-0.6383913854343243,0.0006814185177003894,0.005419601002798107,-0.009725529921407886,right-invariant board-normalized SE(3) log
E2,ihawk2,45.0,between_run,20260808_151001,all_poses,,0.756376205897938,-1.4456984818662297,-1.4209300941210767,0.0016115208782426025,0.00023281227288457276,0.025117383839799317,right-invariant board-normalized SE(3) log
E2,ihawk2,45.0,between_run,20260808_162715,all_poses,,3.744844061378895,-2.011232212689954,-0.15052009720386147,0.004433125064058851,-0.008322746678840393,0.005379380533228914,right-invariant board-normalized SE(3) log
E2,ihawk2,45.0,cross_pose,20260808_131913,marker_0,,9.468542467228348,-7.104809555304122,-1.209878116279986,0.02744002132593696,0.011771449856442132,0.006871699782147767,right-invariant board-normalized SE(3) log
E2,ihawk2,45.0,cross_pose,20260808_141232,marker_0,,17.796409956990185,-5.411392420009696,-8.417771877308569,0.03488212563514475,0.005993502445372555,0.010206181749820648,right-invariant board-normalized SE(3) log
E2,ihawk2,45.0,cross_pose,20260808_145501,marker_0,,10.59872185302555,-7.290773208851279,-4.082927510123561,0.022558725217149397,0.022775749602346716,0.005595561331792434,right-invariant board-normalized SE(3) log
E2,ihawk2,45.0,cross_pose,20260808_151001,marker_0,,11.34163327873222,-6.8742980436452585,-3.789381569416515,0.0301446012018878,0.0096197393792555,0.006334005310572174,right-invariant board-normalized SE(3) log
E2,ihawk2,45.0,cross_pose,20260808_162715,marker_0,,10.400586398603078,-7.261725812486188,-2.6106950493700065,0.025687594237552677,0.01358748493721907,0.005767104956935563,right-invariant board-normalized SE(3) log
E2,ihawk2,45.0,cross_pose,20260808_131913,marker_1,,-9.75145210409305,-8.467536660103077,2.6502781089320293,0.007318294161197454,-0.014318402954189974,0.0012638405925439352,right-invariant board-normalized SE(3) log
E2,ihawk2,45.0,cross_pose,20260808_141232,marker_1,,-36.918065632806375,-14.382293754857525,20.96776494055004,-0.008612406015242897,0.01874234565572296,-0.023076914490842926,right-invariant board-normalized SE(3) log
E2,ihawk2,45.0,cross_pose,20260808_145501,marker_1,,-9.244674663486139,-9.317041692004873,1.964050725171636,0.0017276843425967495,-0.020187475781112407,0.0016657050512321608,right-invariant board-normalized SE(3) log
E2,ihawk2,45.0,cross_pose,20260808_151001,marker_1,,-8.630056980134073,-8.380299986031234,1.2582650553527146,0.0038146387563546876,-0.01951033983214873,-0.0013388090310269877,right-invariant board-normalized SE(3) log
E2,ihawk2,45.0,cross_pose,20260808_162715,marker_1,,-10.573854342832634,-8.619792081171356,1.360986128163846,0.010377284591792922,-0.010182847343749576,-0.0006332322702652006,right-invariant board-normalized SE(3) log
E2,ihawk2,45.0,cross_pose,20260808_131913,marker_2,,7.383917210642702,7.791933022745076,-1.4340679260147569,-0.022124020874399596,0.02278781686640865,-0.0038005982076702834,right-invariant board-normalized SE(3) log
E2,ihawk2,45.0,cross_pose,20260808_141232,marker_2,,15.393449590774345,9.347882727154525,-5.015470023407838,-0.013073652380371725,0.0047107601850627946,0.003712160128143048,right-invariant board-normalized SE(3) log
E2,ihawk2,45.0,cross_pose,20260808_145501,marker_2,,8.77303615609718,8.028510707907,-1.3625194529492504,-0.015287006268264722,0.016783857962114485,-0.0037709682579789394,right-invariant board-normalized SE(3) log
E2,ihawk2,45.0,cross_pose,20260808_151001,marker_2,,6.956775295793527,7.679018829957451,-0.8343742920683793,-0.018922284401006895,0.03279212072310102,-0.004149961247699016,right-invariant board-normalized SE(3) log
E2,ihawk2,45.0,cross_pose,20260808_162715,marker_2,,9.392173954462615,7.919793915830832,-0.9897023704942355,-0.016768348261878098,0.014750759850388661,-0.0026921017066097704,right-invariant board-normalized SE(3) log
E2,ihawk2,45.0,cross_pose,20260808_131913,marker_3,,-6.451244934752475,7.512384795415927,-1.9561669133287032,-0.01652421758696987,-0.01971651322572419,-0.0037325548436166517,right-invariant board-normalized SE(3) log
E2,ihawk2,45.0,cross_pose,20260808_141232,marker_3,,-1.9988316565467785,9.411721600253554,-5.026415817161121,-0.01187560088913329,-0.0305150889360277,0.0026174415583125514,right-invariant board-normalized SE(3) log
E2,ihawk2,45.0,cross_pose,20260808_145501,marker_3,,-10.003378974047871,8.731866821594515,1.9871168967128179,-0.008973677374430349,-0.01874625499933243,-0.0036065249520370385,right-invariant board-normalized SE(3) log
E2,ihawk2,45.0,cross_pose,20260808_151001,marker_3,,-8.975610002825595,7.977340382378927,0.8971629527993676,-0.01255602662254753,-0.023870866922219066,-0.00030877736992726546,right-invariant board-normalized SE(3) log
E2,ihawk2,45.0,cross_pose,20260808_162715,marker_3,,-8.87356810006591,8.420201724750857,0.3805479840789591,-0.009521766714944898,-0.024011793841360655,-0.0021419970743513433,right-invariant board-normalized SE(3) log
E2,ihawk2,45.0,cross_pose,20260808_131913,marker_4,,-0.64976263902561,0.2680283972461888,1.9498348466914932,0.0038899229742340685,-0.0005243505429362457,-0.0006023873234054267,right-invariant board-normalized SE(3) log
E2,ihawk2,45.0,cross_pose,20260808_141232,marker_4,,5.727037741588463,1.0340818474591338,-2.5081072226721743,-0.0013204663503993735,0.0010684806498711746,0.006541131054572707,right-invariant board-normalized SE(3) log
E2,ihawk2,45.0,cross_pose,20260808_145501,marker_4,,-0.12370437158883912,-0.1525626286453359,1.4942793411882818,-2.57259170478385e-05,-0.0006258767840125989,0.00011622682699137399,right-invariant board-normalized SE(3) log
E2,ihawk2,45.0,cross_pose,20260808_151001,marker_4,,-0.6927415915659321,-0.40176118265997574,2.468327853333012,-0.002480928934749686,0.0009693466520296533,-0.0005364576619322325,right-invariant board-normalized SE(3) log
E2,ihawk2,45.0,cross_pose,20260808_162715,marker_4,,-0.3453379101671596,-0.45847774692413035,1.8588633076212782,-0.009774763852530602,0.005856396397505096,-0.00029977390570924315,right-invariant board-normalized SE(3) log
E2,ihawk2,50.0,within_pose,20260808_131913,marker_0,1,-0.08808493115299156,-0.032023051845589096,-0.013642108636975892,0.00023629622020456963,0.00024737246300554156,-0.00037094328480719713,right-invariant board-normalized SE(3) log
E2,ihawk2,50.0,within_pose,20260808_131913,marker_0,2,0.06513197783498566,-0.017858198406204222,0.01729579541813507,-0.00026975813931300833,-0.0006546374860707389,-0.00031770186514182264,right-invariant board-normalized SE(3) log
E2,ihawk2,50.0,within_pose,20260808_131913,marker_0,3,0.02295295331804687,0.04988125025179944,-0.0036536867810750937,3.3461918851678735e-05,0.0004072650230921668,0.0006886451509410349,right-invariant board-normalized SE(3) log
E2,ihawk2,50.0,within_pose,20260808_141232,marker_0,1,-0.019568351390600817,-0.05398482643523363,0.1039443906104245,-0.0005575885009901589,-0.00046221644257718074,-0.0002760135340745681,right-invariant board-normalized SE(3) log
E2,ihawk2,50.0,within_pose,20260808_141232,marker_0,2,0.0218453234627131,0.031994006857809794,-0.07121121706743255,0.0003340229631474115,0.0002360241954686122,0.00015456131389529135,right-invariant board-normalized SE(3) log
E2,ihawk2,50.0,within_pose,20260808_141232,marker_0,3,-0.002276972071968913,0.021990819577424593,-0.03273317354298438,0.00022356553760417567,0.00022619224696242653,0.00012145222007478919,right-invariant board-normalized SE(3) log
E2,ihawk2,50.0,within_pose,20260808_145501,marker_0,1,-0.14056748569728864,-0.03325101603384945,0.06630363654026518,-0.00019765888421322957,0.0008588871868918291,0.0003118569901210684,right-invariant board-normalized SE(3) log
E2,ihawk2,50.0,within_pose,20260808_145501,marker_0,2,-0.06994949367513598,-0.012048090202519448,0.04084825106246122,0.00020898592889358113,0.00019862463237810244,0.00022359998446435644,right-invariant board-normalized SE(3) log
E2,ihawk2,50.0,within_pose,20260808_145501,marker_0,3,0.21051697937233266,0.045299106236395985,-0.10715188760272058,-1.132704438349835e-05,-0.0010575118190620048,-0.0005354569743049096,right-invariant board-normalized SE(3) log
E2,ihawk2,50.0,within_pose,20260808_151001,marker_0,1,0.13165452861779253,-0.06418971936723065,-0.09202521993780234,0.00015076587268057645,-0.0015225279149625604,-0.0014448714754652626,right-invariant board-normalized SE(3) log
E2,ihawk2,50.0,within_pose,20260808_151001,marker_0,2,0.05427754566326261,0.07211241205261425,-0.07507130833806595,-0.00015159990291730297,0.0007515021817120542,0.0006055994623235415,right-invariant board-normalized SE(3) log
E2,ihawk2,50.0,within_pose,20260808_151001,marker_0,3,-0.18593207428094627,-0.007922692685368573,0.16709652827590427,8.340302614053713e-07,0.0007710257332801485,0.0008392720132082942,right-invariant board-normalized SE(3) log
E2,ihawk2,50.0,within_pose,20260808_162715,marker_0,1,-0.03368190119883267,-0.04694220772579657,0.02705029077599534,-0.00041250736927091533,0.0001964730932327391,-0.00024388826944591593,right-invariant board-normalized SE(3) log
E2,ihawk2,50.0,within_pose,20260808_162715,marker_0,2,0.018194907978591003,0.051737004320326456,-0.0008247737092175562,0.0003847250096494763,-0.0001441570224638863,0.00040117329432322834,right-invariant board-normalized SE(3) log
E2,ihawk2,50.0,within_pose,20260808_162715,marker_0,3,0.015486993220049088,-0.004794796594508607,-0.026225517066728068,2.7782359496319634e-05,-5.231607069825571e-05,-0.00015728502490260714,right-invariant board-normalized SE(3) log
E2,ihawk2,50.0,within_pose,20260808_131913,marker_1,1,-0.019548624616324683,0.06780901231353628,-0.0590108444725357,-0.0001679029722368396,-0.000569398341630077,-0.0008705644361263113,right-invariant board-normalized SE(3) log
E2,ihawk2,50.0,within_pose,20260808_131913,marker_1,2,-0.0008154169667702205,-0.038916049594618744,0.06422688267157824,-0.00032675162512044154,6.622358593088337e-05,0.00024552849684191257,right-invariant board-normalized SE(3) log
E2,ihawk2,50.0,within_pose,20260808_131913,marker_1,3,0.020364041583255797,-0.028892962718911598,-0.005216038199012652,0.0004946545977870308,0.0005031747556328037,0.0006250359389956255,right-invariant board-normalized SE(3) log
E2,ihawk2,50.0,within_pose,20260808_141232,marker_1,1,-0.2688325943523479,-0.07762656186550722,0.22342291916244478,-0.00011275373468308817,0.0008584258962952092,-6.23922839669894e-05,right-invariant board-normalized SE(3) log
E2,ihawk2,50.0,within_pose,20260808_141232,marker_1,2,0.17813578028228036,0.09092102778621047,-0.21682368189567405,0.0005212521067474087,-0.0006275234450986814,-0.0001762289656672307,right-invariant board-normalized SE(3) log
E2,ihawk2,50.0,within_pose,20260808_141232,marker_1,3,0.090696814069895,-0.013294465920690593,-0.0065992372667806574,-0.0004084983718087482,-0.00023090245118783547,0.00023862124950379586,right-invariant board-normalized SE(3) log
E2,ihawk2,50.0,within_pose,20260808_145501,marker_1,1,0.2115031167386964,-0.010645859225908884,-0.10219518277469578,0.00011208145572788867,1.478718071488093e-05,0.0004903586630375585,right-invariant board-normalized SE(3) log
E2,ihawk2,50.0,within_pose,20260808_145501,marker_1,2,0.03241453876674818,-0.01846163114975936,-0.00022822422045989257,-6.04212209053498e-05,7.754815794645856e-05,0.00026393555505578955,right-invariant board-normalized SE(3) log
E2,ihawk2,50.0,within_pose,20260808_145501,marker_1,3,-0.24391765550536917,0.029107490375683095,0.10242340699520532,-5.1660234751153646e-05,-9.233533882982386e-05,-0.0007542942188801079,right-invariant board-normalized SE(3) log
E2,ihawk2,50.0,within_pose,20260808_151001,marker_1,1,0.3028239116487773,0.08517149721791877,-0.22990182833752137,-0.0002108650071822659,-0.0004429565269767975,-0.0003688981425539962,right-invariant board-normalized SE(3) log
E2,ihawk2,50.0,within_pose,20260808_151001,marker_1,2,-0.2366739229411941,-0.09235022941675582,0.2291276291099128,-3.418149212022171e-06,0.0007482240171378402,0.00044292833712851893,right-invariant board-normalized SE(3) log
E2,ihawk2,50.0,within_pose,20260808_151001,marker_1,3,-0.06614998870748415,0.0071787321988624935,0.0007741992274542441,0.00021428315640277735,-0.0003052674901613769,-7.403019457041477e-05,right-invariant board-normalized SE(3) log
E2,ihawk2,50.0,within_pose,20260808_162715,marker_1,1,0.433795766829029,0.21322125333625838,-0.4850515066846363,0.0007492292395868382,-0.0015702770178262011,-0.0007244204370040313,right-invariant board-normalized SE(3) log
E2,ihawk2,50.0,within_pose,20260808_162715,marker_1,2,-0.45423013746743474,-0.15436165544549985,0.4224615214307355,-0.0005500977412960874,0.00146119135708667,9.271396279788804e-05,right-invariant board-normalized SE(3) log
E2,ihawk2,50.0,within_pose,20260808_162715,marker_1,3,0.02043437063841612,-0.05885959789075029,0.06258998525406312,-0.00019913149827446524,0.00010908566072811922,0.0006317064741580305,right-invariant board-normalized SE(3) log
E2,ihawk2,50.0,within_pose,20260808_131913,marker_2,1,-0.11908640620122421,0.036538543266844074,0.10178956698976119,0.00022209849253090587,0.00022358859669589865,9.189703345704358e-05,right-invariant board-normalized SE(3) log
E2,ihawk2,50.0,within_pose,20260808_131913,marker_2,2,0.29996888509795894,-0.08746060707009418,-0.160252893281348,-0.0002751162001326468,-0.0008966125761085221,-0.00040767845188624297,right-invariant board-normalized SE(3) log
E2,ihawk2,50.0,within_pose,20260808_131913,marker_2,3,-0.1808824788966746,0.05092206380324929,0.05846332629164467,5.301770761254464e-05,0.0006730239796480162,0.00031578141854013333,right-invariant board-normalized SE(3) log
E2,ihawk2,50.0,within_pose,20260808_141232,marker_2,1,-0.4787666177043726,0.0817182074544254,0.22066235578893992,-0.00031832769684877213,0.0013541101732299954,8.584507474717751e-05,right-invariant board-normalized SE(3) log
E2,ihawk2,50.0,within_pose,20260808_141232,marker_2,2,0.2945482075478166,-0.02971822296430427,0.07298852956815811,0.0007927248391104519,-0.0017701668875876445,-0.00014748996824389475,right-invariant board-normalized SE(3) log
E2,ihawk2,50.0,within_pose,20260808_141232,marker_2,3,0.18421841015642526,-0.0519999844900966,-0.2936508853571259,-0.00047439714246681216,0.00041605671448701853,6.164489352128093e-05,right-invariant board-normalized SE(3) log
E2,ihawk2,50.0,within_pose,20260808_145501,marker_2,1,-0.012015886090581301,-0.0010691058213739373,-0.007811649018056208,-3.3439369379128185e-05,0.0003682215384240502,-0.00012834086241587706,right-invariant board-normalized SE(3) log
E2,ihawk2,50.0,within_pose,20260808_145501,marker_2,2,0.008073251094371995,0.023460969007790093,0.007834993976971594,0.00030477338445295313,-9.981911784103165e-05,0.0002141167568461977,right-invariant board-normalized SE(3) log
E2,ihawk2,50.0,within_pose,20260808_145501,marker_2,3,0.0039426349964626845,-0.022391863186420845,-2.3344958932586107e-05,-0.0002713340154523231,-0.00026840242066133253,-8.577589463689627e-05,right-invariant board-normalized SE(3) log
E2,ihawk2,50.0,within_pose,20260808_151001,marker_2,1,-0.03303620494733009,0.01687235883153814,0.0992320942305792,0.0001634421221905646,-0.0002007764938056854,-0.0001824363639355681,right-invariant board-normalized SE(3) log
E2,ihawk2,50.0,within_pose,20260808_151001,marker_2,2,-0.043972843477855246,0.014511609975774952,0.05551862278846812,3.757810133143351e-05,7.807309427715086e-05,-0.0001607842572571337,right-invariant board-normalized SE(3) log
E2,ihawk2,50.0,within_pose,20260808_151001,marker_2,3,0.07700904842501882,-0.031383968807296894,-0.15475071701896412,-0.0002010202239075252,0.00012270339949185908,0.0003432206221110294,right-invariant board-normalized SE(3) log
E2,ihawk2,50.0,within_pose,20260808_162715,marker_2,1,0.22343358440439856,-0.061308831333558134,-0.12003422870193915,-4.714061973677439e-05,-0.000868930101851869,0.000131025124242223,right-invariant board-normalized SE(3) log
E2,ihawk2,50.0,within_pose,20260808_162715,marker_2,2,0.031114269604902534,0.04656718667378023,-0.02514645549993164,0.000577409755314944,-0.00041673397811924355,0.0009690663615266454,right-invariant board-normalized SE(3) log
E2,ihawk2,50.0,within_pose,20260808_162715,marker_2,3,-0.25454785400943736,0.014741644659771696,0.1451806842018029,-0.0005302691356190148,0.0012856640800435442,-0.0011000914858474136,right-invariant board-normalized SE(3) log
E2,ihawk2,50.0,within_pose,20260808_131913,marker_3,1,-0.2529853936530069,0.047846403783460445,0.19225606037404294,-8.923218511492247e-05,0.0008002321856662414,9.119329374188916e-05,right-invariant board-normalized SE(3) log
E2,ihawk2,50.0,within_pose,20260808_131913,marker_3,2,0.14833684840313907,-0.04122085025651926,-0.1333135576071565,-0.0002348243019158267,-0.00026444440880449456,-6.532889909337441e-05,right-invariant board-normalized SE(3) log
E2,ihawk2,50.0,within_pose,20260808_131913,marker_3,3,0.10464854524992155,-0.006625553526895639,-0.05894250276693039,0.000324056486694511,-0.0005357877774597221,-2.5864394770303176e-05,right-invariant board-normalized SE(3) log
E2,ihawk2,50.0,within_pose,20260808_141232,marker_3,1,-0.309366266608208,-0.03988916745539557,0.19762024866527342,0.0003244326447369074,0.0007964014032185751,0.0009112004291111,right-invariant board-normalized SE(3) log
E2,ihawk2,50.0,within_pose,20260808_141232,marker_3,2,-0.1951511228227576,0.03283074946652394,0.16249548253075555,0.0001779100289509514,-9.844867347255126e-05,-1.23371043683107e-05,right-invariant board-normalized SE(3) log
E2,ihawk2,50.0,within_pose,20260808_141232,marker_3,3,0.5045173894309299,0.007058417988888222,-0.36011573119593066,-0.0005023426734961083,-0.0006979527297926334,-0.0008988633246991251,right-invariant board-normalized SE(3) log
E2,ihawk2,50.0,within_pose,20260808_145501,marker_3,1,-0.3256245290516896,0.09076913674617688,0.29262130716796325,0.00016941984699918232,0.0008914078449302872,-0.0003870038970451153,right-invariant board-normalized SE(3) log
E2,ihawk2,50.0,within_pose,20260808_145501,marker_3,2,0.07639083003574214,-0.04778344550713959,-0.10739868052329106,-0.00022928140345590116,4.217722105362192e-05,0.00035587526344080055,right-invariant board-normalized SE(3) log
E2,ihawk2,50.0,within_pose,20260808_145501,marker_3,3,0.2492336990158372,-0.04298569123903617,-0.1852226266447063,5.986155651182934e-05,-0.0009335850660608312,3.1128633527757975e-05,right-invariant board-normalized SE(3) log
E2,ihawk2,50.0,within_pose,20260808_151001,marker_3,1,0.14484861674305735,-0.08794127102651664,-0.19287696947114683,-9.616445500545293e-05,-0.0007980630578296885,0.0005784822337136853,right-invariant board-normalized SE(3) log
E2,ihawk2,50.0,within_pose,20260808_151001,marker_3,2,0.02368370459221697,-0.030561228362098482,-0.0012185453014601695,0.0005217886353009631,-0.00018833822407637337,0.00047809265770227806,right-invariant board-normalized SE(3) log
E2,ihawk2,50.0,within_pose,20260808_151001,marker_3,3,-0.16853232133538365,0.11850249938860453,0.1940955147725134,-0.00042562418029466986,0.0009864012819222662,-0.0010565748914284395,right-invariant board-normalized SE(3) log
E2,ihawk2,50.0,within_pose,20260808_162715,marker_3,1,-0.042116380906376365,0.011072560146453601,0.020982400709337864,-0.00027545298696813204,0.00020695170490866202,-0.00014486229791803196,right-invariant board-normalized SE(3) log
E2,ihawk2,50.0,within_pose,20260808_162715,marker_3,2,-0.18599537056171853,0.01930925983185497,0.1282545632205947,-5.130162744975717e-05,0.0002504340005072978,8.0178279355285e-05,right-invariant board-normalized SE(3) log
E2,ihawk2,50.0,within_pose,20260808_162715,marker_3,3,0.22811175146816623,-0.03038181997829234,-0.1492369639297962,0.00032675461470615464,-0.000457385705456726,6.468401880324682e-05,right-invariant board-normalized SE(3) log
E2,ihawk2,50.0,within_pose,20260808_131913,marker_4,1,-0.3541594676899935,0.01641274067178153,0.22681593909776318,0.0007238870486039325,0.0011628239708454853,-0.00019562536514941618,right-invariant board-normalized SE(3) log
E2,ihawk2,50.0,within_pose,20260808_131913,marker_4,2,0.38556476455386623,0.043739321940429156,-0.24739891693513108,-0.00015669013488777908,-0.0007210097565568027,0.00031160843877628045,right-invariant board-normalized SE(3) log
E2,ihawk2,50.0,within_pose,20260808_131913,marker_4,3,-0.031405296863704565,-0.06015206261222408,0.020582977837357793,-0.0005671969137442217,-0.0004418142145161347,-0.0001159830735146492,right-invariant board-normalized SE(3) log
E2,ihawk2,50.0,within_pose,20260808_141232,marker_4,1,0.06951009070781337,-0.004937539377468842,-0.0480721362961298,-0.00010865997022153296,-0.00039446995853121517,0.00012748084260867963,right-invariant board-normalized SE(3) log
E2,ihawk2,50.0,within_pose,20260808_141232,marker_4,2,-0.010623850874449947,0.0032582457339496024,0.010428902297868128,8.140555994689311e-06,0.00010471698515244603,-0.00013447323810059065,right-invariant board-normalized SE(3) log
E2,ihawk2,50.0,within_pose,20260808_141232,marker_4,3,-0.058886239833427334,0.001679293643513447,0.037643233998156604,0.00010051941423199432,0.0002897529733118931,6.99239562810519e-06,right-invariant board-normalized SE(3) log
E2,ihawk2,50.0,within_pose,20260808_145501,marker_4,1,-0.08273143304344305,-0.009852436741389137,0.059763114987549375,-0.00010930778739859381,0.0002817810978765128,0.0001946447575261572,right-invariant board-normalized SE(3) log
E2,ihawk2,50.0,within_pose,20260808_145501,marker_4,2,0.04031689100808201,0.0017267554815063783,-0.0319146420966581,2.181918550959759e-05,0.00010524904236633674,-0.00024321394284749706,right-invariant board-normalized SE(3) log
E2,ihawk2,50.0,within_pose,20260808_145501,marker_4,3,0.04241454203543987,0.008125681259888842,-0.027848472890854913,8.74886018210503e-05,-0.0003870301399941441,4.856918534920002e-05,right-invariant board-normalized SE(3) log
E2,ihawk2,50.0,within_pose,20260808_151001,marker_4,1,-0.4834285742827432,0.007932449133056917,0.3035192157318948,-6.990695524867139e-05,0.0017647090288896933,0.0010829232477931117,right-invariant board-normalized SE(3) log
E2,ihawk2,50.0,within_pose,20260808_151001,marker_4,2,0.520324452121716,-0.01917948560310788,-0.33357332141263346,-6.0578517167115334e-05,-0.0016528884151617944,-0.00113479920614916,right-invariant board-normalized SE(3) log
E2,ihawk2,50.0,within_pose,20260808_151001,marker_4,3,-0.03689587783900174,0.011247036470016982,0.030054105680839223,0.0001304854718561638,-0.00011182061327827609,5.1875958114050365e-05,right-invariant board-normalized SE(3) log
E2,ihawk2,50.0,within_pose,20260808_162715,marker_4,1,-0.022267801513111377,-0.005930360569208056,0.01062206432365711,1.585715560528704e-05,0.00014315091207778673,-8.589958696056767e-05,right-invariant board-normalized SE(3) log
E2,ihawk2,50.0,within_pose,20260808_162715,marker_4,2,-0.06084691038619528,-0.0025366530112631066,0.03872092400352115,7.875924616563082e-05,0.0001788093610856138,-0.00018199435489503604,right-invariant board-normalized SE(3) log
E2,ihawk2,50.0,within_pose,20260808_162715,marker_4,3,0.08311471189924789,0.008467013580499665,-0.04934298832715083,-9.461640197590992e-05,-0.00032196027357202293,0.000267893942303197,right-invariant board-normalized SE(3) log
E2,ihawk2,50.0,between_run,20260808_131913,all_poses,,-2.46785501712639,-2.6463841905369336,0.2427465775651048,-0.004616017384340309,-0.004032720904106529,-0.009597020197954274,right-invariant board-normalized SE(3) log
E2,ihawk2,50.0,between_run,20260808_141232,all_poses,,2.7071193004788667,4.472792288707979,1.0384778388973017,0.0019834443433081983,-0.00660484847637076,-0.008172421932175983,right-invariant board-normalized SE(3) log
E2,ihawk2,50.0,between_run,20260808_145501,all_poses,,1.042981790451456,-0.06883233485494106,-0.860231839664316,-0.00037176478865870856,0.008833435623069737,-0.00519278206996178,right-invariant board-normalized SE(3) log
E2,ihawk2,50.0,between_run,20260808_151001,all_poses,,-2.716501762793017,-0.6913000340083937,-0.6297352850573721,0.00166565122237725,0.004522416991387917,0.033199029845553,right-invariant board-normalized SE(3) log
E2,ihawk2,50.0,between_run,20260808_162715,all_poses,,1.4342556889889064,-1.0662757293077225,0.20874270825930027,0.0013386866073192326,-0.0027182832339852168,-0.010236805645419171,right-invariant board-normalized SE(3) log
E2,ihawk2,50.0,cross_pose,20260808_131913,marker_0,,11.459720486136781,-6.603746280748099,-1.9232221151423152,0.028380860077441023,0.008285410433318959,0.005516957240941759,right-invariant board-normalized SE(3) log
E2,ihawk2,50.0,cross_pose,20260808_141232,marker_0,,11.477797929223584,-6.579601358633689,-3.624502483346364,0.028912964434277676,0.01584462877903252,0.008851562460923001,right-invariant board-normalized SE(3) log
E2,ihawk2,50.0,cross_pose,20260808_145501,marker_0,,10.368952961629427,-6.911067205082745,-3.45594925952669,0.026012746398110183,0.020952901054622476,0.00704372589277538,right-invariant board-normalized SE(3) log
E2,ihawk2,50.0,cross_pose,20260808_151001,marker_0,,11.028025382090268,-6.503179127175434,-3.6274107054951985,0.028956057420644794,0.017656438502096274,0.0062962819526002104,right-invariant board-normalized SE(3) log
E2,ihawk2,50.0,cross_pose,20260808_162715,marker_0,,11.246867169707222,-6.545114594501465,-3.026239151376601,0.03180709995238229,0.00958549638565233,0.006446321325175621,right-invariant board-normalized SE(3) log
E2,ihawk2,50.0,cross_pose,20260808_131913,marker_1,,-10.074280749071383,-8.460887730323535,1.8570263689369724,0.014655574655374199,-0.02444830753544084,0.00032901669301995095,right-invariant board-normalized SE(3) log
E2,ihawk2,50.0,cross_pose,20260808_141232,marker_1,,-10.45449123408067,-8.831112026687183,1.6762748668025524,0.005589217508055279,-0.01954218851978448,-0.004269408823757561,right-invariant board-normalized SE(3) log
E2,ihawk2,50.0,cross_pose,20260808_145501,marker_1,,-8.537946145156969,-7.973010209063568,1.2083573287301892,0.010076616922750371,-0.021741999263774018,-0.0029478772705065982,right-invariant board-normalized SE(3) log
E2,ihawk2,50.0,cross_pose,20260808_151001,marker_1,,-9.899059970289576,-9.36305751260181,2.7139779206321046,0.006008282081858796,-0.017797608317544705,0.0030496305861273726,right-invariant board-normalized SE(3) log
E2,ihawk2,50.0,cross_pose,20260808_162715,marker_1,,-9.921102919547929,-8.0791826311646,1.236398241162748,0.011484091013434804,-0.011130942566567653,-0.00479532655870209,right-invariant board-normalized SE(3) log
E2,ihawk2,50.0,cross_pose,20260808_131913,marker_2,,8.53289164917223,7.302473280079057,-1.8277949443935932,-0.021394045847652615,0.022987093901310873,-0.002598949979126702,right-invariant board-normalized SE(3) log
E2,ihawk2,50.0,cross_pose,20260808_141232,marker_2,,7.770309485570433,7.791315484318696,-0.11829690109308696,-0.018323661357346963,0.02022631222831301,-0.002314986644133304,right-invariant board-normalized SE(3) log
E2,ihawk2,50.0,cross_pose,20260808_145501,marker_2,,7.6101633489172205,7.3071669694127985,-1.6664708428994222,-0.024558911179430716,0.02429034984740929,-0.0037719806319274226,right-invariant board-normalized SE(3) log
E2,ihawk2,50.0,cross_pose,20260808_151001,marker_2,,7.205495247049085,7.786604390424253,-1.608872528695328,-0.021134692062804935,0.030356768853491353,-0.004079076238396308,right-invariant board-normalized SE(3) log
E2,ihawk2,50.0,cross_pose,20260808_162715,marker_2,,8.320654419247267,7.617761983823839,-0.4614174808918632,-0.018510799954607506,0.016217218244531373,-0.003484965623751616,right-invariant board-normalized SE(3) log
E2,ihawk2,50.0,cross_pose,20260808_131913,marker_3,,-9.501423013421206,7.723718837764075,-0.3706196364630479,-0.027947355266192058,-0.011510238974340978,-0.006442273411768264,right-invariant board-normalized SE(3) log
E2,ihawk2,50.0,cross_pose,20260808_141232,marker_3,,-10.305875307016116,7.956221692919459,1.3583729917779714,-0.012317834591553875,-0.01917778229876012,-0.00029501264917547454,right-invariant board-normalized SE(3) log
E2,ihawk2,50.0,cross_pose,20260808_145501,marker_3,,-8.776239309182314,7.82772102628828,1.1452105632748961,-0.012567628754971305,-0.02239865691043856,-0.00027801690249600264,right-invariant board-normalized SE(3) log
E2,ihawk2,50.0,cross_pose,20260808_151001,marker_3,,-9.201630118232703,8.252090827839815,1.1464256352016526,-0.011929628192235048,-0.02510600187460376,-0.003693894369379502,right-invariant board-normalized SE(3) log
E2,ihawk2,50.0,cross_pose,20260808_162715,marker_3,,-9.052825281324582,7.630763745359613,-0.030266605957531858,-0.01698010311226319,-0.01907816568649568,-0.00015520152610432703,right-invariant board-normalized SE(3) log
E2,ihawk2,50.0,cross_pose,20260808_131913,marker_4,,-0.4169083728164507,0.0384418932284878,2.2646103270621785,0.006304966381028088,0.00468604217515305,0.0031952494569326894,right-invariant board-normalized SE(3) log
E2,ihawk2,50.0,cross_pose,20260808_141232,marker_4,,1.5122591263027811,-0.3368237919172926,0.7081515258589053,-0.0038606859934191134,0.002649029811181963,-0.0019721543438539,right-invariant board-normalized SE(3) log
E2,ihawk2,50.0,cross_pose,20260808_145501,marker_4,,-0.664930856207375,-0.2508105815547543,2.768852210421193,0.0010371766135345655,-0.0011025947278233822,-4.585108784516558e-05,right-invariant board-normalized SE(3) log
E2,ihawk2,50.0,cross_pose,20260808_151001,marker_4,,0.8671694593831794,-0.17245857848682952,1.3758796783567084,-0.0019000192474605247,-0.005109597163433886,-0.0015729419309508479,right-invariant board-normalized SE(3) log
E2,ihawk2,50.0,cross_pose,20260808_162715,marker_4,,-0.5935933880822256,-0.624228503517397,2.281524997063223,-0.007800287898967294,0.00440639362289125,0.001989172383386705,right-invariant board-normalized SE(3) log
