dataset,camera,pose_key,height_mm,run_id,feature,landmark_id,n,mean_u_px,mean_v_px,sigma_u_px,sigma_v_px,cov_uu_px2,cov_uv_px2,cov_vu_px2,cov_vv_px2,source_file
E0-A,ihawk1,center,,20260807_185706,marker_center,4,50,278.39729370117186,242.6526251220703,0.04921455496719413,0.035658107680340154,0.0024220724206189723,-0.0006171391406381617,-0.0006171391406381617,0.0012715006433427335,E0\E0_A_camera_static\raw\E0A_formal_center_20260807_185706.csv
E0-A,ihawk2,center,,20260807_185706,marker_center,4,50,313.5257330322266,308.7052520751953,0.09737667513964038,0.0313210471927533,0.009482216861251056,-0.002309128826446071,-0.002309128826446071,0.0009810079972506793,E0\E0_A_camera_static\raw\E0A_formal_center_20260807_185706.csv
E0-A,ihawk1,left,,20260807_185747,marker_center,4,50,236.58229248046874,189.17704132080078,0.03414717755251666,0.023637269572199086,0.0011660297348030976,0.00032317995492901124,0.00032317995492901124,0.0005587205128288087,E0\E0_A_camera_static\raw\E0A_formal_left_20260807_185747.csv
E0-A,ihawk2,left,,20260807_185747,marker_center,4,50,156.70832794189454,295.0583752441406,0.7226830943780218,0.3589223778764064,0.5222708548997927,0.2591231531372331,0.2591231531372331,0.12882527334045388,E0\E0_A_camera_static\raw\E0A_formal_left_20260807_185747.csv
E0-A,ihawk1,right,,20260807_185833,marker_center,4,50,414.7183599853516,333.0779681396484,0.02145732447972758,0.014535417336420478,0.0004604167738283164,-4.661751226807127e-05,-4.661751226807127e-05,0.00021127835714391301,E0\E0_A_camera_static\raw\E0A_formal_right_20260807_185833.csv
E0-A,ihawk2,right,,20260807_185833,marker_center,4,50,500.28198303222655,290.37182983398435,0.022851526909771682,0.0260909814390282,0.0005221922821080193,4.833830026339509e-05,4.833830026339509e-05,0.0006807393124517139,E0\E0_A_camera_static\raw\E0A_formal_right_20260807_185833.csv
E0-A,ihawk1,near,,20260807_185924,marker_center,4,50,233.82031951904298,258.2665118408203,0.1031435009146279,0.009758340123078722,0.010638581780925846,-0.00010857360836650643,-0.00010857360836650643,9.522520195768804e-05,E0\E0_A_camera_static\raw\E0A_formal_near_20260807_185924.csv
E0-A,ihawk2,near,,20260807_185924,marker_center,4,50,311.5099212646484,355.6587023925781,0.014588305582417303,0.02481561769663141,0.00021281865976598786,3.821961961838665e-05,3.821961961838665e-05,0.000615814881665366,E0\E0_A_camera_static\raw\E0A_formal_near_20260807_185924.csv
E0-A,ihawk1,far,,20260807_190004,marker_center,4,50,356.5560778808594,216.74794799804687,0.09604425499031913,0.0071807175918741336,0.009224498916645441,-3.0285218464476732e-05,-3.0285218464476732e-05,5.156270513425065e-05,E0\E0_A_camera_static\raw\E0A_formal_far_20260807_190004.csv
E0-A,ihawk2,far,,20260807_190004,marker_center,4,50,320.7859332275391,243.2947610473633,0.38219149597015845,0.24305500220197243,0.14607033959190763,0.09253544117514122,0.09253544117514122,0.059075734095400824,E0\E0_A_camera_static\raw\E0A_formal_far_20260807_190004.csv
E4,ihawk1,board_static,0.0,20260811_191758,charuco_corner,0,20,254.37091445922852,247.8455078125,0.040043674478519656,0.0871353661640461,0.0016034958657416465,0.0012612586203766495,0.0012612586203766495,0.00759257203654239,E4\E4_charuco_calibration_v4\20260811_191758\E4_charuco_12spread_per_frame.csv
E4,ihawk1,board_static,0.0,20260811_191758,charuco_corner,2,20,271.955256652832,263.5056671142578,0.07929531599482421,0.07139598780217125,0.006287747138719024,-0.0034637585919546445,-0.0034637585919546445,0.005097387074247787,E4\E4_charuco_calibration_v4\20260811_191758\E4_charuco_12spread_per_frame.csv
E4,ihawk1,board_static,0.0,20260811_191758,charuco_corner,24,20,295.2651824951172,232.15807723999023,0.024911360195882856,0.029406973055756434,0.0006205758668090168,0.0006187363699274627,0.0006187363699274627,0.0008647700643019848,E4\E4_charuco_calibration_v4\20260811_191758\E4_charuco_12spread_per_frame.csv
E4,ihawk1,board_static,0.0,20260811_191758,charuco_corner,26,20,313.51649322509763,246.55571212768555,0.04661106739187688,0.04491141344629132,0.0021725916034100877,-0.0005036609970327268,-0.0005036609970327268,0.002017035057743717,E4\E4_charuco_calibration_v4\20260811_191758\E4_charuco_12spread_per_frame.csv
E4,ihawk1,board_static,0.0,20260811_191758,charuco_corner,29,20,345.0028244018555,272.0197326660156,0.2150790834085094,0.8254673514701134,0.04625901211984454,-0.1708331301514255,-0.1708331301514255,0.6813963483430837,E4\E4_charuco_calibration_v4\20260811_191758\E4_charuco_12spread_per_frame.csv
E4,ihawk1,board_static,0.0,20260811_191758,charuco_corner,31,20,369.6629043579102,290.74522705078124,0.03955684795660918,0.40359383123690706,0.0015647442202622959,0.004571720781294919,0.004571720781294919,0.16288798061248502,E4\E4_charuco_calibration_v4\20260811_191758\E4_charuco_12spread_per_frame.csv
E4,ihawk1,board_static,0.0,20260811_191758,charuco_corner,40,20,319.9625961303711,222.47395553588868,0.042346409663715154,0.009474801121092682,0.0017932184114071881,0.00024501829726719546,0.00024501829726719546,8.977185628425915e-05,E4\E4_charuco_calibration_v4\20260811_191758\E4_charuco_12spread_per_frame.csv
E4,ihawk1,board_static,0.0,20260811_191758,charuco_corner,42,20,338.6166259765625,235.51180725097657,0.02957383034444587,0.06009045944257623,0.0008746114412420674,-0.00031841224255530447,-0.00031841224255530447,0.0036108633160198992,E4\E4_charuco_calibration_v4\20260811_191758\E4_charuco_12spread_per_frame.csv
E4,ihawk1,board_static,0.0,20260811_191758,charuco_corner,45,20,371.11186065673826,258.0471588134766,0.04599124252729476,0.059588330928163985,0.002115194389204446,-0.0001093596563135323,-0.0001093596563135323,0.0035507691828043845,E4\E4_charuco_calibration_v4\20260811_191758\E4_charuco_12spread_per_frame.csv
E4,ihawk1,board_static,0.0,20260811_191758,charuco_corner,47,20,395.9822341918945,275.3371810913086,0.0451488481509914,0.019829240802737833,0.0020384184893612795,-0.00027352187929576964,-0.00027352187929576964,0.0003931987908129629,E4\E4_charuco_calibration_v4\20260811_191758\E4_charuco_12spread_per_frame.csv
E4,ihawk1,board_static,0.0,20260811_191758,charuco_corner,5,20,301.54432220458983,293.27740783691405,0.021472896528069812,0.01555834185393861,0.00046108528530519263,-0.00022846694153390429,-0.00022846694153390429,0.00024206200124401794,E4\E4_charuco_calibration_v4\20260811_191758\E4_charuco_12spread_per_frame.csv
E4,ihawk1,board_static,0.0,20260811_191758,charuco_corner,7,20,324.8034973144531,315.8058090209961,0.008214323149385663,0.0017851273047668327,6.74751048025332e-05,-1.3479276707297877e-05,-1.3479276707297877e-05,3.1866794942240964e-06,E4\E4_charuco_calibration_v4\20260811_191758\E4_charuco_12spread_per_frame.csv
E4,ihawk2,board_static,0.0,20260811_191758,charuco_corner,0,20,270.01709136962893,343.6789779663086,0.018018211869953067,0.022784912294747446,0.00032465595899051756,-6.421162795863653e-06,-6.421162795863653e-06,0.0005191522282793333,E4\E4_charuco_calibration_v4\20260811_191758\E4_charuco_12spread_per_frame.csv
E4,ihawk2,board_static,0.0,20260811_191758,charuco_corner,2,20,313.5458038330078,342.87799682617185,0.010866228823814822,0.01699476712879559,0.00011807492885150406,1.6590894052856842e-05,1.6590894052856842e-05,0.00028882210976199105,E4\E4_charuco_calibration_v4\20260811_191758\E4_charuco_12spread_per_frame.csv
E4,ihawk2,board_static,0.0,20260811_191758,charuco_corner,24,20,274.26280822753904,299.44058380126955,0.04192893249532116,0.06803065150315056,0.0017580353801971988,-0.001989067713484952,-0.001989067713484952,0.004628169543943122,E4\E4_charuco_calibration_v4\20260811_191758\E4_charuco_12spread_per_frame.csv
E4,ihawk2,board_static,0.0,20260811_191758,charuco_corner,26,20,311.9269073486328,299.0167297363281,0.02054317766497319,0.026081184135120103,0.00042202214857465337,-6.345716354094054e-05,-6.345716354094054e-05,0.0006802281658900406,E4\E4_charuco_calibration_v4\20260811_191758\E4_charuco_12spread_per_frame.csv
E4,ihawk2,board_static,0.0,20260811_191758,charuco_corner,29,20,368.53888549804685,298.15220642089844,0.04274350957217849,0.019758085545285412,0.0018270076105469145,-0.0001113380942689745,-0.0001113380942689745,0.0003903819444148164,E4\E4_charuco_calibration_v4\20260811_191758\E4_charuco_12spread_per_frame.csv
E4,ihawk2,board_static,0.0,20260811_191758,charuco_corner,31,20,405.76033477783204,297.24739227294924,0.017014134360763013,0.016497226490137844,0.0002894807680460966,-0.00024879185335808667,-0.00024879185335808667,0.00027215848186690585,E4\E4_charuco_calibration_v4\20260811_191758\E4_charuco_12spread_per_frame.csv
E4,ihawk2,board_static,0.0,20260811_191758,charuco_corner,40,20,276.7048049926758,275.93755493164065,0.011430317295349551,0.00787059366352104,0.0001306521534723671,-4.9220241214099686e-05,-4.9220241214099686e-05,6.194624461625757e-05,E4\E4_charuco_calibration_v4\20260811_191758\E4_charuco_12spread_per_frame.csv
E4,ihawk2,board_static,0.0,20260811_191758,charuco_corner,42,20,311.80699768066404,274.79907073974607,0.022719149716787394,0.021108298264594868,0.0005161597638538007,-0.00014888751565625795,-0.00014888751565625795,0.00044556025562709876,E4\E4_charuco_calibration_v4\20260811_191758\E4_charuco_12spread_per_frame.csv
E4,ihawk2,board_static,0.0,20260811_191758,charuco_corner,45,20,363.546875,274.71473999023436,0.02157663312804083,0.004958246689373622,0.00046555109714206894,8.849731009257467e-05,8.849731009257467e-05,2.4584210232684486e-05,E4\E4_charuco_calibration_v4\20260811_191758\E4_charuco_12spread_per_frame.csv
E4,ihawk2,board_static,0.0,20260811_191758,charuco_corner,47,20,397.84540100097655,274.0752151489258,0.07931479830560541,0.0398331875119098,0.0062908372302588654,0.0020071216466787624,0.0020071216466787624,0.0015866828273589668,E4\E4_charuco_calibration_v4\20260811_191758\E4_charuco_12spread_per_frame.csv
E4,ihawk2,board_static,0.0,20260811_191758,charuco_corner,5,20,377.97924652099607,341.06007995605466,0.01256109819781276,0.011617512258611311,0.000157781187935095,-9.16528907653532e-05,-9.16528907653532e-05,0.00013496659107898408,E4\E4_charuco_calibration_v4\20260811_191758\E4_charuco_12spread_per_frame.csv
E4,ihawk2,board_static,0.0,20260811_191758,charuco_corner,7,20,420.5331008911133,339.9027801513672,0.012052156967277886,0.020906601055815037,0.00014525448756390487,-0.00020788491850620813,-0.00020788491850620813,0.0004370859677070064,E4\E4_charuco_calibration_v4\20260811_191758\E4_charuco_12spread_per_frame.csv
E4,ihawk1,board_static,0.0,20260811_192958,charuco_corner,11,20,295.3117935180664,267.95143737792966,0.030524148775774775,0.03415202419588695,0.0009317236584856327,-0.0005562081884004568,-0.0005562081884004568,0.0011663607566764478,E4\E4_model_freeze_v1\20260811_192958\E4_heldout_9points_per_frame.csv
E4,ihawk1,board_static,0.0,20260811_192958,charuco_corner,14,20,328.400732421875,295.84619140625,0.008521851105956803,0.02221434553752951,7.262194627209719e-05,-3.266290418411556e-05,-3.266290418411556e-05,0.0004934771476607573,E4\E4_model_freeze_v1\20260811_192958\E4_heldout_9points_per_frame.csv
E4,ihawk1,board_static,0.0,20260811_192958,charuco_corner,17,20,291.13230895996094,244.27709884643554,0.012014629532036279,0.006801926601066958,0.0001443513227920783,-7.291401638404318e-05,-7.291401638404318e-05,4.6266205486302304e-05,E4\E4_model_freeze_v1\20260811_192958\E4_heldout_9points_per_frame.csv
E4,ihawk1,board_static,0.0,20260811_192958,charuco_corner,19,20,310.0627914428711,260.36201629638674,0.015154969962234536,0.0109736295560624,0.00022967311455623105,6.134793113328909e-05,6.134793113328909e-05,0.00012042054563368624,E4\E4_model_freeze_v1\20260811_192958\E4_heldout_9points_per_frame.csv
E4,ihawk1,board_static,0.0,20260811_192958,charuco_corner,22,20,343.08274230957034,288.23565673828125,0.03249381419992912,0.05508316646341272,0.0010558479612595153,0.0009592394589593536,0.0009592394589593536,0.003034155227636036,E4\E4_model_freeze_v1\20260811_192958\E4_heldout_9points_per_frame.csv
E4,ihawk1,board_static,0.0,20260811_192958,charuco_corner,33,20,316.92581329345705,233.4868293762207,0.03563005814319627,0.025348595858597382,0.0012695010432875473,0.000392551267960746,0.000392551267960746,0.0006425513120025003,E4\E4_model_freeze_v1\20260811_192958\E4_heldout_9points_per_frame.csv
E4,ihawk1,board_static,0.0,20260811_192958,charuco_corner,35,20,336.387028503418,248.6097198486328,0.026112800301715422,0.006276114391808886,0.000681878339597269,5.680065798132041e-05,5.680065798132041e-05,3.938961185907062e-05,E4\E4_model_freeze_v1\20260811_192958\E4_heldout_9points_per_frame.csv
E4,ihawk1,board_static,0.0,20260811_192958,charuco_corner,38,20,370.05544128417966,273.2725112915039,0.011728107748383105,0.08165743588876755,0.00013754851135768385,-0.00041336179465839725,-0.00041336179465839725,0.006667936835928183,E4\E4_model_freeze_v1\20260811_192958\E4_heldout_9points_per_frame.csv
E4,ihawk1,board_static,0.0,20260811_192958,charuco_corner,9,20,276.9916717529297,250.9936210632324,0.034078767258054886,0.016146809372476832,0.001161362377828674,-0.0004006303381174804,-0.0004006303381174804,0.0002607194529111057,E4\E4_model_freeze_v1\20260811_192958\E4_heldout_9points_per_frame.csv
E4,ihawk2,board_static,0.0,20260811_192958,charuco_corner,11,20,333.5345520019531,326.51720123291017,0.03717224127133142,0.058812277072131894,0.001381775521134075,0.0020649208344127004,0.0020649208344127004,0.003458883934409211,E4\E4_model_freeze_v1\20260811_192958\E4_heldout_9points_per_frame.csv
E4,ihawk2,board_static,0.0,20260811_192958,charuco_corner,14,20,395.30347747802733,324.5831268310547,0.0752735957742675,0.0735340126451539,0.005666114220787821,-0.004815646363912443,-0.004815646363912443,0.005407251015697653,E4\E4_model_freeze_v1\20260811_192958\E4_heldout_9points_per_frame.csv
E4,ihawk2,board_static,0.0,20260811_192958,charuco_corner,17,20,292.78141021728516,312.2853485107422,0.018927267391883017,0.08399712145996456,0.0003582414509238381,-0.0010430681715278254,-0.0010430681715278254,0.007055516413560038,E4\E4_model_freeze_v1\20260811_192958\E4_heldout_9points_per_frame.csv
E4,ihawk2,board_static,0.0,20260811_192958,charuco_corner,19,20,332.188786315918,311.87904205322263,0.016932687808111014,0.006740415185757782,0.0002867159164069514,-7.924336302829418e-05,-7.924336302829418e-05,4.543319687639411e-05,E4\E4_model_freeze_v1\20260811_192958\E4_heldout_9points_per_frame.csv
E4,ihawk2,board_static,0.0,20260811_192958,charuco_corner,22,20,390.6459365844727,310.8402389526367,0.035060870966700707,0.019940823820756407,0.0012292646729436365,0.00037947718887344767,0.00037947718887344767,0.00039763645465044613,E4\E4_model_freeze_v1\20260811_192958\E4_heldout_9points_per_frame.csv
E4,ihawk2,board_static,0.0,20260811_192958,charuco_corner,33,20,293.7711410522461,286.58018951416017,0.024264493601004404,0.052949980772860776,0.0005887656497131836,-0.0006944816927180476,-0.0006944816927180476,0.002803700463846326,E4\E4_model_freeze_v1\20260811_192958\E4_heldout_9points_per_frame.csv
E4,ihawk2,board_static,0.0,20260811_192958,charuco_corner,35,20,329.98952026367186,286.57496643066406,0.12593071024121852,0.08134293900758946,0.01585854378185774,-0.009525366813728684,-0.009525366813728684,0.006616673726392419,E4\E4_model_freeze_v1\20260811_192958\E4_heldout_9points_per_frame.csv
E4,ihawk2,board_static,0.0,20260811_192958,charuco_corner,38,20,383.8138656616211,285.33558502197263,0.007734041991408825,0.031204336890482805,5.981540552487499e-05,8.844090380558842e-05,8.844090380558842e-05,0.000973710640774746,E4\E4_model_freeze_v1\20260811_192958\E4_heldout_9points_per_frame.csv
E4,ihawk2,board_static,0.0,20260811_192958,charuco_corner,9,20,292.1326507568359,327.2546676635742,0.01933780059883533,0.02542061998308942,0.00037395053200031604,-0.000279936905166036,-0.000279936905166036,0.0006462079203246451,E4\E4_model_freeze_v1\20260811_192958\E4_heldout_9points_per_frame.csv
E2,ihawk1,marker_0_TL,0.0,20260808_131913,marker_center,0,3,221.878831,227.06898233333334,0.005615279423146311,0.005543073184921186,3.1531363000010374e-05,1.605815700002535e-05,1.605815700002535e-05,3.07256603333923e-05,E2\E2_dual_camera_height_scan\run_20260808_131913\raw\E2_dual_height_raw_20260808_131913.csv
E2,ihawk1,marker_0_TL,0.0,20260808_131913,corner0,0,3,201.72396833333335,225.21853633333333,0.028004052373410637,0.006383332384679076,0.000784226949332726,0.00014457985733319108,0.00014457985733319108,4.074693233329266e-05,E2\E2_dual_camera_height_scan\run_20260808_131913\raw\E2_dual_height_raw_20260808_131913.csv
E2,ihawk1,marker_0_TL,0.0,20260808_131913,corner1,0,3,229.039617,216.20198066666663,0.044887822591425576,0.011791525996803732,0.0020149166169992965,0.00047903372799978575,0.00047903372799978575,0.00013904008533329826,E2\E2_dual_camera_height_scan\run_20260808_131913\raw\E2_dual_height_raw_20260808_131913.csv
E2,ihawk1,marker_0_TL,0.0,20260808_131913,corner2,0,3,242.538666,228.46878566666666,0.010064376930526399,0.01203489685595085,0.000101291682999712,0.00011947507949987697,0.00011947507949987697,0.00014483874233337565,E2\E2_dual_camera_height_scan\run_20260808_131913\raw\E2_dual_height_raw_20260808_131913.csv
E2,ihawk1,marker_0_TL,0.0,20260808_131913,corner3,0,3,214.213074,238.386627,0.004706763325260545,0.001998299026676476,2.2153621000017708e-05,-7.693064000019113e-06,-7.693064000019113e-06,3.993199000016152e-06,E2\E2_dual_camera_height_scan\run_20260808_131913\raw\E2_dual_height_raw_20260808_131913.csv
E2,ihawk1,marker_0_TL,0.0,20260808_141232,marker_center,0,3,225.37104933333333,226.40659566666668,0.027034816706107835,0.017632519681927274,0.0007308813143328473,0.0002021944896666706,0.0002021944896666706,0.00031090575033355266,E2\E2_dual_camera_height_scan\run_20260808_141232\raw\E2_dual_height_raw_20260808_141232.csv
E2,ihawk1,marker_0_TL,0.0,20260808_141232,corner0,0,3,205.44773866666665,224.12473533333332,0.0006265631120078405,0.0101776326487604,3.925813333289497e-07,-6.0090673332611154e-06,-6.0090673332611154e-06,0.00010358420633311364,E2\E2_dual_camera_height_scan\run_20260808_141232\raw\E2_dual_height_raw_20260808_141232.csv
E2,ihawk1,marker_0_TL,0.0,20260808_141232,corner1,0,3,232.79692566666668,215.710434,0.06554315322238044,0.05552878499481006,0.004295904934332439,0.0012626175735000326,0.0012626175735000326,0.0030834459629998424,E2\E2_dual_camera_height_scan\run_20260808_141232\raw\E2_dual_height_raw_20260808_141232.csv
E2,ihawk1,marker_0_TL,0.0,20260808_141232,corner2,0,3,245.74645999999998,228.2160646666667,0.055484338141484,0.03763179214884402,0.003078511778998536,3.9855361000789656e-05,3.9855361000789656e-05,0.001416151780333798,E2\E2_dual_camera_height_scan\run_20260808_141232\raw\E2_dual_height_raw_20260808_141232.csv
E2,ihawk1,marker_0_TL,0.0,20260808_141232,corner3,0,3,217.49307266666668,237.57514933333334,0.0034863673548987595,0.0020634818471075207,1.2154757333303772e-05,5.815554666657628e-06,5.815554666657628e-06,4.2579573333422655e-06,E2\E2_dual_camera_height_scan\run_20260808_141232\raw\E2_dual_height_raw_20260808_141232.csv
E2,ihawk1,marker_0_TL,0.0,20260808_145501,marker_center,0,3,225.21140666666668,227.2565853333333,0.02734873043366537,0.005119905500435228,0.0007479530563332945,0.0001248234991669056,0.0001248234991669056,2.6213432333386903e-05,E2\E2_dual_camera_height_scan\run_20260808_145501\raw\E2_dual_height_raw_20260808_145501.csv
E2,ihawk1,marker_0_TL,0.0,20260808_145501,corner0,0,3,205.29237366666666,225.22141033333332,0.00320380965933992,0.009283998725408171,1.0264396333279775e-05,-1.2547293833264513e-05,-1.2547293833264513e-05,8.619263233338054e-05,E2\E2_dual_camera_height_scan\run_20260808_145501\raw\E2_dual_height_raw_20260808_145501.csv
E2,ihawk1,marker_0_TL,0.0,20260808_145501,corner1,0,3,232.54619866666667,216.504944,0.06758237533804846,0.018390775541020508,0.004567377456332861,0.0009879667124999714,0.0009879667124999714,0.00033822062500019816,E2\E2_dual_camera_height_scan\run_20260808_145501\raw\E2_dual_height_raw_20260808_145501.csv
E2,ihawk1,marker_0_TL,0.0,20260808_145501,corner2,0,3,245.583857,228.79697666666667,9.699484522510791e-05,0.0002557661692452187,9.408000000242639e-09,2.480799999975874e-08,2.480799999975874e-08,6.541633333037386e-08,E2\E2_dual_camera_height_scan\run_20260808_145501\raw\E2_dual_height_raw_20260808_145501.csv
E2,ihawk1,marker_0_TL,0.0,20260808_145501,corner3,0,3,217.42319733333332,238.50301133333335,0.03960938442254508,0.008449096421125115,0.001568903334332957,8.650247283338751e-05,8.650247283338751e-05,7.138723033346923e-05,E2\E2_dual_camera_height_scan\run_20260808_145501\raw\E2_dual_height_raw_20260808_145501.csv
E2,ihawk1,marker_0_TL,0.0,20260808_151001,marker_center,0,3,224.75259300000002,227.21894333333333,0.008317355108442928,0.0007020714588632328,6.917839599994167e-05,-2.7199229999906377e-06,-2.7199229999906377e-06,4.929043333503479e-07,E2\E2_dual_camera_height_scan\run_20260808_151001\raw\E2_dual_height_raw_20260808_151001.csv
E2,ihawk1,marker_0_TL,0.0,20260808_151001,corner0,0,3,204.71577933333333,225.09272266666665,0.0032006584218334617,0.009769547805973942,1.0244214333253466e-05,-4.189165333252785e-06,-4.189165333252785e-06,9.544406433321026e-05,E2\E2_dual_camera_height_scan\run_20260808_151001\raw\E2_dual_height_raw_20260808_151001.csv
E2,ihawk1,marker_0_TL,0.0,20260808_151001,corner1,0,3,232.170161,216.42472333333333,0.009516020544329314,0.005701067648544839,9.055464700009757e-05,-2.7367161000002037e-05,-2.7367161000002037e-05,3.250217233328458e-05,E2\E2_dual_camera_height_scan\run_20260808_151001\raw\E2_dual_height_raw_20260808_151001.csv
E2,ihawk1,marker_0_TL,0.0,20260808_151001,corner2,0,3,245.12599166666664,228.798462,0.009249728662684082,0.0007932792698656406,8.555748033327945e-05,7.337617999989316e-06,7.337617999989316e-06,6.292919999985638e-07,E2\E2_dual_camera_height_scan\run_20260808_151001\raw\E2_dual_height_raw_20260808_151001.csv
E2,ihawk1,marker_0_TL,0.0,20260808_151001,corner3,0,3,216.99843833333333,238.55986533333336,0.01740550054820014,0.01254889482517827,0.0003029514493333953,-0.00018382634066682605,-0.00018382634066682605,0.00015747476133338593,E2\E2_dual_camera_height_scan\run_20260808_151001\raw\E2_dual_height_raw_20260808_151001.csv
E2,ihawk1,marker_0_TL,0.0,20260808_162715,marker_center,0,3,226.44273633333333,227.12005266666665,0.01782856655295843,0.013441570195978834,0.000317857785333268,0.00021554725866672293,0.00021554725866672293,0.00018067580933342646,E2\E2_dual_camera_height_scan\run_20260808_162715\raw\E2_dual_height_raw_20260808_162715.csv
E2,ihawk1,marker_0_TL,0.0,20260808_162715,corner0,0,3,206.481481,225.153066,0.01876381557680201,0.03315387453979037,0.00035208077500023765,0.0006171852775002817,0.0006171852775002817,0.0010991793970001604,E2\E2_dual_camera_height_scan\run_20260808_162715\raw\E2_dual_height_raw_20260808_162715.csv
E2,ihawk1,marker_0_TL,0.0,20260808_162715,corner1,0,3,233.931976,216.20877066666665,0.04436712103573701,0.017197286132795735,0.0019684414289997377,0.0006393620589999067,0.0006393620589999067,0.00029574665033324846,E2\E2_dual_camera_height_scan\run_20260808_162715\raw\E2_dual_height_raw_20260808_162715.csv
E2,ihawk1,marker_0_TL,0.0,20260808_162715,corner2,0,3,246.70375066666665,228.696386,0.012474807266373794,0.005726159969822121,0.00015562081633317242,7.143274199995574e-05,7.143274199995574e-05,3.2788907999993274e-05,E2\E2_dual_camera_height_scan\run_20260808_162715\raw\E2_dual_height_raw_20260808_162715.csv
E2,ihawk1,marker_0_TL,0.0,20260808_162715,corner3,0,3,218.65373733333334,238.4219866666667,0.06445467803297716,0.02495240702483902,0.004154405520334748,0.0015252584011669018,0.0015252584011669018,0.0006226226163332356,E2\E2_dual_camera_height_scan\run_20260808_162715\raw\E2_dual_height_raw_20260808_162715.csv
E2,ihawk1,marker_1_TR,0.0,20260808_131913,marker_center,1,3,292.19533299999995,203.344204,0.01319047804288318,0.007085036132578564,0.0001739887109997833,-9.314293049988946e-05,-9.314293049988946e-05,5.0197736999943815e-05,E2\E2_dual_camera_height_scan\run_20260808_131913\raw\E2_dual_height_raw_20260808_131913.csv
E2,ihawk1,marker_1_TR,0.0,20260808_131913,corner0,1,3,273.9415183333333,202.10419733333333,0.04550948279570363,0.029855215328872302,0.0020711130243324448,-0.0013339905481663163,-0.0013339905481663163,0.0008913338823333316,E2\E2_dual_camera_height_scan\run_20260808_131913\raw\E2_dual_height_raw_20260808_131913.csv
E2,ihawk1,marker_1_TR,0.0,20260808_131913,corner1,1,3,295.70825199999996,194.3277843333333,0.008668914291885307,0.0053479955435059515,7.515007500005335e-05,4.6361315000037677e-05,4.6361315000037677e-05,2.8601056333359516e-05,E2\E2_dual_camera_height_scan\run_20260808_131913\raw\E2_dual_height_raw_20260808_131913.csv
E2,ihawk1,marker_1_TR,0.0,20260808_131913,corner2,1,3,310.66772466666663,204.44654833333334,0.006554657606134276,0.0024843382083353633,4.2963536333653916e-05,-1.628398633347539e-05,-1.628398633347539e-05,6.1719363333949635e-06,E2\E2_dual_camera_height_scan\run_20260808_131913\raw\E2_dual_height_raw_20260808_131913.csv
E2,ihawk1,marker_1_TR,0.0,20260808_131913,corner3,1,3,288.4638366666667,212.49828566666667,0.00031754264807304014,0.00014087346568760156,1.0083333334523862e-07,4.473333333766756e-08,4.473333333766756e-08,1.9845333334835857e-08,E2\E2_dual_camera_height_scan\run_20260808_131913\raw\E2_dual_height_raw_20260808_131913.csv
E2,ihawk1,marker_1_TR,0.0,20260808_141232,marker_center,1,3,296.60675299999997,203.64055500000003,0.0023415061392367516,0.0008890826733280936,5.482651000083397e-06,1.4628950000141036e-06,1.4628950000141036e-06,7.904680000122296e-07,E2\E2_dual_camera_height_scan\run_20260808_141232\raw\E2_dual_height_raw_20260808_141232.csv
E2,ihawk1,marker_1_TR,0.0,20260808_141232,corner0,1,3,277.7983093333333,201.600835,0.0013488974510164399,0.00010734989520263657,1.8195243333586485e-06,-1.2864400000283057e-07,-1.2864400000283057e-07,1.1524000000017054e-08,E2\E2_dual_camera_height_scan\run_20260808_141232\raw\E2_dual_height_raw_20260808_141232.csv
E2,ihawk1,marker_1_TR,0.0,20260808_141232,corner1,1,3,302.0,196.0,0.0,0.0,0.0,0.0,0.0,0.0,E2\E2_dual_camera_height_scan\run_20260808_141232\raw\E2_dual_height_raw_20260808_141232.csv
E2,ihawk1,marker_1_TR,0.0,20260808_141232,corner2,1,3,314.357778,204.57019566666668,0.010089443047058774,0.0032885717771394263,0.00010179686099984262,3.1395578500065126e-05,3.1395578500065126e-05,1.0814704333397964e-05,E2\E2_dual_camera_height_scan\run_20260808_141232\raw\E2_dual_height_raw_20260808_141232.csv
E2,ihawk1,marker_1_TR,0.0,20260808_141232,corner3,1,3,292.27092466666664,212.3911896666667,0.003643708047229702,0.000740119134547688,1.327660833344649e-05,-2.631061666660714e-06,-2.631061666660714e-06,5.477763333236188e-07,E2\E2_dual_camera_height_scan\run_20260808_141232\raw\E2_dual_height_raw_20260808_141232.csv
E2,ihawk1,marker_1_TR,0.0,20260808_145501,marker_center,1,3,295.87391133333335,203.824384,0.030431818501916393,0.010142119502356904,0.0009260955773335808,3.864156999976112e-05,3.864156999976112e-05,0.00010286258800008825,E2\E2_dual_camera_height_scan\run_20260808_145501\raw\E2_dual_height_raw_20260808_145501.csv
E2,ihawk1,marker_1_TR,0.0,20260808_145501,corner0,1,3,277.50877866666673,202.231344,0.015510136567219411,0.0031063436706204447,0.00024056433633379672,4.266096849997734e-05,4.266096849997734e-05,9.649371000003698e-06,E2\E2_dual_camera_height_scan\run_20260808_145501\raw\E2_dual_height_raw_20260808_145501.csv
E2,ihawk1,marker_1_TR,0.0,20260808_145501,corner1,1,3,299.4918923333333,195.18824800000002,0.10147499209821192,0.020243656561998065,0.010297174021332173,0.002053807506000207,0.002053807506000207,0.0004098056310001274,E2\E2_dual_camera_height_scan\run_20260808_145501\raw\E2_dual_height_raw_20260808_145501.csv
E2,ihawk1,marker_1_TR,0.0,20260808_145501,corner2,1,3,314.222005,204.75292966666666,0.02150176985740333,0.026632157447955343,0.00046232610700073845,0.00023504349549983996,0.00023504349549983996,0.0007092718103326833,E2\E2_dual_camera_height_scan\run_20260808_145501\raw\E2_dual_height_raw_20260808_145501.csv
E2,ihawk1,marker_1_TR,0.0,20260808_145501,corner3,1,3,292.2729693333333,213.12501533333332,0.014095640366186912,0.01613931926486779,0.0001986870773328779,-0.00022628323666640523,-0.00022628323666640523,0.0002604776263333326,E2\E2_dual_camera_height_scan\run_20260808_145501\raw\E2_dual_height_raw_20260808_145501.csv
E2,ihawk1,marker_1_TR,0.0,20260808_151001,marker_center,1,3,295.3638866666667,203.72171166666666,0.010176389847740035,0.008118572863090446,0.00010355891033318648,6.212293633324487e-05,6.212293633324487e-05,6.59112253333086e-05,E2\E2_dual_camera_height_scan\run_20260808_151001\raw\E2_dual_height_raw_20260808_151001.csv
E2,ihawk1,marker_1_TR,0.0,20260808_151001,corner0,1,3,277.09565233333336,202.1351063333333,0.014161724906700672,0.039940470031452964,0.00020055445233306616,0.0005001570853332434,0.0005001570853332434,0.001595241146333392,E2\E2_dual_camera_height_scan\run_20260808_151001\raw\E2_dual_height_raw_20260808_151001.csv
E2,ihawk1,marker_1_TR,0.0,20260808_151001,corner1,1,3,298.81525666666664,195.09880566666666,0.0017913180435895763,0.007937411500814671,3.208820333289587e-06,1.3777787333186053e-05,1.3777787333186053e-05,6.3002501333265e-05,E2\E2_dual_camera_height_scan\run_20260808_151001\raw\E2_dual_height_raw_20260808_151001.csv
E2,ihawk1,marker_1_TR,0.0,20260808_151001,corner2,1,3,313.81409733333334,204.81525166666665,0.029319997686464237,0.00435823752602735,0.0008596622643342681,1.4444888666706883e-05,1.4444888666706883e-05,1.8994234333272995e-05,E2\E2_dual_camera_height_scan\run_20260808_151001\raw\E2_dual_height_raw_20260808_151001.csv
E2,ihawk1,marker_1_TR,0.0,20260808_151001,corner3,1,3,291.7305396666667,212.83768233333333,0.0025175866088940355,0.0006257478192777997,6.338242333282568e-06,2.6345016665409167e-07,2.6345016665409167e-07,3.91560333330922e-07,E2\E2_dual_camera_height_scan\run_20260808_151001\raw\E2_dual_height_raw_20260808_151001.csv
E2,ihawk1,marker_1_TR,0.0,20260808_162715,marker_center,1,3,296.91980466666666,203.52563333333333,0.005794784235288377,0.012695136956060752,3.3579524333546706e-05,6.588404066672774e-05,6.588404066672774e-05,0.00016116650233313946,E2\E2_dual_camera_height_scan\run_20260808_162715\raw\E2_dual_height_raw_20260808_162715.csv
E2,ihawk1,marker_1_TR,0.0,20260808_162715,corner0,1,3,278.61431866666663,201.61305233333334,0.008841675934652887,0.040194732270943855,7.817523333341998e-05,-3.7332133333253374e-06,-3.7332133333253374e-06,0.0016156165023328553,E2\E2_dual_camera_height_scan\run_20260808_162715\raw\E2_dual_height_raw_20260808_162715.csv
E2,ihawk1,marker_1_TR,0.0,20260808_162715,corner1,1,3,300.53486100000003,194.8949736666667,0.012971516526593114,0.0036516848622702614,0.0001682602409996783,-4.729213549996159e-05,-4.729213549996159e-05,1.3334802333333779e-05,E2\E2_dual_camera_height_scan\run_20260808_162715\raw\E2_dual_height_raw_20260808_162715.csv
E2,ihawk1,marker_1_TR,0.0,20260808_162715,corner2,1,3,315.52955133333336,204.81104533333334,0.023037689496446124,0.00496549517503866,0.0005307351373346641,-0.00011418913866679166,-0.00011418913866679166,2.4656142333332213e-05,E2\E2_dual_camera_height_scan\run_20260808_162715\raw\E2_dual_height_raw_20260808_162715.csv
E2,ihawk1,marker_1_TR,0.0,20260808_162715,corner3,1,3,293.00048833333335,212.78346233333332,0.043922083583682076,0.008970687673382364,0.0019291494263319548,0.00019886041333288713,0.00019886041333288713,8.047323733337427e-05,E2\E2_dual_camera_height_scan\run_20260808_162715\raw\E2_dual_height_raw_20260808_162715.csv
E2,ihawk1,marker_2_BL,0.0,20260808_131913,marker_center,2,3,300.070442,304.7941206666667,0.015018357000676021,0.006810655866623723,0.00022555104699975445,4.4669150000790135e-06,4.4669150000790135e-06,4.638503333357614e-05,E2\E2_dual_camera_height_scan\run_20260808_131913\raw\E2_dual_height_raw_20260808_131913.csv
E2,ihawk1,marker_2_BL,0.0,20260808_131913,corner0,2,3,273.201894,301.47208666666666,0.02201915586483636,0.018612549699929367,0.0004848432249999575,-5.54073749970169e-06,-5.54073749970169e-06,0.0003464270063323408,E2\E2_dual_camera_height_scan\run_20260808_131913\raw\E2_dual_height_raw_20260808_131913.csv
E2,ihawk1,marker_2_BL,0.0,20260808_131913,corner1,2,3,304.663391,286.19871033333334,0.03738598603756941,0.0053978060666577095,0.001397711952001335,0.00015557364599954481,0.00015557364599954481,2.9136310333246775e-05,E2\E2_dual_camera_height_scan\run_20260808_131913\raw\E2_dual_height_raw_20260808_131913.csv
E2,ihawk1,marker_2_BL,0.0,20260808_131913,corner2,2,3,327.56556166666667,306.8016356666667,0.008016508487707269,0.0014797487399055022,6.426440833348269e-05,1.1862418333126594e-05,1.1862418333126594e-05,2.1896563332519214e-06,E2\E2_dual_camera_height_scan\run_20260808_131913\raw\E2_dual_height_raw_20260808_131913.csv
E2,ihawk1,marker_2_BL,0.0,20260808_131913,corner3,2,3,294.85092166666664,324.70405066666666,0.006798713726399723,0.007675401248984608,4.6222508333536e-05,-5.207415166659145e-05,-5.207415166659145e-05,5.891178433291448e-05,E2\E2_dual_camera_height_scan\run_20260808_131913\raw\E2_dual_height_raw_20260808_131913.csv
E2,ihawk1,marker_2_BL,0.0,20260808_141232,marker_center,2,3,300.502599,304.8913446666666,0.013036024048758029,0.004021888901166491,0.00016993792299979765,-3.457218149999357e-05,-3.457218149999357e-05,1.6175590333326205e-05,E2\E2_dual_camera_height_scan\run_20260808_141232\raw\E2_dual_height_raw_20260808_141232.csv
E2,ihawk1,marker_2_BL,0.0,20260808_141232,corner0,2,3,273.720754,301.216858,0.0012645596071532966,0.000830635900980244,1.5991110000436997e-06,-1.0469130000117168e-06,-1.0469130000117168e-06,6.899559999972618e-07,E2\E2_dual_camera_height_scan\run_20260808_141232\raw\E2_dual_height_raw_20260808_141232.csv
E2,ihawk1,marker_2_BL,0.0,20260808_141232,corner1,2,3,305.70826200000005,286.0375363333333,0.050062158673003704,0.020366822784462862,0.002506219731001,0.0004793112480001181,0.0004793112480001181,0.00041480747033371555,E2\E2_dual_camera_height_scan\run_20260808_141232\raw\E2_dual_height_raw_20260808_141232.csv
E2,ihawk1,marker_2_BL,0.0,20260808_141232,corner2,2,3,327.76405866666664,307.649933,0.01560443130441163,0.002281078034625349,0.00024349827633410166,3.404323450016951e-05,3.404323450016951e-05,5.2033170000502465e-06,E2\E2_dual_camera_height_scan\run_20260808_141232\raw\E2_dual_height_raw_20260808_141232.csv
E2,ihawk1,marker_2_BL,0.0,20260808_141232,corner3,2,3,294.81732199999993,324.6610513333333,0.009598594949246942,0.019036132205194733,9.213302499970891e-05,0.00018121501499983103,0.00018121501499983103,0.00036237432933365214,E2\E2_dual_camera_height_scan\run_20260808_141232\raw\E2_dual_height_raw_20260808_141232.csv
E2,ihawk1,marker_2_BL,0.0,20260808_145501,marker_center,2,3,300.72531133333337,305.7503356666667,0.005205159203474764,0.004328107708149526,2.7093682333518036e-05,2.2138057166744026e-05,2.2138057166744026e-05,1.8732516333343343e-05,E2\E2_dual_camera_height_scan\run_20260808_145501\raw\E2_dual_height_raw_20260808_145501.csv
E2,ihawk1,marker_2_BL,0.0,20260808_145501,corner0,2,3,273.7935483333333,301.842346,0.0218695159830697,0.010189556025639914,0.00047827572933374114,0.00018801077799964286,0.00018801077799964286,0.0001038270519996547,E2\E2_dual_camera_height_scan\run_20260808_145501\raw\E2_dual_height_raw_20260808_145501.csv
E2,ihawk1,marker_2_BL,0.0,20260808_145501,corner1,2,3,305.76221699999996,286.9650066666666,0.0035976076773256756,0.006935133764635968,1.2942780999952643e-05,2.3201342499943903e-05,2.3201342499943903e-05,4.809608033339385e-05,E2\E2_dual_camera_height_scan\run_20260808_145501\raw\E2_dual_height_raw_20260808_145501.csv
E2,ihawk1,marker_2_BL,0.0,20260808_145501,corner2,2,3,328.132182,308.47615566666667,0.00033428580587008543,0.0018410500626921714,1.1174700000621245e-07,6.123890000177689e-07,6.123890000177689e-07,3.389465333338848e-06,E2\E2_dual_camera_height_scan\run_20260808_145501\raw\E2_dual_height_raw_20260808_145501.csv
E2,ihawk1,marker_2_BL,0.0,20260808_145501,corner3,2,3,295.2132976666667,325.7178343333333,0.008260885081732672,0.004588213414109026,6.824222233359342e-05,-3.7620746333462997e-05,-3.7620746333462997e-05,2.105170233341001e-05,E2\E2_dual_camera_height_scan\run_20260808_145501\raw\E2_dual_height_raw_20260808_145501.csv
E2,ihawk1,marker_2_BL,0.0,20260808_151001,marker_center,2,3,300.9488983333334,305.5072533333334,0.016253972447772873,0.007229210630035867,0.00026419162033295963,-0.00010516948866662081,-0.00010516948866662081,5.226148633342358e-05,E2\E2_dual_camera_height_scan\run_20260808_151001\raw\E2_dual_height_raw_20260808_151001.csv
E2,ihawk1,marker_2_BL,0.0,20260808_151001,corner0,2,3,274.0009866666667,301.729065,0.028840128299542654,0.024656215119098376,0.0008317530003340811,-0.0006813913459999489,-0.0006813913459999489,0.0006079289439992554,E2\E2_dual_camera_height_scan\run_20260808_151001\raw\E2_dual_height_raw_20260808_151001.csv
E2,ihawk1,marker_2_BL,0.0,20260808_151001,corner1,2,3,306.1500243333333,286.78656,0.007447757335803299,0.018922190015945802,5.546908933301186e-05,6.908249499956091e-05,6.908249499956091e-05,0.00035804927499955897,E2\E2_dual_camera_height_scan\run_20260808_151001\raw\E2_dual_height_raw_20260808_151001.csv
E2,ihawk1,marker_2_BL,0.0,20260808_151001,corner2,2,3,328.355896,307.9573873333333,0.029784427340487873,0.024801544757012482,0.0008871121120008014,-0.0007033551460008153,-0.0007033551460008153,0.0006151166223340933,E2\E2_dual_camera_height_scan\run_20260808_151001\raw\E2_dual_height_raw_20260808_151001.csv
E2,ihawk1,marker_2_BL,0.0,20260808_151001,corner3,2,3,295.2886856666667,325.55599966666665,0.013319788824650507,0.0033292405040027126,0.00017741677433328454,4.1102007833625025e-05,4.1102007833625025e-05,1.1083842333492235e-05,E2\E2_dual_camera_height_scan\run_20260808_151001\raw\E2_dual_height_raw_20260808_151001.csv
E2,ihawk1,marker_2_BL,0.0,20260808_162715,marker_center,2,3,302.9626183333333,305.97087100000005,0.011240377855460953,0.007101196307659845,0.00012634609433353697,-5.855414150002519e-05,-5.855414150002519e-05,5.042698899992182e-05,E2\E2_dual_camera_height_scan\run_20260808_162715\raw\E2_dual_height_raw_20260808_162715.csv
E2,ihawk1,marker_2_BL,0.0,20260808_162715,corner0,2,3,275.992574,302.2525533333333,0.037074211198628616,0.015440725188084087,0.0013744971360005196,-0.0004924753920006423,-0.0004924753920006423,0.00023841599433393438,E2\E2_dual_camera_height_scan\run_20260808_162715\raw\E2_dual_height_raw_20260808_162715.csv
E2,ihawk1,marker_2_BL,0.0,20260808_162715,corner1,2,3,307.7870276666667,287.22547366666663,0.0011806813004983402,0.0028192013644567715,1.394008333346452e-06,3.3285783333535162e-06,3.3285783333535162e-06,7.947896333354922e-06,E2\E2_dual_camera_height_scan\run_20260808_162715\raw\E2_dual_height_raw_20260808_162715.csv
E2,ihawk1,marker_2_BL,0.0,20260808_162715,corner2,2,3,330.461904,308.49104800000003,0.017684041025750386,0.02488737248082468,0.0003127253070004228,0.0001606493324994287,0.0001606493324994287,0.0006193813089993095,E2\E2_dual_camera_height_scan\run_20260808_162715\raw\E2_dual_height_raw_20260808_162715.csv
E2,ihawk1,marker_2_BL,0.0,20260808_162715,corner3,2,3,297.60896799999995,325.9144086666667,0.020678101532787343,0.021472615218773885,0.00042758388300026225,6.516685000181275e-06,6.516685000181275e-06,0.0004610732043335199,E2\E2_dual_camera_height_scan\run_20260808_162715\raw\E2_dual_height_raw_20260808_162715.csv
E2,ihawk1,marker_3_BR,0.0,20260808_131913,marker_center,3,3,379.27197266666667,264.6265716666667,0.02474346189064846,0.006533587554566312,0.0006122389063339727,0.00015948534283325656,0.00015948534283325656,4.26877663331838e-05,E2\E2_dual_camera_height_scan\run_20260808_131913\raw\E2_dual_height_raw_20260808_131913.csv
E2,ihawk1,marker_3_BR,0.0,20260808_131913,corner0,3,3,355.16919966666666,262.1736046666667,0.001484134203284865,0.00041660572888728464,2.2026543333600012e-06,4.278438333626613e-07,4.278438333626613e-07,1.735603333417057e-07,E2\E2_dual_camera_height_scan\run_20260808_131913\raw\E2_dual_height_raw_20260808_131913.csv
E2,ihawk1,marker_3_BR,0.0,20260808_131913,corner1,3,3,379.06933566666663,250.2152606666667,0.13083858301103532,0.028967368888696526,0.017118734804335577,0.003753279387834599,0.003753279387834599,0.0008391084603338234,E2\E2_dual_camera_height_scan\run_20260808_131913\raw\E2_dual_height_raw_20260808_131913.csv
E2,ihawk1,marker_3_BR,0.0,20260808_131913,corner2,3,3,403.5537616666666,266.32972233333334,0.0014890618970775774,0.0048188789498454935,2.217305333328274e-06,-7.174975333315253e-06,-7.174975333315253e-06,2.3221594333264003e-05,E2\E2_dual_camera_height_scan\run_20260808_131913\raw\E2_dual_height_raw_20260808_131913.csv
E2,ihawk1,marker_3_BR,0.0,20260808_131913,corner3,3,3,379.2955933333333,279.7876993333333,0.03657791197338781,0.008428307679079006,0.0013379436443329074,0.00019957117783312312,0.00019957117783312312,7.103637033322214e-05,E2\E2_dual_camera_height_scan\run_20260808_131913\raw\E2_dual_height_raw_20260808_131913.csv
E2,ihawk1,marker_3_BR,0.0,20260808_141232,marker_center,3,3,381.40835799999996,265.7119993333333,0.008541034422109158,0.033957773812985356,7.294926899965351e-05,0.00023341651849963726,0.00023341651849963726,0.001153130402333874,E2\E2_dual_camera_height_scan\run_20260808_141232\raw\E2_dual_height_raw_20260808_141232.csv
E2,ihawk1,marker_3_BR,0.0,20260808_141232,corner0,3,3,357.03946966666666,262.71651233333336,0.008623228301146422,0.01805197956828712,7.436006633369262e-05,0.00014241248716719167,0.00014241248716719167,0.0003258739663338557,E2\E2_dual_camera_height_scan\run_20260808_141232\raw\E2_dual_height_raw_20260808_141232.csv
E2,ihawk1,marker_3_BR,0.0,20260808_141232,corner1,3,3,381.6732686666667,251.17505399999996,0.036690203329133544,0.006166570846095382,0.0013461710203331622,-0.00022205285299970896,-0.00022205285299970896,3.802659599991351e-05,E2\E2_dual_camera_height_scan\run_20260808_141232\raw\E2_dual_height_raw_20260808_141232.csv
E2,ihawk1,marker_3_BR,0.0,20260808_141232,corner2,3,3,405.847829,267.751007,0.09475835332571513,0.10344324245208696,0.008979145525001066,0.009797604705001245,0.009797604705001245,0.010700504409001244,E2\E2_dual_camera_height_scan\run_20260808_141232\raw\E2_dual_height_raw_20260808_141232.csv
E2,ihawk1,marker_3_BR,0.0,20260808_141232,corner3,3,3,381.072866,281.205424,0.053919083486262745,0.020890420986664975,0.0029072675639985716,-0.001060496807999659,-0.001060496807999659,0.0004364096890000924,E2\E2_dual_camera_height_scan\run_20260808_141232\raw\E2_dual_height_raw_20260808_141232.csv
E2,ihawk1,marker_3_BR,0.0,20260808_145501,marker_center,3,3,381.61440799999997,266.268256,0.005491531025145888,0.008903781050770748,3.0156913000139843e-05,-4.8895373000133254e-05,-4.8895373000133254e-05,7.927731700006425e-05,E2\E2_dual_camera_height_scan\run_20260808_145501\raw\E2_dual_height_raw_20260808_145501.csv
E2,ihawk1,marker_3_BR,0.0,20260808_145501,corner0,3,3,357.2018433333333,263.41805,0.010557027627771174,0.003986204711266577,0.00011145083233352385,2.6845432000109853e-05,2.6845432000109853e-05,1.588982800012385e-05,E2\E2_dual_camera_height_scan\run_20260808_145501\raw\E2_dual_height_raw_20260808_145501.csv
E2,ihawk1,marker_3_BR,0.0,20260808_145501,corner1,3,3,381.8425496666667,251.5893606666667,0.033486096119630965,0.006168535995939385,0.0011213186333331642,-0.00020331222666633713,-0.00020331222666633713,3.80508363331999e-05,E2\E2_dual_camera_height_scan\run_20260808_145501\raw\E2_dual_height_raw_20260808_145501.csv
E2,ihawk1,marker_3_BR,0.0,20260808_145501,corner2,3,3,405.8177183333334,268.48245233333336,0.011413663843529862,0.003074316238347152,0.00013027172233310086,3.3886253333371534e-05,3.3886253333371534e-05,9.451420333364982e-06,E2\E2_dual_camera_height_scan\run_20260808_145501\raw\E2_dual_height_raw_20260808_145501.csv
E2,ihawk1,marker_3_BR,0.0,20260808_145501,corner3,3,3,381.59552,281.58316033333335,0.01820022903702678,0.026108445230107254,0.00033124833700023276,0.0003494731824999976,0.0003494731824999976,0.0006816509123335103,E2\E2_dual_camera_height_scan\run_20260808_145501\raw\E2_dual_height_raw_20260808_145501.csv
E2,ihawk1,marker_3_BR,0.0,20260808_151001,marker_center,3,3,381.4235816666667,265.9257963333334,0.0073350668254256865,0.02112996271490662,5.380320533346045e-05,-0.0001098032033333482,-0.0001098032033333482,0.0004464753243333439,E2\E2_dual_camera_height_scan\run_20260808_151001\raw\E2_dual_height_raw_20260808_151001.csv
E2,ihawk1,marker_3_BR,0.0,20260808_151001,corner0,3,3,357.1129453333333,263.179677,0.006002449611059449,0.021593339343421978,3.602940133330773e-05,-0.00012961217999997665,-0.00012961217999997665,0.00046627230400017545,E2\E2_dual_camera_height_scan\run_20260808_151001\raw\E2_dual_height_raw_20260808_151001.csv
E2,ihawk1,marker_3_BR,0.0,20260808_151001,corner1,3,3,381.33928399999996,251.211375,0.017975414070331375,0.020647832259103882,0.0003231155109998671,-9.904026999997245e-05,-9.904026999997245e-05,0.000426332977000091,E2\E2_dual_camera_height_scan\run_20260808_151001\raw\E2_dual_height_raw_20260808_151001.csv
E2,ihawk1,marker_3_BR,0.0,20260808_151001,corner2,3,3,405.705495,268.0767006666667,0.009626569690186704,0.04168343551499789,9.267084400002135e-05,0.0003234995470002153,0.0003234995470002153,0.0017375087963329874,E2\E2_dual_camera_height_scan\run_20260808_151001\raw\E2_dual_height_raw_20260808_151001.csv
E2,ihawk1,marker_3_BR,0.0,20260808_151001,corner3,3,3,381.53660099999996,281.235433,0.015773025106169136,0.011827496649734977,0.00024878832099984184,-0.00018640091299960553,-0.00018640091299960553,0.0001398896769994921,E2\E2_dual_camera_height_scan\run_20260808_151001\raw\E2_dual_height_raw_20260808_151001.csv
E2,ihawk1,marker_3_BR,0.0,20260808_162715,marker_center,3,3,383.63481133333335,266.309054,0.0573381200802201,0.024791736102959525,0.00328766001433374,0.0013785956639987011,0.0013785956639987011,0.0006146301789987867,E2\E2_dual_camera_height_scan\run_20260808_162715\raw\E2_dual_height_raw_20260808_162715.csv
E2,ihawk1,marker_3_BR,0.0,20260808_162715,corner0,3,3,359.223948,263.38797,0.007441622672510383,0.002749441397812461,5.537774800002057e-05,-1.6047062000034698e-05,-1.6047062000034698e-05,7.55942800000494e-06,E2\E2_dual_camera_height_scan\run_20260808_162715\raw\E2_dual_height_raw_20260808_162715.csv
E2,ihawk1,marker_3_BR,0.0,20260808_162715,corner1,3,3,383.5481773333333,251.644755,0.023091716140903048,0.002506837848762765,0.0005332273543320424,5.788434799988301e-05,5.788434799988301e-05,6.2842359999895265e-06,E2\E2_dual_camera_height_scan\run_20260808_162715\raw\E2_dual_height_raw_20260808_162715.csv
E2,ihawk1,marker_3_BR,0.0,20260808_162715,corner2,3,3,407.90223166666664,268.3893836666667,0.04159233379280997,0.05745953516462749,0.0017299222303325226,0.0023897062673334086,0.0023897062673334086,0.0033015981813350635,E2\E2_dual_camera_height_scan\run_20260808_162715\raw\E2_dual_height_raw_20260808_162715.csv
E2,ihawk1,marker_3_BR,0.0,20260808_162715,corner3,3,3,383.8648886666667,281.81410733333337,0.18012175647136258,0.04015341911136133,0.032443847154328846,0.007229077879164643,0.007229077879164643,0.0016122970663326375,E2\E2_dual_camera_height_scan\run_20260808_162715\raw\E2_dual_height_raw_20260808_162715.csv
E2,ihawk1,marker_4_C,0.0,20260808_131913,marker_center,4,3,295.50181833333335,244.7306606666667,0.005450531380824612,0.011434194695434479,2.970829233335385e-05,6.07894691666458e-05,6.07894691666458e-05,0.000130740808333102,E2\E2_dual_camera_height_scan\run_20260808_131913\raw\E2_dual_height_raw_20260808_131913.csv
E2,ihawk1,marker_4_C,0.0,20260808_131913,corner0,4,3,273.651896,242.09211733333333,0.0008105997779304178,0.027010754993768826,6.570719999808427e-07,-2.1894911999681935e-05,-2.1894911999681935e-05,0.0007295808853334076,E2\E2_dual_camera_height_scan\run_20260808_131913\raw\E2_dual_height_raw_20260808_131913.csv
E2,ihawk1,marker_4_C,0.0,20260808_131913,corner1,4,3,299.48559566666665,232.58287600000003,0.013046868794215724,0.004092813091250319,0.00017022078533348006,5.076774999987505e-05,5.076774999987505e-05,1.6751118999909992e-05,E2\E2_dual_camera_height_scan\run_20260808_131913\raw\E2_dual_height_raw_20260808_131913.csv
E2,ihawk1,marker_4_C,0.0,20260808_131913,corner2,4,3,317.57100399999996,246.57489,0.01807396140860778,0.0023423554384448225,0.0003266680809998433,2.345391500146808e-06,2.345391500146808e-06,5.4866290000120375e-06,E2\E2_dual_camera_height_scan\run_20260808_131913\raw\E2_dual_height_raw_20260808_131913.csv
E2,ihawk1,marker_4_C,0.0,20260808_131913,corner3,4,3,291.2987773333333,257.6727596666667,0.010724245909766032,0.0224924654125266,0.00011500945033313348,0.0002411953926665459,0.0002411953926665459,0.0005059110003337053,E2\E2_dual_camera_height_scan\run_20260808_131913\raw\E2_dual_height_raw_20260808_131913.csv
E2,ihawk1,marker_4_C,0.0,20260808_141232,marker_center,4,3,297.538017,244.76743066666666,0.5970899237627573,0.017848817729285624,0.35651637705901523,0.009996024530501437,0.009996024530501437,0.0003185802943332609,E2\E2_dual_camera_height_scan\run_20260808_141232\raw\E2_dual_height_raw_20260808_141232.csv
E2,ihawk1,marker_4_C,0.0,20260808_141232,corner0,4,3,274.74011233333334,242.0788216666667,2.3730210903728546,0.06892560360514656,5.631229095354373,0.1619068101526739,0.1619068101526739,0.004750738832333793,E2\E2_dual_camera_height_scan\run_20260808_141232\raw\E2_dual_height_raw_20260808_141232.csv
E2,ihawk1,marker_4_C,0.0,20260808_141232,corner1,4,3,302.495697,232.59468066666668,0.03811031391894274,0.01831528258950221,0.0014523960270003608,0.0006980011690000757,0.0006980011690000757,0.0003354495763333228,E2\E2_dual_camera_height_scan\run_20260808_141232\raw\E2_dual_height_raw_20260808_141232.csv
E2,ihawk1,marker_4_C,0.0,20260808_141232,corner2,4,3,319.9018453333333,246.81530766666665,0.012229250685679949,0.011958401746602678,0.00014955457233320352,0.00010657766616657495,0.00010657766616657495,0.00014300337233314996,E2\E2_dual_camera_height_scan\run_20260808_141232\raw\E2_dual_height_raw_20260808_141232.csv
E2,ihawk1,marker_4_C,0.0,20260808_141232,corner3,4,3,293.0144143333334,257.58091233333334,0.03484758433998033,0.0148053622155524,0.0012143541343320424,0.00029244718383271813,0.00029244718383271813,0.00021919875033370666,E2\E2_dual_camera_height_scan\run_20260808_141232\raw\E2_dual_height_raw_20260808_141232.csv
E2,ihawk1,marker_4_C,0.0,20260808_145501,marker_center,4,3,297.967786,245.36162833333333,0.008742884878572782,0.0045508999476209094,7.64380359999766e-05,3.815127799994739e-05,3.815127799994739e-05,2.0710690333255996e-05,E2\E2_dual_camera_height_scan\run_20260808_145501\raw\E2_dual_height_raw_20260808_145501.csv
E2,ihawk1,marker_4_C,0.0,20260808_145501,corner0,4,3,276.14559933333334,242.61842866666666,0.021350295204833843,0.015429756975828126,0.00045583510533355105,0.0003293525096665932,0.0003293525096665932,0.0002380774003331167,E2\E2_dual_camera_height_scan\run_20260808_145501\raw\E2_dual_height_raw_20260808_145501.csv
E2,ihawk1,marker_4_C,0.0,20260808_145501,corner1,4,3,302.3240356666667,233.23729933333334,0.01601708404588179,0.0025236335576634887,0.0002565469813328409,-1.033199133343265e-05,-1.033199133343265e-05,6.368726333365277e-06,E2\E2_dual_camera_height_scan\run_20260808_145501\raw\E2_dual_height_raw_20260808_145501.csv
E2,ihawk1,marker_4_C,0.0,20260808_145501,corner2,4,3,320.0339256666667,247.27308633333334,0.013996669401434287,0.0026201355562961827,0.00019590675433304682,-2.4311875833449597e-05,-2.4311875833449597e-05,6.865110333367507e-06,E2\E2_dual_camera_height_scan\run_20260808_145501\raw\E2_dual_height_raw_20260808_145501.csv
E2,ihawk1,marker_4_C,0.0,20260808_145501,corner3,4,3,293.36758433333335,258.317698,0.02056220246795314,0.005088177276796999,0.0004228041703330982,-9.391925100018734e-05,-9.391925100018734e-05,2.5889548000113324e-05,E2\E2_dual_camera_height_scan\run_20260808_145501\raw\E2_dual_height_raw_20260808_145501.csv
E2,ihawk1,marker_4_C,0.0,20260808_151001,marker_center,4,3,297.69062299999996,245.1453326666667,0.007148601821343851,0.005198825861033971,5.110250800012062e-05,-3.485435200004052e-05,-3.485435200004052e-05,2.7027790333355615e-05,E2\E2_dual_camera_height_scan\run_20260808_151001\raw\E2_dual_height_raw_20260808_151001.csv
E2,ihawk1,marker_4_C,0.0,20260808_151001,corner0,4,3,275.861918,242.53045166666666,0.004752564465623883,0.008264085269007211,2.2586868999910825e-05,-3.561910899998651e-05,-3.561910899998651e-05,6.8295105333422e-05,E2\E2_dual_camera_height_scan\run_20260808_151001\raw\E2_dual_height_raw_20260808_151001.csv
E2,ihawk1,marker_4_C,0.0,20260808_151001,corner1,4,3,302.0633546666667,232.950348,0.016589042899848746,0.02980538889193781,0.0002751963443330221,0.0004689734104995826,0.0004689734104995826,0.0008883612069996498,E2\E2_dual_camera_height_scan\run_20260808_151001\raw\E2_dual_height_raw_20260808_151001.csv
E2,ihawk1,marker_4_C,0.0,20260808_151001,corner2,4,3,319.73905400000007,247.00429799999998,0.00288451521057555,0.047879843243268355,8.320428000041709e-06,-0.00013804672500033506,-0.00013804672500033506,0.0022924793889999504,E2\E2_dual_camera_height_scan\run_20260808_151001\raw\E2_dual_height_raw_20260808_151001.csv
E2,ihawk1,marker_4_C,0.0,20260808_151001,corner3,4,3,293.09816466666666,258.09623200000004,0.005424151761640612,0.007980187466455893,2.942142233330896e-05,1.603444400003018e-05,1.603444400003018e-05,6.368339199977973e-05,E2\E2_dual_camera_height_scan\run_20260808_151001\raw\E2_dual_height_raw_20260808_151001.csv
E2,ihawk1,marker_4_C,0.0,20260808_162715,marker_center,4,3,299.51847833333335,245.23376833333336,0.0193382182822904,0.006262717487904072,0.0003739666863335107,0.00011551732883330435,0.00011551732883330435,3.922163033329949e-05,E2\E2_dual_camera_height_scan\run_20260808_162715\raw\E2_dual_height_raw_20260808_162715.csv
E2,ihawk1,marker_4_C,0.0,20260808_162715,corner0,4,3,277.568085,242.4395496666667,0.01643889421464748,0.009954673341373413,0.00027023724300037036,0.00016364382200020886,0.00016364382200020886,9.909552133345052e-05,E2\E2_dual_camera_height_scan\run_20260808_162715\raw\E2_dual_height_raw_20260808_162715.csv
E2,ihawk1,marker_4_C,0.0,20260808_162715,corner1,4,3,304.01164766666665,233.32471733333333,0.06928762453957078,0.033619311360199675,0.004800774914336531,0.002288079500668076,0.002288079500668076,0.001130258096334051,E2\E2_dual_camera_height_scan\run_20260808_162715\raw\E2_dual_height_raw_20260808_162715.csv
E2,ihawk1,marker_4_C,0.0,20260808_162715,corner2,4,3,321.60251900000003,246.92883266666664,0.016554181073082683,0.020300771668422302,0.000274040911000409,-0.00020206401200004048,-0.00020206401200004048,0.0004121213303334177,E2\E2_dual_camera_height_scan\run_20260808_162715\raw\E2_dual_height_raw_20260808_162715.csv
E2,ihawk1,marker_4_C,0.0,20260808_162715,corner3,4,3,294.89166266666666,258.241974,0.006685145947073142,0.013089086637333455,4.4691176333668454e-05,5.2536570000128856e-05,5.2536570000128856e-05,0.0001713241889996212,E2\E2_dual_camera_height_scan\run_20260808_162715\raw\E2_dual_height_raw_20260808_162715.csv
E2,ihawk1,marker_0_TL,5.0,20260808_131913,marker_center,0,3,222.28569433333334,225.34591833333334,0.006573656542082126,0.004583953461073346,4.321296033325914e-05,2.6816921333286243e-05,2.6816921333286243e-05,2.101262933328631e-05,E2\E2_dual_camera_height_scan\run_20260808_131913\raw\E2_dual_height_raw_20260808_131913.csv
E2,ihawk1,marker_0_TL,5.0,20260808_131913,corner0,0,3,202.17549666666665,223.32266233333334,0.014253723104265948,0.012919430495698487,0.00020316862233308488,0.00018071629616649295,0.00018071629616649295,0.00016691168433318403,E2\E2_dual_camera_height_scan\run_20260808_131913\raw\E2_dual_height_raw_20260808_131913.csv
E2,ihawk1,marker_0_TL,5.0,20260808_131913,corner1,0,3,229.29793800000002,214.50014233333332,0.003839231693967511,9.641749495737596e-05,1.4739699999964642e-05,1.970600000055905e-07,1.970600000055905e-07,9.296333333855617e-09,E2\E2_dual_camera_height_scan\run_20260808_131913\raw\E2_dual_height_raw_20260808_131913.csv
E2,ihawk1,marker_0_TL,5.0,20260808_131913,corner2,0,3,242.7911783333333,226.75301100000001,0.0021099398885488178,0.007883507404705137,4.451846333289398e-06,-1.2134680499877225e-05,-1.2134680499877225e-05,6.214968900004071e-05,E2\E2_dual_camera_height_scan\run_20260808_131913\raw\E2_dual_height_raw_20260808_131913.csv
E2,ihawk1,marker_0_TL,5.0,20260808_131913,corner3,0,3,214.8781633333333,236.80785600000002,0.007635510286378907,0.002792171377260951,5.8301017333398087e-05,2.048334200001918e-05,2.048334200001918e-05,7.796220999995317e-06,E2\E2_dual_camera_height_scan\run_20260808_131913\raw\E2_dual_height_raw_20260808_131913.csv
E2,ihawk1,marker_0_TL,5.0,20260808_141232,marker_center,0,3,223.6679673333333,223.35004433333333,0.009028084422144587,0.004650160893278363,8.150630833336976e-05,8.788330833462852e-06,8.788330833462852e-06,2.1623996333375425e-05,E2\E2_dual_camera_height_scan\run_20260808_141232\raw\E2_dual_height_raw_20260808_141232.csv
E2,ihawk1,marker_0_TL,5.0,20260808_141232,corner0,0,3,204.0,221.0,0.0,0.0,0.0,0.0,0.0,0.0,E2\E2_dual_camera_height_scan\run_20260808_141232\raw\E2_dual_height_raw_20260808_141232.csv
E2,ihawk1,marker_0_TL,5.0,20260808_141232,corner1,0,3,231.08451333333332,212.96948766666665,0.009728105896497419,0.017613643755156998,9.463604433346784e-05,0.00011411031266693923,0.00011411031266693923,0.0003102404463335811,E2\E2_dual_camera_height_scan\run_20260808_141232\raw\E2_dual_height_raw_20260808_141232.csv
E2,ihawk1,marker_0_TL,5.0,20260808_141232,corner2,0,3,244.31728633333333,224.81578033333335,0.01018962493584752,0.004395216983650067,0.00010382845633324557,-1.6114541666650222e-05,-1.6114541666650222e-05,1.9317932333365996e-05,E2\E2_dual_camera_height_scan\run_20260808_141232\raw\E2_dual_height_raw_20260808_141232.csv
E2,ihawk1,marker_0_TL,5.0,20260808_141232,corner3,0,3,215.27007000000003,234.614909,0.03492029296840985,0.005170542234614207,0.0012194268609995746,-0.00017991365449973522,-0.00017991365449973522,2.6734506999929275e-05,E2\E2_dual_camera_height_scan\run_20260808_141232\raw\E2_dual_height_raw_20260808_141232.csv
E2,ihawk1,marker_0_TL,5.0,20260808_145501,marker_center,0,3,225.09253333333336,224.363683,0.008546728165403994,0.010878286675754328,7.304656233330993e-05,9.103240949993395e-05,9.103240949993395e-05,0.00011833712099989417,E2\E2_dual_camera_height_scan\run_20260808_145501\raw\E2_dual_height_raw_20260808_145501.csv
E2,ihawk1,marker_0_TL,5.0,20260808_145501,corner0,0,3,205.06332933333331,221.9448953333333,0.012522034193106015,0.031241045666450033,0.0001568013403333162,-0.000159574211166582,-0.000159574211166582,0.0009760029343332163,E2\E2_dual_camera_height_scan\run_20260808_145501\raw\E2_dual_height_raw_20260808_145501.csv
E2,ihawk1,marker_0_TL,5.0,20260808_145501,corner1,0,3,232.468572,213.67669166666667,0.05388539441257796,0.006178639764010228,0.002903635730999088,0.0002828740940005356,0.0002828740940005356,3.817558933340837e-05,E2\E2_dual_camera_height_scan\run_20260808_145501\raw\E2_dual_height_raw_20260808_145501.csv
E2,ihawk1,marker_0_TL,5.0,20260808_145501,corner2,0,3,245.55379233333335,226.26911933333335,0.013855174496665743,0.03755088862242782,0.00019196586033305683,0.0005189993663330968,0.0005189993663330968,0.0014100692363339792,E2\E2_dual_camera_height_scan\run_20260808_145501\raw\E2_dual_height_raw_20260808_145501.csv
E2,ihawk1,marker_0_TL,5.0,20260808_145501,corner3,0,3,217.28443900000002,235.564026,0.013015055781672419,0.008701741952043797,0.00016939167700004467,-0.00010985076549995909,-0.00010985076549995909,7.5720312999959e-05,E2\E2_dual_camera_height_scan\run_20260808_145501\raw\E2_dual_height_raw_20260808_145501.csv
E2,ihawk1,marker_0_TL,5.0,20260808_151001,marker_center,0,3,224.336754,224.18706899999998,0.014296294205139509,0.0029278013935395237,0.00020438402799990548,4.117561100002698e-05,4.117561100002698e-05,8.572021000011978e-06,E2\E2_dual_camera_height_scan\run_20260808_151001\raw\E2_dual_height_raw_20260808_151001.csv
E2,ihawk1,marker_0_TL,5.0,20260808_151001,corner0,0,3,204.28812666666667,221.69175199999998,0.003914538329518824,0.0012510299756563566,1.532361033327203e-05,4.056166999970313e-06,4.056166999970313e-06,1.565075999990744e-06,E2\E2_dual_camera_height_scan\run_20260808_151001\raw\E2_dual_height_raw_20260808_151001.csv
E2,ihawk1,marker_0_TL,5.0,20260808_151001,corner1,0,3,231.82849133333335,213.5358173333333,0.08299814408366912,0.01519644202875481,0.0068886919213335005,0.0009284087813334577,0.0009284087813334577,0.00023093185033330562,E2\E2_dual_camera_height_scan\run_20260808_151001\raw\E2_dual_height_raw_20260808_151001.csv
E2,ihawk1,marker_0_TL,5.0,20260808_151001,corner2,0,3,244.864339,226.005539,0.006335310647470881,0.008811832329310237,4.013616099995791e-05,2.9897621000030145e-05,2.9897621000030145e-05,7.76483889998771e-05,E2\E2_dual_camera_height_scan\run_20260808_151001\raw\E2_dual_height_raw_20260808_151001.csv
E2,ihawk1,marker_0_TL,5.0,20260808_151001,corner3,0,3,216.36605833333337,235.51516733333332,0.041252298994525316,0.0071324513551277915,0.0017017521723337145,0.00028624751283316016,0.00028624751283316016,5.0871862333264265e-05,E2\E2_dual_camera_height_scan\run_20260808_151001\raw\E2_dual_height_raw_20260808_151001.csv
E2,ihawk1,marker_0_TL,5.0,20260808_162715,marker_center,0,3,227.38833499999998,223.72177733333334,0.020059323792193065,0.006105983322398147,0.00040237647100004276,0.00010047152650021027,0.00010047152650021027,3.7283032333404314e-05,E2\E2_dual_camera_height_scan\run_20260808_162715\raw\E2_dual_height_raw_20260808_162715.csv
E2,ihawk1,marker_0_TL,5.0,20260808_162715,corner0,0,3,207.570877,221.29769366666665,0.019354533758260916,0.012615937433793138,0.0003745979769996614,3.5119359999283113e-06,3.5119359999283113e-06,0.00015916187733338297,E2\E2_dual_camera_height_scan\run_20260808_162715\raw\E2_dual_height_raw_20260808_162715.csv
E2,ihawk1,marker_0_TL,5.0,20260808_162715,corner1,0,3,234.786886,213.11454266666667,0.019722070606292573,0.01768879171490703,0.0003889600689995895,0.0001972140504998942,0.0001972140504998942,0.0003128933523333636,E2\E2_dual_camera_height_scan\run_20260808_162715\raw\E2_dual_height_raw_20260808_162715.csv
E2,ihawk1,marker_0_TL,5.0,20260808_162715,corner2,0,3,247.74336733333334,225.74916599999997,0.008864179394237245,0.018000684736987755,7.857367633322018e-05,9.841914750003051e-05,9.841914750003051e-05,0.00032402465100042394,E2\E2_dual_camera_height_scan\run_20260808_162715\raw\E2_dual_height_raw_20260808_162715.csv
E2,ihawk1,marker_0_TL,5.0,20260808_162715,corner3,0,3,219.45220933333334,234.72570833333336,0.05311202227682948,0.011815111693649788,0.002820886910334431,-0.0006274175946669765,-0.0006274175946669765,0.00013959686433341996,E2\E2_dual_camera_height_scan\run_20260808_162715\raw\E2_dual_height_raw_20260808_162715.csv
E2,ihawk1,marker_1_TR,5.0,20260808_131913,marker_center,1,3,293.17035166666665,201.73814000000002,0.01890875470074523,0.00923568995798464,0.00035754100433295474,-7.426964600018189e-05,-7.426964600018189e-05,8.529796900001832e-05,E2\E2_dual_camera_height_scan\run_20260808_131913\raw\E2_dual_height_raw_20260808_131913.csv
E2,ihawk1,marker_1_TR,5.0,20260808_131913,corner0,1,3,274.70551566666666,200.223287,0.0051251531033763625,0.009253543807639165,2.6267194333048356e-05,-4.7142327499720624e-05,-4.7142327499720624e-05,8.562807299989714e-05,E2\E2_dual_camera_height_scan\run_20260808_131913\raw\E2_dual_height_raw_20260808_131913.csv
E2,ihawk1,marker_1_TR,5.0,20260808_131913,corner1,1,3,297.193166,192.67965733333335,0.05640814678750566,0.01568471387477221,0.003181879024000785,0.0008725879960002278,0.0008725879960002278,0.0002460102493334718,E2\E2_dual_camera_height_scan\run_20260808_131913\raw\E2_dual_height_raw_20260808_131913.csv
E2,ihawk1,marker_1_TR,5.0,20260808_131913,corner2,1,3,311.6186623333333,202.83197533333336,0.013988174088613081,0.0071576644468243945,0.0001956690143333464,9.873412133332995e-05,9.873412133332995e-05,5.1232160333333964e-05,E2\E2_dual_camera_height_scan\run_20260808_131913\raw\E2_dual_height_raw_20260808_131913.csv
E2,ihawk1,marker_1_TR,5.0,20260808_131913,corner3,1,3,289.16406233333333,211.217641,0.021931029851183285,0.05750948014892654,0.00048097007033349234,0.0007763641385007928,0.0007763641385007928,0.003307340306999776,E2\E2_dual_camera_height_scan\run_20260808_131913\raw\E2_dual_height_raw_20260808_131913.csv
E2,ihawk1,marker_1_TR,5.0,20260808_141232,marker_center,1,3,293.95539833333333,199.96235766666666,0.004756112943733302,0.0035750896958406386,2.262061033354746e-05,-1.2104278833362407e-05,-1.2104278833362407e-05,1.278126633330591e-05,E2\E2_dual_camera_height_scan\run_20260808_141232\raw\E2_dual_height_raw_20260808_141232.csv
E2,ihawk1,marker_1_TR,5.0,20260808_141232,corner0,1,3,275.70555633333333,198.50215133333333,0.002510289292760824,0.01867650824787951,6.301552333349638e-06,4.550434183335242e-05,4.550434183335242e-05,0.0003488119603331114,E2\E2_dual_camera_height_scan\run_20260808_141232\raw\E2_dual_height_raw_20260808_141232.csv
E2,ihawk1,marker_1_TR,5.0,20260808_141232,corner1,1,3,297.4580383333334,191.48714199999998,0.006408785714421903,0.010686888649176685,4.107253433337826e-05,3.338893100011203e-05,3.338893100011203e-05,0.00011420958899990148,E2\E2_dual_camera_height_scan\run_20260808_141232\raw\E2_dual_height_raw_20260808_141232.csv
E2,ihawk1,marker_1_TR,5.0,20260808_141232,corner2,1,3,312.301229,200.9336956666667,0.022223365361708238,0.018641734397129475,0.0004938779679999735,-0.000316442223999878,-0.000316442223999878,0.0003475142613331203,E2\E2_dual_camera_height_scan\run_20260808_141232\raw\E2_dual_height_raw_20260808_141232.csv
E2,ihawk1,marker_1_TR,5.0,20260808_141232,corner3,1,3,290.35677100000004,208.9264423333333,0.04582004193583763,0.007484345284213728,0.002099476243001919,-0.00034070660150016356,-0.00034070660150016356,5.6015424333332264e-05,E2\E2_dual_camera_height_scan\run_20260808_141232\raw\E2_dual_height_raw_20260808_141232.csv
E2,ihawk1,marker_1_TR,5.0,20260808_145501,marker_center,1,3,296.192309,201.34686799999997,0.06307138304334788,0.01112751081779513,0.0039779993590007105,0.00011090980599959296,0.00011090980599959296,0.00012382149700014764,E2\E2_dual_camera_height_scan\run_20260808_145501\raw\E2_dual_height_raw_20260808_145501.csv
E2,ihawk1,marker_1_TR,5.0,20260808_145501,corner0,1,3,277.7410786666666,199.66871633333335,0.010165983539888405,0.0012949966537882255,0.000103347221333282,1.3164914666621663e-05,1.3164914666621663e-05,1.677016333322701e-06,E2\E2_dual_camera_height_scan\run_20260808_145501\raw\E2_dual_height_raw_20260808_145501.csv
E2,ihawk1,marker_1_TR,5.0,20260808_145501,corner1,1,3,300.0551556666667,192.738983,0.12268191469133558,0.06968505463153338,0.01505085219233214,0.008497863750999602,0.008497863750999602,0.004856006838999792,E2\E2_dual_camera_height_scan\run_20260808_145501\raw\E2_dual_height_raw_20260808_145501.csv
E2,ihawk1,marker_1_TR,5.0,20260808_145501,corner2,1,3,314.60935466666666,202.50100733333332,0.0058963596679311074,0.005633500894941338,3.4767057333604635e-05,3.11767046667501e-05,3.11767046667501e-05,3.173633233330485e-05,E2\E2_dual_camera_height_scan\run_20260808_145501\raw\E2_dual_height_raw_20260808_145501.csv
E2,ihawk1,marker_1_TR,5.0,20260808_145501,corner3,1,3,292.3636473333333,210.47876466666665,0.13376468808070835,0.06170700077246476,0.0178929917773292,-0.008245416334332031,-0.008245416334332031,0.0038077539443329665,E2\E2_dual_camera_height_scan\run_20260808_145501\raw\E2_dual_height_raw_20260808_145501.csv
E2,ihawk1,marker_1_TR,5.0,20260808_151001,marker_center,1,3,295.4661866666667,201.079281,0.00526244822619617,0.001581857452492059,2.7693361333395215e-05,4.99831600002207e-06,4.99831600002207e-06,2.5022730000046664e-06,E2\E2_dual_camera_height_scan\run_20260808_151001\raw\E2_dual_height_raw_20260808_151001.csv
E2,ihawk1,marker_1_TR,5.0,20260808_151001,corner0,1,3,277.090424,199.270569,0.0,0.0,0.0,0.0,0.0,0.0,E2\E2_dual_camera_height_scan\run_20260808_151001\raw\E2_dual_height_raw_20260808_151001.csv
E2,ihawk1,marker_1_TR,5.0,20260808_151001,corner1,1,3,299.24615466666665,192.3059946666667,0.012849113990204082,0.0024467366702029293,0.0001650997303332583,1.706212183332972e-05,1.706212183332972e-05,5.986520333315717e-06,E2\E2_dual_camera_height_scan\run_20260808_151001\raw\E2_dual_height_raw_20260808_151001.csv
E2,ihawk1,marker_1_TR,5.0,20260808_151001,corner2,1,3,313.90441933333335,202.39240533333336,0.009146239956018508,0.007949970712729562,8.365370533306942e-05,-1.1190151666735521e-05,-1.1190151666735521e-05,6.320203433325778e-05,E2\E2_dual_camera_height_scan\run_20260808_151001\raw\E2_dual_height_raw_20260808_151001.csv
E2,ihawk1,marker_1_TR,5.0,20260808_151001,corner3,1,3,291.62374900000003,210.3481546666667,0.0019343621687634325,0.005057905231738686,3.7417569999431702e-06,-9.773125999909832e-06,-9.773125999909832e-06,2.558240533324957e-05,E2\E2_dual_camera_height_scan\run_20260808_151001\raw\E2_dual_height_raw_20260808_151001.csv
E2,ihawk1,marker_1_TR,5.0,20260808_162715,marker_center,1,3,298.86238333333336,201.28663000000003,0.007000002880946476,0.015952407435869762,4.900004033325897e-05,-1.6587784500256097e-05,-1.6587784500256097e-05,0.0002544793029999928,E2\E2_dual_camera_height_scan\run_20260808_162715\raw\E2_dual_height_raw_20260808_162715.csv
E2,ihawk1,marker_1_TR,5.0,20260808_162715,corner0,1,3,280.3551836666666,199.251007,0.02256045341594131,0.02144377142668895,0.0005089740583328579,0.0002211962749998649,0.0002211962749998649,0.0004598353330000814,E2\E2_dual_camera_height_scan\run_20260808_162715\raw\E2_dual_height_raw_20260808_162715.csv
E2,ihawk1,marker_1_TR,5.0,20260808_162715,corner1,1,3,303.07326233333333,192.724767,0.04926878290899191,0.023842386017348317,0.002427412969333373,0.0011033994280000015,0.0011033994280000015,0.0005684593710002466,E2\E2_dual_camera_height_scan\run_20260808_162715\raw\E2_dual_height_raw_20260808_162715.csv
E2,ihawk1,marker_1_TR,5.0,20260808_162715,corner2,1,3,317.29515599999996,202.671875,0.05358722242286702,0.008791727304687481,0.002871590406997822,-0.0004708785584997744,-0.0004708785584997744,7.729446899998741e-05,E2\E2_dual_camera_height_scan\run_20260808_162715\raw\E2_dual_height_raw_20260808_162715.csv
E2,ihawk1,marker_1_TR,5.0,20260808_162715,corner3,1,3,294.72593166666667,210.49887066666665,0.02381695230992493,0.021425010019443,0.0005672472173332383,0.00027638781633337943,0.00027638781633337943,0.00045903105433323294,E2\E2_dual_camera_height_scan\run_20260808_162715\raw\E2_dual_height_raw_20260808_162715.csv
E2,ihawk1,marker_2_BL,5.0,20260808_131913,marker_center,2,3,300.02123033333334,303.3267133333333,0.010052254987484152,0.002949884800022598,0.00010104783033339999,-1.054319316672033e-05,-1.054319316672033e-05,8.701820333404364e-06,E2\E2_dual_camera_height_scan\run_20260808_131913\raw\E2_dual_height_raw_20260808_131913.csv
E2,ihawk1,marker_2_BL,5.0,20260808_131913,corner0,2,3,272.8671266666667,299.8432413333333,0.005630461111961231,0.007013557537608512,3.17020923333077e-05,-3.9489517333321995e-05,-3.9489517333321995e-05,4.918998933334517e-05,E2\E2_dual_camera_height_scan\run_20260808_131913\raw\E2_dual_height_raw_20260808_131913.csv
E2,ihawk1,marker_2_BL,5.0,20260808_131913,corner1,2,3,304.866628,284.7285053333333,0.03708803703351308,0.004037303596865672,0.0013755224909992375,0.00013358269549934416,0.00013358269549934416,1.6299820333264497e-05,E2\E2_dual_camera_height_scan\run_20260808_131913\raw\E2_dual_height_raw_20260808_131913.csv
E2,ihawk1,marker_2_BL,5.0,20260808_131913,corner2,2,3,327.60330200000004,305.441925,0.00345849316898483,0.0010683571500232569,1.196117499991473e-05,-3.3376550000300668e-06,-3.3376550000300668e-06,1.1413870000058156e-06,E2\E2_dual_camera_height_scan\run_20260808_131913\raw\E2_dual_height_raw_20260808_131913.csv
E2,ihawk1,marker_2_BL,5.0,20260808_131913,corner3,2,3,294.74786366666666,323.29318199999994,0.004260244867776324,0.006841072138211242,1.8149686333414508e-05,-2.910750900014181e-05,-2.910750900014181e-05,4.680026800021013e-05,E2\E2_dual_camera_height_scan\run_20260808_131913\raw\E2_dual_height_raw_20260808_131913.csv
E2,ihawk1,marker_2_BL,5.0,20260808_141232,marker_center,2,3,301.227308,299.768664,0.0082750522052842,0.013683079076009715,6.847648900017892e-05,-6.803852299989825e-05,-6.803852299989825e-05,0.00018722665300033488,E2\E2_dual_camera_height_scan\run_20260808_141232\raw\E2_dual_height_raw_20260808_141232.csv
E2,ihawk1,marker_2_BL,5.0,20260808_141232,corner0,2,3,274.325928,296.29401666666666,0.006025941503188837,0.006248943057297013,3.6311970999853736e-05,3.7654427999927555e-05,3.7654427999927555e-05,3.904928933334054e-05,E2\E2_dual_camera_height_scan\run_20260808_141232\raw\E2_dual_height_raw_20260808_141232.csv
E2,ihawk1,marker_2_BL,5.0,20260808_141232,corner1,2,3,305.8118493333333,281.46950233333337,7.043673286021006e-05,3.521836639728647e-05,4.9613333360205965e-09,-2.480666665698666e-09,-2.480666665698666e-09,1.2403333316935168e-09,E2\E2_dual_camera_height_scan\run_20260808_141232\raw\E2_dual_height_raw_20260808_141232.csv
E2,ihawk1,marker_2_BL,5.0,20260808_141232,corner2,2,3,328.641276,302.06659966666666,0.009156735389857739,0.055268307892809294,8.384580299987317e-05,9.003623000043885e-05,9.003623000043885e-05,0.003054585857334366,E2\E2_dual_camera_height_scan\run_20260808_141232\raw\E2_dual_height_raw_20260808_141232.csv
E2,ihawk1,marker_2_BL,5.0,20260808_141232,corner3,2,3,296.13017766666667,319.2445373333333,0.035430916292603754,0.0020080055610850705,0.001255349829333494,4.051363666677603e-05,4.051363666677603e-05,4.0320863333485695e-06,E2\E2_dual_camera_height_scan\run_20260808_141232\raw\E2_dual_height_raw_20260808_141232.csv
E2,ihawk1,marker_2_BL,5.0,20260808_145501,marker_center,2,3,300.5310973333333,302.48429333333337,0.017416259079767543,0.02440376205288081,0.0003033260803335854,-0.0002564846151665899,-0.0002564846151665899,0.0005955436023336254,E2\E2_dual_camera_height_scan\run_20260808_145501\raw\E2_dual_height_raw_20260808_145501.csv
E2,ihawk1,marker_2_BL,5.0,20260808_145501,corner0,2,3,273.5888876666667,298.5588583333334,0.010903823748269384,0.03963795709081221,0.00011889337233332338,-0.00010435747883419918,-0.00010435747883419918,0.0015711676423330705,E2\E2_dual_camera_height_scan\run_20260808_145501\raw\E2_dual_height_raw_20260808_145501.csv
E2,ihawk1,marker_2_BL,5.0,20260808_145501,corner1,2,3,305.7823793333334,284.166677,0.034445353189267544,0.012022642430017935,0.0011864823563333836,-0.00040418471650009307,-0.00040418471650009307,0.00014454393100006755,E2\E2_dual_camera_height_scan\run_20260808_145501\raw\E2_dual_height_raw_20260808_145501.csv
E2,ihawk1,marker_2_BL,5.0,20260808_145501,corner2,2,3,328.078786,305.05354800000003,0.03099523711800255,0.061153324946404984,0.0009607047240012031,-0.0007021673760014776,-0.0007021673760014776,0.003739729152000598,E2\E2_dual_camera_height_scan\run_20260808_145501\raw\E2_dual_height_raw_20260808_145501.csv
E2,ihawk1,marker_2_BL,5.0,20260808_145501,corner3,2,3,294.67433666666665,322.1580913333333,0.028325270384106878,0.005891295726175989,0.0008023209423327622,-0.00016409899333311569,-0.00016409899333311569,3.470736533325947e-05,E2\E2_dual_camera_height_scan\run_20260808_145501\raw\E2_dual_height_raw_20260808_145501.csv
E2,ihawk1,marker_2_BL,5.0,20260808_151001,marker_center,2,3,299.9808043333333,302.58001966666666,0.01928724760905619,0.017337519122785455,0.0003719979203330438,0.00025723656366677313,0.00025723656366677313,0.0003005895693329513,E2\E2_dual_camera_height_scan\run_20260808_151001\raw\E2_dual_height_raw_20260808_151001.csv
E2,ihawk1,marker_2_BL,5.0,20260808_151001,corner0,2,3,272.96439599999997,298.74365233333333,0.0011341459341650153,0.00033018530149629645,1.2862869999830353e-06,1.2861349999524442e-07,1.2861349999524442e-07,1.0902233332420019e-07,E2\E2_dual_camera_height_scan\run_20260808_151001\raw\E2_dual_height_raw_20260808_151001.csv
E2,ihawk1,marker_2_BL,5.0,20260808_151001,corner1,2,3,305.244934,284.1391193333333,0.058328992525182796,0.03834725180941049,0.00340227136900283,0.0018568429130020366,0.0018568429130020366,0.001470511721334336,E2\E2_dual_camera_height_scan\run_20260808_151001\raw\E2_dual_height_raw_20260808_151001.csv
E2,ihawk1,marker_2_BL,5.0,20260808_151001,corner2,2,3,327.5883886666667,305.1754353333333,0.006806616217586315,0.032034299622971836,4.633002433350903e-05,6.648739666615082e-06,6.648739666615082e-06,0.0010261963523343336,E2\E2_dual_camera_height_scan\run_20260808_151001\raw\E2_dual_height_raw_20260808_151001.csv
E2,ihawk1,marker_2_BL,5.0,20260808_151001,corner3,2,3,294.12549866666666,322.2618713333333,0.028302001878554847,0.008445551629907478,0.0008010033103337222,-0.00022485038683362052,-0.00022485038683362052,7.132734233343284e-05,E2\E2_dual_camera_height_scan\run_20260808_151001\raw\E2_dual_height_raw_20260808_151001.csv
E2,ihawk1,marker_2_BL,5.0,20260808_162715,marker_center,2,3,302.11126466666667,302.99161533333336,0.0016986925364397313,0.005421301166079974,2.8855563333560476e-06,9.188802666703356e-06,9.188802666703356e-06,2.939050633334009e-05,E2\E2_dual_camera_height_scan\run_20260808_162715\raw\E2_dual_height_raw_20260808_162715.csv
E2,ihawk1,marker_2_BL,5.0,20260808_162715,corner0,2,3,275.1421916666667,299.04238899999996,0.00527583228819449,0.01792453098408223,2.783440633315551e-05,-7.042149149964023e-05,-7.042149149964023e-05,0.00032128881099932393,E2\E2_dual_camera_height_scan\run_20260808_162715\raw\E2_dual_height_raw_20260808_162715.csv
E2,ihawk1,marker_2_BL,5.0,20260808_162715,corner1,2,3,307.581594,284.4997356666667,0.012635174870175547,0.012177498812694167,0.00015964764399991566,-0.00012770245599984513,-0.00012770245599984513,0.00014829147733316786,E2\E2_dual_camera_height_scan\run_20260808_162715\raw\E2_dual_height_raw_20260808_162715.csv
E2,ihawk1,marker_2_BL,5.0,20260808_162715,corner2,2,3,329.716695,305.865163,0.004331827674326005,0.025340587976604795,1.876473100005664e-05,0.00010094748700008022,0.00010094748700008022,0.0006421453990000474,E2\E2_dual_camera_height_scan\run_20260808_162715\raw\E2_dual_height_raw_20260808_162715.csv
E2,ihawk1,marker_2_BL,5.0,20260808_162715,corner3,2,3,296.00457766666665,322.5591736666666,0.005832753237829059,0.007374692490774325,3.402101033340537e-05,4.2426688333424096e-05,4.2426688333424096e-05,5.438608933348322e-05,E2\E2_dual_camera_height_scan\run_20260808_162715\raw\E2_dual_height_raw_20260808_162715.csv
E2,ihawk1,marker_3_BR,5.0,20260808_131913,marker_center,3,3,380.071373,263.121277,0.031199411356631415,0.012909922850266544,0.0009734032690003013,0.00020498437299939113,0.00020498437299939113,0.00016666610799983425,E2\E2_dual_camera_height_scan\run_20260808_131913\raw\E2_dual_height_raw_20260808_131913.csv
E2,ihawk1,marker_3_BR,5.0,20260808_131913,corner0,3,3,355.824707,260.6529136666667,0.04962836254602475,0.046163463175238145,0.002462974368999672,-0.0010902494105003804,-0.0010902494105003804,0.002131065332331568,E2\E2_dual_camera_height_scan\run_20260808_131913\raw\E2_dual_height_raw_20260808_131913.csv
E2,ihawk1,marker_3_BR,5.0,20260808_131913,corner1,3,3,379.89898666666664,248.66036,0.042032946438857854,0.010261868397132997,0.0017667685863318931,-0.00036262926050033235,-0.00036262926050033235,0.00010530594300007696,E2\E2_dual_camera_height_scan\run_20260808_131913\raw\E2_dual_height_raw_20260808_131913.csv
E2,ihawk1,marker_3_BR,5.0,20260808_131913,corner2,3,3,404.44850700000006,264.636729,0.010277340317438571,0.0015515476144734005,0.00010562372400044834,-1.4832570000002111e-05,-1.4832570000002111e-05,2.4072999999780998e-06,E2\E2_dual_camera_height_scan\run_20260808_131913\raw\E2_dual_height_raw_20260808_131913.csv
E2,ihawk1,marker_3_BR,5.0,20260808_131913,corner3,3,3,380.11329133333334,278.5351053333333,0.09633882840440597,0.0026438362909497496,0.009281169858333578,0.0002509595108336333,0.0002509595108336333,6.98987033334293e-06,E2\E2_dual_camera_height_scan\run_20260808_131913\raw\E2_dual_height_raw_20260808_131913.csv
E2,ihawk1,marker_3_BR,5.0,20260808_141232,marker_center,3,3,380.17363499999993,259.92232533333333,0.011291697170936546,0.011363918792980876,0.00012750242500013642,0.00012814676750012285,0.00012814676750012285,0.00012913865033346392,E2\E2_dual_camera_height_scan\run_20260808_141232\raw\E2_dual_height_raw_20260808_141232.csv
E2,ihawk1,marker_3_BR,5.0,20260808_141232,corner0,3,3,356.44277933333325,258.1465043333333,0.01279105165078435,0.039603778889578264,0.00016361100233303305,0.00044959280283255945,0.00044959280283255945,0.0015684593023346047,E2\E2_dual_camera_height_scan\run_20260808_141232\raw\E2_dual_height_raw_20260808_141232.csv
E2,ihawk1,marker_3_BR,5.0,20260808_141232,corner1,3,3,380.61836766666664,245.90751133333333,0.023315985081775285,0.013040457673463705,0.0005436351603335677,0.0002019857536667589,0.0002019857536667589,0.0001700535363333984,E2\E2_dual_camera_height_scan\run_20260808_141232\raw\E2_dual_height_raw_20260808_141232.csv
E2,ihawk1,marker_3_BR,5.0,20260808_141232,corner2,3,3,404.63339233333335,261.63528433333335,0.009726042634793642,0.0030131910549069875,9.459590533382365e-05,-2.930642466680419e-05,-2.930642466680419e-05,9.079320333371485e-06,E2\E2_dual_camera_height_scan\run_20260808_141232\raw\E2_dual_height_raw_20260808_141232.csv
E2,ihawk1,marker_3_BR,5.0,20260808_141232,corner3,3,3,379.0,274.0,0.0,0.0,0.0,0.0,0.0,0.0,E2\E2_dual_camera_height_scan\run_20260808_141232\raw\E2_dual_height_raw_20260808_141232.csv
E2,ihawk1,marker_3_BR,5.0,20260808_145501,marker_center,3,3,382.0139133333334,263.423163,0.008148792630419541,0.009117908806301978,6.640282133357983e-05,-4.279400000311103e-06,-4.279400000311103e-06,8.313626100003914e-05,E2\E2_dual_camera_height_scan\run_20260808_145501\raw\E2_dual_height_raw_20260808_145501.csv
E2,ihawk1,marker_3_BR,5.0,20260808_145501,corner0,3,3,357.41843666666665,260.76286833333336,0.012957922068498811,0.010327586617071394,0.00016790774433328852,8.392302866649499e-05,8.392302866649499e-05,0.00010665904533311217,E2\E2_dual_camera_height_scan\run_20260808_145501\raw\E2_dual_height_raw_20260808_145501.csv
E2,ihawk1,marker_3_BR,5.0,20260808_145501,corner1,3,3,382.4036966666667,248.7143603333333,0.001616563123818016,0.0018196275259977932,2.6132763332882623e-06,2.803285166664094e-06,2.803285166664094e-06,3.3110443333688497e-06,E2\E2_dual_camera_height_scan\run_20260808_145501\raw\E2_dual_height_raw_20260808_145501.csv
E2,ihawk1,marker_3_BR,5.0,20260808_145501,corner2,3,3,406.49207533333333,265.5324503333334,0.028531857744179937,0.019308989132880962,0.0008140669063341206,-0.00033772364266641624,-0.00033772364266641624,0.0003728370613337151,E2\E2_dual_camera_height_scan\run_20260808_145501\raw\E2_dual_height_raw_20260808_145501.csv
E2,ihawk1,marker_3_BR,5.0,20260808_145501,corner3,3,3,381.74144500000006,278.682973,0.02730214410992124,0.01628140132174587,0.000745407072998907,0.0004385160404994917,0.0004385160404994917,0.00026508402899974814,E2\E2_dual_camera_height_scan\run_20260808_145501\raw\E2_dual_height_raw_20260808_145501.csv
E2,ihawk1,marker_3_BR,5.0,20260808_151001,marker_center,3,3,381.839765,263.319466,0.03089613971031657,0.004516973765694101,0.0009545714489994004,0.00013489806899988436,0.00013489806899988436,2.040305199996874e-05,E2\E2_dual_camera_height_scan\run_20260808_151001\raw\E2_dual_height_raw_20260808_151001.csv
E2,ihawk1,marker_3_BR,5.0,20260808_151001,corner0,3,3,356.90455133333336,260.46619666666663,0.00852011862201051,0.001403610463511517,7.259242133313025e-05,-1.8872313334111686e-06,-1.8872313334111686e-06,1.970122333279015e-06,E2\E2_dual_camera_height_scan\run_20260808_151001\raw\E2_dual_height_raw_20260808_151001.csv
E2,ihawk1,marker_3_BR,5.0,20260808_151001,corner1,3,3,381.46492500000005,248.48867800000002,0.04144364941701915,0.016593008979689624,0.0017175760770007918,0.0006843184740002448,0.0006843184740002448,0.0002753279470000605,E2\E2_dual_camera_height_scan\run_20260808_151001\raw\E2_dual_height_raw_20260808_151001.csv
E2,ihawk1,marker_3_BR,5.0,20260808_151001,corner2,3,3,408.0,266.0,0.0,0.0,0.0,0.0,0.0,0.0,E2\E2_dual_camera_height_scan\run_20260808_151001\raw\E2_dual_height_raw_20260808_151001.csv
E2,ihawk1,marker_3_BR,5.0,20260808_151001,corner3,3,3,380.9895833333333,278.32298799999995,0.08731215778074766,0.007644633869572472,0.007623412896330174,-1.4807909499454127e-05,-1.4807909499454127e-05,5.844042699981458e-05,E2\E2_dual_camera_height_scan\run_20260808_151001\raw\E2_dual_height_raw_20260808_151001.csv
E2,ihawk1,marker_3_BR,5.0,20260808_162715,marker_center,3,3,384.49150333333336,264.2213756666667,0.02153019568731148,0.0049602326894238125,0.0004635493263339258,9.707098416661048e-05,9.707098416661048e-05,2.4603908333228588e-05,E2\E2_dual_camera_height_scan\run_20260808_162715\raw\E2_dual_height_raw_20260808_162715.csv
E2,ihawk1,marker_3_BR,5.0,20260808_162715,corner0,3,3,359.6155496666667,261.57332333333335,0.022086499888715947,0.022525790470776845,0.0004878134773342495,0.00048426022666709306,0.00048426022666709306,0.0005074112363333408,E2\E2_dual_camera_height_scan\run_20260808_162715\raw\E2_dual_height_raw_20260808_162715.csv
E2,ihawk1,marker_3_BR,5.0,20260808_162715,corner1,3,3,384.6140646666667,249.77704366666669,0.005588753110771494,0.002655060325753194,3.123416133315805e-05,1.4821495333349501e-05,1.4821495333349501e-05,7.049345333388655e-06,E2\E2_dual_camera_height_scan\run_20260808_162715\raw\E2_dual_height_raw_20260808_162715.csv
E2,ihawk1,marker_3_BR,5.0,20260808_162715,corner2,3,3,409.0,266.0,0.0,0.0,0.0,0.0,0.0,0.0,E2\E2_dual_camera_height_scan\run_20260808_162715\raw\E2_dual_height_raw_20260808_162715.csv
E2,ihawk1,marker_3_BR,5.0,20260808_162715,corner3,3,3,384.73639933333334,279.5351356666667,0.09217622025410853,0.01863768594361934,0.008496455580333927,0.0015151620316656152,0.0015151620316656152,0.0003473633373329859,E2\E2_dual_camera_height_scan\run_20260808_162715\raw\E2_dual_height_raw_20260808_162715.csv
E2,ihawk1,marker_4_C,5.0,20260808_131913,marker_center,4,3,296.06888333333336,243.36793133333333,0.010829557762600204,0.0068177815551268735,0.00011727932133349435,3.574706133353054e-05,3.574706133353054e-05,4.648214533342821e-05,E2\E2_dual_camera_height_scan\run_20260808_131913\raw\E2_dual_height_raw_20260808_131913.csv
E2,ihawk1,marker_4_C,5.0,20260808_131913,corner0,4,3,274.1068726666667,240.8113963333333,0.0030150829729014518,0.015448129541572967,9.090725333480255e-06,3.0047008666838994e-05,3.0047008666838994e-05,0.00023864470633321939,E2\E2_dual_camera_height_scan\run_20260808_131913\raw\E2_dual_height_raw_20260808_131913.csv
E2,ihawk1,marker_4_C,5.0,20260808_131913,corner1,4,3,300.32282533333336,231.28429666666662,0.02386879494934172,0.015772135947089625,0.0005697193723337207,0.0003762097181668979,0.0003762097181668979,0.00024876027233347673,E2\E2_dual_camera_height_scan\run_20260808_131913\raw\E2_dual_height_raw_20260808_131913.csv
E2,ihawk1,marker_4_C,5.0,20260808_131913,corner2,4,3,318.39758333333333,244.97249866666667,0.0050992521347092805,0.017192251287521245,2.6002372333337155e-05,6.191479116659071e-05,6.191479116659071e-05,0.0002955735043332759,E2\E2_dual_camera_height_scan\run_20260808_131913\raw\E2_dual_height_raw_20260808_131913.csv
E2,ihawk1,marker_4_C,5.0,20260808_131913,corner3,4,3,291.4482523333333,256.40353366666665,0.025690819222687403,0.016808221272124706,0.0006600181923328046,-0.00015304951883361845,-0.00015304951883361845,0.0002825163023327055,E2\E2_dual_camera_height_scan\run_20260808_131913\raw\E2_dual_height_raw_20260808_131913.csv
E2,ihawk1,marker_4_C,5.0,20260808_141232,marker_center,4,3,296.9237796666667,240.77272033333335,0.012909013491873629,0.005600266273439438,0.00016664262933337536,-3.0016227333254538e-05,-3.0016227333254538e-05,3.136298233342325e-05,E2\E2_dual_camera_height_scan\run_20260808_141232\raw\E2_dual_height_raw_20260808_141232.csv
E2,ihawk1,marker_4_C,5.0,20260808_141232,corner0,4,3,275.197815,238.33423333333334,0.009944360210684336,0.003212444759582787,9.889029999984179e-05,-1.7443610000018212e-05,-1.7443610000018212e-05,1.0319801333370911e-05,E2\E2_dual_camera_height_scan\run_20260808_141232\raw\E2_dual_height_raw_20260808_141232.csv
E2,ihawk1,marker_4_C,5.0,20260808_141232,corner1,4,3,300.92866,228.648046,0.014991033453387044,0.008467293014897893,0.00022473108400056948,8.232769400012794e-05,8.232769400012794e-05,7.169505100013865e-05,E2\E2_dual_camera_height_scan\run_20260808_141232\raw\E2_dual_height_raw_20260808_141232.csv
E2,ihawk1,marker_4_C,5.0,20260808_141232,corner2,4,3,319.026601,242.570063,0.035872237343098023,0.00792189945656574,0.0012868174119995562,-0.00027893312799984226,-0.00027893312799984226,6.275649099993656e-05,E2\E2_dual_camera_height_scan\run_20260808_141232\raw\E2_dual_height_raw_20260808_141232.csv
E2,ihawk1,marker_4_C,5.0,20260808_141232,corner3,4,3,292.542043,253.53853866666665,0.006689583245612341,0.004501461577468073,4.4750523999977344e-05,3.0106453000057228e-05,3.0106453000057228e-05,2.0263156333421352e-05,E2\E2_dual_camera_height_scan\run_20260808_141232\raw\E2_dual_height_raw_20260808_141232.csv
E2,ihawk1,marker_4_C,5.0,20260808_145501,marker_center,4,3,297.92558,242.66833233333332,0.007282582714947252,0.0006253449714645784,5.3036011000048486e-05,-2.2214590000293846e-06,-2.2214590000293846e-06,3.910563333360344e-07,E2\E2_dual_camera_height_scan\run_20260808_145501\raw\E2_dual_height_raw_20260808_145501.csv
E2,ihawk1,marker_4_C,5.0,20260808_145501,corner0,4,3,276.0971273333333,240.01316333333332,0.014748244144066707,0.0042796001370767785,0.0002175107053329979,3.863034733331197e-05,3.863034733331197e-05,1.831497733326758e-05,E2\E2_dual_camera_height_scan\run_20260808_145501\raw\E2_dual_height_raw_20260808_145501.csv
E2,ihawk1,marker_4_C,5.0,20260808_145501,corner1,4,3,302.5943703333333,230.46894800000004,0.027381846857594892,0.009063292503281549,0.0007497655373327793,0.0002389576469999449,0.0002389576469999449,8.214327100003954e-05,E2\E2_dual_camera_height_scan\run_20260808_145501\raw\E2_dual_height_raw_20260808_145501.csv
E2,ihawk1,marker_4_C,5.0,20260808_145501,corner2,4,3,320.0093586666667,244.55139166666666,0.05219883236562564,0.009035880827765375,0.0027247181003346873,0.00024125270483397676,0.00024125270483397676,8.164714233357789e-05,E2\E2_dual_camera_height_scan\run_20260808_145501\raw\E2_dual_height_raw_20260808_145501.csv
E2,ihawk1,marker_4_C,5.0,20260808_145501,corner3,4,3,293.001465,255.63982633333333,0.016737258049046338,0.0038823310437624743,0.0002801358070003665,-4.990718200003975e-05,-4.990718200003975e-05,1.5072494333361823e-05,E2\E2_dual_camera_height_scan\run_20260808_145501\raw\E2_dual_height_raw_20260808_145501.csv
E2,ihawk1,marker_4_C,5.0,20260808_151001,marker_center,4,3,297.266576,242.6191243333333,0.003681673668323506,0.002077706507986049,1.3554721000026661e-05,-2.7591365000272874e-06,-2.7591365000272874e-06,4.316864333327581e-06,E2\E2_dual_camera_height_scan\run_20260808_151001\raw\E2_dual_height_raw_20260808_151001.csv
E2,ihawk1,marker_4_C,5.0,20260808_151001,corner0,4,3,275.47042866666663,240.08558166666668,0.0023106036729163967,0.009884924346373043,5.338889333294743e-06,-2.09300426665957e-05,-2.09300426665957e-05,9.771172933351853e-05,E2\E2_dual_camera_height_scan\run_20260808_151001\raw\E2_dual_height_raw_20260808_151001.csv
E2,ihawk1,marker_4_C,5.0,20260808_151001,corner1,4,3,301.69002266666666,230.31302366666668,0.021079667581208883,0.007706192855962708,0.0004443523853342687,8.860764833340275e-05,8.860764833340275e-05,5.9385408333290684e-05,E2\E2_dual_camera_height_scan\run_20260808_151001\raw\E2_dual_height_raw_20260808_151001.csv
E2,ihawk1,marker_4_C,5.0,20260808_151001,corner2,4,3,319.4949546666667,244.51032999999998,0.005690941603408425,0.001744175163215928,3.2386816333404863e-05,-9.925998999977205e-06,-9.925998999977205e-06,3.042146999979309e-06,E2\E2_dual_camera_height_scan\run_20260808_151001\raw\E2_dual_height_raw_20260808_151001.csv
E2,ihawk1,marker_4_C,5.0,20260808_151001,corner3,4,3,292.41089900000003,255.56756099999998,0.010698391514611246,0.0053564550777459585,0.0001144555809999059,5.719362199989466e-05,5.719362199989466e-05,2.869161099991046e-05,E2\E2_dual_camera_height_scan\run_20260808_151001\raw\E2_dual_height_raw_20260808_151001.csv
E2,ihawk1,marker_4_C,5.0,20260808_162715,marker_center,4,3,300.19982400000004,242.8498546666667,0.019304563424211198,0.014528327685372199,0.0003726661689993927,0.0002803520199999159,0.0002803520199999159,0.00021107230533355233,E2\E2_dual_camera_height_scan\run_20260808_162715\raw\E2_dual_height_raw_20260808_162715.csv
E2,ihawk1,marker_4_C,5.0,20260808_162715,corner0,4,3,278.33703599999996,240.23329666666666,0.010922683598835066,0.003963700459591358,0.00011930501700026056,4.329086100009003e-05,4.329086100009003e-05,1.5710921333364737e-05,E2\E2_dual_camera_height_scan\run_20260808_162715\raw\E2_dual_height_raw_20260808_162715.csv
E2,ihawk1,marker_4_C,5.0,20260808_162715,corner1,4,3,305.122284,230.84052033333333,0.07846137143206755,0.058220048379694765,0.006156186807000866,0.004567998065000776,0.004567998065000776,0.0033895740333339994,E2\E2_dual_camera_height_scan\run_20260808_162715\raw\E2_dual_height_raw_20260808_162715.csv
E2,ihawk1,marker_4_C,5.0,20260808_162715,corner2,4,3,322.3857013333334,244.70133966666666,0.006354555085399989,0.016651284525012078,4.038037033338286e-05,9.339607066663958e-05,9.339607066663958e-05,0.00027726527633290665,E2\E2_dual_camera_height_scan\run_20260808_162715\raw\E2_dual_height_raw_20260808_162715.csv
E2,ihawk1,marker_4_C,5.0,20260808_162715,corner3,4,3,294.95427433333333,255.62426233333335,0.013180345531639843,0.005414236819101752,0.00017372150833341838,-6.989847416670334e-05,-6.989847416670334e-05,2.9313960333317055e-05,E2\E2_dual_camera_height_scan\run_20260808_162715\raw\E2_dual_height_raw_20260808_162715.csv
E2,ihawk1,marker_0_TL,10.0,20260808_131913,marker_center,0,3,223.997808,222.29759366666667,0.009823513780729327,0.003074062187610743,9.6501423000179e-05,-9.00851749984104e-06,-9.00851749984104e-06,9.449858333298148e-06,E2\E2_dual_camera_height_scan\run_20260808_131913\raw\E2_dual_height_raw_20260808_131913.csv
E2,ihawk1,marker_0_TL,10.0,20260808_131913,corner0,0,3,203.65099066666667,220.00672900000004,0.0079524186467595,0.0058408729655746,6.324096233332819e-05,3.8059098499906524e-05,3.8059098499906524e-05,3.411579699998022e-05,E2\E2_dual_camera_height_scan\run_20260808_131913\raw\E2_dual_height_raw_20260808_131913.csv
E2,ihawk1,marker_0_TL,10.0,20260808_131913,corner1,0,3,231.29356900000002,211.53592966666668,0.03092778834640978,0.00743255981027265,0.0009565280920003207,-0.00015939308399984256,-0.00015939308399984256,5.524294533328022e-05,E2\E2_dual_camera_height_scan\run_20260808_131913\raw\E2_dual_height_raw_20260808_131913.csv
E2,ihawk1,marker_0_TL,10.0,20260808_131913,corner2,0,3,244.70196533333333,224.164683,0.003092288041783177,0.010721394498857745,9.562245333355235e-06,3.3153640000057744e-05,3.3153640000057744e-05,0.00011494830000013714,E2\E2_dual_camera_height_scan\run_20260808_131913\raw\E2_dual_height_raw_20260808_131913.csv
E2,ihawk1,marker_0_TL,10.0,20260808_131913,corner3,0,3,216.344706,233.4830323333333,0.02561661408148037,0.007502446289936351,0.0006562109169994984,-0.00017040268150001872,-0.00017040268150001872,5.628670033337972e-05,E2\E2_dual_camera_height_scan\run_20260808_131913\raw\E2_dual_height_raw_20260808_131913.csv
E2,ihawk1,marker_0_TL,10.0,20260808_141232,marker_center,0,3,222.425616,220.82281,0.008089513396994055,0.009964581074979497,6.54402270001463e-05,7.831218300002157e-05,7.831218300002157e-05,9.929287599983955e-05,E2\E2_dual_camera_height_scan\run_20260808_141232\raw\E2_dual_height_raw_20260808_141232.csv
E2,ihawk1,marker_0_TL,10.0,20260808_141232,corner0,0,3,202.38671866666667,218.36049933333334,0.007801012519743994,0.008012288832366089,6.085579633320253e-05,6.25006596665619e-05,6.25006596665619e-05,6.419677233325834e-05,E2\E2_dual_camera_height_scan\run_20260808_141232\raw\E2_dual_height_raw_20260808_141232.csv
E2,ihawk1,marker_0_TL,10.0,20260808_141232,corner1,0,3,230.09194433333334,210.36725366666667,0.035546713284533904,0.024413860455344275,0.001263568825332859,0.00040805172166625636,0.00040805172166625636,0.000596036582333023,E2\E2_dual_camera_height_scan\run_20260808_141232\raw\E2_dual_height_raw_20260808_141232.csv
E2,ihawk1,marker_0_TL,10.0,20260808_141232,corner2,0,3,242.80591833333335,222.775202,0.010115911097542068,0.006942631849669546,0.00010233165733337476,-5.2952309000022e-05,-5.2952309000022e-05,4.8200137000045984e-05,E2\E2_dual_camera_height_scan\run_20260808_141232\raw\E2_dual_height_raw_20260808_141232.csv
E2,ihawk1,marker_0_TL,10.0,20260808_141232,corner3,0,3,214.417882,231.78828433333334,0.036952459228036603,0.015037284905648911,0.0013654842429997077,0.0002526122219999668,0.0002526122219999668,0.00022611993733365657,E2\E2_dual_camera_height_scan\run_20260808_141232\raw\E2_dual_height_raw_20260808_141232.csv
E2,ihawk1,marker_0_TL,10.0,20260808_145501,marker_center,0,3,223.46483333333336,222.86501566666666,0.004807504272836211,0.024744392523024628,2.3112097333338422e-05,-8.877301133335081e-05,-8.877301133335081e-05,0.0006122849613335171,E2\E2_dual_camera_height_scan\run_20260808_145501\raw\E2_dual_height_raw_20260808_145501.csv
E2,ihawk1,marker_0_TL,10.0,20260808_145501,corner0,0,3,203.14889533333334,220.30222066666667,0.013400933748562034,0.0949000912556636,0.00017958502533334887,-0.0012343284523333037,-0.0012343284523333037,0.009006027320333279,E2\E2_dual_camera_height_scan\run_20260808_145501\raw\E2_dual_height_raw_20260808_145501.csv
E2,ihawk1,marker_0_TL,10.0,20260808_145501,corner1,0,3,231.0708513333333,212.23795066666665,0.0011058649706604281,0.01912522902694552,1.2229373333337898e-06,1.0615356666442009e-05,1.0615356666442009e-05,0.0003657743853331194,E2\E2_dual_camera_height_scan\run_20260808_145501\raw\E2_dual_height_raw_20260808_145501.csv
E2,ihawk1,marker_0_TL,10.0,20260808_145501,corner2,0,3,244.04108166666666,224.70754499999998,0.005849092351231332,0.013174266089620001,3.4211881333232877e-05,5.470655699988814e-05,5.470655699988814e-05,0.00017356128700011148,E2\E2_dual_camera_height_scan\run_20260808_145501\raw\E2_dual_height_raw_20260808_145501.csv
E2,ihawk1,marker_0_TL,10.0,20260808_145501,corner3,0,3,215.59850566666668,234.212346,0.00756694986988902,0.010822021437800164,5.725873033341346e-05,6.842150900004093e-05,6.842150900004093e-05,0.00011711614800020631,E2\E2_dual_camera_height_scan\run_20260808_145501\raw\E2_dual_height_raw_20260808_145501.csv
E2,ihawk1,marker_0_TL,10.0,20260808_151001,marker_center,0,3,223.7624536666667,222.25437566666665,0.03354159480902195,0.009829457021285546,0.001125038582332608,-7.984959766655198e-05,-7.984959766655198e-05,9.661822533329971e-05,E2\E2_dual_camera_height_scan\run_20260808_151001\raw\E2_dual_height_raw_20260808_151001.csv
E2,ihawk1,marker_0_TL,10.0,20260808_151001,corner0,0,3,203.6388906666667,219.66625466666665,0.0053022385209752195,0.009167512003448229,2.8113733333313487e-05,-4.8568396666661784e-05,-4.8568396666661784e-05,8.404327633336737e-05,E2\E2_dual_camera_height_scan\run_20260808_151001\raw\E2_dual_height_raw_20260808_151001.csv
E2,ihawk1,marker_0_TL,10.0,20260808_151001,corner1,0,3,231.24964366666669,211.689199,0.044441298859658626,0.02843514473323388,0.001975029044333495,0.0012561577420000638,0.0012561577420000638,0.0008085574559999584,E2\E2_dual_camera_height_scan\run_20260808_151001\raw\E2_dual_height_raw_20260808_151001.csv
E2,ihawk1,marker_0_TL,10.0,20260808_151001,corner2,0,3,244.35513333333333,224.1257423333333,0.0591329642528872,0.02481100909542402,0.0034967074613332354,-0.0014360846046665493,-0.0014360846046665493,0.0006155861723332135,E2\E2_dual_camera_height_scan\run_20260808_151001\raw\E2_dual_height_raw_20260808_151001.csv
E2,ihawk1,marker_0_TL,10.0,20260808_151001,corner3,0,3,215.80614733333334,233.536306,0.04854785365321058,0.0019689954291360456,0.002356894094333552,9.047260599944791e-05,9.047260599944791e-05,3.8769429999586405e-06,E2\E2_dual_camera_height_scan\run_20260808_151001\raw\E2_dual_height_raw_20260808_151001.csv
E2,ihawk1,marker_0_TL,10.0,20260808_162715,marker_center,0,3,228.037506,221.86394499999997,0.007069987623754567,0.00418221317007804,4.998472500004274e-05,2.9253569999998982e-05,2.9253569999998982e-05,1.7490906999974208e-05,E2\E2_dual_camera_height_scan\run_20260808_162715\raw\E2_dual_height_raw_20260808_162715.csv
E2,ihawk1,marker_0_TL,10.0,20260808_162715,corner0,0,3,208.169571,219.30589833333332,0.01026355294231928,0.005433644479841103,0.00010534051899979075,5.4018614499902437e-05,5.4018614499902437e-05,2.9524492333307695e-05,E2\E2_dual_camera_height_scan\run_20260808_162715\raw\E2_dual_height_raw_20260808_162715.csv
E2,ihawk1,marker_0_TL,10.0,20260808_162715,corner1,0,3,235.88580866666666,211.37533599999998,0.01255275708095506,0.002541724414649217,0.00015757171033346738,3.1670912000062655e-05,3.1670912000062655e-05,6.460363000023905e-06,E2\E2_dual_camera_height_scan\run_20260808_162715\raw\E2_dual_height_raw_20260808_162715.csv
E2,ihawk1,marker_0_TL,10.0,20260808_162715,corner2,0,3,248.45680233333334,223.941162,0.012908216466012043,0.012605658531001838,0.00016662205233342446,5.6051441000150096e-05,5.6051441000150096e-05,0.00015890262700021942,E2\E2_dual_camera_height_scan\run_20260808_162715\raw\E2_dual_height_raw_20260808_162715.csv
E2,ihawk1,marker_0_TL,10.0,20260808_162715,corner3,0,3,219.63784266666667,232.83338433333333,0.019429691128107905,0.011986277751393068,0.00037751289733367507,1.8259786667085605e-06,1.8259786667085605e-06,0.00014367085433354045,E2\E2_dual_camera_height_scan\run_20260808_162715\raw\E2_dual_height_raw_20260808_162715.csv
E2,ihawk1,marker_1_TR,10.0,20260808_131913,marker_center,1,3,295.25391399999995,199.27329999999998,0.0504125379940388,0.02541208352338567,0.002541423987000406,0.0006006036315001697,0.0006006036315001697,0.0006457739889995294,E2\E2_dual_camera_height_scan\run_20260808_131913\raw\E2_dual_height_raw_20260808_131913.csv
E2,ihawk1,marker_1_TR,10.0,20260808_131913,corner0,1,3,276.80705766666665,197.58564766666666,0.029255736810635428,0.013938519337908399,0.0008558981363331687,0.0003062790753333838,0.0003062790753333838,0.00019428232133324638,E2\E2_dual_camera_height_scan\run_20260808_131913\raw\E2_dual_height_raw_20260808_131913.csv
E2,ihawk1,marker_1_TR,10.0,20260808_131913,corner1,1,3,299.19416300000006,190.68139166666666,0.14242554493136922,0.06113702107834545,0.02028503584899747,0.00870472509300027,0.00870472509300027,0.0037377353463340555,E2\E2_dual_camera_height_scan\run_20260808_131913\raw\E2_dual_height_raw_20260808_131913.csv
E2,ihawk1,marker_1_TR,10.0,20260808_131913,corner2,1,3,313.64013666666665,200.55235299999995,0.008891713351949382,0.01302012457698175,7.90625663332349e-05,0.0001157276549999781,0.0001157276549999781,0.0001695236440001242,E2\E2_dual_camera_height_scan\run_20260808_131913\raw\E2_dual_height_raw_20260808_131913.csv
E2,ihawk1,marker_1_TR,10.0,20260808_131913,corner3,1,3,291.374298,208.273809,0.10139693998834053,0.050390157282943424,0.01028133943899913,-0.005105368328999575,-0.005105368328999575,0.0025391679509997765,E2\E2_dual_camera_height_scan\run_20260808_131913\raw\E2_dual_height_raw_20260808_131913.csv
E2,ihawk1,marker_1_TR,10.0,20260808_141232,marker_center,1,3,293.818062,198.12659333333332,0.01196590234793673,0.010642506863207581,0.00014318281900035777,5.0604744499991576e-05,5.0604744499991576e-05,0.00011326295233342046,E2\E2_dual_camera_height_scan\run_20260808_141232\raw\E2_dual_height_raw_20260808_141232.csv
E2,ihawk1,marker_1_TR,10.0,20260808_141232,corner0,1,3,275.3764036666667,196.18717433333333,0.0005022452919929232,0.0013820102507958794,2.522503333290567e-07,-6.935193333218723e-07,-6.935193333218723e-07,1.9099523333048896e-06,E2\E2_dual_camera_height_scan\run_20260808_141232\raw\E2_dual_height_raw_20260808_141232.csv
E2,ihawk1,marker_1_TR,10.0,20260808_141232,corner1,1,3,297.7090146666667,189.62392666666668,0.03726655350758432,0.013133937579166232,0.0013887960103336455,0.0004863992888335348,0.0004863992888335348,0.00017250031633343494,E2\E2_dual_camera_height_scan\run_20260808_141232\raw\E2_dual_height_raw_20260808_141232.csv
E2,ihawk1,marker_1_TR,10.0,20260808_141232,corner2,1,3,312.22714233333335,199.49401866666665,0.01660366252766839,0.0026138265690926676,0.0002756816093326995,4.160213266648298e-05,4.160213266648298e-05,6.832089333294747e-06,E2\E2_dual_camera_height_scan\run_20260808_141232\raw\E2_dual_height_raw_20260808_141232.csv
E2,ihawk1,marker_1_TR,10.0,20260808_141232,corner3,1,3,289.95968633333337,207.2012533333333,0.04551305331806044,0.05311773058342612,0.0020714380223326124,0.001800477416832653,0.001800477416832653,0.002821493302333443,E2\E2_dual_camera_height_scan\run_20260808_141232\raw\E2_dual_height_raw_20260808_141232.csv
E2,ihawk1,marker_1_TR,10.0,20260808_145501,marker_center,1,3,295.0125783333333,199.80405833333336,0.01872666292571288,0.0026464384242529965,0.0003506879043332692,-4.4846593166753566e-05,-4.4846593166753566e-05,7.003636333362682e-06,E2\E2_dual_camera_height_scan\run_20260808_145501\raw\E2_dual_height_raw_20260808_145501.csv
E2,ihawk1,marker_1_TR,10.0,20260808_145501,corner0,1,3,275.96294133333333,197.85688766666667,0.02940542436921098,0.01743530559908516,0.0008646789823333871,-0.0005061756283335029,-0.0005061756283335029,0.0003039898813334904,E2\E2_dual_camera_height_scan\run_20260808_145501\raw\E2_dual_height_raw_20260808_145501.csv
E2,ihawk1,marker_1_TR,10.0,20260808_145501,corner1,1,3,300.0,192.0,0.0,0.0,0.0,0.0,0.0,0.0,E2\E2_dual_camera_height_scan\run_20260808_145501\raw\E2_dual_height_raw_20260808_145501.csv
E2,ihawk1,marker_1_TR,10.0,20260808_145501,corner2,1,3,313.1476743333333,200.54495233333333,0.009768747633832174,0.00534307124538551,9.54284303335017e-05,-5.132897766663651e-05,-5.132897766663651e-05,2.854841033326547e-05,E2\E2_dual_camera_height_scan\run_20260808_145501\raw\E2_dual_height_raw_20260808_145501.csv
E2,ihawk1,marker_1_TR,10.0,20260808_145501,corner3,1,3,290.93969733333336,208.81439233333333,0.06912090252835593,0.01450628299507392,0.00477769916633448,-0.0007114638271665458,-0.0007114638271665458,0.00021043224633317077,E2\E2_dual_camera_height_scan\run_20260808_145501\raw\E2_dual_height_raw_20260808_145501.csv
E2,ihawk1,marker_1_TR,10.0,20260808_151001,marker_center,1,3,295.0884423333333,199.21705899999998,0.01711913284407724,0.015591212525009697,0.0002930647093331641,-0.00022102571600015277,-0.00022102571600015277,0.00024308590800001926,E2\E2_dual_camera_height_scan\run_20260808_151001\raw\E2_dual_height_raw_20260808_151001.csv
E2,ihawk1,marker_1_TR,10.0,20260808_151001,corner0,1,3,276.79953,197.5021413333333,0.03491226951947526,0.005783849611916265,0.0012188665630004812,-0.000135348386499564,-0.000135348386499564,3.3452916333263924e-05,E2\E2_dual_camera_height_scan\run_20260808_151001\raw\E2_dual_height_raw_20260808_151001.csv
E2,ihawk1,marker_1_TR,10.0,20260808_151001,corner1,1,3,298.760559,190.43875633333334,0.019685974118636637,0.020754077221922452,0.0003875375769996316,0.00034597789900009005,0.00034597789900009005,0.00043073172133352043,E2\E2_dual_camera_height_scan\run_20260808_151001\raw\E2_dual_height_raw_20260808_151001.csv
E2,ihawk1,marker_1_TR,10.0,20260808_151001,corner2,1,3,313.6469423333333,200.44716866666667,0.015255629988081311,0.01760492210529459,0.0002327342463332458,0.00022496177416676607,0.00022496177416676607,0.0003099332823334901,E2\E2_dual_camera_height_scan\run_20260808_151001\raw\E2_dual_height_raw_20260808_151001.csv
E2,ihawk1,marker_1_TR,10.0,20260808_151001,corner3,1,3,291.14673866666664,208.48016866666669,0.0922059812882646,0.04538024636703537,0.0085019429853318,-0.003996074977665806,-0.003996074977665806,0.0020593667603328275,E2\E2_dual_camera_height_scan\run_20260808_151001\raw\E2_dual_height_raw_20260808_151001.csv
E2,ihawk1,marker_1_TR,10.0,20260808_162715,marker_center,1,3,299.61784866666665,199.58962499999998,0.025650142228326213,0.010184319270327253,0.0006579297963333635,-0.00012188844250020736,-0.00012188844250020736,0.00010372035899995902,E2\E2_dual_camera_height_scan\run_20260808_162715\raw\E2_dual_height_raw_20260808_162715.csv
E2,ihawk1,marker_1_TR,10.0,20260808_162715,corner0,1,3,281.1584983333333,197.656265,0.01695326388438088,0.0022874761200961944,0.0002874131563334531,3.775977700003006e-05,3.775977700003006e-05,5.2325470000103386e-06,E2\E2_dual_camera_height_scan\run_20260808_162715\raw\E2_dual_height_raw_20260808_162715.csv
E2,ihawk1,marker_1_TR,10.0,20260808_162715,corner1,1,3,303.97220899999996,191.24872333333334,0.04274889157626973,0.019564376052740546,0.0018274677309996653,0.0008317771054996456,0.0008317771054996456,0.0003827648103330478,E2\E2_dual_camera_height_scan\run_20260808_162715\raw\E2_dual_height_raw_20260808_162715.csv
E2,ihawk1,marker_1_TR,10.0,20260808_162715,corner2,1,3,317.92018633333333,200.80300400000002,0.004407217981162822,0.006259814773620175,1.94235703334849e-05,-2.726381450012824e-05,-2.726381450012824e-05,3.91852810000334e-05,E2\E2_dual_camera_height_scan\run_20260808_162715\raw\E2_dual_height_raw_20260808_162715.csv
E2,ihawk1,marker_1_TR,10.0,20260808_162715,corner3,1,3,295.42050166666667,208.65050766666664,0.09824186338486933,0.026364201226924407,0.009651463721331329,-0.002346172487667273,-0.002346172487667273,0.0006950711063337623,E2\E2_dual_camera_height_scan\run_20260808_162715\raw\E2_dual_height_raw_20260808_162715.csv
E2,ihawk1,marker_2_BL,10.0,20260808_131913,marker_center,2,3,300.92375433333336,299.82226333333335,0.008883756544022155,0.008266967420586128,7.892113033345646e-05,-3.950742566673177e-05,-3.950742566673177e-05,6.834275033303247e-05,E2\E2_dual_camera_height_scan\run_20260808_131913\raw\E2_dual_height_raw_20260808_131913.csv
E2,ihawk1,marker_2_BL,10.0,20260808_131913,corner0,2,3,273.780487,296.143524,0.006223946738197632,0.017607122763254678,3.873751299992094e-05,-0.00010453512299985486,-0.00010453512299985486,0.0003100107720003211,E2\E2_dual_camera_height_scan\run_20260808_131913\raw\E2_dual_height_raw_20260808_131913.csv
E2,ihawk1,marker_2_BL,10.0,20260808_131913,corner1,2,3,305.93859833333335,281.468099,0.009235867817026242,0.003259923158597578,8.530125433358107e-05,2.9482047999995597e-05,2.9482047999995597e-05,1.0627098999960809e-05,E2\E2_dual_camera_height_scan\run_20260808_131913\raw\E2_dual_height_raw_20260808_131913.csv
E2,ihawk1,marker_2_BL,10.0,20260808_131913,corner2,2,3,328.6778156666667,302.043335,0.008660804947193713,0.048611443786408234,7.500954233333511e-05,-0.0004133105875001718,-0.0004133105875001718,0.0023630724669991277,E2\E2_dual_camera_height_scan\run_20260808_131913\raw\E2_dual_height_raw_20260808_131913.csv
E2,ihawk1,marker_2_BL,10.0,20260808_131913,corner3,2,3,295.29811566666666,319.6340943333333,0.02365987853589653,0.016283043245461745,0.0005597898523333774,0.0003378019936668261,0.0003378019936668261,0.0002651374973335774,E2\E2_dual_camera_height_scan\run_20260808_131913\raw\E2_dual_height_raw_20260808_131913.csv
E2,ihawk1,marker_2_BL,10.0,20260808_141232,marker_center,2,3,296.8759333333333,297.9210333333333,0.00755954398978647,0.002202335654119194,5.7146705333516736e-05,-2.498097666700147e-06,-2.498097666700147e-06,4.850282333404618e-06,E2\E2_dual_camera_height_scan\run_20260808_141232\raw\E2_dual_height_raw_20260808_141232.csv
E2,ihawk1,marker_2_BL,10.0,20260808_141232,corner0,2,3,269.82374066666665,294.14642366666664,0.0035846124383714308,0.004779361603132939,1.2849446333327174e-05,-1.5933879666715434e-05,-1.5933879666715434e-05,2.2842297333501457e-05,E2\E2_dual_camera_height_scan\run_20260808_141232\raw\E2_dual_height_raw_20260808_141232.csv
E2,ihawk1,marker_2_BL,10.0,20260808_141232,corner1,2,3,302.4605203333333,279.761027,0.026611219895611302,0.004055001479646229,0.0007081570243325789,3.631997250030123e-05,3.631997250030123e-05,1.6443036999933104e-05,E2\E2_dual_camera_height_scan\run_20260808_141232\raw\E2_dual_height_raw_20260808_141232.csv
E2,ihawk1,marker_2_BL,10.0,20260808_141232,corner2,2,3,324.35694366666667,300.629608,0.020477130471158126,0.008483653870828422,0.0004193128723328327,-0.00015847059449993116,-0.00015847059449993116,7.197238300002206e-05,E2\E2_dual_camera_height_scan\run_20260808_141232\raw\E2_dual_height_raw_20260808_141232.csv
E2,ihawk1,marker_2_BL,10.0,20260808_141232,corner3,2,3,290.86252833333333,317.14707433333336,0.009490744561569701,0.0016727116707209266,9.007423233296487e-05,2.097770333303237e-06,2.097770333303237e-06,2.7979643333659935e-06,E2\E2_dual_camera_height_scan\run_20260808_141232\raw\E2_dual_height_raw_20260808_141232.csv
E2,ihawk1,marker_2_BL,10.0,20260808_145501,marker_center,2,3,300.7952016666666,300.55944300000004,0.0026166689384446683,0.010933134545944665,6.846956333421148e-06,1.1185945000202663e-05,1.1185945000202663e-05,0.00011953343099972865,E2\E2_dual_camera_height_scan\run_20260808_145501\raw\E2_dual_height_raw_20260808_145501.csv
E2,ihawk1,marker_2_BL,10.0,20260808_145501,corner0,2,3,273.5582683333333,297.06385266666666,0.00678087563173456,0.025762413325092652,4.598027433305157e-05,-8.060540533284904e-05,-8.060540533284904e-05,0.0006637019403329114,E2\E2_dual_camera_height_scan\run_20260808_145501\raw\E2_dual_height_raw_20260808_145501.csv
E2,ihawk1,marker_2_BL,10.0,20260808_145501,corner1,2,3,305.693878,282.12617,0.010677466553447939,0.004905463382800181,0.0001140082919999994,5.055849299997908e-05,5.055849299997908e-05,2.40635709999934e-05,E2\E2_dual_camera_height_scan\run_20260808_145501\raw\E2_dual_height_raw_20260808_145501.csv
E2,ihawk1,marker_2_BL,10.0,20260808_145501,corner2,2,3,328.53714,302.7562253333333,0.00385900919926751,0.007135471976883823,1.489195200003127e-05,2.7535851999910198e-05,2.7535851999910198e-05,5.091496033289433e-05,E2\E2_dual_camera_height_scan\run_20260808_145501\raw\E2_dual_height_raw_20260808_145501.csv
E2,ihawk1,marker_2_BL,10.0,20260808_145501,corner3,2,3,295.39152033333335,320.2915243333333,0.009879822484913852,0.01075880738435133,9.761089233340931e-05,1.4778783833454042e-05,1.4778783833454042e-05,0.00011575193633357274,E2\E2_dual_camera_height_scan\run_20260808_145501\raw\E2_dual_height_raw_20260808_145501.csv
E2,ihawk1,marker_2_BL,10.0,20260808_151001,marker_center,2,3,299.5991873333333,300.14571900000004,0.004167583512479849,0.003390255005170651,1.7368752333493877e-05,5.802974000079906e-06,5.802974000079906e-06,1.149382900008465e-05,E2\E2_dual_camera_height_scan\run_20260808_151001\raw\E2_dual_height_raw_20260808_151001.csv
E2,ihawk1,marker_2_BL,10.0,20260808_151001,corner0,2,3,272.59853100000004,296.340637,0.006783218483872002,0.008881243662905642,4.601205299994278e-05,5.9655062999908625e-05,5.9655062999908625e-05,7.887648899990164e-05,E2\E2_dual_camera_height_scan\run_20260808_151001\raw\E2_dual_height_raw_20260808_151001.csv
E2,ihawk1,marker_2_BL,10.0,20260808_151001,corner1,2,3,304.69499666666667,281.82564299999996,0.011505436164406857,0.0055321702793554965,0.00013237506133324117,6.365003199975352e-05,6.365003199975352e-05,3.060490799978427e-05,E2\E2_dual_camera_height_scan\run_20260808_151001\raw\E2_dual_height_raw_20260808_151001.csv
E2,ihawk1,marker_2_BL,10.0,20260808_151001,corner2,2,3,327.36132833333335,302.5811463333333,0.0022502471716126264,0.006617641750157007,5.063612333350624e-06,1.4804263833388336e-05,1.4804263833388336e-05,4.37931823334211e-05,E2\E2_dual_camera_height_scan\run_20260808_151001\raw\E2_dual_height_raw_20260808_151001.csv
E2,ihawk1,marker_2_BL,10.0,20260808_151001,corner3,2,3,293.74189233333334,319.835449,0.012342515235270645,0.010470861903411868,0.00015233768233288797,0.00011122738299994983,0.00011122738299994983,0.00010963894900032201,E2\E2_dual_camera_height_scan\run_20260808_151001\raw\E2_dual_height_raw_20260808_151001.csv
E2,ihawk1,marker_2_BL,10.0,20260808_162715,marker_center,2,3,302.34473933333334,300.58173600000003,0.006130708142904874,0.005273078417794024,3.758558233348013e-05,-2.454650100012357e-05,-2.454650100012357e-05,2.7805356000205124e-05,E2\E2_dual_camera_height_scan\run_20260808_162715\raw\E2_dual_height_raw_20260808_162715.csv
E2,ihawk1,marker_2_BL,10.0,20260808_162715,corner0,2,3,275.299072,296.318848,0.015307316779905412,0.00761204722789608,0.00023431394700037378,-0.00011528061299984283,-0.00011528061299984283,5.7943262999720395e-05,E2\E2_dual_camera_height_scan\run_20260808_162715\raw\E2_dual_height_raw_20260808_162715.csv
E2,ihawk1,marker_2_BL,10.0,20260808_162715,corner1,2,3,308.03414933333335,282.466705,0.005063165050957547,0.0008561314151212178,2.563564033323794e-05,4.330757499869866e-06,4.330757499869866e-06,7.329609999574589e-07,E2\E2_dual_camera_height_scan\run_20260808_162715\raw\E2_dual_height_raw_20260808_162715.csv
E2,ihawk1,marker_2_BL,10.0,20260808_162715,corner2,2,3,329.79361966666664,303.64347333333336,0.0051867158523739715,0.008041647364399067,2.690202133326745e-05,-6.442393333254878e-06,-6.442393333254878e-06,6.466809233334645e-05,E2\E2_dual_camera_height_scan\run_20260808_162715\raw\E2_dual_height_raw_20260808_162715.csv
E2,ihawk1,marker_2_BL,10.0,20260808_162715,corner3,2,3,296.252116,319.89791866666667,0.03841225141801545,0.020909969137542846,0.00147550105900083,-0.0007863501280000555,-0.0007863501280000555,0.0004372268093329943,E2\E2_dual_camera_height_scan\run_20260808_162715\raw\E2_dual_height_raw_20260808_162715.csv
E2,ihawk1,marker_3_BR,10.0,20260808_131913,marker_center,3,3,381.8369473333333,260.444434,0.014676942676633163,0.006875384861977866,0.0002154126463331758,-1.1073164499991937e-05,-1.1073164499991937e-05,4.72709170003144e-05,E2\E2_dual_camera_height_scan\run_20260808_131913\raw\E2_dual_height_raw_20260808_131913.csv
E2,ihawk1,marker_3_BR,10.0,20260808_131913,corner0,3,3,357.31919333333326,258.0277916666667,0.004660395512542376,0.00044259048038279293,2.1719286333325112e-05,-3.5067833308816026e-08,-3.5067833308816026e-08,1.9588633332547143e-07,E2\E2_dual_camera_height_scan\run_20260808_131913\raw\E2_dual_height_raw_20260808_131913.csv
E2,ihawk1,marker_3_BR,10.0,20260808_131913,corner1,3,3,382.06453433333337,246.10251333333335,0.014853172534275092,0.011134325364987218,0.00022061673433294396,7.675076933312136e-05,7.675076933312136e-05,0.00012397320133339775,E2\E2_dual_camera_height_scan\run_20260808_131913\raw\E2_dual_height_raw_20260808_131913.csv
E2,ihawk1,marker_3_BR,10.0,20260808_131913,corner2,3,3,406.37769566666674,262.1587626666667,0.02017794519600929,0.014814982022722491,0.00040714947233315446,-0.00028760380616674495,-0.00028760380616674495,0.0002194836923335906,E2\E2_dual_camera_height_scan\run_20260808_131913\raw\E2_dual_height_raw_20260808_131913.csv
E2,ihawk1,marker_3_BR,10.0,20260808_131913,corner3,3,3,381.58636499999994,275.4886676666667,0.030058954223318623,0.007218543158674599,0.0009035407289995645,0.00012979246000045404,0.00012979246000045404,5.2107365333647856e-05,E2\E2_dual_camera_height_scan\run_20260808_131913\raw\E2_dual_height_raw_20260808_131913.csv
E2,ihawk1,marker_3_BR,10.0,20260808_141232,marker_center,3,3,378.674197,259.5893376666666,0.007002180017676049,0.004075841794441749,4.903052499994176e-05,2.386494250002134e-05,2.386494250002134e-05,1.6612486333318133e-05,E2\E2_dual_camera_height_scan\run_20260808_141232\raw\E2_dual_height_raw_20260808_141232.csv
E2,ihawk1,marker_3_BR,10.0,20260808_141232,corner0,3,3,354.31309000000005,257.01751666666667,0.01878347965634885,0.010541759451494208,0.00035281910800047107,0.0001841923479999851,0.0001841923479999851,0.00011112869233316746,E2\E2_dual_camera_height_scan\run_20260808_141232\raw\E2_dual_height_raw_20260808_141232.csv
E2,ihawk1,marker_3_BR,10.0,20260808_141232,corner1,3,3,378.8489583333333,245.11276233333334,0.0346976143320008,0.002393780552457192,0.001203924440332267,-7.184857466660427e-05,-7.184857466660427e-05,5.730185333322259e-06,E2\E2_dual_camera_height_scan\run_20260808_141232\raw\E2_dual_height_raw_20260808_141232.csv
E2,ihawk1,marker_3_BR,10.0,20260808_141232,corner2,3,3,402.924245,261.4157613333333,0.0233309003041096,0.038351301416447846,0.0005443309090003014,0.0007809738100011837,0.0007809738100011837,0.0014708223203352346,E2\E2_dual_camera_height_scan\run_20260808_141232\raw\E2_dual_height_raw_20260808_141232.csv
E2,ihawk1,marker_3_BR,10.0,20260808_141232,corner3,3,3,378.610494,274.81130966666666,0.0178704407332491,0.019001828973365508,0.00031935265200056873,-0.00033475687500018474,-0.00033475687500018474,0.00036106950433303285,E2\E2_dual_camera_height_scan\run_20260808_141232\raw\E2_dual_height_raw_20260808_141232.csv
E2,ihawk1,marker_3_BR,10.0,20260808_145501,marker_center,3,3,381.9091363333334,260.6869673333333,0.008260340933244646,0.020701253520810488,6.823323233343703e-05,-7.355428966656689e-05,-7.355428966656689e-05,0.00042854189733286855,E2\E2_dual_camera_height_scan\run_20260808_145501\raw\E2_dual_height_raw_20260808_145501.csv
E2,ihawk1,marker_3_BR,10.0,20260808_145501,corner0,3,3,357.2585040000001,258.46866866666664,0.006119768704791796,0.002716913199440199,3.745156900014906e-05,-7.704783000015399e-06,-7.704783000015399e-06,7.381617333292378e-06,E2\E2_dual_camera_height_scan\run_20260808_145501\raw\E2_dual_height_raw_20260808_145501.csv
E2,ihawk1,marker_3_BR,10.0,20260808_145501,corner1,3,3,381.720276,246.07791633333332,0.053361100222917186,0.017584041666628004,0.0028474070170002126,0.00029545801700026113,0.00029545801700026113,0.0003091985213337097,E2\E2_dual_camera_height_scan\run_20260808_145501\raw\E2_dual_height_raw_20260808_145501.csv
E2,ihawk1,marker_3_BR,10.0,20260808_145501,corner2,3,3,406.29777999999993,262.38228366666664,0.02551301385567746,0.0824218334322516,0.0006509138759999901,0.001255486850998139,0.001255486850998139,0.006793358626333826,E2\E2_dual_camera_height_scan\run_20260808_145501\raw\E2_dual_height_raw_20260808_145501.csv
E2,ihawk1,marker_3_BR,10.0,20260808_145501,corner3,3,3,382.3599853333333,275.81900033333335,0.0201302098929257,0.01729406861709381,0.00040522535033324386,0.00016894608333312768,0.00016894608333312768,0.00029908480933274896,E2\E2_dual_camera_height_scan\run_20260808_145501\raw\E2_dual_height_raw_20260808_145501.csv
E2,ihawk1,marker_3_BR,10.0,20260808_151001,marker_center,3,3,381.3270186666667,260.81315866666665,0.023364455832166127,0.006873070371620868,0.0005458977963332418,-0.0001562833536664907,-0.0001562833536664907,4.723909633325261e-05,E2\E2_dual_camera_height_scan\run_20260808_151001\raw\E2_dual_height_raw_20260808_151001.csv
E2,ihawk1,marker_3_BR,10.0,20260808_151001,corner0,3,3,356.8635153333333,258.34985366666666,0.014659500685001447,0.0021673729105464645,0.00021490096033355787,3.1772604666809475e-05,3.1772604666809475e-05,4.697505333370653e-06,E2\E2_dual_camera_height_scan\run_20260808_151001\raw\E2_dual_height_raw_20260808_151001.csv
E2,ihawk1,marker_3_BR,10.0,20260808_151001,corner1,3,3,381.48610433333334,246.31612166666665,0.05879072088633393,0.007006000951560259,0.00345634886233482,7.501715866681285e-05,7.501715866681285e-05,4.908404933326325e-05,E2\E2_dual_camera_height_scan\run_20260808_151001\raw\E2_dual_height_raw_20260808_151001.csv
E2,ihawk1,marker_3_BR,10.0,20260808_151001,corner2,3,3,405.6884766666667,262.65192666666667,0.0066258795893994575,0.011181046298695234,4.390228033322033e-05,6.885036383323399e-05,6.885036383323399e-05,0.00012501579633356638,E2\E2_dual_camera_height_scan\run_20260808_151001\raw\E2_dual_height_raw_20260808_151001.csv
E2,ihawk1,marker_3_BR,10.0,20260808_151001,corner3,3,3,381.2699786666667,275.9347333333333,0.038618493242650966,0.021046902012729452,0.0014913880203326784,-0.0007997205438333367,-0.0007997205438333367,0.000442972084333435,E2\E2_dual_camera_height_scan\run_20260808_151001\raw\E2_dual_height_raw_20260808_151001.csv
E2,ihawk1,marker_3_BR,10.0,20260808_162715,marker_center,3,3,384.8463543333333,262.311768,0.0303645216878819,0.006934456647785765,0.0009220041773338503,8.919965199973931e-05,8.919965199973931e-05,4.808668900002019e-05,E2\E2_dual_camera_height_scan\run_20260808_162715\raw\E2_dual_height_raw_20260808_162715.csv
E2,ihawk1,marker_3_BR,10.0,20260808_162715,corner0,3,3,360.2039693333333,259.59765666666664,0.0028079382709188753,0.019908979640688072,7.884517333290884e-06,-5.561058333321023e-05,-5.561058333321023e-05,0.00039636747033333213,E2\E2_dual_camera_height_scan\run_20260808_162715\raw\E2_dual_height_raw_20260808_162715.csv
E2,ihawk1,marker_3_BR,10.0,20260808_162715,corner1,3,3,385.18612666666667,247.83988433333334,0.12682027756764572,0.028676727503909646,0.016083382802334706,0.003635948008167135,0.003635948008167135,0.0008223547003334879,E2\E2_dual_camera_height_scan\run_20260808_162715\raw\E2_dual_height_raw_20260808_162715.csv
E2,ihawk1,marker_3_BR,10.0,20260808_162715,corner2,3,3,409.0,264.0,0.0,0.0,0.0,0.0,0.0,0.0,E2\E2_dual_camera_height_scan\run_20260808_162715\raw\E2_dual_height_raw_20260808_162715.csv
E2,ihawk1,marker_3_BR,10.0,20260808_162715,corner3,3,3,384.99532066666666,277.80952933333333,0.008498549837092709,0.009420898276346781,7.222534933354852e-05,-1.5097153333559355e-06,-1.5097153333559355e-06,8.875332433327376e-05,E2\E2_dual_camera_height_scan\run_20260808_162715\raw\E2_dual_height_raw_20260808_162715.csv
E2,ihawk1,marker_4_C,10.0,20260808_131913,marker_center,4,3,297.49921166666667,240.30361166666668,0.015289984118159515,0.014985733693523443,0.00023378361433357017,0.00010114261033340315,0.00010114261033340315,0.00022457221433320378,E2\E2_dual_camera_height_scan\run_20260808_131913\raw\E2_dual_height_raw_20260808_131913.csv
E2,ihawk1,marker_4_C,10.0,20260808_131913,corner0,4,3,275.55356866666665,237.7786306666667,0.004467049399044641,0.002893093903297979,1.9954530333505087e-05,-1.2023015166682087e-05,-1.2023015166682087e-05,8.369992333299937e-06,E2\E2_dual_camera_height_scan\run_20260808_131913\raw\E2_dual_height_raw_20260808_131913.csv
E2,ihawk1,marker_4_C,10.0,20260808_131913,corner1,4,3,301.56223566666665,228.03188566666665,0.05186829706412244,0.00839452752293368,0.0026903202403320524,-0.0003221019731663497,-0.0003221019731663497,7.046809233329105e-05,E2\E2_dual_camera_height_scan\run_20260808_131913\raw\E2_dual_height_raw_20260808_131913.csv
E2,ihawk1,marker_4_C,10.0,20260808_131913,corner2,4,3,319.7723083333333,242.00342799999999,0.012357729335657368,0.017907246214874384,0.0001527134743333667,0.0001571877620001291,0.0001571877620001291,0.000320669467000133,E2\E2_dual_camera_height_scan\run_20260808_131913\raw\E2_dual_height_raw_20260808_131913.csv
E2,ihawk1,marker_4_C,10.0,20260808_131913,corner3,4,3,293.1087343333333,253.40050266666665,0.009693500726445368,0.04406384096210527,9.396395633359688e-05,-0.0001259232838340695,-0.0001259232838340695,0.001941622080333706,E2\E2_dual_camera_height_scan\run_20260808_131913\raw\E2_dual_height_raw_20260808_131913.csv
E2,ihawk1,marker_4_C,10.0,20260808_141232,marker_center,4,3,295.0018436666667,238.99374133333333,0.0037993386705356875,0.00753743433360465,1.4434974333427884e-05,2.3652693166705617e-05,2.3652693166705617e-05,5.681291633340217e-05,E2\E2_dual_camera_height_scan\run_20260808_141232\raw\E2_dual_height_raw_20260808_141232.csv
E2,ihawk1,marker_4_C,10.0,20260808_141232,corner0,4,3,273.3881226666667,236.362111,0.0002745001517801678,0.0007842831121441848,7.535033332733517e-08,-1.6317999999500598e-07,-1.6317999999500598e-07,6.150999999945678e-07,E2\E2_dual_camera_height_scan\run_20260808_141232\raw\E2_dual_height_raw_20260808_141232.csv
E2,ihawk1,marker_4_C,10.0,20260808_141232,corner1,4,3,299.441396,227.039683,0.018193099598468505,0.012714917891985074,0.0003309888729997949,0.00022163671549995753,0.00022163671549995753,0.00016166913699992215,E2\E2_dual_camera_height_scan\run_20260808_141232\raw\E2_dual_height_raw_20260808_141232.csv
E2,ihawk1,marker_4_C,10.0,20260808_141232,corner2,4,3,317.3451843333333,240.927831,0.031454083460392426,0.03420575034990585,0.0009893593663333326,0.001069272103000089,0.001069272103000089,0.0011700333570000838,E2\E2_dual_camera_height_scan\run_20260808_141232\raw\E2_dual_height_raw_20260808_141232.csv
E2,ihawk1,marker_4_C,10.0,20260808_141232,corner3,4,3,289.832672,251.64533966666667,0.009408499986720602,0.005285641714426807,8.851987200012158e-05,-4.9729959999994474e-05,-4.9729959999994474e-05,2.793800833328876e-05,E2\E2_dual_camera_height_scan\run_20260808_141232\raw\E2_dual_height_raw_20260808_141232.csv
E2,ihawk1,marker_4_C,10.0,20260808_145501,marker_center,4,3,297.1920036666666,240.87557466666667,0.011462150641724738,0.0030729471738601293,0.00013138089733359085,3.3770220333364045e-05,3.3770220333364045e-05,9.443004333334956e-06,E2\E2_dual_camera_height_scan\run_20260808_145501\raw\E2_dual_height_raw_20260808_145501.csv
E2,ihawk1,marker_4_C,10.0,20260808_145501,corner0,4,3,275.1770936666667,238.46124266666666,0.010525559430898685,0.007930299952293263,0.00011078740133338026,7.733210333343088e-05,7.733210333343088e-05,6.288965733334254e-05,E2\E2_dual_camera_height_scan\run_20260808_145501\raw\E2_dual_height_raw_20260808_145501.csv
E2,ihawk1,marker_4_C,10.0,20260808_145501,corner1,4,3,301.43679833333334,228.57919333333334,0.02971879493408417,0.010637210975326411,0.0008832067723341469,0.0002825705393337923,0.0002825705393337923,0.00011315025733360466,E2\E2_dual_camera_height_scan\run_20260808_145501\raw\E2_dual_height_raw_20260808_145501.csv
E2,ihawk1,marker_4_C,10.0,20260808_145501,corner2,4,3,319.53230766666667,242.640569,0.011248178978555425,0.008487932846098691,0.00012652153033361618,-7.731571600001937e-05,-7.731571600001937e-05,7.204500399988104e-05,E2\E2_dual_camera_height_scan\run_20260808_145501\raw\E2_dual_height_raw_20260808_145501.csv
E2,ihawk1,marker_4_C,10.0,20260808_145501,corner3,4,3,292.621816,253.821294,0.005271849485738739,0.012853165680088586,2.7792397000283807e-05,-4.853584800032586e-05,-4.853584800032586e-05,0.00016520386799980706,E2\E2_dual_camera_height_scan\run_20260808_145501\raw\E2_dual_height_raw_20260808_145501.csv
E2,ihawk1,marker_4_C,10.0,20260808_151001,marker_center,4,3,297.0903676666667,240.52660999999998,0.017794396205933916,0.007764269508459618,0.0003166405363337553,9.979168499797749e-06,9.979168499797749e-06,6.028388099999575e-05,E2\E2_dual_camera_height_scan\run_20260808_151001\raw\E2_dual_height_raw_20260808_151001.csv
E2,ihawk1,marker_4_C,10.0,20260808_151001,corner0,4,3,275.1762386666667,237.97456866666667,0.004370358833459969,0.016350497861943616,1.9100036333201584e-05,-6.436268216650672e-05,-6.436268216650672e-05,0.00026733878033342276,E2\E2_dual_camera_height_scan\run_20260808_151001\raw\E2_dual_height_raw_20260808_151001.csv
E2,ihawk1,marker_4_C,10.0,20260808_151001,corner1,4,3,301.47900366666664,228.27676899999997,0.0048986386204028865,0.003710715429667943,2.3996660333302695e-05,8.150224999337115e-07,8.150224999337115e-07,1.3769408999975748e-05,E2\E2_dual_camera_height_scan\run_20260808_151001\raw\E2_dual_height_raw_20260808_151001.csv
E2,ihawk1,marker_4_C,10.0,20260808_151001,corner2,4,3,319.34741233333335,242.36637400000004,0.013345503899576863,0.0068068541926566825,0.00017810247433362126,-6.63599139999179e-05,-6.63599139999179e-05,4.6333264000087855e-05,E2\E2_dual_camera_height_scan\run_20260808_151001\raw\E2_dual_height_raw_20260808_151001.csv
E2,ihawk1,marker_4_C,10.0,20260808_151001,corner3,4,3,292.35881566666666,253.48872866666667,0.07256312276446794,0.01008246459618063,0.005265406785331245,0.0006065258383334167,0.0006065258383334167,0.00010165609233323584,E2\E2_dual_camera_height_scan\run_20260808_151001\raw\E2_dual_height_raw_20260808_151001.csv
E2,ihawk1,marker_4_C,10.0,20260808_162715,marker_center,4,3,300.652285,240.958813,0.006696340119785938,0.008819181141133114,4.484097099985476e-05,-1.0686622999910623e-05,-1.0686622999910623e-05,7.777795600011797e-05,E2\E2_dual_camera_height_scan\run_20260808_162715\raw\E2_dual_height_raw_20260808_162715.csv
E2,ihawk1,marker_4_C,10.0,20260808_162715,corner0,4,3,278.865865,238.19312033333335,0.0053868509353939,0.011131791874322412,2.9018163000154134e-05,-5.099710400009324e-05,-5.099710400009324e-05,0.00012391679033323046,E2\E2_dual_camera_height_scan\run_20260808_162715\raw\E2_dual_height_raw_20260808_162715.csv
E2,ihawk1,marker_4_C,10.0,20260808_162715,corner1,4,3,305.38166299999995,228.73682166666666,0.018530534261061295,0.012650619918935095,0.00034338070000036644,0.00023251790500012506,0.00023251790500012506,0.00016003818433335738,E2\E2_dual_camera_height_scan\run_20260808_162715\raw\E2_dual_height_raw_20260808_162715.csv
E2,ihawk1,marker_4_C,10.0,20260808_162715,corner2,4,3,322.826884,243.21678166666666,0.009592316925547257,0.00854834465456418,9.201254400014038e-05,-7.78744319999406e-05,-7.78744319999406e-05,7.307419633321599e-05,E2\E2_dual_camera_height_scan\run_20260808_162715\raw\E2_dual_height_raw_20260808_162715.csv
E2,ihawk1,marker_4_C,10.0,20260808_162715,corner3,4,3,295.53472933333336,253.68852733333335,0.01888035773849857,0.01945676379394796,0.0003564679083336829,6.589983328871967e-07,6.589983328871967e-07,0.0003785656573334842,E2\E2_dual_camera_height_scan\run_20260808_162715\raw\E2_dual_height_raw_20260808_162715.csv
E2,ihawk1,marker_0_TL,15.0,20260808_131913,marker_center,0,3,222.99304066666664,219.37146966666668,0.002904039485506299,0.008293995498754574,8.43344533337969e-06,1.0833677333398663e-05,1.0833677333398663e-05,6.879036133336115e-05,E2\E2_dual_camera_height_scan\run_20260808_131913\raw\E2_dual_height_raw_20260808_131913.csv
E2,ihawk1,marker_0_TL,15.0,20260808_131913,corner0,0,3,202.69159433333334,217.11012233333335,0.002125324994767438,0.04816858802511534,4.517006333383211e-06,9.994791333385116e-05,9.994791333385116e-05,0.002320212872333285,E2\E2_dual_camera_height_scan\run_20260808_131913\raw\E2_dual_height_raw_20260808_131913.csv
E2,ihawk1,marker_0_TL,15.0,20260808_131913,corner1,0,3,230.54677833333335,208.81034333333332,0.030116004156142132,0.0252569004894302,0.0009069737063327702,0.0007582313983328999,0.0007582313983328999,0.0006379110223329796,E2\E2_dual_camera_height_scan\run_20260808_131913\raw\E2_dual_height_raw_20260808_131913.csv
E2,ihawk1,marker_0_TL,15.0,20260808_131913,corner2,0,3,243.66195666666667,220.971176,0.002038227743247231,0.02032670187216675,4.154372333342701e-06,3.9571238500008443e-05,3.9571238500008443e-05,0.00041317480899994737,E2\E2_dual_camera_height_scan\run_20260808_131913\raw\E2_dual_height_raw_20260808_131913.csv
E2,ihawk1,marker_0_TL,15.0,20260808_131913,corner3,0,3,215.07183366666666,230.59423833333335,0.04002145546245521,0.01345154208012663,0.001601716897333286,0.0005314640976667601,0.0005314640976667601,0.00018094398433341743,E2\E2_dual_camera_height_scan\run_20260808_131913\raw\E2_dual_height_raw_20260808_131913.csv
E2,ihawk1,marker_0_TL,15.0,20260808_141232,marker_center,0,3,223.34186433333332,217.89964166666667,0.0183520920969092,0.014214571408708337,0.0003367992843334371,0.00013769966916672837,0.00013769966916672837,0.00020205404033326853,E2\E2_dual_camera_height_scan\run_20260808_141232\raw\E2_dual_height_raw_20260808_141232.csv
E2,ihawk1,marker_0_TL,15.0,20260808_141232,corner0,0,3,203.36560066666667,215.442393,0.033871053073875716,0.03085384321280202,0.0011472482363333058,0.0010446315085000744,0.0010446315085000744,0.0009519596410001694,E2\E2_dual_camera_height_scan\run_20260808_141232\raw\E2_dual_height_raw_20260808_141232.csv
E2,ihawk1,marker_0_TL,15.0,20260808_141232,corner1,0,3,230.85486333333333,207.4059093333333,0.014964013042412384,0.0077149812918419275,0.00022392168633348793,0.00011140986133347441,0.00011140986133347441,5.952093633347094e-05,E2\E2_dual_camera_height_scan\run_20260808_141232\raw\E2_dual_height_raw_20260808_141232.csv
E2,ihawk1,marker_0_TL,15.0,20260808_141232,corner2,0,3,243.819041,219.93294766666668,0.010355515824903128,0.04224683517536007,0.0001072367079998191,0.0003988217369999067,0.0003988217369999067,0.001784795082334041,E2\E2_dual_camera_height_scan\run_20260808_141232\raw\E2_dual_height_raw_20260808_141232.csv
E2,ihawk1,marker_0_TL,15.0,20260808_141232,corner3,0,3,215.32795233333331,228.81731666666667,0.04240371889744302,0.008938588330002929,0.0017980753763333663,0.0003696943936664159,0.0003696943936664159,7.989836133326454e-05,E2\E2_dual_camera_height_scan\run_20260808_141232\raw\E2_dual_height_raw_20260808_141232.csv
E2,ihawk1,marker_0_TL,15.0,20260808_145501,marker_center,0,3,223.48319266666667,219.70133566666667,0.006166329324104262,0.0002417153973829939,3.8023617333308135e-05,-1.3862396666361119e-06,-1.3862396666361119e-06,5.842633333201866e-08,E2\E2_dual_camera_height_scan\run_20260808_145501\raw\E2_dual_height_raw_20260808_145501.csv
E2,ihawk1,marker_0_TL,15.0,20260808_145501,corner0,0,3,203.36363233333336,217.26022333333333,0.006138102013927227,0.00170352937554411,3.7676296333377477e-05,-1.0449391666686737e-05,-1.0449391666686737e-05,2.902012333341705e-06,E2\E2_dual_camera_height_scan\run_20260808_145501\raw\E2_dual_height_raw_20260808_145501.csv
E2,ihawk1,marker_0_TL,15.0,20260808_145501,corner1,0,3,230.96293633333335,209.04968266666665,0.014893247004368584,0.008836274460041106,0.0002218088063331338,-9.683605283313173e-05,-9.683605283313173e-05,7.807974633317473e-05,E2\E2_dual_camera_height_scan\run_20260808_145501\raw\E2_dual_height_raw_20260808_145501.csv
E2,ihawk1,marker_0_TL,15.0,20260808_145501,corner2,0,3,243.952952,221.63642366666667,0.00017666918236902926,5.793387035042251e-05,3.121199999894132e-08,-6.222000001579526e-09,-6.222000001579526e-09,3.356333333779565e-09,E2\E2_dual_camera_height_scan\run_20260808_145501\raw\E2_dual_height_raw_20260808_145501.csv
E2,ihawk1,marker_0_TL,15.0,20260808_145501,corner3,0,3,215.65324933333332,230.859014,0.023107547475519304,0.00838961810810966,0.0005339587503333786,6.084806700010185e-05,6.084806700010185e-05,7.038569199992151e-05,E2\E2_dual_camera_height_scan\run_20260808_145501\raw\E2_dual_height_raw_20260808_145501.csv
E2,ihawk1,marker_0_TL,15.0,20260808_151001,marker_center,0,3,224.749353,219.41858433333334,0.011653026259295988,0.004817663576196239,0.00013579302099984183,4.26012145000281e-05,4.26012145000281e-05,2.3209882333407933e-05,E2\E2_dual_camera_height_scan\run_20260808_151001\raw\E2_dual_height_raw_20260808_151001.csv
E2,ihawk1,marker_0_TL,15.0,20260808_151001,corner0,0,3,204.57085166666664,217.00981166666665,0.011726444232304284,0.02202021183670945,0.00013750949433334242,0.00016384012433333787,0.00016384012433333787,0.00048488972933355895,E2\E2_dual_camera_height_scan\run_20260808_151001\raw\E2_dual_height_raw_20260808_151001.csv
E2,ihawk1,marker_0_TL,15.0,20260808_151001,corner1,0,3,232.31553666666665,208.74636333333333,0.0034345765871919122,0.006431574172269009,1.1796316333286843e-05,1.567791516666733e-05,1.567791516666733e-05,4.1365146333397786e-05,E2\E2_dual_camera_height_scan\run_20260808_151001\raw\E2_dual_height_raw_20260808_151001.csv
E2,ihawk1,marker_0_TL,15.0,20260808_151001,corner2,0,3,245.403941,221.39453633333335,0.029292443257605175,0.001251118033342141,0.0008580472320000188,-3.664830400024124e-05,-3.664830400024124e-05,1.5652963333539067e-06,E2\E2_dual_camera_height_scan\run_20260808_151001\raw\E2_dual_height_raw_20260808_151001.csv
E2,ihawk1,marker_0_TL,15.0,20260808_151001,corner3,0,3,216.70708199999999,230.523626,0.007786544612331716,0.0018865876602944761,6.063027699983207e-05,1.4686385499929445e-05,1.4686385499929445e-05,3.559212999975386e-06,E2\E2_dual_camera_height_scan\run_20260808_151001\raw\E2_dual_height_raw_20260808_151001.csv
E2,ihawk1,marker_0_TL,15.0,20260808_162715,marker_center,0,3,227.735906,219.03918966666666,0.012986224971104415,0.005607304194822864,0.00016864203900013587,3.4467949000002924e-05,3.4467949000002924e-05,3.144186033327809e-05,E2\E2_dual_camera_height_scan\run_20260808_162715\raw\E2_dual_height_raw_20260808_162715.csv
E2,ihawk1,marker_0_TL,15.0,20260808_162715,corner0,0,3,207.59012833333335,216.55596966666667,0.009388820870229592,0.0009605437696119003,8.814995733325877e-05,8.848852666685333e-06,8.848852666685333e-06,9.226443333402393e-07,E2\E2_dual_camera_height_scan\run_20260808_162715\raw\E2_dual_height_raw_20260808_162715.csv
E2,ihawk1,marker_0_TL,15.0,20260808_162715,corner1,0,3,235.31760133333333,208.46936033333336,0.01567155717639461,0.021431101099406012,0.0002455977043330054,-0.0002152416311662258,-0.0002152416311662258,0.0004592920943329616,E2\E2_dual_camera_height_scan\run_20260808_162715\raw\E2_dual_height_raw_20260808_162715.csv
E2,ihawk1,marker_0_TL,15.0,20260808_162715,corner2,0,3,248.07148233333336,220.86772166666665,0.0028111297254524497,0.0011753001035229246,7.902450333322365e-06,4.190901667027934e-07,4.190901667027934e-07,1.3813303333409975e-06,E2\E2_dual_camera_height_scan\run_20260808_162715\raw\E2_dual_height_raw_20260808_162715.csv
E2,ihawk1,marker_0_TL,15.0,20260808_162715,corner3,0,3,219.96441133333335,230.26370733333331,0.057024372388774086,0.005936779794909439,0.0032517790463335804,0.00031473296983294054,0.00031473296983294054,3.524535433324496e-05,E2\E2_dual_camera_height_scan\run_20260808_162715\raw\E2_dual_height_raw_20260808_162715.csv
E2,ihawk1,marker_1_TR,15.0,20260808_131913,marker_center,1,3,294.52568833333333,196.5295156666667,0.010430386394255843,0.002670701281186438,0.00010879296033347742,-4.226451333441637e-06,-4.226451333441637e-06,7.132645333330881e-06,E2\E2_dual_camera_height_scan\run_20260808_131913\raw\E2_dual_height_raw_20260808_131913.csv
E2,ihawk1,marker_1_TR,15.0,20260808_131913,corner0,1,3,276.10076933333335,195.15574133333334,0.007569399601908458,0.01623793657869656,5.729581033337193e-05,-0.00012245965666678684,-0.00012245965666678684,0.0002636705843337718,E2\E2_dual_camera_height_scan\run_20260808_131913\raw\E2_dual_height_raw_20260808_131913.csv
E2,ihawk1,marker_1_TR,15.0,20260808_131913,corner1,1,3,298.28575666666666,187.4779003333333,0.005571392046274303,0.001865760256119222,3.1040409333288566e-05,1.039278666663055e-05,1.039278666663055e-05,3.481061333314065e-06,E2\E2_dual_camera_height_scan\run_20260808_131913\raw\E2_dual_height_raw_20260808_131913.csv
E2,ihawk1,marker_1_TR,15.0,20260808_131913,corner2,1,3,313.14274066666667,197.612747,0.02775199798812082,0.008756802555721194,0.0007701733923326619,0.00022905896649972644,0.00022905896649972644,7.668159099988523e-05,E2\E2_dual_camera_height_scan\run_20260808_131913\raw\E2_dual_height_raw_20260808_131913.csv
E2,ihawk1,marker_1_TR,15.0,20260808_131913,corner3,1,3,290.57348633333334,205.87167333333332,0.06332189048293545,0.025401498407244715,0.004009661814332871,-0.000515761475665829,-0.000515761475665829,0.0006452361213332558,E2\E2_dual_camera_height_scan\run_20260808_131913\raw\E2_dual_height_raw_20260808_131913.csv
E2,ihawk1,marker_1_TR,15.0,20260808_141232,marker_center,1,3,294.8969876666667,195.81609699999998,0.001966470018414956,0.007100623845834411,3.867004333324917e-06,2.056345500166512e-06,2.056345500166512e-06,5.0418859000032256e-05,E2\E2_dual_camera_height_scan\run_20260808_141232\raw\E2_dual_height_raw_20260808_141232.csv
E2,ihawk1,marker_1_TR,15.0,20260808_141232,corner0,1,3,276.549581,194.1541596666667,0.016135739586408522,0.004243353547991924,0.000260362092000391,5.089901199987387e-05,5.089901199987387e-05,1.8006049333255644e-05,E2\E2_dual_camera_height_scan\run_20260808_141232\raw\E2_dual_height_raw_20260808_141232.csv
E2,ihawk1,marker_1_TR,15.0,20260808_141232,corner1,1,3,298.566274,187.3302666666667,0.0010506359978747363,0.0008536049047130072,1.103836000030243e-06,1.0604599999571144e-07,1.0604599999571144e-07,7.286413333501021e-07,E2\E2_dual_camera_height_scan\run_20260808_141232\raw\E2_dual_height_raw_20260808_141232.csv
E2,ihawk1,marker_1_TR,15.0,20260808_141232,corner2,1,3,313.4178263333333,197.12164299999998,0.01829215761833661,0.02091965704786534,0.0003346030303340701,-2.9685199995988305e-07,-2.9685199995988305e-07,0.00043763205100030205,E2\E2_dual_camera_height_scan\run_20260808_141232\raw\E2_dual_height_raw_20260808_141232.csv
E2,ihawk1,marker_1_TR,15.0,20260808_141232,corner3,1,3,291.0542706666667,204.65832,0.006631358634067888,0.003089773292668445,4.3974917333626726e-05,-2.0270362000163692e-05,-2.0270362000163692e-05,9.546699000087206e-06,E2\E2_dual_camera_height_scan\run_20260808_141232\raw\E2_dual_height_raw_20260808_141232.csv
E2,ihawk1,marker_1_TR,15.0,20260808_145501,marker_center,1,3,294.9917423333333,196.797095,0.008850072673905812,0.004153895521067468,7.832378633341436e-05,-2.9889435999959614e-05,-2.9889435999959614e-05,1.725484799994437e-05,E2\E2_dual_camera_height_scan\run_20260808_145501\raw\E2_dual_height_raw_20260808_145501.csv
E2,ihawk1,marker_1_TR,15.0,20260808_145501,corner0,1,3,276.516632,195.225952,0.0011371561018803551,0.005185656274774428,1.2931240000437245e-06,-5.893890000206281e-07,-5.893890000206281e-07,2.6891031000107402e-05,E2\E2_dual_camera_height_scan\run_20260808_145501\raw\E2_dual_height_raw_20260808_145501.csv
E2,ihawk1,marker_1_TR,15.0,20260808_145501,corner1,1,3,298.47848500000003,188.17180366666665,0.032957922219070464,0.029805225587688878,0.0010862246369982987,-0.0008596208634989449,-0.0008596208634989449,0.0008883514723330237,E2\E2_dual_camera_height_scan\run_20260808_145501\raw\E2_dual_height_raw_20260808_145501.csv
E2,ihawk1,marker_1_TR,15.0,20260808_145501,corner2,1,3,313.6343586666666,197.91036500000004,0.005825974796832588,0.04093423950680234,3.394198233332851e-05,-0.00020934010800006714,-0.00020934010800006714,0.0016756119640002573,E2\E2_dual_camera_height_scan\run_20260808_145501\raw\E2_dual_height_raw_20260808_145501.csv
E2,ihawk1,marker_1_TR,15.0,20260808_145501,corner3,1,3,291.33749366666666,205.88025933333333,0.013655646609870654,0.016725892034003938,0.00018647668433367188,-0.00022796511183344008,-0.00022796511183344008,0.0002797554643331564,E2\E2_dual_camera_height_scan\run_20260808_145501\raw\E2_dual_height_raw_20260808_145501.csv
E2,ihawk1,marker_1_TR,15.0,20260808_151001,marker_center,1,3,296.30374133333333,196.14564499999997,0.03314227771795678,0.033351357828418304,0.0010984105723341746,0.0011042125680000184,0.0011042125680000184,0.0011123130689991987,E2\E2_dual_camera_height_scan\run_20260808_151001\raw\E2_dual_height_raw_20260808_151001.csv
E2,ihawk1,marker_1_TR,15.0,20260808_151001,corner0,1,3,277.77726233333334,194.722351,0.018986142112964385,0.011490309438839287,0.00036047359233367976,-5.888015099995444e-05,-5.888015099995444e-05,0.0001320272110002792,E2\E2_dual_camera_height_scan\run_20260808_151001\raw\E2_dual_height_raw_20260808_151001.csv
E2,ihawk1,marker_1_TR,15.0,20260808_151001,corner1,1,3,299.98500566666667,187.14035033333334,0.09187771647323482,0.04515094357079953,0.008441514784336126,0.004141584409667557,0.004141584409667557,0.0020386077053335234,E2\E2_dual_camera_height_scan\run_20260808_151001\raw\E2_dual_height_raw_20260808_151001.csv
E2,ihawk1,marker_1_TR,15.0,20260808_151001,corner2,1,3,315.1262106666666,196.89311199999997,0.035633901292626294,0.07967502705365662,0.0012697749213326339,0.0025464355559991565,0.0025464355559991565,0.006348109936000914,E2\E2_dual_camera_height_scan\run_20260808_151001\raw\E2_dual_height_raw_20260808_151001.csv
E2,ihawk1,marker_1_TR,15.0,20260808_151001,corner3,1,3,292.326487,205.82676666666666,0.0027660851396941574,0.0009514732436180193,7.651227000036847e-06,-2.631855999988402e-06,-2.631855999988402e-06,9.053013333209948e-07,E2\E2_dual_camera_height_scan\run_20260808_151001\raw\E2_dual_height_raw_20260808_151001.csv
E2,ihawk1,marker_1_TR,15.0,20260808_162715,marker_center,1,3,299.15203633333334,196.46866466666665,0.01382919843424664,0.003163562917558188,0.0001912467293337697,4.0581869666805336e-05,4.0581869666805336e-05,1.0008130333349275e-05,E2\E2_dual_camera_height_scan\run_20260808_162715\raw\E2_dual_height_raw_20260808_162715.csv
E2,ihawk1,marker_1_TR,15.0,20260808_162715,corner0,1,3,280.51941933333336,194.60165399999997,0.0022890699712807445,0.0077404627768581,5.239841333419228e-06,-1.6380930000156504e-05,-1.6380930000156504e-05,5.99147639999258e-05,E2\E2_dual_camera_height_scan\run_20260808_162715\raw\E2_dual_height_raw_20260808_162715.csv
E2,ihawk1,marker_1_TR,15.0,20260808_162715,corner1,1,3,303.1345723333333,188.035853,0.005840099685216558,0.011705098419063715,3.4106764333266534e-05,5.023825349993399e-05,5.023825349993399e-05,0.0001370093289999679,E2\E2_dual_camera_height_scan\run_20260808_162715\raw\E2_dual_height_raw_20260808_162715.csv
E2,ihawk1,marker_1_TR,15.0,20260808_162715,corner2,1,3,317.652008,197.71767666666668,0.025390361616153496,0.005478184766271521,0.0006446704629990409,-0.00013699992750009374,-0.00013699992750009374,3.0010508333409355e-05,E2\E2_dual_camera_height_scan\run_20260808_162715\raw\E2_dual_height_raw_20260808_162715.csv
E2,ihawk1,marker_1_TR,15.0,20260808_162715,corner3,1,3,295.30214466666666,205.51947533333336,0.05386539053356141,0.008304697847198873,0.002901480297333087,0.0004392417416665089,0.0004392417416665089,6.896800633326961e-05,E2\E2_dual_camera_height_scan\run_20260808_162715\raw\E2_dual_height_raw_20260808_162715.csv
E2,ihawk1,marker_2_BL,15.0,20260808_131913,marker_center,2,3,299.617083,296.8832243333333,0.027572082746861747,0.005486487522376752,0.0007602197469997913,-8.62484919998856e-05,-8.62484919998856e-05,3.0101545333195788e-05,E2\E2_dual_camera_height_scan\run_20260808_131913\raw\E2_dual_height_raw_20260808_131913.csv
E2,ihawk1,marker_2_BL,15.0,20260808_131913,corner0,2,3,272.32278433333335,293.17176333333333,0.010878093230579587,0.007320779284583841,0.00011833291233318145,5.520099433345359e-05,5.520099433345359e-05,5.35938093335919e-05,E2\E2_dual_camera_height_scan\run_20260808_131913\raw\E2_dual_height_raw_20260808_131913.csv
E2,ihawk1,marker_2_BL,15.0,20260808_131913,corner1,2,3,304.85105400000003,278.6332806666667,0.023530935213030492,0.010489465397882217,0.0005537049119998384,4.4626422000272186e-05,4.4626422000272186e-05,0.00011002888433336835,E2\E2_dual_camera_height_scan\run_20260808_131913\raw\E2_dual_height_raw_20260808_131913.csv
E2,ihawk1,marker_2_BL,15.0,20260808_131913,corner2,2,3,327.4111533333333,299.27989699999995,0.019620743725263026,0.019586693135889347,0.0003849735843324484,-0.0002508485809995883,-0.0002508485809995883,0.0003836385479994949,E2\E2_dual_camera_height_scan\run_20260808_131913\raw\E2_dual_height_raw_20260808_131913.csv
E2,ihawk1,marker_2_BL,15.0,20260808_131913,corner3,2,3,293.88334133333336,316.4479576666667,0.10811806081471878,0.014207984738649364,0.011689515074335228,0.0014645361971684003,0.0014645361971684003,0.00020186683033369322,E2\E2_dual_camera_height_scan\run_20260808_131913\raw\E2_dual_height_raw_20260808_131913.csv
E2,ihawk1,marker_2_BL,15.0,20260808_141232,marker_center,2,3,297.94933066666664,294.42037466666665,0.37572611373491327,0.048516709300325866,0.141170112542341,-0.018171868103663016,-0.018171868103663016,0.0023538710813323263,E2\E2_dual_camera_height_scan\run_20260808_141232\raw\E2_dual_height_raw_20260808_141232.csv
E2,ihawk1,marker_2_BL,15.0,20260808_141232,corner0,2,3,270.76348866666666,290.59992466666665,0.00983169773401832,0.028666595565792034,9.666228033310097e-05,-0.0002818413026662172,-0.0002818413026662172,0.0008217737013326875,E2\E2_dual_camera_height_scan\run_20260808_141232\raw\E2_dual_height_raw_20260808_141232.csv
E2,ihawk1,marker_2_BL,15.0,20260808_141232,corner1,2,3,303.149109,276.515788,0.029678265397414826,0.007867201344802743,0.0008807994369993902,-0.00012140577849931646,-0.00012140577849931646,6.189285699966608e-05,E2\E2_dual_camera_height_scan\run_20260808_141232\raw\E2_dual_height_raw_20260808_141232.csv
E2,ihawk1,marker_2_BL,15.0,20260808_141232,corner2,2,3,326.2256673333333,297.23209633333335,1.5366284525220693,0.20102541783647856,2.3612270011003695,-0.30888041216015955,-0.30888041216015955,0.04041121861633079,E2\E2_dual_camera_height_scan\run_20260808_141232\raw\E2_dual_height_raw_20260808_141232.csv
E2,ihawk1,marker_2_BL,15.0,20260808_141232,corner3,2,3,291.6590576666667,313.3336893333333,0.014038132010128986,0.015006158413586938,0.00019706915033380809,-0.0002083955898337063,-0.0002083955898337063,0.00022518479033366602,E2\E2_dual_camera_height_scan\run_20260808_141232\raw\E2_dual_height_raw_20260808_141232.csv
E2,ihawk1,marker_2_BL,15.0,20260808_145501,marker_center,2,3,300.16867566666673,296.9813463333333,0.009772045094710333,0.0043474889687457425,9.549286533305228e-05,-1.7443866333254082e-05,-1.7443866333254082e-05,1.8900660333365918e-05,E2\E2_dual_camera_height_scan\run_20260808_145501\raw\E2_dual_height_raw_20260808_145501.csv
E2,ihawk1,marker_2_BL,15.0,20260808_145501,corner0,2,3,272.9060773333333,293.2744646666667,0.03789726792703526,0.0012541715725371309,0.0014362029163334951,3.59699106663761e-05,3.59699106663761e-05,1.5729463333602599e-06,E2\E2_dual_camera_height_scan\run_20260808_145501\raw\E2_dual_height_raw_20260808_145501.csv
E2,ihawk1,marker_2_BL,15.0,20260808_145501,corner1,2,3,305.3783976666667,278.782481,0.0011061940757912752,0.005079728634462185,1.2236653333157135e-06,-1.9349580000377144e-06,-1.9349580000377144e-06,2.5803642999775058e-05,E2\E2_dual_camera_height_scan\run_20260808_145501\raw\E2_dual_height_raw_20260808_145501.csv
E2,ihawk1,marker_2_BL,15.0,20260808_145501,corner2,2,3,327.92219,299.362905,0.012538887071846153,0.022118348016960117,0.00015722368900051057,-0.0002772006645002711,-0.0002772006645002711,0.0004892213189993636,E2\E2_dual_camera_height_scan\run_20260808_145501\raw\E2_dual_height_raw_20260808_145501.csv
E2,ihawk1,marker_2_BL,15.0,20260808_145501,corner3,2,3,294.468038,316.5055336666667,0.0008596923868686045,0.0015613732204051423,7.390710000398384e-07,1.046287500035178e-06,1.046287500035178e-06,2.437886333398325e-06,E2\E2_dual_camera_height_scan\run_20260808_145501\raw\E2_dual_height_raw_20260808_145501.csv
E2,ihawk1,marker_2_BL,15.0,20260808_151001,marker_center,2,3,300.75338266666665,297.05707566666666,0.006969997584900672,0.0018804122774953788,4.858086633352119e-05,7.922464333460794e-06,7.922464333460794e-06,3.5359503333553577e-06,E2\E2_dual_camera_height_scan\run_20260808_151001\raw\E2_dual_height_raw_20260808_151001.csv
E2,ihawk1,marker_2_BL,15.0,20260808_151001,corner0,2,3,273.50481199999996,293.2503356666667,0.010575375927136945,0.015867327636784383,0.00011183857600026759,-8.092441400059307e-05,-8.092441400059307e-05,0.0002517720863330615,E2\E2_dual_camera_height_scan\run_20260808_151001\raw\E2_dual_height_raw_20260808_151001.csv
E2,ihawk1,marker_2_BL,15.0,20260808_151001,corner1,2,3,306.1708066666667,278.7737936666667,0.0441082634586201,0.028520141695522534,0.0019455389053350417,0.0012578736673333828,0.0012578736673333828,0.000813398482332683,E2\E2_dual_camera_height_scan\run_20260808_151001\raw\E2_dual_height_raw_20260808_151001.csv
E2,ihawk1,marker_2_BL,15.0,20260808_151001,corner2,2,3,328.5200196666667,299.66650366666664,0.015731824253201784,0.006771245404880126,0.00024749029433362784,0.00010625851683314979,0.00010625851683314979,4.5849764333110226e-05,E2\E2_dual_camera_height_scan\run_20260808_151001\raw\E2_dual_height_raw_20260808_151001.csv
E2,ihawk1,marker_2_BL,15.0,20260808_151001,corner3,2,3,294.81789166666664,316.53766866666666,0.017961103650228964,0.003087108085781262,0.0003226012443342682,-3.543987816645422e-05,-3.543987816645422e-05,9.530236333296048e-06,E2\E2_dual_camera_height_scan\run_20260808_151001\raw\E2_dual_height_raw_20260808_151001.csv
E2,ihawk1,marker_2_BL,15.0,20260808_162715,marker_center,2,3,304.2696353333333,296.88569133333334,0.004436624091978597,0.0010667058326170242,1.9683633333524904e-05,-4.514266666446606e-07,-4.514266666446606e-07,1.1378613333391788e-06,E2\E2_dual_camera_height_scan\run_20260808_162715\raw\E2_dual_height_raw_20260808_162715.csv
E2,ihawk1,marker_2_BL,15.0,20260808_162715,corner0,2,3,277.062246,292.89976,0.006205510535006279,0.009614145255824555,3.8508361000073914e-05,-4.480803350001928e-05,-4.480803350001928e-05,9.243178900009381e-05,E2\E2_dual_camera_height_scan\run_20260808_162715\raw\E2_dual_height_raw_20260808_162715.csv
E2,ihawk1,marker_2_BL,15.0,20260808_162715,corner1,2,3,309.3573606666667,278.65255733333333,0.03703183545725322,0.010559566957662194,0.0013713568373330768,0.00038756588866677464,0.00038756588866677464,0.0001115044543333512,E2\E2_dual_camera_height_scan\run_20260808_162715\raw\E2_dual_height_raw_20260808_162715.csv
E2,ihawk1,marker_2_BL,15.0,20260808_162715,corner2,2,3,331.984212,299.642924,0.02535131371350066,0.005562185541655531,0.0006426891070003268,9.836129699995817e-05,9.836129699995817e-05,3.093790799980183e-05,E2\E2_dual_camera_height_scan\run_20260808_162715\raw\E2_dual_height_raw_20260808_162715.csv
E2,ihawk1,marker_2_BL,15.0,20260808_162715,corner3,2,3,298.67472333333336,316.347524,0.0011468244561953491,0.0003980866739724645,1.3152063333277585e-06,4.032584999854523e-07,4.032584999854523e-07,1.5847299999445926e-07,E2\E2_dual_camera_height_scan\run_20260808_162715\raw\E2_dual_height_raw_20260808_162715.csv
E2,ihawk1,marker_3_BR,15.0,20260808_131913,marker_center,3,3,381.219251,257.76211266666667,0.007236806547105592,0.014834147981369424,5.237136900023036e-05,-9.166618500014675e-05,-9.166618500014675e-05,0.00022005194633316653,E2\E2_dual_camera_height_scan\run_20260808_131913\raw\E2_dual_height_raw_20260808_131913.csv
E2,ihawk1,marker_3_BR,15.0,20260808_131913,corner0,3,3,356.812815,255.23963400000002,0.014724725362444428,0.013801959317439322,0.0002168175369994142,-2.7160503000200598e-05,-2.7160503000200598e-05,0.0001904940810002501,E2\E2_dual_camera_height_scan\run_20260808_131913\raw\E2_dual_height_raw_20260808_131913.csv
E2,ihawk1,marker_3_BR,15.0,20260808_131913,corner1,3,3,381.508301,243.61563133333334,0.025346472713204903,0.010828397496085405,0.0006424436790012407,-0.0002726577810001552,-0.0002726577810001552,0.00011725419233322867,E2\E2_dual_camera_height_scan\run_20260808_131913\raw\E2_dual_height_raw_20260808_131913.csv
E2,ihawk1,marker_3_BR,15.0,20260808_131913,corner2,3,3,405.79326399999997,259.48249333333337,0.0022113174805907165,0.037194960469579784,4.889924999966074e-06,-9.649372499406285e-06,-9.649372499406285e-06,0.001383465084333603,E2\E2_dual_camera_height_scan\run_20260808_131913\raw\E2_dual_height_raw_20260808_131913.csv
E2,ihawk1,marker_3_BR,15.0,20260808_131913,corner3,3,3,380.76262433333335,272.7106933333334,0.0029298550020995513,0.003093884990315272,8.584050333327761e-06,-8.03363716658265e-06,-8.03363716658265e-06,9.57212433329813e-06,E2\E2_dual_camera_height_scan\run_20260808_131913\raw\E2_dual_height_raw_20260808_131913.csv
E2,ihawk1,marker_3_BR,15.0,20260808_141232,marker_center,3,3,379.8613433333333,256.42735666666664,0.007068842149395382,0.008977930793516775,4.9968529333068724e-05,1.9963316666409374e-05,1.9963316666409374e-05,8.060324133317676e-05,E2\E2_dual_camera_height_scan\run_20260808_141232\raw\E2_dual_height_raw_20260808_141232.csv
E2,ihawk1,marker_3_BR,15.0,20260808_141232,corner0,3,3,355.41278033333333,254.068222,0.020402386682273847,0.044618332992171154,0.0004162573823330252,-0.0003635729619994537,-0.0003635729619994537,0.001990795639000269,E2\E2_dual_camera_height_scan\run_20260808_141232\raw\E2_dual_height_raw_20260808_141232.csv
E2,ihawk1,marker_3_BR,15.0,20260808_141232,corner1,3,3,380.3672076666667,242.165619,0.008202302136170644,0.011241205807211033,6.72777603330295e-05,9.14598069998158e-05,9.14598069998158e-05,0.00012636470800007506,E2\E2_dual_camera_height_scan\run_20260808_141232\raw\E2_dual_height_raw_20260808_141232.csv
E2,ihawk1,marker_3_BR,15.0,20260808_141232,corner2,3,3,404.3598023333334,258.1801453333333,0.02279930738714026,0.0027641256001594166,0.0005198084173333084,5.9723869333777366e-05,5.9723869333777366e-05,7.640390333456656e-06,E2\E2_dual_camera_height_scan\run_20260808_141232\raw\E2_dual_height_raw_20260808_141232.csv
E2,ihawk1,marker_3_BR,15.0,20260808_141232,corner3,3,3,379.30558233333335,271.29544066666665,0.029873306233715643,0.006500217022034862,0.0008924144253333539,-0.00013789932533359018,-0.00013789932533359018,4.225282133355176e-05,E2\E2_dual_camera_height_scan\run_20260808_141232\raw\E2_dual_height_raw_20260808_141232.csv
E2,ihawk1,marker_3_BR,15.0,20260808_145501,marker_center,3,3,381.75294766666667,257.722978,0.0217635990666386,0.005037683693924578,0.00047365424433339244,0.00010963610200008061,0.00010963610200008061,2.5378257000033576e-05,E2\E2_dual_camera_height_scan\run_20260808_145501\raw\E2_dual_height_raw_20260808_145501.csv
E2,ihawk1,marker_3_BR,15.0,20260808_145501,corner0,3,3,357.2087913333333,255.3610383333333,0.0027387386391003786,0.01430881149268287,7.500689333301393e-06,2.3070592333448164e-05,2.3070592333448164e-05,0.00020474208633313335,E2\E2_dual_camera_height_scan\run_20260808_145501\raw\E2_dual_height_raw_20260808_145501.csv
E2,ihawk1,marker_3_BR,15.0,20260808_145501,corner1,3,3,381.68246466666665,243.294169,0.04875451396879361,0.0025234103907221944,0.0023770026323332912,8.742857000001129e-05,8.742857000001129e-05,6.367600000004739e-06,E2\E2_dual_camera_height_scan\run_20260808_145501\raw\E2_dual_height_raw_20260808_145501.csv
E2,ihawk1,marker_3_BR,15.0,20260808_145501,corner2,3,3,406.4316913333334,259.4943646666666,0.01990048002770149,0.006893957088175973,0.0003960291053329458,0.00012445528466703654,0.00012445528466703654,4.752664433361174e-05,E2\E2_dual_camera_height_scan\run_20260808_145501\raw\E2_dual_height_raw_20260808_145501.csv
E2,ihawk1,marker_3_BR,15.0,20260808_145501,corner3,3,3,381.68884299999996,272.74234,0.020013671727089108,0.010227912592504725,0.00040054705599968597,0.00011306214800003856,0.00011306214800003856,0.00010461019599991673,E2\E2_dual_camera_height_scan\run_20260808_145501\raw\E2_dual_height_raw_20260808_145501.csv
E2,ihawk1,marker_3_BR,15.0,20260808_151001,marker_center,3,3,382.86645233333337,258.27849833333335,0.028428297264060928,0.019265097257287426,0.0008081680853338141,0.00022569129733337564,0.00022569129733337564,0.0003711439723327435,E2\E2_dual_camera_height_scan\run_20260808_151001\raw\E2_dual_height_raw_20260808_151001.csv
E2,ihawk1,marker_3_BR,15.0,20260808_151001,corner0,3,3,358.20186366666667,255.72817466666666,0.005784635367368773,0.007334526660471197,3.346200633341366e-05,-1.146215066665471e-05,-1.146215066665471e-05,5.379528133316276e-05,E2\E2_dual_camera_height_scan\run_20260808_151001\raw\E2_dual_height_raw_20260808_151001.csv
E2,ihawk1,marker_3_BR,15.0,20260808_151001,corner1,3,3,383.0664063333333,243.63769066666669,0.09440427241568504,0.0073913798666658094,0.00891216665033487,0.00032803098066606917,0.00032803098066606917,5.4632496333352674e-05,E2\E2_dual_camera_height_scan\run_20260808_151001\raw\E2_dual_height_raw_20260808_151001.csv
E2,ihawk1,marker_3_BR,15.0,20260808_151001,corner2,3,3,407.49440533333336,260.4420063333333,0.0053104197887905375,0.07862633641046728,2.8200558333178134e-05,1.0654798332873153e-05,1.0654798332873153e-05,0.0061821007773319725,E2\E2_dual_camera_height_scan\run_20260808_151001\raw\E2_dual_height_raw_20260808_151001.csv
E2,ihawk1,marker_3_BR,15.0,20260808_151001,corner3,3,3,382.70313533333336,273.3061216666667,0.03447893538574335,0.01845411120411026,0.001188796985334265,0.00043386922366717764,0.00043386922366717764,0.0003405542203336677,E2\E2_dual_camera_height_scan\run_20260808_151001\raw\E2_dual_height_raw_20260808_151001.csv
E2,ihawk1,marker_3_BR,15.0,20260808_162715,marker_center,3,3,386.23483566666664,258.3646366666666,0.05039205199567741,0.04943712036854243,0.002539358904335056,0.0024207874188342483,0.0024207874188342483,0.0024440288703337525,E2\E2_dual_camera_height_scan\run_20260808_162715\raw\E2_dual_height_raw_20260808_162715.csv
E2,ihawk1,marker_3_BR,15.0,20260808_162715,corner0,3,3,361.36707533333333,255.53345766666666,0.019314915928699532,0.007012155612453788,0.000373065977332731,9.874673966660723e-05,9.874673966660723e-05,4.9170326333267156e-05,E2\E2_dual_camera_height_scan\run_20260808_162715\raw\E2_dual_height_raw_20260808_162715.csv
E2,ihawk1,marker_3_BR,15.0,20260808_162715,corner1,3,3,386.265513,243.75032566666664,0.024449923680857796,0.0126433549476883,0.0005977987679997708,0.0002423786299999277,0.0002423786299999277,0.0001598544243332342,E2\E2_dual_camera_height_scan\run_20260808_162715\raw\E2_dual_height_raw_20260808_162715.csv
E2,ihawk1,marker_3_BR,15.0,20260808_162715,corner2,3,3,411.12304666666665,260.615865,0.15223056187681114,0.20466681860770874,0.02317414396932962,0.030683417476997533,0.030683417476997533,0.041888506639000754,E2\E2_dual_camera_height_scan\run_20260808_162715\raw\E2_dual_height_raw_20260808_162715.csv
E2,ihawk1,marker_3_BR,15.0,20260808_162715,corner3,3,3,386.18370566666664,273.55889900000005,0.0736538463987564,0.009868029793198792,0.005424889089331601,-0.0007250138519978497,-0.0007250138519978497,9.737801199945899e-05,E2\E2_dual_camera_height_scan\run_20260808_162715\raw\E2_dual_height_raw_20260808_162715.csv
E2,ihawk1,marker_4_C,15.0,20260808_131913,marker_center,4,3,296.6077193333333,237.64992900000001,0.016539773194724987,0.0047188599258697434,0.0002735640973329432,6.219657799991415e-05,6.219657799991415e-05,2.22676389999794e-05,E2\E2_dual_camera_height_scan\run_20260808_131913\raw\E2_dual_height_raw_20260808_131913.csv
E2,ihawk1,marker_4_C,15.0,20260808_131913,corner0,4,3,274.567749,235.11518833333335,0.05838138827570615,0.008604597627622838,0.0034083864969987596,0.000502251688499773,0.000502251688499773,7.403910033329256e-05,E2\E2_dual_camera_height_scan\run_20260808_131913\raw\E2_dual_height_raw_20260808_131913.csv
E2,ihawk1,marker_4_C,15.0,20260808_131913,corner1,4,3,301.1961773333333,225.47814933333333,0.021402792255533206,0.010104157626103047,0.0004580795163335122,0.0001995437953332521,0.0001995437953332521,0.00010209400133313635,E2\E2_dual_camera_height_scan\run_20260808_131913\raw\E2_dual_height_raw_20260808_131913.csv
E2,ihawk1,marker_4_C,15.0,20260808_131913,corner2,4,3,318.885427,239.51748666666666,0.03036615742894409,0.005978220164349679,0.0009221035169994163,-7.577263550033505e-05,-7.577263550033505e-05,3.57391163334371e-05,E2\E2_dual_camera_height_scan\run_20260808_131913\raw\E2_dual_height_raw_20260808_131913.csv
E2,ihawk1,marker_4_C,15.0,20260808_131913,corner3,4,3,291.78152466666666,250.48889133333333,0.10972837263593886,0.010295373783084875,0.012040315761331457,0.0010179289506671678,0.0010179289506671678,0.00010599472133343138,E2\E2_dual_camera_height_scan\run_20260808_131913\raw\E2_dual_height_raw_20260808_131913.csv
E2,ihawk1,marker_4_C,15.0,20260808_141232,marker_center,4,3,296.217822,236.128831,0.013110873807660253,0.01266532166981619,0.00017189501200039165,7.643940100008208e-05,7.643940100008208e-05,0.00016041037299991559,E2\E2_dual_camera_height_scan\run_20260808_141232\raw\E2_dual_height_raw_20260808_141232.csv
E2,ihawk1,marker_4_C,15.0,20260808_141232,corner0,4,3,274.3841653333333,233.54598466666667,0.010712156894541216,0.015293431280562835,0.00011475030533326691,-0.00016382563533327347,-0.00016382563533327347,0.00023388904033329777,E2\E2_dual_camera_height_scan\run_20260808_141232\raw\E2_dual_height_raw_20260808_141232.csv
E2,ihawk1,marker_4_C,15.0,20260808_141232,corner1,4,3,300.8709513333333,224.236323,0.035838599893598055,0.018996129421549438,0.0012844052423334068,0.0006741537205002102,0.0006741537205002102,0.00036085293300025615,E2\E2_dual_camera_height_scan\run_20260808_141232\raw\E2_dual_height_raw_20260808_141232.csv
E2,ihawk1,marker_4_C,15.0,20260808_141232,corner2,4,3,318.3672386666667,237.8584033333333,0.012096923341618658,0.024656786820938446,0.00014633555433299833,0.00018374421666618487,0.00018374421666618487,0.0006079571363332037,E2\E2_dual_camera_height_scan\run_20260808_141232\raw\E2_dual_height_raw_20260808_141232.csv
E2,ihawk1,marker_4_C,15.0,20260808_141232,corner3,4,3,291.2489316666667,248.87461333333331,0.0236492617291203,0.023478549408618227,0.000559287580332434,5.023998816653058e-05,5.023998816653058e-05,0.0005512422823329273,E2\E2_dual_camera_height_scan\run_20260808_141232\raw\E2_dual_height_raw_20260808_141232.csv
E2,ihawk1,marker_4_C,15.0,20260808_145501,marker_center,4,3,297.19694766666663,237.82314433333332,0.0004979019314483738,0.004820859812662061,2.4790633334002103e-07,1.9613916667223726e-06,1.9613916667223726e-06,2.3240689333340085e-05,E2\E2_dual_camera_height_scan\run_20260808_145501\raw\E2_dual_height_raw_20260808_145501.csv
E2,ihawk1,marker_4_C,15.0,20260808_145501,corner0,4,3,275.14208,235.35691333333332,0.006347494860168558,0.002051842667792538,4.029069099986627e-05,-1.1386582500062012e-05,-1.1386582500062012e-05,4.210058333374001e-06,E2\E2_dual_camera_height_scan\run_20260808_145501\raw\E2_dual_height_raw_20260808_145501.csv
E2,ihawk1,marker_4_C,15.0,20260808_145501,corner1,4,3,301.86035166666665,225.75586433333334,0.012949966537947891,0.010051668186598521,0.0001677016333339701,0.0001301687666670062,0.0001301687666670062,0.0001010360333334768,E2\E2_dual_camera_height_scan\run_20260808_145501\raw\E2_dual_height_raw_20260808_145501.csv
E2,ihawk1,marker_4_C,15.0,20260808_145501,corner2,4,3,319.46019466666667,239.55604566666668,0.010644329116187836,0.011783962420746056,0.00011330174233372412,3.8849884833586237e-05,3.8849884833586237e-05,0.00013886177033355527,E2\E2_dual_camera_height_scan\run_20260808_145501\raw\E2_dual_height_raw_20260808_145501.csv
E2,ihawk1,marker_4_C,15.0,20260808_145501,corner3,4,3,292.3251646666667,250.62375366666666,0.005446896761759127,0.0013757297457459195,2.966868433326206e-05,7.492161833318404e-06,7.492161833318404e-06,1.8926323333301323e-06,E2\E2_dual_camera_height_scan\run_20260808_145501\raw\E2_dual_height_raw_20260808_145501.csv
E2,ihawk1,marker_4_C,15.0,20260808_151001,marker_center,4,3,298.19740566666667,237.70029333333332,0.009539667569310187,0.0013721240225688183,9.100525733294856e-05,1.249541066656523e-05,1.249541066656523e-05,1.8827243333104349e-06,E2\E2_dual_camera_height_scan\run_20260808_151001\raw\E2_dual_height_raw_20260808_151001.csv
E2,ihawk1,marker_4_C,15.0,20260808_151001,corner0,4,3,276.1941223333333,235.24992366666666,0.0012293829075145282,0.002831997587098474,1.511382333288875e-06,1.818745166653563e-06,1.818745166653563e-06,8.02021033333158e-06,E2\E2_dual_camera_height_scan\run_20260808_151001\raw\E2_dual_height_raw_20260808_151001.csv
E2,ihawk1,marker_4_C,15.0,20260808_151001,corner1,4,3,302.76418033333334,225.421707,0.009774224334081332,0.0025152349790858964,9.553546133294766e-05,-2.4572663999984903e-05,-2.4572663999984903e-05,6.3264070000172304e-06,E2\E2_dual_camera_height_scan\run_20260808_151001\raw\E2_dual_height_raw_20260808_151001.csv
E2,ihawk1,marker_4_C,15.0,20260808_151001,corner2,4,3,320.474447,239.61600733333333,0.011190796933209787,0.0017296520844760064,0.00012523393600033758,-1.3696749999962358e-05,-1.3696749999962358e-05,2.9916963333321943e-06,E2\E2_dual_camera_height_scan\run_20260808_151001\raw\E2_dual_height_raw_20260808_151001.csv
E2,ihawk1,marker_4_C,15.0,20260808_151001,corner3,4,3,293.3568726666667,250.5135343333333,0.054330534290885114,0.0007565344230954652,0.0029518069563330435,3.543838166719826e-06,3.543838166719826e-06,5.723443333283884e-07,E2\E2_dual_camera_height_scan\run_20260808_151001\raw\E2_dual_height_raw_20260808_151001.csv
E2,ihawk1,marker_4_C,15.0,20260808_162715,marker_center,4,3,301.31669899999997,237.51964566666666,0.005802414755960347,0.010140684855242214,3.366801700018637e-05,5.8353292000159636e-05,5.8353292000159636e-05,0.00010283348933333882,E2\E2_dual_camera_height_scan\run_20260808_162715\raw\E2_dual_height_raw_20260808_162715.csv
E2,ihawk1,marker_4_C,15.0,20260808_162715,corner0,4,3,279.31325266666664,234.94403566666665,0.002223436604283135,0.032924290506139896,4.943670333266118e-06,6.348713933283345e-05,6.348713933283345e-05,0.0010840089053326936,E2\E2_dual_camera_height_scan\run_20260808_162715\raw\E2_dual_height_raw_20260808_162715.csv
E2,ihawk1,marker_4_C,15.0,20260808_162715,corner1,4,3,305.77805566666666,225.45951833333334,0.018063765120626102,0.013045220823479224,0.00032629961033314817,0.00022670827016659976,0.00022670827016659976,0.00017017778633333596,E2\E2_dual_camera_height_scan\run_20260808_162715\raw\E2_dual_height_raw_20260808_162715.csv
E2,ihawk1,marker_4_C,15.0,20260808_162715,corner2,4,3,323.5943703333333,239.36313866666669,0.005796596702665922,0.0033474768607606635,3.360053333335744e-05,-1.9403973333335734e-05,-1.9403973333335734e-05,1.1205601333328067e-05,E2\E2_dual_camera_height_scan\run_20260808_162715\raw\E2_dual_height_raw_20260808_162715.csv
E2,ihawk1,marker_4_C,15.0,20260808_162715,corner3,4,3,296.5811156666667,250.31188966666664,0.006803346406969017,0.0012579671431958827,4.628552233321823e-05,3.5635603333545676e-06,3.5635603333545676e-06,1.5824813333604107e-06,E2\E2_dual_camera_height_scan\run_20260808_162715\raw\E2_dual_height_raw_20260808_162715.csv
E2,ihawk1,marker_0_TL,20.0,20260808_131913,marker_center,0,3,224.159116,216.77833666666666,0.016752472892092286,0.009197089883953501,0.00028064534800028695,-0.0001540480350002483,-0.0001540480350002483,8.458646233351984e-05,E2\E2_dual_camera_height_scan\run_20260808_131913\raw\E2_dual_height_raw_20260808_131913.csv
E2,ihawk1,marker_0_TL,20.0,20260808_131913,corner0,0,3,203.92054233333332,214.26098633333334,0.01510826450434269,0.017450125911682556,0.0002282596563331813,-4.854607916654396e-05,-4.854607916654396e-05,0.000304506894333575,E2\E2_dual_camera_height_scan\run_20260808_131913\raw\E2_dual_height_raw_20260808_131913.csv
E2,ihawk1,marker_0_TL,20.0,20260808_131913,corner1,0,3,231.78778566666668,206.413676,0.07246337836682887,0.008954532316085053,0.005250941204334202,-0.000617340714499316,-0.000617340714499316,8.018364899981156e-05,E2\E2_dual_camera_height_scan\run_20260808_131913\raw\E2_dual_height_raw_20260808_131913.csv
E2,ihawk1,marker_0_TL,20.0,20260808_131913,corner2,0,3,244.77918,218.67696666666666,0.003668316916510663,0.004456944506423203,1.3456548999958297e-05,-1.631866049997566e-05,-1.631866049997566e-05,1.986435433333597e-05,E2\E2_dual_camera_height_scan\run_20260808_131913\raw\E2_dual_height_raw_20260808_131913.csv
E2,ihawk1,marker_0_TL,20.0,20260808_131913,corner3,0,3,216.14895633333333,227.76171866666667,0.010748660583223787,0.007129164490557233,0.00011553370433334873,6.717914916669132e-05,6.717914916669132e-05,5.082498633342217e-05,E2\E2_dual_camera_height_scan\run_20260808_131913\raw\E2_dual_height_raw_20260808_131913.csv
E2,ihawk1,marker_0_TL,20.0,20260808_141232,marker_center,0,3,224.499995,215.91444666666666,0.2522680120407667,0.14996462479309583,0.06363914989900042,-0.0312400818890008,-0.0312400818890008,0.022489388689334016,E2\E2_dual_camera_height_scan\run_20260808_141232\raw\E2_dual_height_raw_20260808_141232.csv
E2,ihawk1,marker_0_TL,20.0,20260808_141232,corner0,0,3,204.66666666666666,213.33333333333334,0.5773502691896257,0.5773502691896257,0.3333333333333333,-0.3333333333333333,-0.3333333333333333,0.3333333333333333,E2\E2_dual_camera_height_scan\run_20260808_141232\raw\E2_dual_height_raw_20260808_141232.csv
E2,ihawk1,marker_0_TL,20.0,20260808_141232,corner1,0,3,232.33333333333334,206.0,0.5773502691896257,0.0,0.3333333333333333,0.0,0.0,0.0,E2\E2_dual_camera_height_scan\run_20260808_141232\raw\E2_dual_height_raw_20260808_141232.csv
E2,ihawk1,marker_0_TL,20.0,20260808_141232,corner2,0,3,244.84694933333333,217.61886600000003,0.015662806336465898,0.05145661777652966,0.0002453235023336363,-0.00010135641550039564,-0.00010135641550039564,0.002647783512999868,E2\E2_dual_camera_height_scan\run_20260808_141232\raw\E2_dual_height_raw_20260808_141232.csv
E2,ihawk1,marker_0_TL,20.0,20260808_141232,corner3,0,3,216.1530303333333,226.70558666666668,0.0070492004038337115,0.0027184029012170393,4.969122633340937e-05,-1.8170254333374792e-05,-1.8170254333374792e-05,7.3897143333452176e-06,E2\E2_dual_camera_height_scan\run_20260808_141232\raw\E2_dual_height_raw_20260808_141232.csv
E2,ihawk1,marker_0_TL,20.0,20260808_145501,marker_center,0,3,223.71441666666666,217.09143966666667,0.015365113742925606,0.00713326126910661,0.0002360867203330413,-9.289232116648592e-05,-9.289232116648592e-05,5.0883416333336445e-05,E2\E2_dual_camera_height_scan\run_20260808_145501\raw\E2_dual_height_raw_20260808_145501.csv
E2,ihawk1,marker_0_TL,20.0,20260808_145501,corner0,0,3,203.39042133333336,214.56500233333335,0.022894659755777872,0.004350697683523197,0.0005241654453328349,-4.4161850666912365e-05,-4.4161850666912365e-05,1.892857033341411e-05,E2\E2_dual_camera_height_scan\run_20260808_145501\raw\E2_dual_height_raw_20260808_145501.csv
E2,ihawk1,marker_0_TL,20.0,20260808_145501,corner1,0,3,231.08834866666666,206.43174766666667,0.022165288907061157,0.0073170683564815495,0.0004913000323334884,5.005867433322017e-05,5.005867433322017e-05,5.3539489333423604e-05,E2\E2_dual_camera_height_scan\run_20260808_145501\raw\E2_dual_height_raw_20260808_145501.csv
E2,ihawk1,marker_0_TL,20.0,20260808_145501,corner2,0,3,244.50208533333333,219.1007946666667,0.015390426125787941,0.024701931267283435,0.00023686521633333604,-0.00038017324833341707,-0.00038017324833341707,0.0006101854083335951,E2\E2_dual_camera_height_scan\run_20260808_145501\raw\E2_dual_height_raw_20260808_145501.csv
E2,ihawk1,marker_0_TL,20.0,20260808_145501,corner3,0,3,215.87681066666667,228.26821366666664,0.001908077915950501,0.00043277053196281437,3.640761333338007e-06,6.966403333362255e-07,6.966403333362255e-07,1.8729033333537734e-07,E2\E2_dual_camera_height_scan\run_20260808_145501\raw\E2_dual_height_raw_20260808_145501.csv
E2,ihawk1,marker_0_TL,20.0,20260808_151001,marker_center,0,3,223.79784633333335,217.49039833333336,0.00716671851919444,0.008929250379134005,5.136185433336454e-05,6.31383428333231e-05,6.31383428333231e-05,7.973151233326477e-05,E2\E2_dual_camera_height_scan\run_20260808_151001\raw\E2_dual_height_raw_20260808_151001.csv
E2,ihawk1,marker_0_TL,20.0,20260808_151001,corner0,0,3,203.4662373333333,214.805176,0.01885350764005063,0.033694853004576225,0.00035545475033344745,0.0006131430825001845,0.0006131430825001845,0.0011353431189999996,E2\E2_dual_camera_height_scan\run_20260808_151001\raw\E2_dual_height_raw_20260808_151001.csv
E2,ihawk1,marker_0_TL,20.0,20260808_151001,corner1,0,3,231.560145,207.10912599999997,0.00877373187417906,0.005991064930369126,7.697837099998561e-05,6.1953795001318515e-06,6.1953795001318515e-06,3.589285899989882e-05,E2\E2_dual_camera_height_scan\run_20260808_151001\raw\E2_dual_height_raw_20260808_151001.csv
E2,ihawk1,marker_0_TL,20.0,20260808_151001,corner2,0,3,244.46525066666666,219.42649833333334,0.009134088752218586,0.0011326329208266963,8.343157733340608e-05,-1.0114945333369922e-05,-1.0114945333369922e-05,1.2828573333404132e-06,E2\E2_dual_camera_height_scan\run_20260808_151001\raw\E2_dual_height_raw_20260808_151001.csv
E2,ihawk1,marker_0_TL,20.0,20260808_151001,corner3,0,3,215.699753,228.62079400000002,0.0032687644454629738,0.003981984806606193,1.0684820999922863e-05,1.299739649997094e-05,1.299739649997094e-05,1.5856203000042562e-05,E2\E2_dual_camera_height_scan\run_20260808_151001\raw\E2_dual_height_raw_20260808_151001.csv
E2,ihawk1,marker_0_TL,20.0,20260808_162715,marker_center,0,3,226.72619733333332,216.23426733333335,0.01722010270972368,0.004930503050738052,0.0002965319373334328,-6.188827566672083e-05,-6.188827566672083e-05,2.4309860333337236e-05,E2\E2_dual_camera_height_scan\run_20260808_162715\raw\E2_dual_height_raw_20260808_162715.csv
E2,ihawk1,marker_0_TL,20.0,20260808_162715,corner0,0,3,206.5428873333333,213.722631,0.004492630892178831,0.008959334517701277,2.018373233335956e-05,-1.1590142500011749e-05,-1.1590142500011749e-05,8.026967500007358e-05,E2\E2_dual_camera_height_scan\run_20260808_162715\raw\E2_dual_height_raw_20260808_162715.csv
E2,ihawk1,marker_0_TL,20.0,20260808_162715,corner1,0,3,234.334625,205.564158,0.012429137017511561,0.015345199542529395,0.0001544834470000762,-6.927912399997878e-05,-6.927912399997878e-05,0.00023547514900004436,E2\E2_dual_camera_height_scan\run_20260808_162715\raw\E2_dual_height_raw_20260808_162715.csv
E2,ihawk1,marker_0_TL,20.0,20260808_162715,corner2,0,3,247.38629666666665,218.35696900000002,0.03833108484418969,0.0021868971169184182,0.0014692720653324686,-6.68250209999704e-05,-6.68250209999704e-05,4.782518999986089e-06,E2\E2_dual_camera_height_scan\run_20260808_162715\raw\E2_dual_height_raw_20260808_162715.csv
E2,ihawk1,marker_0_TL,20.0,20260808_162715,corner3,0,3,218.64098133333331,227.2933096666667,0.04958072289038509,0.015898256958973695,0.002458248082333156,0.0007871954401670049,0.0007871954401670049,0.00025275457433355554,E2\E2_dual_camera_height_scan\run_20260808_162715\raw\E2_dual_height_raw_20260808_162715.csv
E2,ihawk1,marker_1_TR,20.0,20260808_131913,marker_center,1,3,295.820773,194.32006366666667,0.0017587322138343088,0.0031931942210438615,3.093138999978529e-06,-2.8333409999668456e-06,-2.8333409999668456e-06,1.0196489333307913e-05,E2\E2_dual_camera_height_scan\run_20260808_131913\raw\E2_dual_height_raw_20260808_131913.csv
E2,ihawk1,marker_1_TR,20.0,20260808_131913,corner0,1,3,277.323476,192.51456166666665,0.009689757324089266,0.004948678847265406,9.389139699974157e-05,-4.609235750002147e-05,-4.609235750002147e-05,2.448942233337207e-05,E2\E2_dual_camera_height_scan\run_20260808_131913\raw\E2_dual_height_raw_20260808_131913.csv
E2,ihawk1,marker_1_TR,20.0,20260808_131913,corner1,1,3,299.73931866666663,185.74003100000002,0.023176855833636212,0.0010270827619869756,0.0005371666463331569,-9.737399999964072e-06,-9.737399999964072e-06,1.0548989999707945e-06,E2\E2_dual_camera_height_scan\run_20260808_131913\raw\E2_dual_height_raw_20260808_131913.csv
E2,ihawk1,marker_1_TR,20.0,20260808_131913,corner2,1,3,314.47663366666666,195.60256433333333,0.013822028879062755,0.00640822513128649,0.00019104848233364482,6.312400066683588e-05,6.312400066683588e-05,4.106534933325175e-05,E2\E2_dual_camera_height_scan\run_20260808_131913\raw\E2_dual_height_raw_20260808_131913.csv
E2,ihawk1,marker_1_TR,20.0,20260808_131913,corner3,1,3,291.74366233333336,203.42309566666665,0.004702949854412433,0.004230586050812892,2.2117737333117924e-05,3.93227166670059e-06,3.93227166670059e-06,1.789785833333262e-05,E2\E2_dual_camera_height_scan\run_20260808_131913\raw\E2_dual_height_raw_20260808_131913.csv
E2,ihawk1,marker_1_TR,20.0,20260808_141232,marker_center,1,3,295.591095,192.63334766666665,0.03145084208729893,0.021651571428723395,0.000989155468000214,-0.0006808890919999097,-0.0006808890919999097,0.00046879054533311126,E2\E2_dual_camera_height_scan\run_20260808_141232\raw\E2_dual_height_raw_20260808_141232.csv
E2,ihawk1,marker_1_TR,20.0,20260808_141232,corner0,1,3,276.98302233333334,189.48123666666666,0.038779633499221144,0.047960753125170764,0.0015038599743339147,-0.0013197886908330955,-0.0013197886908330955,0.002300233840333577,E2\E2_dual_camera_height_scan\run_20260808_141232\raw\E2_dual_height_raw_20260808_141232.csv
E2,ihawk1,marker_1_TR,20.0,20260808_141232,corner1,1,3,299.13000500000004,184.65821300000002,0.01950732418863069,0.009329038696462707,0.00038053569700033607,0.0001818913185001783,0.0001818913185001783,8.70309630000986e-05,E2\E2_dual_camera_height_scan\run_20260808_141232\raw\E2_dual_height_raw_20260808_141232.csv
E2,ihawk1,marker_1_TR,20.0,20260808_141232,corner2,1,3,314.03370133333334,194.49129733333334,0.006697954936645737,0.009280728437638242,4.4862600333337e-05,4.0434060333248115e-05,4.0434060333248115e-05,8.613192033318718e-05,E2\E2_dual_camera_height_scan\run_20260808_141232\raw\E2_dual_height_raw_20260808_141232.csv
E2,ihawk1,marker_1_TR,20.0,20260808_141232,corner3,1,3,292.217651,201.90264366666665,0.12006924853182904,0.03842672122798737,0.01441662444299813,-0.004574209488999834,-0.004574209488999834,0.0014766129043334553,E2\E2_dual_camera_height_scan\run_20260808_141232\raw\E2_dual_height_raw_20260808_141232.csv
E2,ihawk1,marker_1_TR,20.0,20260808_145501,marker_center,1,3,295.36611166666665,194.293049,0.01773872400522502,0.002313026804857652,0.00031466232933354633,-3.5967273999999606e-05,-3.5967273999999606e-05,5.350092999989998e-06,E2\E2_dual_camera_height_scan\run_20260808_145501\raw\E2_dual_height_raw_20260808_145501.csv
E2,ihawk1,marker_1_TR,20.0,20260808_145501,corner0,1,3,276.8365783333333,192.61385066666665,0.017981172440449455,0.013995432695461092,0.00032332256233317906,-0.00018492822333293234,-0.00018492822333293234,0.00019587213633318133,E2\E2_dual_camera_height_scan\run_20260808_145501\raw\E2_dual_height_raw_20260808_145501.csv
E2,ihawk1,marker_1_TR,20.0,20260808_145501,corner1,1,3,299.003174,185.73931366666667,0.007732598075690707,0.0035941383297337986,5.979307300017563e-05,2.7076459499957862e-05,2.7076459499957862e-05,1.2917830333261661e-05,E2\E2_dual_camera_height_scan\run_20260808_145501\raw\E2_dual_height_raw_20260808_145501.csv
E2,ihawk1,marker_1_TR,20.0,20260808_145501,corner2,1,3,313.92119333333335,195.38710533333332,0.001098641130378354,0.005171686120918889,1.2070123333590274e-06,2.4054333269827247e-08,2.4054333269827247e-08,2.6746337333305066e-05,E2\E2_dual_camera_height_scan\run_20260808_145501\raw\E2_dual_height_raw_20260808_145501.csv
E2,ihawk1,marker_1_TR,20.0,20260808_145501,corner3,1,3,291.70350133333335,203.43192566666667,0.05173321549387235,0.011706115766279302,0.0026763255853354344,-0.0004051251863342093,-0.0004051251863342093,0.00013703314633353283,E2\E2_dual_camera_height_scan\run_20260808_145501\raw\E2_dual_height_raw_20260808_145501.csv
E2,ihawk1,marker_1_TR,20.0,20260808_151001,marker_center,1,3,295.7886986666667,194.64961966666667,0.07601447638662447,0.01954976409917563,0.005778200620332689,-0.0014839263161667239,-0.0014839263161667239,0.0003821932763334164,E2\E2_dual_camera_height_scan\run_20260808_151001\raw\E2_dual_height_raw_20260808_151001.csv
E2,ihawk1,marker_1_TR,20.0,20260808_151001,corner0,1,3,277.2644143333334,193.12098166666667,0.009532052944310608,0.00035218366420259467,9.086003333314054e-05,-3.357033333300441e-06,-3.357033333300441e-06,1.2403333333116595e-07,E2\E2_dual_camera_height_scan\run_20260808_151001\raw\E2_dual_height_raw_20260808_151001.csv
E2,ihawk1,marker_1_TR,20.0,20260808_151001,corner1,1,3,299.2962543333333,186.19637066666667,0.007215774201922703,0.0017223894255754349,5.206739733313322e-05,1.2419686666644919e-05,1.2419686666644919e-05,2.9666253333340766e-06,E2\E2_dual_camera_height_scan\run_20260808_151001\raw\E2_dual_height_raw_20260808_151001.csv
E2,ihawk1,marker_1_TR,20.0,20260808_151001,corner2,1,3,314.3034463333333,195.62449133333334,0.0004770171205835389,0.010931698236484407,2.2754533332981052e-07,-2.2477636664079243e-06,-2.2477636664079243e-06,0.00011950202633355628,E2\E2_dual_camera_height_scan\run_20260808_151001\raw\E2_dual_height_raw_20260808_151001.csv
E2,ihawk1,marker_1_TR,20.0,20260808_151001,corner3,1,3,292.29068,203.65663666666669,0.30186678229313135,0.0658438946018019,0.09112355425200876,-0.019815875482000523,-0.019815875482000523,0.004335418456333197,E2\E2_dual_camera_height_scan\run_20260808_151001\raw\E2_dual_height_raw_20260808_151001.csv
E2,ihawk1,marker_1_TR,20.0,20260808_162715,marker_center,1,3,298.9815673333333,193.99019366666667,0.034808900375263456,0.009660329411223478,0.0012116595453350164,0.0003169063346668126,0.0003169063346668126,9.332196433334935e-05,E2\E2_dual_camera_height_scan\run_20260808_162715\raw\E2_dual_height_raw_20260808_162715.csv
E2,ihawk1,marker_1_TR,20.0,20260808_162715,corner0,1,3,280.2985333333333,191.91394033333336,0.0038095553983773954,0.014984870447663029,1.4512712333306355e-05,-5.665493216659698e-05,-5.665493216659698e-05,0.0002245463423332448,E2\E2_dual_camera_height_scan\run_20260808_162715\raw\E2_dual_height_raw_20260808_162715.csv
E2,ihawk1,marker_1_TR,20.0,20260808_162715,corner1,1,3,302.59658800000005,185.52467833333333,0.10301106028480946,0.010406591292703597,0.010611278541000647,0.0006288347685004592,0.0006288347685004592,0.00010829714233337432,E2\E2_dual_camera_height_scan\run_20260808_162715\raw\E2_dual_height_raw_20260808_162715.csv
E2,ihawk1,marker_1_TR,20.0,20260808_162715,corner2,1,3,317.4312336666667,195.58618166666668,0.02090310805440007,0.018969751720393356,0.0004369399263339251,0.0003919731453336601,0.0003919731453336601,0.0003598514803333667,E2\E2_dual_camera_height_scan\run_20260808_162715\raw\E2_dual_height_raw_20260808_162715.csv
E2,ihawk1,marker_1_TR,20.0,20260808_162715,corner3,1,3,295.5999146666667,202.93597433333335,0.021381393086834212,0.003805438257721883,0.0004571639703337218,-7.60051518334011e-05,-7.60051518334011e-05,1.448136033333336e-05,E2\E2_dual_camera_height_scan\run_20260808_162715\raw\E2_dual_height_raw_20260808_162715.csv
E2,ihawk1,marker_2_BL,20.0,20260808_131913,marker_center,2,3,300.88213833333333,293.869044,0.01071244371434132,0.004854513672880301,0.00011475645033293088,-3.847142950003752e-05,-3.847142950003752e-05,2.3566303000181793e-05,E2\E2_dual_camera_height_scan\run_20260808_131913\raw\E2_dual_height_raw_20260808_131913.csv
E2,ihawk1,marker_2_BL,20.0,20260808_131913,corner0,2,3,273.4541523333333,290.152303,0.0027081145347557325,0.0043846086484472455,7.333884333355258e-06,-1.041563150006517e-05,-1.041563150006517e-05,1.9224793000038378e-05,E2\E2_dual_camera_height_scan\run_20260808_131913\raw\E2_dual_height_raw_20260808_131913.csv
E2,ihawk1,marker_2_BL,20.0,20260808_131913,corner1,2,3,306.136627,275.71462,0.0144121749573054,0.004280220087812269,0.00020771078699998092,-1.869936599980065e-05,-1.869936599980065e-05,1.832028400011167e-05,E2\E2_dual_camera_height_scan\run_20260808_131913\raw\E2_dual_height_raw_20260808_131913.csv
E2,ihawk1,marker_2_BL,20.0,20260808_131913,corner2,2,3,328.83698499999997,296.3460186666667,0.005770517221191724,0.02863905341196028,3.329886900007025e-05,-0.00012684826250030244,-0.00012684826250030244,0.0008201953803331137,E2\E2_dual_camera_height_scan\run_20260808_131913\raw\E2_dual_height_raw_20260808_131913.csv
E2,ihawk1,marker_2_BL,20.0,20260808_131913,corner3,2,3,295.10078933333335,313.2632346666667,0.02300558508998881,0.009427839112613811,0.0005292569453327154,0.00021673603066652372,0.00021673603066652372,8.888415033333078e-05,E2\E2_dual_camera_height_scan\run_20260808_131913\raw\E2_dual_height_raw_20260808_131913.csv
E2,ihawk1,marker_2_BL,20.0,20260808_141232,marker_center,2,3,301.1052653333333,291.57410166666665,0.008427041790156055,0.004750591577208172,7.101503333303656e-05,3.996110166668187e-05,3.996110166668187e-05,2.2568120333441224e-05,E2\E2_dual_camera_height_scan\run_20260808_141232\raw\E2_dual_height_raw_20260808_141232.csv
E2,ihawk1,marker_2_BL,20.0,20260808_141232,corner0,2,3,273.8059083333333,287.8789266666667,0.007312344174992396,0.010684857805956113,5.3470377333545216e-05,-1.865830833310666e-05,-1.865830833310666e-05,0.00011416618633350129,E2\E2_dual_camera_height_scan\run_20260808_141232\raw\E2_dual_height_raw_20260808_141232.csv
E2,ihawk1,marker_2_BL,20.0,20260808_141232,corner1,2,3,306.24232,273.71897366666667,0.04177008671285741,0.012481868543352075,0.0017447401439996272,0.0005206953360002401,0.0005206953360002401,0.00015579704233352205,E2\E2_dual_camera_height_scan\run_20260808_141232\raw\E2_dual_height_raw_20260808_141232.csv
E2,ihawk1,marker_2_BL,20.0,20260808_141232,corner2,2,3,328.96134466666666,294.26494333333335,0.01369552687314561,0.009059073149805722,0.00018756745633305357,7.879451316670152e-05,7.879451316670152e-05,8.206680633353096e-05,E2\E2_dual_camera_height_scan\run_20260808_141232\raw\E2_dual_height_raw_20260808_141232.csv
E2,ihawk1,marker_2_BL,20.0,20260808_141232,corner3,2,3,295.411489,310.4335633333333,0.0022822898588875347,0.004392453680272124,5.2088469999808836e-06,-2.0475750000333854e-06,-2.0475750000333854e-06,1.929364933333613e-05,E2\E2_dual_camera_height_scan\run_20260808_141232\raw\E2_dual_height_raw_20260808_141232.csv
E2,ihawk1,marker_2_BL,20.0,20260808_145501,marker_center,2,3,300.9455236666667,293.806043,0.012795716952690531,0.0030985979087295237,0.00016373037233337185,-3.7809154499929414e-05,-3.7809154499929414e-05,9.601308999982977e-06,E2\E2_dual_camera_height_scan\run_20260808_145501\raw\E2_dual_height_raw_20260808_145501.csv
E2,ihawk1,marker_2_BL,20.0,20260808_145501,corner0,2,3,273.487152,290.2128193333333,0.004003580397588556,0.0063335697148833225,1.6028655999955345e-05,-1.532052799987594e-05,-1.532052799987594e-05,4.011410533328721e-05,E2\E2_dual_camera_height_scan\run_20260808_145501\raw\E2_dual_height_raw_20260808_145501.csv
E2,ihawk1,marker_2_BL,20.0,20260808_145501,corner1,2,3,306.1080626666666,275.51357,0.011913822322573667,0.0035445415782637715,0.00014193916233385458,3.678096750012649e-05,3.678096750012649e-05,1.2563775000040629e-05,E2\E2_dual_camera_height_scan\run_20260808_145501\raw\E2_dual_height_raw_20260808_145501.csv
E2,ihawk1,marker_2_BL,20.0,20260808_145501,corner2,2,3,328.88842800000003,296.35982266666673,0.012736758810625783,0.010576251572921238,0.0001622250250000535,-6.973979000027785e-05,-6.973979000027785e-05,0.00011185709733371898,E2\E2_dual_camera_height_scan\run_20260808_145501\raw\E2_dual_height_raw_20260808_145501.csv
E2,ihawk1,marker_2_BL,20.0,20260808_145501,corner3,2,3,295.29845166666667,313.13795999999996,0.046406252965862024,0.008097594519371705,0.002153540314331578,-0.000366769889500378,-0.000366769889500378,6.557103700015869e-05,E2\E2_dual_camera_height_scan\run_20260808_145501\raw\E2_dual_height_raw_20260808_145501.csv
E2,ihawk1,marker_2_BL,20.0,20260808_151001,marker_center,2,3,299.97910566666667,294.789009,0.015467984010007263,0.004344148132834993,0.00023925852933384038,3.924382500012863e-05,3.924382500012863e-05,1.8871623000013756e-05,E2\E2_dual_camera_height_scan\run_20260808_151001\raw\E2_dual_height_raw_20260808_151001.csv
E2,ihawk1,marker_2_BL,20.0,20260808_151001,corner0,2,3,272.51982633333336,291.0338543333333,0.009273069035280617,0.01717120951864927,8.598980933308019e-05,0.00014294615433307892,0.00014294615433307892,0.0002948504363333512,E2\E2_dual_camera_height_scan\run_20260808_151001\raw\E2_dual_height_raw_20260808_151001.csv
E2,ihawk1,marker_2_BL,20.0,20260808_151001,corner1,2,3,305.35250866666667,276.47898333333336,0.0524509181457848,0.0069062062909649715,0.0027510988143358175,0.00014161403466581775,0.00014161403466581775,4.769568533336415e-05,E2\E2_dual_camera_height_scan\run_20260808_151001\raw\E2_dual_height_raw_20260808_151001.csv
E2,ihawk1,marker_2_BL,20.0,20260808_151001,corner2,2,3,327.9370626666667,297.3532406666667,0.004478782126119982,0.015861345287615233,2.0059489333251825e-05,7.0479522333155e-05,7.0479522333155e-05,0.00025158227433295395,E2\E2_dual_camera_height_scan\run_20260808_151001\raw\E2_dual_height_raw_20260808_151001.csv
E2,ihawk1,marker_2_BL,20.0,20260808_151001,corner3,2,3,294.10702533333335,314.2899576666667,0.030518172296743706,0.02888922472711126,0.0009313588403337351,0.0005201994776665897,0.0005201994776665897,0.0008345873053335368,E2\E2_dual_camera_height_scan\run_20260808_151001\raw\E2_dual_height_raw_20260808_151001.csv
E2,ihawk1,marker_2_BL,20.0,20260808_162715,marker_center,2,3,302.377978,293.9238686666667,0.0022249231447246222,0.016610759354524073,4.950282999931302e-06,6.0775335002962504e-06,6.0775335002962504e-06,0.00027591732633390893,E2\E2_dual_camera_height_scan\run_20260808_162715\raw\E2_dual_height_raw_20260808_162715.csv
E2,ihawk1,marker_2_BL,20.0,20260808_162715,corner0,2,3,274.9580383333334,289.65192666666667,0.0012950835236857957,0.00027381441403499286,1.6772413333224173e-06,3.5425266666434707e-07,3.5425266666434707e-07,7.497433333332651e-08,E2\E2_dual_camera_height_scan\run_20260808_162715\raw\E2_dual_height_raw_20260808_162715.csv
E2,ihawk1,marker_2_BL,20.0,20260808_162715,corner1,2,3,307.8664043333333,275.8424073333333,0.010690124523769315,0.0033498033275587372,0.00011427876233369412,1.8658783324237637e-07,1.8658783324237637e-07,1.122118233332359e-05,E2\E2_dual_camera_height_scan\run_20260808_162715\raw\E2_dual_height_raw_20260808_162715.csv
E2,ihawk1,marker_2_BL,20.0,20260808_162715,corner2,2,3,330.37538666666666,297.073578,0.011251419480819926,0.06753406101369168,0.00012659444033337412,-0.0003354974784998329,-0.0003354974784998329,0.00456084939700103,E2\E2_dual_camera_height_scan\run_20260808_162715\raw\E2_dual_height_raw_20260808_162715.csv
E2,ihawk1,marker_2_BL,20.0,20260808_162715,corner3,2,3,296.312083,313.1275633333333,0.009720003858011216,0.014072076688731425,9.447847499975291e-05,-0.00013674307249989686,-0.00013674307249989686,0.00019802334233353839,E2\E2_dual_camera_height_scan\run_20260808_162715\raw\E2_dual_height_raw_20260808_162715.csv
E2,ihawk1,marker_3_BR,20.0,20260808_131913,marker_center,3,3,383.12066166666665,255.54574966666667,0.015916748736245868,0.23165299840996964,0.00025334289033278443,-0.003332171112664518,-0.003332171112664518,0.05366311167232939,E2\E2_dual_camera_height_scan\run_20260808_131913\raw\E2_dual_height_raw_20260808_131913.csv
E2,ihawk1,marker_3_BR,20.0,20260808_131913,corner0,3,3,358.334371,252.49681066666668,0.017458397034099887,0.028227224896060332,0.00030479562700026774,0.0002898788789995425,0.0002898788789995425,0.0007967762253327683,E2\E2_dual_camera_height_scan\run_20260808_131913\raw\E2_dual_height_raw_20260808_131913.csv
E2,ihawk1,marker_3_BR,20.0,20260808_131913,corner1,3,3,383.23954299999997,241.15448,0.018708677211368003,0.007198534295255336,0.0003500146029991604,-0.00010931164999984293,-0.00010931164999984293,5.1818895999967245e-05,E2\E2_dual_camera_height_scan\run_20260808_131913\raw\E2_dual_height_raw_20260808_131913.csv
E2,ihawk1,marker_3_BR,20.0,20260808_131913,corner2,3,3,408.0503946666667,258.349752,0.015607984249524368,0.929631062850745,0.00024360917233340077,-0.012866150122508666,-0.012866150122508666,0.8642139130170059,E2\E2_dual_camera_height_scan\run_20260808_131913\raw\E2_dual_height_raw_20260808_131913.csv
E2,ihawk1,marker_3_BR,20.0,20260808_131913,corner3,3,3,382.85833733333334,270.181956,0.024500709057782556,0.008361488922452474,0.0006002847443341082,-0.00017448078000065206,-0.00017448078000065206,6.991449700029545e-05,E2\E2_dual_camera_height_scan\run_20260808_131913\raw\E2_dual_height_raw_20260808_131913.csv
E2,ihawk1,marker_3_BR,20.0,20260808_141232,marker_center,3,3,382.6210526666667,253.441063,0.015012537304968045,0.01675563985647567,0.0002253762763330572,0.00022249035549988693,0.00022249035549988693,0.00028075146699991604,E2\E2_dual_camera_height_scan\run_20260808_141232\raw\E2_dual_height_raw_20260808_141232.csv
E2,ihawk1,marker_3_BR,20.0,20260808_141232,corner0,3,3,357.89738000000006,250.70752466666667,0.013437911705328843,0.006682089593334262,0.00018057747100021392,7.140815900005704e-05,7.140815900005704e-05,4.465032133334605e-05,E2\E2_dual_camera_height_scan\run_20260808_141232\raw\E2_dual_height_raw_20260808_141232.csv
E2,ihawk1,marker_3_BR,20.0,20260808_141232,corner1,3,3,382.71117166666664,239.295746,0.02212952349992023,0.004036945999147969,0.0004897158103335217,2.262790001810226e-07,2.262790001810226e-07,1.62969330000368e-05,E2\E2_dual_camera_height_scan\run_20260808_141232\raw\E2_dual_height_raw_20260808_141232.csv
E2,ihawk1,marker_3_BR,20.0,20260808_141232,corner2,3,3,406.99915533333336,255.35911566666664,0.04049537090006453,0.06024925835505624,0.0016398750643337936,0.0024378275051672852,0.0024378275051672852,0.003629973132334314,E2\E2_dual_camera_height_scan\run_20260808_141232\raw\E2_dual_height_raw_20260808_141232.csv
E2,ihawk1,marker_3_BR,20.0,20260808_141232,corner3,3,3,382.8765056666667,268.40186566666665,0.0397758884795089,0.002110048656627155,0.001582121304334329,-5.775276966682077e-05,-5.775276966682077e-05,4.452305333334062e-06,E2\E2_dual_camera_height_scan\run_20260808_141232\raw\E2_dual_height_raw_20260808_141232.csv
E2,ihawk1,marker_3_BR,20.0,20260808_145501,marker_center,3,3,382.66697433333337,254.70596933333334,0.013939510656182343,0.009826067439887275,0.0001943099573338211,0.0001133741933333686,0.0001133741933333686,9.655160133321287e-05,E2\E2_dual_camera_height_scan\run_20260808_145501\raw\E2_dual_height_raw_20260808_145501.csv
E2,ihawk1,marker_3_BR,20.0,20260808_145501,corner0,3,3,358.08938599999993,252.36229466666666,0.01695335244132581,0.008525762390144392,0.0002874161589998078,4.621445900001724e-05,4.621445900001724e-05,7.268862433320062e-05,E2\E2_dual_camera_height_scan\run_20260808_145501\raw\E2_dual_height_raw_20260808_145501.csv
E2,ihawk1,marker_3_BR,20.0,20260808_145501,corner1,3,3,382.6584473333333,240.350357,0.018752773510418045,0.008136510369933524,0.00035166651433303676,0.00013030248949998728,0.00013030248949998728,6.620280100003576e-05,E2\E2_dual_camera_height_scan\run_20260808_145501\raw\E2_dual_height_raw_20260808_145501.csv
E2,ihawk1,marker_3_BR,20.0,20260808_145501,corner2,3,3,407.30418933333334,256.50497433333334,0.033034014020900296,0.036106865459806105,0.0010912460823330372,0.001192644503332798,0.001192644503332798,0.001303705733332539,E2\E2_dual_camera_height_scan\run_20260808_145501\raw\E2_dual_height_raw_20260808_145501.csv
E2,ihawk1,marker_3_BR,20.0,20260808_145501,corner3,3,3,382.61587499999996,269.60625200000004,0.04290549331959966,0.005404075406582247,0.0018408813569982113,-0.00012102178050016602,-0.00012102178050016602,2.9204031000027086e-05,E2\E2_dual_camera_height_scan\run_20260808_145501\raw\E2_dual_height_raw_20260808_145501.csv
E2,ihawk1,marker_3_BR,20.0,20260808_151001,marker_center,3,3,382.37238566666673,255.73682999999997,0.008715052342571332,0.009213514367492733,7.595213733375805e-05,8.024000500022112e-05,8.024000500022112e-05,8.488884699999502e-05,E2\E2_dual_camera_height_scan\run_20260808_151001\raw\E2_dual_height_raw_20260808_151001.csv
E2,ihawk1,marker_3_BR,20.0,20260808_151001,corner0,3,3,357.66977966666667,253.42439766666666,0.01071210685780808,0.0016676406487445476,0.00011474923333309892,-8.202966666654287e-06,-8.202966666654287e-06,2.7810253333451355e-06,E2\E2_dual_camera_height_scan\run_20260808_151001\raw\E2_dual_height_raw_20260808_151001.csv
E2,ihawk1,marker_3_BR,20.0,20260808_151001,corner1,3,3,382.66234333333335,241.366216,0.05356309387377701,0.010219099764667429,0.002869005025331048,0.000547366600000374,0.000547366600000374,0.00010443000000022591,E2\E2_dual_camera_height_scan\run_20260808_151001\raw\E2_dual_height_raw_20260808_151001.csv
E2,ihawk1,marker_3_BR,20.0,20260808_151001,corner2,3,3,407.12321966666667,257.53319300000004,0.036696900636616216,0.028786450771129395,0.0013466625163336835,0.0010048376209993823,0.0010048376209993823,0.0008286597479986561,E2\E2_dual_camera_height_scan\run_20260808_151001\raw\E2_dual_height_raw_20260808_151001.csv
E2,ihawk1,marker_3_BR,20.0,20260808_151001,corner3,3,3,382.0342,270.623515,0.053222308893921585,0.0032934509257055286,0.0028326141640000043,0.00017060237900034159,0.00017060237900034159,1.0846819000030603e-05,E2\E2_dual_camera_height_scan\run_20260808_151001\raw\E2_dual_height_raw_20260808_151001.csv
E2,ihawk1,marker_3_BR,20.0,20260808_162715,marker_center,3,3,385.52024600000004,256.0309653333333,0.010317877737195984,0.012093053598395326,0.00010645860099972452,0.00011879743299991628,0.00011879743299991628,0.00014624194533366212,E2\E2_dual_camera_height_scan\run_20260808_162715\raw\E2_dual_height_raw_20260808_162715.csv
E2,ihawk1,marker_3_BR,20.0,20260808_162715,corner0,3,3,360.5116576666667,253.27651466666666,0.020009422788616137,0.02521949581837949,0.0004003770003335908,0.0004768376483334012,0.0004768376483334012,0.0006360229693332607,E2\E2_dual_camera_height_scan\run_20260808_162715\raw\E2_dual_height_raw_20260808_162715.csv
E2,ihawk1,marker_3_BR,20.0,20260808_162715,corner1,3,3,385.7383216666667,241.47495,0.0066653621306983785,0.010027190683340213,4.442705233334802e-05,6.658878450003059e-05,6.658878450003059e-05,0.00010054455300006476,E2\E2_dual_camera_height_scan\run_20260808_162715\raw\E2_dual_height_raw_20260808_162715.csv
E2,ihawk1,marker_3_BR,20.0,20260808_162715,corner2,3,3,410.0,258.0,0.0,0.0,0.0,0.0,0.0,0.0,E2\E2_dual_camera_height_scan\run_20260808_162715\raw\E2_dual_height_raw_20260808_162715.csv
E2,ihawk1,marker_3_BR,20.0,20260808_162715,corner3,3,3,385.8310036666667,271.37239566666665,0.03673013281126043,0.03411160858611824,0.0013491026563328301,0.0010936832268328726,0.0010936832268328726,0.0011636018403325355,E2\E2_dual_camera_height_scan\run_20260808_162715\raw\E2_dual_height_raw_20260808_162715.csv
E2,ihawk1,marker_4_C,20.0,20260808_131913,marker_center,4,3,298.013621,235.013672,0.010437242356106192,0.0029796582018796727,0.00010893602800009713,-1.8453966999963716e-05,-1.8453966999963716e-05,8.878363000028806e-06,E2\E2_dual_camera_height_scan\run_20260808_131913\raw\E2_dual_height_raw_20260808_131913.csv
E2,ihawk1,marker_4_C,20.0,20260808_131913,corner0,4,3,276.00629666666663,232.40487199999998,0.02226266247180697,0.002826908028218032,0.0004956261403336025,4.8732548499984344e-05,4.8732548499984344e-05,7.991409000003562e-06,E2\E2_dual_camera_height_scan\run_20260808_131913\raw\E2_dual_height_raw_20260808_131913.csv
E2,ihawk1,marker_4_C,20.0,20260808_131913,corner1,4,3,302.57980333333336,223.16236866666668,0.04876575626742514,0.00840682534214278,0.0023780989843339142,-0.00036780733483335136,-0.00036780733483335136,7.06747123332941e-05,E2\E2_dual_camera_height_scan\run_20260808_131913\raw\E2_dual_height_raw_20260808_131913.csv
E2,ihawk1,marker_4_C,20.0,20260808_131913,corner2,4,3,320.2672733333333,236.74100233333334,0.00547930162825248,0.006676323414378628,3.0022746333370283e-05,-3.2310721666797495e-05,-3.2310721666797495e-05,4.45732943333803e-05,E2\E2_dual_camera_height_scan\run_20260808_131913\raw\E2_dual_height_raw_20260808_131913.csv
E2,ihawk1,marker_4_C,20.0,20260808_131913,corner3,4,3,293.201111,247.74644466666666,0.012763311795935041,0.005233011975269223,0.00016290212800025455,6.443862600006022e-05,6.443862600006022e-05,2.73844143333111e-05,E2\E2_dual_camera_height_scan\run_20260808_131913\raw\E2_dual_height_raw_20260808_131913.csv
E2,ihawk1,marker_4_C,20.0,20260808_141232,marker_center,4,3,297.955274,233.65253966666668,0.040195836090333274,0.043317181456471704,0.0016157052390009389,0.0015140387410001728,0.0015140387410001728,0.001876378209332896,E2\E2_dual_camera_height_scan\run_20260808_141232\raw\E2_dual_height_raw_20260808_141232.csv
E2,ihawk1,marker_4_C,20.0,20260808_141232,corner0,4,3,275.81166566666667,231.21386733333335,0.010062088517455893,0.007539215763822564,0.00010124562533311771,2.372346866666609e-05,2.372346866666609e-05,5.683977433347065e-05,E2\E2_dual_camera_height_scan\run_20260808_141232\raw\E2_dual_height_raw_20260808_141232.csv
E2,ihawk1,marker_4_C,20.0,20260808_141232,corner1,4,3,302.81280533333336,221.945073,0.16044563959902053,0.1082651380593043,0.025742803266338782,0.015531424208001474,0.015531424208001474,0.01172134011900022,E2\E2_dual_camera_height_scan\run_20260808_141232\raw\E2_dual_height_raw_20260808_141232.csv
E2,ihawk1,marker_4_C,20.0,20260808_141232,corner2,4,3,319.96064233333334,235.15890966666666,0.021757557775015694,0.07128377582826607,0.00047339132033314584,0.0014093030451660855,0.0014093030451660855,0.005081376696334491,E2\E2_dual_camera_height_scan\run_20260808_141232\raw\E2_dual_height_raw_20260808_141232.csv
E2,ihawk1,marker_4_C,20.0,20260808_141232,corner3,4,3,293.23598233333337,246.2923076666667,0.024299117933249605,0.002785993239999143,0.0005904471323339725,-6.336277083323742e-05,-6.336277083323742e-05,7.761758333320922e-06,E2\E2_dual_camera_height_scan\run_20260808_141232\raw\E2_dual_height_raw_20260808_141232.csv
E2,ihawk1,marker_4_C,20.0,20260808_145501,marker_center,4,3,297.73741366666667,234.97945933333335,0.011021825816688065,0.016086008651409897,0.00012148064433341152,0.00016044245316686848,0.00016044245316686848,0.000258759674333234,E2\E2_dual_camera_height_scan\run_20260808_145501\raw\E2_dual_height_raw_20260808_145501.csv
E2,ihawk1,marker_4_C,20.0,20260808_145501,corner0,4,3,275.57988500000005,232.33599866666668,0.015015482243344938,0.022859529420644512,0.0002254647070002071,0.00032769476400022,0.00032769476400022,0.000522558085333312,E2\E2_dual_camera_height_scan\run_20260808_145501\raw\E2_dual_height_raw_20260808_145501.csv
E2,ihawk1,marker_4_C,20.0,20260808_145501,corner1,4,3,302.459127,223.28633100000002,0.02080304946397554,0.029293136858314656,0.00043276686700061297,0.0006093297990004115,0.0006093297990004115,0.0008580878669999527,E2\E2_dual_camera_height_scan\run_20260808_145501\raw\E2_dual_height_raw_20260808_145501.csv
E2,ihawk1,marker_4_C,20.0,20260808_145501,corner2,4,3,319.9574076666667,236.71521499999997,0.005639710039817525,0.007610537694537681,3.1806329333218594e-05,2.3471191999866004e-05,2.3471191999866004e-05,5.792028399997893e-05,E2\E2_dual_camera_height_scan\run_20260808_145501\raw\E2_dual_height_raw_20260808_145501.csv
E2,ihawk1,marker_4_C,20.0,20260808_145501,corner3,4,3,292.953237,247.58029166666665,0.01697038482179712,0.011574036302579947,0.0002879939609998821,2.6860770000152374e-05,2.6860770000152374e-05,0.00013395831633343847,E2\E2_dual_camera_height_scan\run_20260808_145501\raw\E2_dual_height_raw_20260808_145501.csv
E2,ihawk1,marker_4_C,20.0,20260808_151001,marker_center,4,3,297.571378,235.73428733333333,0.005137508832126714,0.004611044603260757,2.639399700017999e-05,1.0196616499992595e-05,1.0196616499992595e-05,2.1261732333260154e-05,E2\E2_dual_camera_height_scan\run_20260808_151001\raw\E2_dual_height_raw_20260808_151001.csv
E2,ihawk1,marker_4_C,20.0,20260808_151001,corner0,4,3,275.4671226666666,233.17167700000002,0.01074216758076517,0.015580423325434386,0.00011539416433324223,0.000115854409499702,0.000115854409499702,0.0002427495909997399,E2\E2_dual_camera_height_scan\run_20260808_151001\raw\E2_dual_height_raw_20260808_151001.csv
E2,ihawk1,marker_4_C,20.0,20260808_151001,corner1,4,3,302.42838566666666,223.804723,0.024961432177111175,0.012764930826277185,0.0006230730963325212,0.0002991289844995005,0.0002991289844995005,0.00016294345899964155,E2\E2_dual_camera_height_scan\run_20260808_151001\raw\E2_dual_height_raw_20260808_151001.csv
E2,ihawk1,marker_4_C,20.0,20260808_151001,corner2,4,3,319.744395,237.51035533333334,0.004933233523751902,0.00772124713588346,2.4336792999869602e-05,-2.216531499994325e-05,-2.216531499994325e-05,5.961765733338854e-05,E2\E2_dual_camera_height_scan\run_20260808_151001\raw\E2_dual_height_raw_20260808_151001.csv
E2,ihawk1,marker_4_C,20.0,20260808_151001,corner3,4,3,292.64560966666664,248.450394,0.007677088792837227,0.006902038611893105,5.893769233310694e-05,4.247782249993619e-05,4.247782249993619e-05,4.76381370000633e-05,E2\E2_dual_camera_height_scan\run_20260808_151001\raw\E2_dual_height_raw_20260808_151001.csv
E2,ihawk1,marker_4_C,20.0,20260808_162715,marker_center,4,3,300.30694833333337,235.11603066666666,0.015393727499664854,0.022166809114824583,0.00023696684633393798,2.1060578166916058e-05,2.1060578166916058e-05,0.0004913674263330702,E2\E2_dual_camera_height_scan\run_20260808_162715\raw\E2_dual_height_raw_20260808_162715.csv
E2,ihawk1,marker_4_C,20.0,20260808_162715,corner0,4,3,278.29209399999996,232.342748,0.005689266033523857,0.016144838525052427,3.2367748000208285e-05,9.023997100029174e-05,9.023997100029174e-05,0.00026065581100001697,E2\E2_dual_camera_height_scan\run_20260808_162715\raw\E2_dual_height_raw_20260808_162715.csv
E2,ihawk1,marker_4_C,20.0,20260808_162715,corner1,4,3,304.970266,223.231593,0.044568742869863794,0.01671291180495493,0.001986372841000035,0.00022079397549947354,0.00022079397549947354,0.00027932142100020184,E2\E2_dual_camera_height_scan\run_20260808_162715\raw\E2_dual_height_raw_20260808_162715.csv
E2,ihawk1,marker_4_C,20.0,20260808_162715,corner2,4,3,322.7613933333334,237.198517,0.03142007212489314,0.07108382736600498,0.000987220932333487,-0.0018968752695012515,-0.0018968752695012515,0.005052910512999998,E2\E2_dual_camera_height_scan\run_20260808_162715\raw\E2_dual_height_raw_20260808_162715.csv
E2,ihawk1,marker_4_C,20.0,20260808_162715,corner3,4,3,295.2040406666667,247.69126400000002,0.03758339814776415,0.004206288625380155,0.001412511816333362,-9.718039199990992e-05,-9.718039199990992e-05,1.7692864000002473e-05,E2\E2_dual_camera_height_scan\run_20260808_162715\raw\E2_dual_height_raw_20260808_162715.csv
E2,ihawk1,marker_0_TL,25.0,20260808_131913,marker_center,0,3,223.29775866666668,214.50105166666665,0.015815613182335136,0.00906438664958785,0.00025013362033325296,-7.160090866655105e-05,-7.160090866655105e-05,8.216310533322645e-05,E2\E2_dual_camera_height_scan\run_20260808_131913\raw\E2_dual_height_raw_20260808_131913.csv
E2,ihawk1,marker_0_TL,25.0,20260808_131913,corner0,0,3,202.695063,212.375407,0.032387334206453185,0.04826753444086268,0.0010489394170004925,-0.001563126355000326,-0.001563126355000326,0.002329754880999865,E2\E2_dual_camera_height_scan\run_20260808_131913\raw\E2_dual_height_raw_20260808_131913.csv
E2,ihawk1,marker_0_TL,25.0,20260808_131913,corner1,0,3,230.72397866666665,204.00959766666665,0.06852988854749993,0.00422590325651049,0.004696345624332763,3.213922333303629e-05,3.213922333303629e-05,1.785825833338597e-05,E2\E2_dual_camera_height_scan\run_20260808_131913\raw\E2_dual_height_raw_20260808_131913.csv
E2,ihawk1,marker_0_TL,25.0,20260808_131913,corner2,0,3,244.40927666666664,216.1806336666667,0.010039806389236537,0.006920901265971366,0.00010079771233335478,2.131390733338126e-05,2.131390733338126e-05,4.789887433332405e-05,E2\E2_dual_camera_height_scan\run_20260808_131913\raw\E2_dual_height_raw_20260808_131913.csv
E2,ihawk1,marker_0_TL,25.0,20260808_131913,corner3,0,3,215.3627163333333,225.43856800000003,0.005248211155547661,0.01079578950331131,2.7543720333214914e-05,-4.706990049991268e-05,-4.706990049991268e-05,0.00011654907099980665,E2\E2_dual_camera_height_scan\run_20260808_131913\raw\E2_dual_height_raw_20260808_131913.csv
E2,ihawk1,marker_0_TL,25.0,20260808_141232,marker_center,0,3,223.37324533333333,213.280159,0.09476598586166612,0.07312100021881612,0.008980592076333503,0.004565124495499265,0.004565124495499265,0.005346680673000107,E2\E2_dual_camera_height_scan\run_20260808_141232\raw\E2_dual_height_raw_20260808_141232.csv
E2,ihawk1,marker_0_TL,25.0,20260808_141232,corner0,0,3,203.345927,210.82869966666667,0.5667587387830922,0.29670088068682027,0.3212154679870014,0.07917826877300142,0.07917826877300142,0.08803141260033476,E2\E2_dual_camera_height_scan\run_20260808_141232\raw\E2_dual_height_raw_20260808_141232.csv
E2,ihawk1,marker_0_TL,25.0,20260808_141232,corner1,0,3,230.91024766666666,203.10187266666665,0.1889372759259946,0.03081863754830019,0.035697294234335424,-0.005672316799167112,-0.005672316799167112,0.0009497884203334984,E2\E2_dual_camera_height_scan\run_20260808_141232\raw\E2_dual_height_raw_20260808_141232.csv
E2,ihawk1,marker_0_TL,25.0,20260808_141232,corner2,0,3,243.92413333333332,215.16545133333332,0.01917450393969052,0.049330033218458,0.00036766160133320727,-0.0009458772166666673,-0.0009458772166666673,0.0024334521773341695,E2\E2_dual_camera_height_scan\run_20260808_141232\raw\E2_dual_height_raw_20260808_141232.csv
E2,ihawk1,marker_0_TL,25.0,20260808_141232,corner3,0,3,215.312673,224.02461233333335,0.01085381356942294,0.009659329290029354,0.00011780526899978953,-5.243589500068438e-06,-5.243589500068438e-06,9.330264233321897e-05,E2\E2_dual_camera_height_scan\run_20260808_141232\raw\E2_dual_height_raw_20260808_141232.csv
E2,ihawk1,marker_0_TL,25.0,20260808_145501,marker_center,0,3,224.62213766666665,213.9754673333333,0.013302328530491365,0.009259238053607777,0.00017695194433312456,0.00011265093766663568,0.00011265093766663568,8.573348933337836e-05,E2\E2_dual_camera_height_scan\run_20260808_145501\raw\E2_dual_height_raw_20260808_145501.csv
E2,ihawk1,marker_0_TL,25.0,20260808_145501,corner0,0,3,204.20882166666664,211.25874833333333,0.011296660140647554,0.026133291494440228,0.00012761453033329522,-2.0008667833370323e-05,-2.0008667833370323e-05,0.000682948924333382,E2\E2_dual_camera_height_scan\run_20260808_145501\raw\E2_dual_height_raw_20260808_145501.csv
E2,ihawk1,marker_0_TL,25.0,20260808_145501,corner1,0,3,232.06405666666663,203.74957299999997,0.050328129235387646,0.07473664985133195,0.0025329205923338804,0.0037376847645005937,0.0037376847645005937,0.005585566831000596,E2\E2_dual_camera_height_scan\run_20260808_145501\raw\E2_dual_height_raw_20260808_145501.csv
E2,ihawk1,marker_0_TL,25.0,20260808_145501,corner2,0,3,245.51189166666668,216.033142,0.009203574160795754,0.010321247792779126,8.470577733326726e-05,-5.818777399995927e-05,-5.818777399995927e-05,0.00010652815599994798,E2\E2_dual_camera_height_scan\run_20260808_145501\raw\E2_dual_height_raw_20260808_145501.csv
E2,ihawk1,marker_0_TL,25.0,20260808_145501,corner3,0,3,216.70378133333335,224.86040766666667,0.005606861005346091,0.012004496879639356,3.143689033327058e-05,-1.1195872333360358e-05,-1.1195872333360358e-05,0.00014410794533327103,E2\E2_dual_camera_height_scan\run_20260808_145501\raw\E2_dual_height_raw_20260808_145501.csv
E2,ihawk1,marker_0_TL,25.0,20260808_151001,marker_center,0,3,222.83438733333332,215.21584433333337,0.01635581915811677,0.023922968259251536,0.0002675128203330196,-0.00017066429866654628,-0.00017066429866654628,0.0005723084103331564,E2\E2_dual_camera_height_scan\run_20260808_151001\raw\E2_dual_height_raw_20260808_151001.csv
E2,ihawk1,marker_0_TL,25.0,20260808_151001,corner0,0,3,202.49395733333336,212.7455243333333,0.02703788028549986,0.05551805796614879,0.000731046970333022,-0.001497968715166201,-0.001497968715166201,0.0030822547603326566,E2\E2_dual_camera_height_scan\run_20260808_151001\raw\E2_dual_height_raw_20260808_151001.csv
E2,ihawk1,marker_0_TL,25.0,20260808_151001,corner1,0,3,230.571579,204.79392533333336,0.01791895758687635,0.0010583016268299254,0.0003210890410002735,1.8621018500173307e-05,1.8621018500173307e-05,1.1200023333508668e-06,E2\E2_dual_camera_height_scan\run_20260808_151001\raw\E2_dual_height_raw_20260808_151001.csv
E2,ihawk1,marker_0_TL,25.0,20260808_151001,corner2,0,3,243.635732,217.11130266666666,0.002099492319584885,0.05003652691118218,4.407867999995922e-06,9.443444799982613e-05,9.443444799982613e-05,0.002503654025333459,E2\E2_dual_camera_height_scan\run_20260808_151001\raw\E2_dual_height_raw_20260808_151001.csv
E2,ihawk1,marker_0_TL,25.0,20260808_151001,corner3,0,3,214.63628100000003,226.212626,0.02820248909226874,0.017228596837818216,0.0007953803909995372,0.0003828234239997624,0.0003828234239997624,0.00029682454900007983,E2\E2_dual_camera_height_scan\run_20260808_151001\raw\E2_dual_height_raw_20260808_151001.csv
E2,ihawk1,marker_0_TL,25.0,20260808_162715,marker_center,0,3,225.8892073333333,213.72595333333334,0.021368371401039567,0.010616819219212065,0.0004566072963327657,0.00022399504733330608,0.00022399504733330608,0.00011271685033343069,E2\E2_dual_camera_height_scan\run_20260808_162715\raw\E2_dual_height_raw_20260808_162715.csv
E2,ihawk1,marker_0_TL,25.0,20260808_162715,corner0,0,3,205.37192266666668,211.234899,0.016411846950705945,0.002033728595458437,0.00026934872033339605,1.3004107000045706e-05,1.3004107000045706e-05,4.136051999985348e-06,E2\E2_dual_camera_height_scan\run_20260808_162715\raw\E2_dual_height_raw_20260808_162715.csv
E2,ihawk1,marker_0_TL,25.0,20260808_162715,corner1,0,3,233.608424,203.34587633333334,0.11531624658737892,0.029900894841687127,0.01329783672700118,0.003431261571500829,0.003431261571500829,0.0008940635123336317,E2\E2_dual_camera_height_scan\run_20260808_162715\raw\E2_dual_height_raw_20260808_162715.csv
E2,ihawk1,marker_0_TL,25.0,20260808_162715,corner2,0,3,246.6442566666667,215.62621566666667,0.016313164785941806,0.010626111439908869,0.0002661193453332918,-0.0001450524366667101,-0.0001450524366667101,0.00011291424433336212,E2\E2_dual_camera_height_scan\run_20260808_162715\raw\E2_dual_height_raw_20260808_162715.csv
E2,ihawk1,marker_0_TL,25.0,20260808_162715,corner3,0,3,217.93222566666668,224.69682333333333,0.013117932090591951,0.0035826718149073555,0.00017208014233338213,1.756142266675592e-05,1.756142266675592e-05,1.2835537333331565e-05,E2\E2_dual_camera_height_scan\run_20260808_162715\raw\E2_dual_height_raw_20260808_162715.csv
E2,ihawk1,marker_1_TR,25.0,20260808_131913,marker_center,1,3,296.009425,191.97667933333332,0.419297856532789,0.05193763094647547,0.17581069249299133,-0.021777296222495243,-0.021777296222495243,0.0026975175083322864,E2\E2_dual_camera_height_scan\run_20260808_131913\raw\E2_dual_height_raw_20260808_131913.csv
E2,ihawk1,marker_1_TR,25.0,20260808_131913,corner0,1,3,277.0132853333333,190.40138733333333,0.01197185204274641,0.013265710849157739,0.0001433252413334114,0.00015879859233343624,0.00015879859233343624,0.00017597908433346135,E2\E2_dual_camera_height_scan\run_20260808_131913\raw\E2_dual_height_raw_20260808_131913.csv
E2,ihawk1,marker_1_TR,25.0,20260808_131913,corner1,1,3,299.21520000000004,183.5286306666667,0.01548025022408474,0.022762838274988765,0.00023963814700027564,-8.20870120001408e-05,-8.20870120001408e-05,0.0005181468063332935,E2\E2_dual_camera_height_scan\run_20260808_131913\raw\E2_dual_height_raw_20260808_131913.csv
E2,ihawk1,marker_1_TR,25.0,20260808_131913,corner2,1,3,316.0938923333333,193.10285933333333,1.5694245157943498,0.1781575913660029,2.4630933107763298,-0.27960489156467677,-0.27960489156467677,0.03174012736133567,E2\E2_dual_camera_height_scan\run_20260808_131913\raw\E2_dual_height_raw_20260808_131913.csv
E2,ihawk1,marker_1_TR,25.0,20260808_131913,corner3,1,3,291.7153216666666,200.87384033333333,0.13245871517696622,0.00436431625037553,0.017545311226332665,-0.00026452659133181604,-0.00026452659133181604,1.904725633329193e-05,E2\E2_dual_camera_height_scan\run_20260808_131913\raw\E2_dual_height_raw_20260808_131913.csv
E2,ihawk1,marker_1_TR,25.0,20260808_141232,marker_center,1,3,296.23159300000003,191.86829633333332,0.5626842199306958,0.3952248580293692,0.3166135313590157,0.22237636473650663,0.22237636473650663,0.15620268840433504,E2\E2_dual_camera_height_scan\run_20260808_141232\raw\E2_dual_height_raw_20260808_141232.csv
E2,ihawk1,marker_1_TR,25.0,20260808_141232,corner0,1,3,276.80714933333337,189.440577,0.025583720650713244,0.008224267930950688,0.0006545267623337313,0.00019887527950025708,0.00019887527950025708,6.763858300006391e-05,E2\E2_dual_camera_height_scan\run_20260808_141232\raw\E2_dual_height_raw_20260808_141232.csv
E2,ihawk1,marker_1_TR,25.0,20260808_141232,corner1,1,3,302.591685,185.83430466666667,2.2444654411852585,1.5885547443737458,5.0376251166749375,3.5654562237824807,3.5654562237824807,2.523506175872337,E2\E2_dual_camera_height_scan\run_20260808_141232\raw\E2_dual_height_raw_20260808_141232.csv
E2,ihawk1,marker_1_TR,25.0,20260808_141232,corner2,1,3,313.72484333333335,192.4103243333333,0.015582999465224382,0.02223475460475357,0.00024282987233318335,-0.00017336005116670356,-0.00017336005116670356,0.0004943843123336101,E2\E2_dual_camera_height_scan\run_20260808_141232\raw\E2_dual_height_raw_20260808_141232.csv
E2,ihawk1,marker_1_TR,25.0,20260808_141232,corner3,1,3,291.80269333333337,199.78797899999998,0.035989790112367546,0.01314587794709037,0.0012952649923322686,-0.000460210700999579,-0.000460210700999579,0.00017281410699979694,E2\E2_dual_camera_height_scan\run_20260808_141232\raw\E2_dual_height_raw_20260808_141232.csv
E2,ihawk1,marker_1_TR,25.0,20260808_145501,marker_center,1,3,296.8351133333333,191.67427433333333,0.033483330200771946,0.008886649106012863,0.0011211334013339267,-7.44256066667333e-05,-7.44256066667333e-05,7.897253233339922e-05,E2\E2_dual_camera_height_scan\run_20260808_145501\raw\E2_dual_height_raw_20260808_145501.csv
E2,ihawk1,marker_1_TR,25.0,20260808_145501,corner0,1,3,278.0037843333333,190.11759933333335,0.04151384058762423,0.0040782732048489055,0.0017233989603346771,-0.00010285609916679357,-0.00010285609916679357,1.6632312333388563e-05,E2\E2_dual_camera_height_scan\run_20260808_145501\raw\E2_dual_height_raw_20260808_145501.csv
E2,ihawk1,marker_1_TR,25.0,20260808_145501,corner1,1,3,300.27362066666666,183.350362,0.01213094457711976,0.0007770945888445692,0.00014715981633315128,-9.357419000074119e-06,-9.357419000074119e-06,6.038760000115101e-07,E2\E2_dual_camera_height_scan\run_20260808_145501\raw\E2_dual_height_raw_20260808_145501.csv
E2,ihawk1,marker_1_TR,25.0,20260808_145501,corner2,1,3,315.264455,192.92289766666667,0.02840088482776909,0.04444381255397953,0.0008066102590002046,0.0010088675619998756,0.0010088675619998756,0.0019752524743332682,E2\E2_dual_camera_height_scan\run_20260808_145501\raw\E2_dual_height_raw_20260808_145501.csv
E2,ihawk1,marker_1_TR,25.0,20260808_145501,corner3,1,3,293.79859400000004,200.306239,0.1261417933002456,0.051638446413501585,0.01591175201700189,-0.006512615604000501,-0.006512615604000501,0.0026665291480000744,E2\E2_dual_camera_height_scan\run_20260808_145501\raw\E2_dual_height_raw_20260808_145501.csv
E2,ihawk1,marker_1_TR,25.0,20260808_151001,marker_center,1,3,295.31304200000005,192.713858,0.004890314100332834,0.0017690616156578734,2.3915171999914136e-05,-8.332064999983344e-06,-8.332064999983344e-06,3.129578999994045e-06,E2\E2_dual_camera_height_scan\run_20260808_151001\raw\E2_dual_height_raw_20260808_151001.csv
E2,ihawk1,marker_1_TR,25.0,20260808_151001,corner0,1,3,276.4507243333333,190.92579666666666,0.011754243333084021,0.012849562223415564,0.00013816223633335016,0.00013953830566674311,0.00013953830566674311,0.00016511124933342835,E2\E2_dual_camera_height_scan\run_20260808_151001\raw\E2_dual_height_raw_20260808_151001.csv
E2,ihawk1,marker_1_TR,25.0,20260808_151001,corner1,1,3,299.3765563333333,184.46062233333336,0.013474923462971472,0.008234254934937563,0.0001815735623329391,1.0576736333203109e-05,1.0576736333203109e-05,6.780295433354361e-05,E2\E2_dual_camera_height_scan\run_20260808_151001\raw\E2_dual_height_raw_20260808_151001.csv
E2,ihawk1,marker_1_TR,25.0,20260808_151001,corner2,1,3,313.7997843333333,193.85845433333336,0.004216412851386729,0.012041160755238135,1.777813733333916e-05,4.447294133344126e-05,4.447294133344126e-05,0.00014498955233348702,E2\E2_dual_camera_height_scan\run_20260808_151001\raw\E2_dual_height_raw_20260808_151001.csv
E2,ihawk1,marker_1_TR,25.0,20260808_151001,corner3,1,3,291.62510166666664,201.61056,0.009174573795742918,0.0020569873601876936,8.417280433353262e-05,1.8519907499939856e-05,1.8519907499939856e-05,4.2311969999719365e-06,E2\E2_dual_camera_height_scan\run_20260808_151001\raw\E2_dual_height_raw_20260808_151001.csv
E2,ihawk1,marker_1_TR,25.0,20260808_162715,marker_center,1,3,298.08534733333335,191.43579466666665,0.008103218146711237,0.01274909182386865,6.56621443331903e-05,1.2507346668832776e-06,1.2507346668832776e-06,0.00016253934233343445,E2\E2_dual_camera_height_scan\run_20260808_162715\raw\E2_dual_height_raw_20260808_162715.csv
E2,ihawk1,marker_1_TR,25.0,20260808_162715,corner0,1,3,279.34365866666667,189.48240633333333,0.010390021478958102,0.02496261847910272,0.00010795254633321069,-0.00012822042433368588,-0.00012822042433368588,0.0006231323213332407,E2\E2_dual_camera_height_scan\run_20260808_162715\raw\E2_dual_height_raw_20260808_162715.csv
E2,ihawk1,marker_1_TR,25.0,20260808_162715,corner1,1,3,302.0028076666667,183.19644666666667,0.031561891900419345,0.007528652225549664,0.0009961530203337562,-0.00021467816216647086,-0.00021467816216647086,5.668060433327391e-05,E2\E2_dual_camera_height_scan\run_20260808_162715\raw\E2_dual_height_raw_20260808_162715.csv
E2,ihawk1,marker_1_TR,25.0,20260808_162715,corner2,1,3,316.7166746666667,192.68669133333333,0.0064746992465662045,0.009155536321439728,4.192173033348498e-05,5.923292466673151e-05,5.923292466673151e-05,8.38238453332021e-05,E2\E2_dual_camera_height_scan\run_20260808_162715\raw\E2_dual_height_raw_20260808_162715.csv
E2,ihawk1,marker_1_TR,25.0,20260808_162715,corner3,1,3,294.27824933333335,200.37763499999997,0.01210738354614858,0.034627566172054695,0.00014658873633354938,0.00033582537750012284,0.00033582537750012284,0.0011990683390000266,E2\E2_dual_camera_height_scan\run_20260808_162715\raw\E2_dual_height_raw_20260808_162715.csv
E2,ihawk1,marker_2_BL,25.0,20260808_131913,marker_center,2,3,301.4360656666667,290.90716033333337,0.01596728559692898,0.01498980961631991,0.0002549542093338956,0.00011421391366681933,0.00011421391366681933,0.00022469439233351683,E2\E2_dual_camera_height_scan\run_20260808_131913\raw\E2_dual_height_raw_20260808_131913.csv
E2,ihawk1,marker_2_BL,25.0,20260808_131913,corner0,2,3,273.7399493333333,287.3696796666667,0.008610069821625944,0.025698813539400824,7.413330233327382e-05,0.00021421886966642206,0.00021421886966642206,0.0006604290173328911,E2\E2_dual_camera_height_scan\run_20260808_131913\raw\E2_dual_height_raw_20260808_131913.csv
E2,ihawk1,marker_2_BL,25.0,20260808_131913,corner1,2,3,306.55728166666665,273.004435,0.010995029846847262,0.03033504053070866,0.00012089068133306213,-0.00031561456799945615,-0.00031561456799945615,0.0009202146839997373,E2\E2_dual_camera_height_scan\run_20260808_131913\raw\E2_dual_height_raw_20260808_131913.csv
E2,ihawk1,marker_2_BL,25.0,20260808_131913,corner2,2,3,329.56022133333335,293.26754766666664,0.0019382054414455296,0.010200031633921865,3.75664033324906e-06,-1.2799737333121057e-05,-1.2799737333121057e-05,0.00010404064533300676,E2\E2_dual_camera_height_scan\run_20260808_131913\raw\E2_dual_height_raw_20260808_131913.csv
E2,ihawk1,marker_2_BL,25.0,20260808_131913,corner3,2,3,295.88681033333336,309.9869793333333,0.05347568951714287,0.039526505604901535,0.0028596493693338635,0.0021084441853342637,0.0021084441853342637,0.0015623446453343127,E2\E2_dual_camera_height_scan\run_20260808_131913\raw\E2_dual_height_raw_20260808_131913.csv
E2,ihawk1,marker_2_BL,25.0,20260808_141232,marker_center,2,3,299.339841,288.50583666666665,0.002851129425312312,0.002161028073232535,8.128938999881715e-06,6.153077999930988e-06,6.153077999930988e-06,4.6700423332991215e-06,E2\E2_dual_camera_height_scan\run_20260808_141232\raw\E2_dual_height_raw_20260808_141232.csv
E2,ihawk1,marker_2_BL,25.0,20260808_141232,corner0,2,3,272.03303,284.58802299999996,0.005883285901621751,0.0016841626999707442,3.461305300022125e-05,9.886274999986694e-06,9.886274999986694e-06,2.8364039999727473e-06,E2\E2_dual_camera_height_scan\run_20260808_141232\raw\E2_dual_height_raw_20260808_141232.csv
E2,ihawk1,marker_2_BL,25.0,20260808_141232,corner1,2,3,304.77693666666664,271.099894,0.003353948320002409,0.006894263775044643,1.1248969333246982e-05,1.1970594999967142e-05,1.1970594999967142e-05,4.753087299989282e-05,E2\E2_dual_camera_height_scan\run_20260808_141232\raw\E2_dual_height_raw_20260808_141232.csv
E2,ihawk1,marker_2_BL,25.0,20260808_141232,corner2,2,3,327.0986633333333,291.2808023333333,0.0009308707393072813,0.00191433600323598,8.665203332984844e-07,-7.978926666546689e-07,-7.978926666546689e-07,3.664682333285506e-06,E2\E2_dual_camera_height_scan\run_20260808_141232\raw\E2_dual_height_raw_20260808_141232.csv
E2,ihawk1,marker_2_BL,25.0,20260808_141232,corner3,2,3,293.4507343333333,307.0546263333333,0.01347658359278486,0.011448332687915178,0.0001816183053333181,8.928149533317479e-05,8.928149533317479e-05,0.00013106432133318715,E2\E2_dual_camera_height_scan\run_20260808_141232\raw\E2_dual_height_raw_20260808_141232.csv
E2,ihawk1,marker_2_BL,25.0,20260808_145501,marker_center,2,3,301.70195533333333,290.21121466666665,0.011895858158773288,0.006947061992910114,0.000141511441333653,8.255539866675408e-05,8.255539866675408e-05,4.826167033333625e-05,E2\E2_dual_camera_height_scan\run_20260808_145501\raw\E2_dual_height_raw_20260808_145501.csv
E2,ihawk1,marker_2_BL,25.0,20260808_145501,corner0,2,3,274.239217,286.367452,0.002302400703610479,0.010910431155545724,5.301048999986029e-06,1.7308277000117845e-05,1.7308277000117845e-05,0.0001190375079999028,E2\E2_dual_camera_height_scan\run_20260808_145501\raw\E2_dual_height_raw_20260808_145501.csv
E2,ihawk1,marker_2_BL,25.0,20260808_145501,corner1,2,3,306.893667,272.3107806666667,0.049681453601899406,0.010359380740816675,0.0024682468319976838,0.00015862309199974638,0.00015862309199974638,0.00010731676933320343,E2\E2_dual_camera_height_scan\run_20260808_145501\raw\E2_dual_height_raw_20260808_145501.csv
E2,ihawk1,marker_2_BL,25.0,20260808_145501,corner2,2,3,329.688741,292.720581,0.009761019977459972,0.019232462036859743,9.527751100037267e-05,-8.20276129998107e-05,-8.20276129998107e-05,0.0003698875959992512,E2\E2_dual_camera_height_scan\run_20260808_145501\raw\E2_dual_height_raw_20260808_145501.csv
E2,ihawk1,marker_2_BL,25.0,20260808_145501,corner3,2,3,295.986196,309.4460453333333,0.011662273706258008,0.0005294434184535686,0.00013600862799967688,6.137217000132487e-06,6.137217000132487e-06,2.8031033334380045e-07,E2\E2_dual_camera_height_scan\run_20260808_145501\raw\E2_dual_height_raw_20260808_145501.csv
E2,ihawk1,marker_2_BL,25.0,20260808_151001,marker_center,2,3,299.44220466666667,291.6302416666667,0.004107036685152445,0.013936567882139893,1.6867750333187984e-05,3.196011533350468e-05,3.196011533350468e-05,0.0001942279243334932,E2\E2_dual_camera_height_scan\run_20260808_151001\raw\E2_dual_height_raw_20260808_151001.csv
E2,ihawk1,marker_2_BL,25.0,20260808_151001,corner0,2,3,272.00752766666665,287.6835023333333,0.006891772002429625,0.012967618799667825,4.7496521333472845e-05,-8.046619533334817e-05,-8.046619533334817e-05,0.00016815913733349842,E2\E2_dual_camera_height_scan\run_20260808_151001\raw\E2_dual_height_raw_20260808_151001.csv
E2,ihawk1,marker_2_BL,25.0,20260808_151001,corner1,2,3,304.8050436666667,273.974945,0.006001301303312047,0.018699425338748587,3.6015617333134874e-05,-4.006897800000846e-05,-4.006897800000846e-05,0.00034966850799943275,E2\E2_dual_camera_height_scan\run_20260808_151001\raw\E2_dual_height_raw_20260808_151001.csv
E2,ihawk1,marker_2_BL,25.0,20260808_151001,corner2,2,3,327.39064533333334,294.56485999999995,0.009842397895509171,0.022448737358707383,9.687279633352336e-05,9.929414950029776e-05,9.929414950029776e-05,0.0005039458090002246,E2\E2_dual_camera_height_scan\run_20260808_151001\raw\E2_dual_height_raw_20260808_151001.csv
E2,ihawk1,marker_2_BL,25.0,20260808_151001,corner3,2,3,293.56560233333335,310.29765833333335,0.019628298381005084,0.026443753919089347,0.00038527009733376686,0.0004325401313336095,0.0004325401313336095,0.0006992721213333531,E2\E2_dual_camera_height_scan\run_20260808_151001\raw\E2_dual_height_raw_20260808_151001.csv
E2,ihawk1,marker_2_BL,25.0,20260808_162715,marker_center,2,3,303.2762246666667,290.45424133333336,0.04301473852453277,0.006128979142838333,0.0018502677303339234,-0.0001230059693327329,-0.0001230059693327329,3.756438533334731e-05,E2\E2_dual_camera_height_scan\run_20260808_162715\raw\E2_dual_height_raw_20260808_162715.csv
E2,ihawk1,marker_2_BL,25.0,20260808_162715,corner0,2,3,275.69210833333335,286.5226136666667,0.025058052405012892,0.031221129004798464,0.0006279059903323724,-2.5569447833750998e-05,-2.5569447833750998e-05,0.000974758896334268,E2\E2_dual_camera_height_scan\run_20260808_162715\raw\E2_dual_height_raw_20260808_162715.csv
E2,ihawk1,marker_2_BL,25.0,20260808_162715,corner1,2,3,308.38947566666667,272.3730163333333,0.13235064427623053,0.007751981187617315,0.01751669304033331,0.000958700219165761,0.000958700219165761,6.0093212333172755e-05,E2\E2_dual_camera_height_scan\run_20260808_162715\raw\E2_dual_height_raw_20260808_162715.csv
E2,ihawk1,marker_2_BL,25.0,20260808_162715,corner2,2,3,331.49012266666665,293.37953666666664,0.017500543601087666,0.02957602502589714,0.00030626902633357043,-0.0005175661951666158,-0.0005175661951666158,0.000874741256332494,E2\E2_dual_camera_height_scan\run_20260808_162715\raw\E2_dual_height_raw_20260808_162715.csv
E2,ihawk1,marker_2_BL,25.0,20260808_162715,corner3,2,3,297.533193,309.541799,0.0006166100875130206,0.002572095449211123,3.8020800002281487e-07,1.5859800000299126e-06,1.5859800000299126e-06,6.615674999852569e-06,E2\E2_dual_camera_height_scan\run_20260808_162715\raw\E2_dual_height_raw_20260808_162715.csv
E2,ihawk1,marker_3_BR,25.0,20260808_131913,marker_center,3,3,383.9445926666667,252.40385833333335,0.09850248618858358,0.05884414630473411,0.0097027397853321,0.005358397269665807,0.005358397269665807,0.0034626335543329534,E2\E2_dual_camera_height_scan\run_20260808_131913\raw\E2_dual_height_raw_20260808_131913.csv
E2,ihawk1,marker_3_BR,25.0,20260808_131913,corner0,3,3,358.73931866666663,250.02092966666666,0.003805892974504896,0.008915442856813997,1.4484821333385725e-05,3.3931221333348246e-05,3.3931221333348246e-05,7.948512133311572e-05,E2\E2_dual_camera_height_scan\run_20260808_131913\raw\E2_dual_height_raw_20260808_131913.csv
E2,ihawk1,marker_3_BR,25.0,20260808_131913,corner1,3,3,383.47678633333334,238.39649433333332,0.018235031130579338,0.017881771006629417,0.0003325163603331976,-3.4684306666466996e-05,-3.4684306666466996e-05,0.00031975773433353245,E2\E2_dual_camera_height_scan\run_20260808_131913\raw\E2_dual_height_raw_20260808_131913.csv
E2,ihawk1,marker_3_BR,25.0,20260808_131913,corner2,3,3,409.0,254.0,0.0,0.0,0.0,0.0,0.0,0.0,E2\E2_dual_camera_height_scan\run_20260808_131913\raw\E2_dual_height_raw_20260808_131913.csv
E2,ihawk1,marker_3_BR,25.0,20260808_131913,corner3,3,3,384.56226599999997,267.19800833333335,0.3952246347420654,0.20966062473990696,0.156202511906999,0.07386872327049726,0.07386872327049726,0.043957577566328086,E2\E2_dual_camera_height_scan\run_20260808_131913\raw\E2_dual_height_raw_20260808_131913.csv
E2,ihawk1,marker_3_BR,25.0,20260808_141232,marker_center,3,3,382.0658976666667,251.95349000000002,0.011919341312902086,0.46179933068704887,0.0001420706973334544,0.005190748707001223,0.005190748707001223,0.2132586218230063,E2\E2_dual_camera_height_scan\run_20260808_141232\raw\E2_dual_height_raw_20260808_141232.csv
E2,ihawk1,marker_3_BR,25.0,20260808_141232,corner0,3,3,357.058787,248.58009333333334,0.003502528943492018,0.01844665081615545,1.2267708999999311e-05,-6.348800250001608e-05,-6.348800250001608e-05,0.0003402789263331685,E2\E2_dual_camera_height_scan\run_20260808_141232\raw\E2_dual_height_raw_20260808_141232.csv
E2,ihawk1,marker_3_BR,25.0,20260808_141232,corner1,3,3,381.9842223333333,237.11380999999997,0.18723248685081229,0.12019560920016961,0.03505600413233959,0.02060732597100126,0.02060732597100126,0.014446984470999897,E2\E2_dual_camera_height_scan\run_20260808_141232\raw\E2_dual_height_raw_20260808_141232.csv
E2,ihawk1,marker_3_BR,25.0,20260808_141232,corner2,3,3,407.02351866666663,255.932831,0.02728660340410247,1.6739084395309702,0.0007445587253327766,0.034268040311978,0.034268040311978,2.8019694639330077,E2\E2_dual_camera_height_scan\run_20260808_141232\raw\E2_dual_height_raw_20260808_141232.csv
E2,ihawk1,marker_3_BR,25.0,20260808_141232,corner3,3,3,382.19706233333335,266.18722533333334,0.16219639591969198,0.07087536064341318,0.02630767084933747,-0.010976684710668316,-0.010976684710668316,0.005023316746333883,E2\E2_dual_camera_height_scan\run_20260808_141232\raw\E2_dual_height_raw_20260808_141232.csv
E2,ihawk1,marker_3_BR,25.0,20260808_145501,marker_center,3,3,384.14788066666665,251.958271,0.14664143794419382,0.006625474775434741,0.021503711322340847,-0.0009559596929992976,-0.0009559596929992976,4.3896915999922026e-05,E2\E2_dual_camera_height_scan\run_20260808_145501\raw\E2_dual_height_raw_20260808_145501.csv
E2,ihawk1,marker_3_BR,25.0,20260808_145501,corner0,3,3,359.25719200000003,249.454732,0.003668785085000071,0.00836479790551505,1.345998399991898e-05,-2.1029635999959662e-05,-2.1029635999959662e-05,6.996984400010896e-05,E2\E2_dual_camera_height_scan\run_20260808_145501\raw\E2_dual_height_raw_20260808_145501.csv
E2,ihawk1,marker_3_BR,25.0,20260808_145501,corner1,3,3,383.8764346666667,237.589798,0.0017943233636419187,0.004797213045090993,3.219596333311249e-06,-8.509571499965396e-06,-8.509571499965396e-06,2.30132529999912e-05,E2\E2_dual_camera_height_scan\run_20260808_145501\raw\E2_dual_height_raw_20260808_145501.csv
E2,ihawk1,marker_3_BR,25.0,20260808_145501,corner2,3,3,408.6666666666667,254.0,0.5773502691896258,0.0,0.33333333333333337,0.0,0.0,0.0,E2\E2_dual_camera_height_scan\run_20260808_145501\raw\E2_dual_height_raw_20260808_145501.csv
E2,ihawk1,marker_3_BR,25.0,20260808_145501,corner3,3,3,384.7912293333333,266.788554,0.0038584318489997783,0.014395074261723838,1.488749633337585e-05,-5.554241300015223e-05,-5.554241300015223e-05,0.0002072181630005441,E2\E2_dual_camera_height_scan\run_20260808_145501\raw\E2_dual_height_raw_20260808_145501.csv
E2,ihawk1,marker_3_BR,25.0,20260808_151001,marker_center,3,3,382.441096,253.37087,0.15039224287507882,0.1429308857140493,0.0226178267169967,-0.02129494527249938,-0.02129494527249938,0.020429238091002624,E2\E2_dual_camera_height_scan\run_20260808_151001\raw\E2_dual_height_raw_20260808_151001.csv
E2,ihawk1,marker_3_BR,25.0,20260808_151001,corner0,3,3,357.4297483333333,251.2758026666667,0.014804405909508867,0.004823304503490119,0.00021917043433350105,-3.6067558333420695e-05,-3.6067558333420695e-05,2.3264266333388066e-05,E2\E2_dual_camera_height_scan\run_20260808_151001\raw\E2_dual_height_raw_20260808_151001.csv
E2,ihawk1,marker_3_BR,25.0,20260808_151001,corner1,3,3,382.331441,239.05893466666666,0.015180126382877489,0.01516554325877323,0.00023043623700013318,0.00016345651250009122,0.00016345651250009122,0.00022999370233372216,E2\E2_dual_camera_height_scan\run_20260808_151001\raw\E2_dual_height_raw_20260808_151001.csv
E2,ihawk1,marker_3_BR,25.0,20260808_151001,corner2,3,3,407.3333333333333,254.66666666666666,0.5773502691896258,0.5773502691896257,0.33333333333333337,-0.3333333333333333,-0.3333333333333333,0.3333333333333333,E2\E2_dual_camera_height_scan\run_20260808_151001\raw\E2_dual_height_raw_20260808_151001.csv
E2,ihawk1,marker_3_BR,25.0,20260808_151001,corner3,3,3,382.669861,268.482076,0.05024413847405527,0.024947837321103717,0.002524473451000041,0.001188438373000516,0.001188438373000516,0.0006223945870002555,E2\E2_dual_camera_height_scan\run_20260808_151001\raw\E2_dual_height_raw_20260808_151001.csv
E2,ihawk1,marker_3_BR,25.0,20260808_162715,marker_center,3,3,385.32124833333336,251.86681866666663,0.13578678555858872,0.0027844491974759254,0.01843805113233416,-2.8237235333959948e-05,-2.8237235333959948e-05,7.753157333324325e-06,E2\E2_dual_camera_height_scan\run_20260808_162715\raw\E2_dual_height_raw_20260808_162715.csv
E2,ihawk1,marker_3_BR,25.0,20260808_162715,corner0,3,3,361.0904233333333,249.630091,0.02289805036097728,0.006719523495011836,0.0005243207103338516,-0.0001490201250000444,-0.0001490201250000444,4.515199600001608e-05,E2\E2_dual_camera_height_scan\run_20260808_162715\raw\E2_dual_height_raw_20260808_162715.csv
E2,ihawk1,marker_3_BR,25.0,20260808_162715,corner1,3,3,385.86123633333335,237.83718366666668,0.113862373000618,0.004433533617030039,0.012964639985331861,0.0004979127376666711,0.0004979127376666711,1.9656220333335462e-05,E2\E2_dual_camera_height_scan\run_20260808_162715\raw\E2_dual_height_raw_20260808_162715.csv
E2,ihawk1,marker_3_BR,25.0,20260808_162715,corner2,3,3,410.3333333333333,254.0,0.5773502691896258,0.0,0.33333333333333337,0.0,0.0,0.0,E2\E2_dual_camera_height_scan\run_20260808_162715\raw\E2_dual_height_raw_20260808_162715.csv
E2,ihawk1,marker_3_BR,25.0,20260808_162715,corner3,3,3,384.0,266.0,0.0,0.0,0.0,0.0,0.0,0.0,E2\E2_dual_camera_height_scan\run_20260808_162715\raw\E2_dual_height_raw_20260808_162715.csv
E2,ihawk1,marker_4_C,25.0,20260808_131913,marker_center,4,3,297.9974213333333,232.639407,0.013735256908169345,0.007355671349368957,0.0001886572823334137,8.639387850002899e-05,8.639387850002899e-05,5.4105900999927334e-05,E2\E2_dual_camera_height_scan\run_20260808_131913\raw\E2_dual_height_raw_20260808_131913.csv
E2,ihawk1,marker_4_C,25.0,20260808_131913,corner0,4,3,275.7092896666667,230.15883399999998,0.013118118627816984,0.0048443005687030215,0.00017208503633347897,6.349487399994048e-05,6.349487399994048e-05,2.3467247999936417e-05,E2\E2_dual_camera_height_scan\run_20260808_131913\raw\E2_dual_height_raw_20260808_131913.csv
E2,ihawk1,marker_4_C,25.0,20260808_131913,corner1,4,3,302.54745499999996,220.63612333333333,0.019779734502786136,0.012742179026097714,0.00039123789700070837,2.3912579499906544e-05,2.3912579499906544e-05,0.0001623631263331245,E2\E2_dual_camera_height_scan\run_20260808_131913\raw\E2_dual_height_raw_20260808_131913.csv
E2,ihawk1,marker_4_C,25.0,20260808_131913,corner2,4,3,320.433909,234.54455066666665,0.033280382750219044,0.0058639529613758725,0.0011075838760010773,0.0001850301309998359,0.0001850301309998359,3.4385944333228866e-05,E2\E2_dual_camera_height_scan\run_20260808_131913\raw\E2_dual_height_raw_20260808_131913.csv
E2,ihawk1,marker_4_C,25.0,20260808_131913,corner3,4,3,293.2990316666667,245.21811933333333,0.020367801656874674,0.03281274286512907,0.00041484734433378667,0.0006350917871667268,0.0006350917871667268,0.0010766760943330786,E2\E2_dual_camera_height_scan\run_20260808_131913\raw\E2_dual_height_raw_20260808_131913.csv
E2,ihawk1,marker_4_C,25.0,20260808_141232,marker_center,4,3,296.87006866666667,231.111492,0.017572294509628078,0.006376562632017092,0.0003087855343331051,-0.00011070824550000686,-0.00011070824550000686,4.066055100003674e-05,E2\E2_dual_camera_height_scan\run_20260808_141232\raw\E2_dual_height_raw_20260808_141232.csv
E2,ihawk1,marker_4_C,25.0,20260808_141232,corner0,4,3,274.91496766666666,228.59625233333335,0.02713342865052037,0.006494735201179557,0.0007362229503328797,-0.00016451546433343778,-0.00016451546433343778,4.2181585333440864e-05,E2\E2_dual_camera_height_scan\run_20260808_141232\raw\E2_dual_height_raw_20260808_141232.csv
E2,ihawk1,marker_4_C,25.0,20260808_141232,corner1,4,3,301.321187,219.31925966666665,0.10122524062210582,0.020812612530222045,0.010246549339003222,0.0021020032564999357,0.0021020032564999357,0.00043316484033315564,E2\E2_dual_camera_height_scan\run_20260808_141232\raw\E2_dual_height_raw_20260808_141232.csv
E2,ihawk1,marker_4_C,25.0,20260808_141232,corner2,4,3,319.407298,232.85326133333334,0.0007188581222816079,0.004331571116046599,5.167569999702391e-07,-1.3327824999795702e-06,-1.3327824999795702e-06,1.8762508333369173e-05,E2\E2_dual_camera_height_scan\run_20260808_141232\raw\E2_dual_height_raw_20260808_141232.csv
E2,ihawk1,marker_4_C,25.0,20260808_141232,corner3,4,3,291.8368223333334,243.67719499999998,0.010584740919523546,0.044073760980886695,0.00011203674033343617,0.00043633073050010124,0.00043633073050010124,0.0019424964070003307,E2\E2_dual_camera_height_scan\run_20260808_141232\raw\E2_dual_height_raw_20260808_141232.csv
E2,ihawk1,marker_4_C,25.0,20260808_145501,marker_center,4,3,298.8266753333333,232.09635933333334,0.023070097102794476,0.00702999468942233,0.000532229380332366,0.00014552860133320816,0.00014552860133320816,4.942082533330617e-05,E2\E2_dual_camera_height_scan\run_20260808_145501\raw\E2_dual_height_raw_20260808_145501.csv
E2,ihawk1,marker_4_C,25.0,20260808_145501,corner0,4,3,276.6723836666667,229.58108000000001,0.012335708019137208,0.01115962651705413,0.00015216969233340603,-0.00010644277400000307,-0.00010644277400000307,0.00012453726400013767,E2\E2_dual_camera_height_scan\run_20260808_145501\raw\E2_dual_height_raw_20260808_145501.csv
E2,ihawk1,marker_4_C,25.0,20260808_145501,corner1,4,3,303.5383096666667,220.40349833333335,0.04658434372547052,0.012219212508726998,0.002170101080332784,0.00028502174466709437,0.00028502174466709437,0.00014930915433343034,E2\E2_dual_camera_height_scan\run_20260808_145501\raw\E2_dual_height_raw_20260808_145501.csv
E2,ihawk1,marker_4_C,25.0,20260808_145501,corner2,4,3,321.1424663333333,233.704066,0.0026047246175483776,0.0020637826920436556,6.784590333262541e-06,1.9905034999850035e-06,1.9905034999850035e-06,4.2591989999789584e-06,E2\E2_dual_camera_height_scan\run_20260808_145501\raw\E2_dual_height_raw_20260808_145501.csv
E2,ihawk1,marker_4_C,25.0,20260808_145501,corner3,4,3,293.95354199999997,244.69679266666665,0.06060788256488525,0.009142030755437281,0.0036733154289989214,0.0005112939625000759,0.0005112939625000759,8.357672633336116e-05,E2\E2_dual_camera_height_scan\run_20260808_145501\raw\E2_dual_height_raw_20260808_145501.csv
E2,ihawk1,marker_4_C,25.0,20260808_151001,marker_center,4,3,296.920324,233.443396,0.0027407168770144513,0.009777861780568869,7.511528999951846e-06,-2.679815099990127e-05,-2.679815099990127e-05,9.56065809999094e-05,E2\E2_dual_camera_height_scan\run_20260808_151001\raw\E2_dual_height_raw_20260808_151001.csv
E2,ihawk1,marker_4_C,25.0,20260808_151001,corner0,4,3,274.7423806666667,230.87649033333332,0.0010750262012408436,0.0033128358445982907,1.155681333354319e-06,-3.561385333353002e-06,-3.561385333353002e-06,1.0974881333255269e-05,E2\E2_dual_camera_height_scan\run_20260808_151001\raw\E2_dual_height_raw_20260808_151001.csv
E2,ihawk1,marker_4_C,25.0,20260808_151001,corner1,4,3,301.50544233333335,221.49189233333334,0.044847749657388046,0.0071921864084126055,0.00201132064933175,0.00015376419333305787,0.00015376419333305787,5.172754533335501e-05,E2\E2_dual_camera_height_scan\run_20260808_151001\raw\E2_dual_height_raw_20260808_151001.csv
E2,ihawk1,marker_4_C,25.0,20260808_151001,corner2,4,3,319.549408,235.29585766666665,0.02235288592106137,0.0026705741579853394,0.0004996515089999836,4.080308049978386e-05,4.080308049978386e-05,7.131966333299104e-06,E2\E2_dual_camera_height_scan\run_20260808_151001\raw\E2_dual_height_raw_20260808_151001.csv
E2,ihawk1,marker_4_C,25.0,20260808_151001,corner3,4,3,291.884064,246.10934433333333,0.05807568369807008,0.028450532654658585,0.003372785036998282,-0.0014896019700003209,-0.0014896019700003209,0.0008094328083337946,E2\E2_dual_camera_height_scan\run_20260808_151001\raw\E2_dual_height_raw_20260808_151001.csv
E2,ihawk1,marker_4_C,25.0,20260808_162715,marker_center,4,3,300.1920293333333,232.04713933333335,0.006584523546420468,0.004475123387503482,4.335595033336558e-05,2.9199875333385856e-05,2.9199875333385856e-05,2.002672933338064e-05,E2\E2_dual_camera_height_scan\run_20260808_162715\raw\E2_dual_height_raw_20260808_162715.csv
E2,ihawk1,marker_4_C,25.0,20260808_162715,corner0,4,3,277.9917906666667,229.47200533333333,0.010828414488440347,0.005279509667890353,0.00011725456033346483,1.5013602666684513e-05,1.5013602666684513e-05,2.787322233334771e-05,E2\E2_dual_camera_height_scan\run_20260808_162715\raw\E2_dual_height_raw_20260808_162715.csv
E2,ihawk1,marker_4_C,25.0,20260808_162715,corner1,4,3,304.656474,220.26006099999998,0.031505493917740005,0.008883357867383288,0.0009925961470007526,0.000279864741500108,0.000279864741500108,7.891404700000057e-05,E2\E2_dual_camera_height_scan\run_20260808_162715\raw\E2_dual_height_raw_20260808_162715.csv
E2,ihawk1,marker_4_C,25.0,20260808_162715,corner2,4,3,322.73995966666666,233.75541666666666,0.0014519560369916102,0.0054758369527654355,2.1081763333563823e-06,3.829863833349668e-06,3.829863833349668e-06,2.9984790333271446e-05,E2\E2_dual_camera_height_scan\run_20260808_162715\raw\E2_dual_height_raw_20260808_162715.csv
E2,ihawk1,marker_4_C,25.0,20260808_162715,corner3,4,3,295.37989266666665,244.70107499999997,0.0012863363997558368,0.00029964478970771237,1.6546613333368079e-06,-3.8544399999821355e-07,-3.8544399999821355e-07,8.978699999897916e-08,E2\E2_dual_camera_height_scan\run_20260808_162715\raw\E2_dual_height_raw_20260808_162715.csv
E2,ihawk1,marker_0_TL,30.0,20260808_131913,marker_center,0,3,221.44279733333335,212.35484699999998,0.036781206564416934,0.0787748386161435,0.0013528571563343075,0.0028772281945009417,0.0028772281945009417,0.0062054751989994526,E2\E2_dual_camera_height_scan\run_20260808_131913\raw\E2_dual_height_raw_20260808_131913.csv
E2,ihawk1,marker_0_TL,30.0,20260808_131913,corner0,0,3,200.35347466666667,211.59494533333336,0.15909442181399935,0.33258583659309543,0.025311035052330757,0.05052720956466353,0.05052720956466353,0.11061333870232917,E2\E2_dual_camera_height_scan\run_20260808_131913\raw\E2_dual_height_raw_20260808_131913.csv
E2,ihawk1,marker_0_TL,30.0,20260808_131913,corner1,0,3,229.09835833333332,201.542206,0.012483774843115995,0.008688567027985516,0.00015584463433361578,-7.953894499996742e-05,-7.953894499996742e-05,7.549119699979706e-05,E2\E2_dual_camera_height_scan\run_20260808_131913\raw\E2_dual_height_raw_20260808_131913.csv
E2,ihawk1,marker_0_TL,30.0,20260808_131913,corner2,0,3,242.82629899999998,213.512848,0.01990229938977581,0.017819482063190287,0.00039610152100027054,-0.00012088496549994074,-0.00012088496549994074,0.0003175339410003604,E2\E2_dual_camera_height_scan\run_20260808_131913\raw\E2_dual_height_raw_20260808_131913.csv
E2,ihawk1,marker_0_TL,30.0,20260808_131913,corner3,0,3,213.49305733333335,222.76938866666669,0.01288193499957193,0.013332929323049303,0.00016594424933319627,-6.500025233318986e-05,-6.500025233318986e-05,0.00017776700433342794,E2\E2_dual_camera_height_scan\run_20260808_131913\raw\E2_dual_height_raw_20260808_131913.csv
E2,ihawk1,marker_0_TL,30.0,20260808_141232,marker_center,0,3,222.44306433333335,211.60338733333333,0.06511411540007117,0.011027764249082715,0.004239848024333786,-0.0006071906996668539,-0.0006071906996668539,0.00012161158433334684,E2\E2_dual_camera_height_scan\run_20260808_141232\raw\E2_dual_height_raw_20260808_141232.csv
E2,ihawk1,marker_0_TL,30.0,20260808_141232,corner0,0,3,201.67987566666667,209.04366566666667,0.2772380734248707,0.03896070567036638,0.07686094935633402,-0.010494347568165164,-0.010494347568165164,0.0015179365863329187,E2\E2_dual_camera_height_scan\run_20260808_141232\raw\E2_dual_height_raw_20260808_141232.csv
E2,ihawk1,marker_0_TL,30.0,20260808_141232,corner1,0,3,231.0,202.0,0.0,0.0,0.0,0.0,0.0,0.0,E2\E2_dual_camera_height_scan\run_20260808_141232\raw\E2_dual_height_raw_20260808_141232.csv
E2,ihawk1,marker_0_TL,30.0,20260808_141232,corner2,0,3,243.0600026666667,212.98014833333332,0.014179846167491272,0.02221835874526699,0.00020106803733371692,-0.00031494301733364795,-0.00031494301733364795,0.0004936554653333821,E2\E2_dual_camera_height_scan\run_20260808_141232\raw\E2_dual_height_raw_20260808_141232.csv
E2,ihawk1,marker_0_TL,30.0,20260808_141232,corner3,0,3,214.032379,222.38973466666667,0.01871447907369534,0.0051490129474884875,0.0003502317269997808,9.583159450010432e-05,9.583159450010432e-05,2.6512334333404084e-05,E2\E2_dual_camera_height_scan\run_20260808_141232\raw\E2_dual_height_raw_20260808_141232.csv
E2,ihawk1,marker_0_TL,30.0,20260808_145501,marker_center,0,3,221.826473,211.57733399999998,0.038015139563081404,0.007639867276342318,0.001445150836000557,0.00013836294200051955,0.00013836294200051955,5.8367572000126184e-05,E2\E2_dual_camera_height_scan\run_20260808_145501\raw\E2_dual_height_raw_20260808_145501.csv
E2,ihawk1,marker_0_TL,30.0,20260808_145501,corner0,0,3,201.9025323333333,209.16932699999998,0.00800575545051931,0.010815512516741609,6.409212033351963e-05,6.798048050005023e-05,6.798048050005023e-05,0.00011697531099979442,E2\E2_dual_camera_height_scan\run_20260808_145501\raw\E2_dual_height_raw_20260808_145501.csv
E2,ihawk1,marker_0_TL,30.0,20260808_145501,corner1,0,3,228.292923,200.80728633333334,0.02571303286273216,0.03264725595411221,0.000661160058999944,-0.0007041537030001867,-0.0007041537030001867,0.0010658433213333151,E2\E2_dual_camera_height_scan\run_20260808_145501\raw\E2_dual_height_raw_20260808_145501.csv
E2,ihawk1,marker_0_TL,30.0,20260808_145501,corner2,0,3,243.41122399999998,213.72719833333335,0.03392155219030792,0.013203713164611715,0.0011506717029997843,0.0003881465909999039,0.0003881465909999039,0.00017433804133334073,E2\E2_dual_camera_height_scan\run_20260808_145501\raw\E2_dual_height_raw_20260808_145501.csv
E2,ihawk1,marker_0_TL,30.0,20260808_145501,corner3,0,3,213.69921366666668,222.60552466666664,0.12370497511956985,0.025570290071359164,0.015302920869333395,0.0031572822753335584,0.0031572822753335584,0.000653839734333449,E2\E2_dual_camera_height_scan\run_20260808_145501\raw\E2_dual_height_raw_20260808_145501.csv
E2,ihawk1,marker_0_TL,30.0,20260808_151001,marker_center,0,3,221.46387066666668,212.808988,0.006466232622895255,0.014275916047662715,4.1812164333394845e-05,-4.0990489000166686e-05,-4.0990489000166686e-05,0.00020380177899991385,E2\E2_dual_camera_height_scan\run_20260808_151001\raw\E2_dual_height_raw_20260808_151001.csv
E2,ihawk1,marker_0_TL,30.0,20260808_151001,corner0,0,3,200.73057566666668,210.60021466666663,0.022095163324433842,0.05604879425406349,0.0004881962423334063,-0.0011585238436669593,-0.0011585238436669593,0.003141467337334341,E2\E2_dual_camera_height_scan\run_20260808_151001\raw\E2_dual_height_raw_20260808_151001.csv
E2,ihawk1,marker_0_TL,30.0,20260808_151001,corner1,0,3,229.16706833333333,202.27068600000004,0.018760159389870475,0.0035782850641084725,0.00035194358033334536,6.671672900005664e-05,6.671672900005664e-05,1.2804124000021774e-05,E2\E2_dual_camera_height_scan\run_20260808_151001\raw\E2_dual_height_raw_20260808_151001.csv
E2,ihawk1,marker_0_TL,30.0,20260808_151001,corner2,0,3,242.54014066666664,214.64845266666669,0.0013182755149529957,0.0015530828481858216,1.737850333324586e-06,-7.080371666716628e-07,-7.080371666716628e-07,2.412066333328984e-06,E2\E2_dual_camera_height_scan\run_20260808_151001\raw\E2_dual_height_raw_20260808_151001.csv
E2,ihawk1,marker_0_TL,30.0,20260808_151001,corner3,0,3,213.4176993333333,223.71659866666667,0.0013827538947132128,0.0005813917210829155,1.9120083333445587e-06,8.039216666814192e-07,8.039216666814192e-07,3.380163333437546e-07,E2\E2_dual_camera_height_scan\run_20260808_151001\raw\E2_dual_height_raw_20260808_151001.csv
E2,ihawk1,marker_0_TL,30.0,20260808_162715,marker_center,0,3,225.48273566666668,211.728067,0.015675085209758462,0.012331557363114955,0.00024570829633318854,0.00012131969700007214,0.00012131969700007214,0.00015206730699979465,E2\E2_dual_camera_height_scan\run_20260808_162715\raw\E2_dual_height_raw_20260808_162715.csv
E2,ihawk1,marker_0_TL,30.0,20260808_162715,corner0,0,3,204.91152433333332,209.38371800000002,0.02310093314853915,0.009016281328792045,0.0005336531123332749,-4.289186649995145e-05,-4.289186649995145e-05,8.129332899992403e-05,E2\E2_dual_camera_height_scan\run_20260808_162715\raw\E2_dual_height_raw_20260808_162715.csv
E2,ihawk1,marker_0_TL,30.0,20260808_162715,corner1,0,3,232.96696466666666,201.20079033333332,0.08188886397021702,0.04798759988093411,0.006705786042332707,0.0035414619711660114,0.0035414619711660114,0.0023028097423326275,E2\E2_dual_camera_height_scan\run_20260808_162715\raw\E2_dual_height_raw_20260808_162715.csv
E2,ihawk1,marker_0_TL,30.0,20260808_162715,corner2,0,3,246.41523766666668,213.61042266666666,0.002077865330890669,0.009093419672133174,4.317524333317389e-06,1.8760388333315747e-05,1.8760388333315747e-05,8.269028133353859e-05,E2\E2_dual_camera_height_scan\run_20260808_162715\raw\E2_dual_height_raw_20260808_162715.csv
E2,ihawk1,marker_0_TL,30.0,20260808_162715,corner3,0,3,217.63721733333333,222.71733600000002,0.025740443534131872,0.013203205633483152,0.0006625704333338314,0.00028894639000020004,0.00028894639000020004,0.00017432463900004126,E2\E2_dual_camera_height_scan\run_20260808_162715\raw\E2_dual_height_raw_20260808_162715.csv
E2,ihawk1,marker_1_TR,30.0,20260808_131913,marker_center,1,3,294.236987,189.38850033333333,0.070679866984889,0.02503467527916233,0.004995643597001601,-0.0012839124134997719,-0.0012839124134997719,0.0006267349663331015,E2\E2_dual_camera_height_scan\run_20260808_131913\raw\E2_dual_height_raw_20260808_131913.csv
E2,ihawk1,marker_1_TR,30.0,20260808_131913,corner0,1,3,275.218394,187.91372166666667,0.003334452878664543,0.04131270666916706,1.1118576000034257e-05,-7.03835240005099e-05,-7.03835240005099e-05,0.0017067397323326404,E2\E2_dual_camera_height_scan\run_20260808_131913\raw\E2_dual_height_raw_20260808_131913.csv
E2,ihawk1,marker_1_TR,30.0,20260808_131913,corner1,1,3,297.8824563333333,181.26938866666669,0.025706933934888314,0.02413813775612848,0.0006608464523327124,-0.000330066142833171,-0.000330066142833171,0.0005826496943338353,E2\E2_dual_camera_height_scan\run_20260808_131913\raw\E2_dual_height_raw_20260808_131913.csv
E2,ihawk1,marker_1_TR,30.0,20260808_131913,corner2,1,3,312.70681766666667,190.60194433333334,0.006757903841677917,0.008011287620189891,4.566926433336514e-05,8.905949666574558e-06,8.905949666574558e-06,6.418072933340782e-05,E2\E2_dual_camera_height_scan\run_20260808_131913\raw\E2_dual_height_raw_20260808_131913.csv
E2,ihawk1,marker_1_TR,30.0,20260808_131913,corner3,1,3,291.140279,197.76894633333333,0.2739036620255129,0.08607187351471977,0.0750232160709864,-0.023504573251998877,-0.023504573251998877,0.007408367410333919,E2\E2_dual_camera_height_scan\run_20260808_131913\raw\E2_dual_height_raw_20260808_131913.csv
E2,ihawk1,marker_1_TR,30.0,20260808_141232,marker_center,1,3,294.1859053333333,189.00609333333333,0.014453530272332746,0.006379279766022743,0.00020890453733323912,8.629060433314478e-05,8.629060433314478e-05,4.069521033318718e-05,E2\E2_dual_camera_height_scan\run_20260808_141232\raw\E2_dual_height_raw_20260808_141232.csv
E2,ihawk1,marker_1_TR,30.0,20260808_141232,corner0,1,3,275.3682353333333,187.28752633333332,0.008375256195066827,0.02525473449343257,7.014491633300525e-05,0.00021151429583291163,0.00021151429583291163,0.0006378016143337728,E2\E2_dual_camera_height_scan\run_20260808_141232\raw\E2_dual_height_raw_20260808_141232.csv
E2,ihawk1,marker_1_TR,30.0,20260808_141232,corner1,1,3,297.88958733333334,180.71228499999998,0.02402332600480668,0.009266318362757084,0.0005771201923332209,-3.142200199964519e-05,-3.142200199964519e-05,8.586465599996912e-05,E2\E2_dual_camera_height_scan\run_20260808_141232\raw\E2_dual_height_raw_20260808_141232.csv
E2,ihawk1,marker_1_TR,30.0,20260808_141232,corner2,1,3,312.8513996666666,190.33903466666666,0.003773468740222689,0.006741120777234755,1.4239066333437807e-05,2.482751733337786e-05,2.482751733337786e-05,4.54427093332661e-05,E2\E2_dual_camera_height_scan\run_20260808_141232\raw\E2_dual_height_raw_20260808_141232.csv
E2,ihawk1,marker_1_TR,30.0,20260808_141232,corner3,1,3,290.6343993333333,197.68552666666665,0.05891113604687449,0.004593009289488951,0.0034705219503333553,-0.00027028765833333833,-0.00027028765833333833,2.1095734333331803e-05,E2\E2_dual_camera_height_scan\run_20260808_141232\raw\E2_dual_height_raw_20260808_141232.csv
E2,ihawk1,marker_1_TR,30.0,20260808_145501,marker_center,1,3,294.999011,189.54606,0.015213761500701058,0.011153925004240629,0.0002314585390002137,-2.9429515000136922e-05,-2.9429515000136922e-05,0.00012441004300022432,E2\E2_dual_camera_height_scan\run_20260808_145501\raw\E2_dual_height_raw_20260808_145501.csv
E2,ihawk1,marker_1_TR,30.0,20260808_145501,corner0,1,3,276.127543,188.14668766666668,0.0003175342501250193,0.009336728888283187,1.0082800000245832e-07,1.9989869998658487e-06,1.9989869998658487e-06,8.717450633330181e-05,E2\E2_dual_camera_height_scan\run_20260808_145501\raw\E2_dual_height_raw_20260808_145501.csv
E2,ihawk1,marker_1_TR,30.0,20260808_145501,corner1,1,3,298.45569900000004,181.40964233333332,0.01934102786824659,0.034203131104239184,0.00037407535900029116,0.0004960321170001458,0.0004960321170001458,0.001169854177333774,E2\E2_dual_camera_height_scan\run_20260808_145501\raw\E2_dual_height_raw_20260808_145501.csv
E2,ihawk1,marker_1_TR,30.0,20260808_145501,corner2,1,3,313.515371,190.73271699999998,0.021613009207440293,0.017033112428441584,0.0004671221670008989,-0.0003675914235002995,-0.0003675914235002995,0.00029012691899993115,E2\E2_dual_camera_height_scan\run_20260808_145501\raw\E2_dual_height_raw_20260808_145501.csv
E2,ihawk1,marker_1_TR,30.0,20260808_145501,corner3,1,3,291.8974303333333,197.89519266666665,0.04794652026304444,0.02462177171394332,0.0022988688053345308,-0.0011724730193338174,-0.0011724730193338174,0.0006062316423335393,E2\E2_dual_camera_height_scan\run_20260808_145501\raw\E2_dual_height_raw_20260808_145501.csv
E2,ihawk1,marker_1_TR,30.0,20260808_151001,marker_center,1,3,293.987994,189.89105633333335,0.03935988598815854,0.006233381853650074,0.001549200625000839,-0.00024534517500032104,-0.00024534517500032104,3.885504933341403e-05,E2\E2_dual_camera_height_scan\run_20260808_151001\raw\E2_dual_height_raw_20260808_151001.csv
E2,ihawk1,marker_1_TR,30.0,20260808_151001,corner0,1,3,275.15066533333334,188.35205600000003,0.007585242668057128,0.0225287433293437,5.753590633331442e-05,-0.00017084176899987406,-0.00017084176899987406,0.0005075442759994482,E2\E2_dual_camera_height_scan\run_20260808_151001\raw\E2_dual_height_raw_20260808_151001.csv
E2,ihawk1,marker_1_TR,30.0,20260808_151001,corner1,1,3,297.506968,181.57321166666668,0.04586784829266515,0.0038104884638773652,0.0021038595069989455,5.973409149981386e-05,5.973409149981386e-05,1.4519822333342484e-05,E2\E2_dual_camera_height_scan\run_20260808_151001\raw\E2_dual_height_raw_20260808_151001.csv
E2,ihawk1,marker_1_TR,30.0,20260808_151001,corner2,1,3,312.788157,190.855591,0.0031734802662195705,0.015132004394653807,1.0070977000085036e-05,2.5171370500108234e-05,2.5171370500108234e-05,0.0002289775569998221,E2\E2_dual_camera_height_scan\run_20260808_151001\raw\E2_dual_height_raw_20260808_151001.csv
E2,ihawk1,marker_1_TR,30.0,20260808_151001,corner3,1,3,290.506185,198.783366,0.12427528929355783,0.013308858966867348,0.015444347528997489,-0.00161792165399962,-0.00161792165399962,0.00017712572699996542,E2\E2_dual_camera_height_scan\run_20260808_151001\raw\E2_dual_height_raw_20260808_151001.csv
E2,ihawk1,marker_1_TR,30.0,20260808_162715,marker_center,1,3,297.55488833333334,188.95470833333334,0.02415233467666923,0.011852951798321782,0.0005833352703338389,-0.00027346846516670004,-0.00027346846516670004,0.00014049246633333957,E2\E2_dual_camera_height_scan\run_20260808_162715\raw\E2_dual_height_raw_20260808_162715.csv
E2,ihawk1,marker_1_TR,30.0,20260808_162715,corner0,1,3,278.470042,187.264633,0.02395363999479512,0.010495010862310177,0.0005737768690002484,-0.00019439185249995092,-0.00019439185249995092,0.00011014525300000861,E2\E2_dual_camera_height_scan\run_20260808_162715\raw\E2_dual_height_raw_20260808_162715.csv
E2,ihawk1,marker_1_TR,30.0,20260808_162715,corner1,1,3,300.77813733333335,180.56694533333334,0.0183902087354657,0.0037613396992647163,0.0003381997773339989,5.221132333331215e-05,5.221132333331215e-05,1.4147676333264787e-05,E2\E2_dual_camera_height_scan\run_20260808_162715\raw\E2_dual_height_raw_20260808_162715.csv
E2,ihawk1,marker_1_TR,30.0,20260808_162715,corner2,1,3,316.20398966666664,190.34749333333335,0.015205078570426639,0.008005442044835722,0.00023119441433284738,-1.7527553833488016e-05,-1.7527553833488016e-05,6.408710233322353e-05,E2\E2_dual_camera_height_scan\run_20260808_162715\raw\E2_dual_height_raw_20260808_162715.csv
E2,ihawk1,marker_1_TR,30.0,20260808_162715,corner3,1,3,294.76738466666666,197.63976033333333,0.108361734031582,0.04827489158281965,0.011742265402331318,-0.0050938482993323885,-0.0050938482993323885,0.002330465157332991,E2\E2_dual_camera_height_scan\run_20260808_162715\raw\E2_dual_height_raw_20260808_162715.csv
E2,ihawk1,marker_2_BL,30.0,20260808_131913,marker_center,2,3,301.5378523333333,287.39655066666666,0.002144113181093702,0.009917801890199893,4.597221333339755e-06,-1.9162033333302444e-05,-1.9162033333302444e-05,9.83627943332526e-05,E2\E2_dual_camera_height_scan\run_20260808_131913\raw\E2_dual_height_raw_20260808_131913.csv
E2,ihawk1,marker_2_BL,30.0,20260808_131913,corner0,2,3,273.712667,283.84493,0.015989588581331565,0.01920585121781083,0.00025566694300024873,-0.00030688076850043857,-0.00030688076850043857,0.0003688647210006858,E2\E2_dual_camera_height_scan\run_20260808_131913\raw\E2_dual_height_raw_20260808_131913.csv
E2,ihawk1,marker_2_BL,30.0,20260808_131913,corner1,2,3,306.40138766666666,269.5283,0.01607360022934404,0.006335661054679722,0.0002583606243327688,-5.887503349980602e-05,-5.887503349980602e-05,4.0140600999785364e-05,E2\E2_dual_camera_height_scan\run_20260808_131913\raw\E2_dual_height_raw_20260808_131913.csv
E2,ihawk1,marker_2_BL,30.0,20260808_131913,corner2,2,3,329.7853803333333,289.76443466666666,0.005988566968269987,0.026092712743859284,3.586293433345438e-05,0.00015534703416695734,0.00015534703416695734,0.0006808296583335566,E2\E2_dual_camera_height_scan\run_20260808_131913\raw\E2_dual_height_raw_20260808_131913.csv
E2,ihawk1,marker_2_BL,30.0,20260808_131913,corner3,2,3,296.25197333333335,306.4485373333334,0.014113055457013485,0.0050304752591747316,0.0001991783343327381,-6.676766566632715e-05,-6.676766566632715e-05,2.530568133316908e-05,E2\E2_dual_camera_height_scan\run_20260808_131913\raw\E2_dual_height_raw_20260808_131913.csv
E2,ihawk1,marker_2_BL,30.0,20260808_141232,marker_center,2,3,299.76233699999995,286.2683436666667,0.003366198449300811,0.01228596424110431,1.1331292000075185e-05,4.133625600018058e-05,4.133625600018058e-05,0.00015094491733369378,E2\E2_dual_camera_height_scan\run_20260808_141232\raw\E2_dual_height_raw_20260808_141232.csv
E2,ihawk1,marker_2_BL,30.0,20260808_141232,corner0,2,3,272.29303999999996,282.6639303333333,0.008625026840516643,0.0010836167834147115,7.43910879996325e-05,8.081907999871512e-06,8.081907999871512e-06,1.1742253332980457e-06,E2\E2_dual_camera_height_scan\run_20260808_141232\raw\E2_dual_height_raw_20260808_141232.csv
E2,ihawk1,marker_2_BL,30.0,20260808_141232,corner1,2,3,304.7299296666667,268.5674133333334,0.013371577107171382,0.010651051419130354,0.0001787990743330298,-0.00012527344733304348,-0.00012527344733304348,0.00011344489633295872,E2\E2_dual_camera_height_scan\run_20260808_141232\raw\E2_dual_height_raw_20260808_141232.csv
E2,ihawk1,marker_2_BL,30.0,20260808_141232,corner2,2,3,327.8219503333333,288.93067433333334,0.009662469059873927,0.035465487030825985,9.336330833302092e-05,0.0003416637133328082,0.0003416637133328082,0.0012578007703336863,E2\E2_dual_camera_height_scan\run_20260808_141232\raw\E2_dual_height_raw_20260808_141232.csv
E2,ihawk1,marker_2_BL,30.0,20260808_141232,corner3,2,3,294.20442699999995,304.91135633333334,0.021881291758035163,0.01725791373061823,0.0004787909290002576,0.0002730114895000622,0.0002730114895000622,0.0002978355863334612,E2\E2_dual_camera_height_scan\run_20260808_141232\raw\E2_dual_height_raw_20260808_141232.csv
E2,ihawk1,marker_2_BL,30.0,20260808_145501,marker_center,2,3,300.69331366666665,287.599551,0.012888434557134319,0.017350461895845302,0.00016611174533353408,2.281224800016125e-05,2.281224800016125e-05,0.00030103852799917975,E2\E2_dual_camera_height_scan\run_20260808_145501\raw\E2_dual_height_raw_20260808_145501.csv
E2,ihawk1,marker_2_BL,30.0,20260808_145501,corner0,2,3,273.03281633333336,283.676951,0.004547798295158752,0.004142279203529483,2.068246933344885e-05,-1.578430000002455e-05,-1.578430000002455e-05,1.7158476999992847e-05,E2\E2_dual_camera_height_scan\run_20260808_145501\raw\E2_dual_height_raw_20260808_145501.csv
E2,ihawk1,marker_2_BL,30.0,20260808_145501,corner1,2,3,305.7659203333333,269.78547133333336,0.01357608457299548,0.0031437424088674466,0.00018431007233312587,-3.7623777166646015e-05,-3.7623777166646015e-05,9.883116333311696e-06,E2\E2_dual_camera_height_scan\run_20260808_145501\raw\E2_dual_height_raw_20260808_145501.csv
E2,ihawk1,marker_2_BL,30.0,20260808_145501,corner2,2,3,328.9419963333333,290.2268883333333,0.045533802875827444,0.04283586816363553,0.0020733272043347113,0.001284348159332746,0.001284348159332746,0.0018349116013323637,E2\E2_dual_camera_height_scan\run_20260808_145501\raw\E2_dual_height_raw_20260808_145501.csv
E2,ihawk1,marker_2_BL,30.0,20260808_145501,corner3,2,3,295.0325213333333,306.70889300000005,0.029345584988782425,0.022515422469934904,0.0008611633583338524,-0.000379044557499998,-0.000379044557499998,0.0005069442489996496,E2\E2_dual_camera_height_scan\run_20260808_145501\raw\E2_dual_height_raw_20260808_145501.csv
E2,ihawk1,marker_2_BL,30.0,20260808_151001,marker_center,2,3,300.8621726666667,288.470769,0.00460060369225137,0.018069542246550493,2.1165554333156937e-05,-5.444162949989785e-05,-5.444162949989785e-05,0.00032650835699987306,E2\E2_dual_camera_height_scan\run_20260808_151001\raw\E2_dual_height_raw_20260808_151001.csv
E2,ihawk1,marker_2_BL,30.0,20260808_151001,corner0,2,3,272.9238383333333,284.71998099999996,0.003297195828782138,0.01742553738052164,1.087150033333833e-05,-5.742643650000919e-05,-5.742643650000919e-05,0.00030364935299995703,E2\E2_dual_camera_height_scan\run_20260808_151001\raw\E2_dual_height_raw_20260808_151001.csv
E2,ihawk1,marker_2_BL,30.0,20260808_151001,corner1,2,3,305.96802766666667,270.5732216666667,0.022138834891039856,0.0075715521085914445,0.0004901280103327238,0.00013511260233278345,0.00013511260233278345,5.7328401333115555e-05,E2\E2_dual_camera_height_scan\run_20260808_151001\raw\E2_dual_height_raw_20260808_151001.csv
E2,ihawk1,marker_2_BL,30.0,20260808_151001,corner2,2,3,329.3185016666667,291.121267,0.00501277421527578,0.06717863446811279,2.512790533333371e-05,0.0002945479909991916,0.0002945479909991916,0.004512968929000312,E2\E2_dual_camera_height_scan\run_20260808_151001\raw\E2_dual_height_raw_20260808_151001.csv
E2,ihawk1,marker_2_BL,30.0,20260808_151001,corner3,2,3,295.23832166666665,307.4686076666666,0.012618118811185984,0.012866539951881332,0.00015921692233320558,-3.156919516668016e-05,-3.156919516668016e-05,0.0001655478503333585,E2\E2_dual_camera_height_scan\run_20260808_151001\raw\E2_dual_height_raw_20260808_151001.csv
E2,ihawk1,marker_2_BL,30.0,20260808_162715,marker_center,2,3,305.5741703333333,287.31007900000003,0.0029987297866388056,0.006293956466344434,8.992380333274816e-06,6.658251999954752e-06,6.658251999954752e-06,3.961388800023892e-05,E2\E2_dual_camera_height_scan\run_20260808_162715\raw\E2_dual_height_raw_20260808_162715.csv
E2,ihawk1,marker_2_BL,30.0,20260808_162715,corner0,2,3,277.7394716666667,283.68340066666667,0.0025014304574393713,0.0015709431349708756,6.257154333405343e-06,-3.927476166673048e-06,-3.927476166673048e-06,2.4678623333121225e-06,E2\E2_dual_camera_height_scan\run_20260808_162715\raw\E2_dual_height_raw_20260808_162715.csv
E2,ihawk1,marker_2_BL,30.0,20260808_162715,corner1,2,3,310.4706116666666,269.364746,0.004409886204135516,0.0010315963357731845,1.944709633342475e-05,4.5316100001069436e-07,4.5316100001069436e-07,1.064190999980661e-06,E2\E2_dual_camera_height_scan\run_20260808_162715\raw\E2_dual_height_raw_20260808_162715.csv
E2,ihawk1,marker_2_BL,30.0,20260808_162715,corner2,2,3,333.7958273333333,289.75630700000005,0.0027143355233625443,0.004645782711244826,7.367617333387817e-06,-8.424705000008427e-06,-8.424705000008427e-06,2.1583297000101328e-05,E2\E2_dual_camera_height_scan\run_20260808_162715\raw\E2_dual_height_raw_20260808_162715.csv
E2,ihawk1,marker_2_BL,30.0,20260808_162715,corner3,2,3,300.29077166666667,306.4358623333333,0.015510189435752402,0.02177748117512164,0.00024056597633292543,0.0002269789131666283,0.0002269789131666283,0.0004742586863327775,E2\E2_dual_camera_height_scan\run_20260808_162715\raw\E2_dual_height_raw_20260808_162715.csv
E2,ihawk1,marker_3_BR,30.0,20260808_131913,marker_center,3,3,383.44746366666664,248.84834033333334,0.01309685177184468,0.005663847308433798,0.00017152752633367113,6.37404411665935e-05,6.37404411665935e-05,3.2079166333252783e-05,E2\E2_dual_camera_height_scan\run_20260808_131913\raw\E2_dual_height_raw_20260808_131913.csv
E2,ihawk1,marker_3_BR,30.0,20260808_131913,corner0,3,3,358.46070333333336,246.4159646666667,0.015132161852624263,0.02318187603136184,0.00022898232233401698,0.0002810439091672587,0.0002810439091672587,0.0005373993763334285,E2\E2_dual_camera_height_scan\run_20260808_131913\raw\E2_dual_height_raw_20260808_131913.csv
E2,ihawk1,marker_3_BR,30.0,20260808_131913,corner1,3,3,382.9888,234.96448266666667,0.0016126090660773507,0.0006431643128665146,2.6005079999948654e-06,-1.0176710000167925e-06,-1.0176710000167925e-06,4.1366033334505587e-07,E2\E2_dual_camera_height_scan\run_20260808_131913\raw\E2_dual_height_raw_20260808_131913.csv
E2,ihawk1,marker_3_BR,30.0,20260808_131913,corner2,3,3,407.97680666666673,250.41031399999997,0.043995404866106515,0.02444047239724104,0.0019355956493326287,0.001074730541000094,0.001074730541000094,0.0005973366910003011,E2\E2_dual_camera_height_scan\run_20260808_131913\raw\E2_dual_height_raw_20260808_131913.csv
E2,ihawk1,marker_3_BR,30.0,20260808_131913,corner3,3,3,384.36354566666665,263.6026003333334,0.06300821580026537,0.037170101766537136,0.003970035258332811,0.002073280581668275,0.002073280581668275,0.0013816164653347274,E2\E2_dual_camera_height_scan\run_20260808_131913\raw\E2_dual_height_raw_20260808_131913.csv
E2,ihawk1,marker_3_BR,30.0,20260808_141232,marker_center,3,3,382.0153683333333,248.477711,0.0030039158332546565,0.0038191417884130686,9.023510333278017e-06,9.981581000007714e-06,9.981581000007714e-06,1.4585844000002974e-05,E2\E2_dual_camera_height_scan\run_20260808_141232\raw\E2_dual_height_raw_20260808_141232.csv
E2,ihawk1,marker_3_BR,30.0,20260808_141232,corner0,3,3,357.2307636666667,246.07811,0.004400712707429549,0.010908839397479407,1.936627233333191e-05,4.617342149995604e-05,4.617342149995604e-05,0.00011900277699999888,E2\E2_dual_camera_height_scan\run_20260808_141232\raw\E2_dual_height_raw_20260808_141232.csv
E2,ihawk1,marker_3_BR,30.0,20260808_141232,corner1,3,3,381.7677813333333,234.46330766666665,0.021333424486785265,0.006326385408210417,0.0004551150003333692,7.164151566641011e-05,7.164151566641011e-05,4.002315233321769e-05,E2\E2_dual_camera_height_scan\run_20260808_141232\raw\E2_dual_height_raw_20260808_141232.csv
E2,ihawk1,marker_3_BR,30.0,20260808_141232,corner2,3,3,406.636078,250.040965,0.006684841583746684,0.008344086109346416,4.468710699978888e-05,5.4412614499935223e-05,5.4412614499935223e-05,6.96237730001878e-05,E2\E2_dual_camera_height_scan\run_20260808_141232\raw\E2_dual_height_raw_20260808_141232.csv
E2,ihawk1,marker_3_BR,30.0,20260808_141232,corner3,3,3,382.4268493333334,263.32846033333334,0.01942538911663861,0.0036808412534623885,0.00037734574233282175,6.975931733297905e-05,6.975931733297905e-05,1.3548592333190568e-05,E2\E2_dual_camera_height_scan\run_20260808_141232\raw\E2_dual_height_raw_20260808_141232.csv
E2,ihawk1,marker_3_BR,30.0,20260808_145501,marker_center,3,3,382.50067633333333,248.88077033333334,0.004218255721663404,0.004052189819497669,1.779368133334605e-05,-1.5128473666646323e-05,-1.5128473666646323e-05,1.6420242333240546e-05,E2\E2_dual_camera_height_scan\run_20260808_145501\raw\E2_dual_height_raw_20260808_145501.csv
E2,ihawk1,marker_3_BR,30.0,20260808_145501,corner0,3,3,358.20729566666665,246.57937133333334,0.0016206222055931037,0.006783288312714047,2.626416333261456e-06,1.099314766652456e-05,1.099314766652456e-05,4.601300033340298e-05,E2\E2_dual_camera_height_scan\run_20260808_145501\raw\E2_dual_height_raw_20260808_145501.csv
E2,ihawk1,marker_3_BR,30.0,20260808_145501,corner1,3,3,382.79541033333334,234.94371033333334,0.017814273331606973,0.010782909873200732,0.0003173483343332034,-0.0001911546636668395,-0.0001911546636668395,0.00011627114533356983,E2\E2_dual_camera_height_scan\run_20260808_145501\raw\E2_dual_height_raw_20260808_145501.csv
E2,ihawk1,marker_3_BR,30.0,20260808_145501,corner2,3,3,407.0,251.0,0.0,0.0,0.0,0.0,0.0,0.0,E2\E2_dual_camera_height_scan\run_20260808_145501\raw\E2_dual_height_raw_20260808_145501.csv
E2,ihawk1,marker_3_BR,30.0,20260808_145501,corner3,3,3,382.0,263.0,0.0,0.0,0.0,0.0,0.0,0.0,E2\E2_dual_camera_height_scan\run_20260808_145501\raw\E2_dual_height_raw_20260808_145501.csv
E2,ihawk1,marker_3_BR,30.0,20260808_151001,marker_center,3,3,382.208537,249.420405,0.00953334757575168,0.004959179468416645,9.088471600009043e-05,2.0674611999975293e-05,2.0674611999975293e-05,2.4593460999965195e-05,E2\E2_dual_camera_height_scan\run_20260808_151001\raw\E2_dual_height_raw_20260808_151001.csv
E2,ihawk1,marker_3_BR,30.0,20260808_151001,corner0,3,3,358.085927,247.15780633333335,0.007515919571130681,0.0077153808935893275,5.648904699970521e-05,-5.264377399973662e-05,-5.264377399973662e-05,5.952710233316325e-05,E2\E2_dual_camera_height_scan\run_20260808_151001\raw\E2_dual_height_raw_20260808_151001.csv
E2,ihawk1,marker_3_BR,30.0,20260808_151001,corner1,3,3,382.74821966666667,235.52381366666668,0.03312734134115545,0.015663814169394004,0.0010974207443334267,0.0004311367073336849,0.0004311367073336849,0.00024535507433330833,E2\E2_dual_camera_height_scan\run_20260808_151001\raw\E2_dual_height_raw_20260808_151001.csv
E2,ihawk1,marker_3_BR,30.0,20260808_151001,corner2,3,3,407.0,252.0,0.0,0.0,0.0,0.0,0.0,0.0,E2\E2_dual_camera_height_scan\run_20260808_151001\raw\E2_dual_height_raw_20260808_151001.csv
E2,ihawk1,marker_3_BR,30.0,20260808_151001,corner3,3,3,381.0,263.0,0.0,0.0,0.0,0.0,0.0,0.0,E2\E2_dual_camera_height_scan\run_20260808_151001\raw\E2_dual_height_raw_20260808_151001.csv
E2,ihawk1,marker_3_BR,30.0,20260808_162715,marker_center,3,3,386.9023333333333,248.73268266666665,0.00452378606184393,0.0008810790732646866,2.0464640333333414e-05,-2.490271833381736e-06,-2.490271833381736e-06,7.763003333449591e-07,E2\E2_dual_camera_height_scan\run_20260808_162715\raw\E2_dual_height_raw_20260808_162715.csv
E2,ihawk1,marker_3_BR,30.0,20260808_162715,corner0,3,3,362.04440300000005,246.28954099999999,0.008137576051883946,0.004415009739517884,6.62201440001951e-05,-1.6597446000041847e-05,-1.6597446000041847e-05,1.9492311000037774e-05,E2\E2_dual_camera_height_scan\run_20260808_162715\raw\E2_dual_height_raw_20260808_162715.csv
E2,ihawk1,marker_3_BR,30.0,20260808_162715,corner1,3,3,386.5960896666666,234.76580833333333,0.00866161303298829,0.002709744329885744,7.502354033323259e-05,2.33514271666708e-05,2.33514271666708e-05,7.342714333347942e-06,E2\E2_dual_camera_height_scan\run_20260808_162715\raw\E2_dual_height_raw_20260808_162715.csv
E2,ihawk1,marker_3_BR,30.0,20260808_162715,corner2,3,3,411.79955033333334,250.456853,0.0018032310815244243,0.0008625062318701733,3.2516423333757447e-06,1.2956675000101758e-06,1.2956675000101758e-06,7.439170000148853e-07,E2\E2_dual_camera_height_scan\run_20260808_162715\raw\E2_dual_height_raw_20260808_162715.csv
E2,ihawk1,marker_3_BR,30.0,20260808_162715,corner3,3,3,387.169291,263.41852833333337,0.01853677126684819,0.002916234787061533,0.00034361188899944867,5.405007399974254e-05,5.405007399974254e-05,8.504425333267825e-06,E2\E2_dual_camera_height_scan\run_20260808_162715\raw\E2_dual_height_raw_20260808_162715.csv
E2,ihawk1,marker_4_C,30.0,20260808_131913,marker_center,4,3,297.0926743333334,229.508794,0.01705488365052263,0.001712637439736189,0.000290869056332864,-2.250776099992344e-05,-2.250776099992344e-05,2.933126999986128e-06,E2\E2_dual_camera_height_scan\run_20260808_131913\raw\E2_dual_height_raw_20260808_131913.csv
E2,ihawk1,marker_4_C,30.0,20260808_131913,corner0,4,3,274.7433676666667,227.12907933333335,0.05560085994240139,0.017467220967664933,0.0030914556263345353,-0.000969846760833365,-0.000969846760833365,0.0003051038083332335,E2\E2_dual_camera_height_scan\run_20260808_131913\raw\E2_dual_height_raw_20260808_131913.csv
E2,ihawk1,marker_4_C,30.0,20260808_131913,corner1,4,3,301.4101256666667,217.52253233333332,0.004965819603388451,0.01845706329115,2.4659364333397035e-05,-8.402757033353469e-05,-8.402757033353469e-05,0.00034066318533351687,E2\E2_dual_camera_height_scan\run_20260808_131913\raw\E2_dual_height_raw_20260808_131913.csv
E2,ihawk1,marker_4_C,30.0,20260808_131913,corner2,4,3,319.668772,231.26029966666667,0.013099461362981573,0.01313601040397444,0.00017159588800024704,0.00017183743600010076,0.00017183743600010076,0.00017255476933332475,E2\E2_dual_camera_height_scan\run_20260808_131913\raw\E2_dual_height_raw_20260808_131913.csv
E2,ihawk1,marker_4_C,30.0,20260808_131913,corner3,4,3,292.5484313333333,242.12326566666664,0.030264183457237942,0.00786873028723299,0.0009159208003333547,0.00020761744616630735,0.00020761744616630735,6.191691633321777e-05,E2\E2_dual_camera_height_scan\run_20260808_131913\raw\E2_dual_height_raw_20260808_131913.csv
E2,ihawk1,marker_4_C,30.0,20260808_141232,marker_center,4,3,296.41533899999996,228.97435366666664,0.009841312768120296,0.004368504587765515,9.685143699996756e-05,-3.730838999998214e-05,-3.730838999998214e-05,1.9083832333328352e-05,E2\E2_dual_camera_height_scan\run_20260808_141232\raw\E2_dual_height_raw_20260808_141232.csv
E2,ihawk1,marker_4_C,30.0,20260808_141232,corner0,4,3,274.3699746666667,226.57956466666667,0.00841605016222306,0.006198300600443144,7.08299003330548e-05,-3.654777816669689e-05,-3.654777816669689e-05,3.841893033345384e-05,E2\E2_dual_camera_height_scan\run_20260808_141232\raw\E2_dual_height_raw_20260808_141232.csv
E2,ihawk1,marker_4_C,30.0,20260808_141232,corner1,4,3,300.687195,217.22246800000002,0.0028097154660205632,0.008066891408724354,7.894500999995151e-06,2.2629933000019856e-05,2.2629933000019856e-05,6.50747370001508e-05,E2\E2_dual_camera_height_scan\run_20260808_141232\raw\E2_dual_height_raw_20260808_141232.csv
E2,ihawk1,marker_4_C,30.0,20260808_141232,corner2,4,3,318.91326900000007,230.619822,0.006093884065195791,0.0044508968759033336,3.713542300004718e-05,-2.6010209499976388e-05,-2.6010209499976388e-05,1.9810482999926057e-05,E2\E2_dual_camera_height_scan\run_20260808_141232\raw\E2_dual_height_raw_20260808_141232.csv
E2,ihawk1,marker_4_C,30.0,20260808_141232,corner3,4,3,291.690918,241.47556066666667,0.025005799407323254,0.013162251263871749,0.000625290003999288,-0.00030029030999973247,-0.00030029030999973247,0.00017324485833329344,E2\E2_dual_camera_height_scan\run_20260808_141232\raw\E2_dual_height_raw_20260808_141232.csv
E2,ihawk1,marker_4_C,30.0,20260808_145501,marker_center,4,3,297.22109233333333,229.79952100000003,0.008267899753455007,0.008088922610582328,6.835816633318136e-05,-5.827001049998117e-05,-5.827001049998117e-05,6.543066899999001e-05,E2\E2_dual_camera_height_scan\run_20260808_145501\raw\E2_dual_height_raw_20260808_145501.csv
E2,ihawk1,marker_4_C,30.0,20260808_145501,corner0,4,3,275.02075199999996,227.3725026666667,0.0001859354726851925,0.00013674916209409233,3.4572000002665964e-08,2.5193000000988437e-08,2.5193000000988437e-08,1.8700333333436335e-08,E2\E2_dual_camera_height_scan\run_20260808_145501\raw\E2_dual_height_raw_20260808_145501.csv
E2,ihawk1,marker_4_C,30.0,20260808_145501,corner1,4,3,301.70910633333335,218.034958,0.030462448068628988,0.024067314681952785,0.000927960742333918,-0.0006459016410001157,-0.0006459016410001157,0.0005792356360001401,E2\E2_dual_camera_height_scan\run_20260808_145501\raw\E2_dual_height_raw_20260808_145501.csv
E2,ihawk1,marker_4_C,30.0,20260808_145501,corner2,4,3,319.755595,231.45061766666666,0.01009931423413678,0.007822200606828072,0.00010199614799983777,-7.265526200002401e-05,-7.265526200002401e-05,6.118682233346145e-05,E2\E2_dual_camera_height_scan\run_20260808_145501\raw\E2_dual_height_raw_20260808_145501.csv
E2,ihawk1,marker_4_C,30.0,20260808_145501,corner3,4,3,292.39891566666665,242.34000666666668,0.009163322777960902,0.0030362925309304987,8.396648433309711e-05,2.0327389833342684e-05,2.0327389833342684e-05,9.219072333384333e-06,E2\E2_dual_camera_height_scan\run_20260808_145501\raw\E2_dual_height_raw_20260808_145501.csv
E2,ihawk1,marker_4_C,30.0,20260808_151001,marker_center,4,3,296.800209,230.27843600000003,0.0010397360241760241,0.014675282314153293,1.0810509999693656e-06,-5.409485499583172e-06,-5.409485499583172e-06,0.00021536391100010046,E2\E2_dual_camera_height_scan\run_20260808_151001\raw\E2_dual_height_raw_20260808_151001.csv
E2,ihawk1,marker_4_C,30.0,20260808_151001,corner0,4,3,274.38221266666665,227.85803733333333,0.0003874020306326997,0.0010751308447518476,1.5008033333833918e-07,-4.1646733334088156e-07,-4.1646733334088156e-07,1.1559063333368214e-06,E2\E2_dual_camera_height_scan\run_20260808_151001\raw\E2_dual_height_raw_20260808_151001.csv
E2,ihawk1,marker_4_C,30.0,20260808_151001,corner1,4,3,301.139028,218.40563466666666,0.016373068160837622,0.00425370454231813,0.0002680773609994347,-4.435929150001367e-05,-4.435929150001367e-05,1.8094002333337896e-05,E2\E2_dual_camera_height_scan\run_20260808_151001\raw\E2_dual_height_raw_20260808_151001.csv
E2,ihawk1,marker_4_C,30.0,20260808_151001,corner2,4,3,319.47600300000005,231.9134776666667,0.007121773023631283,0.038521802584161484,5.071965100012227e-05,-0.00026062275850024564,-0.00026062275850024564,0.0014839292743331106,E2\E2_dual_camera_height_scan\run_20260808_151001\raw\E2_dual_height_raw_20260808_151001.csv
E2,ihawk1,marker_4_C,30.0,20260808_151001,corner3,4,3,292.2035926666667,242.93659466666668,0.018924423540315222,0.022568846610606978,0.00035813380633323695,0.00018578970333366998,0.00018578970333366998,0.0005093528373331061,E2\E2_dual_camera_height_scan\run_20260808_151001\raw\E2_dual_height_raw_20260808_151001.csv
E2,ihawk1,marker_4_C,30.0,20260808_162715,marker_center,4,3,300.61822266666667,229.12758766666664,0.02136931934652591,0.005806766082199594,0.0004566478093338066,-1.3940155666782621e-05,-1.3940155666782621e-05,3.371853233338362e-05,E2\E2_dual_camera_height_scan\run_20260808_162715\raw\E2_dual_height_raw_20260808_162715.csv
E2,ihawk1,marker_4_C,30.0,20260808_162715,corner0,4,3,278.34749366666665,226.90936299999998,0.012743106855579398,0.048086425818522106,0.00016238677233271467,-0.00019828824999960578,-0.00019828824999960578,0.002312304348000229,E2\E2_dual_camera_height_scan\run_20260808_162715\raw\E2_dual_height_raw_20260808_162715.csv
E2,ihawk1,marker_4_C,30.0,20260808_162715,corner1,4,3,304.57042466666667,217.10752866666667,0.07985125615376104,0.034078469072607746,0.006376223109333562,0.0026776388473327617,0.0026776388473327617,0.0011613420543326826,E2\E2_dual_camera_height_scan\run_20260808_162715\raw\E2_dual_height_raw_20260808_162715.csv
E2,ihawk1,marker_4_C,30.0,20260808_162715,corner2,4,3,323.2819723333334,230.69991033333335,0.0057988909571705174,0.010129106196162915,3.3627136333154e-05,-3.408096166552531e-06,-3.408096166552531e-06,0.00010259879233314595,E2\E2_dual_camera_height_scan\run_20260808_162715\raw\E2_dual_height_raw_20260808_162715.csv
E2,ihawk1,marker_4_C,30.0,20260808_162715,corner3,4,3,296.27299999999997,241.79354866666668,0.000647446522901344,0.001961365425746228,4.191870000170405e-07,1.3529499993495079e-08,1.3529499993495079e-08,3.846954333312681e-06,E2\E2_dual_camera_height_scan\run_20260808_162715\raw\E2_dual_height_raw_20260808_162715.csv
E2,ihawk1,marker_0_TL,35.0,20260808_131913,marker_center,0,3,220.41137066666667,210.04070166666668,0.020681890854886215,0.012785307439916764,0.00042774060933342613,-0.000243397906666595,-0.000243397906666595,0.00016346408633319094,E2\E2_dual_camera_height_scan\run_20260808_131913\raw\E2_dual_height_raw_20260808_131913.csv
E2,ihawk1,marker_0_TL,35.0,20260808_131913,corner0,0,3,199.83359766666663,207.75568666666666,0.041032178547255674,0.00990747073339831,0.001683639676333869,4.877712983316168e-05,4.877712983316168e-05,9.815797633314405e-05,E2\E2_dual_camera_height_scan\run_20260808_131913\raw\E2_dual_height_raw_20260808_131913.csv
E2,ihawk1,marker_0_TL,35.0,20260808_131913,corner1,0,3,227.631307,199.840327,0.05354276663564389,0.047654943636523665,0.0028668278589990205,-0.002551236429999706,-0.002551236429999706,0.0022709936530002474,E2\E2_dual_camera_height_scan\run_20260808_131913\raw\E2_dual_height_raw_20260808_131913.csv
E2,ihawk1,marker_0_TL,35.0,20260808_131913,corner2,0,3,241.65337133333333,211.75848899999997,0.01753656535166922,0.0030174717894169926,0.0003075311243333653,5.216662799979942e-05,5.216662799979942e-05,9.105135999927386e-06,E2\E2_dual_camera_height_scan\run_20260808_131913\raw\E2_dual_height_raw_20260808_131913.csv
E2,ihawk1,marker_0_TL,35.0,20260808_131913,corner3,0,3,212.52720633333334,220.808304,0.0037926125999459747,0.0013092322177555105,1.4383910333268966e-05,4.929243500003147e-06,4.929243500003147e-06,1.7140890000090124e-06,E2\E2_dual_camera_height_scan\run_20260808_131913\raw\E2_dual_height_raw_20260808_131913.csv
E2,ihawk1,marker_0_TL,35.0,20260808_141232,marker_center,0,3,222.048688,207.80538066666668,0.023465669221225633,0.007368978242153649,0.000550637631999976,-4.718255599992292e-05,-4.718255599992292e-05,5.4301840333333884e-05,E2\E2_dual_camera_height_scan\run_20260808_141232\raw\E2_dual_height_raw_20260808_141232.csv
E2,ihawk1,marker_0_TL,35.0,20260808_141232,corner0,0,3,202.026428,205.45894366666667,0.04064457819930195,0.014598699679542547,0.0016519817369991716,-0.0005899992175000706,-0.0005899992175000706,0.00021312203233347568,E2\E2_dual_camera_height_scan\run_20260808_141232\raw\E2_dual_height_raw_20260808_141232.csv
E2,ihawk1,marker_0_TL,35.0,20260808_141232,corner1,0,3,228.67149366666663,197.27859,0.04820267645404665,0.036652159772656796,0.002323498017333503,0.0004054285559996655,0.0004054285559996655,0.001343380816000361,E2\E2_dual_camera_height_scan\run_20260808_141232\raw\E2_dual_height_raw_20260808_141232.csv
E2,ihawk1,marker_0_TL,35.0,20260808_141232,corner2,0,3,243.16731266666667,209.78102633333333,0.008714598919824398,0.006114434261095899,7.594423433340456e-05,4.582152016664194e-05,4.582152016664194e-05,3.738630633326336e-05,E2\E2_dual_camera_height_scan\run_20260808_141232\raw\E2_dual_height_raw_20260808_141232.csv
E2,ihawk1,marker_0_TL,35.0,20260808_141232,corner3,0,3,214.329519,218.70296233333332,0.004573491991893653,0.001426789870073909,2.0916828999915373e-05,5.800741000020226e-06,5.800741000020226e-06,2.035729333345522e-06,E2\E2_dual_camera_height_scan\run_20260808_141232\raw\E2_dual_height_raw_20260808_141232.csv
E2,ihawk1,marker_0_TL,35.0,20260808_145501,marker_center,0,3,222.77596533333335,209.056966,0.015908417593628963,0.004644393501857018,0.00025307775033328356,-4.90243025001019e-05,-4.90243025001019e-05,2.157039100009169e-05,E2\E2_dual_camera_height_scan\run_20260808_145501\raw\E2_dual_height_raw_20260808_145501.csv
E2,ihawk1,marker_0_TL,35.0,20260808_145501,corner0,0,3,202.21676633333334,206.19078033333332,0.0033949965144826105,0.003549862156949015,1.1526001333349075e-05,-1.1384060666675608e-05,-1.1384060666675608e-05,1.2601521333338714e-05,E2\E2_dual_camera_height_scan\run_20260808_145501\raw\E2_dual_height_raw_20260808_145501.csv
E2,ihawk1,marker_0_TL,35.0,20260808_145501,corner1,0,3,230.61595666666668,199.22553000000002,0.04170093526929079,0.02411969069037938,0.0017389680023335808,-0.000593676574500098,-0.000593676574500098,0.0005817594789995738,E2\E2_dual_camera_height_scan\run_20260808_145501\raw\E2_dual_height_raw_20260808_145501.csv
E2,ihawk1,marker_0_TL,35.0,20260808_145501,corner2,0,3,243.73990899999998,211.11975100000004,0.015895068763617702,0.0016093206641300672,0.00025265321100013515,1.818458399991465e-05,1.818458399991465e-05,2.5899129999960407e-06,E2\E2_dual_camera_height_scan\run_20260808_145501\raw\E2_dual_height_raw_20260808_145501.csv
E2,ihawk1,marker_0_TL,35.0,20260808_145501,corner3,0,3,214.5312296666667,219.69180300000002,0.01866317524787952,0.008061425246199565,0.00034831411033306274,0.00014946181050002694,0.00014946181050002694,6.498657700006371e-05,E2\E2_dual_camera_height_scan\run_20260808_145501\raw\E2_dual_height_raw_20260808_145501.csv
E2,ihawk1,marker_0_TL,35.0,20260808_151001,marker_center,0,3,221.01528299999998,210.73742066666668,0.012704904407355687,0.0068968544520914814,0.00016141459600004597,8.755200600001566e-05,8.755200600001566e-05,4.756660133333409e-05,E2\E2_dual_camera_height_scan\run_20260808_151001\raw\E2_dual_height_raw_20260808_151001.csv
E2,ihawk1,marker_0_TL,35.0,20260808_151001,corner0,0,3,200.355204,208.34029133333334,0.002638902612823021,0.007308839123502533,6.9638069999641655e-06,1.5711291999963176e-05,1.5711291999963176e-05,5.341912933324128e-05,E2\E2_dual_camera_height_scan\run_20260808_151001\raw\E2_dual_height_raw_20260808_151001.csv
E2,ihawk1,marker_0_TL,35.0,20260808_151001,corner1,0,3,228.47997533333333,200.29115266666668,0.03335062514156092,0.016506878091663457,0.0011122641973329154,0.00045344486066613396,0.00045344486066613396,0.00027247702433303903,E2\E2_dual_camera_height_scan\run_20260808_151001\raw\E2_dual_height_raw_20260808_151001.csv
E2,ihawk1,marker_0_TL,35.0,20260808_151001,corner2,0,3,242.20104966666668,212.571701,0.010971662468988752,0.008286433249595803,0.00012037737733341636,8.709058800004469e-05,8.709058800004469e-05,6.866497600000688e-05,E2\E2_dual_camera_height_scan\run_20260808_151001\raw\E2_dual_height_raw_20260808_151001.csv
E2,ihawk1,marker_0_TL,35.0,20260808_151001,corner3,0,3,213.02490233333333,221.74653633333332,0.007271646603983467,0.00499440950797204,5.287684433322429e-05,3.211114683331749e-05,3.211114683331749e-05,2.494412633332152e-05,E2\E2_dual_camera_height_scan\run_20260808_151001\raw\E2_dual_height_raw_20260808_151001.csv
E2,ihawk1,marker_0_TL,35.0,20260808_162715,marker_center,0,3,225.54884333333334,209.53677633333334,0.014244431625482888,0.009146287243110738,0.00020290383233305707,0.00011101763933339255,0.00011101763933339255,8.36545703334902e-05,E2\E2_dual_camera_height_scan\run_20260808_162715\raw\E2_dual_height_raw_20260808_162715.csv
E2,ihawk1,marker_0_TL,35.0,20260808_162715,corner0,0,3,204.81337466666665,207.35003666666668,0.031972333123093576,0.007114612732492838,0.0010222300853340665,0.0002060349313333802,0.0002060349313333802,5.061771433334921e-05,E2\E2_dual_camera_height_scan\run_20260808_162715\raw\E2_dual_height_raw_20260808_162715.csv
E2,ihawk1,marker_0_TL,35.0,20260808_162715,corner1,0,3,233.03574633333335,198.99213166666667,0.030960015832245804,0.03691587561379098,0.0009585225803329108,0.0008513889451665043,0.0008513889451665043,0.0013627818723328873,E2\E2_dual_camera_height_scan\run_20260808_162715\raw\E2_dual_height_raw_20260808_162715.csv
E2,ihawk1,marker_0_TL,35.0,20260808_162715,corner2,0,3,246.54183433333333,211.33245333333332,0.0070561774590304485,0.0015330937131698393,4.97896403333294e-05,5.24554283338987e-06,5.24554283338987e-06,2.350376333360885e-06,E2\E2_dual_camera_height_scan\run_20260808_162715\raw\E2_dual_height_raw_20260808_162715.csv
E2,ihawk1,marker_0_TL,35.0,20260808_162715,corner3,0,3,217.80441800000003,220.47248333333334,0.008928519698139056,0.006821338456141819,7.971846400005715e-05,5.942323999995771e-05,5.942323999995771e-05,4.6530658333239265e-05,E2\E2_dual_camera_height_scan\run_20260808_162715\raw\E2_dual_height_raw_20260808_162715.csv
E2,ihawk1,marker_1_TR,35.0,20260808_131913,marker_center,1,3,293.29848466666664,187.70081833333333,0.022871657008911972,0.004277456409289742,0.0005231126943333121,9.464114166669959e-05,9.464114166669959e-05,1.829663333337389e-05,E2\E2_dual_camera_height_scan\run_20260808_131913\raw\E2_dual_height_raw_20260808_131913.csv
E2,ihawk1,marker_1_TR,35.0,20260808_131913,corner0,1,3,274.476664,186.23747766666665,0.013580122937571394,0.018169836607228824,0.0001844197389995527,0.00023192829799978458,0.00023192829799978458,0.0003301429623333926,E2\E2_dual_camera_height_scan\run_20260808_131913\raw\E2_dual_height_raw_20260808_131913.csv
E2,ihawk1,marker_1_TR,35.0,20260808_131913,corner1,1,3,297.09246833333333,179.29377733333334,0.008120801089372864,0.006522768226256301,6.594741033315948e-05,5.287062033333956e-05,5.287062033333956e-05,4.2546505333458776e-05,E2\E2_dual_camera_height_scan\run_20260808_131913\raw\E2_dual_height_raw_20260808_131913.csv
E2,ihawk1,marker_1_TR,35.0,20260808_131913,corner2,1,3,312.1299133333334,188.77843733333336,0.05035868693019293,0.005098669859225091,0.0025359973493331842,-0.00024503217466686014,-0.00024503217466686014,2.599643433337041e-05,E2\E2_dual_camera_height_scan\run_20260808_131913\raw\E2_dual_height_raw_20260808_131913.csv
E2,ihawk1,marker_1_TR,35.0,20260808_131913,corner3,1,3,289.49489366666666,196.49358133333337,0.07428304033448707,0.014131225188697553,0.005517970081335033,0.0010497103706677401,0.0010497103706677401,0.0001996915253336802,E2\E2_dual_camera_height_scan\run_20260808_131913\raw\E2_dual_height_raw_20260808_131913.csv
E2,ihawk1,marker_1_TR,35.0,20260808_141232,marker_center,1,3,294.80545800000004,186.19576266666664,0.0030345694917130344,0.0036553961937560056,9.208612000035504e-06,-1.0970118000015393e-05,-1.0970118000015393e-05,1.3361921333325894e-05,E2\E2_dual_camera_height_scan\run_20260808_141232\raw\E2_dual_height_raw_20260808_141232.csv
E2,ihawk1,marker_1_TR,35.0,20260808_141232,corner0,1,3,277.0,185.0,0.0,0.0,0.0,0.0,0.0,0.0,E2\E2_dual_camera_height_scan\run_20260808_141232\raw\E2_dual_height_raw_20260808_141232.csv
E2,ihawk1,marker_1_TR,35.0,20260808_141232,corner1,1,3,298.6122843333333,177.60293566666667,0.015191769953922712,0.006576373798175799,0.0002307898743329089,-9.973172183324212e-05,-9.973172183324212e-05,4.3248692333333184e-05,E2\E2_dual_camera_height_scan\run_20260808_141232\raw\E2_dual_height_raw_20260808_141232.csv
E2,ihawk1,marker_1_TR,35.0,20260808_141232,corner2,1,3,313.60954799999996,187.18011466666667,0.003147249434020818,0.008447574878811759,9.905178999944359e-06,2.1528612999970277e-05,2.1528612999970277e-05,7.13615213331315e-05,E2\E2_dual_camera_height_scan\run_20260808_141232\raw\E2_dual_height_raw_20260808_141232.csv
E2,ihawk1,marker_1_TR,35.0,20260808_141232,corner3,1,3,290.0,195.0,0.0,0.0,0.0,0.0,0.0,0.0,E2\E2_dual_camera_height_scan\run_20260808_141232\raw\E2_dual_height_raw_20260808_141232.csv
E2,ihawk1,marker_1_TR,35.0,20260808_145501,marker_center,1,3,296.5044833333333,188.16987866666668,0.007279671787456865,0.018353388034190895,5.2993621333095426e-05,0.00012970663466641965,0.00012970663466641965,0.00033684685233358156,E2\E2_dual_camera_height_scan\run_20260808_145501\raw\E2_dual_height_raw_20260808_145501.csv
E2,ihawk1,marker_1_TR,35.0,20260808_145501,corner0,1,3,276.76651999999996,185.547404,0.0030484094213370926,0.0023434647426313526,9.292800000096747e-06,-7.14384000000872e-06,-7.14384000000872e-06,5.491826999956232e-06,E2\E2_dual_camera_height_scan\run_20260808_145501\raw\E2_dual_height_raw_20260808_145501.csv
E2,ihawk1,marker_1_TR,35.0,20260808_145501,corner1,1,3,303.49036666666666,182.81075566666667,0.08578830048631565,0.08286556207093977,0.007359632500330386,0.006835646859331545,0.006835646859331545,0.006866701377332771,E2\E2_dual_camera_height_scan\run_20260808_145501\raw\E2_dual_height_raw_20260808_145501.csv
E2,ihawk1,marker_1_TR,35.0,20260808_145501,corner2,1,3,314.1439923333333,188.47530099999997,0.043399794208410024,0.003500503535204831,0.0018835421373323401,0.00012201370999993292,0.00012201370999993292,1.2253524999981518e-05,E2\E2_dual_camera_height_scan\run_20260808_145501\raw\E2_dual_height_raw_20260808_145501.csv
E2,ihawk1,marker_1_TR,35.0,20260808_145501,corner3,1,3,291.6170553333333,195.84605399999998,0.06063098297348956,0.011909564097809945,0.003676116096331581,0.0007185800404994428,0.0007185800404994428,0.00014183771699984363,E2\E2_dual_camera_height_scan\run_20260808_145501\raw\E2_dual_height_raw_20260808_145501.csv
E2,ihawk1,marker_1_TR,35.0,20260808_151001,marker_center,1,3,293.631925,188.04892733333335,0.00445858082803195,0.012474032601108362,1.9878943000094063e-05,-1.2133859000075424e-05,-1.2133859000075424e-05,0.00015560148933351425,E2\E2_dual_camera_height_scan\run_20260808_151001\raw\E2_dual_height_raw_20260808_151001.csv
E2,ihawk1,marker_1_TR,35.0,20260808_151001,corner0,1,3,274.92899566666665,186.36948133333337,0.02906801421379938,0.04558477712277506,0.0008449494503336429,0.0004525359096658267,0.0004525359096658267,0.0020779719053330764,E2\E2_dual_camera_height_scan\run_20260808_151001\raw\E2_dual_height_raw_20260808_151001.csv
E2,ihawk1,marker_1_TR,35.0,20260808_151001,corner1,1,3,297.10556033333336,179.89673866666666,0.013153951282172968,0.006472849475572927,0.00017302643433377989,8.287108716687241e-05,8.287108716687241e-05,4.189778033342471e-05,E2\E2_dual_camera_height_scan\run_20260808_151001\raw\E2_dual_height_raw_20260808_151001.csv
E2,ihawk1,marker_1_TR,35.0,20260808_151001,corner2,1,3,312.54717,189.09544366666668,0.007226672332434522,0.004168604602662901,5.222479300037461e-05,1.6743200000110734e-05,1.6743200000110734e-05,1.7377264333342324e-05,E2\E2_dual_camera_height_scan\run_20260808_151001\raw\E2_dual_height_raw_20260808_151001.csv
E2,ihawk1,marker_1_TR,35.0,20260808_151001,corner3,1,3,289.94597333333337,196.83404566666664,0.005951131180982059,0.012477254679356002,3.5415962333256924e-05,3.555025816678877e-05,3.555025816678877e-05,0.00015568188433351125,E2\E2_dual_camera_height_scan\run_20260808_151001\raw\E2_dual_height_raw_20260808_151001.csv
E2,ihawk1,marker_1_TR,35.0,20260808_162715,marker_center,1,3,297.68144466666666,186.78262833333335,0.06704853801785596,0.016145443980693095,0.004495506450331876,0.00044725417966723385,0.00044725417966723385,0.0002606753613336989,E2\E2_dual_camera_height_scan\run_20260808_162715\raw\E2_dual_height_raw_20260808_162715.csv
E2,ihawk1,marker_1_TR,35.0,20260808_162715,corner0,1,3,278.5855613333333,185.288315,0.007093649718819145,0.0076530498495733035,5.031986633330294e-05,5.049935699998464e-05,5.049935699998464e-05,5.8569172000053964e-05,E2\E2_dual_camera_height_scan\run_20260808_162715\raw\E2_dual_height_raw_20260808_162715.csv
E2,ihawk1,marker_1_TR,35.0,20260808_162715,corner1,1,3,300.824585,178.44371533333333,0.07344837634692027,0.004459708548031758,0.005394663987998837,-0.0002946197390004841,-0.0002946197390004841,1.9889000333387525e-05,E2\E2_dual_camera_height_scan\run_20260808_162715\raw\E2_dual_height_raw_20260808_162715.csv
E2,ihawk1,marker_1_TR,35.0,20260808_162715,corner2,1,3,316.40169266666663,187.99874866666667,0.020669737064936414,0.09574745873564507,0.0004272380303336062,1.0065758330191774e-06,1.0065758330191774e-06,0.009167575854334056,E2\E2_dual_camera_height_scan\run_20260808_162715\raw\E2_dual_height_raw_20260808_162715.csv
E2,ihawk1,marker_1_TR,35.0,20260808_162715,corner3,1,3,294.9139403333333,195.39973466666666,0.23135614344196215,0.06354652324347891,0.05352566510833777,-0.014701463878335149,-0.014701463878335149,0.004038160616334005,E2\E2_dual_camera_height_scan\run_20260808_162715\raw\E2_dual_height_raw_20260808_162715.csv
E2,ihawk1,marker_2_BL,35.0,20260808_131913,marker_center,2,3,300.0523836666667,285.6146976666667,0.00559550536890134,0.008674943016149588,3.1309680333403716e-05,-4.8103212166770437e-05,-4.8103212166770437e-05,7.52546363334425e-05,E2\E2_dual_camera_height_scan\run_20260808_131913\raw\E2_dual_height_raw_20260808_131913.csv
E2,ihawk1,marker_2_BL,35.0,20260808_131913,corner0,2,3,272.005778,282.3760276666667,0.01456785557312561,0.03174439850323447,0.00021222241599944691,0.0002129206459996877,0.0002129206459996877,0.001007706836332155,E2\E2_dual_camera_height_scan\run_20260808_131913\raw\E2_dual_height_raw_20260808_131913.csv
E2,ihawk1,marker_2_BL,35.0,20260808_131913,corner1,2,3,305.231364,267.70633933333335,0.00925708393609157,0.017516464892609288,8.569360299984458e-05,-3.3340404996877673e-06,-3.3340404996877673e-06,0.00030682654233401364,E2\E2_dual_camera_height_scan\run_20260808_131913\raw\E2_dual_height_raw_20260808_131913.csv
E2,ihawk1,marker_2_BL,35.0,20260808_131913,corner2,2,3,328.47766133333334,288.1018473333333,0.0016916362887210456,0.0034005930855396872,2.861633333317913e-06,-5.752566666672806e-06,-5.752566666672806e-06,1.156403333342033e-05,E2\E2_dual_camera_height_scan\run_20260808_131913\raw\E2_dual_height_raw_20260808_131913.csv
E2,ihawk1,marker_2_BL,35.0,20260808_131913,corner3,2,3,294.49473066666667,304.27457699999997,0.011061387812250967,0.006860963999307232,0.0001223543003330142,5.2620806499642387e-05,5.2620806499642387e-05,4.707282699978988e-05,E2\E2_dual_camera_height_scan\run_20260808_131913\raw\E2_dual_height_raw_20260808_131913.csv
E2,ihawk1,marker_2_BL,35.0,20260808_141232,marker_center,2,3,299.11299133333335,282.23728933333336,0.008717203756544578,0.004349506791965895,7.598964133311492e-05,-3.281139266661439e-05,-3.281139266661439e-05,1.891820933335745e-05,E2\E2_dual_camera_height_scan\run_20260808_141232\raw\E2_dual_height_raw_20260808_141232.csv
E2,ihawk1,marker_2_BL,35.0,20260808_141232,corner0,2,3,271.572052,278.58615133333336,0.01540022412174156,0.012927755618575057,0.0002371669029998706,-0.00019874765800010242,-0.00019874765800010242,0.00016712686533359896,E2\E2_dual_camera_height_scan\run_20260808_141232\raw\E2_dual_height_raw_20260808_141232.csv
E2,ihawk1,marker_2_BL,35.0,20260808_141232,corner1,2,3,304.2713826666667,264.859507,0.03229203372865733,0.0032602903244864857,0.0010427754423327426,-9.344498449950089e-05,-9.344498449950089e-05,1.0629492999940194e-05,E2\E2_dual_camera_height_scan\run_20260808_141232\raw\E2_dual_height_raw_20260808_141232.csv
E2,ihawk1,marker_2_BL,35.0,20260808_141232,corner2,2,3,327.31178800000004,284.98743733333333,0.01445930178119858,0.010711889391384798,0.00020907140799977244,0.0001472156299998822,0.0001472156299998822,0.00011474457433326218,E2\E2_dual_camera_height_scan\run_20260808_141232\raw\E2_dual_height_raw_20260808_141232.csv
E2,ihawk1,marker_2_BL,35.0,20260808_141232,corner3,2,3,293.29674266666666,300.51606266666664,0.0027521577595301288,0.0006302192740226454,7.574372333341899e-06,1.4497163333623121e-06,1.4497163333623121e-06,3.9717633334963027e-07,E2\E2_dual_camera_height_scan\run_20260808_141232\raw\E2_dual_height_raw_20260808_141232.csv
E2,ihawk1,marker_2_BL,35.0,20260808_145501,marker_center,2,3,299.73373166666664,284.1934483333333,0.013359499104891207,0.01429520207388478,0.00017847621633358896,0.00018816243666666706,0.00018816243666666706,0.0002043528023331997,E2\E2_dual_camera_height_scan\run_20260808_145501\raw\E2_dual_height_raw_20260808_145501.csv
E2,ihawk1,marker_2_BL,35.0,20260808_145501,corner0,2,3,272.10104366666667,280.3023173333333,0.013610432812123995,0.0452086730654076,0.0001852438813333415,0.0006105551936669601,0.0006105551936669601,0.002043824120334911,E2\E2_dual_camera_height_scan\run_20260808_145501\raw\E2_dual_height_raw_20260808_145501.csv
E2,ihawk1,marker_2_BL,35.0,20260808_145501,corner1,2,3,305.434916,266.624298,0.015707960115801382,0.006359284236438808,0.000246740010999607,9.794496199966532e-05,9.794496199966532e-05,4.044049599981912e-05,E2\E2_dual_camera_height_scan\run_20260808_145501\raw\E2_dual_height_raw_20260808_145501.csv
E2,ihawk1,marker_2_BL,35.0,20260808_145501,corner2,2,3,327.8661193333333,287.0056763333333,0.00507612256877598,0.018091707888812748,2.5767020333236853e-05,8.622525383327513e-05,8.622525383327513e-05,0.00032730989433412945,E2\E2_dual_camera_height_scan\run_20260808_145501\raw\E2_dual_height_raw_20260808_145501.csv
E2,ihawk1,marker_2_BL,35.0,20260808_145501,corner3,2,3,293.532847,302.841502,0.04300687994961299,0.010381212212441855,0.0018495917230004241,0.00044582664449956317,0.00044582664449956317,0.00010776956699975192,E2\E2_dual_camera_height_scan\run_20260808_145501\raw\E2_dual_height_raw_20260808_145501.csv
E2,ihawk1,marker_2_BL,35.0,20260808_151001,marker_center,2,3,301.356196,286.07632466666666,0.0059706160486181215,0.00490174972162902,3.5648256000016265e-05,2.907512800012055e-05,2.907512800012055e-05,2.4027150333490172e-05,E2\E2_dual_camera_height_scan\run_20260808_151001\raw\E2_dual_height_raw_20260808_151001.csv
E2,ihawk1,marker_2_BL,35.0,20260808_151001,corner0,2,3,273.3661496666667,282.5355833333333,0.013022888018143303,0.00043269427234229,0.00016959561233310038,-3.324378833194727e-06,-3.324378833194727e-06,1.8722433331782386e-07,E2\E2_dual_camera_height_scan\run_20260808_151001\raw\E2_dual_height_raw_20260808_151001.csv
E2,ihawk1,marker_2_BL,35.0,20260808_151001,corner1,2,3,306.22041799999994,268.2986246666667,0.004161130134963353,0.012943897764323593,1.7315004000100133e-05,-1.2908816000004777e-05,-1.2908816000004777e-05,0.00016754448933326132,E2\E2_dual_camera_height_scan\run_20260808_151001\raw\E2_dual_height_raw_20260808_151001.csv
E2,ihawk1,marker_2_BL,35.0,20260808_151001,corner2,2,3,329.8225096666667,288.61433933333336,0.009479023226743977,0.010825843631488388,8.98518813331518e-05,-2.6825890333353797e-05,-2.6825890333353797e-05,0.00011719889033343767,E2\E2_dual_camera_height_scan\run_20260808_151001\raw\E2_dual_height_raw_20260808_151001.csv
E2,ihawk1,marker_2_BL,35.0,20260808_151001,corner3,2,3,296.01570633333336,304.85675033333337,0.011447596880291906,0.007594242380475246,0.000131047474333669,4.8434219333487764e-05,4.8434219333487764e-05,5.767251733340634e-05,E2\E2_dual_camera_height_scan\run_20260808_151001\raw\E2_dual_height_raw_20260808_151001.csv
E2,ihawk1,marker_2_BL,35.0,20260808_162715,marker_center,2,3,306.30662,284.5418803333334,0.0006916509235111526,0.013322195627358221,4.783809999938302e-07,-5.039728499802602e-06,-5.039728499802602e-06,0.00017748089633360252,E2\E2_dual_camera_height_scan\run_20260808_162715\raw\E2_dual_height_raw_20260808_162715.csv
E2,ihawk1,marker_2_BL,35.0,20260808_162715,corner0,2,3,278.3353983333334,281.0328876666667,0.004456593579562812,0.014027115075211911,1.986122633340048e-05,4.235326666748907e-06,4.235326666748907e-06,0.00019675995733323728,E2\E2_dual_camera_height_scan\run_20260808_162715\raw\E2_dual_height_raw_20260808_162715.csv
E2,ihawk1,marker_2_BL,35.0,20260808_162715,corner1,2,3,310.9386193333333,266.6473896666667,0.030300465348453973,0.007836847601777707,0.0009181182003328599,0.00018077192366670224,0.00018077192366670224,6.141618033348898e-05,E2\E2_dual_camera_height_scan\run_20260808_162715\raw\E2_dual_height_raw_20260808_162715.csv
E2,ihawk1,marker_2_BL,35.0,20260808_162715,corner2,2,3,334.718923,286.918498,0.014493964399014968,0.04663588031761007,0.00021007500399991333,0.000671708632999529,0.000671708632999529,0.00217490533299845,E2\E2_dual_camera_height_scan\run_20260808_162715\raw\E2_dual_height_raw_20260808_162715.csv
E2,ihawk1,marker_2_BL,35.0,20260808_162715,corner3,2,3,301.23354100000006,303.568746,0.012531164151829335,0.02546117599404437,0.00015703007500009262,0.0003183450275000234,0.0003183450275000234,0.0006482714829997013,E2\E2_dual_camera_height_scan\run_20260808_162715\raw\E2_dual_height_raw_20260808_162715.csv
E2,ihawk1,marker_3_BR,35.0,20260808_131913,marker_center,3,3,383.43663066666664,247.81661,0.306578579917676,0.3882575831184744,0.09399042566433885,0.11795574798650445,0.11795574798650445,0.15074395084899905,E2\E2_dual_camera_height_scan\run_20260808_131913\raw\E2_dual_height_raw_20260808_131913.csv
E2,ihawk1,marker_3_BR,35.0,20260808_131913,corner0,3,3,357.475952,244.68252033333331,0.05147259748643323,0.004244363360194367,0.0026494282920003723,-4.118585900037282e-05,-4.118585900037282e-05,1.8014620333360414e-05,E2\E2_dual_camera_height_scan\run_20260808_131913\raw\E2_dual_height_raw_20260808_131913.csv
E2,ihawk1,marker_3_BR,35.0,20260808_131913,corner1,3,3,385.3156536666667,235.43214899999998,1.1402214257819943,1.2499383123902545,1.3001048998123237,1.419913674163993,1.419913674163993,1.5623457847809974,E2\E2_dual_camera_height_scan\run_20260808_131913\raw\E2_dual_height_raw_20260808_131913.csv
E2,ihawk1,marker_3_BR,35.0,20260808_131913,corner2,3,3,408.006907,249.640834,0.3310092320343845,0.37397338593943136,0.10956711169199297,0.12295808621699793,0.12295808621699793,0.13985609339100288,E2\E2_dual_camera_height_scan\run_20260808_131913\raw\E2_dual_height_raw_20260808_131913.csv
E2,ihawk1,marker_3_BR,35.0,20260808_131913,corner3,3,3,382.9480083333333,261.51093533333335,0.15274218215784177,0.00820780910678062,0.023330174210339318,-0.0010234329731682004,-0.0010234329731682004,6.736813033335088e-05,E2\E2_dual_camera_height_scan\run_20260808_131913\raw\E2_dual_height_raw_20260808_131913.csv
E2,ihawk1,marker_3_BR,35.0,20260808_141232,marker_center,3,3,382.0111696666666,244.9354656666667,0.0053066835531425695,0.0012493783787732168,2.8160890333193846e-05,5.591903332814639e-07,5.591903332814639e-07,1.5609463333459914e-06,E2\E2_dual_camera_height_scan\run_20260808_141232\raw\E2_dual_height_raw_20260808_141232.csv
E2,ihawk1,marker_3_BR,35.0,20260808_141232,corner0,3,3,357.2312013333333,242.694509,0.010844354860168758,0.008610511541135868,0.00011760003233326576,-4.694081799993373e-05,-4.694081799993373e-05,7.414090900003398e-05,E2\E2_dual_camera_height_scan\run_20260808_141232\raw\E2_dual_height_raw_20260808_141232.csv
E2,ihawk1,marker_3_BR,35.0,20260808_141232,corner1,3,3,382.5312093333334,231.18628433333333,0.018594948247663577,0.005933778756694758,0.0003457721003332867,-6.933759516658014e-05,-6.933759516658014e-05,3.5209730333401985e-05,E2\E2_dual_camera_height_scan\run_20260808_141232\raw\E2_dual_height_raw_20260808_141232.csv
E2,ihawk1,marker_3_BR,35.0,20260808_141232,corner2,3,3,406.8014933333333,246.298945,0.014266231399140088,0.02150171928009597,0.00020352535833381057,9.228143500042927e-05,9.228143500042927e-05,0.0004623239320000508,E2\E2_dual_camera_height_scan\run_20260808_141232\raw\E2_dual_height_raw_20260808_141232.csv
E2,ihawk1,marker_3_BR,35.0,20260808_141232,corner3,3,3,381.48077399999994,259.56212366666665,0.016074786934817543,0.010288053573596967,0.00025839877499978084,0.0001498976699998166,0.0001498976699998166,0.00010584404633320133,E2\E2_dual_camera_height_scan\run_20260808_141232\raw\E2_dual_height_raw_20260808_141232.csv
E2,ihawk1,marker_3_BR,35.0,20260808_145501,marker_center,3,3,383.3658626666667,246.78395866666665,0.027055830172702387,0.01170400449988804,0.0007320179463341129,0.00027498308733360494,0.00027498308733360494,0.00013698372133339948,E2\E2_dual_camera_height_scan\run_20260808_145501\raw\E2_dual_height_raw_20260808_145501.csv
E2,ihawk1,marker_3_BR,35.0,20260808_145501,corner0,3,3,358.20969633333334,244.37883,0.008739692919858311,0.006046747224740731,7.638223233342149e-05,-4.297451399993167e-05,-4.297451399993167e-05,3.656315199990974e-05,E2\E2_dual_camera_height_scan\run_20260808_145501\raw\E2_dual_height_raw_20260808_145501.csv
E2,ihawk1,marker_3_BR,35.0,20260808_145501,corner1,3,3,383.454488,232.694468,0.052296742804867465,0.012182799719278607,0.0027349493079984566,0.00034837616299997513,0.00034837616299997513,0.00014842060900005489,E2\E2_dual_camera_height_scan\run_20260808_145501\raw\E2_dual_height_raw_20260808_145501.csv
E2,ihawk1,marker_3_BR,35.0,20260808_145501,corner2,3,3,408.1972553333333,248.69998666666666,0.011590835057633996,0.009850922105748693,0.00013434745733327728,0.00010579343166675312,0.00010579343166675312,9.704066633352826e-05,E2\E2_dual_camera_height_scan\run_20260808_145501\raw\E2_dual_height_raw_20260808_145501.csv
E2,ihawk1,marker_3_BR,35.0,20260808_145501,corner3,3,3,383.60201033333334,261.36254866666667,0.05914104558030119,0.019801722307235335,0.003497663272331263,0.001139430437165522,0.001139430437165522,0.0003921082063328615,E2\E2_dual_camera_height_scan\run_20260808_145501\raw\E2_dual_height_raw_20260808_145501.csv
E2,ihawk1,marker_3_BR,35.0,20260808_151001,marker_center,3,3,383.566991,247.3587213333333,0.029711440540649732,0.00686586850539267,0.0008827696990005644,0.00012253656649986876,0.00012253656649986876,4.7140150333342975e-05,E2\E2_dual_camera_height_scan\run_20260808_151001\raw\E2_dual_height_raw_20260808_151001.csv
E2,ihawk1,marker_3_BR,35.0,20260808_151001,corner0,3,3,358.60020933333334,245.13939933333333,0.00416600832130297,0.004484924339757067,1.7355625333165592e-05,1.0754919333233403e-05,1.0754919333233403e-05,2.0114546333345362e-05,E2\E2_dual_camera_height_scan\run_20260808_151001\raw\E2_dual_height_raw_20260808_151001.csv
E2,ihawk1,marker_3_BR,35.0,20260808_151001,corner1,3,3,383.3379313333333,233.20551033333334,0.024969373366859334,0.010840372979438349,0.0006234696063336242,0.00025466260433347016,0.00025466260433347016,0.00011751368633333708,E2\E2_dual_camera_height_scan\run_20260808_151001\raw\E2_dual_height_raw_20260808_151001.csv
E2,ihawk1,marker_3_BR,35.0,20260808_151001,corner2,3,3,408.0,249.0,0.0,0.0,0.0,0.0,0.0,0.0,E2\E2_dual_camera_height_scan\run_20260808_151001\raw\E2_dual_height_raw_20260808_151001.csv
E2,ihawk1,marker_3_BR,35.0,20260808_151001,corner3,3,3,384.3298236666667,262.089976,0.14156127755970035,0.03127720459056495,0.020039595304334527,0.0029958661545021904,0.0029958661545021904,0.000978263527000057,E2\E2_dual_camera_height_scan\run_20260808_151001\raw\E2_dual_height_raw_20260808_151001.csv
E2,ihawk1,marker_3_BR,35.0,20260808_162715,marker_center,3,3,388.007276,246.3038,0.2998122549746695,0.6431114137946933,0.08988738823299626,0.19149601635149752,0.19149601635149752,0.41359229055300917,E2\E2_dual_camera_height_scan\run_20260808_162715\raw\E2_dual_height_raw_20260808_162715.csv
E2,ihawk1,marker_3_BR,35.0,20260808_162715,corner0,3,3,362.861155,243.69477300000003,0.0642928671860065,0.025241474461685755,0.004133572770997472,-0.0016182642214994296,-0.0016182642214994296,0.0006371320329999343,E2\E2_dual_camera_height_scan\run_20260808_162715\raw\E2_dual_height_raw_20260808_162715.csv
E2,ihawk1,marker_3_BR,35.0,20260808_162715,corner1,3,3,387.46234133333337,231.78942866666668,0.00901910956432002,0.0030716406582336478,8.134433733320886e-05,2.770064366661806e-05,2.770064366661806e-05,9.434976333314036e-06,E2\E2_dual_camera_height_scan\run_20260808_162715\raw\E2_dual_height_raw_20260808_162715.csv
E2,ihawk1,marker_3_BR,35.0,20260808_162715,corner2,3,3,413.4303386666667,249.08070866666665,1.156391918572732,2.5948609484211964,1.3372422693403243,3.0006761284603276,3.0006761284603276,6.733303341641351,E2\E2_dual_camera_height_scan\run_20260808_162715\raw\E2_dual_height_raw_20260808_162715.csv
E2,ihawk1,marker_3_BR,35.0,20260808_162715,corner3,3,3,388.2752686666667,260.65028866666665,0.12992212136634443,0.03195503654096619,0.016879757620331132,-0.003963066523669119,-0.003963066523669119,0.0010211243603344845,E2\E2_dual_camera_height_scan\run_20260808_162715\raw\E2_dual_height_raw_20260808_162715.csv
E2,ihawk1,marker_4_C,35.0,20260808_131913,marker_center,4,3,295.99338033333333,227.887979,0.017614642583203548,0.0013745875745166476,0.0003102756333340078,1.4882149999943746e-05,1.4882149999943746e-05,1.88949100001556e-06,E2\E2_dual_camera_height_scan\run_20260808_131913\raw\E2_dual_height_raw_20260808_131913.csv
E2,ihawk1,marker_4_C,35.0,20260808_131913,corner0,4,3,273.5652566666667,225.51183566666666,0.01574514176923054,0.00730106412335272,0.00024790948933316827,0.00010823755133326272,0.00010823755133326272,5.330553733330822e-05,E2\E2_dual_camera_height_scan\run_20260808_131913\raw\E2_dual_height_raw_20260808_131913.csv
E2,ihawk1,marker_4_C,35.0,20260808_131913,corner1,4,3,300.508423,216.128235,0.0,0.0,0.0,0.0,0.0,0.0,E2\E2_dual_camera_height_scan\run_20260808_131913\raw\E2_dual_height_raw_20260808_131913.csv
E2,ihawk1,marker_4_C,35.0,20260808_131913,corner2,4,3,318.646769,229.37713133333332,0.010647902657330963,0.000544960854868213,0.00011337783099999577,-5.600775500038359e-06,-5.600775500038359e-06,2.969823333386936e-07,E2\E2_dual_camera_height_scan\run_20260808_131913\raw\E2_dual_height_raw_20260808_131913.csv
E2,ihawk1,marker_4_C,35.0,20260808_131913,corner3,4,3,291.25307233333336,240.534714,0.06355993522913567,0.007887742325918053,0.004039865366331921,-0.00016158158250033868,-0.00016158158250033868,6.221647900007912e-05,E2\E2_dual_camera_height_scan\run_20260808_131913\raw\E2_dual_height_raw_20260808_131913.csv
E2,ihawk1,marker_4_C,35.0,20260808_141232,marker_center,4,3,296.6174776666667,225.852974,0.058262564089943104,0.007055713500418625,0.003394526374334728,0.0002666754289995972,0.0002666754289995972,4.978309299998964e-05,E2\E2_dual_camera_height_scan\run_20260808_141232\raw\E2_dual_height_raw_20260808_141232.csv
E2,ihawk1,marker_4_C,35.0,20260808_141232,corner0,4,3,274.4852496666667,223.403234,0.010116962208762277,0.012575008827039087,0.0001023529243335241,-5.269756450005342e-05,-5.269756450005342e-05,0.00015813084700011095,E2\E2_dual_camera_height_scan\run_20260808_141232\raw\E2_dual_height_raw_20260808_141232.csv
E2,ihawk1,marker_4_C,35.0,20260808_141232,corner1,4,3,301.1937863333333,214.358368,0.0537895777482343,0.003555651979605984,0.0028933186743333424,-0.00012463019300038255,-0.00012463019300038255,1.2642661000075952e-05,E2\E2_dual_camera_height_scan\run_20260808_141232\raw\E2_dual_height_raw_20260808_141232.csv
E2,ihawk1,marker_4_C,35.0,20260808_141232,corner2,4,3,319.01433333333335,227.623815,0.026332084314252564,0.003226465403504463,0.0006933786643329059,8.478939450000804e-05,8.478939450000804e-05,1.0410079000011218e-05,E2\E2_dual_camera_height_scan\run_20260808_141232\raw\E2_dual_height_raw_20260808_141232.csv
E2,ihawk1,marker_4_C,35.0,20260808_141232,corner3,4,3,291.77654,238.02647900000002,0.1796786817850082,0.041029311802654574,0.03228442868799824,0.0028232421180003184,0.0028232421180003184,0.00168340442699945,E2\E2_dual_camera_height_scan\run_20260808_141232\raw\E2_dual_height_raw_20260808_141232.csv
E2,ihawk1,marker_4_C,35.0,20260808_145501,marker_center,4,3,297.22333533333335,227.05360166666665,0.025149772669595324,0.002419767826328746,0.000632511065332324,5.938799066657797e-05,5.938799066657797e-05,5.855276333335745e-06,E2\E2_dual_camera_height_scan\run_20260808_145501\raw\E2_dual_height_raw_20260808_145501.csv
E2,ihawk1,marker_4_C,35.0,20260808_145501,corner0,4,3,275.0832316666667,224.499598,0.024085123921922105,0.00600806632785186,0.0005800931943343444,0.00011743546449984816,0.00011743546449984816,3.609686099986733e-05,E2\E2_dual_camera_height_scan\run_20260808_145501\raw\E2_dual_height_raw_20260808_145501.csv
E2,ihawk1,marker_4_C,35.0,20260808_145501,corner1,4,3,301.8654886666667,215.38560466666664,0.06407692877575205,0.003931305423558702,0.004105852801332801,0.00024851536633315976,0.00024851536633315976,1.545516233330207e-05,E2\E2_dual_camera_height_scan\run_20260808_145501\raw\E2_dual_height_raw_20260808_145501.csv
E2,ihawk1,marker_4_C,35.0,20260808_145501,corner2,4,3,319.75078333333335,228.820028,0.008812386528845095,0.004814244281293015,7.765815633377051e-05,3.703887300006936e-05,3.703887300006936e-05,2.3176947999962503e-05,E2\E2_dual_camera_height_scan\run_20260808_145501\raw\E2_dual_height_raw_20260808_145501.csv
E2,ihawk1,marker_4_C,35.0,20260808_145501,corner3,4,3,292.1938373333333,239.50917566666666,0.011050351909945662,0.007842947426402605,0.00012211027733363976,4.1621452666725176e-05,4.1621452666725176e-05,6.151182433331526e-05,E2\E2_dual_camera_height_scan\run_20260808_145501\raw\E2_dual_height_raw_20260808_145501.csv
E2,ihawk1,marker_4_C,35.0,20260808_151001,marker_center,4,3,296.92456066666665,228.3775126666667,0.010992434868259106,0.009044355219326526,0.00012083362433291859,9.186237833319657e-05,9.186237833319657e-05,8.180036133335898e-05,E2\E2_dual_camera_height_scan\run_20260808_151001\raw\E2_dual_height_raw_20260808_151001.csv
E2,ihawk1,marker_4_C,35.0,20260808_151001,corner0,4,3,274.328654,226.13441966666664,0.008968559081560202,0.0027129689149315434,8.043505199943596e-05,2.433142199999982e-05,2.433142199999982e-05,7.360200333384835e-06,E2\E2_dual_camera_height_scan\run_20260808_151001\raw\E2_dual_height_raw_20260808_151001.csv
E2,ihawk1,marker_4_C,35.0,20260808_151001,corner1,4,3,301.2982686666667,216.6297963333333,0.024228514653881466,0.020256139052963088,0.000587020922333349,0.00039792682766638253,0.00039792682766638253,0.0004103111693329764,E2\E2_dual_camera_height_scan\run_20260808_151001\raw\E2_dual_height_raw_20260808_151001.csv
E2,ihawk1,marker_4_C,35.0,20260808_151001,corner2,4,3,319.5518796666667,229.75361133333334,0.005258776125043736,0.02160102232147358,2.765472633333002e-05,9.580998466630119e-05,9.580998466630119e-05,0.0004666041653327999,E2\E2_dual_camera_height_scan\run_20260808_151001\raw\E2_dual_height_raw_20260808_151001.csv
E2,ihawk1,marker_4_C,35.0,20260808_151001,corner3,4,3,292.51943966666664,240.992223,0.013886748587538385,0.0063233683270869446,0.0001928417863334993,-4.047554050002212e-05,-4.047554050002212e-05,3.9984987000006345e-05,E2\E2_dual_camera_height_scan\run_20260808_151001\raw\E2_dual_height_raw_20260808_151001.csv
E2,ihawk1,marker_4_C,35.0,20260808_162715,marker_center,4,3,301.1653723333333,226.926858,0.012739472725881931,0.010453204484747578,0.00016229416533348958,0.00013177465600001148,0.00013177465600001148,0.00010926948399994686,E2\E2_dual_camera_height_scan\run_20260808_162715\raw\E2_dual_height_raw_20260808_162715.csv
E2,ihawk1,marker_4_C,35.0,20260808_162715,corner0,4,3,278.814514,224.54128033333336,0.009330988372085174,0.002018421247749348,8.706734399998873e-05,1.0435005999980819e-05,1.0435005999980819e-05,4.074024333366034e-06,E2\E2_dual_camera_height_scan\run_20260808_162715\raw\E2_dual_height_raw_20260808_162715.csv
E2,ihawk1,marker_4_C,35.0,20260808_162715,corner1,4,3,305.393758,215.33046466666667,0.03197073397657921,0.026738267638969002,0.0010221278310011963,0.0008485726515003833,0.0008485726515003833,0.000714934956333137,E2\E2_dual_camera_height_scan\run_20260808_162715\raw\E2_dual_height_raw_20260808_162715.csv
E2,ihawk1,marker_4_C,35.0,20260808_162715,corner2,4,3,323.7772013333333,228.47958366666668,0.0269219517556544,0.0037405312902514636,0.000724791486333783,0.00010038883516673735,0.00010038883516673735,1.399157433335028e-05,E2\E2_dual_camera_height_scan\run_20260808_162715\raw\E2_dual_height_raw_20260808_162715.csv
E2,ihawk1,marker_4_C,35.0,20260808_162715,corner3,4,3,296.676015,239.35610433333332,0.012314038979977316,0.013599357938269403,0.00015163555600040076,-0.00016207698900017357,-0.00016207698900017357,0.00018494253633317102,E2\E2_dual_camera_height_scan\run_20260808_162715\raw\E2_dual_height_raw_20260808_162715.csv
E2,ihawk1,marker_0_TL,40.0,20260808_131913,marker_center,0,3,217.751921,207.58327599999998,0.0009575097910710702,0.01920430587134559,9.168249999969647e-07,-8.563915000074341e-06,-8.563915000074341e-06,0.0003688053640001988,E2\E2_dual_camera_height_scan\run_20260808_131913\raw\E2_dual_height_raw_20260808_131913.csv
E2,ihawk1,marker_0_TL,40.0,20260808_131913,corner0,0,3,196.932546,205.22832733333334,0.0035544522784811197,0.09169270551321473,1.2634130999999624e-05,-0.0002776711644998393,-0.0002776711644998393,0.008407552244333118,E2\E2_dual_camera_height_scan\run_20260808_131913\raw\E2_dual_height_raw_20260808_131913.csv
E2,ihawk1,marker_0_TL,40.0,20260808_131913,corner1,0,3,225.49567666666667,197.3780823333333,0.036962402212705255,0.0057427173300875324,0.0013662191773337984,0.00020387167266641725,0.00020387167266641725,3.2978802333287674e-05,E2\E2_dual_camera_height_scan\run_20260808_131913\raw\E2_dual_height_raw_20260808_131913.csv
E2,ihawk1,marker_0_TL,40.0,20260808_131913,corner2,0,3,239.21747866666666,209.285309,0.018359161209964704,0.0189226550726987,0.00033705880033347267,0.0003474040750002318,0.0003474040750002318,0.0003580668750003299,E2\E2_dual_camera_height_scan\run_20260808_131913\raw\E2_dual_height_raw_20260808_131913.csv
E2,ihawk1,marker_0_TL,40.0,20260808_131913,corner3,0,3,209.36198433333334,218.441386,0.027979343743788368,0.011297937378130774,0.0007828436763330694,-0.00026470994000024866,-0.00026470994000024866,0.00012764338900016448,E2\E2_dual_camera_height_scan\run_20260808_131913\raw\E2_dual_height_raw_20260808_131913.csv
E2,ihawk1,marker_0_TL,40.0,20260808_141232,marker_center,0,3,221.37299866666663,205.44424066666667,0.010230750184294521,0.007642162019578811,0.00010466824933344236,3.891930333354847e-06,3.891930333354847e-06,5.840264033349289e-05,E2\E2_dual_camera_height_scan\run_20260808_141232\raw\E2_dual_height_raw_20260808_141232.csv
E2,ihawk1,marker_0_TL,40.0,20260808_141232,corner0,0,3,200.794983,203.23564166666665,0.006740259045459866,0.01433494769204369,4.543109199990355e-05,-9.639930799996631e-05,-9.639930799996631e-05,0.00020549072533362873,E2\E2_dual_camera_height_scan\run_20260808_141232\raw\E2_dual_height_raw_20260808_141232.csv
E2,ihawk1,marker_0_TL,40.0,20260808_141232,corner1,0,3,228.80421466666667,195.36064633333334,0.014909693904753578,0.010585519228329888,0.000222298972333446,-5.490932333353767e-06,-5.490932333353767e-06,0.0001120532173333418,E2\E2_dual_camera_height_scan\run_20260808_141232\raw\E2_dual_height_raw_20260808_141232.csv
E2,ihawk1,marker_0_TL,40.0,20260808_141232,corner2,0,3,242.53173333333334,207.16120933333332,0.025043982357721088,0.003435725590531221,0.0006272010523338451,5.512729683359187e-05,5.512729683359187e-05,1.1804210333431106e-05,E2\E2_dual_camera_height_scan\run_20260808_141232\raw\E2_dual_height_raw_20260808_141232.csv
E2,ihawk1,marker_0_TL,40.0,20260808_141232,corner3,0,3,213.36106366666664,216.019465,0.007532042905709402,0.029823519862687903,5.673167033344732e-05,-0.00021357802550025685,-0.00021357802550025685,0.0008894423370001399,E2\E2_dual_camera_height_scan\run_20260808_141232\raw\E2_dual_height_raw_20260808_141232.csv
E2,ihawk1,marker_0_TL,40.0,20260808_145501,marker_center,0,3,222.01357666666664,206.76773599999999,0.006983530792750022,0.013418431018567182,4.876970233328775e-05,-9.339811449996295e-05,-9.339811449996295e-05,0.0001800542910000459,E2\E2_dual_camera_height_scan\run_20260808_145501\raw\E2_dual_height_raw_20260808_145501.csv
E2,ihawk1,marker_0_TL,40.0,20260808_145501,corner0,0,3,202.0,204.0,0.0,0.0,0.0,0.0,0.0,0.0,E2\E2_dual_camera_height_scan\run_20260808_145501\raw\E2_dual_height_raw_20260808_145501.csv
E2,ihawk1,marker_0_TL,40.0,20260808_145501,corner1,0,3,229.09997566666667,196.600998,0.007630817147163086,0.0527650601534782,5.8229370333438185e-05,-0.000124601104500388,-0.000124601104500388,0.002784151573000173,E2\E2_dual_camera_height_scan\run_20260808_145501\raw\E2_dual_height_raw_20260808_145501.csv
E2,ihawk1,marker_0_TL,40.0,20260808_145501,corner2,0,3,243.3820036666667,208.83709199999998,0.0011905000349986255,0.0020450733483132434,1.4172903333317283e-06,2.163004999991347e-06,2.163004999991347e-06,4.18232499998114e-06,E2\E2_dual_camera_height_scan\run_20260808_145501\raw\E2_dual_height_raw_20260808_145501.csv
E2,ihawk1,marker_0_TL,40.0,20260808_145501,corner3,0,3,213.572327,217.63285333333332,0.02610074556407717,0.005783602539363173,0.000681248919000694,1.7616775000560962e-06,1.7616775000560962e-06,3.345005833332814e-05,E2\E2_dual_camera_height_scan\run_20260808_145501\raw\E2_dual_height_raw_20260808_145501.csv
E2,ihawk1,marker_0_TL,40.0,20260808_151001,marker_center,0,3,219.02891666666667,208.19519300000002,0.021688822290141907,0.004792402216012337,0.00047040501233335636,7.462628550014153e-05,7.462628550014153e-05,2.2967119000039954e-05,E2\E2_dual_camera_height_scan\run_20260808_151001\raw\E2_dual_height_raw_20260808_151001.csv
E2,ihawk1,marker_0_TL,40.0,20260808_151001,corner0,0,3,198.07819600000002,205.847758,0.02419913219517524,0.022029646683501297,0.0005855979989995668,-0.0005148757679997089,-0.0005148757679997089,0.00048530533299989963,E2\E2_dual_camera_height_scan\run_20260808_151001\raw\E2_dual_height_raw_20260808_151001.csv
E2,ihawk1,marker_0_TL,40.0,20260808_151001,corner1,0,3,226.42757666666668,197.663737,0.002505983705722291,0.007175746023932026,6.279954333345627e-06,1.1186524500017465e-05,1.1186524500017465e-05,5.1491330999976274e-05,E2\E2_dual_camera_height_scan\run_20260808_151001\raw\E2_dual_height_raw_20260808_151001.csv
E2,ihawk1,marker_0_TL,40.0,20260808_151001,corner2,0,3,240.50334166666667,209.88318400000003,0.0049600570897220565,0.018887935276247988,2.4602166333302034e-05,8.412476799985154e-05,8.412476799985154e-05,0.00035675409899973314,E2\E2_dual_camera_height_scan\run_20260808_151001\raw\E2_dual_height_raw_20260808_151001.csv
E2,ihawk1,marker_0_TL,40.0,20260808_151001,corner3,0,3,211.10655233333333,219.38609333333332,0.11565744078239733,0.011083949220987174,0.013376643608333743,0.0012723852833338152,0.0012723852833338152,0.00012285393033342217,E2\E2_dual_camera_height_scan\run_20260808_151001\raw\E2_dual_height_raw_20260808_151001.csv
E2,ihawk1,marker_0_TL,40.0,20260808_162715,marker_center,0,3,224.8191416666667,206.82353733333335,0.008269405379666623,0.016008968153301172,6.83830653332593e-05,9.626845866656001e-05,9.626845866656001e-05,0.0002562870613334112,E2\E2_dual_camera_height_scan\run_20260808_162715\raw\E2_dual_height_raw_20260808_162715.csv
E2,ihawk1,marker_0_TL,40.0,20260808_162715,corner0,0,3,203.92621866666664,204.30164566666667,0.009337967516177924,0.039307081427315,8.719763733319411e-05,0.0002730231073330507,0.0002730231073330507,0.0015450466503335717,E2\E2_dual_camera_height_scan\run_20260808_162715\raw\E2_dual_height_raw_20260808_162715.csv
E2,ihawk1,marker_0_TL,40.0,20260808_162715,corner1,0,3,233.0,197.0,0.0,0.0,0.0,0.0,0.0,0.0,E2\E2_dual_camera_height_scan\run_20260808_162715\raw\E2_dual_height_raw_20260808_162715.csv
E2,ihawk1,marker_0_TL,40.0,20260808_162715,corner2,0,3,245.865463,208.66171799999998,0.0008192600319792156,0.0003256255518212875,6.711869999985854e-07,-2.6677199999835776e-07,-2.6677199999835776e-07,1.06031999998918e-07,E2\E2_dual_camera_height_scan\run_20260808_162715\raw\E2_dual_height_raw_20260808_162715.csv
E2,ihawk1,marker_0_TL,40.0,20260808_162715,corner3,0,3,216.4848833333333,217.330785,0.02457581474403951,0.024538634823481616,0.0006039706703333497,0.0004439191615002635,0.0004439191615002635,0.0006021445990001846,E2\E2_dual_camera_height_scan\run_20260808_162715\raw\E2_dual_height_raw_20260808_162715.csv
E2,ihawk1,marker_1_TR,40.0,20260808_131913,marker_center,1,3,291.53273533333333,185.35108066666666,0.08119567129061496,0.027379746936985815,0.0065927370363335945,-0.002223087170833452,-0.002223087170833452,0.0007496505423333842,E2\E2_dual_camera_height_scan\run_20260808_131913\raw\E2_dual_height_raw_20260808_131913.csv
E2,ihawk1,marker_1_TR,40.0,20260808_131913,corner0,1,3,272.32695533333333,183.7737986666667,0.003902864375465066,0.01264273931287148,1.523235033327432e-05,4.890267266655561e-05,4.890267266655561e-05,0.00015983885733322604,E2\E2_dual_camera_height_scan\run_20260808_131913\raw\E2_dual_height_raw_20260808_131913.csv
E2,ihawk1,marker_1_TR,40.0,20260808_131913,corner1,1,3,295.22198499999996,177.29963666666666,0.0028670083710950374,0.01909652223138239,8.21973699992902e-06,-8.189168999888547e-06,-8.189168999888547e-06,0.0003646771613336819,E2\E2_dual_camera_height_scan\run_20260808_131913\raw\E2_dual_height_raw_20260808_131913.csv
E2,ihawk1,marker_1_TR,40.0,20260808_131913,corner2,1,3,310.2166236666667,186.58100366666667,0.015258212914149138,0.006995175861496772,0.00023281306133350754,-0.00010673388266663436,-0.00010673388266663436,4.89324853332671e-05,E2\E2_dual_camera_height_scan\run_20260808_131913\raw\E2_dual_height_raw_20260808_131913.csv
E2,ihawk1,marker_1_TR,40.0,20260808_131913,corner3,1,3,288.36537666666663,193.74988299999998,0.33032298445664937,0.09968610445291749,0.10911327406034782,-0.032909006112498834,-0.032909006112498834,0.009937319420997976,E2\E2_dual_camera_height_scan\run_20260808_131913\raw\E2_dual_height_raw_20260808_131913.csv
E2,ihawk1,marker_1_TR,40.0,20260808_141232,marker_center,1,3,294.1303583333333,183.49891666666667,0.11122966980232568,0.1901862205979498,0.0123720394443344,0.021154046911667206,0.021154046911667206,0.03617079850533202,E2\E2_dual_camera_height_scan\run_20260808_141232\raw\E2_dual_height_raw_20260808_141232.csv
E2,ihawk1,marker_1_TR,40.0,20260808_141232,corner0,1,3,274.98909499999996,181.633021,0.01888801405653633,0.6356262733108119,0.0003567570749999139,0.012005717984998417,0.012005717984998417,0.4040207593229909,E2\E2_dual_camera_height_scan\run_20260808_141232\raw\E2_dual_height_raw_20260808_141232.csv
E2,ihawk1,marker_1_TR,40.0,20260808_141232,corner1,1,3,297.98231000000004,175.40040100000002,0.03597218931340175,0.004901066312553852,0.0012939984039992151,0.00016865283900007773,0.00016865283900007773,2.402045100005021e-05,E2\E2_dual_camera_height_scan\run_20260808_141232\raw\E2_dual_height_raw_20260808_141232.csv
E2,ihawk1,marker_1_TR,40.0,20260808_141232,corner2,1,3,313.0122783333333,184.80305966666666,0.03704281725697806,0.010909697627950935,0.001372170310333872,-0.000229732872333355,-0.000229732872333355,0.00011902150233331825,E2\E2_dual_camera_height_scan\run_20260808_141232\raw\E2_dual_height_raw_20260808_141232.csv
E2,ihawk1,marker_1_TR,40.0,20260808_141232,corner3,1,3,290.53775033333335,192.15918466666668,0.4661040189296065,0.14049193039222108,0.217252956462331,0.06367939126566613,0.06367939126566613,0.019737982505332693,E2\E2_dual_camera_height_scan\run_20260808_141232\raw\E2_dual_height_raw_20260808_141232.csv
E2,ihawk1,marker_1_TR,40.0,20260808_145501,marker_center,1,3,295.16703266666667,184.80769833333332,0.031026065788822485,0.004282327910539607,0.0009626167583323411,-0.00010720844083345613,-0.00010720844083345613,1.8338332333386518e-05,E2\E2_dual_camera_height_scan\run_20260808_145501\raw\E2_dual_height_raw_20260808_145501.csv
E2,ihawk1,marker_1_TR,40.0,20260808_145501,corner0,1,3,276.0399066666667,183.00550833333332,0.015920878064156478,0.001574367280310861,0.0002534743583337389,-2.366441583326366e-05,-2.366441583326366e-05,2.478632333313417e-06,E2\E2_dual_camera_height_scan\run_20260808_145501\raw\E2_dual_height_raw_20260808_145501.csv
E2,ihawk1,marker_1_TR,40.0,20260808_145501,corner1,1,3,299.045278,176.75977066666667,0.005189967148259449,0.005849444788467768,2.6935759000012318e-05,2.8936767000037907e-05,2.8936767000037907e-05,3.421600433333273e-05,E2\E2_dual_camera_height_scan\run_20260808_145501\raw\E2_dual_height_raw_20260808_145501.csv
E2,ihawk1,marker_1_TR,40.0,20260808_145501,corner2,1,3,313.93922933333334,186.07965066666668,0.048814768434687426,0.01050245649043365,0.002382881617332156,0.0001375263576670732,0.0001375263576670732,0.00011030159233345193,E2\E2_dual_camera_height_scan\run_20260808_145501\raw\E2_dual_height_raw_20260808_145501.csv
E2,ihawk1,marker_1_TR,40.0,20260808_145501,corner3,1,3,291.6437173333333,193.38586433333333,0.06627193134604303,0.009048173812057157,0.004391968884334641,-0.0005987817456662197,-0.0005987817456662197,8.186944933319696e-05,E2\E2_dual_camera_height_scan\run_20260808_145501\raw\E2_dual_height_raw_20260808_145501.csv
E2,ihawk1,marker_1_TR,40.0,20260808_151001,marker_center,1,3,291.9471766666666,185.07369099999997,0.01815959482846333,0.002714309488620642,0.0003297708843339521,-7.177872000219574e-06,-7.177872000219574e-06,7.367476000016052e-06,E2\E2_dual_camera_height_scan\run_20260808_151001\raw\E2_dual_height_raw_20260808_151001.csv
E2,ihawk1,marker_1_TR,40.0,20260808_151001,corner0,1,3,272.7660016666667,183.574295,0.005284681289676001,0.013390581354073689,2.7927856333451606e-05,8.255699500054107e-06,8.255699500054107e-06,0.00017930766900006595,E2\E2_dual_camera_height_scan\run_20260808_151001\raw\E2_dual_height_raw_20260808_151001.csv
E2,ihawk1,marker_1_TR,40.0,20260808_151001,corner1,1,3,295.45347066666665,176.99070233333336,0.0003874020306326997,0.0003608439182349833,1.5008033333833918e-07,1.3979166666569237e-07,1.3979166666569237e-07,1.302083333271753e-07,E2\E2_dual_camera_height_scan\run_20260808_151001\raw\E2_dual_height_raw_20260808_151001.csv
E2,ihawk1,marker_1_TR,40.0,20260808_151001,corner2,1,3,310.7159423333333,185.92782566666665,0.010465628329596117,0.01059784154125133,0.00010952937633324483,0.00011091307066669052,0.00011091307066669052,0.00011231424533347239,E2\E2_dual_camera_height_scan\run_20260808_151001\raw\E2_dual_height_raw_20260808_151001.csv
E2,ihawk1,marker_1_TR,40.0,20260808_151001,corner3,1,3,288.853292,193.80194099999997,0.0685588179959536,0.019610986028244775,0.004700311525002292,-0.001335069995000332,-0.001335069995000332,0.0003845907730000118,E2\E2_dual_camera_height_scan\run_20260808_151001\raw\E2_dual_height_raw_20260808_151001.csv
E2,ihawk1,marker_1_TR,40.0,20260808_162715,marker_center,1,3,297.4502386666667,184.4575616666667,0.014841364133164921,0.004636086747823301,0.00022026608933319413,-1.9309391666685603e-05,-1.9309391666685603e-05,2.1493300333342833e-05,E2\E2_dual_camera_height_scan\run_20260808_162715\raw\E2_dual_height_raw_20260808_162715.csv
E2,ihawk1,marker_1_TR,40.0,20260808_162715,corner0,1,3,278.4896953333334,182.60782366666663,0.009219900342908156,0.015029395774054549,8.500656233315795e-05,-0.00012832679033318733,-0.00012832679033318733,0.00022588273733316873,E2\E2_dual_camera_height_scan\run_20260808_162715\raw\E2_dual_height_raw_20260808_162715.csv
E2,ihawk1,marker_1_TR,40.0,20260808_162715,corner1,1,3,300.74103833333334,176.0916596666667,0.004779746053231605,0.006392103122863165,2.2845972333383106e-05,-2.9407593833355104e-05,-2.9407593833355104e-05,4.085898233331702e-05,E2\E2_dual_camera_height_scan\run_20260808_162715\raw\E2_dual_height_raw_20260808_162715.csv
E2,ihawk1,marker_1_TR,40.0,20260808_162715,corner2,1,3,316.55274433333335,185.67126499999998,0.0077791951597571355,0.006537518565943779,6.051587733358884e-05,1.6445266000056897e-05,1.6445266000056897e-05,4.27391490000596e-05,E2\E2_dual_camera_height_scan\run_20260808_162715\raw\E2_dual_height_raw_20260808_162715.csv
E2,ihawk1,marker_1_TR,40.0,20260808_162715,corner3,1,3,294.0174763333334,193.45949833333336,0.07538716817424054,0.016961131605333274,0.005683225125331226,-0.0011540717426666354,-0.0011540717426666354,0.0002876799853334352,E2\E2_dual_camera_height_scan\run_20260808_162715\raw\E2_dual_height_raw_20260808_162715.csv
E2,ihawk1,marker_2_BL,40.0,20260808_131913,marker_center,2,3,297.64342733333336,282.930547,0.007967807749511637,0.0039357264894933595,6.348596033317769e-05,-6.805437000117244e-06,-6.805437000117244e-06,1.5489943000099726e-05,E2\E2_dual_camera_height_scan\run_20260808_131913\raw\E2_dual_height_raw_20260808_131913.csv
E2,ihawk1,marker_2_BL,40.0,20260808_131913,corner0,2,3,269.360382,279.3308513333333,0.006791433132982148,0.005220767216925523,4.612356399976772e-05,-3.125745500001922e-05,-3.125745500001922e-05,2.725641033332427e-05,E2\E2_dual_camera_height_scan\run_20260808_131913\raw\E2_dual_height_raw_20260808_131913.csv
E2,ihawk1,marker_2_BL,40.0,20260808_131913,corner1,2,3,302.7368773333333,265.0307413333333,0.04852536101189026,0.010658478377953046,0.0023547106613342797,0.00028095909733332207,0.00028095909733332207,0.0001136031613332926,E2\E2_dual_camera_height_scan\run_20260808_131913\raw\E2_dual_height_raw_20260808_131913.csv
E2,ihawk1,marker_2_BL,40.0,20260808_131913,corner2,2,3,326.45139566666666,285.49931833333335,0.01736838191465147,0.005681114004604062,0.0003016606903331923,9.557108516651598e-05,9.557108516651598e-05,3.2275056333308405e-05,E2\E2_dual_camera_height_scan\run_20260808_131913\raw\E2_dual_height_raw_20260808_131913.csv
E2,ihawk1,marker_2_BL,40.0,20260808_131913,corner3,2,3,292.025055,301.86127733333336,0.010690998409877858,0.005303338602537617,0.00011429744700001087,-5.474946949986707e-05,-5.474946949986707e-05,2.812540033316565e-05,E2\E2_dual_camera_height_scan\run_20260808_131913\raw\E2_dual_height_raw_20260808_131913.csv
E2,ihawk1,marker_2_BL,40.0,20260808_141232,marker_center,2,3,298.54660533333333,279.2988050000001,0.012478174238759797,0.0031536104705622466,0.00015570483233284864,-3.766723949998623e-05,-3.766723949998623e-05,9.945259000039833e-06,E2\E2_dual_camera_height_scan\run_20260808_141232\raw\E2_dual_height_raw_20260808_141232.csv
E2,ihawk1,marker_2_BL,40.0,20260808_141232,corner0,2,3,270.8108623333333,275.60265133333337,0.00033647634885055776,0.003178880987603514,1.1321633333580223e-07,5.327648333005121e-07,5.327648333005121e-07,1.0105284333347093e-05,E2\E2_dual_camera_height_scan\run_20260808_141232\raw\E2_dual_height_raw_20260808_141232.csv
E2,ihawk1,marker_2_BL,40.0,20260808_141232,corner1,2,3,303.993205,261.69182333333333,0.02776360776269523,0.0024559247409562364,0.0007708179160007909,6.401374099936076e-05,6.401374099936076e-05,6.031566333240957e-06,E2\E2_dual_camera_height_scan\run_20260808_141232\raw\E2_dual_height_raw_20260808_141232.csv
E2,ihawk1,marker_2_BL,40.0,20260808_141232,corner2,2,3,326.77132166666667,282.17808033333336,0.01399396321037564,0.004778062508304392,0.00019583100633334692,-8.432832333545387e-06,-8.432832333545387e-06,2.282988133326406e-05,E2\E2_dual_camera_height_scan\run_20260808_141232\raw\E2_dual_height_raw_20260808_141232.csv
E2,ihawk1,marker_2_BL,40.0,20260808_141232,corner3,2,3,292.61103299999996,297.72266633333334,0.020923627147316222,0.006688349148600194,0.00043779817299990833,-0.00010355911250029505,-0.00010355911250029505,4.473401433358094e-05,E2\E2_dual_camera_height_scan\run_20260808_141232\raw\E2_dual_height_raw_20260808_141232.csv
E2,ihawk1,marker_2_BL,40.0,20260808_145501,marker_center,2,3,301.6934053333334,281.614614,0.006505526445518193,0.010388565974190498,4.232187433333657e-05,6.0223896000050436e-05,6.0223896000050436e-05,0.00010792230300010857,E2\E2_dual_camera_height_scan\run_20260808_145501\raw\E2_dual_height_raw_20260808_145501.csv
E2,ihawk1,marker_2_BL,40.0,20260808_145501,corner0,2,3,273.60168466666664,277.85846933333335,0.002809498235143171,0.003136161082176908,7.893280333272594e-06,-8.441878833312228e-06,-8.441878833312228e-06,9.835506333361033e-06,E2\E2_dual_camera_height_scan\run_20260808_145501\raw\E2_dual_height_raw_20260808_145501.csv
E2,ihawk1,marker_2_BL,40.0,20260808_145501,corner1,2,3,306.767588,263.779846,0.023633896187456063,0.01701725421449899,0.0005585610489994503,-0.00013229882900041404,-0.00013229882900041404,0.00028958694100088365,E2\E2_dual_camera_height_scan\run_20260808_145501\raw\E2_dual_height_raw_20260808_145501.csv
E2,ihawk1,marker_2_BL,40.0,20260808_145501,corner2,2,3,330.2079366666666,284.17106099999995,0.01913357693513295,0.03325630159834748,0.0003660937663326516,0.0005022370709993301,0.0005022370709993301,0.0011059815960002492,E2\E2_dual_camera_height_scan\run_20260808_145501\raw\E2_dual_height_raw_20260808_145501.csv
E2,ihawk1,marker_2_BL,40.0,20260808_145501,corner3,2,3,296.1964113333333,300.6490783333333,0.03434677650570088,0.013068554026104668,0.001179701056332566,5.819236983290907e-05,5.819236983290907e-05,0.00017078710433321654,E2\E2_dual_camera_height_scan\run_20260808_145501\raw\E2_dual_height_raw_20260808_145501.csv
E2,ihawk1,marker_2_BL,40.0,20260808_151001,marker_center,2,3,301.41853066666664,282.39620199999996,0.012089026484095478,0.013605079970341948,0.00014614456133316188,0.00016446016899963737,0.00016446016899963737,0.00018509820099939966,E2\E2_dual_camera_height_scan\run_20260808_151001\raw\E2_dual_height_raw_20260808_151001.csv
E2,ihawk1,marker_2_BL,40.0,20260808_151001,corner0,2,3,273.2220863333334,279.09647666666666,0.010295462560433047,0.025703138822597466,0.0001059965493332786,-0.00026265171333340545,-0.00026265171333340545,0.0006606513453337171,E2\E2_dual_camera_height_scan\run_20260808_151001\raw\E2_dual_height_raw_20260808_151001.csv
E2,ihawk1,marker_2_BL,40.0,20260808_151001,corner1,2,3,306.052297,264.5770876666667,0.05257126889279543,0.01823248047669952,0.0027637383129986005,0.0008737931599997426,0.0008737931599997426,0.00033242334433322907,E2\E2_dual_camera_height_scan\run_20260808_151001\raw\E2_dual_height_raw_20260808_151001.csv
E2,ihawk1,marker_2_BL,40.0,20260808_151001,corner2,2,3,330.07549033333333,284.64515166666666,0.01624564034852654,0.011850639912407618,0.0002639208303336735,8.158225316730017e-05,8.158225316730017e-05,0.00014043766633354843,E2\E2_dual_camera_height_scan\run_20260808_151001\raw\E2_dual_height_raw_20260808_151001.csv
E2,ihawk1,marker_2_BL,40.0,20260808_151001,corner3,2,3,296.3242496666667,301.2660926666667,0.001715292783575711,0.004026016434815843,2.942229333386911e-06,-6.57826666674953e-07,-6.57826666674953e-07,1.6208808333407274e-05,E2\E2_dual_camera_height_scan\run_20260808_151001\raw\E2_dual_height_raw_20260808_151001.csv
E2,ihawk1,marker_2_BL,40.0,20260808_162715,marker_center,2,3,304.4882226666667,281.99696366666666,0.0025770450778435645,0.002648547023077709,6.641161333237743e-06,1.4133813332792473e-06,1.4133813332792473e-06,7.014801333453794e-06,E2\E2_dual_camera_height_scan\run_20260808_162715\raw\E2_dual_height_raw_20260808_162715.csv
E2,ihawk1,marker_2_BL,40.0,20260808_162715,corner0,2,3,276.41165133333334,278.29560366666664,0.017455056468928302,0.010570505490909567,0.0003046789963334758,0.00017795359816676182,0.00017795359816676182,0.0001117355863333493,E2\E2_dual_camera_height_scan\run_20260808_162715\raw\E2_dual_height_raw_20260808_162715.csv
E2,ihawk1,marker_2_BL,40.0,20260808_162715,corner1,2,3,309.36087033333337,263.7550253333333,0.0053580369850604066,0.0014128369804415205,2.870856033327521e-05,-7.514464166598063e-06,-7.514464166598063e-06,1.9961083333031136e-06,E2\E2_dual_camera_height_scan\run_20260808_162715\raw\E2_dual_height_raw_20260808_162715.csv
E2,ihawk1,marker_2_BL,40.0,20260808_162715,corner2,2,3,333.04308066666664,284.59830733333337,0.0007152246733352961,0.002411079080703505,5.115463333475811e-07,1.7235861667012498e-06,1.7235861667012498e-06,5.813302333406059e-06,E2\E2_dual_camera_height_scan\run_20260808_162715\raw\E2_dual_height_raw_20260808_162715.csv
E2,ihawk1,marker_2_BL,40.0,20260808_162715,corner3,2,3,299.13728833333334,301.3389183333333,0.010597282025752866,0.000742798985816877,0.00011230238633334479,-7.865071166646752e-06,-7.865071166646752e-06,5.517503333305811e-07,E2\E2_dual_camera_height_scan\run_20260808_162715\raw\E2_dual_height_raw_20260808_162715.csv
E2,ihawk1,marker_3_BR,40.0,20260808_131913,marker_center,3,3,381.8970793333333,244.70519233333334,0.003711228412981544,0.018002557855303046,1.3773216333321508e-05,6.176454933324217e-05,6.176454933324217e-05,0.00032409208933353335,E2\E2_dual_camera_height_scan\run_20260808_131913\raw\E2_dual_height_raw_20260808_131913.csv
E2,ihawk1,marker_3_BR,40.0,20260808_131913,corner0,3,3,355.705587,242.1218313333333,0.028349961763656548,0.017479500059602734,0.0008037203320007884,-0.0004229573910004904,-0.0004229573910004904,0.00030553292233365196,E2\E2_dual_camera_height_scan\run_20260808_131913\raw\E2_dual_height_raw_20260808_131913.csv
E2,ihawk1,marker_3_BR,40.0,20260808_131913,corner1,3,3,380.9592486666666,231.13893133333332,0.026488520840808157,0.006726777559379783,0.0007016417363339281,-0.00010299844883354034,-0.00010299844883354034,4.524953633337543e-05,E2\E2_dual_camera_height_scan\run_20260808_131913\raw\E2_dual_height_raw_20260808_131913.csv
E2,ihawk1,marker_3_BR,40.0,20260808_131913,corner2,3,3,408.0,246.0,0.0,0.0,0.0,0.0,0.0,0.0,E2\E2_dual_camera_height_scan\run_20260808_131913\raw\E2_dual_height_raw_20260808_131913.csv
E2,ihawk1,marker_3_BR,40.0,20260808_131913,corner3,3,3,382.923482,259.560008,0.05483229434376958,0.05956298369794828,0.0030065805030017856,0.0027889416555019054,0.0027889416555019054,0.0035477490270020527,E2\E2_dual_camera_height_scan\run_20260808_131913\raw\E2_dual_height_raw_20260808_131913.csv
E2,ihawk1,marker_3_BR,40.0,20260808_141232,marker_center,3,3,382.3938523333333,242.24916466666664,0.012091648453920587,0.012623904084448856,0.00014620796233320014,3.9621645166502544e-05,3.9621645166502544e-05,0.0001593629543333645,E2\E2_dual_camera_height_scan\run_20260808_141232\raw\E2_dual_height_raw_20260808_141232.csv
E2,ihawk1,marker_3_BR,40.0,20260808_141232,corner0,3,3,357.01699833333333,240.09603866666666,0.004708417179200008,0.003304161366117311,2.216919233338576e-05,2.074966166741578e-06,2.074966166741578e-06,1.0917482333342213e-05,E2\E2_dual_camera_height_scan\run_20260808_141232\raw\E2_dual_height_raw_20260808_141232.csv
E2,ihawk1,marker_3_BR,40.0,20260808_141232,corner1,3,3,382.0265603333333,228.43017066666667,0.06512312781442504,0.012278599689422205,0.00424102177633394,0.000358185008666582,0.000358185008666582,0.00015076401033307907,E2\E2_dual_camera_height_scan\run_20260808_141232\raw\E2_dual_height_raw_20260808_141232.csv
E2,ihawk1,marker_3_BR,40.0,20260808_141232,corner2,3,3,406.6937663333333,243.80418899999998,0.002284144551760978,0.008251418484124218,5.21731633333936e-06,1.5184089500023606e-05,1.5184089500023606e-05,6.80859070001468e-05,E2\E2_dual_camera_height_scan\run_20260808_141232\raw\E2_dual_height_raw_20260808_141232.csv
E2,ihawk1,marker_3_BR,40.0,20260808_141232,corner3,3,3,383.838084,256.6662596666667,0.040354938520574826,0.02826122029094699,0.001628521062999374,-0.0011366330904998346,-0.0011366330904998346,0.0007986965723334338,E2\E2_dual_camera_height_scan\run_20260808_141232\raw\E2_dual_height_raw_20260808_141232.csv
E2,ihawk1,marker_3_BR,40.0,20260808_145501,marker_center,3,3,384.76680000000005,243.47134366666668,0.43531220925331654,0.2074869328519995,0.18949671952500324,0.09007662292749744,0.09007662292749744,0.04305082730433016,E2\E2_dual_camera_height_scan\run_20260808_145501\raw\E2_dual_height_raw_20260808_145501.csv
E2,ihawk1,marker_3_BR,40.0,20260808_145501,corner0,3,3,359.60136933333337,241.3580883333333,0.012853822790656904,0.014725997498761348,0.00016522076033361084,0.00011481909083356993,0.00011481909083356993,0.00021685500233352545,E2\E2_dual_camera_height_scan\run_20260808_145501\raw\E2_dual_height_raw_20260808_145501.csv
E2,ihawk1,marker_3_BR,40.0,20260808_145501,corner1,3,3,384.46836333333334,229.577703,0.007260509646949187,0.0024739161262950144,5.271500033344221e-05,1.755304199991723e-05,1.755304199991723e-05,6.12026099994253e-06,E2\E2_dual_camera_height_scan\run_20260808_145501\raw\E2_dual_height_raw_20260808_145501.csv
E2,ihawk1,marker_3_BR,40.0,20260808_145501,corner2,3,3,409.0,245.0,0.0,0.0,0.0,0.0,0.0,0.0,E2\E2_dual_camera_height_scan\run_20260808_145501\raw\E2_dual_height_raw_20260808_145501.csv
E2,ihawk1,marker_3_BR,40.0,20260808_145501,corner3,3,3,385.997467,257.949585,1.7298580866871796,0.823820311487275,2.9924090000770294,1.422660927013999,1.422660927013999,0.6786799056189908,E2\E2_dual_camera_height_scan\run_20260808_145501\raw\E2_dual_height_raw_20260808_145501.csv
E2,ihawk1,marker_3_BR,40.0,20260808_151001,marker_center,3,3,382.8141733333334,243.40438833333334,0.011166771347788715,0.010403007513847911,0.000124696782333795,8.911961733340647e-05,8.911961733340647e-05,0.00010822256533317609,E2\E2_dual_camera_height_scan\run_20260808_151001\raw\E2_dual_height_raw_20260808_151001.csv
E2,ihawk1,marker_3_BR,40.0,20260808_151001,corner0,3,3,358.051351,241.3428243333333,0.019298192350587474,0.010707079776169295,0.00037242022800027295,-0.00013882856799980246,-0.00013882856799980246,0.00011464155733325351,E2\E2_dual_camera_height_scan\run_20260808_151001\raw\E2_dual_height_raw_20260808_151001.csv
E2,ihawk1,marker_3_BR,40.0,20260808_151001,corner1,3,3,382.433197,229.39489733333335,0.040701330285380866,0.007347211738695786,0.0016565982869996617,-0.00015266898349984754,-0.00015266898349984754,5.398152033322915e-05,E2\E2_dual_camera_height_scan\run_20260808_151001\raw\E2_dual_height_raw_20260808_151001.csv
E2,ihawk1,marker_3_BR,40.0,20260808_151001,corner2,3,3,407.0,245.0,0.0,0.0,0.0,0.0,0.0,0.0,E2\E2_dual_camera_height_scan\run_20260808_151001\raw\E2_dual_height_raw_20260808_151001.csv
E2,ihawk1,marker_3_BR,40.0,20260808_151001,corner3,3,3,383.77214566666663,257.87983233333335,0.07771267285542505,0.029596085304219727,0.006039259522334317,0.002292527247668493,0.002292527247668493,0.0008759282653346508,E2\E2_dual_camera_height_scan\run_20260808_151001\raw\E2_dual_height_raw_20260808_151001.csv
E2,ihawk1,marker_3_BR,40.0,20260808_162715,marker_center,3,3,387.53716299999996,244.03306333333333,0.03995072643896424,0.008242369218450655,0.0015960605430009563,0.00026148984949992337,0.00026148984949992337,6.793665033326286e-05,E2\E2_dual_camera_height_scan\run_20260808_162715\raw\E2_dual_height_raw_20260808_162715.csv
E2,ihawk1,marker_3_BR,40.0,20260808_162715,corner0,3,3,362.35225399999996,241.5296933333333,0.014953938310678759,0.0140376850062029,0.0002236202709995859,-0.00020384569749986586,-0.00020384569749986586,0.0001970566003333737,E2\E2_dual_camera_height_scan\run_20260808_162715\raw\E2_dual_height_raw_20260808_162715.csv
E2,ihawk1,marker_3_BR,40.0,20260808_162715,corner1,3,3,387.251597,229.85294599999997,0.066604564220504,0.007045582729616917,0.004436167975003241,0.00043983051499961993,0.00043983051499961993,4.964023599987617e-05,E2\E2_dual_camera_height_scan\run_20260808_162715\raw\E2_dual_height_raw_20260808_162715.csv
E2,ihawk1,marker_3_BR,40.0,20260808_162715,corner2,3,3,412.73225933333333,245.825948,0.012693780379897393,0.007159318473151546,0.000161132060333068,9.049142449993246e-05,9.049142449993246e-05,5.125584100000899e-05,E2\E2_dual_camera_height_scan\run_20260808_162715\raw\E2_dual_height_raw_20260808_162715.csv
E2,ihawk1,marker_3_BR,40.0,20260808_162715,corner3,3,3,387.81254066666673,258.9236653333333,0.10842588185637875,0.03962937956029002,0.011756171856333403,0.004295670568166971,0.004295670568166971,0.0015704877243335328,E2\E2_dual_camera_height_scan\run_20260808_162715\raw\E2_dual_height_raw_20260808_162715.csv
E2,ihawk1,marker_4_C,40.0,20260808_131913,marker_center,4,3,293.9817376666667,225.3464713333333,0.005058148409571877,0.002755425617459505,2.5584865333254505e-05,-1.4207433327030804e-07,-1.4207433327030804e-07,7.592370333352095e-06,E2\E2_dual_camera_height_scan\run_20260808_131913\raw\E2_dual_height_raw_20260808_131913.csv
E2,ihawk1,marker_4_C,40.0,20260808_131913,corner0,4,3,271.3115746666667,222.90025333333332,0.006006972809445486,0.0065776087853752765,3.608372233341739e-05,-3.948579633343013e-05,-3.948579633343013e-05,4.326493733344602e-05,E2\E2_dual_camera_height_scan\run_20260808_131913\raw\E2_dual_height_raw_20260808_131913.csv
E2,ihawk1,marker_4_C,40.0,20260808_131913,corner1,4,3,298.492279,213.55998233333332,0.008639322948004166,0.003784372779384825,7.463790099991138e-05,2.4412634000019804e-05,2.4412634000019804e-05,1.4321477333348826e-05,E2\E2_dual_camera_height_scan\run_20260808_131913\raw\E2_dual_height_raw_20260808_131913.csv
E2,ihawk1,marker_4_C,40.0,20260808_131913,corner2,4,3,316.794871,227.04561366666667,0.005380694100225821,0.00488096479534128,2.8951869000204953e-05,-2.5322089000122284e-05,-2.5322089000122284e-05,2.382381733336094e-05,E2\E2_dual_camera_height_scan\run_20260808_131913\raw\E2_dual_height_raw_20260808_131913.csv
E2,ihawk1,marker_4_C,40.0,20260808_131913,corner3,4,3,289.3282266666667,237.88003533333332,0.011346835520677936,0.011010997880903813,0.00012875067633331852,0.00012115851516658897,0.00012115851516658897,0.00012124207433326828,E2\E2_dual_camera_height_scan\run_20260808_131913\raw\E2_dual_height_raw_20260808_131913.csv
E2,ihawk1,marker_4_C,40.0,20260808_141232,marker_center,4,3,296.17128,222.983129,0.015551320426243567,0.00828112842552901,0.0002418435669997004,5.623041199994884e-05,5.623041199994884e-05,6.857708800010459e-05,E2\E2_dual_camera_height_scan\run_20260808_141232\raw\E2_dual_height_raw_20260808_141232.csv
E2,ihawk1,marker_4_C,40.0,20260808_141232,corner0,4,3,273.81476833333335,220.52249700000002,0.009390602128388093,0.0077613196687297825,8.818340833368698e-05,7.288346500027426e-05,7.288346500027426e-05,6.023808300021178e-05,E2\E2_dual_camera_height_scan\run_20260808_141232\raw\E2_dual_height_raw_20260808_141232.csv
E2,ihawk1,marker_4_C,40.0,20260808_141232,corner1,4,3,300.76805599999994,211.59721366666668,0.010454502905450193,0.014542500346684837,0.00010929663100006655,5.334251900000486e-05,5.334251900000486e-05,0.0002114843163333286,E2\E2_dual_camera_height_scan\run_20260808_141232\raw\E2_dual_height_raw_20260808_141232.csv
E2,ihawk1,marker_4_C,40.0,20260808_141232,corner2,4,3,318.641052,224.58842433333334,0.004034758109247069,0.003660472965794156,1.6279273000134984e-05,-9.262475500031265e-06,-9.262475500031265e-06,1.3399062333309866e-05,E2\E2_dual_camera_height_scan\run_20260808_141232\raw\E2_dual_height_raw_20260808_141232.csv
E2,ihawk1,marker_4_C,40.0,20260808_141232,corner3,4,3,291.4612426666667,235.22438066666666,0.04088897509518264,0.016466547796461214,0.0016719082843344663,0.0001621049358332153,0.0001621049358332153,0.0002711471963331417,E2\E2_dual_camera_height_scan\run_20260808_141232\raw\E2_dual_height_raw_20260808_141232.csv
E2,ihawk1,marker_4_C,40.0,20260808_145501,marker_center,4,3,297.93292233333335,224.55771733333336,0.008979402114477167,0.0025005400083413115,8.062966233347702e-05,-1.5533156666658306e-05,-1.5533156666658306e-05,6.252700333315567e-06,E2\E2_dual_camera_height_scan\run_20260808_145501\raw\E2_dual_height_raw_20260808_145501.csv
E2,ihawk1,marker_4_C,40.0,20260808_145501,corner0,4,3,275.384623,222.06860866666668,0.014856133379839556,0.006752600782902146,0.00022070469899958308,7.805577099972176e-05,7.805577099972176e-05,4.559761733325067e-05,E2\E2_dual_camera_height_scan\run_20260808_145501\raw\E2_dual_height_raw_20260808_145501.csv
E2,ihawk1,marker_4_C,40.0,20260808_145501,corner1,4,3,302.66152966666664,213.12072233333333,0.018054550239009703,0.012317806392913912,0.00032596678433292534,-0.00017833954733321127,-0.00017833954733321127,0.00015172835433331083,E2\E2_dual_camera_height_scan\run_20260808_145501\raw\E2_dual_height_raw_20260808_145501.csv
E2,ihawk1,marker_4_C,40.0,20260808_145501,corner2,4,3,320.58589666666666,226.16250566666668,0.0010923467093056209,0.011602431009631965,1.1932213333308187e-06,1.267387733331697e-05,1.267387733331697e-05,0.00013461640533326942,E2\E2_dual_camera_height_scan\run_20260808_145501\raw\E2_dual_height_raw_20260808_145501.csv
E2,ihawk1,marker_4_C,40.0,20260808_145501,corner3,4,3,293.0996396666667,236.87903333333335,0.00880186607109299,0.0038615699311719963,7.747284633345793e-05,2.576436166676698e-05,2.576436166676698e-05,1.4911722333331697e-05,E2\E2_dual_camera_height_scan\run_20260808_145501\raw\E2_dual_height_raw_20260808_145501.csv
E2,ihawk1,marker_4_C,40.0,20260808_151001,marker_center,4,3,295.7974423333333,225.1355586666667,0.010526209970028785,0.012740915678763532,0.0001108010963331334,0.00010084824716680465,0.00010084824716680465,0.00016233093233336237,E2\E2_dual_camera_height_scan\run_20260808_151001\raw\E2_dual_height_raw_20260808_151001.csv
E2,ihawk1,marker_4_C,40.0,20260808_151001,corner0,4,3,273.13026933333333,222.94114199999999,0.0031576708715999433,0.0050226637355156355,9.970885333350745e-06,-6.083211999957355e-06,-6.083211999957355e-06,2.5227151000063877e-05,E2\E2_dual_camera_height_scan\run_20260808_151001\raw\E2_dual_height_raw_20260808_151001.csv
E2,ihawk1,marker_4_C,40.0,20260808_151001,corner1,4,3,300.005971,213.46462499999998,0.02276485846650259,0.036884622324219185,0.0005182387809998946,0.0008334236190000268,0.0008334236190000268,0.0013604753640002883,E2\E2_dual_camera_height_scan\run_20260808_151001\raw\E2_dual_height_raw_20260808_151001.csv
E2,ihawk1,marker_4_C,40.0,20260808_151001,corner2,4,3,318.5538736666667,226.44007366666668,0.016500754780707356,0.007524698620754942,0.00027227490833303664,7.047367833333095e-05,7.047367833333095e-05,5.662108933319132e-05,E2\E2_dual_camera_height_scan\run_20260808_151001\raw\E2_dual_height_raw_20260808_151001.csv
E2,ihawk1,marker_4_C,40.0,20260808_151001,corner3,4,3,291.49965433333335,237.69639599999996,0.006882333930682375,0.006595104168997251,4.7366520333421905e-05,-3.056989099999208e-05,-3.056989099999208e-05,4.349539899992492e-05,E2\E2_dual_camera_height_scan\run_20260808_151001\raw\E2_dual_height_raw_20260808_151001.csv
E2,ihawk1,marker_4_C,40.0,20260808_162715,marker_center,4,3,300.284116,224.27671466666666,0.0079176089193886,0.007621685924596,6.26885310003819e-05,-5.425390150008704e-05,-5.425390150008704e-05,5.809009633318478e-05,E2\E2_dual_camera_height_scan\run_20260808_162715\raw\E2_dual_height_raw_20260808_162715.csv
E2,ihawk1,marker_4_C,40.0,20260808_162715,corner0,4,3,277.61434933333334,221.834661,0.013730873982867802,0.02707986334898626,0.00018853690033339592,-0.0002643569310004037,-0.0002643569310004037,0.0007333189989997692,E2\E2_dual_camera_height_scan\run_20260808_162715\raw\E2_dual_height_raw_20260808_162715.csv
E2,ihawk1,marker_4_C,40.0,20260808_162715,corner1,4,3,304.59034199999996,212.72548400000002,0.011202463479058693,0.00620677404132186,0.00012549518799964378,-1.9117889999742076e-05,-1.9117889999742076e-05,3.8524044000026894e-05,E2\E2_dual_camera_height_scan\run_20260808_162715\raw\E2_dual_height_raw_20260808_162715.csv
E2,ihawk1,marker_4_C,40.0,20260808_162715,corner2,4,3,323.260203,226.11737033333335,0.0022313912700390997,0.0038190355239693364,4.979107000006705e-06,-2.6731410000562772e-06,-2.6731410000562772e-06,1.4585032333339743e-05,E2\E2_dual_camera_height_scan\run_20260808_162715\raw\E2_dual_height_raw_20260808_162715.csv
E2,ihawk1,marker_4_C,40.0,20260808_162715,corner3,4,3,295.67157000000003,236.4293416666667,0.015492844509645252,0.009802387685318374,0.000240028231000045,6.569228649995063e-05,6.569228649995063e-05,9.608680433328132e-05,E2\E2_dual_camera_height_scan\run_20260808_162715\raw\E2_dual_height_raw_20260808_162715.csv
E2,ihawk1,marker_0_TL,45.0,20260808_131913,marker_center,0,3,217.822507,204.45219033333333,0.012756850277393112,0.014384185772350278,0.00016273722899982473,-0.00011971317849980627,-0.00011971317849980627,0.00020690480033348416,E2\E2_dual_camera_height_scan\run_20260808_131913\raw\E2_dual_height_raw_20260808_131913.csv
E2,ihawk1,marker_0_TL,45.0,20260808_131913,corner0,0,3,197.122752,200.767334,0.028726625611090382,0.03938893859955482,0.0008252190189997538,-0.0010582768079998171,-0.0010582768079998171,0.0015514884839994997,E2\E2_dual_camera_height_scan\run_20260808_131913\raw\E2_dual_height_raw_20260808_131913.csv
E2,ihawk1,marker_0_TL,45.0,20260808_131913,corner1,0,3,225.41293299999998,194.69761166666663,0.0046289852019594695,0.013842077023812231,2.142750399995975e-05,6.401470999990835e-05,6.401470999990835e-05,0.00019160309633315046,E2\E2_dual_camera_height_scan\run_20260808_131913\raw\E2_dual_height_raw_20260808_131913.csv
E2,ihawk1,marker_0_TL,45.0,20260808_131913,corner2,0,3,239.3049266666667,206.67414866666664,0.013468315460117902,0.012675624218681111,0.0001813955213332509,-0.00016883061266656274,-0.00016883061266656274,0.00016067144933321515,E2\E2_dual_camera_height_scan\run_20260808_131913\raw\E2_dual_height_raw_20260808_131913.csv
E2,ihawk1,marker_0_TL,45.0,20260808_131913,corner3,0,3,209.44941700000004,215.66966733333334,0.005839943749731366,0.013467770317806882,3.4104943000026445e-05,1.0461041999970922e-05,1.0461041999970922e-05,0.0001813808373332001,E2\E2_dual_camera_height_scan\run_20260808_131913\raw\E2_dual_height_raw_20260808_131913.csv
E2,ihawk1,marker_0_TL,45.0,20260808_141232,marker_center,0,3,220.25341666666668,202.02526366666666,0.041593873350919616,0.013041776502198203,0.001730050300332341,0.0005414132033331099,0.0005414132033331099,0.00017008793433328918,E2\E2_dual_camera_height_scan\run_20260808_141232\raw\E2_dual_height_raw_20260808_141232.csv
E2,ihawk1,marker_0_TL,45.0,20260808_141232,corner0,0,3,199.75026933333334,199.49747233333332,0.014102200868426349,0.00404503526973676,0.00019887206933344486,-5.26518466672686e-06,-5.26518466672686e-06,1.636231033341434e-05,E2\E2_dual_camera_height_scan\run_20260808_141232\raw\E2_dual_height_raw_20260808_141232.csv
E2,ihawk1,marker_0_TL,45.0,20260808_141232,corner1,0,3,227.81467666666663,192.1051226666667,0.14387105970393593,0.036753222611530474,0.020698881820333494,0.005274662134332219,0.005274662134332219,0.0013507993723327148,E2\E2_dual_camera_height_scan\run_20260808_141232\raw\E2_dual_height_raw_20260808_141232.csv
E2,ihawk1,marker_0_TL,45.0,20260808_141232,corner2,0,3,241.26362633333335,203.84052,0.02642122422093821,0.011822522446588634,0.000698081089333092,-9.033395499998826e-05,-9.033395499998826e-05,0.0001397720370000921,E2\E2_dual_camera_height_scan\run_20260808_141232\raw\E2_dual_height_raw_20260808_141232.csv
E2,ihawk1,marker_0_TL,45.0,20260808_141232,corner3,0,3,212.18509433333335,212.6579386666667,0.04357262481573858,0.008201837924108687,0.0018985736333331173,0.00035737560666668396,0.00035737560666668396,6.72701453333475e-05,E2\E2_dual_camera_height_scan\run_20260808_141232\raw\E2_dual_height_raw_20260808_141232.csv
E2,ihawk1,marker_0_TL,45.0,20260808_145501,marker_center,0,3,221.08948900000004,203.77274066666666,0.008270134944485719,0.01178354489674278,6.83951320000038e-05,-8.36983210000621e-05,-8.36983210000621e-05,0.00013885193033355282,E2\E2_dual_camera_height_scan\run_20260808_145501\raw\E2_dual_height_raw_20260808_145501.csv
E2,ihawk1,marker_0_TL,45.0,20260808_145501,corner0,0,3,200.393158,201.07460533333332,0.011947135681827328,0.021762963822360232,0.00014273405099999174,0.0002596401060000017,0.0002596401060000017,0.00047362659433336024,E2\E2_dual_camera_height_scan\run_20260808_145501\raw\E2_dual_height_raw_20260808_145501.csv
E2,ihawk1,marker_0_TL,45.0,20260808_145501,corner1,0,3,228.65145400000003,194.15945933333333,0.046973217901261854,0.03640135712214051,0.002206483199999427,-0.001709888879999956,-0.001709888879999956,0.0013250588003336095,E2\E2_dual_camera_height_scan\run_20260808_145501\raw\E2_dual_height_raw_20260808_145501.csv
E2,ihawk1,marker_0_TL,45.0,20260808_145501,corner2,0,3,242.16065466666666,205.639557,0.019731990632803727,0.017672842640618146,0.0003893514543330541,-0.00018084653549988914,-0.00018084653549988914,0.00031232936700005103,E2\E2_dual_camera_height_scan\run_20260808_145501\raw\E2_dual_height_raw_20260808_145501.csv
E2,ihawk1,marker_0_TL,45.0,20260808_145501,corner3,0,3,213.15268966666667,214.21734133333334,3.521836643010503e-05,0.006386648677781226,1.2403333340051491e-09,-2.2492733339444504e-07,-2.2492733339444504e-07,4.0789281333404684e-05,E2\E2_dual_camera_height_scan\run_20260808_145501\raw\E2_dual_height_raw_20260808_145501.csv
E2,ihawk1,marker_0_TL,45.0,20260808_151001,marker_center,0,3,219.06608066666664,205.105671,0.05268575506086505,0.028454064156100155,0.0027757887863334675,-0.0014818990634995319,-0.0014818990634995319,0.0008096337669994635,E2\E2_dual_camera_height_scan\run_20260808_151001\raw\E2_dual_height_raw_20260808_151001.csv
E2,ihawk1,marker_0_TL,45.0,20260808_151001,corner0,0,3,198.42917899999998,201.53214033333333,0.2651752071008987,0.10450665097176634,0.0703178904610045,-0.02767153897700248,-0.02767153897700248,0.010921640097334592,E2\E2_dual_camera_height_scan\run_20260808_151001\raw\E2_dual_height_raw_20260808_151001.csv
E2,ihawk1,marker_0_TL,45.0,20260808_151001,corner1,0,3,225.77847266666666,195.19719433333333,0.03635000523154056,0.00945199737268017,0.001321322880333026,0.00032535254916634277,0.00032535254916634277,8.934025433315283e-05,E2\E2_dual_camera_height_scan\run_20260808_151001\raw\E2_dual_height_raw_20260808_151001.csv
E2,ihawk1,marker_0_TL,45.0,20260808_151001,corner2,0,3,240.520345,207.2103526666667,0.018270075314574283,0.008692835574967368,0.00033379565200021663,0.00011704434200013721,0.00011704434200013721,7.556539033341826e-05,E2\E2_dual_camera_height_scan\run_20260808_151001\raw\E2_dual_height_raw_20260808_151001.csv
E2,ihawk1,marker_0_TL,45.0,20260808_151001,corner3,0,3,211.536326,216.48299666666665,0.04034108198846405,0.010204817898103975,0.0016274028959999787,0.00040810572000024706,0.00040810572000024706,0.00010413830833346322,E2\E2_dual_camera_height_scan\run_20260808_151001\raw\E2_dual_height_raw_20260808_151001.csv
E2,ihawk1,marker_0_TL,45.0,20260808_162715,marker_center,0,3,223.82719066666664,203.8885193333333,0.0068763814854392175,0.00578519786466599,4.7284622333291254e-05,2.544340766664178e-05,2.544340766664178e-05,3.346851433333592e-05,E2\E2_dual_camera_height_scan\run_20260808_162715\raw\E2_dual_height_raw_20260808_162715.csv
E2,ihawk1,marker_0_TL,45.0,20260808_162715,corner0,0,3,202.84709666666666,201.58401,0.033079438512974436,0.021230150988635677,0.0010942492523336562,0.0006959177095003258,0.0006959177095003258,0.0004507193110002684,E2\E2_dual_camera_height_scan\run_20260808_162715\raw\E2_dual_height_raw_20260808_162715.csv
E2,ihawk1,marker_0_TL,45.0,20260808_162715,corner1,0,3,231.29132633333333,193.473826,0.017858304520117226,0.0008744729841512688,0.0003189190403332394,-1.3406973000065586e-05,-1.3406973000065586e-05,7.647030000104252e-07,E2\E2_dual_camera_height_scan\run_20260808_162715\raw\E2_dual_height_raw_20260808_162715.csv
E2,ihawk1,marker_0_TL,45.0,20260808_162715,corner2,0,3,245.20607966666668,205.75118,0.005241763093964314,0.012985184904345177,2.7476080333246337e-05,-6.806526299989909e-05,-6.806526299989909e-05,0.00016861502700003385,E2\E2_dual_camera_height_scan\run_20260808_162715\raw\E2_dual_height_raw_20260808_162715.csv
E2,ihawk1,marker_0_TL,45.0,20260808_162715,corner3,0,3,215.964259,214.74506133333333,0.02235485318672891,0.004543897262620441,0.0004997394610002037,8.609029049973905e-05,8.609029049973905e-05,2.0647002333249537e-05,E2\E2_dual_camera_height_scan\run_20260808_162715\raw\E2_dual_height_raw_20260808_162715.csv
E2,ihawk1,marker_1_TR,45.0,20260808_131913,marker_center,1,3,291.991577,183.19867100000002,0.12798104013095202,0.04142681860824406,0.016379146633000354,-0.0051836477650003465,-0.0051836477650003465,0.0017161813000003566,E2\E2_dual_camera_height_scan\run_20260808_131913\raw\E2_dual_height_raw_20260808_131913.csv
E2,ihawk1,marker_1_TR,45.0,20260808_131913,corner0,1,3,272.94454966666666,181.64890533333335,0.012452966888809789,0.004116508512474591,0.00015507638433379296,-1.199009883326925e-05,-1.199009883326925e-05,1.6945642333275773e-05,E2\E2_dual_camera_height_scan\run_20260808_131913\raw\E2_dual_height_raw_20260808_131913.csv
E2,ihawk1,marker_1_TR,45.0,20260808_131913,corner1,1,3,295.7777203333333,175.06512466666666,0.05359372636171588,0.017036513767006822,0.00287228750533448,0.0003912956806664738,0.0003912956806664738,0.000290242801333413,E2\E2_dual_camera_height_scan\run_20260808_131913\raw\E2_dual_height_raw_20260808_131913.csv
E2,ihawk1,marker_1_TR,45.0,20260808_131913,corner2,1,3,310.725423,184.43247466666665,0.005770506650202547,0.00850639479059214,3.329874700003182e-05,-4.907679650005019e-05,-4.907679650005019e-05,7.235875233341312e-05,E2\E2_dual_camera_height_scan\run_20260808_131913\raw\E2_dual_height_raw_20260808_131913.csv
E2,ihawk1,marker_1_TR,45.0,20260808_131913,corner3,1,3,288.518616,191.64817833333333,0.5501193925794583,0.1580638341947049,0.30263134609199216,-0.0864363962209948,-0.0864363962209948,0.02498417568033116,E2\E2_dual_camera_height_scan\run_20260808_131913\raw\E2_dual_height_raw_20260808_131913.csv
E2,ihawk1,marker_1_TR,45.0,20260808_141232,marker_center,1,3,293.448868,180.608958,0.020469856789906017,0.006816132261037978,0.0004190150369992615,-0.000139488283499821,-0.000139488283499821,4.645965899996269e-05,E2\E2_dual_camera_height_scan\run_20260808_141232\raw\E2_dual_height_raw_20260808_141232.csv
E2,ihawk1,marker_1_TR,45.0,20260808_141232,corner0,1,3,274.50360133333334,178.85343433333333,0.015354302013862238,0.006963859370592331,0.00023575459033289397,1.7668412333161966e-05,1.7668412333161966e-05,4.849533733338662e-05,E2\E2_dual_camera_height_scan\run_20260808_141232\raw\E2_dual_height_raw_20260808_141232.csv
E2,ihawk1,marker_1_TR,45.0,20260808_141232,corner1,1,3,297.6910706666667,172.827535,0.027843916756321637,0.010372300950116889,0.0007752837003329688,0.00027376325649958877,0.00027376325649958877,0.00010758462699979572,E2\E2_dual_camera_height_scan\run_20260808_141232\raw\E2_dual_height_raw_20260808_141232.csv
E2,ihawk1,marker_1_TR,45.0,20260808_141232,corner2,1,3,311.92623900000007,181.81606033333333,0.040566207698020953,0.018252278360067382,0.0016456172069989742,-0.0005463011859998037,-0.0005463011859998037,0.000333145665333384,E2\E2_dual_camera_height_scan\run_20260808_141232\raw\E2_dual_height_raw_20260808_141232.csv
E2,ihawk1,marker_1_TR,45.0,20260808_141232,corner3,1,3,289.67456066666665,188.93880233333334,0.08843937462652823,0.027277137869163744,0.007821522984331405,-0.002409577191333116,-0.002409577191333116,0.0007440422503333668,E2\E2_dual_camera_height_scan\run_20260808_141232\raw\E2_dual_height_raw_20260808_141232.csv
E2,ihawk1,marker_1_TR,45.0,20260808_145501,marker_center,1,3,294.484769,182.25368500000002,0.026470125179141577,0.010010702922372999,0.000700667526999425,0.0002636274984998923,0.0002636274984998923,0.0001002141730000073,E2\E2_dual_camera_height_scan\run_20260808_145501\raw\E2_dual_height_raw_20260808_145501.csv
E2,ihawk1,marker_1_TR,45.0,20260808_145501,corner0,1,3,275.61491900000004,180.6352996666667,0.0017440077408147324,0.0022207497232532335,3.0415630000217068e-06,-2.302039000019091e-06,-2.302039000019091e-06,4.931729333329314e-06,E2\E2_dual_camera_height_scan\run_20260808_145501\raw\E2_dual_height_raw_20260808_145501.csv
E2,ihawk1,marker_1_TR,45.0,20260808_145501,corner1,1,3,298.1138,174.20573399999998,0.09483412323103244,0.04194156300140015,0.008993510928998645,0.003947877587500049,0.003947877587500049,0.0017590947070004184,E2\E2_dual_camera_height_scan\run_20260808_145501\raw\E2_dual_height_raw_20260808_145501.csv
E2,ihawk1,marker_1_TR,45.0,20260808_145501,corner2,1,3,313.350118,183.4276176666667,0.004727324507582788,0.004262637720163253,2.2347596999992852e-05,8.095886000025499e-06,8.095886000025499e-06,1.8170080333358577e-05,E2\E2_dual_camera_height_scan\run_20260808_145501\raw\E2_dual_height_raw_20260808_145501.csv
E2,ihawk1,marker_1_TR,45.0,20260808_145501,corner3,1,3,290.8602396666667,190.74608866666665,0.007043558854252193,0.004807700524511853,4.9611721333314474e-05,-2.591695566668675e-05,-2.591695566668675e-05,2.311398433339155e-05,E2\E2_dual_camera_height_scan\run_20260808_145501\raw\E2_dual_height_raw_20260808_145501.csv
E2,ihawk1,marker_1_TR,45.0,20260808_151001,marker_center,1,3,290.8852463333333,181.90277233333336,0.19304444935385826,0.0891881502349572,0.03726615942633434,-0.015989024256166672,-0.015989024256166672,0.007954526142333296,E2\E2_dual_camera_height_scan\run_20260808_151001\raw\E2_dual_height_raw_20260808_151001.csv
E2,ihawk1,marker_1_TR,45.0,20260808_151001,corner0,1,3,272.441172,178.65291866666666,0.77125788270656,0.35803599928824115,0.5948387216370059,-0.2537303962064956,-0.2537303962064956,0.12818977678632942,E2\E2_dual_camera_height_scan\run_20260808_151001\raw\E2_dual_height_raw_20260808_151001.csv
E2,ihawk1,marker_1_TR,45.0,20260808_151001,corner1,1,3,294.6107176666667,174.44773366666666,0.033958785171637626,0.0015563985136571924,0.0011531990903334355,3.20925153329705e-05,3.20925153329705e-05,2.4223763333143173e-06,E2\E2_dual_camera_height_scan\run_20260808_151001\raw\E2_dual_height_raw_20260808_151001.csv
E2,ihawk1,marker_1_TR,45.0,20260808_151001,corner2,1,3,310.48909499999996,183.51043733333336,0.006917219455819579,0.010042549294534554,4.784792499996891e-05,-6.75602024998582e-05,-6.75602024998582e-05,0.00010085279633315648,E2\E2_dual_camera_height_scan\run_20260808_151001\raw\E2_dual_height_raw_20260808_151001.csv
E2,ihawk1,marker_1_TR,45.0,20260808_151001,corner3,1,3,286.0,191.0,0.0,0.0,0.0,0.0,0.0,0.0,E2\E2_dual_camera_height_scan\run_20260808_151001\raw\E2_dual_height_raw_20260808_151001.csv
E2,ihawk1,marker_1_TR,45.0,20260808_162715,marker_center,1,3,296.89774333333327,181.84791699999997,0.013552758919619488,0.010926432217329512,0.00018367727433332557,-0.00013722393549989886,-0.00013722393549989886,0.00011938692099989633,E2\E2_dual_camera_height_scan\run_20260808_162715\raw\E2_dual_height_raw_20260808_162715.csv
E2,ihawk1,marker_1_TR,45.0,20260808_162715,corner0,1,3,277.7547706666667,180.16482566666664,0.026616590133459215,0.03507712197905774,0.0007084428703325585,-0.0009335812171662913,-0.0009335812171662913,0.0012304044863336956,E2\E2_dual_camera_height_scan\run_20260808_162715\raw\E2_dual_height_raw_20260808_162715.csv
E2,ihawk1,marker_1_TR,45.0,20260808_162715,corner1,1,3,300.5963033333333,173.71845,0.023548370332855093,0.010906252656154003,0.0005545257453332899,0.00024309306899986192,0.00024309306899986192,0.00011894634699986623,E2\E2_dual_camera_height_scan\run_20260808_162715\raw\E2_dual_height_raw_20260808_162715.csv
E2,ihawk1,marker_1_TR,45.0,20260808_162715,corner2,1,3,315.92158,182.858709,0.027627144857915197,0.011131613405078872,0.0007632591330002302,0.00030752470650020967,0.00030752470650020967,0.00012391281700013164,E2\E2_dual_camera_height_scan\run_20260808_162715\raw\E2_dual_height_raw_20260808_162715.csv
E2,ihawk1,marker_1_TR,45.0,20260808_162715,corner3,1,3,293.3183183333333,190.64968366666668,0.01828704367395527,0.01585710352912216,0.00033441596633314747,-0.00028873320083325357,-0.00028873320083325357,0.0002514477323332985,E2\E2_dual_camera_height_scan\run_20260808_162715\raw\E2_dual_height_raw_20260808_162715.csv
E2,ihawk1,marker_2_BL,45.0,20260808_131913,marker_center,2,3,297.1693626666667,279.91665933333337,0.010045318130027993,0.002087076743519169,0.00010090841633346909,-8.842723333431323e-06,-8.842723333431323e-06,4.3558893333385805e-06,E2\E2_dual_camera_height_scan\run_20260808_131913\raw\E2_dual_height_raw_20260808_131913.csv
E2,ihawk1,marker_2_BL,45.0,20260808_131913,corner0,2,3,268.8226726666667,276.3576763333333,0.004899269367304295,0.03447938361301528,2.4002840333406225e-05,0.0001329022541670245,0.0001329022541670245,0.0011888278943334666,E2\E2_dual_camera_height_scan\run_20260808_131913\raw\E2_dual_height_raw_20260808_131913.csv
E2,ihawk1,marker_2_BL,45.0,20260808_131913,corner1,2,3,302.471273,262.21984833333335,0.002800673668978792,0.008064851786177333,7.843773000111128e-06,2.0905251500095507e-05,2.0905251500095507e-05,6.504183433300771e-05,E2\E2_dual_camera_height_scan\run_20260808_131913\raw\E2_dual_height_raw_20260808_131913.csv
E2,ihawk1,marker_2_BL,45.0,20260808_131913,corner2,2,3,325.91066466666666,282.46300233333335,0.012955134207446265,0.02644647911032545,0.0001678355023329444,0.00033887528266610757,0.00033887528266610757,0.0006994162573328804,E2\E2_dual_camera_height_scan\run_20260808_131913\raw\E2_dual_height_raw_20260808_131913.csv
E2,ihawk1,marker_2_BL,45.0,20260808_131913,corner3,2,3,291.47283933333335,298.626109,0.032360738624661566,0.009648598913853036,0.0010472174043336627,0.0003110797920007124,0.0003110797920007124,9.309546100040598e-05,E2\E2_dual_camera_height_scan\run_20260808_131913\raw\E2_dual_height_raw_20260808_131913.csv
E2,ihawk1,marker_2_BL,45.0,20260808_141232,marker_center,2,3,296.861341,275.27152500000005,0.02738585439604203,0.0016121051454462427,0.0007499850210012145,4.3500352499749645e-05,4.3500352499749645e-05,2.5988829999742514e-06,E2\E2_dual_camera_height_scan\run_20260808_141232\raw\E2_dual_height_raw_20260808_141232.csv
E2,ihawk1,marker_2_BL,45.0,20260808_141232,corner0,2,3,269.16459133333336,271.67818166666666,0.008299424638674916,0.016606026205345913,6.888044933304426e-05,3.5158717666261486e-05,3.5158717666261486e-05,0.00027576010633263524,E2\E2_dual_camera_height_scan\run_20260808_141232\raw\E2_dual_height_raw_20260808_141232.csv
E2,ihawk1,marker_2_BL,45.0,20260808_141232,corner1,2,3,302.59606933333333,258.137431,0.10430424522680228,0.02749552405392655,0.010879375572332905,0.0028588388504998783,0.0028588388504998783,0.0007560038430000535,E2\E2_dual_camera_height_scan\run_20260808_141232\raw\E2_dual_height_raw_20260808_141232.csv
E2,ihawk1,marker_2_BL,45.0,20260808_141232,corner2,2,3,325.06081166666667,277.63179533333334,0.0060363199330076495,7.043673286021006e-05,3.643715833362547e-05,2.2092166672698247e-07,2.2092166672698247e-07,4.9613333360205965e-09,E2\E2_dual_camera_height_scan\run_20260808_141232\raw\E2_dual_height_raw_20260808_141232.csv
E2,ihawk1,marker_2_BL,45.0,20260808_141232,corner3,2,3,290.62389133333335,293.6386923333334,0.021866601160979448,0.005868598668630213,0.00047814824633334767,1.818003833280208e-06,1.818003833280208e-06,3.44404503334483e-05,E2\E2_dual_camera_height_scan\run_20260808_141232\raw\E2_dual_height_raw_20260808_141232.csv
E2,ihawk1,marker_2_BL,45.0,20260808_145501,marker_center,2,3,299.23821,277.8870366666667,0.02302528803294015,0.0023445354195169403,0.0005301638889998567,-4.31113955001139e-05,-4.31113955001139e-05,5.496846333369475e-06,E2\E2_dual_camera_height_scan\run_20260808_145501\raw\E2_dual_height_raw_20260808_145501.csv
E2,ihawk1,marker_2_BL,45.0,20260808_145501,corner0,2,3,271.28103633333336,274.16399133333334,0.005286722267478581,0.01566467913277627,2.7949432333453864e-05,-8.277517716676297e-05,-8.277517716676297e-05,0.0002453821723328363,E2\E2_dual_camera_height_scan\run_20260808_145501\raw\E2_dual_height_raw_20260808_145501.csv
E2,ihawk1,marker_2_BL,45.0,20260808_145501,corner1,2,3,304.5981543333333,260.526235,0.06593842768319248,0.004021622931092063,0.004347876245331605,-0.00010084458800041867,-0.00010084458800041867,1.6173450999885515e-05,E2\E2_dual_camera_height_scan\run_20260808_145501\raw\E2_dual_height_raw_20260808_145501.csv
E2,ihawk1,marker_2_BL,45.0,20260808_145501,corner2,2,3,327.806946,280.58268266666664,0.010664330686929166,0.0028207561633885113,0.0001137279490001791,2.9556233999987084e-05,2.9556233999987084e-05,7.956665333294274e-06,E2\E2_dual_camera_height_scan\run_20260808_145501\raw\E2_dual_height_raw_20260808_145501.csv
E2,ihawk1,marker_2_BL,45.0,20260808_145501,corner3,2,3,293.266703,296.275238,0.025326099818180025,0.004782093579179265,0.0006414113320004183,0.00010960469599993334,0.00010960469599993334,2.2868419000027547e-05,E2\E2_dual_camera_height_scan\run_20260808_145501\raw\E2_dual_height_raw_20260808_145501.csv
E2,ihawk1,marker_2_BL,45.0,20260808_151001,marker_center,2,3,303.4161706666667,278.75700133333333,0.004663762679777286,0.002710707349246303,2.1750682333283408e-05,-1.02526568332626e-05,-1.02526568332626e-05,7.347934333257919e-06,E2\E2_dual_camera_height_scan\run_20260808_151001\raw\E2_dual_height_raw_20260808_151001.csv
E2,ihawk1,marker_2_BL,45.0,20260808_151001,corner0,2,3,275.04041566666666,275.58433033333336,0.003437593974473861,0.03754811212740298,1.1817052333338996e-05,0.00012651588766650001,0.00012651588766650001,0.0014098607243320264,E2\E2_dual_camera_height_scan\run_20260808_151001\raw\E2_dual_height_raw_20260808_151001.csv
E2,ihawk1,marker_2_BL,45.0,20260808_151001,corner1,2,3,307.665212,261.2941793333334,0.0027450885231445916,0.006500907346931613,7.5355109999001545e-06,1.606116149986539e-05,1.606116149986539e-05,4.226179633338942e-05,E2\E2_dual_camera_height_scan\run_20260808_151001\raw\E2_dual_height_raw_20260808_151001.csv
E2,ihawk1,marker_2_BL,45.0,20260808_151001,corner2,2,3,332.20852666666667,280.9292193333333,0.016712002882166857,0.021042322336993824,0.0002792910403335533,0.00031756833166689095,0.00031756833166689095,0.0004427793293339492,E2\E2_dual_camera_height_scan\run_20260808_151001\raw\E2_dual_height_raw_20260808_151001.csv
E2,ihawk1,marker_2_BL,45.0,20260808_151001,corner3,2,3,298.750529,297.2202756666666,0.010019089230075015,0.006505648417593435,0.00010038214900020513,-6.504996000006166e-05,-6.504996000006166e-05,4.232346133333596e-05,E2\E2_dual_camera_height_scan\run_20260808_151001\raw\E2_dual_height_raw_20260808_151001.csv
E2,ihawk1,marker_2_BL,45.0,20260808_162715,marker_center,2,3,305.03938566666665,278.49209833333333,0.01019077564924557,0.00592063377801466,0.00010385190833325645,6.017445416668775e-05,6.017445416668775e-05,3.505390433336815e-05,E2\E2_dual_camera_height_scan\run_20260808_162715\raw\E2_dual_height_raw_20260808_162715.csv
E2,ihawk1,marker_2_BL,45.0,20260808_162715,corner0,2,3,276.799428,275.105611,0.012050927723625912,0.029360401546979283,0.0001452248590000556,0.00034910339700006837,0.00034910339700006837,0.0008620331789998634,E2\E2_dual_camera_height_scan\run_20260808_162715\raw\E2_dual_height_raw_20260808_162715.csv
E2,ihawk1,marker_2_BL,45.0,20260808_162715,corner1,2,3,309.77707933333335,260.6119283333333,0.019984028055751498,0.006244204699829144,0.00039936137733306295,-0.0001247423936666875,-0.0001247423936666875,3.899009233336837e-05,E2\E2_dual_camera_height_scan\run_20260808_162715\raw\E2_dual_height_raw_20260808_162715.csv
E2,ihawk1,marker_2_BL,45.0,20260808_162715,corner2,2,3,333.71994033333334,280.75666299999995,0.002988549034779004,0.003089987540435028,8.931425333278515e-06,2.0345819999484817e-06,2.0345819999484817e-06,9.548023000043714e-06,E2\E2_dual_camera_height_scan\run_20260808_162715\raw\E2_dual_height_raw_20260808_162715.csv
E2,ihawk1,marker_2_BL,45.0,20260808_162715,corner3,2,3,299.8610943333333,297.49419166666667,0.017837750259849842,0.003423770777003502,0.00031818533433277307,-3.751396183323699e-05,-3.751396183323699e-05,1.1722206333463162e-05,E2\E2_dual_camera_height_scan\run_20260808_162715\raw\E2_dual_height_raw_20260808_162715.csv
E2,ihawk1,marker_3_BR,45.0,20260808_131913,marker_center,3,3,381.2720413333334,242.13075,0.011622012060450512,0.002982690228627,0.00013507116433325716,-4.985980500000514e-06,-4.985980500000514e-06,8.896440999946985e-06,E2\E2_dual_camera_height_scan\run_20260808_131913\raw\E2_dual_height_raw_20260808_131913.csv
E2,ihawk1,marker_3_BR,45.0,20260808_131913,corner0,3,3,356.070058,239.614904,0.009964003763544591,0.00670063489530556,9.928137099993077e-05,-6.015795500007622e-05,-6.015795500007622e-05,4.489850800018655e-05,E2\E2_dual_camera_height_scan\run_20260808_131913\raw\E2_dual_height_raw_20260808_131913.csv
E2,ihawk1,marker_3_BR,45.0,20260808_131913,corner1,3,3,381.28530900000004,228.55410733333335,0.021051351524295162,0.0034457461214286045,0.00044315940099944425,7.105823849997022e-05,7.105823849997022e-05,1.187316633334027e-05,E2\E2_dual_camera_height_scan\run_20260808_131913\raw\E2_dual_height_raw_20260808_131913.csv
E2,ihawk1,marker_3_BR,45.0,20260808_131913,corner2,3,3,406.57864366666666,243.59652200000002,0.001590666631724351,0.006512797632355303,2.5302203332812915e-06,-1.0044015499886565e-05,-1.0044015499886565e-05,4.241653300001285e-05,E2\E2_dual_camera_height_scan\run_20260808_131913\raw\E2_dual_height_raw_20260808_131913.csv
E2,ihawk1,marker_3_BR,45.0,20260808_131913,corner3,3,3,381.15415433333334,256.7574666666667,0.01812013124491942,0.008615729936189895,0.000328339156333105,0.00010194669916685736,0.00010194669916685736,7.423080233335875e-05,E2\E2_dual_camera_height_scan\run_20260808_131913\raw\E2_dual_height_raw_20260808_131913.csv
E2,ihawk1,marker_3_BR,45.0,20260808_141232,marker_center,3,3,380.50103233333334,238.65421333333333,0.0007852161061417304,0.018581488243231067,6.165643333443812e-07,-1.3132326666750227e-05,-1.3132326666750227e-05,0.0003452717053333344,E2\E2_dual_camera_height_scan\run_20260808_141232\raw\E2_dual_height_raw_20260808_141232.csv
E2,ihawk1,marker_3_BR,45.0,20260808_141232,corner0,3,3,355.77627566666666,236.41643766666667,0.02481160821740517,0.00385343552344535,0.0006156159023340077,-9.559350666676866e-05,-9.559350666676866e-05,1.484896533335054e-05,E2\E2_dual_camera_height_scan\run_20260808_141232\raw\E2_dual_height_raw_20260808_141232.csv
E2,ihawk1,marker_3_BR,45.0,20260808_141232,corner1,3,3,380.768758,225.04990133333334,0.027950049856834133,0.033520719940560134,0.0007812052869995137,-0.0009368960309997651,-0.0009368960309997651,0.001123638665333466,E2\E2_dual_camera_height_scan\run_20260808_141232\raw\E2_dual_height_raw_20260808_141232.csv
E2,ihawk1,marker_3_BR,45.0,20260808_141232,corner2,3,3,405.63209033333334,240.27851866666666,0.007400475412638982,0.030820385028964493,5.476703633307411e-05,0.00022434769666608418,0.00022434769666608418,0.0009498961333336187,E2\E2_dual_camera_height_scan\run_20260808_141232\raw\E2_dual_height_raw_20260808_141232.csv
E2,ihawk1,marker_3_BR,45.0,20260808_141232,corner3,3,3,379.827006,252.871994,0.005922187771417651,0.022556303620055854,3.507230799992876e-05,-0.00011508574199992229,-0.00011508574199992229,0.0005087868330001449,E2\E2_dual_camera_height_scan\run_20260808_141232\raw\E2_dual_height_raw_20260808_141232.csv
E2,ihawk1,marker_3_BR,45.0,20260808_145501,marker_center,3,3,383.53584,240.65263333333334,0.024088721095178872,0.0012128546216869846,0.0005802664840013157,-2.536018000026054e-05,-2.536018000026054e-05,1.4710163333474784e-06,E2\E2_dual_camera_height_scan\run_20260808_145501\raw\E2_dual_height_raw_20260808_145501.csv
E2,ihawk1,marker_3_BR,45.0,20260808_145501,corner0,3,3,358.14789833333333,238.39625533333333,0.002714258892075168,0.005923709676644422,7.367201333209117e-06,-1.1554193666505101e-05,-1.1554193666505101e-05,3.5090336333170764e-05,E2\E2_dual_camera_height_scan\run_20260808_145501\raw\E2_dual_height_raw_20260808_145501.csv
E2,ihawk1,marker_3_BR,45.0,20260808_145501,corner1,3,3,383.25814799999995,226.92720533333332,0.04898261384410656,0.014134078297973814,0.0023992964590008594,-0.0006852292930001053,-0.0006852292930001053,0.00019977216933325434,E2\E2_dual_camera_height_scan\run_20260808_145501\raw\E2_dual_height_raw_20260808_145501.csv
E2,ihawk1,marker_3_BR,45.0,20260808_145501,corner2,3,3,409.0,242.0,0.0,0.0,0.0,0.0,0.0,0.0,E2\E2_dual_camera_height_scan\run_20260808_145501\raw\E2_dual_height_raw_20260808_145501.csv
E2,ihawk1,marker_3_BR,45.0,20260808_145501,corner3,3,3,383.737315,255.28707366666666,0.052350772410731314,0.014254004536735372,0.0027406033720001866,0.0006047035159999105,0.0006047035159999105,0.00020317664533327259,E2\E2_dual_camera_height_scan\run_20260808_145501\raw\E2_dual_height_raw_20260808_145501.csv
E2,ihawk1,marker_3_BR,45.0,20260808_151001,marker_center,3,3,384.280777,239.6932956666667,0.0035314291724610853,0.00578835298969954,1.2470992000109187e-05,1.1782466000125112e-05,1.1782466000125112e-05,3.350503033336361e-05,E2\E2_dual_camera_height_scan\run_20260808_151001\raw\E2_dual_height_raw_20260808_151001.csv
E2,ihawk1,marker_3_BR,45.0,20260808_151001,corner0,3,3,359.28595966666666,237.84094766666666,0.003734878891376954,0.006510201635387641,1.3949320333253145e-05,-2.4314814666617028e-05,-2.4314814666617028e-05,4.2382725333403916e-05,E2\E2_dual_camera_height_scan\run_20260808_151001\raw\E2_dual_height_raw_20260808_151001.csv
E2,ihawk1,marker_3_BR,45.0,20260808_151001,corner1,3,3,383.5967103333334,225.904414,0.011588002430680438,0.009147618105272603,0.00013428180033345574,0.00010529809150000308,0.00010529809150000308,8.367891699991113e-05,E2\E2_dual_camera_height_scan\run_20260808_151001\raw\E2_dual_height_raw_20260808_151001.csv
E2,ihawk1,marker_3_BR,45.0,20260808_151001,corner2,3,3,409.4250286666667,240.87126166666667,0.017437970476351053,0.0027475134819195473,0.000304082814334091,-1.6363547166699024e-05,-1.6363547166699024e-05,7.548830333329675e-06,E2\E2_dual_camera_height_scan\run_20260808_151001\raw\E2_dual_height_raw_20260808_151001.csv
E2,ihawk1,marker_3_BR,45.0,20260808_151001,corner3,3,3,384.815409,254.15656033333335,0.021799060966007276,0.015669324054758724,0.00047519905899970214,0.0002483543594996666,0.0002483543594996666,0.0002455277163330404,E2\E2_dual_camera_height_scan\run_20260808_151001\raw\E2_dual_height_raw_20260808_151001.csv
E2,ihawk1,marker_3_BR,45.0,20260808_162715,marker_center,3,3,387.810051,240.4003756666667,0.008182478292065701,0.005691863344579086,6.695295100012645e-05,4.036849500006884e-05,4.036849500006884e-05,3.239730833336302e-05,E2\E2_dual_camera_height_scan\run_20260808_162715\raw\E2_dual_height_raw_20260808_162715.csv
E2,ihawk1,marker_3_BR,45.0,20260808_162715,corner0,3,3,362.514618,238.23115500000003,0.0,3.4809342861069267e-14,0.0,0.0,0.0,1.2116903504194741e-27,E2\E2_dual_camera_height_scan\run_20260808_162715\raw\E2_dual_height_raw_20260808_162715.csv
E2,ihawk1,marker_3_BR,45.0,20260808_162715,corner1,3,3,387.40056366666664,226.31931566666665,0.022824828287069374,0.024932335015659057,0.0005209727863342023,-0.0005684454106670027,-0.0005684454106670027,0.0006216213293330588,E2\E2_dual_camera_height_scan\run_20260808_162715\raw\E2_dual_height_raw_20260808_162715.csv
E2,ihawk1,marker_3_BR,45.0,20260808_162715,corner2,3,3,413.01849366666664,241.8430076666667,0.05425582366285017,0.03341705710162604,0.002943694401334293,-0.0018126382186669607,-0.0018126382186669607,0.0011166997053333352,E2\E2_dual_camera_height_scan\run_20260808_162715\raw\E2_dual_height_raw_20260808_162715.csv
E2,ihawk1,marker_3_BR,45.0,20260808_162715,corner3,3,3,388.3065286666667,255.208023,0.05362203133353092,0.025455417871260266,0.0028753222443341714,-0.000465586923500314,-0.000465586923500314,0.0006479782990004766,E2\E2_dual_camera_height_scan\run_20260808_162715\raw\E2_dual_height_raw_20260808_162715.csv
E2,ihawk1,marker_4_C,45.0,20260808_131913,marker_center,4,3,294.0372033333333,222.86923733333333,0.001349021991391902,0.004964673738864837,1.8198603332589726e-06,4.736782333258242e-06,4.736782333258242e-06,2.4647985333374158e-05,E2\E2_dual_camera_height_scan\run_20260808_131913\raw\E2_dual_height_raw_20260808_131913.csv
E2,ihawk1,marker_4_C,45.0,20260808_131913,corner0,4,3,271.41785699999997,220.39346333333333,0.008178994987180898,0.007638797832997548,6.689595900033027e-05,-2.2085459499975544e-05,-2.2085459499975544e-05,5.835123233340804e-05,E2\E2_dual_camera_height_scan\run_20260808_131913\raw\E2_dual_height_raw_20260808_131913.csv
E2,ihawk1,marker_4_C,45.0,20260808_131913,corner1,4,3,298.510691,211.21894333333333,0.006897313462521301,0.006279045495395063,4.757293300027758e-05,4.133014000006557e-05,4.133014000006557e-05,3.9426412333241036e-05,E2\E2_dual_camera_height_scan\run_20260808_131913\raw\E2_dual_height_raw_20260808_131913.csv
E2,ihawk1,marker_4_C,45.0,20260808_131913,corner2,4,3,316.9086,224.5895536666667,0.022314254166349325,0.017501429951113336,0.0004979259390004383,0.00038807857400039553,0.00038807857400039553,0.000306300050333727,E2\E2_dual_camera_height_scan\run_20260808_131913\raw\E2_dual_height_raw_20260808_131913.csv
E2,ihawk1,marker_4_C,45.0,20260808_131913,corner3,4,3,289.311666,235.274989,0.0201132866782206,0.0065980634280050285,0.0004045443010002862,0.00011296438699995839,0.00011296438699995839,4.353444099997746e-05,E2\E2_dual_camera_height_scan\run_20260808_131913\raw\E2_dual_height_raw_20260808_131913.csv
E2,ihawk1,marker_4_C,45.0,20260808_141232,marker_center,4,3,294.807396,219.65107233333333,0.012872516304128941,0.007308148215055483,0.00016570167600006542,-8.414838499982778e-05,-8.414838499982778e-05,5.3409030333218653e-05,E2\E2_dual_camera_height_scan\run_20260808_141232\raw\E2_dual_height_raw_20260808_141232.csv
E2,ihawk1,marker_4_C,45.0,20260808_141232,corner0,4,3,272.58360799999997,217.2141673333333,0.004721917830720585,0.020001435681796756,2.2296508000077e-05,-7.805513600019911e-05,-7.805513600019911e-05,0.0004000574293330524,E2\E2_dual_camera_height_scan\run_20260808_141232\raw\E2_dual_height_raw_20260808_141232.csv
E2,ihawk1,marker_4_C,45.0,20260808_141232,corner1,4,3,299.53478,208.38425199999998,0.012638643875024365,0.014280766786139772,0.00015973531899969088,0.00017862152999986096,0.00017862152999986096,0.00020394030000011286,E2\E2_dual_camera_height_scan\run_20260808_141232\raw\E2_dual_height_raw_20260808_141232.csv
E2,ihawk1,marker_4_C,45.0,20260808_141232,corner2,4,3,317.48121100000003,221.39676933333337,0.04055344322002767,0.027276190172625746,0.0016445817570000082,-0.001035468550999805,-0.001035468550999805,0.0007439905503332454,E2\E2_dual_camera_height_scan\run_20260808_141232\raw\E2_dual_height_raw_20260808_141232.csv
E2,ihawk1,marker_4_C,45.0,20260808_141232,corner3,4,3,289.62998433333337,231.60910033333334,0.018981180267118064,0.008197905728501712,0.0003602852043328322,7.919293333338682e-05,7.919293333338682e-05,6.720565833340118e-05,E2\E2_dual_camera_height_scan\run_20260808_141232\raw\E2_dual_height_raw_20260808_141232.csv
E2,ihawk1,marker_4_C,45.0,20260808_145501,marker_center,4,3,296.459699,221.57488233333333,0.009110905717875968,0.032121335438196334,8.3008603000025e-05,0.00027112095549999837,0.00027112095549999837,0.0010317801903331279,E2\E2_dual_camera_height_scan\run_20260808_145501\raw\E2_dual_height_raw_20260808_145501.csv
E2,ihawk1,marker_4_C,45.0,20260808_145501,corner0,4,3,274.041504,219.02639266666665,0.03435044071044298,0.10767463425678302,0.0011799527770016583,0.0031566192715012553,0.0031566192715012553,0.011593826862331992,E2\E2_dual_camera_height_scan\run_20260808_145501\raw\E2_dual_height_raw_20260808_145501.csv
E2,ihawk1,marker_4_C,45.0,20260808_145501,corner1,4,3,300.94742833333333,210.24206033333334,0.02487860044965247,0.023804151598679355,0.000618944760333448,-0.0005922139766664996,-0.0005922139766664996,0.0005666376333329088,E2\E2_dual_camera_height_scan\run_20260808_145501\raw\E2_dual_height_raw_20260808_145501.csv
E2,ihawk1,marker_4_C,45.0,20260808_145501,corner2,4,3,319.24261499999994,223.2764893333333,0.00010565509925749654,0.0011627834421494216,1.1162999999111445e-08,1.2285399999527064e-07,1.2285399999527064e-07,1.3520653333368575e-06,E2\E2_dual_camera_height_scan\run_20260808_145501\raw\E2_dual_height_raw_20260808_145501.csv
E2,ihawk1,marker_4_C,45.0,20260808_145501,corner3,4,3,291.607249,233.75458766666665,0.018874112138064354,0.006708814897833534,0.0003562321090002282,0.0001233226240001088,0.0001233226240001088,4.500819733339316e-05,E2\E2_dual_camera_height_scan\run_20260808_145501\raw\E2_dual_height_raw_20260808_145501.csv
E2,ihawk1,marker_4_C,45.0,20260808_151001,marker_center,4,3,296.44188933333334,222.12599433333332,0.005116644343072053,0.02441585305356794,2.6180049333491234e-05,-7.041867366666746e-05,-7.041867366666746e-05,0.0005961338803334229,E2\E2_dual_camera_height_scan\run_20260808_151001\raw\E2_dual_height_raw_20260808_151001.csv
E2,ihawk1,marker_4_C,45.0,20260808_151001,corner0,4,3,273.7031656666667,220.2211606666667,0.04498813857377348,0.09052918844954116,0.0020239326123330454,0.00300689744633344,0.00300689744633344,0.008195533961332538,E2\E2_dual_camera_height_scan\run_20260808_151001\raw\E2_dual_height_raw_20260808_151001.csv
E2,ihawk1,marker_4_C,45.0,20260808_151001,corner1,4,3,300.319285,210.54184466666666,0.057457039707927995,0.008378635290619666,0.003301311411998414,-0.00046940032199947046,-0.00046940032199947046,7.020152933321729e-05,E2\E2_dual_camera_height_scan\run_20260808_151001\raw\E2_dual_height_raw_20260808_151001.csv
E2,ihawk1,marker_4_C,45.0,20260808_151001,corner2,4,3,319.3171893333333,223.30841066666667,0.012861631946722353,0.0016119619515771243,0.00016542157633294902,-2.0732461333305254e-05,-2.0732461333305254e-05,2.598421333332331e-06,E2\E2_dual_camera_height_scan\run_20260808_151001\raw\E2_dual_height_raw_20260808_151001.csv
E2,ihawk1,marker_4_C,45.0,20260808_151001,corner3,4,3,292.42791766666664,234.43256133333333,0.009684082059413244,0.0019376806582550193,9.378144533344944e-05,1.1605090666744339e-05,1.1605090666744339e-05,3.7546063333756045e-06,E2\E2_dual_camera_height_scan\run_20260808_151001\raw\E2_dual_height_raw_20260808_151001.csv
E2,ihawk1,marker_4_C,45.0,20260808_162715,marker_center,4,3,300.15832,221.31617000000003,0.003999671111488882,0.001262619103290457,1.5997369000078712e-05,7.83878500024443e-07,7.83878500024443e-07,1.5942069999939976e-06,E2\E2_dual_camera_height_scan\run_20260808_162715\raw\E2_dual_height_raw_20260808_162715.csv
E2,ihawk1,marker_4_C,45.0,20260808_162715,corner0,4,3,277.501526,219.191457,0.005101159966132236,0.002066163352685149,2.602183300007023e-05,-1.7441584999337584e-06,-1.7441584999337584e-06,4.269030999979135e-06,E2\E2_dual_camera_height_scan\run_20260808_162715\raw\E2_dual_height_raw_20260808_162715.csv
E2,ihawk1,marker_4_C,45.0,20260808_162715,corner1,4,3,304.3381956666667,209.60028066666666,0.0117059292810624,0.006019143986760494,0.00013702878033323407,5.610441133345661e-05,5.610441133345661e-05,3.623009433335501e-05,E2\E2_dual_camera_height_scan\run_20260808_162715\raw\E2_dual_height_raw_20260808_162715.csv
E2,ihawk1,marker_4_C,45.0,20260808_162715,corner2,4,3,323.1850386666667,222.82010866666667,0.006340073527443217,0.005786413425717715,4.0196532333386274e-05,-1.348014566662748e-05,-1.348014566662748e-05,3.3482580333326224e-05,E2\E2_dual_camera_height_scan\run_20260808_162715\raw\E2_dual_height_raw_20260808_162715.csv
E2,ihawk1,marker_4_C,45.0,20260808_162715,corner3,4,3,295.60852033333333,233.652832,0.007004248448848146,0.008953181389872309,4.905949633319167e-05,-3.9459603999908285e-05,-3.9459603999908285e-05,8.015945699995587e-05,E2\E2_dual_camera_height_scan\run_20260808_162715\raw\E2_dual_height_raw_20260808_162715.csv
E2,ihawk1,marker_0_TL,50.0,20260808_131913,marker_center,0,3,219.49849200000003,202.150941,0.007091662075987979,0.012124049983394393,5.029167100000613e-05,7.794527499995509e-05,7.794527499995509e-05,0.0001469925879998456,E2\E2_dual_camera_height_scan\run_20260808_131913\raw\E2_dual_height_raw_20260808_131913.csv
E2,ihawk1,marker_0_TL,50.0,20260808_131913,corner0,0,3,198.49720766666667,199.68203733333334,0.01640226000688619,0.008266307297296686,0.0002690341333334982,3.32669266665216e-05,3.32669266665216e-05,6.833183633334044e-05,E2\E2_dual_camera_height_scan\run_20260808_131913\raw\E2_dual_height_raw_20260808_131913.csv
E2,ihawk1,marker_0_TL,50.0,20260808_131913,corner1,0,3,227.25224333333333,192.17010000000002,0.026222238392889237,0.01784362788224509,0.0006876057863335142,0.00015821395000005089,0.00015821395000005089,0.0003183950560000344,E2\E2_dual_camera_height_scan\run_20260808_131913\raw\E2_dual_height_raw_20260808_131913.csv
E2,ihawk1,marker_0_TL,50.0,20260808_131913,corner2,0,3,240.73388166666666,203.79883833333335,0.009002517222045493,0.04775702191650196,8.104531633322571e-05,0.00034015508866653155,0.00034015508866653155,0.0022807331423332486,E2\E2_dual_camera_height_scan\run_20260808_131913\raw\E2_dual_height_raw_20260808_131913.csv
E2,ihawk1,marker_0_TL,50.0,20260808_131913,corner3,0,3,211.51063533333334,212.9527893333333,0.008785159664658329,0.004085784420812882,7.717903033353965e-05,3.22612138334024e-05,3.22612138334024e-05,1.669363433335726e-05,E2\E2_dual_camera_height_scan\run_20260808_131913\raw\E2_dual_height_raw_20260808_131913.csv
E2,ihawk1,marker_0_TL,50.0,20260808_141232,marker_center,0,3,221.024264,199.98715333333334,0.020200096064132502,0.01109348269631175,0.00040804388100018147,0.0001934697225001958,0.0001934697225001958,0.0001230653583333682,E2\E2_dual_camera_height_scan\run_20260808_141232\raw\E2_dual_height_raw_20260808_141232.csv
E2,ihawk1,marker_0_TL,50.0,20260808_141232,corner0,0,3,200.49222833333332,197.49293,0.007777601194032027,0.019121286646036947,6.0491080333408404e-05,-7.982562100006756e-05,-7.982562100006756e-05,0.00036562360299991094,E2\E2_dual_camera_height_scan\run_20260808_141232\raw\E2_dual_height_raw_20260808_141232.csv
E2,ihawk1,marker_0_TL,50.0,20260808_141232,corner1,0,3,228.66396066666667,190.2058463333333,0.026227722457992347,0.008261500610259535,0.0006878934253334761,-0.00017000739233335841,-0.00017000739233335841,6.825239233331867e-05,E2\E2_dual_camera_height_scan\run_20260808_141232\raw\E2_dual_height_raw_20260808_141232.csv
E2,ihawk1,marker_0_TL,50.0,20260808_141232,corner2,0,3,241.99953733333336,201.71364299999996,0.02735711655736686,0.021418196726149984,0.0007484118263333558,0.0005327333925000677,0.0005327333925000677,0.00045873915100006185,E2\E2_dual_camera_height_scan\run_20260808_141232\raw\E2_dual_height_raw_20260808_141232.csv
E2,ihawk1,marker_0_TL,50.0,20260808_141232,corner3,0,3,212.94133,210.53619366666666,0.03557843893427289,0.01402236300818957,0.001265825316999785,0.00045140750250010237,0.00045140750250010237,0.00019662666433344325,E2\E2_dual_camera_height_scan\run_20260808_141232\raw\E2_dual_height_raw_20260808_141232.csv
E2,ihawk1,marker_0_TL,50.0,20260808_145501,marker_center,0,3,221.5023586666667,201.91880666666665,0.006215546664087807,0.006817275286597344,3.863302033345307e-05,3.874517333297131e-06,3.874517333297131e-06,4.64752423332509e-05,E2\E2_dual_camera_height_scan\run_20260808_145501\raw\E2_dual_height_raw_20260808_145501.csv
E2,ihawk1,marker_0_TL,50.0,20260808_145501,corner0,0,3,200.86558533333334,199.22266666666667,0.051508252244983385,0.029187384969082856,0.002653100049332836,0.001368243580666663,0.001368243580666663,0.0008519034413334437,E2\E2_dual_camera_height_scan\run_20260808_145501\raw\E2_dual_height_raw_20260808_145501.csv
E2,ihawk1,marker_0_TL,50.0,20260808_145501,corner1,0,3,229.020879,192.31770333333336,0.03216724472192552,0.02141757916602206,0.0010347316330002452,-0.00043723388299976633,-0.00043723388299976633,0.00045871269733282214,E2\E2_dual_camera_height_scan\run_20260808_145501\raw\E2_dual_height_raw_20260808_145501.csv
E2,ihawk1,marker_0_TL,50.0,20260808_145501,corner2,0,3,242.709971,203.74082933333332,0.008813628480944597,0.015837959790753715,7.768004700011776e-05,0.0001141472215001456,0.0001141472215001456,0.0002508409703335314,E2\E2_dual_camera_height_scan\run_20260808_145501\raw\E2_dual_height_raw_20260808_145501.csv
E2,ihawk1,marker_0_TL,50.0,20260808_145501,corner3,0,3,213.41299933333335,212.39402800000002,0.013596079447163933,0.016065526353031535,0.00018485337633359353,0.00017713680800010963,0.00017713680800010963,0.00025810113699995077,E2\E2_dual_camera_height_scan\run_20260808_145501\raw\E2_dual_height_raw_20260808_145501.csv
E2,ihawk1,marker_0_TL,50.0,20260808_151001,marker_center,0,3,215.727141,203.43452200000002,0.011056125768105928,0.002511441617866535,0.00012223791700017588,2.2404347499940086e-05,2.2404347499940086e-05,6.307338999952079e-06,E2\E2_dual_camera_height_scan\run_20260808_151001\raw\E2_dual_height_raw_20260808_151001.csv
E2,ihawk1,marker_0_TL,50.0,20260808_151001,corner0,0,3,194.12279266666667,200.23378499999998,0.013423884584329299,0.0043813725018422185,0.0001802006773333938,-4.510121999995947e-05,-4.510121999995947e-05,1.9196424999899142e-05,E2\E2_dual_camera_height_scan\run_20260808_151001\raw\E2_dual_height_raw_20260808_151001.csv
E2,ihawk1,marker_0_TL,50.0,20260808_151001,corner1,0,3,223.07782,193.54582200000002,0.044012196991295174,0.0015167138820548914,0.0019370734840005721,4.206963300041952e-05,4.206963300041952e-05,2.3004210000180193e-06,E2\E2_dual_camera_height_scan\run_20260808_151001\raw\E2_dual_height_raw_20260808_151001.csv
E2,ihawk1,marker_0_TL,50.0,20260808_151001,corner2,0,3,237.5755616666667,205.37430333333336,0.0064775251704059815,0.005358052009203243,4.195833233324304e-05,-1.4386470333300243e-05,-1.4386470333300243e-05,2.87087213333269e-05,E2\E2_dual_camera_height_scan\run_20260808_151001\raw\E2_dual_height_raw_20260808_151001.csv
E2,ihawk1,marker_0_TL,50.0,20260808_151001,corner3,0,3,208.13239033333332,214.58417766666665,0.025286149100517248,0.005019133424540325,0.0006393893363335892,-0.00012281583883344706,-0.00012281583883344706,2.5191700333337895e-05,E2\E2_dual_camera_height_scan\run_20260808_151001\raw\E2_dual_height_raw_20260808_151001.csv
E2,ihawk1,marker_0_TL,50.0,20260808_162715,marker_center,0,3,223.99069599999999,201.28867966666667,0.02977929099222916,0.011018585269137338,0.0008868061719998607,-0.0002395773560000308,-0.0002395773560000308,0.00012140922133325034,E2\E2_dual_camera_height_scan\run_20260808_162715\raw\E2_dual_height_raw_20260808_162715.csv
E2,ihawk1,marker_0_TL,50.0,20260808_162715,corner0,0,3,203.21653733333335,198.8277536666667,0.011273411477163417,0.0184902345126694,0.00012708980633343984,-0.00020188781783349126,-0.00020188781783349126,0.0003418887723335106,E2\E2_dual_camera_height_scan\run_20260808_162715\raw\E2_dual_height_raw_20260808_162715.csv
E2,ihawk1,marker_0_TL,50.0,20260808_162715,corner1,0,3,231.67494733333334,191.21010333333334,0.0355152353833327,0.001539878025482887,0.0012613319443335268,-3.326517666480207e-06,-3.326517666480207e-06,2.371224333365075e-06,E2\E2_dual_camera_height_scan\run_20260808_162715\raw\E2_dual_height_raw_20260808_162715.csv
E2,ihawk1,marker_0_TL,50.0,20260808_162715,corner2,0,3,245.22509766666667,203.14465333333337,0.0989311808295746,0.030935383856250834,0.009787378540333989,4.960538416558964e-05,4.960538416558964e-05,0.0009569979743335847,E2\E2_dual_camera_height_scan\run_20260808_162715\raw\E2_dual_height_raw_20260808_162715.csv
E2,ihawk1,marker_0_TL,50.0,20260808_162715,corner3,0,3,215.84620166666664,211.97220866666666,0.056745155760933724,0.011172575367093217,0.0032200127023326295,-0.00011332592266692584,-0.00011332592266692584,0.00012482644033337813,E2\E2_dual_camera_height_scan\run_20260808_162715\raw\E2_dual_height_raw_20260808_162715.csv
E2,ihawk1,marker_1_TR,50.0,20260808_131913,marker_center,1,3,293.4853233333333,180.37766666666667,0.014436649103336538,0.006922636588274384,0.00020841683733286765,8.718128266650621e-05,8.718128266650621e-05,4.792289733331521e-05,E2\E2_dual_camera_height_scan\run_20260808_131913\raw\E2_dual_height_raw_20260808_131913.csv
E2,ihawk1,marker_1_TR,50.0,20260808_131913,corner0,1,3,274.50512699999996,178.81707766666668,0.0011191304660403928,0.002681910761632154,1.252453000019787e-06,4.200620000367286e-07,4.200620000367286e-07,7.19264533335836e-06,E2\E2_dual_camera_height_scan\run_20260808_131913\raw\E2_dual_height_raw_20260808_131913.csv
E2,ihawk1,marker_1_TR,50.0,20260808_131913,corner1,1,3,297.1311646666666,171.919235,0.002266847223193197,0.0034874701432494846,5.138596333298708e-06,3.6101799996533283e-07,3.6101799996533283e-07,1.2162448000056582e-05,E2\E2_dual_camera_height_scan\run_20260808_131913\raw\E2_dual_height_raw_20260808_131913.csv
E2,ihawk1,marker_1_TR,50.0,20260808_131913,corner2,1,3,312.55226666666664,181.54112733333332,0.017308492202761976,0.009948487942063948,0.00029958390233307205,-5.85998353332815e-05,-5.85998353332815e-05,9.897241233339177e-05,E2\E2_dual_camera_height_scan\run_20260808_131913\raw\E2_dual_height_raw_20260808_131913.csv
E2,ihawk1,marker_1_TR,50.0,20260808_131913,corner3,1,3,289.75273633333336,189.23322566666664,0.051793490617378014,0.012531790467976844,0.002682565670332424,0.0006489904431664447,0.0006489904431664447,0.0001570457723332753,E2\E2_dual_camera_height_scan\run_20260808_131913\raw\E2_dual_height_raw_20260808_131913.csv
E2,ihawk1,marker_1_TR,50.0,20260808_141232,marker_center,1,3,294.277397,178.48481,0.017537171066060675,0.007552788293077659,0.00030755236900027576,-2.6442363499943072e-05,-2.6442363499943072e-05,5.704461100005093e-05,E2\E2_dual_camera_height_scan\run_20260808_141232\raw\E2_dual_height_raw_20260808_141232.csv
E2,ihawk1,marker_1_TR,50.0,20260808_141232,corner0,1,3,275.46045933333335,177.14889000000002,0.01443725508308102,0.010211271762115686,0.00020843433433394875,-0.00010999414449996527,-0.00010999414449996527,0.00010427007099978118,E2\E2_dual_camera_height_scan\run_20260808_141232\raw\E2_dual_height_raw_20260808_141232.csv
E2,ihawk1,marker_1_TR,50.0,20260808_141232,corner1,1,3,297.846466,170.39213066666665,0.0037168980346529885,0.0016369374860884579,1.3815331000007248e-05,6.060904500028624e-06,6.060904500028624e-06,2.6795643333616e-06,E2\E2_dual_camera_height_scan\run_20260808_141232\raw\E2_dual_height_raw_20260808_141232.csv
E2,ihawk1,marker_1_TR,50.0,20260808_141232,corner2,1,3,312.91205866666667,179.60886133333335,0.014493139836935962,0.035519856282548216,0.00021005110233298014,-0.00024155735483374585,-0.00024155735483374585,0.0012616601903328798,E2\E2_dual_camera_height_scan\run_20260808_141232\raw\E2_dual_height_raw_20260808_141232.csv
E2,ihawk1,marker_1_TR,50.0,20260808_141232,corner3,1,3,290.89060466666666,186.78935733333333,0.053257824076213,0.007001655328090114,0.0028363958253328535,-0.0003697020433334928,-0.0003697020433334928,4.902317733337268e-05,E2\E2_dual_camera_height_scan\run_20260808_141232\raw\E2_dual_height_raw_20260808_141232.csv
E2,ihawk1,marker_1_TR,50.0,20260808_145501,marker_center,1,3,294.832423,180.42742666666666,0.08722190185954737,0.09586772714700958,0.007607660163996513,0.008361067634998123,0.008361067634998123,0.009190621108333479,E2\E2_dual_camera_height_scan\run_20260808_145501\raw\E2_dual_height_raw_20260808_145501.csv
E2,ihawk1,marker_1_TR,50.0,20260808_145501,corner0,1,3,275.8027343333333,178.5575666666667,0.026465253018519132,0.03214315132860768,0.0007004096173342361,0.0007230171986672188,0.0007230171986672188,0.0010331821773337734,E2\E2_dual_camera_height_scan\run_20260808_145501\raw\E2_dual_height_raw_20260808_145501.csv
E2,ihawk1,marker_1_TR,50.0,20260808_145501,corner1,1,3,298.81415799999996,172.77929166666664,0.3218877861802128,0.3822780469871828,0.10361174689199841,0.12305063424999965,0.12305063424999965,0.14613650520833474,E2\E2_dual_camera_height_scan\run_20260808_145501\raw\E2_dual_height_raw_20260808_145501.csv
E2,ihawk1,marker_1_TR,50.0,20260808_145501,corner2,1,3,313.71279933333335,181.37284833333334,0.010675418133880824,0.006223952629433008,0.00011396455233319152,-1.8043902166596402e-05,-1.8043902166596402e-05,3.873758633342606e-05,E2\E2_dual_camera_height_scan\run_20260808_145501\raw\E2_dual_height_raw_20260808_145501.csv
E2,ihawk1,marker_1_TR,50.0,20260808_145501,corner3,1,3,291.0,189.0,0.0,0.0,0.0,0.0,0.0,0.0,E2\E2_dual_camera_height_scan\run_20260808_145501\raw\E2_dual_height_raw_20260808_145501.csv
E2,ihawk1,marker_1_TR,50.0,20260808_151001,marker_center,1,3,288.51026133333335,180.8908306666667,0.022736623195464597,0.006802428561430636,0.0005169540343325387,0.00015283177816661063,0.00015283177816661063,4.627303433336727e-05,E2\E2_dual_camera_height_scan\run_20260808_151001\raw\E2_dual_height_raw_20260808_151001.csv
E2,ihawk1,marker_1_TR,50.0,20260808_151001,corner0,1,3,269.4855346666667,179.41573099999997,0.010823896956887579,0.007254897587149679,0.00011715674533332018,-2.7854114999971007e-05,-2.7854114999971007e-05,5.263353900003024e-05,E2\E2_dual_camera_height_scan\run_20260808_151001\raw\E2_dual_height_raw_20260808_151001.csv
E2,ihawk1,marker_1_TR,50.0,20260808_151001,corner1,1,3,291.79649866666665,172.63429766666664,0.1173740118694753,0.0024835831641599787,0.013776658662335727,-0.00015583421166609005,-0.00015583421166609005,6.168185333298891e-06,E2\E2_dual_camera_height_scan\run_20260808_151001\raw\E2_dual_height_raw_20260808_151001.csv
E2,ihawk1,marker_1_TR,50.0,20260808_151001,corner2,1,3,307.759013,181.51329566666666,0.022417480835279828,0.021888548657535662,0.0005025434470001383,-0.0004885321525000859,-0.0004885321525000859,0.00047910856233330623,E2\E2_dual_camera_height_scan\run_20260808_151001\raw\E2_dual_height_raw_20260808_151001.csv
E2,ihawk1,marker_1_TR,50.0,20260808_151001,corner3,1,3,285.0,190.0,0.0,0.0,0.0,0.0,0.0,0.0,E2\E2_dual_camera_height_scan\run_20260808_151001\raw\E2_dual_height_raw_20260808_151001.csv
E2,ihawk1,marker_1_TR,50.0,20260808_162715,marker_center,1,3,297.9269336666667,179.867742,0.2691564066436842,0.155621710127483,0.07244517123734028,0.04181516534200417,0.04181516534200417,0.02421811666300234,E2\E2_dual_camera_height_scan\run_20260808_162715\raw\E2_dual_height_raw_20260808_162715.csv
E2,ihawk1,marker_1_TR,50.0,20260808_162715,corner0,1,3,278.663432,178.1400043333333,0.016397547773996483,0.023621838208183088,0.000268879573000497,0.00011647355950027826,0.00011647355950027826,0.0005579912403335784,E2\E2_dual_camera_height_scan\run_20260808_162715\raw\E2_dual_height_raw_20260808_162715.csv
E2,ihawk1,marker_1_TR,50.0,20260808_162715,corner1,1,3,301.8142903333333,172.19582633333334,1.0268595044173854,0.6964367920352375,1.0544404418123183,0.7151425717483277,0.7151425717483277,0.48502420530033263,E2\E2_dual_camera_height_scan\run_20260808_162715\raw\E2_dual_height_raw_20260808_162715.csv
E2,ihawk1,marker_1_TR,50.0,20260808_162715,corner2,1,3,316.591929,180.94338466666667,0.002026499444858863,0.0096550285516657,4.10670000001328e-06,-1.9565910000047013e-05,-1.9565910000047013e-05,9.321957633347987e-05,E2\E2_dual_camera_height_scan\run_20260808_162715\raw\E2_dual_height_raw_20260808_162715.csv
E2,ihawk1,marker_1_TR,50.0,20260808_162715,corner3,1,3,294.638082,188.19175199999998,0.061787041319349846,0.0845273616233339,0.0038176384749990452,-0.004837045525000748,-0.004837045525000748,0.007144874863001859,E2\E2_dual_camera_height_scan\run_20260808_162715\raw\E2_dual_height_raw_20260808_162715.csv
E2,ihawk1,marker_2_BL,50.0,20260808_131913,marker_center,2,3,298.63903799999997,276.90288533333336,0.008507238564876965,0.007877571093523383,7.237310799972988e-05,6.674146199995963e-05,6.674146199995963e-05,6.20561263335152e-05,E2\E2_dual_camera_height_scan\run_20260808_131913\raw\E2_dual_height_raw_20260808_131913.csv
E2,ihawk1,marker_2_BL,50.0,20260808_131913,corner0,2,3,270.1834616666667,273.4851683333333,0.009824473997787825,0.0025590790009843082,9.652028933320909e-05,2.3023554666523377e-05,2.3023554666523377e-05,6.548885333278844e-06,E2\E2_dual_camera_height_scan\run_20260808_131913\raw\E2_dual_height_raw_20260808_131913.csv
E2,ihawk1,marker_2_BL,50.0,20260808_131913,corner1,2,3,304.1912536666666,259.30809500000004,0.03183187813079103,0.033002342522917616,0.0010132684653335322,0.001034667926000163,0.001034667926000163,0.0010891546119999765,E2\E2_dual_camera_height_scan\run_20260808_131913\raw\E2_dual_height_raw_20260808_131913.csv
E2,ihawk1,marker_2_BL,50.0,20260808_131913,corner2,2,3,327.6086626666667,279.44892366666664,0.007331328824518356,0.011764686835327054,5.37483823332137e-05,5.1237223833158366e-05,5.1237223833158366e-05,0.00013840785633331768,E2\E2_dual_camera_height_scan\run_20260808_131913\raw\E2_dual_height_raw_20260808_131913.csv
E2,ihawk1,marker_2_BL,50.0,20260808_131913,corner3,2,3,292.57277433333337,295.3693543333333,0.024144900917851438,0.008088442701379832,0.0005829762403328632,0.00016548158133332456,0.00016548158133332456,6.542290533350468e-05,E2\E2_dual_camera_height_scan\run_20260808_131913\raw\E2_dual_height_raw_20260808_131913.csv
E2,ihawk1,marker_2_BL,50.0,20260808_141232,marker_center,2,3,299.3536986666666,272.56869233333333,0.022989135180186065,0.008598445460296299,0.0005285003363328686,0.0001613249176669365,0.0001613249176669365,7.393326433369004e-05,E2\E2_dual_camera_height_scan\run_20260808_141232\raw\E2_dual_height_raw_20260808_141232.csv
E2,ihawk1,marker_2_BL,50.0,20260808_141232,corner0,2,3,271.3499346666667,269.1491086666667,0.011030612192137967,0.002696338504948593,0.00012167440533334276,1.2409061333117875e-05,1.2409061333117875e-05,7.270241333268414e-06,E2\E2_dual_camera_height_scan\run_20260808_141232\raw\E2_dual_height_raw_20260808_141232.csv
E2,ihawk1,marker_2_BL,50.0,20260808_141232,corner1,2,3,304.66577166666667,255.381724,0.007479493721749929,0.005304735337422192,5.594282633369661e-05,-1.6491377000158744e-05,-1.6491377000158744e-05,2.814021700009574e-05,E2\E2_dual_camera_height_scan\run_20260808_141232\raw\E2_dual_height_raw_20260808_141232.csv
E2,ihawk1,marker_2_BL,50.0,20260808_141232,corner2,2,3,327.8598733333333,274.942047,0.0058562289344826325,0.01720179057541289,3.429541733307159e-05,3.880242099994407e-05,3.880242099994407e-05,0.00029590159900036374,E2\E2_dual_camera_height_scan\run_20260808_141232\raw\E2_dual_height_raw_20260808_141232.csv
E2,ihawk1,marker_2_BL,50.0,20260808_141232,corner3,2,3,293.53921499999996,290.80189,0.08245732079688876,0.021793919174854695,0.006799209753001024,0.0017288923890006135,0.0017288923890006135,0.0004749749130000991,E2\E2_dual_camera_height_scan\run_20260808_141232\raw\E2_dual_height_raw_20260808_141232.csv
E2,ihawk1,marker_2_BL,50.0,20260808_145501,marker_center,2,3,300.61493666666667,275.268534,0.5860085961368922,0.027188572893780127,0.3434060747463312,-0.013919648860003388,-0.013919648860003388,0.0007392184960003955,E2\E2_dual_camera_height_scan\run_20260808_145501\raw\E2_dual_height_raw_20260808_145501.csv
E2,ihawk1,marker_2_BL,50.0,20260808_145501,corner0,2,3,270.339569,271.93140666666665,2.320201568244237,0.11880713839384367,5.3833353172830165,-0.2756565088200062,-0.2756565088200062,0.014115136133333922,E2\E2_dual_camera_height_scan\run_20260808_145501\raw\E2_dual_height_raw_20260808_145501.csv
E2,ihawk1,marker_2_BL,50.0,20260808_145501,corner1,2,3,306.26804599999997,258.02736400000003,0.011088471310338167,0.005572092335929714,0.00012295419600019263,6.176415000017747e-05,6.176415000017747e-05,3.1048213000126656e-05,E2\E2_dual_camera_height_scan\run_20260808_145501\raw\E2_dual_height_raw_20260808_145501.csv
E2,ihawk1,marker_2_BL,50.0,20260808_145501,corner2,2,3,330.02403766666663,277.61237600000004,0.02730060728874108,0.016375853412873752,0.0007453231583340627,0.0004244229500000752,0.0004244229500000752,0.0002681685749999289,E2\E2_dual_camera_height_scan\run_20260808_145501\raw\E2_dual_height_raw_20260808_145501.csv
E2,ihawk1,marker_2_BL,50.0,20260808_145501,corner3,2,3,295.82809433333335,293.502991,0.044852531593364456,0.044011009338591096,0.002011749590333757,0.001823820040500799,0.001823820040500799,0.0019369689430015528,E2\E2_dual_camera_height_scan\run_20260808_145501\raw\E2_dual_height_raw_20260808_145501.csv
E2,ihawk1,marker_2_BL,50.0,20260808_151001,marker_center,2,3,301.191139,276.37469000000004,0.014650043720065106,0.013536753672844194,0.00021462378099981904,0.00012685529499973562,0.00012685529499973562,0.0001832436999992608,E2\E2_dual_camera_height_scan\run_20260808_151001\raw\E2_dual_height_raw_20260808_151001.csv
E2,ihawk1,marker_2_BL,50.0,20260808_151001,corner0,2,3,272.677836,273.47979733333335,0.0019920030120549027,0.006953483611337788,3.9680760000358044e-06,-7.531462999893272e-06,-7.531462999893272e-06,4.83509343331432e-05,E2\E2_dual_camera_height_scan\run_20260808_151001\raw\E2_dual_height_raw_20260808_151001.csv
E2,ihawk1,marker_2_BL,50.0,20260808_151001,corner1,2,3,305.20084633333335,258.948324,0.030119716272460784,0.01449616652776044,0.0009071973083335389,0.00043597699000063245,0.00043597699000063245,0.0002101388440005622,E2\E2_dual_camera_height_scan\run_20260808_151001\raw\E2_dual_height_raw_20260808_151001.csv
E2,ihawk1,marker_2_BL,50.0,20260808_151001,corner2,2,3,330.33179766666666,278.3769326666667,0.017423172510587975,0.043578781308481036,0.00030356694033370854,0.0007591615898336093,0.0007591615898336093,0.0018991101803324164,E2\E2_dual_camera_height_scan\run_20260808_151001\raw\E2_dual_height_raw_20260808_151001.csv
E2,ihawk1,marker_2_BL,50.0,20260808_151001,corner3,2,3,296.554077,294.69370533333336,0.019781276172183785,0.004072858619379064,0.0003912988870002059,-5.933834600015545e-05,-5.933834600015545e-05,1.6588177333450337e-05,E2\E2_dual_camera_height_scan\run_20260808_151001\raw\E2_dual_height_raw_20260808_151001.csv
E2,ihawk1,marker_2_BL,50.0,20260808_162715,marker_center,2,3,302.96950799999996,275.87296833333335,0.0026038934310006084,0.02070016846148364,6.78026100000812e-06,3.158156349991746e-05,3.158156349991746e-05,0.00042849697433380206,E2\E2_dual_camera_height_scan\run_20260808_162715\raw\E2_dual_height_raw_20260808_162715.csv
E2,ihawk1,marker_2_BL,50.0,20260808_162715,corner0,2,3,274.60348500000003,272.0839846666667,0.006513434424324953,0.06769937708231322,4.2424827999981335e-05,-3.194656800052312e-05,-3.194656800052312e-05,0.004583205657333236,E2\E2_dual_camera_height_scan\run_20260808_162715\raw\E2_dual_height_raw_20260808_162715.csv
E2,ihawk1,marker_2_BL,50.0,20260808_162715,corner1,2,3,308.3086343333334,258.29912333333334,0.015941757504557348,0.001081926676498997,0.00025413963233411054,-1.554437266664157e-05,-1.554437266664157e-05,1.170565333320165e-06,E2\E2_dual_camera_height_scan\run_20260808_162715\raw\E2_dual_height_raw_20260808_162715.csv
E2,ihawk1,marker_2_BL,50.0,20260808_162715,corner2,2,3,331.787954,278.41765366666664,0.010219827982875069,0.020947084817063102,0.00010444488399955629,-0.00020716891899945786,-0.00020716891899945786,0.00043878036233323557,E2\E2_dual_camera_height_scan\run_20260808_162715\raw\E2_dual_height_raw_20260808_162715.csv
E2,ihawk1,marker_2_BL,50.0,20260808_162715,corner3,2,3,297.1779583333333,294.6911113333333,0.016004965021313464,0.005766442606439745,0.0002561589053334675,-9.203452966675141e-05,-9.203452966675141e-05,3.3251860333363596e-05,E2\E2_dual_camera_height_scan\run_20260808_162715\raw\E2_dual_height_raw_20260808_162715.csv
E2,ihawk1,marker_3_BR,50.0,20260808_131913,marker_center,3,3,383.31172466666663,239.144244,0.014478879940569244,0.0012896166096951975,0.00020963796433341842,1.8093560500040313e-05,1.8093560500040313e-05,1.663111000001735e-06,E2\E2_dual_camera_height_scan\run_20260808_131913\raw\E2_dual_height_raw_20260808_131913.csv
E2,ihawk1,marker_3_BR,50.0,20260808_131913,corner0,3,3,357.916453,236.98766066666667,0.023129869152233706,0.028531165316783184,0.0005349908469994523,-0.000659856860499767,-0.000659856860499767,0.0008140273943336116,E2\E2_dual_camera_height_scan\run_20260808_131913\raw\E2_dual_height_raw_20260808_131913.csv
E2,ihawk1,marker_3_BR,50.0,20260808_131913,corner1,3,3,383.4892883333334,225.49992899999998,0.04769306262271149,0.012834871756267345,0.0022746282223338795,0.0005613866544999371,0.0005613866544999371,0.00016473393299982922,E2\E2_dual_camera_height_scan\run_20260808_131913\raw\E2_dual_height_raw_20260808_131913.csv
E2,ihawk1,marker_3_BR,50.0,20260808_131913,corner2,3,3,408.7762246666666,240.589442,0.00920222637917985,0.0215270181632268,8.468097033367349e-05,0.00012647749950001763,0.00012647749950001763,0.00046341251099989655,E2\E2_dual_camera_height_scan\run_20260808_131913\raw\E2_dual_height_raw_20260808_131913.csv
E2,ihawk1,marker_3_BR,50.0,20260808_131913,corner3,3,3,383.06493133333333,253.499944,0.028578476119849372,0.010608210546542329,0.0008167292973328008,-6.871915100002327e-05,-6.871915100002327e-05,0.00011253413099977188,E2\E2_dual_camera_height_scan\run_20260808_131913\raw\E2_dual_height_raw_20260808_131913.csv
E2,ihawk1,marker_3_BR,50.0,20260808_141232,marker_center,3,3,383.16331233333335,235.75118133333334,0.00920971668040371,0.016018994735412392,8.481888133330633e-05,0.00014127828833323335,0.00014127828833323335,0.0002566081923331699,E2\E2_dual_camera_height_scan\run_20260808_141232\raw\E2_dual_height_raw_20260808_141232.csv
E2,ihawk1,marker_3_BR,50.0,20260808_141232,corner0,3,3,357.9082943333333,233.5045113333333,0.01854426502542249,0.0038376243085217407,0.0003438897653331078,-5.734210866665268e-05,-5.734210866665268e-05,1.4727360333356968e-05,E2\E2_dual_camera_height_scan\run_20260808_141232\raw\E2_dual_height_raw_20260808_141232.csv
E2,ihawk1,marker_3_BR,50.0,20260808_141232,corner1,3,3,383.302287,221.99556966666668,0.0017700847437557414,0.04558921903623442,3.1332000000768283e-06,-9.763690000632851e-06,-9.763690000632851e-06,0.002078376892333759,E2\E2_dual_camera_height_scan\run_20260808_141232\raw\E2_dual_height_raw_20260808_141232.csv
E2,ihawk1,marker_3_BR,50.0,20260808_141232,corner2,3,3,407.96094766666664,237.28542566666667,0.0006285716612684177,0.0015272342103625487,3.951023333497385e-07,9.39698833343556e-07,9.39698833343556e-07,2.3324443333017175e-06,E2\E2_dual_camera_height_scan\run_20260808_141232\raw\E2_dual_height_raw_20260808_141232.csv
E2,ihawk1,marker_3_BR,50.0,20260808_141232,corner3,3,3,383.48172,250.21921799999998,0.041087583574620244,0.026677365368411057,0.0016881895240014031,0.0010766864720001402,0.0010766864720001402,0.0007116818229996975,E2\E2_dual_camera_height_scan\run_20260808_141232\raw\E2_dual_height_raw_20260808_141232.csv
E2,ihawk1,marker_3_BR,50.0,20260808_145501,marker_center,3,3,384.97263333333336,238.00685233333334,0.017465836548323652,0.008655589947165483,0.00030505544633275823,-4.2431268666677726e-05,-4.2431268666677726e-05,7.491923733347216e-05,E2\E2_dual_camera_height_scan\run_20260808_145501\raw\E2_dual_height_raw_20260808_145501.csv
E2,ihawk1,marker_3_BR,50.0,20260808_145501,corner0,3,3,359.65877300000005,235.70111066666666,0.006969794258079531,0.007290542801015304,4.85780319999584e-05,-1.1880609999947531e-05,-1.1880609999947531e-05,5.315201433343607e-05,E2\E2_dual_camera_height_scan\run_20260808_145501\raw\E2_dual_height_raw_20260808_145501.csv
E2,ihawk1,marker_3_BR,50.0,20260808_145501,corner1,3,3,384.4742736666667,224.33293166666667,0.009472224360360727,0.023096356884437848,8.972303433301119e-05,-0.00017433881666610316,-0.00017433881666610316,0.0005334417013333196,E2\E2_dual_camera_height_scan\run_20260808_145501\raw\E2_dual_height_raw_20260808_145501.csv
E2,ihawk1,marker_3_BR,50.0,20260808_145501,corner2,3,3,410.01946,239.73384066666665,0.040744276763729576,0.0326119979813262,0.0016600960889993936,0.0011561634045000448,0.0011561634045000448,0.0010635424123340241,E2\E2_dual_camera_height_scan\run_20260808_145501\raw\E2_dual_height_raw_20260808_145501.csv
E2,ihawk1,marker_3_BR,50.0,20260808_145501,corner3,3,3,385.73802700000005,252.2595266666667,0.018993669155793824,0.0055056121669905984,0.0003607594679997537,-0.00010457177599993252,-0.00010457177599993252,3.0311765333314913e-05,E2\E2_dual_camera_height_scan\run_20260808_145501\raw\E2_dual_height_raw_20260808_145501.csv
E2,ihawk1,marker_3_BR,50.0,20260808_151001,marker_center,3,3,382.332199,237.108354,0.008094464837148242,0.00301813468884054,6.552036099982931e-05,2.1958264499914435e-05,2.1958264499914435e-05,9.109136999982585e-06,E2\E2_dual_camera_height_scan\run_20260808_151001\raw\E2_dual_height_raw_20260808_151001.csv
E2,ihawk1,marker_3_BR,50.0,20260808_151001,corner0,3,3,357.0066326666667,235.42355833333332,0.006493044072971105,0.003537542838373631,4.2159621333545196e-05,-2.292967333338445e-05,-2.292967333338445e-05,1.2514209333328563e-05,E2\E2_dual_camera_height_scan\run_20260808_151001\raw\E2_dual_height_raw_20260808_151001.csv
E2,ihawk1,marker_3_BR,50.0,20260808_151001,corner1,3,3,381.211344,223.18122866666667,0.013843662485059633,0.006509119781760376,0.00019164699100024745,-7.807559250001781e-05,-7.807559250001781e-05,4.236864033330425e-05,E2\E2_dual_camera_height_scan\run_20260808_151001\raw\E2_dual_height_raw_20260808_151001.csv
E2,ihawk1,marker_3_BR,50.0,20260808_151001,corner2,3,3,407.54968233333335,238.50053400000002,0.016883364188849222,0.011113506917251008,0.00028504798633331637,0.00018752553399983192,0.00018752553399983192,0.000123510035999786,E2\E2_dual_camera_height_scan\run_20260808_151001\raw\E2_dual_height_raw_20260808_151001.csv
E2,ihawk1,marker_3_BR,50.0,20260808_151001,corner3,3,3,383.561137,251.32809466666666,0.0040917342288903005,0.005309567339557055,1.67422889998725e-05,1.930917999993672e-05,1.930917999993672e-05,2.8191505333290978e-05,E2\E2_dual_camera_height_scan\run_20260808_151001\raw\E2_dual_height_raw_20260808_151001.csv
E2,ihawk1,marker_3_BR,50.0,20260808_162715,marker_center,3,3,387.545799,238.71712266666668,0.02054041472318375,0.009706741591972599,0.0004219086370003838,-0.00018888482250004147,-0.00018888482250004147,9.422083233333073e-05,E2\E2_dual_camera_height_scan\run_20260808_162715\raw\E2_dual_height_raw_20260808_162715.csv
E2,ihawk1,marker_3_BR,50.0,20260808_162715,corner0,3,3,362.127584,236.36186233333333,0.017323409046733036,0.020379956043457072,0.0003001005010004319,0.0003507521975002896,0.0003507521975002896,0.0004153426083332424,E2\E2_dual_camera_height_scan\run_20260808_162715\raw\E2_dual_height_raw_20260808_162715.csv
E2,ihawk1,marker_3_BR,50.0,20260808_162715,corner1,3,3,387.33182800000003,224.61536166666664,0.10393116991067038,0.0029031745268361165,0.010801688079000634,-0.00011056229799887013,-0.00011056229799887013,8.428422333270108e-06,E2\E2_dual_camera_height_scan\run_20260808_162715\raw\E2_dual_height_raw_20260808_162715.csv
E2,ihawk1,marker_3_BR,50.0,20260808_162715,corner2,3,3,412.89585366666665,240.615911,0.01407584265089814,0.0037699188320117604,0.00019812934633284322,-4.53518879998181e-05,-4.53518879998181e-05,1.4212287999956915e-05,E2\E2_dual_camera_height_scan\run_20260808_162715\raw\E2_dual_height_raw_20260808_162715.csv
E2,ihawk1,marker_3_BR,50.0,20260808_162715,corner3,3,3,387.8279316666667,253.275355,0.02284528146757646,0.018937937480098775,0.0005219068853327924,0.00043255646799986196,0.00043255646799986196,0.00035864547600012993,E2\E2_dual_camera_height_scan\run_20260808_162715\raw\E2_dual_height_raw_20260808_162715.csv
E2,ihawk1,marker_4_C,50.0,20260808_131913,marker_center,4,3,295.591802,220.06984966666664,0.03316727795585718,0.008083266687019789,0.0011000683270010895,0.0002476870315003456,0.0002476870315003456,6.533920033348386e-05,E2\E2_dual_camera_height_scan\run_20260808_131913\raw\E2_dual_height_raw_20260808_131913.csv
E2,ihawk1,marker_4_C,50.0,20260808_131913,corner0,4,3,272.991689,217.55893433333333,0.006325449549221137,0.016007036213284555,4.001131199974188e-05,-0.00010125169999968719,-0.00010125169999968719,0.0002562252083334031,E2\E2_dual_camera_height_scan\run_20260808_131913\raw\E2_dual_height_raw_20260808_131913.csv
E2,ihawk1,marker_4_C,50.0,20260808_131913,corner1,4,3,300.110087,208.54120366666666,0.15766612587681308,0.032255366132376374,0.024858607249003066,0.005085577948501094,0.005085577948501094,0.0010404086443336527,E2\E2_dual_camera_height_scan\run_20260808_131913\raw\E2_dual_height_raw_20260808_131913.csv
E2,ihawk1,marker_4_C,50.0,20260808_131913,corner2,4,3,318.6260073333333,221.71652200000003,0.012624285101883967,0.024231266764242414,0.00015937257433364948,0.00013964904849993702,0.00013964904849993702,0.000587154288999879,E2\E2_dual_camera_height_scan\run_20260808_131913\raw\E2_dual_height_raw_20260808_131913.csv
E2,ihawk1,marker_4_C,50.0,20260808_131913,corner3,4,3,290.6394246666667,232.46273800000003,0.010228345239270584,0.004734461321006807,0.00010461904633370922,-2.1944033000042215e-05,-2.1944033000042215e-05,2.241512400010952e-05,E2\E2_dual_camera_height_scan\run_20260808_131913\raw\E2_dual_height_raw_20260808_131913.csv
E2,ihawk1,marker_4_C,50.0,20260808_141232,marker_center,4,3,296.50794733333333,217.13556933333334,0.01637432591997436,0.005065042678324339,0.00026811854933354417,-2.778200266667848e-05,-2.778200266667848e-05,2.5654657333246996e-05,E2\E2_dual_camera_height_scan\run_20260808_141232\raw\E2_dual_height_raw_20260808_141232.csv
E2,ihawk1,marker_4_C,50.0,20260808_141232,corner0,4,3,273.945933,214.60915133333333,0.01768515046585062,0.015341438796053975,0.00031276454699977636,0.00019683158499988633,0.00019683158499988633,0.00023535974433307007,E2\E2_dual_camera_height_scan\run_20260808_141232\raw\E2_dual_height_raw_20260808_141232.csv
E2,ihawk1,marker_4_C,50.0,20260808_141232,corner1,4,3,301.34190900000004,206.07856766666666,0.029884454002027556,0.008529531307954226,0.0008930805909993009,-0.0002423091554998981,-0.0002423091554998981,7.275290433337133e-05,E2\E2_dual_camera_height_scan\run_20260808_141232\raw\E2_dual_height_raw_20260808_141232.csv
E2,ihawk1,marker_4_C,50.0,20260808_141232,corner2,4,3,319.02772,218.65885433333335,0.0010219099764782295,0.0014889863442384412,1.0443000000257355e-06,-1.5216100000171103e-06,-1.5216100000171103e-06,2.2170803333285578e-06,E2\E2_dual_camera_height_scan\run_20260808_141232\raw\E2_dual_height_raw_20260808_141232.csv
E2,ihawk1,marker_4_C,50.0,20260808_141232,corner3,4,3,291.71622733333334,229.19570399999998,0.028155904892815338,0.0011059398717888568,0.0007927549803332627,3.1136814500157636e-05,3.1136814500157636e-05,1.223103000012353e-06,E2\E2_dual_camera_height_scan\run_20260808_141232\raw\E2_dual_height_raw_20260808_141232.csv
E2,ihawk1,marker_4_C,50.0,20260808_145501,marker_center,4,3,297.57987733333334,219.2958133333333,0.005766892259545061,0.008968977329289753,3.325704633320074e-05,5.00078243332555e-05,5.00078243332555e-05,8.044255433331355e-05,E2\E2_dual_camera_height_scan\run_20260808_145501\raw\E2_dual_height_raw_20260808_145501.csv
E2,ihawk1,marker_4_C,50.0,20260808_145501,corner0,4,3,274.92524199999997,216.76670333333334,0.0018335247475671683,0.021240397838387756,3.3618129999412484e-06,2.0345799499610388e-05,2.0345799499610388e-05,0.0004511545003329872,E2\E2_dual_camera_height_scan\run_20260808_145501\raw\E2_dual_height_raw_20260808_145501.csv
E2,ihawk1,marker_4_C,50.0,20260808_145501,corner1,4,3,302.3146463333333,208.30369566666664,0.026836733823875213,0.016385830840490383,0.000720210282333528,0.00010016507716644874,0.00010016507716644874,0.0002684954523331657,E2\E2_dual_camera_height_scan\run_20260808_145501\raw\E2_dual_height_raw_20260808_145501.csv
E2,ihawk1,marker_4_C,50.0,20260808_145501,corner2,4,3,320.2868956666667,220.72684766666666,0.015660573882641835,0.016839710250869375,0.00024525357433368355,-0.0002602730376667829,-0.0002602730376667829,0.00028357584133323506,E2\E2_dual_camera_height_scan\run_20260808_145501\raw\E2_dual_height_raw_20260808_145501.csv
E2,ihawk1,marker_4_C,50.0,20260808_145501,corner3,4,3,292.792725,231.3860066666667,0.010307434355843739,0.01666810227151139,0.00010624320300002784,0.00017180537000009358,0.00017180537000009358,0.00027782563333356316,E2\E2_dual_camera_height_scan\run_20260808_145501\raw\E2_dual_height_raw_20260808_145501.csv
E2,ihawk1,marker_4_C,50.0,20260808_151001,marker_center,4,3,293.923927,220.1226056666667,0.007075179785692563,0.009161074300170591,5.0058168999872664e-05,6.47418794998888e-05,6.47418794998888e-05,8.39252823332461e-05,E2\E2_dual_camera_height_scan\run_20260808_151001\raw\E2_dual_height_raw_20260808_151001.csv
E2,ihawk1,marker_4_C,50.0,20260808_151001,corner0,4,3,271.19931033333336,218.25055433333333,0.008416759550646006,0.01726607327487818,7.084184133339075e-05,-0.00012611980566666197,-0.00012611980566666197,0.0002981172863334625,E2\E2_dual_camera_height_scan\run_20260808_151001\raw\E2_dual_height_raw_20260808_151001.csv
E2,ihawk1,marker_4_C,50.0,20260808_151001,corner1,4,3,297.69836433333336,208.54237366666666,0.030851802448703183,0.017084341846640674,0.0009518337143338077,0.0005073342101664264,0.0005073342101664264,0.0002918747363328777,E2\E2_dual_camera_height_scan\run_20260808_151001\raw\E2_dual_height_raw_20260808_151001.csv
E2,ihawk1,marker_4_C,50.0,20260808_151001,corner2,4,3,316.845032,221.16708400000002,0.0018498302624734245,0.010016449820168416,3.4218719999624983e-06,1.8528731999894025e-05,1.8528731999894025e-05,0.00010032926699995189,E2\E2_dual_camera_height_scan\run_20260808_151001\raw\E2_dual_height_raw_20260808_151001.csv
E2,ihawk1,marker_4_C,50.0,20260808_151001,corner3,4,3,289.95300266666663,232.530411,0.006550320399274568,0.001335563177086713,4.2906697333152545e-05,-4.574106999939419e-06,-4.574106999939419e-06,1.783728999989955e-06,E2\E2_dual_camera_height_scan\run_20260808_151001\raw\E2_dual_height_raw_20260808_151001.csv
E2,ihawk1,marker_4_C,50.0,20260808_162715,marker_center,4,3,300.001498,219.16290933333335,0.014094461784687,0.010551576106603105,0.00019865385300000225,0.00010911583250016788,0.00010911583250016788,0.00011133575833343755,E2\E2_dual_camera_height_scan\run_20260808_162715\raw\E2_dual_height_raw_20260808_162715.csv
E2,ihawk1,marker_4_C,50.0,20260808_162715,corner0,4,3,277.2402343333333,216.625356,0.005294297340847371,0.0037043513602259947,2.8029584333303544e-05,-1.7039674499990326e-05,-1.7039674499990326e-05,1.3722219000008176e-05,E2\E2_dual_camera_height_scan\run_20260808_162715\raw\E2_dual_height_raw_20260808_162715.csv
E2,ihawk1,marker_4_C,50.0,20260808_162715,corner1,4,3,305.030731,207.98235033333333,0.026224745928233244,0.040613055589720844,0.0006877372990003862,0.0009969238215000514,0.0009969238215000514,0.0016494202843337557,E2\E2_dual_camera_height_scan\run_20260808_162715\raw\E2_dual_height_raw_20260808_162715.csv
E2,ihawk1,marker_4_C,50.0,20260808_162715,corner2,4,3,322.799581,220.65040066666666,0.000843395518131726,0.005215305775630035,7.113160000046827e-07,-3.894236999978237e-06,-3.894236999978237e-06,2.719941433332e-05,E2\E2_dual_camera_height_scan\run_20260808_162715\raw\E2_dual_height_raw_20260808_162715.csv
E2,ihawk1,marker_4_C,50.0,20260808_162715,corner3,4,3,294.935445,231.39352900000003,0.03615545686337953,0.004758455631828423,0.001307217060999698,8.526245000287779e-06,8.526245000287779e-06,2.2642900000079634e-05,E2\E2_dual_camera_height_scan\run_20260808_162715\raw\E2_dual_height_raw_20260808_162715.csv
E2,ihawk2,marker_0_TL,0.0,20260808_131913,marker_center,0,3,190.379537,353.7222543333334,0.012708782671838262,0.004836400969066593,0.00016151315700001649,1.9994370500205438e-05,1.9994370500205438e-05,2.339077433358828e-05,E2\E2_dual_camera_height_scan\run_20260808_131913\raw\E2_dual_height_raw_20260808_131913.csv
E2,ihawk2,marker_0_TL,0.0,20260808_131913,corner0,0,3,161.33949800000002,372.03018199999997,0.027992663663896314,0.00021131019851499308,0.0007835892190000209,-2.9728349998795554e-06,-2.9728349998795554e-06,4.465199999644578e-08,E2\E2_dual_camera_height_scan\run_20260808_131913\raw\E2_dual_height_raw_20260808_131913.csv
E2,ihawk2,marker_0_TL,0.0,20260808_131913,corner1,0,3,174.63265466666667,336.650197,0.038213129606630765,0.02073957646626563,0.0014602432743331605,-0.0005036247499994636,-0.0005036247499994636,0.00043013003200007916,E2\E2_dual_camera_height_scan\run_20260808_131913\raw\E2_dual_height_raw_20260808_131913.csv
E2,ihawk2,marker_0_TL,0.0,20260808_131913,corner2,0,3,217.28405733333332,335.649526,0.001770733275597235,0.0030484094213370926,3.1354963333073133e-06,5.397920000005701e-06,5.397920000005701e-06,9.292800000096747e-06,E2\E2_dual_camera_height_scan\run_20260808_131913\raw\E2_dual_height_raw_20260808_131913.csv
E2,ihawk2,marker_0_TL,0.0,20260808_131913,corner3,0,3,208.26193733333332,370.55911233333336,0.013669530947812147,0.0069205312175671186,0.00018685607633319408,-6.754772616675856e-05,-6.754772616675856e-05,4.7893752333321025e-05,E2\E2_dual_camera_height_scan\run_20260808_131913\raw\E2_dual_height_raw_20260808_131913.csv
E2,ihawk2,marker_0_TL,0.0,20260808_141232,marker_center,0,3,191.94252099999997,349.9402823333333,0.008190368550932187,0.017280410595037484,6.7082137000099e-05,9.710503100004902e-05,9.710503100004902e-05,0.00029861259033308376,E2\E2_dual_camera_height_scan\run_20260808_141232\raw\E2_dual_height_raw_20260808_141232.csv
E2,ihawk2,marker_0_TL,0.0,20260808_141232,corner0,0,3,162.86689766666666,367.27269500000006,0.002225884618146474,0.007717926729374422,4.954562333301074e-06,-1.1734906999928879e-05,-1.1734906999928879e-05,5.956639299999217e-05,E2\E2_dual_camera_height_scan\run_20260808_141232\raw\E2_dual_height_raw_20260808_141232.csv
E2,ihawk2,marker_0_TL,0.0,20260808_141232,corner1,0,3,177.08168066666667,332.64259833333335,0.09264897182556232,0.07127949509032243,0.00858383198033384,-0.006582180321832035,-0.006582180321832035,0.005080766420331299,E2\E2_dual_camera_height_scan\run_20260808_141232\raw\E2_dual_height_raw_20260808_141232.csv
E2,ihawk2,marker_0_TL,0.0,20260808_141232,corner2,0,3,218.86962900000003,332.93784566666665,0.02889815372994409,0.07032611100673158,0.0008351032889994815,0.0019245023889989056,0.0019245023889989056,0.004945761889331133,E2\E2_dual_camera_height_scan\run_20260808_141232\raw\E2_dual_height_raw_20260808_141232.csv
E2,ihawk2,marker_0_TL,0.0,20260808_141232,corner3,0,3,208.95187866666666,366.9079896666667,0.07398397289503068,0.052012331050743564,0.005473628245332635,-0.0038480788906655747,-0.0038480788906655747,0.0027052825813321433,E2\E2_dual_camera_height_scan\run_20260808_141232\raw\E2_dual_height_raw_20260808_141232.csv
E2,ihawk2,marker_0_TL,0.0,20260808_145501,marker_center,0,3,192.25366833333337,350.7467166666667,0.015320210192202591,0.0038524124043750768,0.00023470884033326817,5.8245583666768375e-05,5.8245583666768375e-05,1.4841081333382961e-05,E2\E2_dual_camera_height_scan\run_20260808_145501\raw\E2_dual_height_raw_20260808_145501.csv
E2,ihawk2,marker_0_TL,0.0,20260808_145501,corner0,0,3,163.29223100000002,368.19216933333337,0.040947798780895224,0.043175802509412955,0.0016767222250006844,0.0016059596224995806,0.0016059596224995806,0.0018641499223318301,E2\E2_dual_camera_height_scan\run_20260808_145501\raw\E2_dual_height_raw_20260808_145501.csv
E2,ihawk2,marker_0_TL,0.0,20260808_145501,corner1,0,3,177.25164299999997,333.556366,0.003351513538683355,0.0009015259286293185,1.1232642999977824e-05,-5.024200003347526e-08,-5.024200003347526e-08,8.127489999909551e-07,E2\E2_dual_camera_height_scan\run_20260808_145501\raw\E2_dual_height_raw_20260808_145501.csv
E2,ihawk2,marker_0_TL,0.0,20260808_145501,corner2,0,3,219.018295,333.623749,0.05761493806297568,0.034938928890250555,0.0033194810880005235,0.0020130042239984974,0.0020130042239984974,0.0012207287519979849,E2\E2_dual_camera_height_scan\run_20260808_145501\raw\E2_dual_height_raw_20260808_145501.csv
E2,ihawk2,marker_0_TL,0.0,20260808_145501,corner3,0,3,209.45250466666664,367.61458366666665,0.023090546665974043,0.00865101643351998,0.0005331733453335251,-0.00019975669866630142,-0.00019975669866630142,7.484008533303275e-05,E2\E2_dual_camera_height_scan\run_20260808_145501\raw\E2_dual_height_raw_20260808_145501.csv
E2,ihawk2,marker_0_TL,0.0,20260808_151001,marker_center,0,3,192.241146,351.45917533333335,0.00654034976130127,0.0030453276233261095,4.277617500015358e-05,1.0756917500013154e-05,1.0756917500013154e-05,9.27402033339305e-06,E2\E2_dual_camera_height_scan\run_20260808_151001\raw\E2_dual_height_raw_20260808_151001.csv
E2,ihawk2,marker_0_TL,0.0,20260808_151001,corner0,0,3,163.27289833333333,368.7977396666667,0.006258742871639408,0.02349056368701822,3.91718623332971e-05,5.122918116641817e-05,5.122918116641817e-05,0.0005518065823338589,E2\E2_dual_camera_height_scan\run_20260808_151001\raw\E2_dual_height_raw_20260808_151001.csv
E2,ihawk2,marker_0_TL,0.0,20260808_151001,corner1,0,3,177.070531,334.243062,0.03442725000636213,0.00978585780604185,0.0011852355430005616,-0.00018534570950038318,-0.00018534570950038318,9.57630130000702e-05,E2\E2_dual_camera_height_scan\run_20260808_151001\raw\E2_dual_height_raw_20260808_151001.csv
E2,ihawk2,marker_0_TL,0.0,20260808_151001,corner2,0,3,219.11666333333332,334.32514433333336,0.006113562000454821,0.007329461667366857,3.7375640333405156e-05,4.480911833340425e-05,4.480911833340425e-05,5.372100833340014e-05,E2\E2_dual_camera_height_scan\run_20260808_151001\raw\E2_dual_height_raw_20260808_151001.csv
E2,ihawk2,marker_0_TL,0.0,20260808_151001,corner3,0,3,209.504491,368.47075433333333,0.008814470091847635,0.00175449831384571,7.769488300007646e-05,-1.3599398499847232e-05,-1.3599398499847232e-05,3.0782643332874393e-06,E2\E2_dual_camera_height_scan\run_20260808_151001\raw\E2_dual_height_raw_20260808_151001.csv
E2,ihawk2,marker_0_TL,0.0,20260808_162715,marker_center,0,3,192.50757199999998,351.75183633333336,0.014263405308688887,0.014023438463259583,0.0002034447309999343,4.9551109999888525e-05,4.9551109999888525e-05,0.00019665682633282828,E2\E2_dual_camera_height_scan\run_20260808_162715\raw\E2_dual_height_raw_20260808_162715.csv
E2,ihawk2,marker_0_TL,0.0,20260808_162715,corner0,0,3,163.434484,369.4678139999999,0.03503408110683041,0.02488057388807892,0.0012273868389999713,0.0006056887315002282,0.0006056887315002282,0.0006190429570001546,E2\E2_dual_camera_height_scan\run_20260808_162715\raw\E2_dual_height_raw_20260808_162715.csv
E2,ihawk2,marker_0_TL,0.0,20260808_162715,corner1,0,3,177.19258100000002,334.38485733333334,0.054668829473473436,0.024928582677979615,0.0029886809159997176,-0.000953269120999889,-0.000953269120999889,0.0006214342343328653,E2\E2_dual_camera_height_scan\run_20260808_162715\raw\E2_dual_height_raw_20260808_162715.csv
E2,ihawk2,marker_0_TL,0.0,20260808_162715,corner2,0,3,219.40324933333332,334.5166523333333,0.012043869242623458,0.002839153453647378,0.00014505478633341137,3.326115883338879e-05,3.326115883338879e-05,8.060792333357835e-06,E2\E2_dual_camera_height_scan\run_20260808_162715\raw\E2_dual_height_raw_20260808_162715.csv
E2,ihawk2,marker_0_TL,0.0,20260808_162715,corner3,0,3,209.99997433333337,368.638021,0.013654911216604403,0.011663630138192055,0.00018645660033334875,-0.00015926583400032384,-0.00015926583400032384,0.000136040268000542,E2\E2_dual_camera_height_scan\run_20260808_162715\raw\E2_dual_height_raw_20260808_162715.csv
E2,ihawk2,marker_1_TR,0.0,20260808_131913,marker_center,1,3,215.16789733333334,275.9373806666667,0.0030665130577465613,0.0036150609031310984,9.403502333330165e-06,-8.640978333360634e-06,-8.640978333360634e-06,1.3068665333347031e-05,E2\E2_dual_camera_height_scan\run_20260808_131913\raw\E2_dual_height_raw_20260808_131913.csv
E2,ihawk2,marker_1_TR,0.0,20260808_131913,corner0,1,3,193.55100466666667,287.2985943333333,0.00014087346568760156,1.7897858332509213e-05,1.9845333334835857e-08,-2.5213333316862906e-09,-2.5213333316862906e-09,3.203333328905695e-10,E2\E2_dual_camera_height_scan\run_20260808_131913\raw\E2_dual_height_raw_20260808_131913.csv
E2,ihawk2,marker_1_TR,0.0,20260808_131913,corner1,1,3,201.81315600000002,265.29824833333333,0.01353488607267503,0.011291991601719302,0.00018319314100029253,-0.00013997274300000598,-0.00013997274300000598,0.00012750907433329927,E2\E2_dual_camera_height_scan\run_20260808_131913\raw\E2_dual_height_raw_20260808_131913.csv
E2,ihawk2,marker_1_TR,0.0,20260808_131913,corner2,1,3,235.42915333333335,264.66734833333334,0.009025456128813435,0.0035504493142843405,8.145885833313599e-05,3.204367083325378e-05,3.204367083325378e-05,1.2605690333302145e-05,E2\E2_dual_camera_height_scan\run_20260808_131913\raw\E2_dual_height_raw_20260808_131913.csv
E2,ihawk2,marker_1_TR,0.0,20260808_131913,corner3,1,3,229.87827533333336,286.48533133333336,0.006932822032434036,1.7897858332509213e-05,4.8064021333402803e-05,-1.24082666581003e-07,-1.24082666581003e-07,3.203333328905695e-10,E2\E2_dual_camera_height_scan\run_20260808_131913\raw\E2_dual_height_raw_20260808_131913.csv
E2,ihawk2,marker_1_TR,0.0,20260808_141232,marker_center,1,3,218.525931,273.6718396666667,0.024407199532108643,0.004633506267754519,0.0005957113890001644,-0.00010724186750008313,-0.00010724186750008313,2.146938033332041e-05,E2\E2_dual_camera_height_scan\run_20260808_141232\raw\E2_dual_height_raw_20260808_141232.csv
E2,ihawk2,marker_1_TR,0.0,20260808_141232,corner0,1,3,197.01013666666665,284.38168333333334,0.01761091526109702,0.003911548073729574,0.00031014433633353995,6.888594166615882e-05,6.888594166615882e-05,1.530020833309754e-05,E2\E2_dual_camera_height_scan\run_20260808_141232\raw\E2_dual_height_raw_20260808_141232.csv
E2,ihawk2,marker_1_TR,0.0,20260808_141232,corner1,1,3,205.570648,263.27701833333333,0.05202489561737995,0.03055550441957122,0.002706589763999279,-0.0015889903650007585,-0.0015889903650007585,0.0009336388503344362,E2\E2_dual_camera_height_scan\run_20260808_141232\raw\E2_dual_height_raw_20260808_141232.csv
E2,ihawk2,marker_1_TR,0.0,20260808_141232,corner2,1,3,238.77135233333334,262.7181296666667,0.012815728318498636,0.019777764315866527,0.00016424289233356787,0.00020341549466710698,0.00020341549466710698,0.00039115996133396336,E2\E2_dual_camera_height_scan\run_20260808_141232\raw\E2_dual_height_raw_20260808_141232.csv
E2,ihawk2,marker_1_TR,0.0,20260808_141232,corner3,1,3,232.75158666666667,284.3105266666667,0.017389536777429077,0.010508798044179674,0.0003023959893335584,-0.00017265128266678482,-0.00017265128266678482,0.00011043483633335455,E2\E2_dual_camera_height_scan\run_20260808_141232\raw\E2_dual_height_raw_20260808_141232.csv
E2,ihawk2,marker_1_TR,0.0,20260808_145501,marker_center,1,3,218.63685566666666,273.9508236666667,0.0032415499893406986,0.0038204132411565313,1.0507646333394684e-05,-8.651516666638186e-06,-8.651516666638186e-06,1.4595557333204154e-05,E2\E2_dual_camera_height_scan\run_20260808_145501\raw\E2_dual_height_raw_20260808_145501.csv
E2,ihawk2,marker_1_TR,0.0,20260808_145501,corner0,1,3,196.956533,284.548767,0.0019019190308720891,0.0036522865440678305,3.617295999993427e-06,5.826882000006817e-06,5.826882000006817e-06,1.3339196999978937e-05,E2\E2_dual_camera_height_scan\run_20260808_145501\raw\E2_dual_height_raw_20260808_145501.csv
E2,ihawk2,marker_1_TR,0.0,20260808_145501,corner1,1,3,205.79754133333336,263.443563,0.03449680600190664,0.013028118705317872,0.0011900296243331822,-0.0004402610124997919,-0.0004402610124997919,0.00016973187699985344,E2\E2_dual_camera_height_scan\run_20260808_145501\raw\E2_dual_height_raw_20260808_145501.csv
E2,ihawk2,marker_1_TR,0.0,20260808_145501,corner2,1,3,238.99583433333336,263.068044,0.0150649280228379,0.015713395972842444,0.00022695205633328666,6.078230600004681e-05,6.078230600004681e-05,0.00024691081299934117,E2\E2_dual_camera_height_scan\run_20260808_145501\raw\E2_dual_height_raw_20260808_145501.csv
E2,ihawk2,marker_1_TR,0.0,20260808_145501,corner3,1,3,232.79751566666667,284.74291966666664,0.04217160545122507,0.014166391542417,0.0017784443063337963,-0.0005860266276663701,-0.0005860266276663701,0.00020068664933306393,E2\E2_dual_camera_height_scan\run_20260808_145501\raw\E2_dual_height_raw_20260808_145501.csv
E2,ihawk2,marker_1_TR,0.0,20260808_151001,marker_center,1,3,218.31278333333333,274.38572200000004,0.0060320305315269,0.0030803175161007823,3.638539233327269e-05,1.7839690999970283e-05,1.7839690999970283e-05,9.488355999997293e-06,E2\E2_dual_camera_height_scan\run_20260808_151001\raw\E2_dual_height_raw_20260808_151001.csv
E2,ihawk2,marker_1_TR,0.0,20260808_151001,corner0,1,3,196.54296366666665,284.938263,0.026169715499669396,0.014880390821474352,0.0006848540093336367,0.0001494073909999826,0.0001494073909999826,0.00022142603099981815,E2\E2_dual_camera_height_scan\run_20260808_151001\raw\E2_dual_height_raw_20260808_151001.csv
E2,ihawk2,marker_1_TR,0.0,20260808_151001,corner1,1,3,205.5055033333333,263.86528533333336,0.002658584648511876,0.01136170345209164,7.068072333303016e-06,-2.005100566665047e-05,-2.005100566665047e-05,0.00012908830533327109,E2\E2_dual_camera_height_scan\run_20260808_151001\raw\E2_dual_height_raw_20260808_151001.csv
E2,ihawk2,marker_1_TR,0.0,20260808_151001,corner2,1,3,238.52754233333334,263.49115,0.009220846291599865,0.009082247904572668,8.5024006333311e-05,-8.367139850006044e-05,-8.367139850006044e-05,8.248722700011463e-05,E2\E2_dual_camera_height_scan\run_20260808_151001\raw\E2_dual_height_raw_20260808_151001.csv
E2,ihawk2,marker_1_TR,0.0,20260808_151001,corner3,1,3,232.6751253333333,285.24818933333336,0.009890475687912629,0.015456669574429269,9.782150933319079e-05,-0.0001387683406664523,-0.0001387683406664523,0.00023890863433308746,E2\E2_dual_camera_height_scan\run_20260808_151001\raw\E2_dual_height_raw_20260808_151001.csv
E2,ihawk2,marker_1_TR,0.0,20260808_162715,marker_center,1,3,218.12067633333334,274.6375556666667,0.003906257842657912,0.0009909370985677942,1.5258850333326446e-05,-2.314029333242383e-06,-2.314029333242383e-06,9.819563333179584e-07,E2\E2_dual_camera_height_scan\run_20260808_162715\raw\E2_dual_height_raw_20260808_162715.csv
E2,ihawk2,marker_1_TR,0.0,20260808_162715,corner0,1,3,196.39835633333334,285.163635,0.005729947411036865,0.00474678406923744,3.283229733324807e-05,7.995120000062761e-07,7.995120000062761e-07,2.253195899996635e-05,E2\E2_dual_camera_height_scan\run_20260808_162715\raw\E2_dual_height_raw_20260808_162715.csv
E2,ihawk2,marker_1_TR,0.0,20260808_162715,corner1,1,3,205.06623866666666,264.23107899999997,0.0035530187634231435,0.010184860872891685,1.2623942333236925e-05,-1.6097537999966217e-05,-1.6097537999966217e-05,0.00010373139100015997,E2\E2_dual_camera_height_scan\run_20260808_162715\raw\E2_dual_height_raw_20260808_162715.csv
E2,ihawk2,marker_1_TR,0.0,20260808_162715,corner2,1,3,238.42915833333333,263.64032000000003,0.014950787147626632,0.015061088307309773,0.00022352603633363766,-0.00021007709150045378,-0.00021007709150045378,0.0002268363810005832,E2\E2_dual_camera_height_scan\run_20260808_162715\raw\E2_dual_height_raw_20260808_162715.csv
E2,ihawk2,marker_1_TR,0.0,20260808_162715,corner3,1,3,232.5889536666667,285.5151876666667,0.0004839218256519067,0.004525450732623673,2.3418033334227438e-07,-8.014516666933895e-07,-8.014516666933895e-07,2.0479704333404136e-05,E2\E2_dual_camera_height_scan\run_20260808_162715\raw\E2_dual_height_raw_20260808_162715.csv
E2,ihawk2,marker_2_BL,0.0,20260808_131913,marker_center,2,3,392.156049,349.2492546666667,0.008835854005119523,0.009338624434763885,7.807231599978673e-05,5.9428475000009846e-05,5.9428475000009846e-05,8.720990633356908e-05,E2\E2_dual_camera_height_scan\run_20260808_131913\raw\E2_dual_height_raw_20260808_131913.csv
E2,ihawk2,marker_2_BL,0.0,20260808_131913,corner0,2,3,373.710388,367.1754353333333,0.01763931642666731,0.04283336253825887,0.0003111454840000952,0.0004742806120006275,0.0004742806120006275,0.0018346969463339182,E2\E2_dual_camera_height_scan\run_20260808_131913\raw\E2_dual_height_raw_20260808_131913.csv
E2,ihawk2,marker_2_BL,0.0,20260808_131913,corner1,2,3,367.33282499999996,332.78271466666666,0.004387284695587811,0.0010577056931432478,1.9248267000139035e-05,4.6404559999634695e-06,4.6404559999634695e-06,1.1187413333076384e-06,E2\E2_dual_camera_height_scan\run_20260808_131913\raw\E2_dual_height_raw_20260808_131913.csv
E2,ihawk2,marker_2_BL,0.0,20260808_131913,corner2,2,3,408.40071599999993,331.43540433333334,0.0030340177982237505,0.005202840794533553,9.205263999938495e-06,1.5785503999926566e-05,1.5785503999926566e-05,2.7069552333262536e-05,E2\E2_dual_camera_height_scan\run_20260808_131913\raw\E2_dual_height_raw_20260808_131913.csv
E2,ihawk2,marker_2_BL,0.0,20260808_131913,corner3,2,3,419.1802676666667,365.6034646666667,0.016717870388703118,0.005110037214477629,0.00027948719033347655,-8.061838116676214e-05,-8.061838116676214e-05,2.6112480333346282e-05,E2\E2_dual_camera_height_scan\run_20260808_131913\raw\E2_dual_height_raw_20260808_131913.csv
E2,ihawk2,marker_2_BL,0.0,20260808_141232,marker_center,2,3,392.108391,348.88306933333337,0.009544980460963498,0.00041239584542688483,9.110665200017496e-05,-1.4277320000430519e-06,-1.4277320000430519e-06,1.700703333253551e-07,E2\E2_dual_camera_height_scan\run_20260808_141232\raw\E2_dual_height_raw_20260808_141232.csv
E2,ihawk2,marker_2_BL,0.0,20260808_141232,corner0,2,3,372.96545433333335,366.186798,0.005290240290693937,0.004759521299460131,2.798664233328147e-05,-2.5113021999979538e-05,-2.5113021999979538e-05,2.265304300001466e-05,E2\E2_dual_camera_height_scan\run_20260808_141232\raw\E2_dual_height_raw_20260808_141232.csv
E2,ihawk2,marker_2_BL,0.0,20260808_141232,corner1,2,3,367.6793313333333,331.9740296666667,0.0038702849163041557,0.007901041598011409,1.4979105333371464e-05,-3.050320833341537e-05,-3.050320833341537e-05,6.242645833350667e-05,E2\E2_dual_camera_height_scan\run_20260808_141232\raw\E2_dual_height_raw_20260808_141232.csv
E2,ihawk2,marker_2_BL,0.0,20260808_141232,corner2,2,3,409.013326,331.6786906666667,0.00819369275722346,0.006848754217632432,6.713660099977618e-05,-5.231504950007668e-05,-5.231504950007668e-05,4.6905434333538033e-05,E2\E2_dual_camera_height_scan\run_20260808_141232\raw\E2_dual_height_raw_20260808_141232.csv
E2,ihawk2,marker_2_BL,0.0,20260808_141232,corner3,2,3,418.77545166666664,365.692759,0.028164465773973586,0.013839915570566023,0.0007932371323333296,0.0003587885575004922,0.0003587885575004922,0.00019154326300039584,E2\E2_dual_camera_height_scan\run_20260808_141232\raw\E2_dual_height_raw_20260808_141232.csv
E2,ihawk2,marker_2_BL,0.0,20260808_145501,marker_center,2,3,392.5977453333333,349.4839346666666,0.010510483353952266,0.010544834580673033,0.00011047026033370768,1.299234716687101e-05,1.299234716687101e-05,0.00011119353633375785,E2\E2_dual_camera_height_scan\run_20260808_145501\raw\E2_dual_height_raw_20260808_145501.csv
E2,ihawk2,marker_2_BL,0.0,20260808_145501,corner0,2,3,373.54844166666663,366.68426500000004,0.02567195462627412,0.023521393644922957,0.0006590492543334772,0.0005587992184997967,0.0005587992184997967,0.0005532559589994221,E2\E2_dual_camera_height_scan\run_20260808_145501\raw\E2_dual_height_raw_20260808_145501.csv
E2,ihawk2,marker_2_BL,0.0,20260808_145501,corner1,2,3,367.9964293333333,332.5726926666666,0.0279295291283789,0.00975225565363235,0.0007800585973329653,-0.000270404123333893,-0.000270404123333893,9.510649033380411e-05,E2\E2_dual_camera_height_scan\run_20260808_145501\raw\E2_dual_height_raw_20260808_145501.csv
E2,ihawk2,marker_2_BL,0.0,20260808_145501,corner2,2,3,409.5170593333334,332.36097233333334,0.01131144647395664,0.0008810365107906278,0.00012794882133318613,9.965797333409709e-06,9.965797333409709e-06,7.76225333346124e-07,E2\E2_dual_camera_height_scan\run_20260808_145501\raw\E2_dual_height_raw_20260808_145501.csv
E2,ihawk2,marker_2_BL,0.0,20260808_145501,corner3,2,3,419.3290506666667,366.31781,0.05770505170548623,0.009672685821437578,0.0033298729923328394,0.00027650959100060065,0.00027650959100060065,9.356085100023956e-05,E2\E2_dual_camera_height_scan\run_20260808_145501\raw\E2_dual_height_raw_20260808_145501.csv
E2,ihawk2,marker_2_BL,0.0,20260808_151001,marker_center,2,3,392.80094899999995,349.41459166666664,0.005608053762220873,0.014352908567036117,3.145026699995969e-05,-4.841170500094626e-06,-4.841170500094626e-06,0.00020600598433369877,E2\E2_dual_camera_height_scan\run_20260808_151001\raw\E2_dual_height_raw_20260808_151001.csv
E2,ihawk2,marker_2_BL,0.0,20260808_151001,corner0,2,3,373.7778523333333,366.65908800000005,0.01873286289743485,0.00799386789981592,0.00035092015233409126,6.76939630000968e-05,6.76939630000968e-05,6.390192399970738e-05,E2\E2_dual_camera_height_scan\run_20260808_151001\raw\E2_dual_height_raw_20260808_151001.csv
E2,ihawk2,marker_2_BL,0.0,20260808_151001,corner1,2,3,368.2921446666667,332.508494,0.022813101725382395,0.044953754314862454,0.0005204376103326452,-0.0004835703605006494,-0.0004835703605006494,0.002020840027001015,E2\E2_dual_camera_height_scan\run_20260808_151001\raw\E2_dual_height_raw_20260808_151001.csv
E2,ihawk2,marker_2_BL,0.0,20260808_151001,corner2,2,3,409.58039333333335,332.2708636666667,0.009787388943617716,0.0057561072204435895,9.57929823336503e-05,5.304377166668176e-05,5.304377166668176e-05,3.3132770333242826e-05,E2\E2_dual_camera_height_scan\run_20260808_151001\raw\E2_dual_height_raw_20260808_151001.csv
E2,ihawk2,marker_2_BL,0.0,20260808_151001,corner3,2,3,419.553406,366.21992,0.0078758712533957,0.007553071494440558,6.202934800006474e-05,5.92087220000796e-05,5.92087220000796e-05,5.7048889000130516e-05,E2\E2_dual_camera_height_scan\run_20260808_151001\raw\E2_dual_height_raw_20260808_151001.csv
E2,ihawk2,marker_2_BL,0.0,20260808_162715,marker_center,2,3,393.1877896666667,349.41278833333337,0.005714989442987692,0.011175493561047259,3.2661104333460767e-05,-4.7755746833173815e-05,-4.7755746833173815e-05,0.00012489165633300874,E2\E2_dual_camera_height_scan\run_20260808_162715\raw\E2_dual_height_raw_20260808_162715.csv
E2,ihawk2,marker_2_BL,0.0,20260808_162715,corner0,2,3,374.4233806666666,366.73986799999994,0.004372308009889246,0.007280822275005672,1.911707733334166e-05,2.7231088000078698e-05,2.7231088000078698e-05,5.301037300021877e-05,E2\E2_dual_camera_height_scan\run_20260808_162715\raw\E2_dual_height_raw_20260808_162715.csv
E2,ihawk2,marker_2_BL,0.0,20260808_162715,corner1,2,3,368.53260299999994,332.771749,0.01781797440788841,0.03107863203231483,0.0003174802120001664,-0.0005153068990000849,-0.0005153068990000849,0.0009658813690000254,E2\E2_dual_camera_height_scan\run_20260808_162715\raw\E2_dual_height_raw_20260808_162715.csv
E2,ihawk2,marker_2_BL,0.0,20260808_162715,corner2,2,3,409.9369713333333,331.967916,0.0032066033950894713,0.0005109549882227055,1.0282305333399324e-05,1.638429999972828e-06,1.638429999972828e-06,2.6107499998966506e-07,E2\E2_dual_camera_height_scan\run_20260808_162715\raw\E2_dual_height_raw_20260808_162715.csv
E2,ihawk2,marker_2_BL,0.0,20260808_162715,corner3,2,3,419.858205,366.1716206666667,0.0049143016797800875,0.006702474269499918,2.415036099988939e-05,-1.545050600011216e-05,-1.545050600011216e-05,4.492316133330846e-05,E2\E2_dual_camera_height_scan\run_20260808_162715\raw\E2_dual_height_raw_20260808_162715.csv
E2,ihawk2,marker_3_BR,0.0,20260808_131913,marker_center,3,3,373.13986466666665,273.31594866666666,0.025359560748017537,0.014789511767914333,0.0006431073213323918,3.64500283334734e-05,3.64500283334734e-05,0.0002187296583332765,E2\E2_dual_camera_height_scan\run_20260808_131913\raw\E2_dual_height_raw_20260808_131913.csv
E2,ihawk2,marker_3_BR,0.0,20260808_131913,corner0,3,3,358.10881566666666,284.31896966666665,0.009796751315276273,0.01038590122877222,9.597633633336738e-05,4.8657866833175055e-05,4.8657866833175055e-05,0.00010786694433381229,E2\E2_dual_camera_height_scan\run_20260808_131913\raw\E2_dual_height_raw_20260808_131913.csv
E2,ihawk2,marker_3_BR,0.0,20260808_131913,corner1,3,3,354.10315966666667,263.1739096666667,0.05599248648108944,0.05661840702753701,0.0031351585423349836,-0.002803432206168327,-0.002803432206168327,0.0032056440143358525,E2\E2_dual_camera_height_scan\run_20260808_131913\raw\E2_dual_height_raw_20260808_131913.csv
E2,ihawk2,marker_3_BR,0.0,20260808_131913,corner2,3,3,386.9063213333333,262.3215333333333,0.06188418437964427,0.026766582623350552,0.0038296522763338076,0.001534032966332272,0.001534032966332272,0.0007164499453326516,E2\E2_dual_camera_height_scan\run_20260808_131913\raw\E2_dual_height_raw_20260808_131913.csv
E2,ihawk2,marker_3_BR,0.0,20260808_131913,corner3,3,3,393.441162,283.4493816666666,0.005127751066489475,0.004721510386863515,2.629383099988395e-05,1.8178845499905817e-05,1.8178845499905817e-05,2.2292660333260063e-05,E2\E2_dual_camera_height_scan\run_20260808_131913\raw\E2_dual_height_raw_20260808_131913.csv
E2,ihawk2,marker_3_BR,0.0,20260808_141232,marker_center,3,3,375.4229,272.8056463333333,0.007866277327925747,0.001201110458412557,6.187831899983864e-05,-6.392302499976627e-06,-6.392302499976627e-06,1.4426663333080228e-06,E2\E2_dual_camera_height_scan\run_20260808_141232\raw\E2_dual_height_raw_20260808_141232.csv
E2,ihawk2,marker_3_BR,0.0,20260808_141232,corner0,3,3,360.0178936666667,283.6511536666667,0.022371698110177772,0.007109507038686182,0.0005004928763329316,-0.00015633079466631985,-0.00015633079466631985,5.0545090333128366e-05,E2\E2_dual_camera_height_scan\run_20260808_141232\raw\E2_dual_height_raw_20260808_141232.csv
E2,ihawk2,marker_3_BR,0.0,20260808_141232,corner1,3,3,356.7703246666667,262.32930533333337,0.023548906584680444,0.011234609042303325,0.000554551001334006,-0.0002539836363336182,-0.0002539836363336182,0.00012621644033340362,E2\E2_dual_camera_height_scan\run_20260808_141232\raw\E2_dual_height_raw_20260808_141232.csv
E2,ihawk2,marker_3_BR,0.0,20260808_141232,corner2,3,3,389.454173,261.7960306666667,0.007364680033764144,0.005990586393116138,5.4238511999724225e-05,4.4118751999921575e-05,4.4118751999921575e-05,3.5887125333388217e-05,E2\E2_dual_camera_height_scan\run_20260808_141232\raw\E2_dual_height_raw_20260808_141232.csv
E2,ihawk2,marker_3_BR,0.0,20260808_141232,corner3,3,3,395.4492083333333,283.4460956666667,0.012906096634282558,0.007356706214953014,0.00016656733033343956,9.494001616651462e-05,9.494001616651462e-05,5.4121126333128304e-05,E2\E2_dual_camera_height_scan\run_20260808_141232\raw\E2_dual_height_raw_20260808_141232.csv
E2,ihawk2,marker_3_BR,0.0,20260808_145501,marker_center,3,3,375.78935,273.205424,0.001440976058080154,0.0019951082677518214,2.076411999960219e-06,1.6098809999707286e-06,1.6098809999707286e-06,3.9804570000516725e-06,E2\E2_dual_camera_height_scan\run_20260808_145501\raw\E2_dual_height_raw_20260808_145501.csv
E2,ihawk2,marker_3_BR,0.0,20260808_145501,corner0,3,3,360.477478,283.871155,0.0,0.0,0.0,0.0,0.0,0.0,E2\E2_dual_camera_height_scan\run_20260808_145501\raw\E2_dual_height_raw_20260808_145501.csv
E2,ihawk2,marker_3_BR,0.0,20260808_145501,corner1,3,3,357.13114433333334,262.58346566666665,0.01239593926786973,0.009867892801078228,0.0001536593103327147,-1.3060633334075683e-06,-1.3060633334075683e-06,9.73753083335715e-05,E2\E2_dual_camera_height_scan\run_20260808_145501\raw\E2_dual_height_raw_20260808_145501.csv
E2,ihawk2,marker_3_BR,0.0,20260808_145501,corner2,3,3,389.83630366666665,262.70334866666667,0.006810927200709856,0.0020716950386715643,4.63887293333694e-05,-4.88877966658026e-06,-4.88877966658026e-06,4.291920333256375e-06,E2\E2_dual_camera_height_scan\run_20260808_145501\raw\E2_dual_height_raw_20260808_145501.csv
E2,ihawk2,marker_3_BR,0.0,20260808_145501,corner3,3,3,395.7124733333333,283.663727,0.0013926142083755832,0.0019597390132232483,1.939374333369552e-06,-2.028037500015596e-06,-2.028037500015596e-06,3.840576999949231e-06,E2\E2_dual_camera_height_scan\run_20260808_145501\raw\E2_dual_height_raw_20260808_145501.csv
E2,ihawk2,marker_3_BR,0.0,20260808_151001,marker_center,3,3,375.4981026666667,273.186943,0.007829196276328736,0.003429216236967466,6.129631433327973e-05,2.273478699990473e-05,2.273478699990473e-05,1.1759523999881309e-05,E2\E2_dual_camera_height_scan\run_20260808_151001\raw\E2_dual_height_raw_20260808_151001.csv
E2,ihawk2,marker_3_BR,0.0,20260808_151001,corner0,3,3,360.13801066666673,283.8743793333333,0.0362373853545514,0.023049277436252923,0.0013131480973342564,0.0006328860576674656,0.0006328860576674656,0.000531269190333358,E2\E2_dual_camera_height_scan\run_20260808_151001\raw\E2_dual_height_raw_20260808_151001.csv
E2,ihawk2,marker_3_BR,0.0,20260808_151001,corner1,3,3,356.7733866666667,262.65781666666663,0.0037516863319375844,0.01764037540228438,1.4075150333247287e-05,6.522496383316112e-05,6.522496383316112e-05,0.0003111828443335198,E2\E2_dual_camera_height_scan\run_20260808_151001\raw\E2_dual_height_raw_20260808_151001.csv
E2,ihawk2,marker_3_BR,0.0,20260808_151001,corner2,3,3,389.45488466666666,262.66209899999996,0.03679770168546979,0.011626515428129229,0.0013540708493328263,0.00042157222700070875,0.00042157222700070875,0.000135175861000527,E2\E2_dual_camera_height_scan\run_20260808_151001\raw\E2_dual_height_raw_20260808_151001.csv
E2,ihawk2,marker_3_BR,0.0,20260808_151001,corner3,3,3,395.626129,283.553477,0.012748646555618835,0.0031912655796490596,0.00016252798900009196,-2.4631441999820247e-05,-2.4631441999820247e-05,1.0184175999852848e-05,E2\E2_dual_camera_height_scan\run_20260808_151001\raw\E2_dual_height_raw_20260808_151001.csv
E2,ihawk2,marker_3_BR,0.0,20260808_162715,marker_center,3,3,375.48898833333334,273.1510543333334,0.011075308317754499,0.006425934199259812,0.000122662454333322,-6.522473166662603e-05,-6.522473166662603e-05,4.1292630333216846e-05,E2\E2_dual_camera_height_scan\run_20260808_162715\raw\E2_dual_height_raw_20260808_162715.csv
E2,ihawk2,marker_3_BR,0.0,20260808_162715,corner0,3,3,360.2470906666667,283.9464923333333,0.000839547695699017,0.03492900122152472,7.048403333535292e-07,2.491939066714019e-05,2.491939066714019e-05,0.0012200351263332756,E2\E2_dual_camera_height_scan\run_20260808_162715\raw\E2_dual_height_raw_20260808_162715.csv
E2,ihawk2,marker_3_BR,0.0,20260808_162715,corner1,3,3,356.67568966666664,262.8646033333333,0.017451441268083845,0.019146097078357526,0.00030455280233337984,-4.897661833361855e-05,-4.897661833361855e-05,0.00036657303333389064,E2\E2_dual_camera_height_scan\run_20260808_162715\raw\E2_dual_height_raw_20260808_162715.csv
E2,ihawk2,marker_3_BR,0.0,20260808_162715,corner2,3,3,389.38381966666674,262.11753300000004,0.03639416060761864,0.03385812338272728,0.00132453492633314,0.0011884474820000712,0.0011884474820000712,0.0011463725189999837,E2\E2_dual_camera_height_scan\run_20260808_162715\raw\E2_dual_height_raw_20260808_162715.csv
E2,ihawk2,marker_3_BR,0.0,20260808_162715,corner3,3,3,395.649353,283.675588,0.010422194730495549,0.045028495189169356,0.00010862214300036919,0.0002949706275011413,0.0002949706275011413,0.002027565379001048,E2\E2_dual_camera_height_scan\run_20260808_162715\raw\E2_dual_height_raw_20260808_162715.csv
E2,ihawk2,marker_4_C,0.0,20260808_131913,marker_center,4,3,293.5541916666666,308.4323733333334,0.004636213361506691,0.005179520859433306,2.1494474333413172e-05,5.9797106667652155e-06,5.9797106667652155e-06,2.6827436333304732e-05,E2\E2_dual_camera_height_scan\run_20260808_131913\raw\E2_dual_height_raw_20260808_131913.csv
E2,ihawk2,marker_4_C,0.0,20260808_131913,corner0,4,3,272.778951,321.69211866666666,0.03038109958512346,0.039883445905945454,0.0009230112120011888,0.001015975399999839,0.001015975399999839,0.0015906892573324773,E2\E2_dual_camera_height_scan\run_20260808_131913\raw\E2_dual_height_raw_20260808_131913.csv
E2,ihawk2,marker_4_C,0.0,20260808_131913,corner1,4,3,275.59659833333336,295.65172333333334,0.0034428834330246716,0.013198548455554278,1.1853446333395747e-05,-4.483616566674963e-05,-4.483616566674963e-05,0.00017420168133361422,E2\E2_dual_camera_height_scan\run_20260808_131913\raw\E2_dual_height_raw_20260808_131913.csv
E2,ihawk2,marker_4_C,0.0,20260808_131913,corner2,4,3,312.557892,295.1260986666667,0.024199739853950752,0.018802561164208816,0.0005856274089988924,-0.0004164590454998369,-0.0004164590454998369,0.00035353630633381357,E2\E2_dual_camera_height_scan\run_20260808_131913\raw\E2_dual_height_raw_20260808_131913.csv
E2,ihawk2,marker_4_C,0.0,20260808_131913,corner3,4,3,313.28332500000005,321.259552,0.010137619296472894,0.03418905969750875,0.00010277132500021956,0.0002918394674999356,0.0002918394674999356,0.0011688918029998175,E2\E2_dual_camera_height_scan\run_20260808_131913\raw\E2_dual_height_raw_20260808_131913.csv
E2,ihawk2,marker_4_C,0.0,20260808_141232,marker_center,4,3,295.15911866666664,306.64046233333335,0.006130003289843617,0.009848636166145392,3.757694033349357e-05,-1.427932283335918e-05,-1.427932283335918e-05,9.699563433310699e-05,E2\E2_dual_camera_height_scan\run_20260808_141232\raw\E2_dual_height_raw_20260808_141232.csv
E2,ihawk2,marker_4_C,0.0,20260808_141232,corner0,4,3,274.24886066666664,319.6507363333333,0.010438000111758041,0.008842138221786481,0.00010895184633306088,-8.177535583302759e-05,-8.177535583302759e-05,7.818340833317738e-05,E2\E2_dual_camera_height_scan\run_20260808_141232\raw\E2_dual_height_raw_20260808_141232.csv
E2,ihawk2,marker_4_C,0.0,20260808_141232,corner1,4,3,277.67950433333334,293.7888996666666,0.0063567776690224695,0.030890061060715183,4.040862233338274e-05,0.0001957040921669413,0.0001957040921669413,0.0009541958723347124,E2\E2_dual_camera_height_scan\run_20260808_141232\raw\E2_dual_height_raw_20260808_141232.csv
E2,ihawk2,marker_4_C,0.0,20260808_141232,corner2,4,3,314.3481953333333,293.5997213333333,0.004956184957528204,0.0029755117766998456,2.456376933322885e-05,-1.4338271666580093e-05,-1.4338271666580093e-05,8.853670333279471e-06,E2\E2_dual_camera_height_scan\run_20260808_141232\raw\E2_dual_height_raw_20260808_141232.csv
E2,ihawk2,marker_4_C,0.0,20260808_141232,corner3,4,3,314.35991399999995,319.52249166666667,0.019004768059604663,0.017841902934742478,0.0003611812089993696,-0.0003187273524992624,-0.0003187273524992624,0.0003183335003327722,E2\E2_dual_camera_height_scan\run_20260808_141232\raw\E2_dual_height_raw_20260808_141232.csv
E2,ihawk2,marker_4_C,0.0,20260808_145501,marker_center,4,3,295.34979266666664,307.2357836666667,0.005391641895881205,0.004898228693443626,2.906980233342148e-05,-4.682157166683783e-06,-4.682157166683783e-06,2.399264433327445e-05,E2\E2_dual_camera_height_scan\run_20260808_145501\raw\E2_dual_height_raw_20260808_145501.csv
E2,ihawk2,marker_4_C,0.0,20260808_145501,corner0,4,3,274.464549,320.43131500000004,0.002462359234558703,0.0027834056477589347,6.063213000016523e-06,-6.742168500003648e-06,-6.742168500003648e-06,7.747346999976334e-06,E2\E2_dual_camera_height_scan\run_20260808_145501\raw\E2_dual_height_raw_20260808_145501.csv
E2,ihawk2,marker_4_C,0.0,20260808_145501,corner1,4,3,277.73305266666665,294.37752266666666,0.021469501865072137,0.018981532138717266,0.00046093951033433593,-0.0004075230016670089,-0.0004075230016670089,0.00036029856233315644,E2\E2_dual_camera_height_scan\run_20260808_145501\raw\E2_dual_height_raw_20260808_145501.csv
E2,ihawk2,marker_4_C,0.0,20260808_145501,corner2,4,3,314.57580566666667,294.00302133333327,0.004071330781612944,0.019829961733026213,1.6575734333309065e-05,6.160646116658339e-05,6.160646116658339e-05,0.00039322738233328396,E2\E2_dual_camera_height_scan\run_20260808_145501\raw\E2_dual_height_raw_20260808_145501.csv
E2,ihawk2,marker_4_C,0.0,20260808_145501,corner3,4,3,314.62576299999995,320.13127633333335,0.013796324111884434,0.012037196572843618,0.00019033855900016383,-6.306912000242478e-06,-6.306912000242478e-06,0.00014489410133327813,E2\E2_dual_camera_height_scan\run_20260808_145501\raw\E2_dual_height_raw_20260808_145501.csv
E2,ihawk2,marker_4_C,0.0,20260808_151001,marker_center,4,3,295.35727433333335,307.42910033333334,0.0055364272173766,0.002270364361371633,3.065202633330841e-05,-7.908179166685356e-06,-7.908179166685356e-06,5.154554333386423e-06,E2\E2_dual_camera_height_scan\run_20260808_151001\raw\E2_dual_height_raw_20260808_151001.csv
E2,ihawk2,marker_4_C,0.0,20260808_151001,corner0,4,3,274.5778603333333,320.63012699999996,0.00019341234018248386,0.005603184362483438,3.7408333334864864e-08,-1.0837250000218208e-06,-1.0837250000218208e-06,3.139567499997893e-05,E2\E2_dual_camera_height_scan\run_20260808_151001\raw\E2_dual_height_raw_20260808_151001.csv
E2,ihawk2,marker_4_C,0.0,20260808_151001,corner1,4,3,277.699229,294.5660196666667,0.007514766064219667,0.0056772819494306835,5.647170899994754e-05,2.0154168999899616e-05,2.0154168999899616e-05,3.223153033333146e-05,E2\E2_dual_camera_height_scan\run_20260808_151001\raw\E2_dual_height_raw_20260808_151001.csv
E2,ihawk2,marker_4_C,0.0,20260808_151001,corner2,4,3,314.52937833333334,294.1897073333334,0.0065027063852790105,0.013379857635014739,4.228519033314842e-05,8.462171433317005e-05,8.462171433317005e-05,0.0001790205903332622,E2\E2_dual_camera_height_scan\run_20260808_151001\raw\E2_dual_height_raw_20260808_151001.csv
E2,ihawk2,marker_4_C,0.0,20260808_151001,corner3,4,3,314.62263,320.33054599999997,0.01833865346747412,0.0024584887634316673,0.00033630621100010045,2.5156786999522874e-05,2.5156786999522874e-05,6.0441669999197684e-06,E2\E2_dual_camera_height_scan\run_20260808_151001\raw\E2_dual_height_raw_20260808_151001.csv
E2,ihawk2,marker_4_C,0.0,20260808_162715,marker_center,4,3,295.4767023333333,307.48792233333336,0.007738677492521858,0.014031720148757438,5.988712933326439e-05,-0.00010833380166651943,-0.00010833380166651943,0.00019688917033304544,E2\E2_dual_camera_height_scan\run_20260808_162715\raw\E2_dual_height_raw_20260808_162715.csv
E2,ihawk2,marker_4_C,0.0,20260808_162715,corner0,4,3,274.7328996666667,320.6590166666667,0.02377653835890474,0.010369470108606985,0.0005653237763324684,8.38024088337806e-05,8.38024088337806e-05,0.00010752591033329377,E2\E2_dual_camera_height_scan\run_20260808_162715\raw\E2_dual_height_raw_20260808_162715.csv
E2,ihawk2,marker_4_C,0.0,20260808_162715,corner1,4,3,277.735443,294.766744,0.002097401487568554,0.010656330841332471,4.399093000054784e-06,-1.7773133500050533e-05,-1.7773133500050533e-05,0.00011355738699993362,E2\E2_dual_camera_height_scan\run_20260808_162715\raw\E2_dual_height_raw_20260808_162715.csv
E2,ihawk2,marker_4_C,0.0,20260808_162715,corner2,4,3,314.57159433333334,294.14054366666664,0.0032172165505548155,0.016342631560831076,1.0350482333163824e-05,-5.241724283287925e-05,-5.241724283287925e-05,0.000267081606333072,E2\E2_dual_camera_height_scan\run_20260808_162715\raw\E2_dual_height_raw_20260808_162715.csv
E2,ihawk2,marker_4_C,0.0,20260808_162715,corner3,4,3,314.86687233333333,320.3853863333334,0.04308409050141917,0.02622751611062311,0.0018562388543344776,-0.0010974087406666973,-0.0010974087406666973,0.0006878826013329949,E2\E2_dual_camera_height_scan\run_20260808_162715\raw\E2_dual_height_raw_20260808_162715.csv
E2,ihawk2,marker_0_TL,5.0,20260808_131913,marker_center,0,3,191.30507033333333,350.8604886666667,0.018136863023514575,0.0029485101887899174,0.00032894580033373025,5.339813416690425e-05,5.339813416690425e-05,8.693712333397954e-06,E2\E2_dual_camera_height_scan\run_20260808_131913\raw\E2_dual_height_raw_20260808_131913.csv
E2,ihawk2,marker_0_TL,5.0,20260808_131913,corner0,0,3,162.104726,368.76589966666666,0.05874834742356228,0.029038452512728363,0.0034513683249995774,0.0015309969625006375,0.0015309969625006375,0.0008432317243339801,E2\E2_dual_camera_height_scan\run_20260808_131913\raw\E2_dual_height_raw_20260808_131913.csv
E2,ihawk2,marker_0_TL,5.0,20260808_131913,corner1,0,3,175.59524033333332,333.5993956666667,0.02128299227865674,0.019664221528805852,0.00045296576033336246,-0.0003762386608334341,-0.0003762386608334341,0.00038668160833395157,E2\E2_dual_camera_height_scan\run_20260808_131913\raw\E2_dual_height_raw_20260808_131913.csv
E2,ihawk2,marker_0_TL,5.0,20260808_131913,corner2,0,3,218.278824,333.241241,0.0,0.0,0.0,0.0,0.0,0.0,E2\E2_dual_camera_height_scan\run_20260808_131913\raw\E2_dual_height_raw_20260808_131913.csv
E2,ihawk2,marker_0_TL,5.0,20260808_131913,corner3,0,3,209.24149066666666,367.8354186666667,0.005981343522430019,0.03018228537293789,3.5776470333315545e-05,-1.4446393166805118e-05,-1.4446393166805118e-05,0.0009109703503334604,E2\E2_dual_camera_height_scan\run_20260808_131913\raw\E2_dual_height_raw_20260808_131913.csv
E2,ihawk2,marker_0_TL,5.0,20260808_141232,marker_center,0,3,188.82680100000002,347.4521913333333,0.008942940176470043,0.007942607275526519,7.997617899992204e-05,1.3318786000058608e-05,1.3318786000058608e-05,6.30850103332468e-05,E2\E2_dual_camera_height_scan\run_20260808_141232\raw\E2_dual_height_raw_20260808_141232.csv
E2,ihawk2,marker_0_TL,5.0,20260808_141232,corner0,0,3,159.63169866666667,364.6478273333334,0.022521303455464034,0.025266653465263352,0.0005072091093330962,7.677075466620318e-05,7.677075466620318e-05,0.0006384037773337045,E2\E2_dual_camera_height_scan\run_20260808_141232\raw\E2_dual_height_raw_20260808_141232.csv
E2,ihawk2,marker_0_TL,5.0,20260808_141232,corner1,0,3,173.55650833333334,330.50368233333336,0.027524285936837905,0.014679683386667362,0.0007575863163328129,9.264093233305864e-05,9.264093233305864e-05,0.00021549310433279775,E2\E2_dual_camera_height_scan\run_20260808_141232\raw\E2_dual_height_raw_20260808_141232.csv
E2,ihawk2,marker_0_TL,5.0,20260808_141232,corner2,0,3,215.72315433333333,330.35497,0.005082991769944202,0.0015155444566361577,2.58368053333205e-05,-7.703500000066148e-06,-7.703500000066148e-06,2.2968750000405864e-06,E2\E2_dual_camera_height_scan\run_20260808_141232\raw\E2_dual_height_raw_20260808_141232.csv
E2,ihawk2,marker_0_TL,5.0,20260808_141232,corner3,0,3,206.39584333333335,364.3022866666667,0.01630427889645359,0.009896733417328241,0.00026582951033334186,-2.0386176833729867e-05,-2.0386176833729867e-05,9.794533233366152e-05,E2\E2_dual_camera_height_scan\run_20260808_141232\raw\E2_dual_height_raw_20260808_141232.csv
E2,ihawk2,marker_0_TL,5.0,20260808_145501,marker_center,0,3,191.58223333333333,347.253792,0.0023985540088421304,0.0050719985213127155,5.753061333332655e-06,1.0159948000014912e-05,1.0159948000014912e-05,2.5725169000198373e-05,E2\E2_dual_camera_height_scan\run_20260808_145501\raw\E2_dual_height_raw_20260808_145501.csv
E2,ihawk2,marker_0_TL,5.0,20260808_145501,corner0,0,3,162.376755,364.26707966666663,0.02545697018499496,0.020692135373949684,0.0006480573309997223,-0.0004630926615004465,-0.0004630926615004465,0.00042816446633385985,E2\E2_dual_camera_height_scan\run_20260808_145501\raw\E2_dual_height_raw_20260808_145501.csv
E2,ihawk2,marker_0_TL,5.0,20260808_145501,corner1,0,3,176.483846,330.14444966666673,0.0016895836765406678,0.03238387963684595,2.8546930000326798e-06,5.448726950032734e-05,5.448726950032734e-05,0.0010487156603337256,E2\E2_dual_camera_height_scan\run_20260808_145501\raw\E2_dual_height_raw_20260808_145501.csv
E2,ihawk2,marker_0_TL,5.0,20260808_145501,corner2,0,3,218.67791766666667,330.341146,0.014434560829246011,0.0007680963481300885,0.0002083565463332033,1.0065503000126357e-05,1.0065503000126357e-05,5.89972000010778e-07,E2\E2_dual_camera_height_scan\run_20260808_145501\raw\E2_dual_height_raw_20260808_145501.csv
E2,ihawk2,marker_0_TL,5.0,20260808_145501,corner3,0,3,208.79041533333336,364.2624916666667,0.006862044617562163,0.0057515410398795,4.708765633341386e-05,1.8582105666672318e-05,1.8582105666672318e-05,3.3080224333418156e-05,E2\E2_dual_camera_height_scan\run_20260808_145501\raw\E2_dual_height_raw_20260808_145501.csv
E2,ihawk2,marker_0_TL,5.0,20260808_151001,marker_center,0,3,190.99356333333333,347.9108123333333,0.015925691581002904,0.013319780190891051,0.0002536276523332268,0.00021159466783347237,0.00021159466783347237,0.00017741654433365363,E2\E2_dual_camera_height_scan\run_20260808_151001\raw\E2_dual_height_raw_20260808_151001.csv
E2,ihawk2,marker_0_TL,5.0,20260808_151001,corner0,0,3,161.59901433333334,364.9409993333333,0.0012748667904395274,4.6918368825900024e-05,1.6252853333655817e-06,-1.7334666678743633e-08,-1.7334666678743633e-08,2.2013333332831874e-09,E2\E2_dual_camera_height_scan\run_20260808_151001\raw\E2_dual_height_raw_20260808_151001.csv
E2,ihawk2,marker_0_TL,5.0,20260808_151001,corner1,0,3,175.85784933333332,330.7520856666667,0.006960000886024772,0.016968323498028338,4.844161233346561e-05,6.90532161668547e-05,6.90532161668547e-05,0.0002879240023337407,E2\E2_dual_camera_height_scan\run_20260808_151001\raw\E2_dual_height_raw_20260808_151001.csv
E2,ihawk2,marker_0_TL,5.0,20260808_151001,corner2,0,3,218.28587866666666,331.00993833333337,0.06874675634771746,0.060990689488897104,0.004726116508332431,0.004044780669165165,0.004044780669165165,0.0037198642043310636,E2\E2_dual_camera_height_scan\run_20260808_151001\raw\E2_dual_height_raw_20260808_151001.csv
E2,ihawk2,marker_0_TL,5.0,20260808_151001,corner3,0,3,208.23151133333332,364.9402263333333,0.0011454629340682352,0.0014093120070781105,1.31208533332421e-06,-1.614314666645286e-06,-1.614314666645286e-06,1.986160333294532e-06,E2\E2_dual_camera_height_scan\run_20260808_151001\raw\E2_dual_height_raw_20260808_151001.csv
E2,ihawk2,marker_0_TL,5.0,20260808_162715,marker_center,0,3,192.072679,346.587288,0.01816635678940885,0.003859102615899484,0.00033001651900010096,-4.9911402500043796e-05,-4.9911402500043796e-05,1.489267300004224e-05,E2\E2_dual_camera_height_scan\run_20260808_162715\raw\E2_dual_height_raw_20260808_162715.csv
E2,ihawk2,marker_0_TL,5.0,20260808_162715,corner0,0,3,162.60729466666666,363.37217200000003,0.04706097514217043,0.004775264076455425,0.0022147353813319836,0.0002247285839993682,0.0002247285839993682,2.2803146999885678e-05,E2\E2_dual_camera_height_scan\run_20260808_162715\raw\E2_dual_height_raw_20260808_162715.csv
E2,ihawk2,marker_0_TL,5.0,20260808_162715,corner1,0,3,177.33804333333333,329.483704,0.005907419938803558,0.005867401383921816,3.489761033337383e-05,-3.465885350004435e-05,-3.465885350004435e-05,3.442639900004764e-05,E2\E2_dual_camera_height_scan\run_20260808_162715\raw\E2_dual_height_raw_20260808_162715.csv
E2,ihawk2,marker_0_TL,5.0,20260808_162715,corner2,0,3,219.23862700000004,330.054769,0.023742166055358498,0.013824158455420711,0.0005636904490002173,-0.0003111088975006582,-0.0003111088975006582,0.00019110735700057993,E2\E2_dual_camera_height_scan\run_20260808_162715\raw\E2_dual_height_raw_20260808_162715.csv
E2,ihawk2,marker_0_TL,5.0,20260808_162715,corner3,0,3,209.10675066666667,363.438507,0.04755537447369485,0.021871417672399782,0.0022615136413333477,-0.0010161288290004228,-0.0010161288290004228,0.00047835891100056157,E2\E2_dual_camera_height_scan\run_20260808_162715\raw\E2_dual_height_raw_20260808_162715.csv
E2,ihawk2,marker_1_TR,5.0,20260808_131913,marker_center,1,3,216.53978700000002,273.34528600000004,0.02552235857047125,0.011458399408289098,0.0006513907869997071,-0.00020622986149985116,-0.00020622986149985116,0.00013129491699987995,E2\E2_dual_camera_height_scan\run_20260808_131913\raw\E2_dual_height_raw_20260808_131913.csv
E2,ihawk2,marker_1_TR,5.0,20260808_131913,corner0,1,3,194.82962033333334,284.45576,0.019742492454945648,0.00990213446687853,0.0003897660083335858,0.00019549281500020664,0.00019549281500020664,9.805226700014376e-05,E2\E2_dual_camera_height_scan\run_20260808_131913\raw\E2_dual_height_raw_20260808_131913.csv
E2,ihawk2,marker_1_TR,5.0,20260808_131913,corner1,1,3,203.222158,262.52533999999997,0.08276790306030872,0.05083293310443981,0.0068505257770006605,-0.004060408468000256,-0.004060408468000256,0.0025839870880004522,E2\E2_dual_camera_height_scan\run_20260808_131913\raw\E2_dual_height_raw_20260808_131913.csv
E2,ihawk2,marker_1_TR,5.0,20260808_131913,corner2,1,3,236.78119900000002,262.2757163333333,0.0004936344801579281,0.017619575515113,2.43675000000788e-07,-8.697630000006166e-06,-8.697630000006166e-06,0.00031044944133276956,E2\E2_dual_camera_height_scan\run_20260808_131913\raw\E2_dual_height_raw_20260808_131913.csv
E2,ihawk2,marker_1_TR,5.0,20260808_131913,corner3,1,3,231.326172,284.124329,0.0,0.0,0.0,0.0,0.0,0.0,E2\E2_dual_camera_height_scan\run_20260808_131913\raw\E2_dual_height_raw_20260808_131913.csv
E2,ihawk2,marker_1_TR,5.0,20260808_141232,marker_center,1,3,214.66908033333334,271.04693100000003,0.002384604858962436,0.004528064928856551,5.68634033338726e-06,1.0788398000036534e-05,1.0788398000036534e-05,2.050337199994068e-05,E2\E2_dual_camera_height_scan\run_20260808_141232\raw\E2_dual_height_raw_20260808_141232.csv
E2,ihawk2,marker_1_TR,5.0,20260808_141232,corner0,1,3,192.8260343333333,281.8137003333334,0.009080740131362489,0.02224437646537906,8.245984133333722e-05,-4.7203101666729846e-05,-4.7203101666729846e-05,0.0004948122843335099,E2\E2_dual_camera_height_scan\run_20260808_141232\raw\E2_dual_height_raw_20260808_141232.csv
E2,ihawk2,marker_1_TR,5.0,20260808_141232,corner1,1,3,201.66024266666668,260.6358133333333,0.014526506611479247,0.00259963792350777,0.0002110193943333503,-3.4569959333343186e-05,-3.4569959333343186e-05,6.75811733333979e-06,E2\E2_dual_camera_height_scan\run_20260808_141232\raw\E2_dual_height_raw_20260808_141232.csv
E2,ihawk2,marker_1_TR,5.0,20260808_141232,corner2,1,3,234.9298706666667,260.098236,0.013935035749264711,0.01145028938501543,0.00019418522133328553,-0.00015955896200034385,-0.00015955896200034385,0.00013110912700059702,E2\E2_dual_camera_height_scan\run_20260808_141232\raw\E2_dual_height_raw_20260808_141232.csv
E2,ihawk2,marker_1_TR,5.0,20260808_141232,corner3,1,3,229.26017266666668,281.639974,0.03016312935246972,0.01513690642105669,0.0009098143723338204,-0.00045111719799991774,-0.00045111719799991774,0.00022912593599982726,E2\E2_dual_camera_height_scan\run_20260808_141232\raw\E2_dual_height_raw_20260808_141232.csv
E2,ihawk2,marker_1_TR,5.0,20260808_145501,marker_center,1,3,218.53928499999998,270.95600133333335,0.01009750627630459,0.008764522824070045,0.00010195963300001057,8.058279550025463e-05,8.058279550025463e-05,7.681686033364477e-05,E2\E2_dual_camera_height_scan\run_20260808_145501\raw\E2_dual_height_raw_20260808_145501.csv
E2,ihawk2,marker_1_TR,5.0,20260808_145501,corner0,1,3,196.80584733333333,281.517151,0.01223695943988645,0.005374821950546667,0.0001497431763334261,6.571526650011602e-05,6.571526650011602e-05,2.8888711000078273e-05,E2\E2_dual_camera_height_scan\run_20260808_145501\raw\E2_dual_height_raw_20260808_145501.csv
E2,ihawk2,marker_1_TR,5.0,20260808_145501,corner1,1,3,205.67326866666667,260.43372600000004,0.0035854587340157272,0.008348739545592666,1.2855514333329663e-05,-2.6029507000024928e-05,-2.6029507000024928e-05,6.970145200014283e-05,E2\E2_dual_camera_height_scan\run_20260808_145501\raw\E2_dual_height_raw_20260808_145501.csv
E2,ihawk2,marker_1_TR,5.0,20260808_145501,corner2,1,3,238.99732466666669,260.12742066666664,0.034505418492362,0.03170798791051859,0.0011906239053330377,0.001094044363333342,0.001094044363333342,0.0010053964973335933,E2\E2_dual_camera_height_scan\run_20260808_145501\raw\E2_dual_height_raw_20260808_145501.csv
E2,ihawk2,marker_1_TR,5.0,20260808_145501,corner3,1,3,232.68069966666667,281.7457073333333,0.002897276192097335,0.003327411957262148,8.394209333294032e-06,8.525114666675757e-06,8.525114666675757e-06,1.107167033333112e-05,E2\E2_dual_camera_height_scan\run_20260808_145501\raw\E2_dual_height_raw_20260808_145501.csv
E2,ihawk2,marker_1_TR,5.0,20260808_151001,marker_center,1,3,217.94844566666666,271.2062353333333,0.024701030288892756,0.007610222751890504,0.0006101408973327973,0.00011893068566662501,0.00011893068566662501,5.791549033339187e-05,E2\E2_dual_camera_height_scan\run_20260808_151001\raw\E2_dual_height_raw_20260808_151001.csv
E2,ihawk2,marker_1_TR,5.0,20260808_151001,corner0,1,3,196.0634816666667,281.59623200000004,0.023950993138763175,0.024673431946119286,0.0005736500723330807,0.0005861207069998536,0.0005861207069998536,0.0006087782439997798,E2\E2_dual_camera_height_scan\run_20260808_151001\raw\E2_dual_height_raw_20260808_151001.csv
E2,ihawk2,marker_1_TR,5.0,20260808_151001,corner1,1,3,205.05007433333333,260.557424,0.09598878466952618,0.01145136707995623,0.009213846782332663,-0.0010939065579996811,-0.0010939065579996811,0.00013113380799990526,E2\E2_dual_camera_height_scan\run_20260808_151001\raw\E2_dual_height_raw_20260808_151001.csv
E2,ihawk2,marker_1_TR,5.0,20260808_151001,corner2,1,3,238.38690699999998,260.44882233333334,0.004071337986461853,0.011130919563677595,1.6575793000007256e-05,-3.942309499978254e-06,-3.942309499978254e-06,0.00012389737033306061,E2\E2_dual_camera_height_scan\run_20260808_151001\raw\E2_dual_height_raw_20260808_151001.csv
E2,ihawk2,marker_1_TR,5.0,20260808_151001,corner3,1,3,232.29331966666666,282.2224626666667,0.01572326939072688,0.004555487387040534,0.00024722120033336887,-7.10329976669123e-05,-7.10329976669123e-05,2.0752465333485388e-05,E2\E2_dual_camera_height_scan\run_20260808_151001\raw\E2_dual_height_raw_20260808_151001.csv
E2,ihawk2,marker_1_TR,5.0,20260808_162715,marker_center,1,3,219.41963066666665,270.58936033333333,0.0025959981381630877,0.008629069609939255,6.739206333346217e-06,-1.4841635833280425e-05,-1.4841635833280425e-05,7.446084233317721e-05,E2\E2_dual_camera_height_scan\run_20260808_162715\raw\E2_dual_height_raw_20260808_162715.csv
E2,ihawk2,marker_1_TR,5.0,20260808_162715,corner0,1,3,197.61991366666666,280.77332566666666,0.01033431189453216,0.00957104760896089,0.00010679800233346891,4.575535533319113e-05,4.575535533319113e-05,9.160495233299596e-05,E2\E2_dual_camera_height_scan\run_20260808_162715\raw\E2_dual_height_raw_20260808_162715.csv
E2,ihawk2,marker_1_TR,5.0,20260808_162715,corner1,1,3,206.62890633333336,260.10186733333336,0.014242215920744965,0.017841902934771257,0.00020284071433312138,0.00019978936533330662,0.00019978936533330662,0.00031833350033379915,E2\E2_dual_camera_height_scan\run_20260808_162715\raw\E2_dual_height_raw_20260808_162715.csv
E2,ihawk2,marker_1_TR,5.0,20260808_162715,corner2,1,3,239.74035633333335,259.84986366666664,0.020004344736412116,0.004866774017088612,0.00040017380833321913,8.866831166690025e-05,8.866831166690025e-05,2.368548933340882e-05,E2\E2_dual_camera_height_scan\run_20260808_162715\raw\E2_dual_height_raw_20260808_162715.csv
E2,ihawk2,marker_1_TR,5.0,20260808_162715,corner3,1,3,233.68934633333333,281.63238533333333,0.01296409288510077,0.016487722411938077,0.0001680677043335204,6.240678533352416e-05,6.240678533352416e-05,0.00027184499033312517,E2\E2_dual_camera_height_scan\run_20260808_162715\raw\E2_dual_height_raw_20260808_162715.csv
E2,ihawk2,marker_2_BL,5.0,20260808_131913,marker_center,2,3,393.8620886666667,347.30637366666673,0.008967743435969329,0.007188926229498569,8.042042233337099e-05,6.120211183322024e-05,6.120211183322024e-05,5.16806603331725e-05,E2\E2_dual_camera_height_scan\run_20260808_131913\raw\E2_dual_height_raw_20260808_131913.csv
E2,ihawk2,marker_2_BL,5.0,20260808_131913,corner0,2,3,375.4263,365.15593433333333,0.046251976260497256,0.016858589215381383,0.0021392453080016018,0.0006164290990001253,0.0006164290990001253,0.0002842120303329735,E2\E2_dual_camera_height_scan\run_20260808_131913\raw\E2_dual_height_raw_20260808_131913.csv
E2,ihawk2,marker_2_BL,5.0,20260808_131913,corner1,2,3,368.7445476666667,330.921204,0.005955368026718851,0.015011684349204042,3.546640833366518e-05,-8.940010500044554e-05,-8.940010500044554e-05,0.00022535066700013755,E2\E2_dual_camera_height_scan\run_20260808_131913\raw\E2_dual_height_raw_20260808_131913.csv
E2,ihawk2,marker_2_BL,5.0,20260808_131913,corner2,2,3,410.3192953333333,329.4808653333333,0.006678210563724281,0.009197767138473341,4.4598496333438584e-05,-6.142462566682873e-05,-6.142462566682873e-05,8.459892033358006e-05,E2\E2_dual_camera_height_scan\run_20260808_131913\raw\E2_dual_height_raw_20260808_131913.csv
E2,ihawk2,marker_2_BL,5.0,20260808_131913,corner3,2,3,420.95821133333334,363.6674906666667,0.002228914608803506,0.010368644334413278,4.968060333337687e-06,-2.311000733336846e-05,-2.311000733336846e-05,0.00010750878533356058,E2\E2_dual_camera_height_scan\run_20260808_131913\raw\E2_dual_height_raw_20260808_131913.csv
E2,ihawk2,marker_2_BL,5.0,20260808_141232,marker_center,2,3,390.20704099999995,343.72236599999997,0.01000952431436672,0.005896446472234908,0.00010019057699989857,4.610946299994698e-05,4.610946299994698e-05,3.476808099993149e-05,E2\E2_dual_camera_height_scan\run_20260808_141232\raw\E2_dual_height_raw_20260808_141232.csv
E2,ihawk2,marker_2_BL,5.0,20260808_141232,corner0,2,3,371.57698566666664,361.15454099999994,0.01569515187353512,0.02055743456756255,0.000246337792333333,0.00027422245099989267,0.00027422245099989267,0.0004226081159996156,E2\E2_dual_camera_height_scan\run_20260808_141232\raw\E2_dual_height_raw_20260808_141232.csv
E2,ihawk2,marker_2_BL,5.0,20260808_141232,corner1,2,3,365.47812933333336,327.65518199999997,0.003463703268662738,0.004243872406195925,1.1997240333344938e-05,1.4480642000035013e-05,1.4480642000035013e-05,1.8010453000071193e-05,E2\E2_dual_camera_height_scan\run_20260808_141232\raw\E2_dual_height_raw_20260808_141232.csv
E2,ihawk2,marker_2_BL,5.0,20260808_141232,corner2,2,3,406.72981766666663,326.5536093333333,0.04490027265319959,0.028642450354898423,0.0020160344843316628,0.0012856194101657362,0.0012856194101657362,0.0008203899623328208,E2\E2_dual_camera_height_scan\run_20260808_141232\raw\E2_dual_height_raw_20260808_141232.csv
E2,ihawk2,marker_2_BL,5.0,20260808_141232,corner3,2,3,417.0432333333333,359.5261333333333,0.02955595170744201,0.0161585566290252,0.0008735542813326443,0.00046650759033321966,0.00046650759033321966,0.0002610989523334143,E2\E2_dual_camera_height_scan\run_20260808_141232\raw\E2_dual_height_raw_20260808_141232.csv
E2,ihawk2,marker_2_BL,5.0,20260808_145501,marker_center,2,3,393.036448,346.2432529999999,0.0033668305570868132,0.004804493001340201,1.1335548000133502e-05,-1.6133487000073873e-05,-1.6133487000073873e-05,2.3083152999926977e-05,E2\E2_dual_camera_height_scan\run_20260808_145501\raw\E2_dual_height_raw_20260808_145501.csv
E2,ihawk2,marker_2_BL,5.0,20260808_145501,corner0,2,3,373.76213566666667,363.40434766666664,0.01712321997561952,0.013992057794795239,0.0002932046623334554,-0.00011089442366671225,-0.00011089442366671225,0.0001957776813328902,E2\E2_dual_camera_height_scan\run_20260808_145501\raw\E2_dual_height_raw_20260808_145501.csv
E2,ihawk2,marker_2_BL,5.0,20260808_145501,corner1,2,3,368.47116099999994,329.662313,0.016861514611677463,0.028313834551321707,0.00028431067499981263,-0.00047741413499972923,-0.00047741413499972923,0.0008016732269996189,E2\E2_dual_camera_height_scan\run_20260808_145501\raw\E2_dual_height_raw_20260808_145501.csv
E2,ihawk2,marker_2_BL,5.0,20260808_145501,corner2,2,3,410.1197609999999,329.10138966666665,0.010730598259179082,0.020142431390800387,0.00011514573899989715,0.00012434307600021937,0.00012434307600021937,0.00040571754233310084,E2\E2_dual_camera_height_scan\run_20260808_145501\raw\E2_dual_height_raw_20260808_145501.csv
E2,ihawk2,marker_2_BL,5.0,20260808_145501,corner3,2,3,419.7927346666667,362.804962,0.009532203435363398,0.009925170426734626,9.086290233315376e-05,9.451621999976729e-05,9.451621999976729e-05,9.85090079997276e-05,E2\E2_dual_camera_height_scan\run_20260808_145501\raw\E2_dual_height_raw_20260808_145501.csv
E2,ihawk2,marker_2_BL,5.0,20260808_151001,marker_center,2,3,392.84204100000005,346.89864333333327,0.014861882350503485,0.0038538363137758515,0.00022087554700020703,-8.650644500153104e-06,-8.650644500153104e-06,1.4852054333377442e-05,E2\E2_dual_camera_height_scan\run_20260808_151001\raw\E2_dual_height_raw_20260808_151001.csv
E2,ihawk2,marker_2_BL,5.0,20260808_151001,corner0,2,3,373.70646166666666,364.31146233333334,0.006704349135705817,0.0014027121348698488,4.4948297333439334e-05,-9.38674133328858e-06,-9.38674133328858e-06,1.967601333311129e-06,E2\E2_dual_camera_height_scan\run_20260808_151001\raw\E2_dual_height_raw_20260808_151001.csv
E2,ihawk2,marker_2_BL,5.0,20260808_151001,corner1,2,3,368.1265766666666,330.234792,0.04049045806522761,0.016881227769335934,0.0016394771943319553,-0.0006275571205002928,-0.0006275571205002928,0.0002849758510001987,E2\E2_dual_camera_height_scan\run_20260808_151001\raw\E2_dual_height_raw_20260808_151001.csv
E2,ihawk2,marker_2_BL,5.0,20260808_151001,corner2,2,3,409.8312886666667,329.530202,0.057902457273708546,0.0029048533525873428,0.0033526945583336435,-0.00013756031250007736,-0.00013756031250007736,8.438173000037926e-06,E2\E2_dual_camera_height_scan\run_20260808_151001\raw\E2_dual_height_raw_20260808_151001.csv
E2,ihawk2,marker_2_BL,5.0,20260808_151001,corner3,2,3,419.703837,363.518117,0.004298678750512769,0.0014847063682837734,1.8478639000110022e-05,-6.357699500044499e-06,-6.357699500044499e-06,2.2043530000223915e-06,E2\E2_dual_camera_height_scan\run_20260808_151001\raw\E2_dual_height_raw_20260808_151001.csv
E2,ihawk2,marker_2_BL,5.0,20260808_162715,marker_center,2,3,393.4954733333334,346.7475253333334,0.011303589577367299,0.008879439528113158,0.00012777113733356663,-6.830799466687172e-05,-6.830799466687172e-05,7.884444633341842e-05,E2\E2_dual_camera_height_scan\run_20260808_162715\raw\E2_dual_height_raw_20260808_162715.csv
E2,ihawk2,marker_2_BL,5.0,20260808_162715,corner0,2,3,374.119354,363.5980833333333,0.011737866075236242,0.013377929074923738,0.00013777750000018186,-0.00015485667500025673,-0.00015485667500025673,0.00017896898633368988,E2\E2_dual_camera_height_scan\run_20260808_162715\raw\E2_dual_height_raw_20260808_162715.csv
E2,ihawk2,marker_2_BL,5.0,20260808_162715,corner1,2,3,368.9065043333333,330.2422283333333,0.0019406118450933313,0.008937197677886744,3.765974333316544e-06,-1.7295695666658637e-05,-1.7295695666658637e-05,7.987350233362423e-05,E2\E2_dual_camera_height_scan\run_20260808_162715\raw\E2_dual_height_raw_20260808_162715.csv
E2,ihawk2,marker_2_BL,5.0,20260808_162715,corner2,2,3,410.69012433333336,329.71093766666667,0.01869093527175398,0.02565918284617153,0.000349351061332897,0.0003728220626664806,0.0003728220626664806,0.0006583936643332634,E2\E2_dual_camera_height_scan\run_20260808_162715\raw\E2_dual_height_raw_20260808_162715.csv
E2,ihawk2,marker_2_BL,5.0,20260808_162715,corner3,2,3,420.26590966666663,363.43885300000005,0.06563674440686935,0.013011537841483982,0.0043081822163326955,-0.0008285531205005928,-0.0008285531205005928,0.00016930011700036965,E2\E2_dual_camera_height_scan\run_20260808_162715\raw\E2_dual_height_raw_20260808_162715.csv
E2,ihawk2,marker_3_BR,5.0,20260808_131913,marker_center,3,3,375.0412876666667,271.19835666666665,0.005547832219283411,0.005738767318287801,3.077844233331909e-05,3.1835584833382415e-05,3.1835584833382415e-05,3.293345033344816e-05,E2\E2_dual_camera_height_scan\run_20260808_131913\raw\E2_dual_height_raw_20260808_131913.csv
E2,ihawk2,marker_3_BR,5.0,20260808_131913,corner0,3,3,359.78789266666666,282.27161666666666,0.0014554807911158795,0.017237832994141493,2.1184243333073065e-06,2.4549020833283163e-05,2.4549020833283163e-05,0.000297142886333913,E2\E2_dual_camera_height_scan\run_20260808_131913\raw\E2_dual_height_raw_20260808_131913.csv
E2,ihawk2,marker_3_BR,5.0,20260808_131913,corner1,3,3,356.08269233333334,260.9244283333333,0.005065880114395806,0.010342652722273844,2.5663141333430868e-05,-5.239247866682162e-05,-5.239247866682162e-05,0.00010697046533355857,E2\E2_dual_camera_height_scan\run_20260808_131913\raw\E2_dual_height_raw_20260808_131913.csv
E2,ihawk2,marker_3_BR,5.0,20260808_131913,corner2,3,3,388.9530029999999,260.192688,0.01465978427535176,0.004600212929845595,0.00021490927499985074,-7.735342500039707e-06,-7.735342500039707e-06,2.1161958999918593e-05,E2\E2_dual_camera_height_scan\run_20260808_131913\raw\E2_dual_height_raw_20260808_131913.csv
E2,ihawk2,marker_3_BR,5.0,20260808_131913,corner3,3,3,395.34156299999995,281.4046936666667,0.019738772403574557,0.003232285929992215,0.00038961913600011645,5.983465199983868e-05,5.983465199983868e-05,1.0447672333225636e-05,E2\E2_dual_camera_height_scan\run_20260808_131913\raw\E2_dual_height_raw_20260808_131913.csv
E2,ihawk2,marker_3_BR,5.0,20260808_141232,marker_center,3,3,372.25476566666674,268.6027246666667,0.00646599182903454,0.003330218961766188,4.1809050333141435e-05,1.5879770833309023e-05,1.5879770833309023e-05,1.1090358333307068e-05,E2\E2_dual_camera_height_scan\run_20260808_141232\raw\E2_dual_height_raw_20260808_141232.csv
E2,ihawk2,marker_3_BR,5.0,20260808_141232,corner0,3,3,356.9561156666667,279.55196133333334,0.004327754652610848,0.0049091985428543735,1.8729460333194838e-05,3.0207551665266204e-06,3.0207551665266204e-06,2.4100230333163505e-05,E2\E2_dual_camera_height_scan\run_20260808_141232\raw\E2_dual_height_raw_20260808_141232.csv
E2,ihawk2,marker_3_BR,5.0,20260808_141232,corner1,3,3,353.42452000000003,258.477529,0.008670417694652195,0.0029801907657266034,7.517614299973789e-05,-2.5838218000134314e-05,-2.5838218000134314e-05,8.881537000122118e-06,E2\E2_dual_camera_height_scan\run_20260808_141232\raw\E2_dual_height_raw_20260808_141232.csv
E2,ihawk2,marker_3_BR,5.0,20260808_141232,corner2,3,3,386.24345866666664,257.5422873333333,0.005197685286087713,0.010933004359868983,2.7015932333212713e-05,5.682480766643993e-05,5.682480766643993e-05,0.00011953058433291421,E2\E2_dual_camera_height_scan\run_20260808_141232\raw\E2_dual_height_raw_20260808_141232.csv
E2,ihawk2,marker_3_BR,5.0,20260808_141232,corner3,3,3,392.39496866666667,278.83912166666664,0.011476231190311244,0.014326652411975201,0.00013170388233347264,-5.415892766723137e-05,-5.415892766723137e-05,0.00020525296933355484,E2\E2_dual_camera_height_scan\run_20260808_141232\raw\E2_dual_height_raw_20260808_141232.csv
E2,ihawk2,marker_3_BR,5.0,20260808_145501,marker_center,3,3,376.31013733333333,270.305738,0.006540199487267673,0.005489948633634307,4.277420933325634e-05,-3.2661343999955614e-05,-3.2661343999955614e-05,3.0139535999943195e-05,E2\E2_dual_camera_height_scan\run_20260808_145501\raw\E2_dual_height_raw_20260808_145501.csv
E2,ihawk2,marker_3_BR,5.0,20260808_145501,corner0,3,3,360.7640686666667,281.405955,0.011335427134995642,0.0017060067408825115,0.0001284919083327955,-1.8067362499835083e-05,-1.8067362499835083e-05,2.910458999936569e-06,E2\E2_dual_camera_height_scan\run_20260808_145501\raw\E2_dual_height_raw_20260808_145501.csv
E2,ihawk2,marker_3_BR,5.0,20260808_145501,corner1,3,3,357.672526,259.5861916666667,0.007892576005347724,0.0024305360176913437,6.229275600019065e-05,8.77498999985659e-06,8.77498999985659e-06,5.907505333294897e-06,E2\E2_dual_camera_height_scan\run_20260808_145501\raw\E2_dual_height_raw_20260808_145501.csv
E2,ihawk2,marker_3_BR,5.0,20260808_145501,corner2,3,3,390.3567706666667,259.444794,0.021749602992547003,0.017841092679531673,0.0004730452303334095,-0.00033608423099981547,-0.00033608423099981547,0.0003183045879996386,E2\E2_dual_camera_height_scan\run_20260808_145501\raw\E2_dual_height_raw_20260808_145501.csv
E2,ihawk2,marker_3_BR,5.0,20260808_145501,corner3,3,3,396.4471843333333,280.7860106666667,0.00015404328394427142,0.0002745001518085723,2.3729333328335425e-08,-2.521833333571915e-08,-2.521833333571915e-08,7.535033334292922e-08,E2\E2_dual_camera_height_scan\run_20260808_145501\raw\E2_dual_height_raw_20260808_145501.csv
E2,ihawk2,marker_3_BR,5.0,20260808_151001,marker_center,3,3,375.96716799999996,270.6137416666666,0.009850027867974391,0.010127605903353862,9.702304899987212e-05,-9.289078000004075e-05,-9.289078000004075e-05,0.00010256840133364801,E2\E2_dual_camera_height_scan\run_20260808_151001\raw\E2_dual_height_raw_20260808_151001.csv
E2,ihawk2,marker_3_BR,5.0,20260808_151001,corner0,3,3,360.42689033333335,281.53895033333333,0.010465261885582807,0.009047668502620345,0.0001095217063338322,7.144022633358156e-05,7.144022633358156e-05,8.186030533330828e-05,E2\E2_dual_camera_height_scan\run_20260808_151001\raw\E2_dual_height_raw_20260808_151001.csv
E2,ihawk2,marker_3_BR,5.0,20260808_151001,corner1,3,3,357.16337066666665,260.04915366666665,0.018679081918917418,0.04432587511072539,0.0003489081013336276,-0.0008123783426668247,-0.0008123783426668247,0.0019647832043316244,E2\E2_dual_camera_height_scan\run_20260808_151001\raw\E2_dual_height_raw_20260808_151001.csv
E2,ihawk2,marker_3_BR,5.0,20260808_151001,corner2,3,3,390.10536733333333,259.871918,0.008125676853854916,0.0036518603478223554,6.602662433327351e-05,1.2875211999970592e-05,1.2875211999970592e-05,1.3336083999997214e-05,E2\E2_dual_camera_height_scan\run_20260808_151001\raw\E2_dual_height_raw_20260808_151001.csv
E2,ihawk2,marker_3_BR,5.0,20260808_151001,corner3,3,3,396.1730446666666,280.9949443333333,0.03309790037652944,0.03160814490496415,0.0010954710093346674,-0.0009617124753337498,-0.0009617124753337498,0.000999074824333211,E2\E2_dual_camera_height_scan\run_20260808_151001\raw\E2_dual_height_raw_20260808_151001.csv
E2,ihawk2,marker_3_BR,5.0,20260808_162715,marker_center,3,3,377.061445,270.7996753333333,0.0075613007478979675,0.007886728747277872,5.717326900016236e-05,-5.449195649996662e-05,-5.449195649996662e-05,6.22004903331392e-05,E2\E2_dual_camera_height_scan\run_20260808_162715\raw\E2_dual_height_raw_20260808_162715.csv
E2,ihawk2,marker_3_BR,5.0,20260808_162715,corner0,3,3,361.46881133333335,281.61142966666665,0.014430292628121125,0.01872982008278395,0.00020823334533320688,0.00027027678466663225,0.00027027678466663225,0.00035080616033345696,E2\E2_dual_camera_height_scan\run_20260808_162715\raw\E2_dual_height_raw_20260808_162715.csv
E2,ihawk2,marker_3_BR,5.0,20260808_162715,corner1,3,3,358.3052573333334,260.320333,0.03094146286674727,0.020717263839597242,0.0009573741243343003,-0.0005855808004997918,-0.0005855808004997918,0.0004292050209994835,E2\E2_dual_camera_height_scan\run_20260808_162715\raw\E2_dual_height_raw_20260808_162715.csv
E2,ihawk2,marker_3_BR,5.0,20260808_162715,corner2,3,3,391.2727663333333,260.0643313333333,5.253887449488229e-05,5.253887449488229e-05,2.760333333188993e-09,2.760333333188993e-09,2.760333333188993e-09,2.760333333188993e-09,E2\E2_dual_camera_height_scan\run_20260808_162715\raw\E2_dual_height_raw_20260808_162715.csv
E2,ihawk2,marker_3_BR,5.0,20260808_162715,corner3,3,3,397.19894400000004,281.202606,0.016212522937508547,0.029541188940184628,0.00026284589999924076,0.00046981835999929084,0.00046981835999929084,0.0008726818439996866,E2\E2_dual_camera_height_scan\run_20260808_162715\raw\E2_dual_height_raw_20260808_162715.csv
E2,ihawk2,marker_4_C,5.0,20260808_131913,marker_center,4,3,294.87445066666663,306.25437166666666,0.0018988671183876244,0.002870388533513775,3.6056963332937203e-06,3.6595383331974334e-07,3.6595383331974334e-07,8.23913033332736e-06,E2\E2_dual_camera_height_scan\run_20260808_131913\raw\E2_dual_height_raw_20260808_131913.csv
E2,ihawk2,marker_4_C,5.0,20260808_131913,corner0,4,3,274.2291663333333,319.51412966666663,0.0001235529576228243,5.2538874494882294e-05,1.526533333734742e-08,-6.491333334017078e-09,-6.491333334017078e-09,2.7603333331889933e-09,E2\E2_dual_camera_height_scan\run_20260808_131913\raw\E2_dual_height_raw_20260808_131913.csv
E2,ihawk2,marker_4_C,5.0,20260808_131913,corner1,4,3,276.791036,293.5117083333334,0.010607079145551451,0.0030305115629717647,0.00011251012799999251,-3.214487599995034e-05,-3.214487599995034e-05,9.184000333305568e-06,E2\E2_dual_camera_height_scan\run_20260808_131913\raw\E2_dual_height_raw_20260808_131913.csv
E2,ihawk2,marker_4_C,5.0,20260808_131913,corner2,4,3,313.914866,292.68740866666667,0.002980190765697306,0.015150072486091053,8.881536999947495e-06,-3.847974649987129e-05,-3.847974649987129e-05,0.00022952469633381317,E2\E2_dual_camera_height_scan\run_20260808_131913\raw\E2_dual_height_raw_20260808_131913.csv
E2,ihawk2,marker_4_C,5.0,20260808_131913,corner3,4,3,314.562734,319.30424,0.0031953846403663037,0.01371794040664214,1.0210482999888893e-05,-4.293649749977718e-05,-4.293649749977718e-05,0.00018818188900018512,E2\E2_dual_camera_height_scan\run_20260808_131913\raw\E2_dual_height_raw_20260808_131913.csv
E2,ihawk2,marker_4_C,5.0,20260808_141232,marker_center,4,3,292.3399583333333,303.3423666666667,0.0065970843054425805,0.00704520931790929,4.352152133311681e-05,4.275229766648795e-05,4.275229766648795e-05,4.9634974333155884e-05,E2\E2_dual_camera_height_scan\run_20260808_141232\raw\E2_dual_height_raw_20260808_141232.csv
E2,ihawk2,marker_4_C,5.0,20260808_141232,corner0,4,3,271.5872703333334,316.5459896666666,7.04367328273915e-05,5.3116224762614246e-05,4.961333331397332e-09,-3.741333332403937e-09,-3.741333332403937e-09,2.821333333032555e-09,E2\E2_dual_camera_height_scan\run_20260808_141232\raw\E2_dual_height_raw_20260808_141232.csv
E2,ihawk2,marker_4_C,5.0,20260808_141232,corner1,4,3,274.65623966666664,290.66637166666663,0.03041547922246568,0.015043842804716266,0.0009251013763322414,0.0004457700253327928,0.0004457700253327928,0.00022631720633301336,E2\E2_dual_camera_height_scan\run_20260808_141232\raw\E2_dual_height_raw_20260808_141232.csv
E2,ihawk2,marker_4_C,5.0,20260808_141232,corner2,4,3,311.4431663333333,290.2224323333333,0.008694554866865413,0.014099043986518367,7.559528433293305e-05,0.00010042715833315471,0.00010042715833315471,0.00019878304133377975,E2\E2_dual_camera_height_scan\run_20260808_141232\raw\E2_dual_height_raw_20260808_141232.csv
E2,ihawk2,marker_4_C,5.0,20260808_141232,corner3,4,3,311.67315666666667,315.93467200000003,8.088469158823412e-05,0.007726191364448306,6.542333333323751e-09,6.14504499974648e-07,6.14504499974648e-07,5.969403300007558e-05,E2\E2_dual_camera_height_scan\run_20260808_141232\raw\E2_dual_height_raw_20260808_141232.csv
E2,ihawk2,marker_4_C,5.0,20260808_145501,marker_center,4,3,295.4013466666667,304.31465933333334,0.013765432842204536,0.012791388991544854,0.00018948714133324327,0.00016514881666647527,0.00016514881666647527,0.00016361963233301488,E2\E2_dual_camera_height_scan\run_20260808_145501\raw\E2_dual_height_raw_20260808_145501.csv
E2,ihawk2,marker_4_C,5.0,20260808_145501,corner0,4,3,274.38688133333335,317.4029746666667,0.03363527198246276,0.018694337921764604,0.0011313315213342444,0.0006287883036667346,0.0006287883036667346,0.00034947827033312613,E2\E2_dual_camera_height_scan\run_20260808_145501\raw\E2_dual_height_raw_20260808_145501.csv
E2,ihawk2,marker_4_C,5.0,20260808_145501,corner1,4,3,277.80487066666666,291.3408713333333,0.0027753632795242578,0.0017268353521259104,7.702641333331644e-06,-4.792235333348149e-06,-4.792235333348149e-06,2.9819603333518172e-06,E2\E2_dual_camera_height_scan\run_20260808_145501\raw\E2_dual_height_raw_20260808_145501.csv
E2,ihawk2,marker_4_C,5.0,20260808_145501,corner2,4,3,314.76954133333334,291.1135663333334,0.0007760008591013918,0.0167750523794484,6.021773333260981e-07,-4.658994666522238e-06,-4.658994666522238e-06,0.0002814023823332374,E2\E2_dual_camera_height_scan\run_20260808_145501\raw\E2_dual_height_raw_20260808_145501.csv
E2,ihawk2,marker_4_C,5.0,20260808_145501,corner3,4,3,314.644094,317.4012246666667,0.01985320246207964,0.02109812923777452,0.00039414964800032505,0.00038920475200023583,0.00038920475200023583,0.00044513105733383606,E2\E2_dual_camera_height_scan\run_20260808_145501\raw\E2_dual_height_raw_20260808_145501.csv
E2,ihawk2,marker_4_C,5.0,20260808_151001,marker_center,4,3,295.071663,304.74362933333333,0.008653646399073754,0.01131907599290508,7.488559600020217e-05,-9.509759000010083e-05,-9.509759000010083e-05,0.00012812148133316015,E2\E2_dual_camera_height_scan\run_20260808_151001\raw\E2_dual_height_raw_20260808_151001.csv
E2,ihawk2,marker_4_C,5.0,20260808_151001,corner0,4,3,273.925232,317.976471,0.0,0.0,0.0,0.0,0.0,0.0,E2\E2_dual_camera_height_scan\run_20260808_151001\raw\E2_dual_height_raw_20260808_151001.csv
E2,ihawk2,marker_4_C,5.0,20260808_151001,corner1,4,3,277.52783200000005,291.65719600000006,0.021057942705776905,0.028932466313801274,0.00044343695099978274,-0.0006055406729996158,-0.0006055406729996158,0.0008370876069992454,E2\E2_dual_camera_height_scan\run_20260808_151001\raw\E2_dual_height_raw_20260808_151001.csv
E2,ihawk2,marker_4_C,5.0,20260808_151001,corner2,4,3,314.4014896666667,291.594228,0.008298832769317385,0.002845799009084592,6.887062533309606e-05,2.3616482000115526e-05,2.3616482000115526e-05,8.098572000106846e-06,E2\E2_dual_camera_height_scan\run_20260808_151001\raw\E2_dual_height_raw_20260808_151001.csv
E2,ihawk2,marker_4_C,5.0,20260808_151001,corner3,4,3,314.43209866666666,317.7466226666667,0.012314709754302865,0.023411696229308065,0.00015165207633272213,-0.00013652730816657963,-0.00013652730816657963,0.0005481075203333975,E2\E2_dual_camera_height_scan\run_20260808_151001\raw\E2_dual_height_raw_20260808_151001.csv
E2,ihawk2,marker_4_C,5.0,20260808_162715,marker_center,4,3,295.3256503333334,304.28276033333333,0.0019297091317854813,0.004224194637226367,3.723777333296276e-06,-3.8823176666834146e-06,-3.8823176666834146e-06,1.7843820333172e-05,E2\E2_dual_camera_height_scan\run_20260808_162715\raw\E2_dual_height_raw_20260808_162715.csv
E2,ihawk2,marker_4_C,5.0,20260808_162715,corner0,4,3,272.0,317.0,0.0,0.0,0.0,0.0,0.0,0.0,E2\E2_dual_camera_height_scan\run_20260808_162715\raw\E2_dual_height_raw_20260808_162715.csv
E2,ihawk2,marker_4_C,5.0,20260808_162715,corner1,4,3,278.5147806666667,291.42155966666667,0.007385929483371918,0.007699798200825402,5.455195433334257e-05,5.642129983335027e-05,5.642129983335027e-05,5.92868923334341e-05,E2\E2_dual_camera_height_scan\run_20260808_162715\raw\E2_dual_height_raw_20260808_162715.csv
E2,ihawk2,marker_4_C,5.0,20260808_162715,corner2,4,3,315.4773863333333,291.28539033333334,0.008531430204425485,0.021853250772664923,7.278530133298348e-05,0.00014238290933318553,0.00014238290933318553,0.0004775645693329801,E2\E2_dual_camera_height_scan\run_20260808_162715\raw\E2_dual_height_raw_20260808_162715.csv
E2,ihawk2,marker_4_C,5.0,20260808_162715,corner3,4,3,315.31043466666665,317.42409233333336,0.001990703728161026,0.0039998826649551115,3.962901333314208e-06,-7.962581333332802e-06,-7.962581333332802e-06,1.5999061333408408e-05,E2\E2_dual_camera_height_scan\run_20260808_162715\raw\E2_dual_height_raw_20260808_162715.csv
E2,ihawk2,marker_0_TL,10.0,20260808_131913,marker_center,0,3,191.5383413333333,345.2997943333333,0.01587133089358409,0.0033346589530780448,0.00025189914433363677,-3.626896916691392e-05,-3.626896916691392e-05,1.111995033334356e-05,E2\E2_dual_camera_height_scan\run_20260808_131913\raw\E2_dual_height_raw_20260808_131913.csv
E2,ihawk2,marker_0_TL,10.0,20260808_131913,corner0,0,3,162.05068433333332,362.453481,0.011569450736032062,0.006031164647068285,0.00013385219033347284,6.975079600008055e-05,6.975079600008055e-05,3.637494700004631e-05,E2\E2_dual_camera_height_scan\run_20260808_131913\raw\E2_dual_height_raw_20260808_131913.csv
E2,ihawk2,marker_0_TL,10.0,20260808_131913,corner1,0,3,176.2759193333333,328.25173966666665,0.007179927947646867,0.012104725743822282,5.155136533340055e-05,8.691105866667011e-05,8.691105866667011e-05,0.00014652438533315388,E2\E2_dual_camera_height_scan\run_20260808_131913\raw\E2_dual_height_raw_20260808_131913.csv
E2,ihawk2,marker_0_TL,10.0,20260808_131913,corner2,0,3,218.67447933333332,328.25489266666665,0.001973383220096249,0.016403675848217374,3.89424133335744e-06,3.2370738666770264e-05,3.2370738666770264e-05,0.00026908058133339,E2\E2_dual_camera_height_scan\run_20260808_131913\raw\E2_dual_height_raw_20260808_131913.csv
E2,ihawk2,marker_0_TL,10.0,20260808_131913,corner3,0,3,209.15228266666668,362.2390643333333,0.050277822758480514,0.03221970974935173,0.002527859461333181,-0.0014284981193327325,-0.0014284981193327325,0.001038109696332471,E2\E2_dual_camera_height_scan\run_20260808_131913\raw\E2_dual_height_raw_20260808_131913.csv
E2,ihawk2,marker_0_TL,10.0,20260808_141232,marker_center,0,3,186.36378333333334,345.3966546666666,0.008917852282557091,0.00697956906500118,7.952808933350872e-05,5.986184966659486e-05,5.986184966659486e-05,4.871438433312145e-05,E2\E2_dual_camera_height_scan\run_20260808_141232\raw\E2_dual_height_raw_20260808_141232.csv
E2,ihawk2,marker_0_TL,10.0,20260808_141232,corner0,0,3,156.413218,362.2337646666667,0.016313551054254503,0.017447670914298757,0.0002661319479997682,0.0001920839930001457,0.0001920839930001457,0.0003044212203336668,E2\E2_dual_camera_height_scan\run_20260808_141232\raw\E2_dual_height_raw_20260808_141232.csv
E2,ihawk2,marker_0_TL,10.0,20260808_141232,corner1,0,3,171.553767,328.185262,0.017114980222026746,0.03692031201114665,0.00029292254800036664,0.0006293249370004803,0.0006293249370004803,0.0013631094390004195,E2\E2_dual_camera_height_scan\run_20260808_141232\raw\E2_dual_height_raw_20260808_141232.csv
E2,ihawk2,marker_0_TL,10.0,20260808_141232,corner2,0,3,214.14105733333335,328.61070766666666,0.005981525920146521,0.003850820215653068,3.5778652333384686e-05,2.0139877166587664e-05,2.0139877166587664e-05,1.482881633328234e-05,E2\E2_dual_camera_height_scan\run_20260808_141232\raw\E2_dual_height_raw_20260808_141232.csv
E2,ihawk2,marker_0_TL,10.0,20260808_141232,corner3,0,3,203.34709166666667,362.55688433333336,0.018923232422950024,0.01712594103498789,0.00035808872533298704,0.0003240781626668131,0.0003240781626668131,0.0002932978563338821,E2\E2_dual_camera_height_scan\run_20260808_141232\raw\E2_dual_height_raw_20260808_141232.csv
E2,ihawk2,marker_0_TL,10.0,20260808_145501,marker_center,0,3,191.35293733333333,346.4454596666667,0.024042133127772477,0.011652256834325147,0.0005780241653335348,0.0002215804746665836,0.0002215804746665836,0.00013577508933307708,E2\E2_dual_camera_height_scan\run_20260808_145501\raw\E2_dual_height_raw_20260808_145501.csv
E2,ihawk2,marker_0_TL,10.0,20260808_145501,corner0,0,3,161.73499033333334,363.43288133333334,0.08032913588687256,0.0533826807338504,0.006452770072331636,0.004282688616831963,0.004282688616831963,0.002849710602332203,E2\E2_dual_camera_height_scan\run_20260808_145501\raw\E2_dual_height_raw_20260808_145501.csv
E2,ihawk2,marker_0_TL,10.0,20260808_145501,corner1,0,3,175.92102566666668,329.3507183333333,0.009672458339714092,0.006711910036154049,9.35564503335047e-05,6.426002216677587e-05,6.426002216677587e-05,4.504973633342545e-05,E2\E2_dual_camera_height_scan\run_20260808_145501\raw\E2_dual_height_raw_20260808_145501.csv
E2,ihawk2,marker_0_TL,10.0,20260808_145501,corner2,0,3,218.621999,329.501424,0.01542503481357379,0.006119344817862087,0.00023793169899996344,7.589192850002029e-05,7.589192850002029e-05,3.744638099989558e-05,E2\E2_dual_camera_height_scan\run_20260808_145501\raw\E2_dual_height_raw_20260808_145501.csv
E2,ihawk2,marker_0_TL,10.0,20260808_145501,corner3,0,3,209.13373299999998,363.4968156666667,0.038178736477267515,0.016722569489575196,0.0014576159190006373,-0.0006384230360005163,-0.0006384230360005163,0.0002796443303336713,E2\E2_dual_camera_height_scan\run_20260808_145501\raw\E2_dual_height_raw_20260808_145501.csv
E2,ihawk2,marker_0_TL,10.0,20260808_151001,marker_center,0,3,190.485869,345.660474,0.019847953924771435,0.004347795418370814,0.00039394127499984985,-8.552153749999358e-05,-8.552153749999358e-05,1.8903325000006245e-05,E2\E2_dual_camera_height_scan\run_20260808_151001\raw\E2_dual_height_raw_20260808_151001.csv
E2,ihawk2,marker_0_TL,10.0,20260808_151001,corner0,0,3,160.863973,362.4962766666667,0.0052162389707568115,0.022767396872149435,2.7209149000042085e-05,6.7234678500028e-05,6.7234678500028e-05,0.0005183543603339599,E2\E2_dual_camera_height_scan\run_20260808_151001\raw\E2_dual_height_raw_20260808_151001.csv
E2,ihawk2,marker_0_TL,10.0,20260808_151001,corner1,0,3,175.43231233333333,328.590159,0.018121598862492868,0.00797265156645452,0.0003283923453331028,5.0052197999958586e-05,5.0052197999958586e-05,6.35631730000897e-05,E2\E2_dual_camera_height_scan\run_20260808_151001\raw\E2_dual_height_raw_20260808_151001.csv
E2,ihawk2,marker_0_TL,10.0,20260808_151001,corner2,0,3,217.93917333333331,328.817027,0.06291782351873129,0.010038335071121443,0.003958652516334217,-0.0006043201385001733,-0.0006043201385001733,0.00010076817100010674,E2\E2_dual_camera_height_scan\run_20260808_151001\raw\E2_dual_height_raw_20260808_151001.csv
E2,ihawk2,marker_0_TL,10.0,20260808_151001,corner3,0,3,207.70801833333334,362.7384336666667,0.00781936137631146,0.010288860205740413,6.114241233335144e-05,-2.2947429833304853e-05,-2.2947429833304853e-05,0.00010586064433326864,E2\E2_dual_camera_height_scan\run_20260808_151001\raw\E2_dual_height_raw_20260808_151001.csv
E2,ihawk2,marker_0_TL,10.0,20260808_162715,marker_center,0,3,191.624495,343.59513599999997,0.00268051095875353,0.0013967906070572337,7.185138999997768e-06,-2.04919999789198e-08,-2.04919999789198e-08,1.9510239999633153e-06,E2\E2_dual_camera_height_scan\run_20260808_162715\raw\E2_dual_height_raw_20260808_162715.csv
E2,ihawk2,marker_0_TL,10.0,20260808_162715,corner0,0,3,162.21145133333334,360.17128500000007,0.011050373673920838,0.0139879432726706,0.00012211075833328273,5.679928249985629e-05,5.679928249985629e-05,0.0001956625569994507,E2\E2_dual_camera_height_scan\run_20260808_162715\raw\E2_dual_height_raw_20260808_162715.csv
E2,ihawk2,marker_0_TL,10.0,20260808_162715,corner1,0,3,177.03992233333335,326.42398066666664,0.032880906942064976,0.007942571015323975,0.0010811540413327367,-1.2473872333610289e-05,-1.2473872333610289e-05,6.308443433346452e-05,E2\E2_dual_camera_height_scan\run_20260808_162715\raw\E2_dual_height_raw_20260808_162715.csv
E2,ihawk2,marker_0_TL,10.0,20260808_162715,corner2,0,3,218.837611,327.3536276666666,0.025431567077157848,0.015602877950336002,0.000646764603999979,-0.00016697930899964224,-0.00016697930899964224,0.0002434498003330814,E2\E2_dual_camera_height_scan\run_20260808_162715\raw\E2_dual_height_raw_20260808_162715.csv
E2,ihawk2,marker_0_TL,10.0,20260808_162715,corner3,0,3,208.40899666666664,360.4316506666667,0.013817438341937474,0.005728528024995694,0.0001909216023332438,-7.44576816664295e-05,-7.44576816664295e-05,3.2816033333161066e-05,E2\E2_dual_camera_height_scan\run_20260808_162715\raw\E2_dual_height_raw_20260808_162715.csv
E2,ihawk2,marker_1_TR,10.0,20260808_131913,marker_center,1,3,217.78386700000001,268.96437833333334,0.0015576533632371116,0.009032815858480335,2.426284000003885e-06,-1.403418099999611e-05,-1.403418099999611e-05,8.159176233321385e-05,E2\E2_dual_camera_height_scan\run_20260808_131913\raw\E2_dual_height_raw_20260808_131913.csv
E2,ihawk2,marker_1_TR,10.0,20260808_131913,corner0,1,3,195.92082733333336,279.475993,0.01274813654355706,0.008840377650310016,0.00016251498533317497,9.822352599983971e-05,9.822352599983971e-05,7.815227700010084e-05,E2\E2_dual_camera_height_scan\run_20260808_131913\raw\E2_dual_height_raw_20260808_131913.csv
E2,ihawk2,marker_1_TR,10.0,20260808_131913,corner1,1,3,204.70720433333335,258.587972,0.01969547220387068,0.018716949831641808,0.0003879116253334426,-0.0003379788650001741,-0.0003379788650001741,0.00035032421100019627,E2\E2_dual_camera_height_scan\run_20260808_131913\raw\E2_dual_height_raw_20260808_131913.csv
E2,ihawk2,marker_1_TR,10.0,20260808_131913,corner2,1,3,238.175878,258.317098,0.000243575450317722,0.00012322337441134022,5.932899999748105e-08,-2.6662000001168767e-08,-2.6662000001168767e-08,1.518400000131734e-08,E2\E2_dual_camera_height_scan\run_20260808_131913\raw\E2_dual_height_raw_20260808_131913.csv
E2,ihawk2,marker_1_TR,10.0,20260808_131913,corner3,1,3,232.33155833333333,279.47645033333333,0.007862600672375673,0.009159026221894845,6.18204893332424e-05,-2.727927666672327e-05,-2.727927666672327e-05,8.388776133335735e-05,E2\E2_dual_camera_height_scan\run_20260808_131913\raw\E2_dual_height_raw_20260808_131913.csv
E2,ihawk2,marker_1_TR,10.0,20260808_141232,marker_center,1,3,214.75025300000001,268.943016,0.004574770267462065,0.006409838453492075,2.0928523000054936e-05,-1.6474705499885544e-05,-1.6474705499885544e-05,4.108602899986567e-05,E2\E2_dual_camera_height_scan\run_20260808_141232\raw\E2_dual_height_raw_20260808_141232.csv
E2,ihawk2,marker_1_TR,10.0,20260808_141232,corner0,1,3,192.65405266666667,279.518229,0.002066109467896561,0.00114554484855028,4.268808333331811e-06,2.29494000004526e-06,2.29494000004526e-06,1.312273000040084e-06,E2\E2_dual_camera_height_scan\run_20260808_141232\raw\E2_dual_height_raw_20260808_141232.csv
E2,ihawk2,marker_1_TR,10.0,20260808_141232,corner1,1,3,201.94902033333332,258.32779933333336,0.029681596761846618,0.016570366934162986,0.0008809971863328636,-0.0004917934146660657,-0.0004917934146660657,0.000274577060332802,E2\E2_dual_camera_height_scan\run_20260808_141232\raw\E2_dual_height_raw_20260808_141232.csv
E2,ihawk2,marker_1_TR,10.0,20260808_141232,corner2,1,3,235.40335600000003,258.2852986666667,0.002369492983740397,0.003026517690901434,5.614496999994969e-06,3.8867969999916185e-06,3.8867969999916185e-06,9.159809333339348e-06,E2\E2_dual_camera_height_scan\run_20260808_141232\raw\E2_dual_height_raw_20260808_141232.csv
E2,ihawk2,marker_1_TR,10.0,20260808_141232,corner3,1,3,228.994583,279.64073666666667,0.017614257605709734,0.03364765558450193,0.0003102620710003032,-0.0005926782425002717,-0.0005926782425002717,0.0011321647263332639,E2\E2_dual_camera_height_scan\run_20260808_141232\raw\E2_dual_height_raw_20260808_141232.csv
E2,ihawk2,marker_1_TR,10.0,20260808_145501,marker_center,1,3,217.42132933333335,269.629471,0.01743320614038157,0.014390120465106104,0.0003039166763330377,-1.213659099965922e-05,-1.213659099965922e-05,0.00020707556700026554,E2\E2_dual_camera_height_scan\run_20260808_145501\raw\E2_dual_height_raw_20260808_145501.csv
E2,ihawk2,marker_1_TR,10.0,20260808_145501,corner0,1,3,195.62031533333334,280.350128,0.004080938290804145,0.011431438535887895,1.6654057333351452e-05,-3.823883899994702e-05,-3.823883899994702e-05,0.0001306777869997828,E2\E2_dual_camera_height_scan\run_20260808_145501\raw\E2_dual_height_raw_20260808_145501.csv
E2,ihawk2,marker_1_TR,10.0,20260808_145501,corner1,1,3,204.13314333333335,259.14024866666665,0.06373742891216358,0.022118284886787194,0.004062459844333106,-0.0013824234768326767,-0.0013824234768326767,0.0004892185263330788,E2\E2_dual_camera_height_scan\run_20260808_145501\raw\E2_dual_height_raw_20260808_145501.csv
E2,ihawk2,marker_1_TR,10.0,20260808_145501,corner2,1,3,237.76438366666665,258.54521700000004,0.018328574012547217,0.04278031430460922,0.0003359366253334212,0.0007839722580003586,0.0007839722580003586,0.0018301552920011524,E2\E2_dual_camera_height_scan\run_20260808_145501\raw\E2_dual_height_raw_20260808_145501.csv
E2,ihawk2,marker_1_TR,10.0,20260808_145501,corner3,1,3,232.16747566666666,280.4822896666667,0.0075323486598348486,0.007417521441382039,5.673627633331584e-05,-4.3119224166720266e-05,-4.3119224166720266e-05,5.501962433336229e-05,E2\E2_dual_camera_height_scan\run_20260808_145501\raw\E2_dual_height_raw_20260808_145501.csv
E2,ihawk2,marker_1_TR,10.0,20260808_151001,marker_center,1,3,217.53723166666666,269.1710103333333,0.006306701224358524,0.004158356085440885,3.9774480333325295e-05,1.6343998666746093e-05,1.6343998666746093e-05,1.7291925333323238e-05,E2\E2_dual_camera_height_scan\run_20260808_151001\raw\E2_dual_height_raw_20260808_151001.csv
E2,ihawk2,marker_1_TR,10.0,20260808_151001,corner0,1,3,195.56422933333337,279.5272723333333,0.016432295802259345,0.017513039066166608,0.00027002034533295005,-0.00028048829666644674,-0.00028048829666644674,0.00030670653733307773,E2\E2_dual_camera_height_scan\run_20260808_151001\raw\E2_dual_height_raw_20260808_151001.csv
E2,ihawk2,marker_1_TR,10.0,20260808_151001,corner1,1,3,204.68692033333332,258.55705766666665,0.00038314531621074204,0.0005640712129853197,1.4680033333422952e-07,-2.1607983332892964e-07,-2.1607983332892964e-07,3.181763333187299e-07,E2\E2_dual_camera_height_scan\run_20260808_151001\raw\E2_dual_height_raw_20260808_151001.csv
E2,ihawk2,marker_1_TR,10.0,20260808_151001,corner2,1,3,237.99257400000002,258.3716736666667,0.04166135680699756,0.009358408215779688,0.001735668650999962,0.000389742912999638,0.000389742912999638,8.757980433317276e-05,E2\E2_dual_camera_height_scan\run_20260808_151001\raw\E2_dual_height_raw_20260808_151001.csv
E2,ihawk2,marker_1_TR,10.0,20260808_151001,corner3,1,3,231.90520233333336,280.2280376666667,0.013863515150693149,0.006874646342420296,0.00019219705233349847,-6.569832383343357e-05,-6.569832383343357e-05,4.726076233335275e-05,E2\E2_dual_camera_height_scan\run_20260808_151001\raw\E2_dual_height_raw_20260808_151001.csv
E2,ihawk2,marker_1_TR,10.0,20260808_162715,marker_center,1,3,219.426791,268.2745233333333,0.009117644268112868,0.005954494129088661,8.313143699985145e-05,4.342651449998496e-05,4.342651449998496e-05,3.545600033335133e-05,E2\E2_dual_camera_height_scan\run_20260808_162715\raw\E2_dual_height_raw_20260808_162715.csv
E2,ihawk2,marker_1_TR,10.0,20260808_162715,corner0,1,3,197.57799266666666,278.27734333333336,0.005327996371363427,0.014286554004871303,2.838754533326184e-05,-4.188999933323506e-05,-4.188999933323506e-05,0.00020410562533410427,E2\E2_dual_camera_height_scan\run_20260808_162715\raw\E2_dual_height_raw_20260808_162715.csv
E2,ihawk2,marker_1_TR,10.0,20260808_162715,corner1,1,3,206.90256266666665,257.79256166666664,0.014981413562581734,0.009798845357146065,0.00022444275233310794,0.00014633651933319754,0.00014633651933319754,9.6017370333263e-05,E2\E2_dual_camera_height_scan\run_20260808_162715\raw\E2_dual_height_raw_20260808_162715.csv
E2,ihawk2,marker_1_TR,10.0,20260808_162715,corner2,1,3,239.79719533333335,257.643575,0.017627736733147485,0.015224845516457114,0.00031073710233315714,8.489785099990821e-05,8.489785099990821e-05,0.00023179592099998428,E2\E2_dual_camera_height_scan\run_20260808_162715\raw\E2_dual_height_raw_20260808_162715.csv
E2,ihawk2,marker_1_TR,10.0,20260808_162715,corner3,1,3,233.42941299999998,279.38461333333333,0.00535408825104992,0.008843636714248817,2.866626100003079e-05,2.084119500109358e-06,2.084119500109358e-06,7.820991033360961e-05,E2\E2_dual_camera_height_scan\run_20260808_162715\raw\E2_dual_height_raw_20260808_162715.csv
E2,ihawk2,marker_2_BL,10.0,20260808_131913,marker_center,2,3,394.33687333333336,343.0303696666667,0.016618571097816615,0.008826201013658781,0.00027617690533318574,-9.338512633353798e-05,-9.338512633353798e-05,7.79018243335113e-05,E2\E2_dual_camera_height_scan\run_20260808_131913\raw\E2_dual_height_raw_20260808_131913.csv
E2,ihawk2,marker_2_BL,10.0,20260808_131913,corner0,2,3,375.4343873333334,360.50684633333327,0.004191858935295306,0.001297742013417967,1.7571681333415097e-05,-4.978201666785719e-06,-4.978201666785719e-06,1.6841343333901186e-06,E2\E2_dual_camera_height_scan\run_20260808_131913\raw\E2_dual_height_raw_20260808_131913.csv
E2,ihawk2,marker_2_BL,10.0,20260808_131913,corner1,2,3,369.4390363333334,326.6230163333333,0.0355753927642747,0.03268611289728697,0.001265608570332409,-0.0008573121361661424,-0.0008573121361661424,0.0010683819763341895,E2\E2_dual_camera_height_scan\run_20260808_131913\raw\E2_dual_height_raw_20260808_131913.csv
E2,ihawk2,marker_2_BL,10.0,20260808_131913,corner2,2,3,411.03856433333334,325.5249733333333,0.0231016629776641,0.01093458775324844,0.0005336868323335761,-0.00025160812766689795,-0.00025160812766689795,0.00011956520933349075,E2\E2_dual_camera_height_scan\run_20260808_131913\raw\E2_dual_height_raw_20260808_131913.csv
E2,ihawk2,marker_2_BL,10.0,20260808_131913,corner3,2,3,421.4355063333333,359.46664433333336,0.028074592807982104,0.006816249579744507,0.0007881827613340004,0.0001835130483334578,0.0001835130483334578,4.6461258333367164e-05,E2\E2_dual_camera_height_scan\run_20260808_131913\raw\E2_dual_height_raw_20260808_131913.csv
E2,ihawk2,marker_2_BL,10.0,20260808_141232,marker_center,2,3,389.60533366666664,344.56471766666664,0.007709446305236972,0.019757391789746725,5.9435562333331995e-05,0.0001072300843335424,0.0001072300843335424,0.00039035453033355125,E2\E2_dual_camera_height_scan\run_20260808_141232\raw\E2_dual_height_raw_20260808_141232.csv
E2,ihawk2,marker_2_BL,10.0,20260808_141232,corner0,2,3,370.1181133333334,361.73657199999997,0.032558734009999195,0.03554859576691909,0.0010600711603338784,0.0007860759354998005,0.0007860759354998005,0.0012637026609998178,E2\E2_dual_camera_height_scan\run_20260808_141232\raw\E2_dual_height_raw_20260808_141232.csv
E2,ihawk2,marker_2_BL,10.0,20260808_141232,corner1,2,3,364.932994,327.74542233333335,0.04568997811337819,0.04656850148258638,0.002087574100000978,-0.002125781470000709,-0.002125781470000709,0.0021686253303336497,E2\E2_dual_camera_height_scan\run_20260808_141232\raw\E2_dual_height_raw_20260808_141232.csv
E2,ihawk2,marker_2_BL,10.0,20260808_141232,corner2,2,3,406.9204913333333,327.4739993333333,0.03677201599492693,0.007082933102388941,0.0013521811603311622,0.00026045372933204355,0.00026045372933204355,5.016794133291702e-05,E2\E2_dual_camera_height_scan\run_20260808_141232\raw\E2_dual_height_raw_20260808_141232.csv
E2,ihawk2,marker_2_BL,10.0,20260808_141232,corner3,2,3,416.44973766666664,361.30287666666663,0.009489364063680924,0.003579543313527381,9.004803033307893e-05,2.5097698833218663e-05,2.5097698833218663e-05,1.281313033341858e-05,E2\E2_dual_camera_height_scan\run_20260808_141232\raw\E2_dual_height_raw_20260808_141232.csv
E2,ihawk2,marker_2_BL,10.0,20260808_145501,marker_center,2,3,394.54385133333335,343.932355,0.0022970708159090357,0.001608489042541085,5.276534333301003e-06,-5.820369999684986e-07,-5.820369999684986e-07,2.5872369999747368e-06,E2\E2_dual_camera_height_scan\run_20260808_145501\raw\E2_dual_height_raw_20260808_145501.csv
E2,ihawk2,marker_2_BL,10.0,20260808_145501,corner0,2,3,375.6304523333333,361.28839100000005,0.024299097150585158,0.03120369364355236,0.0005904461223335757,0.0007322337890001842,0.0007322337890001842,0.0009736704970006698,E2\E2_dual_camera_height_scan\run_20260808_145501\raw\E2_dual_height_raw_20260808_145501.csv
E2,ihawk2,marker_2_BL,10.0,20260808_145501,corner1,2,3,369.50261466666666,327.621684,0.00044259048041154066,0.006381849340114717,1.9588633335091834e-07,3.7394999939468966e-08,3.7394999939468966e-08,4.072800099992265e-05,E2\E2_dual_camera_height_scan\run_20260808_145501\raw\E2_dual_height_raw_20260808_145501.csv
E2,ihawk2,marker_2_BL,10.0,20260808_145501,corner2,2,3,411.3442586666667,326.457133,0.010088264783073262,0.009103075798885587,0.0001017730863333962,8.521126300000385e-05,8.521126300000385e-05,8.286598900025646e-05,E2\E2_dual_camera_height_scan\run_20260808_145501\raw\E2_dual_height_raw_20260808_145501.csv
E2,ihawk2,marker_2_BL,10.0,20260808_145501,corner3,2,3,421.6980793333334,360.36221333333333,0.009583267414256523,0.022033978223049186,9.18390143331509e-05,0.00020477683933302918,0.00020477683933302918,0.00048549619633380574,E2\E2_dual_camera_height_scan\run_20260808_145501\raw\E2_dual_height_raw_20260808_145501.csv
E2,ihawk2,marker_2_BL,10.0,20260808_151001,marker_center,2,3,393.39103700000004,344.6301803333334,0.006196822814958598,0.014240051486339472,3.84006129999914e-05,-7.778988150015137e-05,-7.778988150015137e-05,0.000202779066333599,E2\E2_dual_camera_height_scan\run_20260808_151001\raw\E2_dual_height_raw_20260808_151001.csv
E2,ihawk2,marker_2_BL,10.0,20260808_151001,corner0,2,3,374.17313633333333,361.7650553333333,0.01727605861686241,0.03855229639507848,0.0002984622013332659,0.0006660011453333954,0.0006660011453333954,0.0014862795573339811,E2\E2_dual_camera_height_scan\run_20260808_151001\raw\E2_dual_height_raw_20260808_151001.csv
E2,ihawk2,marker_2_BL,10.0,20260808_151001,corner1,2,3,368.53858433333335,327.957601,0.032451868456741105,0.0168275186227811,0.0010531237663336283,-0.0005302895315000478,-0.0005302895315000478,0.00028316538300004476,E2\E2_dual_camera_height_scan\run_20260808_151001\raw\E2_dual_height_raw_20260808_151001.csv
E2,ihawk2,marker_2_BL,10.0,20260808_151001,corner2,2,3,410.46923833333335,327.39865133333336,0.004144911257588965,0.005488760546193718,1.7180289333287738e-05,2.014763533334972e-05,2.014763533334972e-05,3.0126492333452767e-05,E2\E2_dual_camera_height_scan\run_20260808_151001\raw\E2_dual_height_raw_20260808_151001.csv
E2,ihawk2,marker_2_BL,10.0,20260808_151001,corner3,2,3,420.38318899999996,361.399414,0.008439913565899852,0.005497529263225942,7.123214099986036e-05,-4.639594499997436e-05,-4.639594499997436e-05,3.0222828000025568e-05,E2\E2_dual_camera_height_scan\run_20260808_151001\raw\E2_dual_height_raw_20260808_151001.csv
E2,ihawk2,marker_2_BL,10.0,20260808_162715,marker_center,2,3,393.0465443333333,344.30368066666665,0.00381433379939778,0.00656388431750127,1.4549142333228302e-05,2.1476383666570992e-05,2.1476383666570992e-05,4.308457733353911e-05,E2\E2_dual_camera_height_scan\run_20260808_162715\raw\E2_dual_height_raw_20260808_162715.csv
E2,ihawk2,marker_2_BL,10.0,20260808_162715,corner0,2,3,373.6379906666666,361.2575583333333,0.005399329989301011,0.015161956744858339,2.915276433336526e-05,4.692101316658995e-05,4.692101316658995e-05,0.00022988493233295527,E2\E2_dual_camera_height_scan\run_20260808_162715\raw\E2_dual_height_raw_20260808_162715.csv
E2,ihawk2,marker_2_BL,10.0,20260808_162715,corner1,2,3,368.59194899999994,327.711334,6.961868572213853e-14,0.0,4.8467614016778965e-27,0.0,0.0,0.0,E2\E2_dual_camera_height_scan\run_20260808_162715\raw\E2_dual_height_raw_20260808_162715.csv
E2,ihawk2,marker_2_BL,10.0,20260808_162715,corner2,2,3,410.28674300000006,327.45756033333333,0.007233771630359382,0.005622122137888398,5.232745200019223e-05,3.960429400010933e-05,3.960429400010933e-05,3.160825733333481e-05,E2\E2_dual_camera_height_scan\run_20260808_162715\raw\E2_dual_height_raw_20260808_162715.csv
E2,ihawk2,marker_2_BL,10.0,20260808_162715,corner3,2,3,419.66949466666665,360.78826899999996,0.015822793505999664,0.01633841904836723,0.00025036079433350515,0.00025693235550009266,0.00025693235550009266,0.0002669439370000491,E2\E2_dual_camera_height_scan\run_20260808_162715\raw\E2_dual_height_raw_20260808_162715.csv
E2,ihawk2,marker_3_BR,10.0,20260808_131913,marker_center,3,3,376.2602156666667,267.60441333333335,0.006574527536897639,0.002635337233339302,4.322441233342534e-05,1.6182658666771405e-05,1.6182658666771405e-05,6.945002333424447e-06,E2\E2_dual_camera_height_scan\run_20260808_131913\raw\E2_dual_height_raw_20260808_131913.csv
E2,ihawk2,marker_3_BR,10.0,20260808_131913,corner0,3,3,360.9930826666667,278.52818833333333,0.0005306998523775922,0.02601511907204567,2.8164233331359814e-07,1.35237091662348e-05,1.35237091662348e-05,0.0006767864203327145,E2\E2_dual_camera_height_scan\run_20260808_131913\raw\E2_dual_height_raw_20260808_131913.csv
E2,ihawk2,marker_3_BR,10.0,20260808_131913,corner1,3,3,357.3075966666667,257.53372199999995,0.01905789134016151,0.023020429448653845,0.00036320322233340303,-0.0003272472350003011,-0.0003272472350003011,0.0005299401720004492,E2\E2_dual_camera_height_scan\run_20260808_131913\raw\E2_dual_height_raw_20260808_131913.csv
E2,ihawk2,marker_3_BR,10.0,20260808_131913,corner2,3,3,390.21259566666663,256.6510416666667,0.00828578954194008,0.012309631039686247,6.86543083333236e-05,8.940782083335568e-05,8.940782083335568e-05,0.0001515270163332071,E2\E2_dual_camera_height_scan\run_20260808_131913\raw\E2_dual_height_raw_20260808_131913.csv
E2,ihawk2,marker_3_BR,10.0,20260808_131913,corner3,3,3,396.527588,277.70470166666667,0.005286219064710948,0.010765850469571563,2.7944112000113494e-05,-5.6910644000076515e-05,-5.6910644000076515e-05,0.00011590353633317423,E2\E2_dual_camera_height_scan\run_20260808_131913\raw\E2_dual_height_raw_20260808_131913.csv
E2,ihawk2,marker_3_BR,10.0,20260808_141232,marker_center,3,3,373.46689066666664,268.5253626666667,0.014039104399259731,0.007436071162487129,0.00019709645233331394,9.036563183348806e-05,9.036563183348806e-05,5.5295154333572674e-05,E2\E2_dual_camera_height_scan\run_20260808_141232\raw\E2_dual_height_raw_20260808_141232.csv
E2,ihawk2,marker_3_BR,10.0,20260808_141232,corner0,3,3,357.707784,279.4536336666667,0.03356885721914195,0.0074465929345668876,0.0011268681749991383,0.00013326044250005554,0.00013326044250005554,5.5451746333141496e-05,E2\E2_dual_camera_height_scan\run_20260808_141232\raw\E2_dual_height_raw_20260808_141232.csv
E2,ihawk2,marker_3_BR,10.0,20260808_141232,corner1,3,3,354.679677,257.8717856666667,0.012912013746865441,0.0029253041437470005,0.0001667200989992421,-3.776466050011462e-05,-3.776466050011462e-05,8.557404333423372e-06,E2\E2_dual_camera_height_scan\run_20260808_141232\raw\E2_dual_height_raw_20260808_141232.csv
E2,ihawk2,marker_3_BR,10.0,20260808_141232,corner2,3,3,387.86300666666665,257.56368,0.06307299822693219,0.02733794408874027,0.0039782031053345905,0.0017194651169992164,0.0017194651169992164,0.0007473631869990891,E2\E2_dual_camera_height_scan\run_20260808_141232\raw\E2_dual_height_raw_20260808_141232.csv
E2,ihawk2,marker_3_BR,10.0,20260808_141232,corner3,3,3,393.617096,279.2123516666667,0.012781088020974333,0.007303670880680924,0.0001633562109998936,-9.295644499994074e-05,-9.295644499994074e-05,5.334360833330646e-05,E2\E2_dual_camera_height_scan\run_20260808_141232\raw\E2_dual_height_raw_20260808_141232.csv
E2,ihawk2,marker_3_BR,10.0,20260808_145501,marker_center,3,3,376.3221536666667,268.00561,0.007930558135027124,0.0030191709126940708,6.28937523330449e-05,-2.553839999935755e-06,-2.553839999935755e-06,9.115393000057947e-06,E2\E2_dual_camera_height_scan\run_20260808_145501\raw\E2_dual_height_raw_20260808_145501.csv
E2,ihawk2,marker_3_BR,10.0,20260808_145501,corner0,3,3,361.0377806666667,279.2590433333333,0.0007849110352834143,0.012254209576026005,6.160853333096812e-07,-6.436177333253079e-06,-6.436177333253079e-06,0.00015016565233316742,E2\E2_dual_camera_height_scan\run_20260808_145501\raw\E2_dual_height_raw_20260808_145501.csv
E2,ihawk2,marker_3_BR,10.0,20260808_145501,corner1,3,3,357.29171766666667,257.50223766666664,0.002347727695740417,0.006116778345911686,5.511825333346608e-06,2.650273333336664e-06,2.650273333336664e-06,3.7414977333014104e-05,E2\E2_dual_camera_height_scan\run_20260808_145501\raw\E2_dual_height_raw_20260808_145501.csv
E2,ihawk2,marker_3_BR,10.0,20260808_145501,corner2,3,3,390.3149413333333,257.1167093333333,0.031269218639643395,0.010844623429741,0.0009777640343338221,0.00016774180933320647,0.00016774180933320647,0.00011760585733288745,E2\E2_dual_camera_height_scan\run_20260808_145501\raw\E2_dual_height_raw_20260808_145501.csv
E2,ihawk2,marker_3_BR,10.0,20260808_145501,corner3,3,3,396.64417499999996,278.1444496666666,0.0005109549882555241,0.0007580609034683541,2.610750000232027e-07,-3.8733500002864474e-07,-3.8733500002864474e-07,5.746563333672573e-07,E2\E2_dual_camera_height_scan\run_20260808_145501\raw\E2_dual_height_raw_20260808_145501.csv
E2,ihawk2,marker_3_BR,10.0,20260808_151001,marker_center,3,3,376.20500666666663,268.459404,0.0022500245183669403,0.002976791393421924,5.062610333252381e-06,5.477818499924366e-06,5.477818499924366e-06,8.861286999950839e-06,E2\E2_dual_camera_height_scan\run_20260808_151001\raw\E2_dual_height_raw_20260808_151001.csv
E2,ihawk2,marker_3_BR,10.0,20260808_151001,corner0,3,3,360.62577300000004,279.4833476666667,0.0028732135319208697,0.006548717762531659,8.255356000013199e-06,1.8779313000012445e-05,1.8779313000012445e-05,4.288570433329766e-05,E2\E2_dual_camera_height_scan\run_20260808_151001\raw\E2_dual_height_raw_20260808_151001.csv
E2,ihawk2,marker_3_BR,10.0,20260808_151001,corner1,3,3,357.3108113333333,258.0246173333333,0.007816724207319442,0.016546284487245468,6.110117733329374e-05,0.00012871545933315962,0.00012871545933315962,0.00027377953033286,E2\E2_dual_camera_height_scan\run_20260808_151001\raw\E2_dual_height_raw_20260808_151001.csv
E2,ihawk2,marker_3_BR,10.0,20260808_151001,corner2,3,3,390.342326,257.641164,0.006533407763163742,0.011210152675151056,4.2685416999768255e-05,7.324021449985813e-05,7.324021449985813e-05,0.00012566752300019636,E2\E2_dual_camera_height_scan\run_20260808_151001\raw\E2_dual_height_raw_20260808_151001.csv
E2,ihawk2,marker_3_BR,10.0,20260808_151001,corner3,3,3,396.5411173333334,278.6884866666667,0.00021633846938446706,0.011319768961145327,4.6802333335613996e-08,2.432819666695719e-06,2.432819666695719e-06,0.00012813716933370915,E2\E2_dual_camera_height_scan\run_20260808_151001\raw\E2_dual_height_raw_20260808_151001.csv
E2,ihawk2,marker_3_BR,10.0,20260808_162715,marker_center,3,3,377.16346233333337,268.8979033333333,0.004074458164390401,0.007322492016626471,1.6601209333367595e-05,-2.357000666580317e-06,-2.357000666580317e-06,5.36188893335584e-05,E2\E2_dual_camera_height_scan\run_20260808_162715\raw\E2_dual_height_raw_20260808_162715.csv
E2,ihawk2,marker_3_BR,10.0,20260808_162715,corner0,3,3,361.4735513333333,279.6151426666667,0.021055740412840154,0.021130313517155233,0.00044334420433291005,-5.2645605333755637e-05,-5.2645605333755637e-05,0.0004464901493332731,E2\E2_dual_camera_height_scan\run_20260808_162715\raw\E2_dual_height_raw_20260808_162715.csv
E2,ihawk2,marker_3_BR,10.0,20260808_162715,corner1,3,3,358.4709066666667,258.389089,0.005447176730506653,0.010193222797520406,2.9671734333373153e-05,-4.843055549993872e-05,-4.843055549993872e-05,0.00010390179099988973,E2\E2_dual_camera_height_scan\run_20260808_162715\raw\E2_dual_height_raw_20260808_162715.csv
E2,ihawk2,marker_3_BR,10.0,20260808_162715,corner2,3,3,391.450175,258.27463800000004,0.0005711593472802134,0.00083301620632126,3.262229999855594e-07,4.7518499998814056e-07,4.7518499998814056e-07,6.93915999993864e-07,E2\E2_dual_camera_height_scan\run_20260808_162715\raw\E2_dual_height_raw_20260808_162715.csv
E2,ihawk2,marker_3_BR,10.0,20260808_162715,corner3,3,3,397.25921633333337,279.31274433333334,0.0006570253673347951,0.000152500273236676,4.3168233332142243e-07,-4.6756666669575825e-08,-4.6756666669575825e-08,2.325633333726084e-08,E2\E2_dual_camera_height_scan\run_20260808_162715\raw\E2_dual_height_raw_20260808_162715.csv
E2,ihawk2,marker_4_C,10.0,20260808_131913,marker_center,4,3,295.64113133333336,301.86906933333336,0.006508608555864741,0.009220579175589829,4.236198533347571e-05,-1.581085366640247e-05,-1.581085366640247e-05,8.50190803333208e-05,E2\E2_dual_camera_height_scan\run_20260808_131913\raw\E2_dual_height_raw_20260808_131913.csv
E2,ihawk2,marker_4_C,10.0,20260808_131913,corner0,4,3,274.5870363333333,315.2214456666666,0.02327110004563093,0.01540695769234057,0.0005415440973337638,-4.682617333333893e-05,-4.682617333333893e-05,0.00023737434533357223,E2\E2_dual_camera_height_scan\run_20260808_131913\raw\E2_dual_height_raw_20260808_131913.csv
E2,ihawk2,marker_4_C,10.0,20260808_131913,corner1,4,3,277.77271533333334,289.0375973333334,0.017618998164878087,0.01601569646731694,0.0003104290963339774,-0.00028218052666690164,-0.00028218052666690164,0.00025650253333322836,E2\E2_dual_camera_height_scan\run_20260808_131913\raw\E2_dual_height_raw_20260808_131913.csv
E2,ihawk2,marker_4_C,10.0,20260808_131913,corner2,4,3,314.863047,288.542084,0.0009335753852855102,0.00449293979481249,8.715630000109888e-07,4.194498000006671e-06,4.194498000006671e-06,2.0186507999809698e-05,E2\E2_dual_camera_height_scan\run_20260808_131913\raw\E2_dual_height_raw_20260808_131913.csv
E2,ihawk2,marker_4_C,10.0,20260808_131913,corner3,4,3,315.34172566666666,314.67515066666664,0.007610987474232758,0.023577622703170653,5.792713033292794e-05,-9.217510516630027e-05,-9.217510516630027e-05,0.0005559042923330682,E2\E2_dual_camera_height_scan\run_20260808_131913\raw\E2_dual_height_raw_20260808_131913.csv
E2,ihawk2,marker_4_C,10.0,20260808_141232,marker_center,4,3,291.73591366666665,302.4654693333334,0.008446319691639493,0.0065780009374767105,7.134031633337705e-05,-5.5251099833425025e-05,-5.5251099833425025e-05,4.327009633344449e-05,E2\E2_dual_camera_height_scan\run_20260808_141232\raw\E2_dual_height_raw_20260808_141232.csv
E2,ihawk2,marker_4_C,10.0,20260808_141232,corner0,4,3,270.3046773333333,315.50031499999994,0.004087038577424257,0.014418638597317793,1.6703884333354093e-05,-5.169067050002809e-05,-5.169067050002809e-05,0.00020789713900006243,E2\E2_dual_camera_height_scan\run_20260808_141232\raw\E2_dual_height_raw_20260808_141232.csv
E2,ihawk2,marker_4_C,10.0,20260808_141232,corner1,4,3,274.2643126666666,289.4909363333333,0.014517834629609129,0.004177179111962062,0.00021076752233267806,-3.003364733337825e-05,-3.003364733337825e-05,1.7448825333412154e-05,E2\E2_dual_camera_height_scan\run_20260808_141232\raw\E2_dual_height_raw_20260808_141232.csv
E2,ihawk2,marker_4_C,10.0,20260808_141232,corner2,4,3,311.39667733333334,289.40090933333335,0.0027308667732640524,0.000951473243650838,7.457633333317616e-06,-2.5983466667358453e-06,-2.5983466667358453e-06,9.053013333834468e-07,E2\E2_dual_camera_height_scan\run_20260808_141232\raw\E2_dual_height_raw_20260808_141232.csv
E2,ihawk2,marker_4_C,10.0,20260808_141232,corner3,4,3,310.9779863333333,315.46971633333334,0.016931951344504856,0.010131342523758852,0.00028669097633267983,-0.0001715433986667979,-0.0001715433986667979,0.00010264410133372437,E2\E2_dual_camera_height_scan\run_20260808_141232\raw\E2_dual_height_raw_20260808_141232.csv
E2,ihawk2,marker_4_C,10.0,20260808_145501,marker_center,4,3,295.65172566666666,302.67656200000005,0.0038481697381347307,0.007567912724116342,1.4808410333495922e-05,1.7308945001661156e-06,1.7308945001661156e-06,5.727330299984203e-05,E2\E2_dual_camera_height_scan\run_20260808_145501\raw\E2_dual_height_raw_20260808_145501.csv
E2,ihawk2,marker_4_C,10.0,20260808_145501,corner0,4,3,274.6685996666667,316.071116,0.011858197178910002,0.05504284261374815,0.00014061684033390913,-0.0006527088810015355,-0.0006527088810015355,0.003029714523001849,E2\E2_dual_camera_height_scan\run_20260808_145501\raw\E2_dual_height_raw_20260808_145501.csv
E2,ihawk2,marker_4_C,10.0,20260808_145501,corner1,4,3,277.7164306666666,289.66904700000003,0.029838798071191858,0.03788376343498738,0.0008903538703333629,-0.001130392583999267,-0.001130392583999267,0.0014351795319980868,E2\E2_dual_camera_height_scan\run_20260808_145501\raw\E2_dual_height_raw_20260808_145501.csv
E2,ihawk2,marker_4_C,10.0,20260808_145501,corner2,4,3,314.85151133333335,289.39970933333336,0.0014451077237759475,0.004457721428415203,2.0883363333169004e-06,-6.44188766664436e-06,-6.44188766664436e-06,1.987128033335208e-05,E2\E2_dual_camera_height_scan\run_20260808_145501\raw\E2_dual_height_raw_20260808_145501.csv
E2,ihawk2,marker_4_C,10.0,20260808_145501,corner3,4,3,315.3703613333334,315.5663756666666,0.004044079664543045,0.036538549811561905,1.6354580333170587e-05,-9.204108733244373e-05,-9.204108733244373e-05,0.0013350656223319903,E2\E2_dual_camera_height_scan\run_20260808_145501\raw\E2_dual_height_raw_20260808_145501.csv
E2,ihawk2,marker_4_C,10.0,20260808_151001,marker_center,4,3,295.10684699999996,302.5850193333333,0.00832166641963379,0.014445993539161359,6.925013199966066e-05,0.00012020783799975017,0.00012020783799975017,0.0002086867293334917,E2\E2_dual_camera_height_scan\run_20260808_151001\raw\E2_dual_height_raw_20260808_151001.csv
E2,ihawk2,marker_4_C,10.0,20260808_151001,corner0,4,3,273.907298,315.756195,0.026451185739015174,0.05756262977834561,0.0006996652269998796,0.001522446250499623,0.001522446250499623,0.0033134563469988804,E2\E2_dual_camera_height_scan\run_20260808_151001\raw\E2_dual_height_raw_20260808_151001.csv
E2,ihawk2,marker_4_C,10.0,20260808_151001,corner1,4,3,277.456543,289.478485,0.0,0.0,0.0,0.0,0.0,0.0,E2\E2_dual_camera_height_scan\run_20260808_151001\raw\E2_dual_height_raw_20260808_151001.csv
E2,ihawk2,marker_4_C,10.0,20260808_151001,corner2,4,3,314.48201466666666,289.484914,0.0008631386524253001,0.0059288288894147195,7.450083333105631e-07,-5.11738499991874e-06,-5.11738499991874e-06,3.515101199995858e-05,E2\E2_dual_camera_height_scan\run_20260808_151001\raw\E2_dual_height_raw_20260808_151001.csv
E2,ihawk2,marker_4_C,10.0,20260808_151001,corner3,4,3,314.58153266666665,315.62048333333337,0.007700120540169693,0.005708262111473203,5.92918563331432e-05,-4.395430633322723e-05,-4.395430633322723e-05,3.258425633328051e-05,E2\E2_dual_camera_height_scan\run_20260808_151001\raw\E2_dual_height_raw_20260808_151001.csv
E2,ihawk2,marker_4_C,10.0,20260808_162715,marker_center,4,3,295.7832386666667,302.0455753333333,0.004771882472723398,0.0030919253440537565,2.277086233348477e-05,1.098428716667919e-05,1.098428716667919e-05,9.560002333201942e-06,E2\E2_dual_camera_height_scan\run_20260808_162715\raw\E2_dual_height_raw_20260808_162715.csv
E2,ihawk2,marker_4_C,10.0,20260808_162715,corner0,4,3,274.503662,314.7655536666667,0.009524884303764984,0.0033863971021351916,9.072342100010857e-05,3.211497200005531e-05,3.211497200005531e-05,1.1467685333349623e-05,E2\E2_dual_camera_height_scan\run_20260808_162715\raw\E2_dual_height_raw_20260808_162715.csv
E2,ihawk2,marker_4_C,10.0,20260808_162715,corner1,4,3,278.48668399999997,289.029622,0.007787300430826948,0.01092404444332394,6.064204799995757e-05,-8.506881599986926e-05,-8.506881599986926e-05,0.00011933474699971667,E2\E2_dual_camera_height_scan\run_20260808_162715\raw\E2_dual_height_raw_20260808_162715.csv
E2,ihawk2,marker_4_C,10.0,20260808_162715,corner2,4,3,315.401235,289.36559033333333,0.009711014571097725,0.014197326943255834,9.430380400007234e-05,0.00013353435300016874,0.00013353435300016874,0.00020156409233369806,E2\E2_dual_camera_height_scan\run_20260808_162715\raw\E2_dual_height_raw_20260808_162715.csv
E2,ihawk2,marker_4_C,10.0,20260808_162715,corner3,4,3,314.7413736666667,315.02153533333336,0.0027490815435880097,0.009184367225516002,7.557449333296234e-06,-2.5246257333239e-05,-2.5246257333239e-05,8.435260133313251e-05,E2\E2_dual_camera_height_scan\run_20260808_162715\raw\E2_dual_height_raw_20260808_162715.csv
E2,ihawk2,marker_0_TL,15.0,20260808_131913,marker_center,0,3,190.08200733333334,342.37199899999996,0.00554890857136076,0.007458545635717127,3.0790386333320906e-05,-5.172516500045779e-06,-5.172516500045779e-06,5.5629903000075e-05,E2\E2_dual_camera_height_scan\run_20260808_131913\raw\E2_dual_height_raw_20260808_131913.csv
E2,ihawk2,marker_0_TL,15.0,20260808_131913,corner0,0,3,160.40543633333334,359.44318666666663,0.007892005976512729,0.007913747363499007,6.228375833331264e-05,-5.6759933333266985e-05,-5.6759933333266985e-05,6.26273973332875e-05,E2\E2_dual_camera_height_scan\run_20260808_131913\raw\E2_dual_height_raw_20260808_131913.csv
E2,ihawk2,marker_0_TL,15.0,20260808_131913,corner1,0,3,174.74386600000003,325.1991983333333,0.0114041120215423,0.02124194827065647,0.0001300537709998856,-6.199044000012961e-06,-6.199044000012961e-06,0.00045122036633324543,E2\E2_dual_camera_height_scan\run_20260808_131913\raw\E2_dual_height_raw_20260808_131913.csv
E2,ihawk2,marker_0_TL,15.0,20260808_131913,corner2,0,3,217.61787933333335,325.402995,0.008931895898029082,0.0174370645752075,7.977876433322874e-05,-0.00010761872399984257,-0.00010761872399984257,0.0003040512209999563,E2\E2_dual_camera_height_scan\run_20260808_131913\raw\E2_dual_height_raw_20260808_131913.csv
E2,ihawk2,marker_0_TL,15.0,20260808_131913,corner3,0,3,207.56084733333333,359.442617,0.007726101302283268,0.014729360067561105,5.969264133314321e-05,-0.00011380052799978302,-0.00011380052799978302,0.00021695404799986368,E2\E2_dual_camera_height_scan\run_20260808_131913\raw\E2_dual_height_raw_20260808_131913.csv
E2,ihawk2,marker_0_TL,15.0,20260808_141232,marker_center,0,3,186.05374666666663,340.69314333333335,0.017220799468482786,0.013913083207319129,0.00029655593433369694,-0.00015866516983356846,-0.00015866516983356846,0.00019357388433378553,E2\E2_dual_camera_height_scan\run_20260808_141232\raw\E2_dual_height_raw_20260808_141232.csv
E2,ihawk2,marker_0_TL,15.0,20260808_141232,corner0,0,3,156.171936,357.32184866666665,0.032659211732679584,0.03178708279056641,0.0010666241109999958,-0.0010135202415005303,-0.0010135202415005303,0.0010104186323343233,E2\E2_dual_camera_height_scan\run_20260808_141232\raw\E2_dual_height_raw_20260808_141232.csv
E2,ihawk2,marker_0_TL,15.0,20260808_141232,corner1,0,3,171.46140566666668,323.574056,0.004318786442198376,0.000462236952229131,1.8651916333316508e-05,-1.6054984999855443e-06,-1.6054984999855443e-06,2.136630000060759e-07,E2\E2_dual_camera_height_scan\run_20260808_141232\raw\E2_dual_height_raw_20260808_141232.csv
E2,ihawk2,marker_0_TL,15.0,20260808_141232,corner2,0,3,213.66027833333337,324.1810403333333,0.0055375014522204245,0.061642311226400195,3.066392233334331e-05,0.00027354924333345716,0.00027354924333345716,0.0037997745333323836,E2\E2_dual_camera_height_scan\run_20260808_141232\raw\E2_dual_height_raw_20260808_141232.csv
E2,ihawk2,marker_0_TL,15.0,20260808_141232,corner3,0,3,202.921366,357.695628,0.08137218556115808,0.028929483732004616,0.006621432582999544,-0.002352869712500321,-0.002352869712500321,0.0008369150290003198,E2\E2_dual_camera_height_scan\run_20260808_141232\raw\E2_dual_height_raw_20260808_141232.csv
E2,ihawk2,marker_0_TL,15.0,20260808_145501,marker_center,0,3,189.74595166666666,342.3619383333333,0.028750668276292576,0.024642756792497687,0.0008266009263334164,0.0005511356691673487,0.0005511356691673487,0.0006072654623341909,E2\E2_dual_camera_height_scan\run_20260808_145501\raw\E2_dual_height_raw_20260808_145501.csv
E2,ihawk2,marker_0_TL,15.0,20260808_145501,corner0,0,3,159.934794,359.216258,0.10854536638199246,0.0690069907111003,0.011782096563000978,0.0064672841895009265,0.0064672841895009265,0.004761964767001882,E2\E2_dual_camera_height_scan\run_20260808_145501\raw\E2_dual_height_raw_20260808_145501.csv
E2,ihawk2,marker_0_TL,15.0,20260808_145501,corner1,0,3,174.61319966666667,325.267456,0.01120149652203341,0.007688698459428086,0.00012547352433312656,8.089966099993081e-05,8.089966099993081e-05,5.911608400001182e-05,E2\E2_dual_camera_height_scan\run_20260808_145501\raw\E2_dual_height_raw_20260808_145501.csv
E2,ihawk2,marker_0_TL,15.0,20260808_145501,corner2,0,3,217.27207933333332,325.59368900000004,0.008622670719292862,0.03430984685190063,7.435045033335048e-05,0.00014823525199969065,0.00014823525199969065,0.0011771655910008756,E2\E2_dual_camera_height_scan\run_20260808_145501\raw\E2_dual_height_raw_20260808_145501.csv
E2,ihawk2,marker_0_TL,15.0,20260808_145501,corner3,0,3,207.16373199999998,359.370351,0.0059996855751003626,0.008024548772369765,3.599622700006737e-05,1.1460579000114445e-05,1.1460579000114445e-05,6.439338300014109e-05,E2\E2_dual_camera_height_scan\run_20260808_145501\raw\E2_dual_height_raw_20260808_145501.csv
E2,ihawk2,marker_0_TL,15.0,20260808_151001,marker_center,0,3,190.79178366666667,341.02391033333333,0.013301038919318825,0.007242333693855268,0.0001769176363332341,-7.756595133332265e-05,-7.756595133332265e-05,5.245139733315129e-05,E2\E2_dual_camera_height_scan\run_20260808_151001\raw\E2_dual_height_raw_20260808_151001.csv
E2,ihawk2,marker_0_TL,15.0,20260808_151001,corner0,0,3,161.006968,357.543833,0.024702508617551168,0.0009162548772207329,0.0006102139320001898,2.263379400041844e-05,2.263379400041844e-05,8.395230000307803e-07,E2\E2_dual_camera_height_scan\run_20260808_151001\raw\E2_dual_height_raw_20260808_151001.csv
E2,ihawk2,marker_0_TL,15.0,20260808_151001,corner1,0,3,175.66737866666668,324.2076823333333,0.0006210719228412482,0.0013347592791747363,3.857303333417255e-07,-8.189448333458243e-07,-8.189448333458243e-07,1.7815823333430617e-06,E2\E2_dual_camera_height_scan\run_20260808_151001\raw\E2_dual_height_raw_20260808_151001.csv
E2,ihawk2,marker_0_TL,15.0,20260808_151001,corner2,0,3,218.31676733333333,324.4990843333333,0.016785163011829196,0.010528742675805685,0.00028174169733367893,-3.425878966670655e-05,-3.425878966670655e-05,0.00011085442233333183,E2\E2_dual_camera_height_scan\run_20260808_151001\raw\E2_dual_height_raw_20260808_151001.csv
E2,ihawk2,marker_0_TL,15.0,20260808_151001,corner3,0,3,208.17602033333333,357.845042,0.021945737406919026,0.029705055394672077,0.000481615390333445,-0.0006517668720002843,-0.0006517668720002843,0.0008823903160005367,E2\E2_dual_camera_height_scan\run_20260808_151001\raw\E2_dual_height_raw_20260808_151001.csv
E2,ihawk2,marker_0_TL,15.0,20260808_162715,marker_center,0,3,191.92771766666667,339.92513533333334,0.017677751676423756,0.004696418245146489,0.00031250290433330294,6.829673816659733e-05,6.829673816659733e-05,2.2056344333344824e-05,E2\E2_dual_camera_height_scan\run_20260808_162715\raw\E2_dual_height_raw_20260808_162715.csv
E2,ihawk2,marker_0_TL,15.0,20260808_162715,corner0,0,3,162.419759,356.6365563333334,9.699484522510791e-05,0.0001760918321177066,9.408000000242639e-09,1.7080000001662638e-08,1.7080000001662638e-08,3.100833333857057e-08,E2\E2_dual_camera_height_scan\run_20260808_162715\raw\E2_dual_height_raw_20260808_162715.csv
E2,ihawk2,marker_0_TL,15.0,20260808_162715,corner1,0,3,176.671906,322.847931,0.0,0.0,0.0,0.0,0.0,0.0,E2\E2_dual_camera_height_scan\run_20260808_162715\raw\E2_dual_height_raw_20260808_162715.csv
E2,ihawk2,marker_0_TL,15.0,20260808_162715,corner2,0,3,219.26446033333335,323.47086566666667,0.07054938991467481,0.025334877862995257,0.004977216417332821,0.001328407313667355,0.001328407313667355,0.0006418560363328872,E2\E2_dual_camera_height_scan\run_20260808_162715\raw\E2_dual_height_raw_20260808_162715.csv
E2,ihawk2,marker_0_TL,15.0,20260808_162715,corner3,0,3,209.35474666666667,356.7451883333333,0.0006940153696622341,0.007113737578311245,4.816573333274074e-07,-4.443790333304569e-06,-4.443790333304569e-06,5.060526233307754e-05,E2\E2_dual_camera_height_scan\run_20260808_162715\raw\E2_dual_height_raw_20260808_162715.csv
E2,ihawk2,marker_1_TR,15.0,20260808_131913,marker_center,1,3,216.934696,266.1510633333333,0.009585107667622569,0.013620617656081769,9.187428899991696e-05,4.732914999988537e-05,4.732914999988537e-05,0.0001855212253331664,E2\E2_dual_camera_height_scan\run_20260808_131913\raw\E2_dual_height_raw_20260808_131913.csv
E2,ihawk2,marker_1_TR,15.0,20260808_131913,corner0,1,3,194.996882,276.775187,0.010430409963182423,0.017460804191092888,0.00010879345200005514,0.00018212334599995267,0.00018212334599995267,0.000304879682999687,E2\E2_dual_camera_height_scan\run_20260808_131913\raw\E2_dual_height_raw_20260808_131913.csv
E2,ihawk2,marker_1_TR,15.0,20260808_131913,corner1,1,3,203.6793773333333,255.34790033333334,0.029747526054004807,0.007366772450219818,0.0008849153063336947,-0.00012696898316688206,-0.00012696898316688206,5.42693363333177e-05,E2\E2_dual_camera_height_scan\run_20260808_131913\raw\E2_dual_height_raw_20260808_131913.csv
E2,ihawk2,marker_1_TR,15.0,20260808_131913,corner2,1,3,237.55671666666663,255.44012966666665,0.0017303925373588107,0.006136147515608709,2.9942583333470635e-06,-8.631794166678487e-06,-8.631794166678487e-06,3.765230633331093e-05,E2\E2_dual_camera_height_scan\run_20260808_131913\raw\E2_dual_height_raw_20260808_131913.csv
E2,ihawk2,marker_1_TR,15.0,20260808_131913,corner3,1,3,231.50580866666667,277.041036,0.02524767661257361,0.0585840394049393,0.0006374451743330965,-0.001436148673499538,-0.001436148673499538,0.003432089672999481,E2\E2_dual_camera_height_scan\run_20260808_131913\raw\E2_dual_height_raw_20260808_131913.csv
E2,ihawk2,marker_1_TR,15.0,20260808_141232,marker_center,1,3,214.79419599999997,265.3784636666666,0.03003473953606663,0.045483411595146024,0.0009020855789993638,-0.001298182265999534,-0.001298182265999534,0.0020687407303334637,E2\E2_dual_camera_height_scan\run_20260808_141232\raw\E2_dual_height_raw_20260808_141232.csv
E2,ihawk2,marker_1_TR,15.0,20260808_141232,corner0,1,3,192.70363866666665,275.55602,0.010388011471561561,0.004106528095615356,0.00010791078233329458,3.7805475500102056e-05,3.7805475500102056e-05,1.6863573000078278e-05,E2\E2_dual_camera_height_scan\run_20260808_141232\raw\E2_dual_height_raw_20260808_141232.csv
E2,ihawk2,marker_1_TR,15.0,20260808_141232,corner1,1,3,202.09000666666665,255.08781966666666,0.013442514509327704,0.02001364827644041,0.00018070119633348584,-0.00013835065466664907,-0.00013835065466664907,0.00040054611733306617,E2\E2_dual_camera_height_scan\run_20260808_141232\raw\E2_dual_height_raw_20260808_141232.csv
E2,ihawk2,marker_1_TR,15.0,20260808_141232,corner2,1,3,235.40982066666666,254.741191,0.0069115108574935025,0.018538312409719534,4.7768982333250565e-05,-0.000128124259999956,-0.000128124259999956,0.0003436690270003613,E2\E2_dual_camera_height_scan\run_20260808_141232\raw\E2_dual_height_raw_20260808_141232.csv
E2,ihawk2,marker_1_TR,15.0,20260808_141232,corner3,1,3,228.9733173333333,276.128825,0.12623423121060698,0.16567605009475653,0.015935081129332982,-0.020263863845000493,-0.020263863845000493,0.027448553575000274,E2\E2_dual_camera_height_scan\run_20260808_141232\raw\E2_dual_height_raw_20260808_141232.csv
E2,ihawk2,marker_1_TR,15.0,20260808_145501,marker_center,1,3,216.7918026666667,266.3224016666666,0.01769372776814861,0.00848029659466723,0.00031306800233335313,0.0001435869118334459,0.0001435869118334459,7.191543033352464e-05,E2\E2_dual_camera_height_scan\run_20260808_145501\raw\E2_dual_height_raw_20260808_145501.csv
E2,ihawk2,marker_1_TR,15.0,20260808_145501,corner0,1,3,194.89441433333334,276.746043,0.040537500975431615,0.019812934865866248,0.0016432889853331188,0.0008031661619989848,0.0008031661619989848,0.00039255238799905834,E2\E2_dual_camera_height_scan\run_20260808_145501\raw\E2_dual_height_raw_20260808_145501.csv
E2,ihawk2,marker_1_TR,15.0,20260808_145501,corner1,1,3,203.73987799999998,255.75840266666668,0.01489942723731052,0.014901829999485373,0.00022199293199991058,0.00020963962600003693,0.00020963962600003693,0.00022206453733356223,E2\E2_dual_camera_height_scan\run_20260808_145501\raw\E2_dual_height_raw_20260808_145501.csv
E2,ihawk2,marker_1_TR,15.0,20260808_145501,corner2,1,3,237.3220266666667,255.54527266666665,0.012274612023736827,0.0004098662383443076,0.00015066610033326468,-4.742178166669404e-06,-4.742178166669404e-06,1.679903333345128e-07,E2\E2_dual_camera_height_scan\run_20260808_145501\raw\E2_dual_height_raw_20260808_145501.csv
E2,ihawk2,marker_1_TR,15.0,20260808_145501,corner3,1,3,231.2108916666667,277.2398886666667,0.00979327863043476,0.0023231162978331324,9.590830633333013e-05,-2.275069666650715e-05,-2.275069666650715e-05,5.3968693332579185e-06,E2\E2_dual_camera_height_scan\run_20260808_145501\raw\E2_dual_height_raw_20260808_145501.csv
E2,ihawk2,marker_1_TR,15.0,20260808_151001,marker_center,1,3,218.206969,264.85025,0.013866808536940167,0.009562258153779531,0.0001922883790001567,0.00010848166349976685,0.00010848166349976685,9.143678099952313e-05,E2\E2_dual_camera_height_scan\run_20260808_151001\raw\E2_dual_height_raw_20260808_151001.csv
E2,ihawk2,marker_1_TR,15.0,20260808_151001,corner0,1,3,196.278132,275.61617,0.023427572622869708,0.017660090798188532,0.0005488511589998342,0.00017338681149980275,0.00017338681149980275,0.00031187880700026324,E2\E2_dual_camera_height_scan\run_20260808_151001\raw\E2_dual_height_raw_20260808_151001.csv
E2,ihawk2,marker_1_TR,15.0,20260808_151001,corner1,1,3,205.30138166666666,253.88597600000003,0.01469012080730984,0.05539439586274886,0.00021579964933335748,-0.00036717742099982446,-0.00036717742099982446,0.0030685390929989275,E2\E2_dual_camera_height_scan\run_20260808_151001\raw\E2_dual_height_raw_20260808_151001.csv
E2,ihawk2,marker_1_TR,15.0,20260808_151001,corner2,1,3,238.623688,253.589071,0.022814267443862044,0.0146161425485683,0.0005204907990000636,9.900148050005157e-05,9.900148050005157e-05,0.00021363162300006868,E2\E2_dual_camera_height_scan\run_20260808_151001\raw\E2_dual_height_raw_20260808_151001.csv
E2,ihawk2,marker_1_TR,15.0,20260808_151001,corner3,1,3,232.62467466666666,276.309784,0.013804665346664557,0.007233532401259581,0.0001905687853334013,-2.2853725000299693e-05,-2.2853725000299693e-05,5.2323991000072206e-05,E2\E2_dual_camera_height_scan\run_20260808_151001\raw\E2_dual_height_raw_20260808_151001.csv
E2,ihawk2,marker_1_TR,15.0,20260808_162715,marker_center,1,3,218.76964433333333,264.860406,0.005976738770710211,0.0023177159015005063,3.57214063333106e-05,1.3131281500035342e-05,1.3131281500035342e-05,5.3718070000683055e-06,E2\E2_dual_camera_height_scan\run_20260808_162715\raw\E2_dual_height_raw_20260808_162715.csv
E2,ihawk2,marker_1_TR,15.0,20260808_162715,corner0,1,3,196.84631866666666,275.03204366666665,0.015104977336407185,0.024965751928057008,0.0002281603403333747,-0.0003751117816666374,-0.0003751117816666374,0.0006232887693332821,E2\E2_dual_camera_height_scan\run_20260808_162715\raw\E2_dual_height_raw_20260808_162715.csv
E2,ihawk2,marker_1_TR,15.0,20260808_162715,corner1,1,3,205.68733233333333,254.46303333333333,0.004275465393775489,0.0005115763221074757,1.8279604333371796e-05,1.0951228333839361e-06,1.0951228333839361e-06,2.617103333410118e-07,E2\E2_dual_camera_height_scan\run_20260808_162715\raw\E2_dual_height_raw_20260808_162715.csv
E2,ihawk2,marker_1_TR,15.0,20260808_162715,corner2,1,3,239.28044633333334,254.32881166666667,0.011346229917178074,0.0050877830470034665,0.00012873693333346676,-1.1900893333423241e-05,-1.1900893333423241e-05,2.588553633337588e-05,E2\E2_dual_camera_height_scan\run_20260808_162715\raw\E2_dual_height_raw_20260808_162715.csv
E2,ihawk2,marker_1_TR,15.0,20260808_162715,corner3,1,3,233.26448066666663,275.617737,0.02528700655145678,0.01672926707896608,0.0006394327003334182,-0.0003426143539997028,-0.0003426143539997028,0.0002798683769993783,E2\E2_dual_camera_height_scan\run_20260808_162715\raw\E2_dual_height_raw_20260808_162715.csv
E2,ihawk2,marker_2_BL,15.0,20260808_131913,marker_center,2,3,394.51169066666665,340.75219466666664,0.01140238086247314,0.00435381514689964,0.0001300142893328937,4.73933493332401e-05,4.73933493332401e-05,1.895570633337273e-05,E2\E2_dual_camera_height_scan\run_20260808_131913\raw\E2_dual_height_raw_20260808_131913.csv
E2,ihawk2,marker_2_BL,15.0,20260808_131913,corner0,2,3,375.470805,358.06802366666665,0.02467489355599254,0.030558359009175456,0.0006088503719995621,-0.00019701103399960524,-0.00019701103399960524,0.0009338133053336547,E2\E2_dual_camera_height_scan\run_20260808_131913\raw\E2_dual_height_raw_20260808_131913.csv
E2,ihawk2,marker_2_BL,15.0,20260808_131913,corner1,2,3,369.3979186666667,324.36455266666667,0.016973306405458372,0.02886987284926497,0.00028809313033357424,-0.00048203592416673464,-0.00048203592416673464,0.0008334695583327266,E2\E2_dual_camera_height_scan\run_20260808_131913\raw\E2_dual_height_raw_20260808_131913.csv
E2,ihawk2,marker_2_BL,15.0,20260808_131913,corner2,2,3,411.46564733333327,323.3291016666667,0.002985669494996372,0.0024408658982510074,8.91422233335189e-06,-7.200322833285353e-06,-7.200322833285353e-06,5.957826333244697e-06,E2\E2_dual_camera_height_scan\run_20260808_131913\raw\E2_dual_height_raw_20260808_131913.csv
E2,ihawk2,marker_2_BL,15.0,20260808_131913,corner3,2,3,421.71239199999997,357.24710066666665,0.03374467252769394,0.010766144264918,0.0011387029240013022,0.00035296400299958804,0.00035296400299958804,0.00011590986233302675,E2\E2_dual_camera_height_scan\run_20260808_131913\raw\E2_dual_height_raw_20260808_131913.csv
E2,ihawk2,marker_2_BL,15.0,20260808_141232,marker_center,2,3,389.5238266666667,340.41634866666664,0.003180586790718281,0.010586931582531304,1.0116132333291614e-05,3.361367233324748e-05,3.361367233324748e-05,0.00011208312033319876,E2\E2_dual_camera_height_scan\run_20260808_141232\raw\E2_dual_height_raw_20260808_141232.csv
E2,ihawk2,marker_2_BL,15.0,20260808_141232,corner0,2,3,369.7913716666667,357.4522603333333,0.024861899954195688,0.0015245721804345539,0.0006181140693324355,3.7896194666820604e-05,3.7896194666820604e-05,2.3243203333549702e-06,E2\E2_dual_camera_height_scan\run_20260808_141232\raw\E2_dual_height_raw_20260808_141232.csv
E2,ihawk2,marker_2_BL,15.0,20260808_141232,corner1,2,3,364.7658993333334,324.0081176666667,0.004261229204493964,0.046062207875147906,1.8158074333232262e-05,0.0001910066961660346,0.0001910066961660346,0.002121726994333338,E2\E2_dual_camera_height_scan\run_20260808_141232\raw\E2_dual_height_raw_20260808_141232.csv
E2,ihawk2,marker_2_BL,15.0,20260808_141232,corner2,2,3,407.17183433333327,323.564331,0.018621749040674904,0.005788153332445699,0.0003467695373338767,0.00010777519899992092,0.00010777519899992092,3.350271899990226e-05,E2\E2_dual_camera_height_scan\run_20260808_141232\raw\E2_dual_height_raw_20260808_141232.csv
E2,ihawk2,marker_2_BL,15.0,20260808_141232,corner3,2,3,416.36620066666666,356.64068599999996,0.010218856605979685,0.03264361593021098,0.00010442503033357463,-7.146140700012315e-05,-7.146140700012315e-05,0.001065605660999124,E2\E2_dual_camera_height_scan\run_20260808_141232\raw\E2_dual_height_raw_20260808_141232.csv
E2,ihawk2,marker_2_BL,15.0,20260808_145501,marker_center,2,3,393.5266266666667,340.72793299999995,0.0014008031029904067,0.0116752199551136,1.9622493333475518e-06,-5.710373999812373e-06,-5.710373999812373e-06,0.0001363107610002828,E2\E2_dual_camera_height_scan\run_20260808_145501\raw\E2_dual_height_raw_20260808_145501.csv
E2,ihawk2,marker_2_BL,15.0,20260808_145501,corner0,2,3,374.321696,357.80415833333336,0.023623255554658655,0.012292733802268588,0.000558058203000711,0.0002870392710002362,0.0002870392710002362,0.00015111130433343673,E2\E2_dual_camera_height_scan\run_20260808_145501\raw\E2_dual_height_raw_20260808_145501.csv
E2,ihawk2,marker_2_BL,15.0,20260808_145501,corner1,2,3,368.61572266666667,324.3466693333333,0.005721593863006412,0.011977972505096883,3.2736636333192634e-05,2.227056466663965e-05,2.227056466663965e-05,0.00014347182533285688,E2\E2_dual_camera_height_scan\run_20260808_145501\raw\E2_dual_height_raw_20260808_145501.csv
E2,ihawk2,marker_2_BL,15.0,20260808_145501,corner2,2,3,410.51178000000004,323.4598286666667,0.03141974086462666,0.01701936265944448,0.00098720011600029,0.0005308135020004484,0.0005308135020004484,0.0002896587053336931,E2\E2_dual_camera_height_scan\run_20260808_145501\raw\E2_dual_height_raw_20260808_145501.csv
E2,ihawk2,marker_2_BL,15.0,20260808_145501,corner3,2,3,420.657308,357.301076,0.027860892501856627,0.029692759841402246,0.0007762293310000108,-0.0004486316524991374,-0.0004486316524991374,0.00088165998699919,E2\E2_dual_camera_height_scan\run_20260808_145501\raw\E2_dual_height_raw_20260808_145501.csv
E2,ihawk2,marker_2_BL,15.0,20260808_151001,marker_center,2,3,394.081398,340.531784,0.022261419451597993,0.006261569052550877,0.0004955707959999854,-3.4002755000276786e-05,-3.4002755000276786e-05,3.9207246999862884e-05,E2\E2_dual_camera_height_scan\run_20260808_151001\raw\E2_dual_height_raw_20260808_151001.csv
E2,ihawk2,marker_2_BL,15.0,20260808_151001,corner0,2,3,374.67059333333333,357.5147196666667,0.008012916843033681,0.017498275238817907,6.420683633337286e-05,-0.00013500193183332978,-0.00013500193183332978,0.0003061896363334279,E2\E2_dual_camera_height_scan\run_20260808_151001\raw\E2_dual_height_raw_20260808_151001.csv
E2,ihawk2,marker_2_BL,15.0,20260808_151001,corner1,2,3,369.282074,324.056732,0.02000140747547589,0.0011607028043394507,0.0004000563010000228,-2.1577116000123017e-05,-2.1577116000123017e-05,1.3472310000014652e-06,E2\E2_dual_camera_height_scan\run_20260808_151001\raw\E2_dual_height_raw_20260808_151001.csv
E2,ihawk2,marker_2_BL,15.0,20260808_151001,corner2,2,3,411.23732533333333,323.426178,0.01293603580444298,0.012656332920702302,0.00016734102233383072,0.00015933559200001518,0.00015933559200001518,0.00016018276299965286,E2\E2_dual_camera_height_scan\run_20260808_151001\raw\E2_dual_height_raw_20260808_151001.csv
E2,ihawk2,marker_2_BL,15.0,20260808_151001,corner3,2,3,421.1356,357.12950666666666,0.06883865432297906,0.016589278626079666,0.004738760328998604,-0.001141914360000601,-0.001141914360000601,0.0002752041653337037,E2\E2_dual_camera_height_scan\run_20260808_151001\raw\E2_dual_height_raw_20260808_151001.csv
E2,ihawk2,marker_2_BL,15.0,20260808_162715,marker_center,2,3,394.64278933333327,338.90119699999997,0.005423535777837597,0.005207975902387815,2.941474033348447e-05,2.730656949999383e-05,2.730656949999383e-05,2.7123012999852176e-05,E2\E2_dual_camera_height_scan\run_20260808_162715\raw\E2_dual_height_raw_20260808_162715.csv
E2,ihawk2,marker_2_BL,15.0,20260808_162715,corner0,2,3,375.48681633333337,355.66427633333336,0.011811428124199832,0.005211739185078448,0.00013950983433313875,-3.250392166635844e-05,-3.250392166635844e-05,2.7162225333282166e-05,E2\E2_dual_camera_height_scan\run_20260808_162715\raw\E2_dual_height_raw_20260808_162715.csv
E2,ihawk2,marker_2_BL,15.0,20260808_162715,corner1,2,3,369.75103766666666,322.5969946666667,0.00454547866934019,0.001779393529646033,2.066137633342667e-05,8.088195333367995e-06,8.088195333367995e-06,3.1662413333461677e-06,E2\E2_dual_camera_height_scan\run_20260808_162715\raw\E2_dual_height_raw_20260808_162715.csv
E2,ihawk2,marker_2_BL,15.0,20260808_162715,corner2,2,3,411.6677143333333,322.03265400000004,0.043701633382888176,0.015423757129840005,0.0019098327603323663,0.0005162445150002054,0.0005162445150002054,0.00023789228400029037,E2\E2_dual_camera_height_scan\run_20260808_162715\raw\E2_dual_height_raw_20260808_162715.csv
E2,ihawk2,marker_2_BL,15.0,20260808_162715,corner3,2,3,421.6655883333333,355.310862,0.015533467653215973,0.005173572943325458,0.00024128861733350697,-3.677325399973607e-05,-3.677325399973607e-05,2.6765856999909245e-05,E2\E2_dual_camera_height_scan\run_20260808_162715\raw\E2_dual_height_raw_20260808_162715.csv
E2,ihawk2,marker_3_BR,15.0,20260808_131913,marker_center,3,3,376.54609166666665,265.3100053333333,0.0138315411047668,0.013370874965111272,0.0001913115293328536,8.7342832666482e-05,8.7342832666482e-05,0.00017878029733263935,E2\E2_dual_camera_height_scan\run_20260808_131913\raw\E2_dual_height_raw_20260808_131913.csv
E2,ihawk2,marker_3_BR,15.0,20260808_131913,corner0,3,3,361.230469,276.09016933333334,0.02385373494862389,0.030046655792853583,0.0005690006709992007,0.00040899545650037824,0.00040899545650037824,0.0009028015243342217,E2\E2_dual_camera_height_scan\run_20260808_131913\raw\E2_dual_height_raw_20260808_131913.csv
E2,ihawk2,marker_3_BR,15.0,20260808_131913,corner1,3,3,357.43478400000004,255.282918,0.0030228470024320168,0.01570671079506996,9.13760400011223e-06,4.046776200034423e-05,4.046776200034423e-05,0.0002467007639999672,E2\E2_dual_camera_height_scan\run_20260808_131913\raw\E2_dual_height_raw_20260808_131913.csv
E2,ihawk2,marker_3_BR,15.0,20260808_131913,corner2,3,3,390.6355996666667,254.40881333333334,0.028576640991074757,0.014632611569132573,0.0008166244103327741,0.0003705735406664381,0.0003705735406664381,0.0002141133213331124,E2\E2_dual_camera_height_scan\run_20260808_131913\raw\E2_dual_height_raw_20260808_131913.csv
E2,ihawk2,marker_3_BR,15.0,20260808_131913,corner3,3,3,396.8835143333333,275.4581196666667,0.04340242592682248,0.007525285398802661,0.0018837705763333121,-0.0003263903543335973,-0.0003263903543335973,5.662992033343252e-05,E2\E2_dual_camera_height_scan\run_20260808_131913\raw\E2_dual_height_raw_20260808_131913.csv
E2,ihawk2,marker_3_BR,15.0,20260808_141232,marker_center,3,3,373.7199806666666,265.0377436666667,0.013240236566368156,0.002932394470942823,0.00017530386433339243,-3.2309634666381724e-05,-3.2309634666381724e-05,8.598937333216039e-06,E2\E2_dual_camera_height_scan\run_20260808_141232\raw\E2_dual_height_raw_20260808_141232.csv
E2,ihawk2,marker_3_BR,15.0,20260808_141232,corner0,3,3,357.77714066666664,275.780843,0.07627640887149646,0.03629167476156692,0.005818090550331704,0.002651596300498961,0.002651596300498961,0.0013170856569993533,E2\E2_dual_camera_height_scan\run_20260808_141232\raw\E2_dual_height_raw_20260808_141232.csv
E2,ihawk2,marker_3_BR,15.0,20260808_141232,corner1,3,3,355.029795,254.552541,0.02670163513720374,0.033956259084290334,0.0007129773190003534,-0.0009058745734999837,-0.0009058745734999837,0.00115302753099945,E2\E2_dual_camera_height_scan\run_20260808_141232\raw\E2_dual_height_raw_20260808_141232.csv
E2,ihawk2,marker_3_BR,15.0,20260808_141232,corner2,3,3,388.28984599999995,254.365036,0.04729580561741652,0.021656779816033648,0.0022368932290004477,0.0010117741200002632,0.0010117741200002632,0.0004690161120001624,E2\E2_dual_camera_height_scan\run_20260808_141232\raw\E2_dual_height_raw_20260808_141232.csv
E2,ihawk2,marker_3_BR,15.0,20260808_141232,corner3,3,3,393.7831423333333,275.45255533333335,0.001561010036269934,0.006386666292612732,2.4367523333354605e-06,-9.956496166660122e-06,-9.956496166660122e-06,4.078950633319565e-05,E2\E2_dual_camera_height_scan\run_20260808_141232\raw\E2_dual_height_raw_20260808_141232.csv
E2,ihawk2,marker_3_BR,15.0,20260808_145501,marker_center,3,3,375.956731,265.188699,0.0049181857427287,0.003213445347274892,2.4188550999979858e-05,-1.5408778499939652e-05,-1.5408778499939652e-05,1.0326230999922652e-05,E2\E2_dual_camera_height_scan\run_20260808_145501\raw\E2_dual_height_raw_20260808_145501.csv
E2,ihawk2,marker_3_BR,15.0,20260808_145501,corner0,3,3,360.474996,276.33889766666664,0.003867168085314285,0.0123571351992815,1.4954989000073351e-05,2.09904550001744e-05,2.09904550001744e-05,0.0001526987903333218,E2\E2_dual_camera_height_scan\run_20260808_145501\raw\E2_dual_height_raw_20260808_145501.csv
E2,ihawk2,marker_3_BR,15.0,20260808_145501,corner1,3,3,357.0860696666667,254.70909100000003,0.006936270563737875,0.0074388926595197555,4.8111849333376545e-05,1.663472199989222e-05,1.663472199989222e-05,5.53371239998569e-05,E2\E2_dual_camera_height_scan\run_20260808_145501\raw\E2_dual_height_raw_20260808_145501.csv
E2,ihawk2,marker_3_BR,15.0,20260808_145501,corner2,3,3,389.88728833333334,254.26914466666668,0.014097075595087709,0.015099283967578205,0.0001987275403336175,-0.00021132119633358613,-0.00021132119633358613,0.00022798837633356423,E2\E2_dual_camera_height_scan\run_20260808_145501\raw\E2_dual_height_raw_20260808_145501.csv
E2,ihawk2,marker_3_BR,15.0,20260808_145501,corner3,3,3,396.3785706666667,275.43766266666665,0.006896638625698567,0.001098641130378354,4.756362433347742e-05,-8.016496667381677e-07,-8.016496667381677e-07,1.2070123333590274e-06,E2\E2_dual_camera_height_scan\run_20260808_145501\raw\E2_dual_height_raw_20260808_145501.csv
E2,ihawk2,marker_3_BR,15.0,20260808_151001,marker_center,3,3,377.0867436666667,265.191265,0.008738704843024902,0.005291163577150491,7.636496233350686e-05,3.6262979000138924e-05,3.6262979000138924e-05,2.799641200016398e-05,E2\E2_dual_camera_height_scan\run_20260808_151001\raw\E2_dual_height_raw_20260808_151001.csv
E2,ihawk2,marker_3_BR,15.0,20260808_151001,corner0,3,3,361.50360100000006,276.26202400000005,0.015325599792489344,0.006196452452806706,0.0002348740089995494,-1.6861075000700153e-06,-1.6861075000700153e-06,3.839602299989424e-05,E2\E2_dual_camera_height_scan\run_20260808_151001\raw\E2_dual_height_raw_20260808_151001.csv
E2,ihawk2,marker_3_BR,15.0,20260808_151001,corner1,3,3,358.20907600000004,254.61163333333334,0.006211304532871511,0.02044022168013651,3.858030400007017e-05,0.00010893370200009385,0.00010893370200009385,0.0004178026623331227,E2\E2_dual_camera_height_scan\run_20260808_151001\raw\E2_dual_height_raw_20260808_151001.csv
E2,ihawk2,marker_3_BR,15.0,20260808_151001,corner2,3,3,391.3011066666666,254.53472399999998,0.022308810957415593,0.006115471854229561,0.000497683046333706,0.00012064058099996336,0.00012064058099996336,3.739899599987395e-05,E2\E2_dual_camera_height_scan\run_20260808_151001\raw\E2_dual_height_raw_20260808_151001.csv
E2,ihawk2,marker_3_BR,15.0,20260808_151001,corner3,3,3,397.333191,275.35667900000004,0.006302427230856918,0.0021212404390057835,3.9720589000246795e-05,1.3139373000155223e-05,1.3139373000155223e-05,4.499661000073448e-06,E2\E2_dual_camera_height_scan\run_20260808_151001\raw\E2_dual_height_raw_20260808_151001.csv
E2,ihawk2,marker_3_BR,15.0,20260808_162715,marker_center,3,3,377.1305033333333,264.33362566666665,0.007532786491949775,0.008929855000695913,5.6742872333301e-05,-6.722621983336838e-05,-6.722621983336838e-05,7.974231033345381e-05,E2\E2_dual_camera_height_scan\run_20260808_162715\raw\E2_dual_height_raw_20260808_162715.csv
E2,ihawk2,marker_3_BR,15.0,20260808_162715,corner0,3,3,361.7231546666667,275.163076,0.023314611927565627,0.00919290993102489,0.0005435711293329854,-0.00020750331499979377,-0.00020750331499979377,8.450959299993605e-05,E2\E2_dual_camera_height_scan\run_20260808_162715\raw\E2_dual_height_raw_20260808_162715.csv
E2,ihawk2,marker_3_BR,15.0,20260808_162715,corner1,3,3,358.1803483333333,254.05503366666667,0.004211192863470105,0.010800491485733936,1.7734145333341543e-05,4.548295266669238e-05,4.548295266669238e-05,0.00011665061633341124,E2\E2_dual_camera_height_scan\run_20260808_162715\raw\E2_dual_height_raw_20260808_162715.csv
E2,ihawk2,marker_3_BR,15.0,20260808_162715,corner2,3,3,391.21321599999993,253.559377,0.008925963533437114,0.0009475299467542013,7.967282500024918e-05,5.527050000065289e-07,5.527050000065289e-07,8.978129999960195e-07,E2\E2_dual_camera_height_scan\run_20260808_162715\raw\E2_dual_height_raw_20260808_162715.csv
E2,ihawk2,marker_3_BR,15.0,20260808_162715,corner3,3,3,397.4052936666667,274.55701700000003,0.008897575474993652,0.036082331728974,7.91668493332085e-05,-0.00014013834900011913,-0.00014013834900011913,0.0013019346629997237,E2\E2_dual_camera_height_scan\run_20260808_162715\raw\E2_dual_height_raw_20260808_162715.csv
E2,ihawk2,marker_4_C,15.0,20260808_131913,marker_center,4,3,295.26036066666666,299.393486,0.006337151752437035,0.007229876624115662,4.0159492333415775e-05,3.350591100009879e-05,3.350591100009879e-05,5.227111599993407e-05,E2\E2_dual_camera_height_scan\run_20260808_131913\raw\E2_dual_height_raw_20260808_131913.csv
E2,ihawk2,marker_4_C,15.0,20260808_131913,corner0,4,3,274.2393796666667,312.575724,0.0030070404608726737,0.02746344382995775,9.042292333325342e-06,9.73004500051121e-06,9.73004500051121e-06,0.0007542407470012444,E2\E2_dual_camera_height_scan\run_20260808_131913\raw\E2_dual_height_raw_20260808_131913.csv
E2,ihawk2,marker_4_C,15.0,20260808_131913,corner1,4,3,277.42454033333337,286.40507,0.017232805120852273,0.007975262190051902,0.00029696957233327236,8.402302099967709e-05,8.402302099967709e-05,6.360480700007145e-05,E2\E2_dual_camera_height_scan\run_20260808_131913\raw\E2_dual_height_raw_20260808_131913.csv
E2,ihawk2,marker_4_C,15.0,20260808_131913,corner2,4,3,314.5992836666667,286.241567,0.00276654194500236,0.006670111918082564,7.653754333457442e-06,1.8452919000097598e-05,1.8452919000097598e-05,4.449039299974707e-05,E2\E2_dual_camera_height_scan\run_20260808_131913\raw\E2_dual_height_raw_20260808_131913.csv
E2,ihawk2,marker_4_C,15.0,20260808_131913,corner3,4,3,314.778239,312.35158299999995,0.007492752298066621,0.019371961284285446,5.6141337000182626e-05,0.00010562862900006717,0.00010562862900006717,0.00037527288399985423,E2\E2_dual_camera_height_scan\run_20260808_131913\raw\E2_dual_height_raw_20260808_131913.csv
E2,ihawk2,marker_4_C,15.0,20260808_141232,marker_center,4,3,291.65281666666664,298.5299196666667,0.006685176836345847,0.0037657868146263665,4.469158933321507e-05,-1.5352496666624272e-05,-1.5352496666624272e-05,1.4181150333213795e-05,E2\E2_dual_camera_height_scan\run_20260808_141232\raw\E2_dual_height_raw_20260808_141232.csv
E2,ihawk2,marker_4_C,15.0,20260808_141232,corner0,4,3,270.206899,311.57146199999994,0.01134038416455858,0.0021128267794581347,0.00012860431299977103,-1.95919429999493e-05,-1.95919429999493e-05,4.464036999995433e-06,E2\E2_dual_camera_height_scan\run_20260808_141232\raw\E2_dual_height_raw_20260808_141232.csv
E2,ihawk2,marker_4_C,15.0,20260808_141232,corner1,4,3,274.21093766666667,285.4808653333333,0.02026678426227839,0.01757808025163289,0.000410742544333735,-0.00016372491633284716,-0.00016372491633284716,0.00030898890533284624,E2\E2_dual_camera_height_scan\run_20260808_141232\raw\E2_dual_height_raw_20260808_141232.csv
E2,ihawk2,marker_4_C,15.0,20260808_141232,corner2,4,3,311.406718,285.54576633333335,0.003983087746969022,0.0025639680835227224,1.586498800005476e-05,3.7397580000374777e-06,3.7397580000374777e-06,6.573932333323183e-06,E2\E2_dual_camera_height_scan\run_20260808_141232\raw\E2_dual_height_raw_20260808_141232.csv
E2,ihawk2,marker_4_C,15.0,20260808_141232,corner3,4,3,310.78671233333336,311.521586,0.0006345079458455298,0.0004936344801579281,4.0260033334111373e-07,3.132150000035329e-07,3.132150000035329e-07,2.43675000000788e-07,E2\E2_dual_camera_height_scan\run_20260808_141232\raw\E2_dual_height_raw_20260808_141232.csv
E2,ihawk2,marker_4_C,15.0,20260808_145501,marker_center,4,3,294.6706773333333,299.4151,0.008039453484746006,0.007611724443236217,6.463281233339468e-05,-4.646229199988748e-05,-4.646229199988748e-05,5.7938348999759695e-05,E2\E2_dual_camera_height_scan\run_20260808_145501\raw\E2_dual_height_raw_20260808_145501.csv
E2,ihawk2,marker_4_C,15.0,20260808_145501,corner0,4,3,273.4936216666667,312.52373266666666,0.0028013035061242625,0.009426397845053112,7.847301333424086e-06,2.640620133346947e-05,2.640620133346947e-05,8.885697633322194e-05,E2\E2_dual_camera_height_scan\run_20260808_145501\raw\E2_dual_height_raw_20260808_145501.csv
E2,ihawk2,marker_4_C,15.0,20260808_145501,corner1,4,3,276.77626533333336,286.498464,0.013156906031928442,0.013258857416819628,0.00017310417633299501,-0.0001491530449996049,-0.0001491530449996049,0.00017579729999955287,E2\E2_dual_camera_height_scan\run_20260808_145501\raw\E2_dual_height_raw_20260808_145501.csv
E2,ihawk2,marker_4_C,15.0,20260808_145501,corner2,4,3,314.1965026666666,286.365804,0.008304435581866283,0.00401965222376884,6.89636503333668e-05,3.2878381000052226e-05,3.2878381000052226e-05,1.615760400004978e-05,E2\E2_dual_camera_height_scan\run_20260808_145501\raw\E2_dual_height_raw_20260808_145501.csv
E2,ihawk2,marker_4_C,15.0,20260808_145501,corner3,4,3,314.21631899999994,312.2724,0.01725939092204967,0.00989001375126236,0.0002978865750001305,-0.000143493014999976,-0.000143493014999976,9.781237200015856e-05,E2\E2_dual_camera_height_scan\run_20260808_145501\raw\E2_dual_height_raw_20260808_145501.csv
E2,ihawk2,marker_4_C,15.0,20260808_151001,marker_center,4,3,295.6617176666667,298.5744016666667,0.009304278173685924,0.005158178199091103,8.656959233332828e-05,-3.5714492166802576e-05,-3.5714492166802576e-05,2.660680233357874e-05,E2\E2_dual_camera_height_scan\run_20260808_151001\raw\E2_dual_height_raw_20260808_151001.csv
E2,ihawk2,marker_4_C,15.0,20260808_151001,corner0,4,3,274.447784,311.58604933333334,0.00021131019851499308,3.521836643010503e-05,4.465199999644578e-08,-7.442000001719262e-09,-7.442000001719262e-09,1.2403333340051491e-09,E2\E2_dual_camera_height_scan\run_20260808_151001\raw\E2_dual_height_raw_20260808_151001.csv
E2,ihawk2,marker_4_C,15.0,20260808_151001,corner1,4,3,277.992635,285.6134133333333,0.007098447154121522,0.0031484444307132123,5.038795199985593e-05,-2.2015645999933388e-05,-2.2015645999933388e-05,9.912702333289043e-06,E2\E2_dual_camera_height_scan\run_20260808_151001\raw\E2_dual_height_raw_20260808_151001.csv
E2,ihawk2,marker_4_C,15.0,20260808_151001,corner2,4,3,315.1177976666667,285.63115433333337,0.028202074539540854,0.019623677186847665,0.0007953570083338185,-0.0005503466008337119,-0.0005503466008337119,0.00038508870633360544,E2\E2_dual_camera_height_scan\run_20260808_151001\raw\E2_dual_height_raw_20260808_151001.csv
E2,ihawk2,marker_4_C,15.0,20260808_151001,corner3,4,3,315.08865366666663,311.46698999999995,0.005365513240447588,0.010704308338238286,2.8788732333418374e-05,5.555828250011454e-05,5.555828250011454e-05,0.00011458221700007768,E2\E2_dual_camera_height_scan\run_20260808_151001\raw\E2_dual_height_raw_20260808_151001.csv
E2,ihawk2,marker_4_C,15.0,20260808_162715,marker_center,4,3,296.2221246666666,297.72508,0.005752606481702733,0.0016289837322687299,3.309248133332829e-05,7.2253740000279995e-06,7.2253740000279995e-06,2.6535879999961612e-06,E2\E2_dual_camera_height_scan\run_20260808_162715\raw\E2_dual_height_raw_20260808_162715.csv
E2,ihawk2,marker_4_C,15.0,20260808_162715,corner0,4,3,275.19698066666666,310.626109,0.006787675326163404,0.006734703185718656,4.6072536333407484e-05,-2.384904649996927e-05,-2.384904649996927e-05,4.535622699972901e-05,E2\E2_dual_camera_height_scan\run_20260808_162715\raw\E2_dual_height_raw_20260808_162715.csv
E2,ihawk2,marker_4_C,15.0,20260808_162715,corner1,4,3,278.573517,285.06043500000004,0.001967160135832354,0.0025860709580584782,3.869719000007965e-06,4.7286755000494995e-06,4.7286755000494995e-06,6.687763000113496e-06,E2\E2_dual_camera_height_scan\run_20260808_162715\raw\E2_dual_height_raw_20260808_162715.csv
E2,ihawk2,marker_4_C,15.0,20260808_162715,corner2,4,3,315.544952,284.665924,0.0,0.0,0.0,0.0,0.0,0.0,E2\E2_dual_camera_height_scan\run_20260808_162715\raw\E2_dual_height_raw_20260808_162715.csv
E2,ihawk2,marker_4_C,15.0,20260808_162715,corner3,4,3,315.57304866666664,310.5478513333333,0.02894891984743497,0.0002644264232776073,0.0008380399603332143,-7.654859333007367e-06,-7.654859333007367e-06,6.992133332738836e-08,E2\E2_dual_camera_height_scan\run_20260808_162715\raw\E2_dual_height_raw_20260808_162715.csv
E2,ihawk2,marker_0_TL,20.0,20260808_131913,marker_center,0,3,190.613953,337.670583,0.012659599875196376,0.0062832635628189085,0.00016026546900007208,7.943590049985968e-05,7.943590049985968e-05,3.947940099984777e-05,E2\E2_dual_camera_height_scan\run_20260808_131913\raw\E2_dual_height_raw_20260808_131913.csv
E2,ihawk2,marker_0_TL,20.0,20260808_131913,corner0,0,3,160.83468133333332,354.4684956666667,0.014129356472728628,0.009643759346516519,0.00019963871433343838,0.00013562833766683663,0.00013562833766683663,9.30020943335247e-05,E2\E2_dual_camera_height_scan\run_20260808_131913\raw\E2_dual_height_raw_20260808_131913.csv
E2,ihawk2,marker_0_TL,20.0,20260808_131913,corner1,0,3,175.427175,320.569987,0.008369269502177595,0.015927939226391956,7.004467200008002e-05,-0.0001333052159999804,-0.0001333052159999804,0.00025369924799963556,E2\E2_dual_camera_height_scan\run_20260808_131913\raw\E2_dual_height_raw_20260808_131913.csv
E2,ihawk2,marker_0_TL,20.0,20260808_131913,corner2,0,3,218.24110900000002,321.02700799999997,0.015320747729792195,0.02682430420345487,0.0002347253109999327,0.00031769243199969985,0.00031769243199969985,0.0007195432959994866,E2\E2_dual_camera_height_scan\run_20260808_131913\raw\E2_dual_height_raw_20260808_131913.csv
E2,ihawk2,marker_0_TL,20.0,20260808_131913,corner3,0,3,207.95284533333333,354.6168416666667,0.035764791378297515,0.01002441685753285,0.0012791203023331443,-0.00035784694333374346,-0.00035784694333374346,0.00010048893333358876,E2\E2_dual_camera_height_scan\run_20260808_131913\raw\E2_dual_height_raw_20260808_131913.csv
E2,ihawk2,marker_0_TL,20.0,20260808_141232,marker_center,0,3,188.32628366666665,336.763649,0.012223649714115915,0.00824964114370549,0.0001494176123334061,-6.475217099998195e-05,-6.475217099998195e-05,6.805657899991843e-05,E2\E2_dual_camera_height_scan\run_20260808_141232\raw\E2_dual_height_raw_20260808_141232.csv
E2,ihawk2,marker_0_TL,20.0,20260808_141232,corner0,0,3,158.5603636666667,353.46447766666665,0.018530464223361135,0.0036651739840505497,0.00034337810433326705,-3.6340864166839346e-05,-3.6340864166839346e-05,1.3433500333360978e-05,E2\E2_dual_camera_height_scan\run_20260808_141232\raw\E2_dual_height_raw_20260808_141232.csv
E2,ihawk2,marker_0_TL,20.0,20260808_141232,corner1,0,3,173.27873233333332,319.8963013333334,0.031333836125400666,0.01058584103099796,0.0009818092863334636,0.00015405183383351468,0.00015405183383351468,0.00011206003033355993,E2\E2_dual_camera_height_scan\run_20260808_141232\raw\E2_dual_height_raw_20260808_141232.csv
E2,ihawk2,marker_0_TL,20.0,20260808_141232,corner2,0,3,215.76524333333336,320.23199466666665,0.01790825709925897,0.0024112180186069226,0.00032070567233315927,-4.064505783302395e-05,-4.064505783302395e-05,5.813972333254693e-06,E2\E2_dual_camera_height_scan\run_20260808_141232\raw\E2_dual_height_raw_20260808_141232.csv
E2,ihawk2,marker_0_TL,20.0,20260808_141232,corner3,0,3,205.70079566666666,353.46182266666665,0.03187484403622288,0.01906012067992266,0.0010160056823335334,-0.0004576666166667569,-0.0004576666166667569,0.0003632882003332155,E2\E2_dual_camera_height_scan\run_20260808_141232\raw\E2_dual_height_raw_20260808_141232.csv
E2,ihawk2,marker_0_TL,20.0,20260808_145501,marker_center,0,3,189.68194933333334,338.5283636666666,0.0023215297399086007,0.012813307197345565,5.389500333280094e-06,-2.5985821333243655e-05,-2.5985821333243655e-05,0.00016418084133354766,E2\E2_dual_camera_height_scan\run_20260808_145501\raw\E2_dual_height_raw_20260808_145501.csv
E2,ihawk2,marker_0_TL,20.0,20260808_145501,corner0,0,3,159.687154,355.285319,0.025903473570157647,0.006673554974668621,0.0006709899429998558,0.0001674591699999233,0.0001674591699999233,4.4536335999924297e-05,E2\E2_dual_camera_height_scan\run_20260808_145501\raw\E2_dual_height_raw_20260808_145501.csv
E2,ihawk2,marker_0_TL,20.0,20260808_145501,corner1,0,3,174.46538299999997,321.50256333333334,0.026793850245915202,0.01812831322360406,0.0007179104110005301,-0.0004668341104998917,-0.0004668341104998917,0.00032863574033309775,E2\E2_dual_camera_height_scan\run_20260808_145501\raw\E2_dual_height_raw_20260808_145501.csv
E2,ihawk2,marker_0_TL,20.0,20260808_145501,corner2,0,3,217.29656466666665,321.89737966666667,0.01942492793636512,0.03423904591738624,0.000377327825332978,0.0006648758953328803,0.0006648758953328803,0.0011723122653328835,E2\E2_dual_camera_height_scan\run_20260808_145501\raw\E2_dual_height_raw_20260808_145501.csv
E2,ihawk2,marker_0_TL,20.0,20260808_145501,corner3,0,3,207.27869666666666,355.4281923333333,0.016185527372734473,0.0017225940709790519,0.00026197129633353687,-1.385743983326769e-05,-1.385743983326769e-05,2.9673303333721827e-06,E2\E2_dual_camera_height_scan\run_20260808_145501\raw\E2_dual_height_raw_20260808_145501.csv
E2,ihawk2,marker_0_TL,20.0,20260808_151001,marker_center,0,3,189.92317066666666,339.06553633333334,0.012299373005701532,0.006621536100717032,0.00015127457633337956,-8.089019683313126e-05,-8.089019683313126e-05,4.384474033309891e-05,E2\E2_dual_camera_height_scan\run_20260808_151001\raw\E2_dual_height_raw_20260808_151001.csv
E2,ihawk2,marker_0_TL,20.0,20260808_151001,corner0,0,3,160.00515233333334,355.46871933333335,0.005392441129326406,0.018543180345711733,2.9078421333251042e-05,3.0114261333204497e-05,3.0114261333204497e-05,0.00034384953733358986,E2\E2_dual_camera_height_scan\run_20260808_151001\raw\E2_dual_height_raw_20260808_151001.csv
E2,ihawk2,marker_0_TL,20.0,20260808_151001,corner1,0,3,174.778829,322.07808433333327,0.05286508378883851,0.014555279397288191,0.0027947170840009164,-0.0007399941249993807,-0.0007399941249993807,0.0002118561583331221,E2\E2_dual_camera_height_scan\run_20260808_151001\raw\E2_dual_height_raw_20260808_151001.csv
E2,ihawk2,marker_0_TL,20.0,20260808_151001,corner2,0,3,217.59657833333333,322.4778646666667,0.004956825832461386,0.008628570758430822,2.4570122333356512e-05,-4.243160333331477e-05,-4.243160333331477e-05,7.445223333324746e-05,E2\E2_dual_camera_height_scan\run_20260808_151001\raw\E2_dual_height_raw_20260808_151001.csv
E2,ihawk2,marker_0_TL,20.0,20260808_151001,corner3,0,3,207.31212333333335,356.237478,0.003010383419661399,0.010272801808657224,9.06240833337226e-06,-3.075657250005134e-05,-3.075657250005134e-05,0.00010553045699995115,E2\E2_dual_camera_height_scan\run_20260808_151001\raw\E2_dual_height_raw_20260808_151001.csv
E2,ihawk2,marker_0_TL,20.0,20260808_162715,marker_center,0,3,190.37502800000001,336.955737,0.006753385003099579,0.004136582043179274,4.560820900009031e-05,3.0891859999624227e-06,3.0891859999624227e-06,1.711131099995322e-05,E2\E2_dual_camera_height_scan\run_20260808_162715\raw\E2_dual_height_raw_20260808_162715.csv
E2,ihawk2,marker_0_TL,20.0,20260808_162715,corner0,0,3,160.49750233333333,353.414378,0.010473862818142847,0.0031295034749695,0.00010970180233327524,3.1843759999743985e-05,3.1843759999743985e-05,9.793791999846175e-06,E2\E2_dual_camera_height_scan\run_20260808_162715\raw\E2_dual_height_raw_20260808_162715.csv
E2,ihawk2,marker_0_TL,20.0,20260808_162715,corner1,0,3,175.52403266666667,319.72562666666664,0.01945708663530287,0.018596805030233823,0.0003785782203336816,-6.756192666662027e-05,-6.756192666662027e-05,0.00034584115733253003,E2\E2_dual_camera_height_scan\run_20260808_162715\raw\E2_dual_height_raw_20260808_162715.csv
E2,ihawk2,marker_0_TL,20.0,20260808_162715,corner2,0,3,218.03045666666665,320.74178066666667,0.0037919499381273633,0.008444611674503891,1.4378884333264114e-05,-3.3253441667136203e-06,-3.3253441667136203e-06,7.131146633316743e-05,E2\E2_dual_camera_height_scan\run_20260808_162715\raw\E2_dual_height_raw_20260808_162715.csv
E2,ihawk2,marker_0_TL,20.0,20260808_162715,corner3,0,3,207.44812,353.94116233333335,0.004729663412967384,0.012795131509010054,2.2369715999962277e-05,-5.569736999985561e-05,-5.569736999985561e-05,0.00016371539033286189,E2\E2_dual_camera_height_scan\run_20260808_162715\raw\E2_dual_height_raw_20260808_162715.csv
E2,ihawk2,marker_1_TR,20.0,20260808_131913,marker_center,1,3,217.71016066666667,262.70310966666665,0.006543191754274791,0.00145903301311731,4.2813358333209627e-05,-8.458336666696189e-06,-8.458336666696189e-06,2.1287773333661767e-06,E2\E2_dual_camera_height_scan\run_20260808_131913\raw\E2_dual_height_raw_20260808_131913.csv
E2,ihawk2,marker_1_TR,20.0,20260808_131913,corner0,1,3,195.59841400000002,272.784088,0.01795614727607571,0.013276944415055381,0.0003224232250001211,-0.00023839586500036048,-0.00023839586500036048,0.00017627725300047028,E2\E2_dual_camera_height_scan\run_20260808_131913\raw\E2_dual_height_raw_20260808_131913.csv
E2,ihawk2,marker_1_TR,20.0,20260808_131913,corner1,1,3,204.63573699999998,252.33167533333332,0.0104810883022626,0.013200952251016449,0.00010985321199982592,-0.00010874219900000808,-0.00010874219900000808,0.00017426514033361625,E2\E2_dual_camera_height_scan\run_20260808_131913\raw\E2_dual_height_raw_20260808_131913.csv
E2,ihawk2,marker_1_TR,20.0,20260808_131913,corner2,1,3,238.32586133333334,252.30863466666665,0.007207129895684248,0.003260918940017047,5.194272133326564e-05,2.283426466666892e-05,2.283426466666892e-05,1.0633592333361901e-05,E2\E2_dual_camera_height_scan\run_20260808_131913\raw\E2_dual_height_raw_20260808_131913.csv
E2,ihawk2,marker_1_TR,20.0,20260808_131913,corner3,1,3,232.28062966666667,273.388041,0.03071832185087044,0.023569025690500376,0.0009436152973336644,-0.0005699092139995286,-0.0005699092139995286,0.0005554989719994668,E2\E2_dual_camera_height_scan\run_20260808_131913\raw\E2_dual_height_raw_20260808_131913.csv
E2,ihawk2,marker_1_TR,20.0,20260808_141232,marker_center,1,3,215.46704633333334,261.91121300000003,0.006511712703528234,0.0049328621509068535,4.240240233329098e-05,2.7566761499903983e-05,2.7566761499903983e-05,2.4333128999849393e-05,E2\E2_dual_camera_height_scan\run_20260808_141232\raw\E2_dual_height_raw_20260808_141232.csv
E2,ihawk2,marker_1_TR,20.0,20260808_141232,corner0,1,3,193.49250766666668,272.31713866666666,0.008622270369992606,0.003798253853207282,7.434354633325243e-05,3.132023783338969e-05,3.132023783338969e-05,1.4426732333403963e-05,E2\E2_dual_camera_height_scan\run_20260808_141232\raw\E2_dual_height_raw_20260808_141232.csv
E2,ihawk2,marker_1_TR,20.0,20260808_141232,corner1,1,3,202.55103033333333,251.44754066666667,0.01847585614614514,0.010592639535696363,0.00034135726033304915,-0.00018138825233305519,-0.00018138825233305519,0.00011220401233319765,E2\E2_dual_camera_height_scan\run_20260808_141232\raw\E2_dual_height_raw_20260808_141232.csv
E2,ihawk2,marker_1_TR,20.0,20260808_141232,corner2,1,3,236.02618900000002,251.27201833333334,0.0016369156972881765,0.0008789137234912035,2.6794930000284374e-06,1.3454750000109812e-06,1.3454750000109812e-06,7.724893333411717e-07,E2\E2_dual_camera_height_scan\run_20260808_141232\raw\E2_dual_height_raw_20260808_141232.csv
E2,ihawk2,marker_1_TR,20.0,20260808_141232,corner3,1,3,229.798457,272.608154,0.00029964478970771237,0.02806788333664434,8.978699999897916e-08,-8.410394999949398e-06,-8.410394999949398e-06,0.0007878060749994771,E2\E2_dual_camera_height_scan\run_20260808_141232\raw\E2_dual_height_raw_20260808_141232.csv
E2,ihawk2,marker_1_TR,20.0,20260808_145501,marker_center,1,3,216.73575100000002,263.0017433333333,0.004115182498997319,0.006214075501082314,1.6934727000053823e-05,2.293672999999399e-05,2.293672999999399e-05,3.861473433315141e-05,E2\E2_dual_camera_height_scan\run_20260808_145501\raw\E2_dual_height_raw_20260808_145501.csv
E2,ihawk2,marker_1_TR,20.0,20260808_145501,corner0,1,3,194.63773600000002,273.39383933333335,0.009949948140563731,0.0059589286229230435,9.900146799990766e-05,5.47442889997791e-05,5.47442889997791e-05,3.5508830333091515e-05,E2\E2_dual_camera_height_scan\run_20260808_145501\raw\E2_dual_height_raw_20260808_145501.csv
E2,ihawk2,marker_1_TR,20.0,20260808_145501,corner1,1,3,203.660848,252.568054,0.0031231445691797246,0.00011888229473257654,9.754031999996808e-06,-3.530580000059772e-07,-3.530580000059772e-07,1.4133000000883196e-08,E2\E2_dual_camera_height_scan\run_20260808_145501\raw\E2_dual_height_raw_20260808_145501.csv
E2,ihawk2,marker_1_TR,20.0,20260808_145501,corner2,1,3,237.32633,252.31919866666667,0.008783229645175193,0.012025051406694768,7.714512299988435e-05,0.00010561878800003717,0.00010561878800003717,0.00014460186133365184,E2\E2_dual_camera_height_scan\run_20260808_145501\raw\E2_dual_height_raw_20260808_145501.csv
E2,ihawk2,marker_1_TR,20.0,20260808_145501,corner3,1,3,231.31808999999998,273.725881,0.006395557286113027,0.022058764879298618,4.090315299995342e-05,0.00012861060699991545,0.00012861060699991545,0.00048658910800017814,E2\E2_dual_camera_height_scan\run_20260808_145501\raw\E2_dual_height_raw_20260808_145501.csv
E2,ihawk2,marker_1_TR,20.0,20260808_151001,marker_center,1,3,217.620055,263.33305733333333,0.01570895120623259,0.006084007916919154,0.00024677114799979635,-9.542522699972342e-05,-9.542522699972342e-05,3.701515233313495e-05,E2\E2_dual_camera_height_scan\run_20260808_151001\raw\E2_dual_height_raw_20260808_151001.csv
E2,ihawk2,marker_1_TR,20.0,20260808_151001,corner0,1,3,195.51978033333333,273.6767576666667,0.021975297730248325,0.002337484188917066,0.00048291371033305715,-4.920624933383711e-05,-4.920624933383711e-05,5.463832333437273e-06,E2\E2_dual_camera_height_scan\run_20260808_151001\raw\E2_dual_height_raw_20260808_151001.csv
E2,ihawk2,marker_1_TR,20.0,20260808_151001,corner1,1,3,204.66618366666668,252.77148433333332,0.017195717499817336,0.025815812408950655,0.00029569270033352415,-0.0004415810478337402,-0.0004415810478337402,0.0006664561703341305,E2\E2_dual_camera_height_scan\run_20260808_151001\raw\E2_dual_height_raw_20260808_151001.csv
E2,ihawk2,marker_1_TR,20.0,20260808_151001,corner2,1,3,238.18510966666668,252.46980266666665,0.023597331402795536,0.006415965113159116,0.0005568340493333603,0.00013807536833319243,0.00013807536833319243,4.116460833327486e-05,E2\E2_dual_camera_height_scan\run_20260808_151001\raw\E2_dual_height_raw_20260808_151001.csv
E2,ihawk2,marker_1_TR,20.0,20260808_151001,corner3,1,3,232.1091463333333,274.41418433333337,0.011014561831202885,0.0037029464394208087,0.00012132057233339144,-3.865689216652174e-05,-3.865689216652174e-05,1.3711812333219245e-05,E2\E2_dual_camera_height_scan\run_20260808_151001\raw\E2_dual_height_raw_20260808_151001.csv
E2,ihawk2,marker_1_TR,20.0,20260808_162715,marker_center,1,3,218.41974366666668,262.17994833333336,0.012738338994285085,0.005630383853112662,0.00016226528033332397,-2.8186134833213968e-05,-2.8186134833213968e-05,3.170122233339179e-05,E2\E2_dual_camera_height_scan\run_20260808_162715\raw\E2_dual_height_raw_20260808_162715.csv
E2,ihawk2,marker_1_TR,20.0,20260808_162715,corner0,1,3,196.313456,272.24468,0.011136627317109888,0.015889517330624922,0.0001240244680001982,-6.650539000102281e-06,-6.650539000102281e-06,0.0002524767610002298,E2\E2_dual_camera_height_scan\run_20260808_162715\raw\E2_dual_height_raw_20260808_162715.csv
E2,ihawk2,marker_1_TR,20.0,20260808_162715,corner1,1,3,205.56821666666667,251.73836233333336,0.001052824930041315,0.0010130796283222832,1.1084403333165e-06,-1.0663273333191705e-06,-1.0663273333191705e-06,1.0263303333216155e-06,E2\E2_dual_camera_height_scan\run_20260808_162715\raw\E2_dual_height_raw_20260808_162715.csv
E2,ihawk2,marker_1_TR,20.0,20260808_162715,corner2,1,3,239.03409299999998,251.71911133333333,0.025527735093431803,0.002952693741872766,0.0006516652590004297,6.619110749980973e-05,6.619110749980973e-05,8.718400333294598e-06,E2\E2_dual_camera_height_scan\run_20260808_162715\raw\E2_dual_height_raw_20260808_162715.csv
E2,ihawk2,marker_1_TR,20.0,20260808_162715,corner3,1,3,232.763209,273.01763933333336,0.01700246052781968,0.013603605857777645,0.0002890836640000663,-0.00023087879800030053,-0.00023087879800030053,0.00018505809233376226,E2\E2_dual_camera_height_scan\run_20260808_162715\raw\E2_dual_height_raw_20260808_162715.csv
E2,ihawk2,marker_2_BL,20.0,20260808_131913,marker_center,2,3,394.94710533333335,336.628189,0.002738444874978056,0.010077922553775326,7.499080333293582e-06,1.907838449996101e-05,1.907838449996101e-05,0.00010156452299989338,E2\E2_dual_camera_height_scan\run_20260808_131913\raw\E2_dual_height_raw_20260808_131913.csv
E2,ihawk2,marker_2_BL,20.0,20260808_131913,corner0,2,3,375.680145,353.5789183333333,0.011297553673250301,0.006843430158428763,0.00012763471899997138,4.963130299988904e-05,4.963130299988904e-05,4.6832536333292334e-05,E2\E2_dual_camera_height_scan\run_20260808_131913\raw\E2_dual_height_raw_20260808_131913.csv
E2,ihawk2,marker_2_BL,20.0,20260808_131913,corner1,2,3,369.84667966666666,320.49898299999995,0.006939556349892245,0.043642987558131126,4.8157442333329775e-05,8.19207654995366e-05,8.19207654995366e-05,0.0019047103629991882,E2\E2_dual_camera_height_scan\run_20260808_131913\raw\E2_dual_height_raw_20260808_131913.csv
E2,ihawk2,marker_2_BL,20.0,20260808_131913,corner2,2,3,411.99885066666667,319.458771,0.025943173308834888,0.011610577634206889,0.000673048241332243,0.00022082669899964772,0.00022082669899964772,0.00013480551299994525,E2\E2_dual_camera_height_scan\run_20260808_131913\raw\E2_dual_height_raw_20260808_131913.csv
E2,ihawk2,marker_2_BL,20.0,20260808_131913,corner3,2,3,422.26274600000005,352.97608433333335,0.01649624478479065,0.014946657697735103,0.0002721260919997327,0.00020805046599963926,0.00020805046599963926,0.00022340257633326398,E2\E2_dual_camera_height_scan\run_20260808_131913\raw\E2_dual_height_raw_20260808_131913.csv
E2,ihawk2,marker_2_BL,20.0,20260808_141232,marker_center,2,3,392.29184699999996,334.709002,0.0012217041376688567,0.0012616802288929934,1.4925609999972045e-06,-1.108325499987621e-06,-1.108325499987621e-06,1.591836999979476e-06,E2\E2_dual_camera_height_scan\run_20260808_141232\raw\E2_dual_height_raw_20260808_141232.csv
E2,ihawk2,marker_2_BL,20.0,20260808_141232,corner0,2,3,372.94858833333336,351.494232,0.0035241460431296927,0.0039646642985250065,1.241960533330667e-05,-1.3972055999984461e-05,-1.3972055999984461e-05,1.5718562999998785e-05,E2\E2_dual_camera_height_scan\run_20260808_141232\raw\E2_dual_height_raw_20260808_141232.csv
E2,ihawk2,marker_2_BL,20.0,20260808_141232,corner1,2,3,367.4533383333333,318.62615966666664,0.010321782904762324,0.006165400419556792,0.00010653920233304377,2.3013656667429075e-06,2.3013656667429075e-06,3.801216233347106e-05,E2\E2_dual_camera_height_scan\run_20260808_141232\raw\E2_dual_height_raw_20260808_141232.csv
E2,ihawk2,marker_2_BL,20.0,20260808_141232,corner2,2,3,409.31655900000004,318.1545816666667,0.005916739304716441,0.004591936446992662,3.5007803999976396e-05,-2.191711499996269e-05,-2.191711499996269e-05,2.1085880333219593e-05,E2\E2_dual_camera_height_scan\run_20260808_141232\raw\E2_dual_height_raw_20260808_141232.csv
E2,ihawk2,marker_2_BL,20.0,20260808_141232,corner3,2,3,419.44890366666664,350.56103533333334,0.012011232298690786,0.000570509713613,0.00014426970133311274,-5.298757333299082e-06,-5.298757333299082e-06,3.2548133332678737e-07,E2\E2_dual_camera_height_scan\run_20260808_141232\raw\E2_dual_height_raw_20260808_141232.csv
E2,ihawk2,marker_2_BL,20.0,20260808_145501,marker_center,2,3,394.2837293333334,336.6921946666667,0.005417536002028967,0.0032442845641756507,2.934969633328e-05,1.7531784166646614e-05,1.7531784166646614e-05,1.0525382333348392e-05,E2\E2_dual_camera_height_scan\run_20260808_145501\raw\E2_dual_height_raw_20260808_145501.csv
E2,ihawk2,marker_2_BL,20.0,20260808_145501,corner0,2,3,375.130066,353.76201399999997,0.011321626914887818,0.012236619508679148,0.00012817923599991223,0.00010763290500002989,0.00010763290500002989,0.00014973485700018712,E2\E2_dual_camera_height_scan\run_20260808_145501\raw\E2_dual_height_raw_20260808_145501.csv
E2,ihawk2,marker_2_BL,20.0,20260808_145501,corner1,2,3,369.12256866666667,320.5456443333333,0.00880978775757291,0.006096241492373634,7.761236033348152e-05,5.370659366672125e-05,5.370659366672125e-05,3.7164160333337913e-05,E2\E2_dual_camera_height_scan\run_20260808_145501\raw\E2_dual_height_raw_20260808_145501.csv
E2,ihawk2,marker_2_BL,20.0,20260808_145501,corner2,2,3,411.16865033333335,319.47536199999996,0.010574503786642748,0.007109732976699529,0.00011182013033372183,-5.3877255001638076e-06,-5.3877255001638076e-06,5.054830299996874e-05,E2\E2_dual_camera_height_scan\run_20260808_145501\raw\E2_dual_height_raw_20260808_145501.csv
E2,ihawk2,marker_2_BL,20.0,20260808_145501,corner3,2,3,421.7136333333333,352.9857586666667,0.0071497091082961374,0.011704174141464636,5.1118340333252744e-05,-8.291403433339152e-05,-8.291403433339152e-05,0.00013698769233372944,E2\E2_dual_camera_height_scan\run_20260808_145501\raw\E2_dual_height_raw_20260808_145501.csv
E2,ihawk2,marker_2_BL,20.0,20260808_151001,marker_center,2,3,394.60378033333336,338.40742233333333,0.008566524518938093,0.002963047305255026,7.338534233356752e-05,2.3104092333142316e-05,2.3104092333142316e-05,8.77964933317907e-06,E2\E2_dual_camera_height_scan\run_20260808_151001\raw\E2_dual_height_raw_20260808_151001.csv
E2,ihawk2,marker_2_BL,20.0,20260808_151001,corner0,2,3,375.345032,355.519053,0.00776350043473463,0.01086435911593291,6.027193900012478e-05,-2.0885718500316183e-05,-2.0885718500316183e-05,0.00011803429899995453,E2\E2_dual_camera_height_scan\run_20260808_151001\raw\E2_dual_height_raw_20260808_151001.csv
E2,ihawk2,marker_2_BL,20.0,20260808_151001,corner1,2,3,369.52917499999995,321.85420733333336,0.002803085978004601,0.013183372873945168,7.857291000086012e-06,-1.9606703000164126e-05,-1.9606703000164126e-05,0.0001738013203334733,E2\E2_dual_camera_height_scan\run_20260808_151001\raw\E2_dual_height_raw_20260808_151001.csv
E2,ihawk2,marker_2_BL,20.0,20260808_151001,corner2,2,3,411.7373043333334,321.2985433333333,0.007907512651466452,0.008938456373061171,6.2528756333102e-05,7.063744133310009e-05,7.063744133310009e-05,7.989600233311787e-05,E2\E2_dual_camera_height_scan\run_20260808_151001\raw\E2_dual_height_raw_20260808_151001.csv
E2,ihawk2,marker_2_BL,20.0,20260808_151001,corner3,2,3,421.8036093333333,354.957886,0.03707119645132228,0.018403906025622137,0.0013742736063325296,4.371979350085936e-05,4.371979350085936e-05,0.00033870375699993077,E2\E2_dual_camera_height_scan\run_20260808_151001\raw\E2_dual_height_raw_20260808_151001.csv
E2,ihawk2,marker_2_BL,20.0,20260808_162715,marker_center,2,3,394.7813696666667,337.0438996666667,0.0050779679334662054,0.007528587937538194,2.5785758333311044e-05,3.7373723333249975e-05,3.7373723333249975e-05,5.66796363332456e-05,E2\E2_dual_camera_height_scan\run_20260808_162715\raw\E2_dual_height_raw_20260808_162715.csv
E2,ihawk2,marker_2_BL,20.0,20260808_162715,corner0,2,3,375.32201133333336,353.669535,0.019424501804006882,0.012743584542817392,0.00037731127033386664,0.00016945930149983143,0.00016945930149983143,0.00016239894699993438,E2\E2_dual_camera_height_scan\run_20260808_162715\raw\E2_dual_height_raw_20260808_162715.csv
E2,ihawk2,marker_2_BL,20.0,20260808_162715,corner1,2,3,369.734731,320.73429366666664,0.0034150531474571805,0.019426951133226168,1.1662587999957196e-05,-1.7070263000179175e-05,-1.7070263000179175e-05,0.00037740643033275744,E2\E2_dual_camera_height_scan\run_20260808_162715\raw\E2_dual_height_raw_20260808_162715.csv
E2,ihawk2,marker_2_BL,20.0,20260808_162715,corner2,2,3,411.945974,320.45699033333335,0.00019398969045021582,0.00017609183208488804,3.7632000000970557e-08,-3.415999999695882e-08,-3.415999999695882e-08,3.100833332701241e-08,E2\E2_dual_camera_height_scan\run_20260808_162715\raw\E2_dual_height_raw_20260808_162715.csv
E2,ihawk2,marker_2_BL,20.0,20260808_162715,corner3,2,3,422.12276199999997,353.31477866666665,0.010226808348659903,0.005001691447229875,0.00010458760900021989,-4.6903848000060154e-05,-4.6903848000060154e-05,2.5016917333292476e-05,E2\E2_dual_camera_height_scan\run_20260808_162715\raw\E2_dual_height_raw_20260808_162715.csv
E2,ihawk2,marker_3_BR,20.0,20260808_131913,marker_center,3,3,377.2021916666667,261.9961026666667,0.013596115413345919,0.01573051214466012,0.00018485435433302248,1.3587716833244012e-05,1.3587716833244012e-05,0.00024744901233329954,E2\E2_dual_camera_height_scan\run_20260808_131913\raw\E2_dual_height_raw_20260808_131913.csv
E2,ihawk2,marker_3_BR,20.0,20260808_131913,corner0,3,3,361.6135663333334,272.61805233333337,0.024850287892355466,0.01933142675369035,0.0006175368083329487,0.0004604391008331524,0.0004604391008331524,0.000373704060333295,E2\E2_dual_camera_height_scan\run_20260808_131913\raw\E2_dual_height_raw_20260808_131913.csv
E2,ihawk2,marker_3_BR,20.0,20260808_131913,corner1,3,3,358.1866763333333,251.8606616666667,0.03861299005945484,0.026674462868693204,0.0014909630013315578,-0.0009119640393327618,-0.0009119640393327618,0.0007115269693332925,E2\E2_dual_camera_height_scan\run_20260808_131913\raw\E2_dual_height_raw_20260808_131913.csv
E2,ihawk2,marker_3_BR,20.0,20260808_131913,corner2,3,3,391.42909733333335,251.23428333333334,0.01298805298468357,0.01852722454479662,0.00016868952033294781,0.00024021758333305654,0.00024021758333305654,0.0003432580493333143,E2\E2_dual_camera_height_scan\run_20260808_131913\raw\E2_dual_height_raw_20260808_131913.csv
E2,ihawk2,marker_3_BR,20.0,20260808_131913,corner3,3,3,397.57942699999995,272.2714133333333,0.01318143311632331,0.00913729305282585,0.00017375017900010483,-0.00011341383149988393,-0.00011341383149988393,8.349012433321954e-05,E2\E2_dual_camera_height_scan\run_20260808_131913\raw\E2_dual_height_raw_20260808_131913.csv
E2,ihawk2,marker_3_BR,20.0,20260808_141232,marker_center,3,3,374.7947616666666,260.90514666666667,0.017528687809807295,0.0031320112281512436,0.0003072548963336869,-2.3746839166448687e-05,-2.3746839166448687e-05,9.809494333265462e-06,E2\E2_dual_camera_height_scan\run_20260808_141232\raw\E2_dual_height_raw_20260808_141232.csv
E2,ihawk2,marker_3_BR,20.0,20260808_141232,corner0,3,3,359.362864,271.4834593333333,0.024904951555856893,0.0021682311531056996,0.0006202566119995787,-3.488641299963488e-05,-3.488641299963488e-05,4.7012263332980714e-06,E2\E2_dual_camera_height_scan\run_20260808_141232\raw\E2_dual_height_raw_20260808_141232.csv
E2,ihawk2,marker_3_BR,20.0,20260808_141232,corner1,3,3,355.68108099999995,250.74712133333333,0.001357404508598361,0.00045117439348662424,1.8425469999631578e-06,4.693799999965441e-07,4.693799999965441e-07,2.0355833333802326e-07,E2\E2_dual_camera_height_scan\run_20260808_141232\raw\E2_dual_height_raw_20260808_141232.csv
E2,ihawk2,marker_3_BR,20.0,20260808_141232,corner2,3,3,388.9963783333333,250.3780823333333,0.04886698600624142,0.005696569172166892,0.0023879823213341944,-0.00027788387766647973,-0.00027788387766647973,3.2450900333282194e-05,E2\E2_dual_camera_height_scan\run_20260808_141232\raw\E2_dual_height_raw_20260808_141232.csv
E2,ihawk2,marker_3_BR,20.0,20260808_141232,corner3,3,3,395.13872266666664,271.01192199999997,0.011863419588531071,0.010972773077040867,0.00014074072433354273,-0.00012337191150021542,-0.00012337191150021542,0.00012040174900023288,E2\E2_dual_camera_height_scan\run_20260808_141232\raw\E2_dual_height_raw_20260808_141232.csv
E2,ihawk2,marker_3_BR,20.0,20260808_145501,marker_center,3,3,376.45833300000004,261.887142,0.013281270308205998,0.00956765556445148,0.00017639214099963424,-9.972860749979772e-05,-9.972860749979772e-05,9.154003299997936e-05,E2\E2_dual_camera_height_scan\run_20260808_145501\raw\E2_dual_height_raw_20260808_145501.csv
E2,ihawk2,marker_3_BR,20.0,20260808_145501,corner0,3,3,360.94508866666666,272.8460796666667,0.022189029143552853,0.0034212162067632644,0.0004923530143334378,7.547206133360123e-05,7.547206133360123e-05,1.1704720333419618e-05,E2\E2_dual_camera_height_scan\run_20260808_145501\raw\E2_dual_height_raw_20260808_145501.csv
E2,ihawk2,marker_3_BR,20.0,20260808_145501,corner1,3,3,357.4163413333333,251.581731,0.04477819018600866,0.034549813139876775,0.0020050863163343625,-0.0014208722710004804,-0.0014208722710004804,0.0011936895880004018,E2\E2_dual_camera_height_scan\run_20260808_145501\raw\E2_dual_height_raw_20260808_145501.csv
E2,ihawk2,marker_3_BR,20.0,20260808_145501,corner2,3,3,390.581085,251.41243466666666,0.0193675812635589,0.01682922904750828,0.00037510320400055766,0.0002604421690004158,0.0002604421690004158,0.00028322295033349643,E2\E2_dual_camera_height_scan\run_20260808_145501\raw\E2_dual_height_raw_20260808_145501.csv
E2,ihawk2,marker_3_BR,20.0,20260808_145501,corner3,3,3,396.8908186666667,271.70832333333334,0.014007324381643933,0.005982755413135689,0.00019620513633259658,-6.431280583331535e-05,-6.431280583331535e-05,3.579336233340439e-05,E2\E2_dual_camera_height_scan\run_20260808_145501\raw\E2_dual_height_raw_20260808_145501.csv
E2,ihawk2,marker_3_BR,20.0,20260808_151001,marker_center,3,3,377.30951699999997,262.96924200000007,0.007175006829263626,0.01059185625845533,5.148072299997967e-05,6.726687449988307e-05,6.726687449988307e-05,0.00011218741899977935,E2\E2_dual_camera_height_scan\run_20260808_151001\raw\E2_dual_height_raw_20260808_151001.csv
E2,ihawk2,marker_3_BR,20.0,20260808_151001,corner0,3,3,361.5759173333333,273.908956,0.031010363982595053,0.0284032172121233,0.0009616426743330285,0.000446186903998957,0.000446186903998957,0.0008067427479990572,E2\E2_dual_camera_height_scan\run_20260808_151001\raw\E2_dual_height_raw_20260808_151001.csv
E2,ihawk2,marker_3_BR,20.0,20260808_151001,corner1,3,3,358.32427966666665,252.49381000000002,0.009247046086917234,0.003448887791743529,8.550786133357134e-05,-3.0107884000067813e-05,-3.0107884000067813e-05,1.1894827000037558e-05,E2\E2_dual_camera_height_scan\run_20260808_151001\raw\E2_dual_height_raw_20260808_151001.csv
E2,ihawk2,marker_3_BR,20.0,20260808_151001,corner2,3,3,391.605601,252.32891833333335,0.016304742990925266,0.0192186835223736,0.0002658446440001266,0.00021249852699967332,0.00021249852699967332,0.0003693577963331545,E2\E2_dual_camera_height_scan\run_20260808_151001\raw\E2_dual_height_raw_20260808_151001.csv
E2,ihawk2,marker_3_BR,20.0,20260808_151001,corner3,3,3,397.73226933333336,273.145284,0.009935725254524314,0.008203346695094735,9.871863633339224e-05,-4.551165400018814e-05,-4.551165400018814e-05,6.729489699992171e-05,E2\E2_dual_camera_height_scan\run_20260808_151001\raw\E2_dual_height_raw_20260808_151001.csv
E2,ihawk2,marker_3_BR,20.0,20260808_162715,marker_center,3,3,377.8852896666667,262.33962133333335,0.01463611329326135,0.003078488644356702,0.0002142158123331816,1.9630898166849343e-05,1.9630898166849343e-05,9.477092333433165e-06,E2\E2_dual_camera_height_scan\run_20260808_162715\raw\E2_dual_height_raw_20260808_162715.csv
E2,ihawk2,marker_3_BR,20.0,20260808_162715,corner0,3,3,362.19895399999996,273.21792600000003,0.0019381648536661437,0.0014272098654434383,3.7564829999867042e-06,-2.7661680000080585e-06,-2.7661680000080585e-06,2.036928000019077e-06,E2\E2_dual_camera_height_scan\run_20260808_162715\raw\E2_dual_height_raw_20260808_162715.csv
E2,ihawk2,marker_3_BR,20.0,20260808_162715,corner1,3,3,359.05490133333336,251.99671433333333,0.01614375536649791,0.007170957699872999,0.0002606208373333301,-9.933018266671332e-05,-9.933018266671332e-05,5.142263433336786e-05,E2\E2_dual_camera_height_scan\run_20260808_162715\raw\E2_dual_height_raw_20260808_162715.csv
E2,ihawk2,marker_3_BR,20.0,20260808_162715,corner2,3,3,392.18191533333334,251.61645033333332,0.007119427317785304,0.009817518746263701,5.068624533322765e-05,6.919090533321088e-05,6.919090533321088e-05,9.638367433323918e-05,E2\E2_dual_camera_height_scan\run_20260808_162715\raw\E2_dual_height_raw_20260808_162715.csv
E2,ihawk2,marker_3_BR,20.0,20260808_162715,corner3,3,3,398.10538700000006,272.5273946666667,0.05166368704417581,0.015220734947206048,0.0026691365589985396,0.0005299234569996475,0.0005299234569996475,0.00023167077233309948,E2\E2_dual_camera_height_scan\run_20260808_162715\raw\E2_dual_height_raw_20260808_162715.csv
E2,ihawk2,marker_4_C,20.0,20260808_131913,marker_center,4,3,295.8277283333333,295.5173976666667,0.0033271519853020856,0.012324311961876706,1.106994033329961e-05,-4.044934233334363e-05,-4.044934233334363e-05,0.00015188866533365726,E2\E2_dual_camera_height_scan\run_20260808_131913\raw\E2_dual_height_raw_20260808_131913.csv
E2,ihawk2,marker_4_C,20.0,20260808_131913,corner0,4,3,274.5238243333333,308.51312233333334,0.00035218366420259467,0.0010040121181457203,1.2403333333116595e-07,-3.535966666723681e-07,-3.535966666723681e-07,1.0080403333834556e-06,E2\E2_dual_camera_height_scan\run_20260808_131913\raw\E2_dual_height_raw_20260808_131913.csv
E2,ihawk2,marker_4_C,20.0,20260808_131913,corner1,4,3,278.01510633333334,282.66158033333335,0.002589993307576451,0.004774686726187693,6.708065333290804e-06,-1.2366406666600239e-05,-1.2366406666600239e-05,2.2797633333232947e-05,E2\E2_dual_camera_height_scan\run_20260808_131913\raw\E2_dual_height_raw_20260808_131913.csv
E2,ihawk2,marker_4_C,20.0,20260808_131913,corner2,4,3,315.3663736666667,282.51790366666665,0.0025098090232868143,0.0015105265086445847,6.299141333371912e-06,4.157353333165398e-07,4.157353333165398e-07,2.2816903333179983e-06,E2\E2_dual_camera_height_scan\run_20260808_131913\raw\E2_dual_height_raw_20260808_131913.csv
E2,ihawk2,marker_4_C,20.0,20260808_131913,corner3,4,3,315.40560899999997,308.3769836666667,0.0163021448588742,0.05032231807393443,0.0002657599269997185,-0.0008159024104996194,-0.0008159024104996194,0.002532335696334228,E2\E2_dual_camera_height_scan\run_20260808_131913\raw\E2_dual_height_raw_20260808_131913.csv
E2,ihawk2,marker_4_C,20.0,20260808_141232,marker_center,4,3,293.4199346666667,294.3507866666667,0.00884664780203467,0.008426651430642603,7.826317733324486e-05,3.9547340333517335e-05,3.9547340333517335e-05,7.100845433355103e-05,E2\E2_dual_camera_height_scan\run_20260808_141232\raw\E2_dual_height_raw_20260808_141232.csv
E2,ihawk2,marker_4_C,20.0,20260808_141232,corner0,4,3,272.315501,307.4500223333333,0.01999101640737725,0.0261663449746869,0.0003996407370000264,0.0004834237150002033,0.0004834237150002033,0.0006846776093343223,E2\E2_dual_camera_height_scan\run_20260808_141232\raw\E2_dual_height_raw_20260808_141232.csv
E2,ihawk2,marker_4_C,20.0,20260808_141232,corner1,4,3,275.5915116666667,281.547892,0.009833388141102574,0.016671084427859393,9.669552233357675e-05,8.583487600029756e-05,8.583487600029756e-05,0.0002779250560008159,E2\E2_dual_camera_height_scan\run_20260808_141232\raw\E2_dual_height_raw_20260808_141232.csv
E2,ihawk2,marker_4_C,20.0,20260808_141232,corner2,4,3,312.8176373333333,281.3070376666667,0.00044051825539531393,0.003594582775989903,1.9405633333653102e-07,-1.5834793333531167e-06,-1.5834793333531167e-06,1.2921025333443277e-05,E2\E2_dual_camera_height_scan\run_20260808_141232\raw\E2_dual_height_raw_20260808_141232.csv
E2,ihawk2,marker_4_C,20.0,20260808_141232,corner3,4,3,312.9550883333333,307.09819566666664,0.02102482904410721,0.03869220769526583,0.00044204343633393403,0.00023387328516651367,0.00023387328516651367,0.0014970869363335885,E2\E2_dual_camera_height_scan\run_20260808_141232\raw\E2_dual_height_raw_20260808_141232.csv
E2,ihawk2,marker_4_C,20.0,20260808_145501,marker_center,4,3,294.8583476666667,295.71382166666666,0.00834963138906231,0.005816811956144935,6.97163443332146e-05,-4.435841666652336e-05,-4.435841666652336e-05,3.383530133315066e-05,E2\E2_dual_camera_height_scan\run_20260808_145501\raw\E2_dual_height_raw_20260808_145501.csv
E2,ihawk2,marker_4_C,20.0,20260808_145501,corner0,4,3,273.682027,308.60119633333335,0.007702966246837017,0.0037956715260112892,5.933568899991036e-05,2.6690205500006497e-05,2.6690205500006497e-05,1.4407122333372869e-05,E2\E2_dual_camera_height_scan\run_20260808_145501\raw\E2_dual_height_raw_20260808_145501.csv
E2,ihawk2,marker_4_C,20.0,20260808_145501,corner1,4,3,276.886444,283.0782266666667,0.03091695948826657,0.007222675427657142,0.0009558583839991163,-0.00012749017000021927,-0.00012749017000021927,5.216704033328228e-05,E2\E2_dual_camera_height_scan\run_20260808_145501\raw\E2_dual_height_raw_20260808_145501.csv
E2,ihawk2,marker_4_C,20.0,20260808_145501,corner2,4,3,314.3552956666667,282.6682026666667,0.012453959544392844,0.017348650850520134,0.0001551011083333736,-0.00019879827916667372,-0.00019879827916667372,0.0003009756863332529,E2\E2_dual_camera_height_scan\run_20260808_145501\raw\E2_dual_height_raw_20260808_145501.csv
E2,ihawk2,marker_4_C,20.0,20260808_145501,corner3,4,3,314.509623,308.50766,0.0019381648536661437,0.002748764631596562,3.7564829999867042e-06,-5.327558999961021e-06,-5.327558999961021e-06,7.555706999916181e-06,E2\E2_dual_camera_height_scan\run_20260808_145501\raw\E2_dual_height_raw_20260808_145501.csv
E2,ihawk2,marker_4_C,20.0,20260808_151001,marker_center,4,3,295.451248,296.588529,0.013194059382908022,0.0026608248721153816,0.0001740832029997032,3.3073869500172404e-05,3.3073869500172404e-05,7.079989000067838e-06,E2\E2_dual_camera_height_scan\run_20260808_151001\raw\E2_dual_height_raw_20260808_151001.csv
E2,ihawk2,marker_4_C,20.0,20260808_151001,corner0,4,3,274.163035,309.52396666666664,0.032238257412574856,0.022367745468249343,0.0010393052409994376,0.0006739187539993857,0.0006739187539993857,0.000500316037332389,E2\E2_dual_camera_height_scan\run_20260808_151001\raw\E2_dual_height_raw_20260808_151001.csv
E2,ihawk2,marker_4_C,20.0,20260808_151001,corner1,4,3,277.67334,283.67334,0.0085392167673689,0.005145137413129431,7.291822300011417e-05,-2.980898949991862e-05,-2.980898949991862e-05,2.6472438999984212e-05,E2\E2_dual_camera_height_scan\run_20260808_151001\raw\E2_dual_height_raw_20260808_151001.csv
E2,ihawk2,marker_4_C,20.0,20260808_151001,corner2,4,3,315.05050666666665,283.573649,0.006994331585865396,0.0025136015993104635,4.892067433303434e-05,1.7578638500025042e-05,1.7578638500025042e-05,6.31819300005612e-06,E2\E2_dual_camera_height_scan\run_20260808_151001\raw\E2_dual_height_raw_20260808_151001.csv
E2,ihawk2,marker_4_C,20.0,20260808_151001,corner3,4,3,314.918111,309.58316033333335,0.023013879029847948,0.017742619207259256,0.0005296386280004751,-0.00039765198900061345,-0.00039765198900061345,0.0003148005363338051,E2\E2_dual_camera_height_scan\run_20260808_151001\raw\E2_dual_height_raw_20260808_151001.csv
E2,ihawk2,marker_4_C,20.0,20260808_162715,marker_center,4,3,295.8955,295.53491733333334,0.0028379335792158163,0.003143097410719471,8.053867000040694e-06,-6.887623999970256e-06,-6.887623999970256e-06,9.879061333271444e-06,E2\E2_dual_camera_height_scan\run_20260808_162715\raw\E2_dual_height_raw_20260808_162715.csv
E2,ihawk2,marker_4_C,20.0,20260808_162715,corner0,4,3,274.547729,308.406738,0.0,0.0,0.0,0.0,0.0,0.0,E2\E2_dual_camera_height_scan\run_20260808_162715\raw\E2_dual_height_raw_20260808_162715.csv
E2,ihawk2,marker_4_C,20.0,20260808_162715,corner1,4,3,278.171753,282.6527303333333,0.009159848524944475,0.007886637897954362,8.390282499992747e-05,-7.067477500004704e-05,-7.067477500004704e-05,6.219905733345e-05,E2\E2_dual_camera_height_scan\run_20260808_162715\raw\E2_dual_height_raw_20260808_162715.csv
E2,ihawk2,marker_4_C,20.0,20260808_162715,corner2,4,3,315.47847499999995,282.7078956666667,0.003006179801662586,0.00625847779680268,9.037116999924104e-06,1.7374467499873828e-05,1.7374467499873828e-05,3.916854433307213e-05,E2\E2_dual_camera_height_scan\run_20260808_162715\raw\E2_dual_height_raw_20260808_162715.csv
E2,ihawk2,marker_4_C,20.0,20260808_162715,corner3,4,3,315.3840433333333,308.3723043333333,0.0034184909438721963,0.0002817469313423846,1.168608033333622e-05,9.631493332577232e-07,9.631493332577232e-07,7.938133332085037e-08,E2\E2_dual_camera_height_scan\run_20260808_162715\raw\E2_dual_height_raw_20260808_162715.csv
E2,ihawk2,marker_0_TL,25.0,20260808_131913,marker_center,0,3,190.42475766666666,334.77914899999996,0.010832876687818148,0.0063998560140077,0.00011735121733347387,-2.282179999999542e-05,-2.282179999999542e-05,4.0958157000030526e-05,E2\E2_dual_camera_height_scan\run_20260808_131913\raw\E2_dual_height_raw_20260808_131913.csv
E2,ihawk2,marker_0_TL,25.0,20260808_131913,corner0,0,3,160.43314633333333,351.49050933333336,0.003803258120792052,0.007220971979832491,1.446477233337069e-05,1.411333883353471e-05,1.411333883353471e-05,5.214243633352596e-05,E2\E2_dual_camera_height_scan\run_20260808_131913\raw\E2_dual_height_raw_20260808_131913.csv
E2,ihawk2,marker_0_TL,25.0,20260808_131913,corner1,0,3,174.86545833333332,317.9130246666667,0.008603406786463864,0.013965836614154603,7.401860833337245e-05,-3.8523888333303636e-05,-3.8523888333303636e-05,0.0001950445923332613,E2\E2_dual_camera_height_scan\run_20260808_131913\raw\E2_dual_height_raw_20260808_131913.csv
E2,ihawk2,marker_0_TL,25.0,20260808_131913,corner2,0,3,218.16511533333332,318.210073,0.03848663425571472,0.011508252126212253,0.0014812210163331536,-1.1721910499848807e-05,-1.1721910499848807e-05,0.00013243986700046882,E2\E2_dual_camera_height_scan\run_20260808_131913\raw\E2_dual_height_raw_20260808_131913.csv
E2,ihawk2,marker_0_TL,25.0,20260808_131913,corner3,0,3,208.235311,351.502991,0.002175455814294712,0.0004226203970628047,4.7326079999486686e-06,9.193920000298183e-07,9.193920000298183e-07,1.786080000135227e-07,E2\E2_dual_camera_height_scan\run_20260808_131913\raw\E2_dual_height_raw_20260808_131913.csv
E2,ihawk2,marker_0_TL,25.0,20260808_141232,marker_center,0,3,186.40905366666667,334.069987,0.00997811366609601,4.680811895349072e-05,9.956275233353195e-05,-1.1930999888334627e-08,-1.1930999888334627e-08,2.1909999999641367e-09,E2\E2_dual_camera_height_scan\run_20260808_141232\raw\E2_dual_height_raw_20260808_141232.csv
E2,ihawk2,marker_0_TL,25.0,20260808_141232,corner0,0,3,156.359187,350.51237999999995,0.0006962844246405326,0.0017095341470863734,4.848119999969976e-07,1.1903220000073792e-06,1.1903220000073792e-06,2.922507000054334e-06,E2\E2_dual_camera_height_scan\run_20260808_141232\raw\E2_dual_height_raw_20260808_141232.csv
E2,ihawk2,marker_0_TL,25.0,20260808_141232,corner1,0,3,171.353958,317.337728,0.009333336595237857,0.003264553415116571,8.711117200000617e-05,-2.9916775000214258e-05,-2.9916775000214258e-05,1.0657309000149266e-05,E2\E2_dual_camera_height_scan\run_20260808_141232\raw\E2_dual_height_raw_20260808_141232.csv
E2,ihawk2,marker_0_TL,25.0,20260808_141232,corner2,0,3,214.33038866666666,317.69297266666666,0.033602455480712744,0.0048684720738135364,0.001129125014333282,0.0001404719833338338,0.0001404719833338338,2.3702020333502278e-05,E2\E2_dual_camera_height_scan\run_20260808_141232\raw\E2_dual_height_raw_20260808_141232.csv
E2,ihawk2,marker_0_TL,25.0,20260808_141232,corner3,0,3,203.59268166666666,350.73686733333335,0.002360773672614823,0.00456989511185089,5.573252333311279e-06,-1.062417333331007e-05,-1.062417333331007e-05,2.0883941333318653e-05,E2\E2_dual_camera_height_scan\run_20260808_141232\raw\E2_dual_height_raw_20260808_141232.csv
E2,ihawk2,marker_0_TL,25.0,20260808_145501,marker_center,0,3,189.4497246666667,333.6800083333333,0.009737732299323544,0.002559892445657121,9.482343033328899e-05,-7.4550463333001555e-06,-7.4550463333001555e-06,6.553049333332396e-06,E2\E2_dual_camera_height_scan\run_20260808_145501\raw\E2_dual_height_raw_20260808_145501.csv
E2,ihawk2,marker_0_TL,25.0,20260808_145501,corner0,0,3,159.44606,349.62348399999996,0.010155806171838491,0.01571089395928562,0.0001031403989999528,0.00015691844549990967,0.00015691844549990967,0.0002468321889999174,E2\E2_dual_camera_height_scan\run_20260808_145501\raw\E2_dual_height_raw_20260808_145501.csv
E2,ihawk2,marker_0_TL,25.0,20260808_145501,corner1,0,3,174.360275,317.24187233333333,0.01308438622938922,0.001101109137787214,0.00017120116299983022,-1.4056388999879143e-05,-1.4056388999879143e-05,1.2124413333185017e-06,E2\E2_dual_camera_height_scan\run_20260808_145501\raw\E2_dual_height_raw_20260808_145501.csv
E2,ihawk2,marker_0_TL,25.0,20260808_145501,corner2,0,3,217.19233166666666,317.5534973333333,0.01569196805163513,0.02961973839069558,0.00024623786133353765,0.00037101951866687707,0.00037101951866687707,0.0008773289023332456,E2\E2_dual_camera_height_scan\run_20260808_145501\raw\E2_dual_height_raw_20260808_145501.csv
E2,ihawk2,marker_0_TL,25.0,20260808_145501,corner3,0,3,206.80023200000002,350.301178,0.043263347385521955,0.012439403844244459,0.0018717172270003497,-0.0004941621940002463,-0.0004941621940002463,0.00015473876800020382,E2\E2_dual_camera_height_scan\run_20260808_145501\raw\E2_dual_height_raw_20260808_145501.csv
E2,ihawk2,marker_0_TL,25.0,20260808_151001,marker_center,0,3,189.21412666666666,336.7920383333333,0.005517059482481711,0.014361892435658807,3.0437945333241368e-05,7.462210966660256e-05,7.462210966660256e-05,0.00020626395433343364,E2\E2_dual_camera_height_scan\run_20260808_151001\raw\E2_dual_height_raw_20260808_151001.csv
E2,ihawk2,marker_0_TL,25.0,20260808_151001,corner0,0,3,158.91682933333334,353.41160066666663,0.012988521560728113,0.00734928053168041,0.00016870169233349904,7.827754216666545e-05,7.827754216666545e-05,5.4011924333336693e-05,E2\E2_dual_camera_height_scan\run_20260808_151001\raw\E2_dual_height_raw_20260808_151001.csv
E2,ihawk2,marker_0_TL,25.0,20260808_151001,corner1,0,3,174.10295599999998,319.62148033333335,0.023290454611272347,0.004660399267585586,0.0005424452759997374,-0.00010717056999992343,-0.00010717056999992343,2.171932133331226e-05,E2\E2_dual_camera_height_scan\run_20260808_151001\raw\E2_dual_height_raw_20260808_151001.csv
E2,ihawk2,marker_0_TL,25.0,20260808_151001,corner2,0,3,217.187902,320.54237866666665,0.005348305432562545,0.05342637060790921,2.8604370999978032e-05,0.00028090172899992045,0.00028090172899992045,0.002854377076333665,E2\E2_dual_camera_height_scan\run_20260808_151001\raw\E2_dual_height_raw_20260808_151001.csv
E2,ihawk2,marker_0_TL,25.0,20260808_151001,corner3,0,3,206.64881866666667,353.592692,0.00407957465103011,0.009450030529050465,1.664292933332744e-05,-3.83033599999867e-05,-3.83033599999867e-05,8.93030769999858e-05,E2\E2_dual_camera_height_scan\run_20260808_151001\raw\E2_dual_height_raw_20260808_151001.csv
E2,ihawk2,marker_0_TL,25.0,20260808_162715,marker_center,0,3,189.90909966666666,334.0992713333333,0.006790799093872005,0.00868234014152654,4.611495233333284e-05,5.302289066668991e-05,5.302289066668991e-05,7.538303033316311e-05,E2\E2_dual_camera_height_scan\run_20260808_162715\raw\E2_dual_height_raw_20260808_162715.csv
E2,ihawk2,marker_0_TL,25.0,20260808_162715,corner0,0,3,159.83614566666665,350.5099996666667,0.03763215699814353,0.007278777667543337,0.001416179240332923,-9.468300616687228e-05,-9.468300616687228e-05,5.298060433352762e-05,E2\E2_dual_camera_height_scan\run_20260808_162715\raw\E2_dual_height_raw_20260808_162715.csv
E2,ihawk2,marker_0_TL,25.0,20260808_162715,corner1,0,3,174.66995766666665,317.22578933333335,0.016213485940199553,0.02011892323993241,0.00026287712633304863,-0.0002931243708336276,-0.0002931243708336276,0.0004047710723342925,E2\E2_dual_camera_height_scan\run_20260808_162715\raw\E2_dual_height_raw_20260808_162715.csv
E2,ihawk2,marker_0_TL,25.0,20260808_162715,corner2,0,3,217.648814,317.7140096666667,0.003758235889352445,0.0056705044161326325,1.4124337000016764e-05,1.93449245000384e-05,1.93449245000384e-05,3.2154620333379686e-05,E2\E2_dual_camera_height_scan\run_20260808_162715\raw\E2_dual_height_raw_20260808_162715.csv
E2,ihawk2,marker_0_TL,25.0,20260808_162715,corner3,0,3,207.48148066666667,350.947286,0.004915261166340691,0.016184149869550676,2.4159792333336847e-05,-9.991310999820308e-06,-9.991310999820308e-06,0.00026192670700007713,E2\E2_dual_camera_height_scan\run_20260808_162715\raw\E2_dual_height_raw_20260808_162715.csv
E2,ihawk2,marker_1_TR,25.0,20260808_131913,marker_center,1,3,217.42177566666666,260.0497883333333,0.009028975874000669,0.005352014231422938,8.152240533328614e-05,-3.6269431333354255e-05,-3.6269431333354255e-05,2.8644056333353657e-05,E2\E2_dual_camera_height_scan\run_20260808_131913\raw\E2_dual_height_raw_20260808_131913.csv
E2,ihawk2,marker_1_TR,25.0,20260808_131913,corner0,1,3,195.2645466666667,270.4099833333333,0.003604488498153683,0.0010462314912585782,1.2992337333322193e-05,1.912621666630807e-06,1.912621666630807e-06,1.0946003333011483e-06,E2\E2_dual_camera_height_scan\run_20260808_131913\raw\E2_dual_height_raw_20260808_131913.csv
E2,ihawk2,marker_1_TR,25.0,20260808_131913,corner1,1,3,204.31261700000002,249.60053000000002,0.049826757038766,0.03044001373192946,0.002482705717000217,-0.001459288122000298,-0.001459288122000298,0.0009265944360000542,E2\E2_dual_camera_height_scan\run_20260808_131913\raw\E2_dual_height_raw_20260808_131913.csv
E2,ihawk2,marker_1_TR,25.0,20260808_131913,corner2,1,3,237.9929963333333,249.54882833333332,0.013262113494214885,0.003472267894808039,0.00017588365433343652,4.253625483324789e-05,4.253625483324789e-05,1.205664433331465e-05,E2\E2_dual_camera_height_scan\run_20260808_131913\raw\E2_dual_height_raw_20260808_131913.csv
E2,ihawk2,marker_1_TR,25.0,20260808_131913,corner3,1,3,232.11694333333332,270.63981099999995,0.030227683641540277,0.008986770332005432,0.0009137128583330417,-0.00017177688250002589,-0.00017177688250002589,8.076204100021301e-05,E2\E2_dual_camera_height_scan\run_20260808_131913\raw\E2_dual_height_raw_20260808_131913.csv
E2,ihawk2,marker_1_TR,25.0,20260808_141232,marker_center,1,3,214.80589566666666,259.5354946666667,0.01174447139437289,0.006866976141872815,0.00013793260833324308,-6.985856166651635e-05,-6.985856166651635e-05,4.7155361333050454e-05,E2\E2_dual_camera_height_scan\run_20260808_141232\raw\E2_dual_height_raw_20260808_141232.csv
E2,ihawk2,marker_1_TR,25.0,20260808_141232,corner0,1,3,192.57314033333333,269.62396233333334,0.0017089567968022322,0.0014803260902060526,2.920533333336546e-06,2.529813333341308e-06,2.529813333341308e-06,2.191365333344738e-06,E2\E2_dual_camera_height_scan\run_20260808_141232\raw\E2_dual_height_raw_20260808_141232.csv
E2,ihawk2,marker_1_TR,25.0,20260808_141232,corner1,1,3,201.90365599999998,249.30908733333334,0.015032738805688662,0.009430262262169708,0.0002259832360000578,-0.00013997281399999204,-0.00013997281399999204,8.892984633330215e-05,E2\E2_dual_camera_height_scan\run_20260808_141232\raw\E2_dual_height_raw_20260808_141232.csv
E2,ihawk2,marker_1_TR,25.0,20260808_141232,corner2,1,3,235.53830466666668,249.1119336666667,0.011188728986491713,0.012864996787141291,0.00012518765633315988,0.00014370736583315318,0.00014370736583315318,0.00016550814233315576,E2\E2_dual_camera_height_scan\run_20260808_141232\raw\E2_dual_height_raw_20260808_141232.csv
E2,ihawk2,marker_1_TR,25.0,20260808_141232,corner3,1,3,229.20848066666667,270.096995,0.030702887524359065,0.03717122177167881,0.0009426673023334436,-0.0011407185299998,-0.0011407185299998,0.0013816997279993285,E2\E2_dual_camera_height_scan\run_20260808_141232\raw\E2_dual_height_raw_20260808_141232.csv
E2,ihawk2,marker_1_TR,25.0,20260808_145501,marker_center,1,3,217.06863633333333,259.481734,0.007101932436558362,0.012349017086391852,5.04374443334398e-05,-8.527400100010566e-05,-8.527400100010566e-05,0.00015249822299999793,E2\E2_dual_camera_height_scan\run_20260808_145501\raw\E2_dual_height_raw_20260808_145501.csv
E2,ihawk2,marker_1_TR,25.0,20260808_145501,corner0,1,3,194.96716800000002,269.57489,0.006912347719850484,0.00345282681291062,4.778055100012219e-05,2.3471355999982934e-05,2.3471355999982934e-05,1.192201299995451e-05,E2\E2_dual_camera_height_scan\run_20260808_145501\raw\E2_dual_height_raw_20260808_145501.csv
E2,ihawk2,marker_1_TR,25.0,20260808_145501,corner1,1,3,204.08637,249.27563966666665,0.0037582941609151112,0.004919116214666559,1.412477499996862e-05,-1.7756485000001512e-05,-1.7756485000001512e-05,2.4197704333395456e-05,E2\E2_dual_camera_height_scan\run_20260808_145501\raw\E2_dual_height_raw_20260808_145501.csv
E2,ihawk2,marker_1_TR,25.0,20260808_145501,corner2,1,3,237.67175266666663,249.065277,0.014545753068621926,0.010909680059477978,0.00021157893233332415,-0.00015717467550012897,-0.00015717467550012897,0.00011902111900017141,E2\E2_dual_camera_height_scan\run_20260808_145501\raw\E2_dual_height_raw_20260808_145501.csv
E2,ihawk2,marker_1_TR,25.0,20260808_145501,corner3,1,3,231.54925533333335,270.0111286666667,0.021757745387186053,0.03229457744472358,0.0004733994843336159,-0.0005107168388331704,-0.0005107168388331704,0.0010429397323332493,E2\E2_dual_camera_height_scan\run_20260808_145501\raw\E2_dual_height_raw_20260808_145501.csv
E2,ihawk2,marker_1_TR,25.0,20260808_151001,marker_center,1,3,216.99142199999997,261.4150276666667,0.010623767316721272,0.004823707737139569,0.00011286443199983508,-1.5529001999929156e-05,-1.5529001999929156e-05,2.3268156333340145e-05,E2\E2_dual_camera_height_scan\run_20260808_151001\raw\E2_dual_height_raw_20260808_151001.csv
E2,ihawk2,marker_1_TR,25.0,20260808_151001,corner0,1,3,194.78198733333332,271.5905456666667,0.010590733701369396,0.015754159620023557,0.00011216364033332153,0.00013952726566663392,0.00013952726566663392,0.0002481935453331808,E2\E2_dual_camera_height_scan\run_20260808_151001\raw\E2_dual_height_raw_20260808_151001.csv
E2,ihawk2,marker_1_TR,25.0,20260808_151001,corner1,1,3,204.03835033333334,251.083033,0.013237279831350774,0.014815189131427573,0.00017522557733348597,-0.00019606812300007717,-0.00019606812300007717,0.00021948982899996968,E2\E2_dual_camera_height_scan\run_20260808_151001\raw\E2_dual_height_raw_20260808_151001.csv
E2,ihawk2,marker_1_TR,25.0,20260808_151001,corner2,1,3,237.691869,250.65588366666665,0.01395455585104155,0.011655617715643366,0.00019472962899983796,0.0001626229734998626,0.0001626229734998626,0.00013585342433321946,E2\E2_dual_camera_height_scan\run_20260808_151001\raw\E2_dual_height_raw_20260808_151001.csv
E2,ihawk2,marker_1_TR,25.0,20260808_151001,corner3,1,3,231.453481,272.33064766666666,0.016679797151036093,0.004665994249174976,0.00027821563299971173,-7.781431699996728e-05,-7.781431699996728e-05,2.1771502333333952e-05,E2\E2_dual_camera_height_scan\run_20260808_151001\raw\E2_dual_height_raw_20260808_151001.csv
E2,ihawk2,marker_1_TR,25.0,20260808_162715,marker_center,1,3,217.28169366666665,259.524677,0.0073664374926721305,0.00779477408266335,5.426440133344567e-05,1.2299279000049536e-05,1.2299279000049536e-05,6.075850299976027e-05,E2\E2_dual_camera_height_scan\run_20260808_162715\raw\E2_dual_height_raw_20260808_162715.csv
E2,ihawk2,marker_1_TR,25.0,20260808_162715,corner0,1,3,195.16204333333334,269.586202,0.02888970066188061,0.010989079897775027,0.000834614804333065,2.0924032499679114e-05,2.0924032499679114e-05,0.00012075987699968319,E2\E2_dual_camera_height_scan\run_20260808_162715\raw\E2_dual_height_raw_20260808_162715.csv
E2,ihawk2,marker_1_TR,25.0,20260808_162715,corner1,1,3,204.15217599999997,249.357788,0.007074367250847288,0.016807748242988967,5.004667199986062e-05,-0.000118904177999771,-0.000118904177999771,0.00028250040099969865,E2\E2_dual_camera_height_scan\run_20260808_162715\raw\E2_dual_height_raw_20260808_162715.csv
E2,ihawk2,marker_1_TR,25.0,20260808_162715,corner2,1,3,238.001709,248.879654,0.008290472181972847,0.052422462780753715,6.873192900006561e-05,-0.00039767667300028773,-0.00039767667300028773,0.0027481146039995082,E2\E2_dual_camera_height_scan\run_20260808_162715\raw\E2_dual_height_raw_20260808_162715.csv
E2,ihawk2,marker_1_TR,25.0,20260808_162715,corner3,1,3,231.810847,270.275065,0.028692320435977435,0.0037502049277230325,0.0008232492520008084,5.586235400002471e-05,5.586235400002471e-05,1.4064036999918115e-05,E2\E2_dual_camera_height_scan\run_20260808_162715\raw\E2_dual_height_raw_20260808_162715.csv
E2,ihawk2,marker_2_BL,25.0,20260808_131913,marker_center,2,3,396.202881,332.95880400000004,0.0004846565794442906,0.031537552393937025,2.3489199999863994e-07,-7.302067000093154e-06,-7.302067000093154e-06,0.0009946172110003228,E2\E2_dual_camera_height_scan\run_20260808_131913\raw\E2_dual_height_raw_20260808_131913.csv
E2,ihawk2,marker_2_BL,25.0,20260808_131913,corner0,2,3,377.030131,350.16009533333335,0.003410072873115182,0.04402069225187542,1.162859699995603e-05,-1.5293446999920972e-05,-1.5293446999920972e-05,0.001937821346334325,E2\E2_dual_camera_height_scan\run_20260808_131913\raw\E2_dual_height_raw_20260808_131913.csv
E2,ihawk2,marker_2_BL,25.0,20260808_131913,corner1,2,3,370.78800466666667,317.14985133333334,0.025988267667022863,0.001973383220096249,0.000675390056332826,-5.12848113334728e-05,-5.12848113334728e-05,3.89424133335744e-06,E2\E2_dual_camera_height_scan\run_20260808_131913\raw\E2_dual_height_raw_20260808_131913.csv
E2,ihawk2,marker_2_BL,25.0,20260808_131913,corner2,2,3,413.27458700000005,315.8373716666667,0.020570707255706422,0.07212461801864338,0.0004231539969999728,0.0014836541880002216,0.0014836541880002216,0.005201960524335217,E2\E2_dual_camera_height_scan\run_20260808_131913\raw\E2_dual_height_raw_20260808_131913.csv
E2,ihawk2,marker_2_BL,25.0,20260808_131913,corner3,2,3,423.718801,348.68789666666663,0.007198850394310325,0.02618901648276361,5.182344699966192e-05,0.00018847633299953393,0.00018847633299953393,0.000685864584334464,E2\E2_dual_camera_height_scan\run_20260808_131913\raw\E2_dual_height_raw_20260808_131913.csv
E2,ihawk2,marker_2_BL,25.0,20260808_141232,marker_center,2,3,391.9728953333333,332.6854553333333,0.0036819378502716336,0.0024810421869341593,1.3556666333262898e-05,6.779323833290091e-06,6.779323833290091e-06,6.155570333347035e-06,E2\E2_dual_camera_height_scan\run_20260808_141232\raw\E2_dual_height_raw_20260808_141232.csv
E2,ihawk2,marker_2_BL,25.0,20260808_141232,corner0,2,3,372.32586666666674,349.41241433333334,0.005507468958911223,0.0020472431055602695,3.0332214333370666e-05,-1.0353133327548212e-07,-1.0353133327548212e-07,4.191204333264057e-06,E2\E2_dual_camera_height_scan\run_20260808_141232\raw\E2_dual_height_raw_20260808_141232.csv
E2,ihawk2,marker_2_BL,25.0,20260808_141232,corner1,2,3,366.91173299999997,316.689321,0.015375570851167487,0.0027894149924447276,0.00023640817899927126,-3.9953688000012425e-05,-3.9953688000012425e-05,7.780836000075418e-06,E2\E2_dual_camera_height_scan\run_20260808_141232\raw\E2_dual_height_raw_20260808_141232.csv
E2,ihawk2,marker_2_BL,25.0,20260808_141232,corner2,2,3,409.29456566666664,316.279765,0.0010819266765316061,0.021205052133874965,1.1705653333907265e-06,2.0230820000495153e-05,2.0230820000495153e-05,0.0004496542360003552,E2\E2_dual_camera_height_scan\run_20260808_141232\raw\E2_dual_height_raw_20260808_141232.csv
E2,ihawk2,marker_2_BL,25.0,20260808_141232,corner3,2,3,419.3594156666666,348.36032099999994,0.022663260518600806,0.015573496171371232,0.00051362337733397,-0.0003393817979999348,-0.0003393817979999348,0.00024253378299971443,E2\E2_dual_camera_height_scan\run_20260808_141232\raw\E2_dual_height_raw_20260808_141232.csv
E2,ihawk2,marker_2_BL,25.0,20260808_145501,marker_center,2,3,394.27068099999997,332.6873603333333,0.011753257293197815,0.012156194072713284,0.00013813905700010764,-7.837503749983033e-05,-7.837503749983033e-05,0.00014777305433346958,E2\E2_dual_camera_height_scan\run_20260808_145501\raw\E2_dual_height_raw_20260808_145501.csv
E2,ihawk2,marker_2_BL,25.0,20260808_145501,corner0,2,3,374.9119263333334,349.4814046666667,0.012686117464905198,0.006801186171046556,0.00016093757633337268,8.628064666658541e-05,8.628064666658541e-05,4.6256133333234914e-05,E2\E2_dual_camera_height_scan\run_20260808_145501\raw\E2_dual_height_raw_20260808_145501.csv
E2,ihawk2,marker_2_BL,25.0,20260808_145501,corner1,2,3,369.28628533333335,316.613912,0.03731647339087264,0.020421316730316955,0.0013925191863317062,-0.0007616618194995158,-0.0007616618194995158,0.0004170301769999232,E2\E2_dual_camera_height_scan\run_20260808_145501\raw\E2_dual_height_raw_20260808_145501.csv
E2,ihawk2,marker_2_BL,25.0,20260808_145501,corner2,2,3,411.348399,315.83604933333334,0.0006431928171082733,0.0003468606828866857,4.1369699997967664e-07,2.2304649999423987e-07,2.2304649999423987e-07,1.2031233333261794e-07,E2\E2_dual_camera_height_scan\run_20260808_145501\raw\E2_dual_height_raw_20260808_145501.csv
E2,ihawk2,marker_2_BL,25.0,20260808_145501,corner3,2,3,421.536112,348.8180746666667,0.0038689441712192584,0.045651993235051806,1.4968729000011474e-05,0.00014692855700021583,0.00014692855700021583,0.002084104486333216,E2\E2_dual_camera_height_scan\run_20260808_145501\raw\E2_dual_height_raw_20260808_145501.csv
E2,ihawk2,marker_2_BL,25.0,20260808_151001,marker_center,2,3,395.25202433333334,335.43903366666666,0.006847751480100829,0.007628502954924432,4.689170033322309e-05,-2.4105254333081973e-05,-2.4105254333081973e-05,5.819405733329079e-05,E2\E2_dual_camera_height_scan\run_20260808_151001\raw\E2_dual_height_raw_20260808_151001.csv
E2,ihawk2,marker_2_BL,25.0,20260808_151001,corner0,2,3,375.6256713333333,352.4464923333333,0.016991885602657224,0.008194567245034269,0.0002887241763337898,-0.00011102891116695784,-0.00011102891116695784,6.715093233338853e-05,E2\E2_dual_camera_height_scan\run_20260808_151001\raw\E2_dual_height_raw_20260808_151001.csv
E2,ihawk2,marker_2_BL,25.0,20260808_151001,corner1,2,3,370.01768999999996,319.60756433333336,0.013636524813885349,0.011115522539813984,0.00018595480899971084,-9.584087300001682e-05,-9.584087300001682e-05,0.00012355484133311275,E2\E2_dual_camera_height_scan\run_20260808_151001\raw\E2_dual_height_raw_20260808_151001.csv
E2,ihawk2,marker_2_BL,25.0,20260808_151001,corner2,2,3,412.4822693333333,318.6329343333333,0.019563102318748915,0.028201179803917398,0.00038271497233383924,0.00039753285783394524,0.00039753285783394524,0.0007953065423328785,E2\E2_dual_camera_height_scan\run_20260808_151001\raw\E2_dual_height_raw_20260808_151001.csv
E2,ihawk2,marker_2_BL,25.0,20260808_151001,corner3,2,3,422.88246699999996,351.06914266666666,0.014623638945216415,0.002773727876584391,0.00021385081600005027,-3.926439600006397e-05,-3.926439600006397e-05,7.693566333341355e-06,E2\E2_dual_camera_height_scan\run_20260808_151001\raw\E2_dual_height_raw_20260808_151001.csv
E2,ihawk2,marker_2_BL,25.0,20260808_162715,marker_center,2,3,395.76752199999993,332.6069843333333,0.004991553165086638,0.017260911515143827,2.4915602999886434e-05,-6.139700599985152e-05,-6.139700599985152e-05,0.0002979390663336248,E2\E2_dual_camera_height_scan\run_20260808_162715\raw\E2_dual_height_raw_20260808_162715.csv
E2,ihawk2,marker_2_BL,25.0,20260808_162715,corner0,2,3,376.5376386666667,349.4373066666667,3.521836643010503e-05,0.00035276101450314515,1.2403333340051491e-09,-1.2423666671027363e-08,-1.2423666671027363e-08,1.244403333532882e-07,E2\E2_dual_camera_height_scan\run_20260808_162715\raw\E2_dual_height_raw_20260808_162715.csv
E2,ihawk2,marker_2_BL,25.0,20260808_162715,corner1,2,3,370.4435016666667,316.56120833333335,0.02834905291775181,0.04824165644266877,0.0008036688013334925,-0.0013676052713332198,-0.0013676052713332198,0.0023272574163324855,E2\E2_dual_camera_height_scan\run_20260808_162715\raw\E2_dual_height_raw_20260808_162715.csv
E2,ihawk2,marker_2_BL,25.0,20260808_162715,corner2,2,3,412.7071733333334,315.890198,0.0121038911236561,0.03458021458871407,0.0001465041803333209,0.0004075882180002689,0.0004075882180002689,0.0011957912410015133,E2\E2_dual_camera_height_scan\run_20260808_162715\raw\E2_dual_height_raw_20260808_162715.csv
E2,ihawk2,marker_2_BL,25.0,20260808_162715,corner3,2,3,423.381775,348.53922533333326,0.0047851207926059925,0.0005673599680412691,2.28973809998302e-05,2.691947000008894e-06,2.691947000008894e-06,3.218973333357899e-07,E2\E2_dual_camera_height_scan\run_20260808_162715\raw\E2_dual_height_raw_20260808_162715.csv
E2,ihawk2,marker_3_BR,25.0,20260808_131913,marker_center,3,3,377.6427356666666,259.06200800000005,0.004344075774339425,0.0057866325267779285,1.887099433320268e-05,2.3396647999918116e-05,2.3396647999918116e-05,3.3485115999964316e-05,E2\E2_dual_camera_height_scan\run_20260808_131913\raw\E2_dual_height_raw_20260808_131913.csv
E2,ihawk2,marker_3_BR,25.0,20260808_131913,corner0,3,3,362.1348163333334,269.5957336666667,0.0078081470486648765,0.018746624238340778,6.096716033357402e-05,-0.0001452261668336802,-0.0001452261668336802,0.00035143592033354596,E2\E2_dual_camera_height_scan\run_20260808_131913\raw\E2_dual_height_raw_20260808_131913.csv
E2,ihawk2,marker_3_BR,25.0,20260808_131913,corner1,3,3,358.4497273333333,249.310623,0.005629211430875838,0.022673047611643453,3.16880213335032e-05,-0.00010544089600026044,-0.00010544089600026044,0.0005140670879998509,E2\E2_dual_camera_height_scan\run_20260808_131913\raw\E2_dual_height_raw_20260808_131913.csv
E2,ihawk2,marker_3_BR,25.0,20260808_131913,corner2,3,3,391.658071,248.37188700000002,0.01877239665041694,0.029409765572001697,0.00035240287600058515,0.0005457326940005091,0.0005457326940005091,0.0008649343110000964,E2\E2_dual_camera_height_scan\run_20260808_131913\raw\E2_dual_height_raw_20260808_131913.csv
E2,ihawk2,marker_3_BR,25.0,20260808_131913,corner3,3,3,398.32832866666666,268.9697873333334,0.006619818829329158,0.003665440264617094,4.382200133314086e-05,-2.0907011333460827e-05,-2.0907011333460827e-05,1.3435452333476232e-05,E2\E2_dual_camera_height_scan\run_20260808_131913\raw\E2_dual_height_raw_20260808_131913.csv
E2,ihawk2,marker_3_BR,25.0,20260808_141232,marker_center,3,3,374.90749366666665,258.96102133333335,0.005836547381242732,0.013325196033581828,3.406528533349139e-05,-7.681916533349846e-05,-7.681916533349846e-05,0.00017756084933338487,E2\E2_dual_camera_height_scan\run_20260808_141232\raw\E2_dual_height_raw_20260808_141232.csv
E2,ihawk2,marker_3_BR,25.0,20260808_141232,corner0,3,3,359.18887333333333,269.60658800000004,0.015170817589499824,0.0035204259685359335,0.00023015370633387721,-5.0162239999866875e-05,-5.0162239999866875e-05,1.2393398999942166e-05,E2\E2_dual_camera_height_scan\run_20260808_141232\raw\E2_dual_height_raw_20260808_141232.csv
E2,ihawk2,marker_3_BR,25.0,20260808_141232,corner1,3,3,355.83029199999993,248.8022103333333,0.0002795371174059894,0.005796779220684294,7.814100000764991e-08,3.1884699989293636e-07,3.1884699989293636e-07,3.360264933335721e-05,E2\E2_dual_camera_height_scan\run_20260808_141232\raw\E2_dual_height_raw_20260808_141232.csv
E2,ihawk2,marker_3_BR,25.0,20260808_141232,corner2,3,3,389.2427573333334,248.464564,0.008384793040574622,0.007368402540565118,7.030475433326862e-05,5.011422699984588e-05,5.011422699984588e-05,5.429335599980649e-05,E2\E2_dual_camera_height_scan\run_20260808_141232\raw\E2_dual_height_raw_20260808_141232.csv
E2,ihawk2,marker_3_BR,25.0,20260808_141232,corner3,3,3,395.3680523333333,268.9707236666667,0.043596622602355056,0.05946052477344011,0.0019006655023321756,-0.0025781774108323626,-0.0025781774108323626,0.0035355540063328854,E2\E2_dual_camera_height_scan\run_20260808_141232\raw\E2_dual_height_raw_20260808_141232.csv
E2,ihawk2,marker_3_BR,25.0,20260808_145501,marker_center,3,3,376.8827616666667,258.77781933333335,0.005353088859079797,0.003499120079895254,2.8655560333204236e-05,-1.866006233343897e-05,-1.866006233343897e-05,1.224384133352617e-05,E2\E2_dual_camera_height_scan\run_20260808_145501\raw\E2_dual_height_raw_20260808_145501.csv
E2,ihawk2,marker_3_BR,25.0,20260808_145501,corner0,3,3,361.27621466666665,269.5280456666667,0.014950909883104827,0.009139556462615375,0.00022352970633272162,0.00013650007333313233,0.00013650007333313233,8.353149233333447e-05,E2\E2_dual_camera_height_scan\run_20260808_145501\raw\E2_dual_height_raw_20260808_145501.csv
E2,ihawk2,marker_3_BR,25.0,20260808_145501,corner1,3,3,357.7863463333333,248.59909066666668,0.005542350253598177,0.009086045582840385,3.071764633355978e-05,-5.01710558335637e-05,-5.01710558335637e-05,8.255622433345325e-05,E2\E2_dual_camera_height_scan\run_20260808_145501\raw\E2_dual_height_raw_20260808_145501.csv
E2,ihawk2,marker_3_BR,25.0,20260808_145501,corner2,3,3,391.2150066666666,248.443888,0.0077075169369616005,0.01727218191197216,5.940581733354993e-05,-2.7748921999942983e-05,-2.7748921999942983e-05,0.00029832826800025816,E2\E2_dual_camera_height_scan\run_20260808_145501\raw\E2_dual_height_raw_20260808_145501.csv
E2,ihawk2,marker_3_BR,25.0,20260808_145501,corner3,3,3,397.253479,268.540253,0.0,0.0,0.0,0.0,0.0,0.0,E2\E2_dual_camera_height_scan\run_20260808_145501\raw\E2_dual_height_raw_20260808_145501.csv
E2,ihawk2,marker_3_BR,25.0,20260808_151001,marker_center,3,3,377.5787046666666,260.81857799999995,0.014439602845421026,0.0031969160139058285,0.000208502130333491,-9.330454000089051e-06,-9.330454000089051e-06,1.0220271999967531e-05,E2\E2_dual_camera_height_scan\run_20260808_151001\raw\E2_dual_height_raw_20260808_151001.csv
E2,ihawk2,marker_3_BR,25.0,20260808_151001,corner0,3,3,361.7540793333333,271.57876633333336,0.0186409081413235,0.014535947727378621,0.00034748345633326067,0.0002709632663331449,0.0002709632663331449,0.0002112937763330837,E2\E2_dual_camera_height_scan\run_20260808_151001\raw\E2_dual_height_raw_20260808_151001.csv
E2,ihawk2,marker_3_BR,25.0,20260808_151001,corner1,3,3,358.4250793333333,250.54267366666667,0.023462659532382277,0.0073702540887992185,0.000550496392332489,-0.0001724077473334015,-0.0001724077473334015,5.43206453334616e-05,E2\E2_dual_camera_height_scan\run_20260808_151001\raw\E2_dual_height_raw_20260808_151001.csv
E2,ihawk2,marker_3_BR,25.0,20260808_151001,corner2,3,3,391.8857216666667,250.38479599999997,0.05210903952611349,0.005656751983245711,0.0027153520003340577,0.00029472791699983024,0.00029472791699983024,3.199884299995429e-05,E2\E2_dual_camera_height_scan\run_20260808_151001\raw\E2_dual_height_raw_20260808_151001.csv
E2,ihawk2,marker_3_BR,25.0,20260808_151001,corner3,3,3,398.24993900000004,270.76807633333334,0.011258330249194027,0.005479631404860614,0.00012674999999991724,-6.169149999977581e-05,-6.169149999977581e-05,3.0026360333134706e-05,E2\E2_dual_camera_height_scan\run_20260808_151001\raw\E2_dual_height_raw_20260808_151001.csv
E2,ihawk2,marker_3_BR,25.0,20260808_162715,marker_center,3,3,377.55213933333334,258.6662423333333,0.007518389277840168,0.009607027965677436,5.6526177333142e-05,6.600951633322902e-05,6.600951633322902e-05,9.229498633330833e-05,E2\E2_dual_camera_height_scan\run_20260808_162715\raw\E2_dual_height_raw_20260808_162715.csv
E2,ihawk2,marker_3_BR,25.0,20260808_162715,corner0,3,3,362.0098063333333,269.4316303333333,0.00026626553163384487,0.0016033016975283264,7.089733333625403e-08,-4.091446666831623e-07,-4.091446666831623e-07,2.570576333297213e-06,E2\E2_dual_camera_height_scan\run_20260808_162715\raw\E2_dual_height_raw_20260808_162715.csv
E2,ihawk2,marker_3_BR,25.0,20260808_162715,corner1,3,3,358.41219099999995,248.48384099999998,0.0004973891836209706,0.010654407116309342,2.4739599998313563e-07,-2.1850830000214988e-06,-2.1850830000214988e-06,0.00011351639100006315,E2\E2_dual_camera_height_scan\run_20260808_162715\raw\E2_dual_height_raw_20260808_162715.csv
E2,ihawk2,marker_3_BR,25.0,20260808_162715,corner2,3,3,391.6262003333333,248.10326633333332,0.027150263909101035,0.02942406583620589,0.0007371368303338342,0.0005188228648335248,0.0005188228648335248,0.0008657756503333785,E2\E2_dual_camera_height_scan\run_20260808_162715\raw\E2_dual_height_raw_20260808_162715.csv
E2,ihawk2,marker_3_BR,25.0,20260808_162715,corner3,3,3,398.16035933333336,268.64623,0.010377871088703949,0.011646309630094458,0.0001077002083337573,0.00012086390000025166,0.00012086390000025166,0.00013563652800003092,E2\E2_dual_camera_height_scan\run_20260808_162715\raw\E2_dual_height_raw_20260808_162715.csv
E2,ihawk2,marker_4_C,25.0,20260808_131913,marker_center,4,3,296.10994200000005,292.5845133333334,0.004890149179720199,0.0048571166686916314,2.391355899991813e-05,3.12045849993601e-06,3.12045849993601e-06,2.359158233328209e-05,E2\E2_dual_camera_height_scan\run_20260808_131913\raw\E2_dual_height_raw_20260808_131913.csv
E2,ihawk2,marker_4_C,25.0,20260808_131913,corner0,4,3,274.83880633333337,305.4757486666667,0.016123977001132897,0.007268462721459949,0.0002599826343330626,9.806925416663278e-05,9.806925416663278e-05,5.283055033325297e-05,E2\E2_dual_camera_height_scan\run_20260808_131913\raw\E2_dual_height_raw_20260808_131913.csv
E2,ihawk2,marker_4_C,25.0,20260808_131913,corner1,4,3,278.1325176666666,279.9040833333333,0.009511933627472243,0.020343008782720686,9.047688133343725e-05,0.00010348071566667376,0.00010348071566667376,0.000413838006333851,E2\E2_dual_camera_height_scan\run_20260808_131913\raw\E2_dual_height_raw_20260808_131913.csv
E2,ihawk2,marker_4_C,25.0,20260808_131913,corner2,4,3,315.5321856666667,279.64401233333336,0.0018081068368000547,0.00265703826343829,3.2692503332831e-06,-8.26331833314023e-07,-8.26331833314023e-07,7.0598523333751625e-06,E2\E2_dual_camera_height_scan\run_20260808_131913\raw\E2_dual_height_raw_20260808_131913.csv
E2,ihawk2,marker_4_C,25.0,20260808_131913,corner3,4,3,315.936259,305.314209,4.680811895349072e-05,0.00012200000000461841,2.190999999964137e-09,-5.612000000055412e-09,-5.612000000055412e-09,1.4884000001126892e-08,E2\E2_dual_camera_height_scan\run_20260808_131913\raw\E2_dual_height_raw_20260808_131913.csv
E2,ihawk2,marker_4_C,25.0,20260808_141232,marker_center,4,3,292.68909233333335,292.04188800000003,0.0031635015936749013,0.0016141043956441616,1.000774233318364e-05,-4.068849500011215e-06,-4.068849500011215e-06,2.605333000037804e-06,E2\E2_dual_camera_height_scan\run_20260808_141232\raw\E2_dual_height_raw_20260808_141232.csv
E2,ihawk2,marker_4_C,25.0,20260808_141232,corner0,4,3,271.2914123333333,304.83568299999996,0.00983169773405114,0.004827225600682575,9.66622803337463e-05,-4.7459822999984515e-05,-4.7459822999984515e-05,2.3302106999885248e-05,E2\E2_dual_camera_height_scan\run_20260808_141232\raw\E2_dual_height_raw_20260808_141232.csv
E2,ihawk2,marker_4_C,25.0,20260808_141232,corner1,4,3,274.7332353333333,279.45503733333334,0.010274731837517837,0.011961394665070601,0.00010557011433290265,-4.606984816638793e-05,-4.606984816638793e-05,0.00014307496233357942,E2\E2_dual_camera_height_scan\run_20260808_141232\raw\E2_dual_height_raw_20260808_141232.csv
E2,ihawk2,marker_4_C,25.0,20260808_141232,corner2,4,3,312.41246533333333,279.2729796666667,0.002097246130849431,0.001067785715086236,4.3984413333629104e-06,-1.3334423333259334e-06,-1.3334423333259334e-06,1.1401663333422242e-06,E2\E2_dual_camera_height_scan\run_20260808_141232\raw\E2_dual_height_raw_20260808_141232.csv
E2,ihawk2,marker_4_C,25.0,20260808_141232,corner3,4,3,312.31925466666667,304.60385133333335,0.013158901068595873,0.014079442898558262,0.00017315667733309358,-0.00017172110733347517,-0.00017172110733347517,0.00019823071233376265,E2\E2_dual_camera_height_scan\run_20260808_141232\raw\E2_dual_height_raw_20260808_141232.csv
E2,ihawk2,marker_4_C,25.0,20260808_145501,marker_center,4,3,295.036382,292.02089433333333,0.016917533626386094,0.0008569984441867697,0.0002862029439999043,-6.944119998637743e-07,-6.944119998637743e-07,7.344463333385438e-07,E2\E2_dual_camera_height_scan\run_20260808_145501\raw\E2_dual_height_raw_20260808_145501.csv
E2,ihawk2,marker_4_C,25.0,20260808_145501,corner0,4,3,273.677185,304.72142533333334,0.02188100000000759,0.014078458059524259,0.0004787781610003321,-0.00025675165400049037,-0.00025675165400049037,0.00019820298133378357,E2\E2_dual_camera_height_scan\run_20260808_145501\raw\E2_dual_height_raw_20260808_145501.csv
E2,ihawk2,marker_4_C,25.0,20260808_145501,corner1,4,3,277.21837366666665,279.42873133333336,0.05980640803737306,0.01259717588722808,0.003576806442332761,-0.0006144942258346106,-0.0006144942258346106,0.00015868884033376057,E2\E2_dual_camera_height_scan\run_20260808_145501\raw\E2_dual_height_raw_20260808_145501.csv
E2,ihawk2,marker_4_C,25.0,20260808_145501,corner2,4,3,314.655884,279.34474700000004,0.0005189999999970496,0.010687083372005373,2.693609999969375e-07,2.288530499976595e-06,2.288530499976595e-06,0.00011421375100019373,E2\E2_dual_camera_height_scan\run_20260808_145501\raw\E2_dual_height_raw_20260808_145501.csv
E2,ihawk2,marker_4_C,25.0,20260808_145501,corner3,4,3,314.594086,304.5886736666667,0.004704645470157614,0.009219897089094925,2.2133688999874556e-05,4.3277264499925054e-05,4.3277264499925054e-05,8.500650233350108e-05,E2\E2_dual_camera_height_scan\run_20260808_145501\raw\E2_dual_height_raw_20260808_145501.csv
E2,ihawk2,marker_4_C,25.0,20260808_151001,marker_center,4,3,295.441218,294.467588,0.0037791369385139825,0.0036781232986341614,1.4281876000040836e-05,1.0764157000021823e-05,1.0764157000021823e-05,1.3528590999955446e-05,E2\E2_dual_camera_height_scan\run_20260808_151001\raw\E2_dual_height_raw_20260808_151001.csv
E2,ihawk2,marker_4_C,25.0,20260808_151001,corner0,4,3,273.984802,307.474355,0.004177672079042755,0.01421056522449162,1.745294400001342e-05,5.7312971999932246e-05,5.7312971999932246e-05,0.00020194016399953054,E2\E2_dual_camera_height_scan\run_20260808_151001\raw\E2_dual_height_raw_20260808_151001.csv
E2,ihawk2,marker_4_C,25.0,20260808_151001,corner1,4,3,277.5878093333333,281.50614433333334,0.010084007206110744,0.0029988845148399227,0.0001016872013328934,3.009588333327249e-05,3.009588333327249e-05,8.993308333346678e-06,E2\E2_dual_camera_height_scan\run_20260808_151001\raw\E2_dual_height_raw_20260808_151001.csv
E2,ihawk2,marker_4_C,25.0,20260808_151001,corner2,4,3,315.119161,281.4742326666667,0.000783906244400584,0.00044051825539531393,6.145090000102282e-07,3.452575000058124e-07,3.452575000058124e-07,1.9405633333653102e-07,E2\E2_dual_camera_height_scan\run_20260808_151001\raw\E2_dual_height_raw_20260808_151001.csv
E2,ihawk2,marker_4_C,25.0,20260808_151001,corner3,4,3,315.0730996666667,307.41561899999994,0.003225889696397904,0.0016345130773242993,1.0406364333326163e-05,-5.150658499935835e-06,-5.150658499935835e-06,2.671632999944151e-06,E2\E2_dual_camera_height_scan\run_20260808_151001\raw\E2_dual_height_raw_20260808_151001.csv
E2,ihawk2,marker_4_C,25.0,20260808_162715,marker_center,4,3,295.844307,292.168373,0.006664767887930807,0.00609954481908701,4.441913099999368e-05,4.022050950003051e-05,4.022050950003051e-05,3.720444700005119e-05,E2\E2_dual_camera_height_scan\run_20260808_162715\raw\E2_dual_height_raw_20260808_162715.csv
E2,ihawk2,marker_4_C,25.0,20260808_162715,corner0,4,3,274.6081136666666,305.13794966666666,0.019317283280354525,0.007112645804013036,0.0003731574333334644,0.0001366671783333859,0.0001366671783333859,5.058973033334425e-05,E2\E2_dual_camera_height_scan\run_20260808_162715\raw\E2_dual_height_raw_20260808_162715.csv
E2,ihawk2,marker_4_C,25.0,20260808_162715,corner1,4,3,277.811147,279.55320233333333,0.004138120708731592,0.0170010141560204,1.7124043000033253e-05,7.034355550005064e-05,7.034355550005064e-05,0.00028903448233320606,E2\E2_dual_camera_height_scan\run_20260808_162715\raw\E2_dual_height_raw_20260808_162715.csv
E2,ihawk2,marker_4_C,25.0,20260808_162715,corner2,4,3,315.46713266666666,279.3201393333333,0.018024298053810478,0.006695531071789059,0.0003248753203325962,0.00012068224766647512,0.00012068224766647512,4.483013633329275e-05,E2\E2_dual_camera_height_scan\run_20260808_162715\raw\E2_dual_height_raw_20260808_162715.csv
E2,ihawk2,marker_4_C,25.0,20260808_162715,corner3,4,3,315.49083433333334,304.6622013333333,0.012110491415846438,0.00806409358410378,0.00014666400233329026,9.758252333320436e-05,9.758252333320436e-05,6.502960533318377e-05,E2\E2_dual_camera_height_scan\run_20260808_162715\raw\E2_dual_height_raw_20260808_162715.csv
E2,ihawk2,marker_0_TL,30.0,20260808_131913,marker_center,0,3,189.22327800000002,332.58506266666666,0.01146036373768939,0.012356611765884163,0.00013133993700014594,-6.216349449988555e-05,-6.216349449988555e-05,0.00015268585433278695,E2\E2_dual_camera_height_scan\run_20260808_131913\raw\E2_dual_height_raw_20260808_131913.csv
E2,ihawk2,marker_0_TL,30.0,20260808_131913,corner0,0,3,159.02862533333334,349.5418803333334,0.015024113994958272,0.004316207749106469,0.00022572400133350103,-3.091293666652945e-05,-3.091293666652945e-05,1.8629649333446733e-05,E2\E2_dual_camera_height_scan\run_20260808_131913\raw\E2_dual_height_raw_20260808_131913.csv
E2,ihawk2,marker_0_TL,30.0,20260808_131913,corner1,0,3,173.48162333333335,315.8617756666667,0.024025555588436966,0.03633105252170195,0.0005772273213330748,-0.0008728421813335774,-0.0008728421813335774,0.0013199453773346656,E2\E2_dual_camera_height_scan\run_20260808_131913\raw\E2_dual_height_raw_20260808_131913.csv
E2,ihawk2,marker_0_TL,30.0,20260808_131913,corner2,0,3,217.05064900000002,315.6317446666667,0.019791024960819387,0.02046221479540035,0.000391684668999776,0.0003883410869998389,0.0003883410869998389,0.000418702234333101,E2\E2_dual_camera_height_scan\run_20260808_131913\raw\E2_dual_height_raw_20260808_131913.csv
E2,ihawk2,marker_0_TL,30.0,20260808_131913,corner3,0,3,207.33221433333333,349.30485033333326,0.011007462438413024,0.013185647588690565,0.00012116422933307359,0.00011697653933308156,0.00011697653933308156,0.00017386130233314133,E2\E2_dual_camera_height_scan\run_20260808_131913\raw\E2_dual_height_raw_20260808_131913.csv
E2,ihawk2,marker_0_TL,30.0,20260808_141232,marker_center,0,3,186.47718666666665,332.394656,0.007666519049312993,0.014157037931711863,5.8775514333479004e-05,4.371747500052389e-06,4.371747500052389e-06,0.0002004217229999285,E2\E2_dual_camera_height_scan\run_20260808_141232\raw\E2_dual_height_raw_20260808_141232.csv
E2,ihawk2,marker_0_TL,30.0,20260808_141232,corner0,0,3,156.059901,349.29914333333335,0.020313194948113872,0.0034445043668628293,0.0004126258890000789,-3.315683249963509e-05,-3.315683249963509e-05,1.1864610333337101e-05,E2\E2_dual_camera_height_scan\run_20260808_141232\raw\E2_dual_height_raw_20260808_141232.csv
E2,ihawk2,marker_0_TL,30.0,20260808_141232,corner1,0,3,171.12066633333333,315.5045676666667,0.018670634866910084,0.020893310157402863,0.0003485926063334785,-0.00038917407833346314,-0.00038917407833346314,0.00043653040933343365,E2\E2_dual_camera_height_scan\run_20260808_141232\raw\E2_dual_height_raw_20260808_141232.csv
E2,ihawk2,marker_0_TL,30.0,20260808_141232,corner2,0,3,214.50718700000002,315.705312,0.010348240864997105,0.04472150443579017,0.00010708608899999605,-5.575831799995014e-05,-5.575831799995014e-05,0.0020000129590003997,E2\E2_dual_camera_height_scan\run_20260808_141232\raw\E2_dual_height_raw_20260808_141232.csv
E2,ihawk2,marker_0_TL,30.0,20260808_141232,corner3,0,3,204.220993,349.06960000000004,0.0001853294364178272,0.00029964478970771237,3.434700000294945e-08,-5.553300000206868e-08,-5.553300000206868e-08,8.978699999897916e-08,E2\E2_dual_camera_height_scan\run_20260808_141232\raw\E2_dual_height_raw_20260808_141232.csv
E2,ihawk2,marker_0_TL,30.0,20260808_145501,marker_center,0,3,188.317557,332.3886313333333,0.003897785653410203,0.012154136511209605,1.5192732999930404e-05,2.199753749992637e-05,2.199753749992637e-05,0.0001477230343331184,E2\E2_dual_camera_height_scan\run_20260808_145501\raw\E2_dual_height_raw_20260808_145501.csv
E2,ihawk2,marker_0_TL,30.0,20260808_145501,corner0,0,3,157.88162233333333,348.66341166666666,0.018619007608725983,0.005165114164603342,0.0003466674443337961,9.57728756668574e-05,9.57728756668574e-05,2.6678404333386082e-05,E2\E2_dual_camera_height_scan\run_20260808_145501\raw\E2_dual_height_raw_20260808_145501.csv
E2,ihawk2,marker_0_TL,30.0,20260808_145501,corner1,0,3,172.962433,315.639679,0.002022183226125717,0.00044973436603996703,4.089225000024213e-06,-9.090149999973784e-07,-9.090149999973784e-07,2.0226099999737104e-07,E2\E2_dual_camera_height_scan\run_20260808_145501\raw\E2_dual_height_raw_20260808_145501.csv
E2,ihawk2,marker_0_TL,30.0,20260808_145501,corner2,0,3,216.297745,316.1297403333333,0.008900188087905138,0.03994849559538132,7.92133480000885e-05,-0.0003254159480002858,-0.0003254159480002858,0.001595882300334201,E2\E2_dual_camera_height_scan\run_20260808_145501\raw\E2_dual_height_raw_20260808_145501.csv
E2,ihawk2,marker_0_TL,30.0,20260808_145501,corner3,0,3,206.12842833333335,349.121694,0.0032065330706811702,0.004791761784568146,1.0281854333372015e-05,-1.536422450004436e-05,-1.536422450004436e-05,2.2960981000047702e-05,E2\E2_dual_camera_height_scan\run_20260808_145501\raw\E2_dual_height_raw_20260808_145501.csv
E2,ihawk2,marker_0_TL,30.0,20260808_151001,marker_center,0,3,189.13028066666666,334.2390873333333,0.03415377537452179,0.010263365984577649,0.001166480372333291,-0.00021493000633360007,-0.00021493000633360007,0.00010533668133338551,E2\E2_dual_camera_height_scan\run_20260808_151001\raw\E2_dual_height_raw_20260808_151001.csv
E2,ihawk2,marker_0_TL,30.0,20260808_151001,corner0,0,3,158.80520633333333,351.20948266666664,0.03852365185613797,0.0204287219456797,0.0014840717523329227,0.0004153740476666173,0.0004153740476666173,0.00041733268033389547,E2\E2_dual_camera_height_scan\run_20260808_151001\raw\E2_dual_height_raw_20260808_151001.csv
E2,ihawk2,marker_0_TL,30.0,20260808_151001,corner1,0,3,173.19585666666669,317.41697200000004,0.11183103324361689,0.02561597540597381,0.012506179996334944,-0.002677541970997984,-0.002677541970997984,0.000656178195999455,E2\E2_dual_camera_height_scan\run_20260808_151001\raw\E2_dual_height_raw_20260808_151001.csv
E2,ihawk2,marker_0_TL,30.0,20260808_151001,corner2,0,3,217.18385833333332,317.5118003333334,0.004500289916593446,0.0067912594070081616,2.025260933339265e-05,7.217816333232698e-06,7.217816333232698e-06,4.612120433327684e-05,E2\E2_dual_camera_height_scan\run_20260808_151001\raw\E2_dual_height_raw_20260808_151001.csv
E2,ihawk2,marker_0_TL,30.0,20260808_151001,corner3,0,3,207.336202,350.8180949999999,0.009331289139240246,0.0025060369111420053,8.707295700010295e-05,-2.2421547000006858e-05,-2.2421547000006858e-05,6.2802210000061626e-06,E2\E2_dual_camera_height_scan\run_20260808_151001\raw\E2_dual_height_raw_20260808_151001.csv
E2,ihawk2,marker_0_TL,30.0,20260808_162715,marker_center,0,3,190.056661,331.58836866666667,0.01976772763876524,0.007771104576146325,0.00039076305600040323,0.00015309782600015623,0.00015309782600015623,6.0390066333402356e-05,E2\E2_dual_camera_height_scan\run_20260808_162715\raw\E2_dual_height_raw_20260808_162715.csv
E2,ihawk2,marker_0_TL,30.0,20260808_162715,corner0,0,3,160.02742533333335,348.3995463333333,0.07618569304228673,0.030300147480398023,0.0058042598243335354,0.0022825129003340933,0.0022825129003340933,0.0009180989373338706,E2\E2_dual_camera_height_scan\run_20260808_162715\raw\E2_dual_height_raw_20260808_162715.csv
E2,ihawk2,marker_0_TL,30.0,20260808_162715,corner1,0,3,174.347168,314.73723333333334,0.04917096076954265,0.011386193057082687,0.0024177833829999024,0.00046625500549981566,0.00046625500549981566,0.000129645392333158,E2\E2_dual_camera_height_scan\run_20260808_162715\raw\E2_dual_height_raw_20260808_162715.csv
E2,ihawk2,marker_0_TL,30.0,20260808_162715,corner2,0,3,217.6687926666667,315.004659,0.0013754469576603874,0.001574989523756493,1.8918543333372156e-06,-1.8944979999799316e-06,-1.8944979999799316e-06,2.480591999942705e-06,E2\E2_dual_camera_height_scan\run_20260808_162715\raw\E2_dual_height_raw_20260808_162715.csv
E2,ihawk2,marker_0_TL,30.0,20260808_162715,corner3,0,3,208.183258,348.21203599999996,0.004356583982894482,0.004312970322166338,1.897982400001275e-05,-1.8760517999949588e-05,-1.8760517999949588e-05,1.8601712999887603e-05,E2\E2_dual_camera_height_scan\run_20260808_162715\raw\E2_dual_height_raw_20260808_162715.csv
E2,ihawk2,marker_1_TR,30.0,20260808_131913,marker_center,1,3,215.49810300000001,258.1191763333333,0.008882158915482797,0.005477433827380611,7.889274699989052e-05,-3.9852748000000336e-05,-3.9852748000000336e-05,3.000228133333341e-05,E2\E2_dual_camera_height_scan\run_20260808_131913\raw\E2_dual_height_raw_20260808_131913.csv
E2,ihawk2,marker_1_TR,30.0,20260808_131913,corner0,1,3,193.35975666666664,268.546051,0.01826455382245784,0.008316040584295893,0.00033359392633345935,-0.00011660447999975514,-0.00011660447999975514,6.915653099965638e-05,E2\E2_dual_camera_height_scan\run_20260808_131913\raw\E2_dual_height_raw_20260808_131913.csv
E2,ihawk2,marker_1_TR,30.0,20260808_131913,corner1,1,3,202.08047466666667,248.05265799999998,0.044956568934165886,0.025577614959180317,0.0020210930903324094,-0.0011417978684998243,-0.0011417978684998243,0.0006542143870000847,E2\E2_dual_camera_height_scan\run_20260808_131913\raw\E2_dual_height_raw_20260808_131913.csv
E2,ihawk2,marker_1_TR,30.0,20260808_131913,corner2,1,3,236.21216333333334,247.53665666666666,0.02164969434734693,0.016679077802249774,0.00046870926533354554,-0.0003083418943335813,-0.0003083418943335813,0.00027819163633350114,E2\E2_dual_camera_height_scan\run_20260808_131913\raw\E2_dual_height_raw_20260808_131913.csv
E2,ihawk2,marker_1_TR,30.0,20260808_131913,corner3,1,3,230.34001666666668,268.341339,0.029929362945658622,0.012290273023824605,0.0008957667663329633,-0.00011878026350012357,-0.00011878026350012357,0.00015105081100015078,E2\E2_dual_camera_height_scan\run_20260808_131913\raw\E2_dual_height_raw_20260808_131913.csv
E2,ihawk2,marker_1_TR,30.0,20260808_141232,marker_center,1,3,214.0666633333333,257.71213266666666,0.010618587963258796,0.00405766045071823,0.00011275441033346458,3.3649766668824476e-06,3.3649766668824476e-06,1.646460833332287e-05,E2\E2_dual_camera_height_scan\run_20260808_141232\raw\E2_dual_height_raw_20260808_141232.csv
E2,ihawk2,marker_1_TR,30.0,20260808_141232,corner0,1,3,191.749054,267.917979,0.03572244207778254,0.03965334917757943,0.0012760928680005284,0.0004398647250008792,0.0004398647250008792,0.0015723881009990393,E2\E2_dual_camera_height_scan\run_20260808_141232\raw\E2_dual_height_raw_20260808_141232.csv
E2,ihawk2,marker_1_TR,30.0,20260808_141232,corner1,1,3,200.91503899999998,247.4557903333333,0.0243644035633938,0.011909677465546822,0.0005936241609999166,-0.00015966390700021725,-0.00015966390700021725,0.00014184041733335379,E2\E2_dual_camera_height_scan\run_20260808_141232\raw\E2_dual_height_raw_20260808_141232.csv
E2,ihawk2,marker_1_TR,30.0,20260808_141232,corner2,1,3,234.868098,247.21548433333336,0.008074430196609262,0.01769156393124728,6.51964229999155e-05,-2.7395999997398e-07,-2.7395999997398e-07,0.0003129914343334097,E2\E2_dual_camera_height_scan\run_20260808_141232\raw\E2_dual_height_raw_20260808_141232.csv
E2,ihawk2,marker_1_TR,30.0,20260808_141232,corner3,1,3,228.73446133333334,268.25927733333333,8.775724090857805e-05,0.00031754264804022156,7.701333331886204e-09,-2.7866666662813532e-08,-2.7866666662813532e-08,1.0083333332439603e-07,E2\E2_dual_camera_height_scan\run_20260808_141232\raw\E2_dual_height_raw_20260808_141232.csv
E2,ihawk2,marker_1_TR,30.0,20260808_145501,marker_center,1,3,215.81664266666667,257.9928576666666,0.012866015635520693,0.01114894480804477,0.00016553435833346295,7.742638083335495e-05,7.742638083335495e-05,0.00012429897033282842,E2\E2_dual_camera_height_scan\run_20260808_145501\raw\E2_dual_height_raw_20260808_145501.csv
E2,ihawk2,marker_1_TR,30.0,20260808_145501,corner0,1,3,193.5655363333333,268.319326,0.02516850143201584,0.04330149820733454,0.0006334534643333833,0.0010863462874999418,0.0010863462874999418,0.0018750197469997961,E2\E2_dual_camera_height_scan\run_20260808_145501\raw\E2_dual_height_raw_20260808_145501.csv
E2,ihawk2,marker_1_TR,30.0,20260808_145501,corner1,1,3,202.68313633333332,247.746521,0.004775215213309723,0.004929330583350399,2.280268033342463e-05,2.2464865000051222e-05,2.2464865000051222e-05,2.4298299999953583e-05,E2\E2_dual_camera_height_scan\run_20260808_145501\raw\E2_dual_height_raw_20260808_145501.csv
E2,ihawk2,marker_1_TR,30.0,20260808_145501,corner2,1,3,236.55962133333333,247.48356633333333,0.0015556404897433588,0.0019683547275185093,2.4200173333289573e-06,-1.4452516666611805e-06,-1.4452516666611805e-06,3.874420333344465e-06,E2\E2_dual_camera_height_scan\run_20260808_145501\raw\E2_dual_height_raw_20260808_145501.csv
E2,ihawk2,marker_1_TR,30.0,20260808_145501,corner3,1,3,230.4582773333333,268.4220173333333,0.03556573688725043,0.018539504155544007,0.0012649216403331264,-0.0006587029811666773,-0.0006587029811666773,0.0003437132143334335,E2\E2_dual_camera_height_scan\run_20260808_145501\raw\E2_dual_height_raw_20260808_145501.csv
E2,ihawk2,marker_1_TR,30.0,20260808_151001,marker_center,1,3,215.86710266666668,258.85268666666667,0.006384557959119911,0.020483257610374173,4.0762580333361404e-05,-0.00013027261066664108,-0.00013027261066664108,0.0004195638423329515,E2\E2_dual_camera_height_scan\run_20260808_151001\raw\E2_dual_height_raw_20260808_151001.csv
E2,ihawk2,marker_1_TR,30.0,20260808_151001,corner0,1,3,193.61316899999997,269.248993,0.018280471328714104,0.001884185765801542,0.00033417563199993836,-2.3994260000510787e-05,-2.3994260000510787e-05,3.5501560000491435e-06,E2\E2_dual_camera_height_scan\run_20260808_151001\raw\E2_dual_height_raw_20260808_151001.csv
E2,ihawk2,marker_1_TR,30.0,20260808_151001,corner1,1,3,202.49762466666667,248.586802,0.028416410159164136,0.005002619713712866,0.0008074923663338467,-0.00014168451500013753,-0.00014168451500013753,2.5026204000028605e-05,E2\E2_dual_camera_height_scan\run_20260808_151001\raw\E2_dual_height_raw_20260808_151001.csv
E2,ihawk2,marker_1_TR,30.0,20260808_151001,corner2,1,3,236.61149066666667,248.074809,0.028341314036817476,0.0661602155679761,0.0008032300813335074,0.001226190578000275,0.001226190578000275,0.004377174124001067,E2\E2_dual_camera_height_scan\run_20260808_151001\raw\E2_dual_height_raw_20260808_151001.csv
E2,ihawk2,marker_1_TR,30.0,20260808_151001,corner3,1,3,230.746124,269.5001423333333,0.031749008992408345,0.014278729226834827,0.0010079995720000258,-0.0003992677999999607,-0.0003992677999999607,0.0002038821083332671,E2\E2_dual_camera_height_scan\run_20260808_151001\raw\E2_dual_height_raw_20260808_151001.csv
E2,ihawk2,marker_1_TR,30.0,20260808_162715,marker_center,1,3,215.91654099999997,257.03783533333336,0.004590060239255601,0.0047197068058792545,2.106865299999519e-05,-1.9195179500025004e-05,-1.9195179500025004e-05,2.2275632333462958e-05,E2\E2_dual_camera_height_scan\run_20260808_162715\raw\E2_dual_height_raw_20260808_162715.csv
E2,ihawk2,marker_1_TR,30.0,20260808_162715,corner0,1,3,193.71863299999998,267.264038,0.002582409920973231,0.0017096467471493656,6.6688409999409695e-06,-1.6519679999642956e-06,-1.6519679999642956e-06,2.922892000038407e-06,E2\E2_dual_camera_height_scan\run_20260808_162715\raw\E2_dual_height_raw_20260808_162715.csv
E2,ihawk2,marker_1_TR,30.0,20260808_162715,corner1,1,3,202.42795266666667,246.92274999999998,0.01745060793593207,0.018946971235539487,0.00030452371733361537,-0.0003279870220003086,-0.0003279870220003086,0.0003589877190003608,E2\E2_dual_camera_height_scan\run_20260808_162715\raw\E2_dual_height_raw_20260808_162715.csv
E2,ihawk2,marker_1_TR,30.0,20260808_162715,corner2,1,3,236.51762399999998,246.48692333333335,0.0038464270433719474,0.0010455076916559346,1.479500099998306e-05,4.020166499956992e-06,4.020166499956992e-06,1.0930863333117209e-06,E2\E2_dual_camera_height_scan\run_20260808_162715\raw\E2_dual_height_raw_20260808_162715.csv
E2,ihawk2,marker_1_TR,30.0,20260808_162715,corner3,1,3,231.001953,267.4776306666667,0.008786675309800672,0.005584002984717313,7.720566299986073e-05,-3.371724600004462e-05,-3.371724600004462e-05,3.118108933333186e-05,E2\E2_dual_camera_height_scan\run_20260808_162715\raw\E2_dual_height_raw_20260808_162715.csv
E2,ihawk2,marker_2_BL,30.0,20260808_131913,marker_center,2,3,396.7534283333334,329.170733,0.004933067233798105,0.012371188261432992,2.433515233317249e-05,2.560789099996178e-05,2.560789099996178e-05,0.00015304629899981744,E2\E2_dual_camera_height_scan\run_20260808_131913\raw\E2_dual_height_raw_20260808_131913.csv
E2,ihawk2,marker_2_BL,30.0,20260808_131913,corner0,2,3,377.80935633333337,346.32203166666676,0.0017972913879785422,0.016157147283272274,3.230256333301835e-06,2.9039101666526158e-05,2.9039101666526158e-05,0.00026105340833335267,E2\E2_dual_camera_height_scan\run_20260808_131913\raw\E2_dual_height_raw_20260808_131913.csv
E2,ihawk2,marker_2_BL,30.0,20260808_131913,corner1,2,3,371.0463563333333,313.4638776666667,0.009337036432041,0.0044272418426509,8.718024933326092e-05,-1.5268020333174628e-05,-1.5268020333174628e-05,1.960047033331893e-05,E2\E2_dual_camera_height_scan\run_20260808_131913\raw\E2_dual_height_raw_20260808_131913.csv
E2,ihawk2,marker_2_BL,30.0,20260808_131913,corner2,2,3,413.301402,312.33713800000004,0.007408987042775503,0.02447336864840002,5.4893089000015295e-05,-0.0001453479345001361,-0.0001453479345001361,0.000598945773000489,E2\E2_dual_camera_height_scan\run_20260808_131913\raw\E2_dual_height_raw_20260808_131913.csv
E2,ihawk2,marker_2_BL,30.0,20260808_131913,corner3,2,3,424.8565976666667,344.5598856666666,0.018787704764909176,0.016736187030913747,0.0003529778503333909,4.8898483833207296e-05,4.8898483833207296e-05,0.00028009995633372544,E2\E2_dual_camera_height_scan\run_20260808_131913\raw\E2_dual_height_raw_20260808_131913.csv
E2,ihawk2,marker_2_BL,30.0,20260808_141232,marker_center,2,3,393.28193699999997,329.71905,0.004132261729378274,0.0038647689452099257,1.7075587000084325e-05,-5.465925000008353e-06,-5.465925000008353e-06,1.4936438999859042e-05,E2\E2_dual_camera_height_scan\run_20260808_141232\raw\E2_dual_height_raw_20260808_141232.csv
E2,ihawk2,marker_2_BL,30.0,20260808_141232,corner0,2,3,373.955129,346.57857266666673,0.020964032937381402,0.01367048683599555,0.0004394906769996123,-0.00022011136099969343,-0.00022011136099969343,0.00018688221033312763,E2\E2_dual_camera_height_scan\run_20260808_141232\raw\E2_dual_height_raw_20260808_141232.csv
E2,ihawk2,marker_2_BL,30.0,20260808_141232,corner1,2,3,367.783173,313.828918,0.0,0.0,0.0,0.0,0.0,0.0,E2\E2_dual_camera_height_scan\run_20260808_141232\raw\E2_dual_height_raw_20260808_141232.csv
E2,ihawk2,marker_2_BL,30.0,20260808_141232,corner2,2,3,410.4258423333333,313.1334326666667,0.009522311134045698,0.00663823126540272,9.067440933357068e-05,6.161901966648739e-05,6.161901966648739e-05,4.4066114332970196e-05,E2\E2_dual_camera_height_scan\run_20260808_141232\raw\E2_dual_height_raw_20260808_141232.csv
E2,ihawk2,marker_2_BL,30.0,20260808_141232,corner3,2,3,420.963603,345.3352766666667,0.013436118449924869,0.0014477134845397909,0.00018052927900041144,-1.9428803999955538e-05,-1.9428803999955538e-05,2.095874333318343e-06,E2\E2_dual_camera_height_scan\run_20260808_141232\raw\E2_dual_height_raw_20260808_141232.csv
E2,ihawk2,marker_2_BL,30.0,20260808_145501,marker_center,2,3,395.5847473333333,330.3541873333333,0.013093183200919118,0.010357721773314179,0.0001714314463328306,8.276462133329565e-05,8.276462133329565e-05,0.00010728240033338662,E2\E2_dual_camera_height_scan\run_20260808_145501\raw\E2_dual_height_raw_20260808_145501.csv
E2,ihawk2,marker_2_BL,30.0,20260808_145501,corner0,2,3,376.22699966666664,347.063792,0.02653676772581883,0.035160825175195795,0.00070420004133406,0.0007074622230003574,0.0007074622230003574,0.0012362836270006826,E2\E2_dual_camera_height_scan\run_20260808_145501\raw\E2_dual_height_raw_20260808_145501.csv
E2,ihawk2,marker_2_BL,30.0,20260808_145501,corner1,2,3,370.099925,314.5016073333333,0.015839604635199234,0.008845006123970196,0.0002508930749994251,0.00014010139999960395,0.00014010139999960395,7.823413333307028e-05,E2\E2_dual_camera_height_scan\run_20260808_145501\raw\E2_dual_height_raw_20260808_145501.csv
E2,ihawk2,marker_2_BL,30.0,20260808_145501,corner2,2,3,412.60097233333335,313.48938,0.0038762323631709016,0.0038321937581557693,1.5025177333293474e-05,-1.485345800000465e-05,-1.485345800000465e-05,1.4685709000048039e-05,E2\E2_dual_camera_height_scan\run_20260808_145501\raw\E2_dual_height_raw_20260808_145501.csv
E2,ihawk2,marker_2_BL,30.0,20260808_145501,corner3,2,3,423.411092,346.361969,0.017463831796027826,0.013803052090035777,0.0003049854209999525,-8.034583199990244e-05,-8.034583199990244e-05,0.00019052424700024103,E2\E2_dual_camera_height_scan\run_20260808_145501\raw\E2_dual_height_raw_20260808_145501.csv
E2,ihawk2,marker_2_BL,30.0,20260808_151001,marker_center,2,3,397.02585100000005,330.8516313333334,0.0038071069068323763,0.00491789897552402,1.4494063000050784e-05,-1.8458093500074055e-05,-1.8458093500074055e-05,2.4185730333460198e-05,E2\E2_dual_camera_height_scan\run_20260808_151001\raw\E2_dual_height_raw_20260808_151001.csv
E2,ihawk2,marker_2_BL,30.0,20260808_151001,corner0,2,3,377.8883766666666,347.78167699999995,0.0003874020306326997,0.00010565509925749654,1.5008033333833918e-07,4.09309999990536e-08,4.09309999990536e-08,1.1162999999111445e-08,E2\E2_dual_camera_height_scan\run_20260808_151001\raw\E2_dual_height_raw_20260808_151001.csv
E2,ihawk2,marker_2_BL,30.0,20260808_151001,corner1,2,3,371.2460736666667,315.0516356666667,0.0003574273818807896,0.001846686853077784,1.2775433331815578e-07,-6.162626666243176e-07,-6.162626666243176e-07,3.4102523333303284e-06,E2\E2_dual_camera_height_scan\run_20260808_151001\raw\E2_dual_height_raw_20260808_151001.csv
E2,ihawk2,marker_2_BL,30.0,20260808_151001,corner2,2,3,413.81150299999996,314.0539043333333,0.006327299661005524,0.0022351206529799706,4.003472100016062e-05,-1.3382270500124031e-05,-1.3382270500124031e-05,4.9957643333776105e-06,E2\E2_dual_camera_height_scan\run_20260808_151001\raw\E2_dual_height_raw_20260808_151001.csv
E2,ihawk2,marker_2_BL,30.0,20260808_151001,corner3,2,3,425.1574503333334,346.5193076666667,0.011542884272691673,0.019548795598028246,0.00013323817733275277,-0.00022444337133288502,-0.00022444337133288502,0.00038215540933348856,E2\E2_dual_camera_height_scan\run_20260808_151001\raw\E2_dual_height_raw_20260808_151001.csv
E2,ihawk2,marker_2_BL,30.0,20260808_162715,marker_center,2,3,396.3985186666667,327.922465,0.002650907077438601,0.00842392539141042,7.027308333214065e-06,1.363672249984872e-05,1.363672249984872e-05,7.09625190000492e-05,E2\E2_dual_camera_height_scan\run_20260808_162715\raw\E2_dual_height_raw_20260808_162715.csv
E2,ihawk2,marker_2_BL,30.0,20260808_162715,corner0,2,3,377.577972,344.676361,0.020321217507823106,0.005327839055391024,0.00041295188100025636,-2.9986214998520323e-06,-2.9986214998520323e-06,2.8385869000149925e-05,E2\E2_dual_camera_height_scan\run_20260808_162715\raw\E2_dual_height_raw_20260808_162715.csv
E2,ihawk2,marker_2_BL,30.0,20260808_162715,corner1,2,3,370.66496800000004,312.346039,0.0011448855838005032,0.029706403400602772,1.310762999994219e-06,3.401043299991236e-05,3.401043299991236e-05,0.000882470402999344,E2\E2_dual_camera_height_scan\run_20260808_162715\raw\E2_dual_height_raw_20260808_162715.csv
E2,ihawk2,marker_2_BL,30.0,20260808_162715,corner2,2,3,413.0981036666667,311.30484,0.03260813250299196,0.0007952565623879688,0.0010632903053326805,-2.1753752000701554e-05,-2.1753752000701554e-05,6.324330000211294e-07,E2\E2_dual_camera_height_scan\run_20260808_162715\raw\E2_dual_height_raw_20260808_162715.csv
E2,ihawk2,marker_2_BL,30.0,20260808_162715,corner3,2,3,424.25303133333335,343.3626203333333,0.02820380985493415,0.0035119542043303043,0.0007954548903332808,-1.8831573166993983e-05,-1.8831573166993983e-05,1.23338223333133e-05,E2\E2_dual_camera_height_scan\run_20260808_162715\raw\E2_dual_height_raw_20260808_162715.csv
E2,ihawk2,marker_3_BR,30.0,20260808_131913,marker_center,3,3,376.865481,255.97029866666665,0.012518402613752163,0.010676101925955908,0.000156710403999997,-6.721002400004105e-05,-6.721002400004105e-05,0.00011397915233339945,E2\E2_dual_camera_height_scan\run_20260808_131913\raw\E2_dual_height_raw_20260808_131913.csv
E2,ihawk2,marker_3_BR,30.0,20260808_131913,corner0,3,3,361.45586166666664,266.5043743333333,0.008383271219108602,0.0029210313817834427,7.027923633313462e-05,3.6894731667020453e-06,3.6894731667020453e-06,8.532424333363688e-06,E2\E2_dual_camera_height_scan\run_20260808_131913\raw\E2_dual_height_raw_20260808_131913.csv
E2,ihawk2,marker_3_BR,30.0,20260808_131913,corner1,3,3,357.39926166666663,246.40621466666664,0.012798067562484725,0.029480752641911197,0.0001637905333339237,0.00019390711333384312,0.00019390711333384312,0.000869114776333554,E2\E2_dual_camera_height_scan\run_20260808_131913\raw\E2_dual_height_raw_20260808_131913.csv
E2,ihawk2,marker_3_BR,30.0,20260808_131913,corner2,3,3,391.0577593333333,245.417221,0.026849022781728397,0.015056547446205115,0.0007208700243337704,-0.00030755098149988784,-0.00030755098149988784,0.00022669962099982577,E2\E2_dual_camera_height_scan\run_20260808_131913\raw\E2_dual_height_raw_20260808_131913.csv
E2,ihawk2,marker_3_BR,30.0,20260808_131913,corner3,3,3,397.54904166666665,265.55338566666666,0.027516134345746353,0.007136289955806874,0.0007571376493331621,0.0001446841543336959,0.0001446841543336959,5.0926634333350075e-05,E2\E2_dual_camera_height_scan\run_20260808_131913\raw\E2_dual_height_raw_20260808_131913.csv
E2,ihawk2,marker_3_BR,30.0,20260808_141232,marker_center,3,3,375.69052366666665,256.26004666666665,0.4831843949149669,0.028573854786024828,0.23346715948934268,-0.013745569460661822,-0.013745569460661822,0.000816465177332834,E2\E2_dual_camera_height_scan\run_20260808_141232\raw\E2_dual_height_raw_20260808_141232.csv
E2,ihawk2,marker_3_BR,30.0,20260808_141232,corner0,3,3,359.574941,267.0431623333333,0.014606384460238831,0.012703437973002793,0.00021334646700030643,-0.00018555129900047588,-0.00018555129900047588,0.0001613773363339293,E2\E2_dual_camera_height_scan\run_20260808_141232\raw\E2_dual_height_raw_20260808_141232.csv
E2,ihawk2,marker_3_BR,30.0,20260808_141232,corner1,3,3,355.9354553333333,246.29750566666667,0.014926816617526971,0.003915857164567825,0.00022280985433327933,3.394029466673836e-05,3.394029466673836e-05,1.533393733329716e-05,E2\E2_dual_camera_height_scan\run_20260808_141232\raw\E2_dual_height_raw_20260808_141232.csv
E2,ihawk2,marker_3_BR,30.0,20260808_141232,corner2,3,3,389.364258,245.62894200000002,0.020175052887190775,0.0029750675622546878,0.00040703275900094477,-5.470309149990288e-05,-5.470309149990288e-05,8.851026999980052e-06,E2\E2_dual_camera_height_scan\run_20260808_141232\raw\E2_dual_height_raw_20260808_141232.csv
E2,ihawk2,marker_3_BR,30.0,20260808_141232,corner3,3,3,397.887441,266.070577,1.927008714418014,0.12224294984578063,3.713362585442967,-0.23556322962898354,-0.23556322962898354,0.01494333878699804,E2\E2_dual_camera_height_scan\run_20260808_141232\raw\E2_dual_height_raw_20260808_141232.csv
E2,ihawk2,marker_3_BR,30.0,20260808_145501,marker_center,3,3,376.99843833333335,256.64098233333334,0.0027398002360394555,0.00567009985215205,7.506505333401855e-06,-1.411340166675878e-05,-1.411340166675878e-05,3.2150032333374695e-05,E2\E2_dual_camera_height_scan\run_20260808_145501\raw\E2_dual_height_raw_20260808_145501.csv
E2,ihawk2,marker_3_BR,30.0,20260808_145501,corner0,3,3,361.46843433333333,267.38683066666664,0.0036310661427865053,0.00411277574556294,1.3184641333290471e-05,-1.3727442333241588e-05,-1.3727442333241588e-05,1.69149243332908e-05,E2\E2_dual_camera_height_scan\run_20260808_145501\raw\E2_dual_height_raw_20260808_145501.csv
E2,ihawk2,marker_3_BR,30.0,20260808_145501,corner1,3,3,357.59361800000005,246.4875946666667,0.017865665059002892,0.00944199265691509,0.0003191819880004769,-0.00015003030200007848,-0.00015003030200007848,8.915122533323848e-05,E2\E2_dual_camera_height_scan\run_20260808_145501\raw\E2_dual_height_raw_20260808_145501.csv
E2,ihawk2,marker_3_BR,30.0,20260808_145501,corner2,3,3,391.32512433333335,246.28879799999996,0.007054172547728655,0.005421376670186764,4.976135033312859e-05,3.804918499995442e-05,3.804918499995442e-05,2.9391325000045322e-05,E2\E2_dual_camera_height_scan\run_20260808_145501\raw\E2_dual_height_raw_20260808_145501.csv
E2,ihawk2,marker_3_BR,30.0,20260808_145501,corner3,3,3,397.6065776666666,266.4007056666667,0.004104138683483443,0.012123427499386732,1.684395433326521e-05,-5.017473666393001e-06,-5.017473666393001e-06,0.00014697749433288643,E2\E2_dual_camera_height_scan\run_20260808_145501\raw\E2_dual_height_raw_20260808_145501.csv
E2,ihawk2,marker_3_BR,30.0,20260808_151001,marker_center,3,3,377.469495,256.8796043333333,0.011821820460484871,0.003688361741116096,0.00013975543899993873,-2.187006549991444e-05,-2.187006549991444e-05,1.3604012333328959e-05,E2\E2_dual_camera_height_scan\run_20260808_151001\raw\E2_dual_height_raw_20260808_151001.csv
E2,ihawk2,marker_3_BR,30.0,20260808_151001,corner0,3,3,361.92438766666663,267.6067503333333,0.002564952306253089,0.0006431969630940647,6.57898033335304e-06,1.5612601666827517e-06,1.5612601666827517e-06,4.1370233333342774e-07,E2\E2_dual_camera_height_scan\run_20260808_151001\raw\E2_dual_height_raw_20260808_151001.csv
E2,ihawk2,marker_3_BR,30.0,20260808_151001,corner1,3,3,358.201711,246.836675,0.03459123407742207,0.02458333124294166,0.0011965534749990058,-0.0008270572124997842,-0.0008270572124997842,0.0006043401750001916,E2\E2_dual_camera_height_scan\run_20260808_151001\raw\E2_dual_height_raw_20260808_151001.csv
E2,ihawk2,marker_3_BR,30.0,20260808_151001,corner2,3,3,391.43869033333334,246.52702833333333,0.011313896514170252,0.004410064889927448,0.00012800425433335378,3.87328298333741e-05,3.87328298333741e-05,1.9448672333370795e-05,E2\E2_dual_camera_height_scan\run_20260808_151001\raw\E2_dual_height_raw_20260808_151001.csv
E2,ihawk2,marker_3_BR,30.0,20260808_151001,corner3,3,3,398.3131916666667,266.54796366666665,0.003946766440159679,0.014993786490838712,1.5576965333170704e-05,5.917697333296179e-05,5.917697333296179e-05,0.00022481363333285746,E2\E2_dual_camera_height_scan\run_20260808_151001\raw\E2_dual_height_raw_20260808_151001.csv
E2,ihawk2,marker_3_BR,30.0,20260808_162715,marker_center,3,3,376.635521,255.077985,0.003389979793433703,0.00480145425885885,1.1491962999888812e-05,-7.510136499936694e-06,-7.510136499936694e-06,2.3053962999913788e-05,E2\E2_dual_camera_height_scan\run_20260808_162715\raw\E2_dual_height_raw_20260808_162715.csv
E2,ihawk2,marker_3_BR,30.0,20260808_162715,corner0,3,3,361.34436066666666,265.703369,0.023808432966779314,0.02365944202640011,0.0005668414803336241,0.0005569775860004195,0.0005569775860004195,0.0005597691970005877,E2\E2_dual_camera_height_scan\run_20260808_162715\raw\E2_dual_height_raw_20260808_162715.csv
E2,ihawk2,marker_3_BR,30.0,20260808_162715,corner1,3,3,357.3504436666667,245.346222,0.014410714081298135,0.0023499999999927468,0.00020766868033292435,-3.323957499988769e-05,-3.323957499988769e-05,5.5224999999659095e-06,E2\E2_dual_camera_height_scan\run_20260808_162715\raw\E2_dual_height_raw_20260808_162715.csv
E2,ihawk2,marker_3_BR,30.0,20260808_162715,corner2,3,3,390.52736400000003,244.55508433333333,0.0084868680324306,0.021939581225116245,7.202692899989244e-05,5.577676849995964e-05,5.577676849995964e-05,0.00048134522433347323,E2\E2_dual_camera_height_scan\run_20260808_162715\raw\E2_dual_height_raw_20260808_162715.csv
E2,ihawk2,marker_3_BR,30.0,20260808_162715,corner3,3,3,397.3199156666667,264.707265,0.010006087463809208,0.02094079442142417,0.00010012178633339979,0.0001746271314999449,0.0001746271314999449,0.0004385168710003496,E2\E2_dual_camera_height_scan\run_20260808_162715\raw\E2_dual_height_raw_20260808_162715.csv
E2,ihawk2,marker_4_C,30.0,20260808_131913,marker_center,4,3,295.3719813333333,289.73952733333334,0.012058255526133389,0.005921415568362574,0.00014540152633352643,5.361003783311582e-05,5.361003783311582e-05,3.506316233324667e-05,E2\E2_dual_camera_height_scan\run_20260808_131913\raw\E2_dual_height_raw_20260808_131913.csv
E2,ihawk2,marker_4_C,30.0,20260808_131913,corner0,4,3,274.21105933333337,302.73562633333336,0.0008458181443605229,0.00015819397375237883,7.154083333294784e-07,1.3380333332825432e-07,1.3380333332825432e-07,2.502533333156832e-08,E2\E2_dual_camera_height_scan\run_20260808_131913\raw\E2_dual_height_raw_20260808_131913.csv
E2,ihawk2,marker_4_C,30.0,20260808_131913,corner1,4,3,277.087382,277.26731366666667,0.014558943265223877,0.013339850423958311,0.00021196282900000767,-0.00019401629400013918,-0.00019401629400013918,0.00017795160933358075,E2\E2_dual_camera_height_scan\run_20260808_131913\raw\E2_dual_height_raw_20260808_131913.csv
E2,ihawk2,marker_4_C,30.0,20260808_131913,corner2,4,3,314.707835,276.677104,0.03759849215060766,0.018877458065099603,0.001413646611999306,0.00013869309899983864,0.00013869309899983864,0.00035635842299959404,E2\E2_dual_camera_height_scan\run_20260808_131913\raw\E2_dual_height_raw_20260808_131913.csv
E2,ihawk2,marker_4_C,30.0,20260808_131913,corner3,4,3,315.4816486666667,302.278066,0.006158038838242599,0.019034760597403933,3.7921442333304254e-05,1.1319719500171039e-05,1.1319719500171039e-05,0.0003623221110004813,E2\E2_dual_camera_height_scan\run_20260808_131913\raw\E2_dual_height_raw_20260808_131913.csv
E2,ihawk2,marker_4_C,30.0,20260808_141232,marker_center,4,3,292.9650853333333,289.78822833333334,0.011012304042911408,0.007663442916423468,0.00012127084033352295,9.508773333015199e-07,9.508773333015199e-07,5.872835733328103e-05,E2\E2_dual_camera_height_scan\run_20260808_141232\raw\E2_dual_height_raw_20260808_141232.csv
E2,ihawk2,marker_4_C,30.0,20260808_141232,corner0,4,3,271.5610246666667,302.677775,0.015808641191892785,0.014651054262415919,0.00024991313633400934,-7.391430150013474e-05,-7.391430150013474e-05,0.00021465339100025567,E2\E2_dual_camera_height_scan\run_20260808_141232\raw\E2_dual_height_raw_20260808_141232.csv
E2,ihawk2,marker_4_C,30.0,20260808_141232,corner1,4,3,274.88488766666666,277.31880666666666,0.012421691041594771,0.010060328440630909,0.0001542984083328358,-0.00012496629166648606,-0.00012496629166648606,0.00010121020833336715,E2\E2_dual_camera_height_scan\run_20260808_141232\raw\E2_dual_height_raw_20260808_141232.csv
E2,ihawk2,marker_4_C,30.0,20260808_141232,corner2,4,3,312.5996093333333,276.7391863333334,0.02661028465335271,0.015596926759245539,0.0007081072493324588,0.00037964001633311497,0.00037964001633311497,0.00024326412433326952,E2\E2_dual_camera_height_scan\run_20260808_141232\raw\E2_dual_height_raw_20260808_141232.csv
E2,ihawk2,marker_4_C,30.0,20260808_141232,corner3,4,3,312.814819,302.417145,0.0,0.0,0.0,0.0,0.0,0.0,E2\E2_dual_camera_height_scan\run_20260808_141232\raw\E2_dual_height_raw_20260808_141232.csv
E2,ihawk2,marker_4_C,30.0,20260808_145501,marker_center,4,3,294.868894,290.09210966666666,0.010455841477385342,0.004257034687828942,0.0001093246210002117,-3.1757053500045154e-05,-3.1757053500045154e-05,1.812234433337886e-05,E2\E2_dual_camera_height_scan\run_20260808_145501\raw\E2_dual_height_raw_20260808_145501.csv
E2,ihawk2,marker_4_C,30.0,20260808_145501,corner0,4,3,273.48475133333335,303.1738893333333,0.02811556715297044,0.007622019767295726,0.0007904851163331903,0.0002140122303328066,0.0002140122303328066,5.8095185333046793e-05,E2\E2_dual_camera_height_scan\run_20260808_145501\raw\E2_dual_height_raw_20260808_145501.csv
E2,ihawk2,marker_4_C,30.0,20260808_145501,corner1,4,3,276.67620833333336,277.4845683333333,0.003341603257923664,0.0071103028299442485,1.1166312333366045e-05,-2.3586646166725643e-05,-2.3586646166725643e-05,5.0556406333513184e-05,E2\E2_dual_camera_height_scan\run_20260808_145501\raw\E2_dual_height_raw_20260808_145501.csv
E2,ihawk2,marker_4_C,30.0,20260808_145501,corner2,4,3,314.52435333333335,277.07521599999995,0.01131144647395664,0.012456909408057694,0.00012794882133318613,-0.00014090566400017153,-0.00014090566400017153,0.0001551745920005563,E2\E2_dual_camera_height_scan\run_20260808_145501\raw\E2_dual_height_raw_20260808_145501.csv
E2,ihawk2,marker_4_C,30.0,20260808_145501,corner3,4,3,314.79026300000004,302.6347653333333,0.0374816589280705,0.00656916526914823,0.0014048747560002073,-0.00021059788100010192,-0.00021059788100010192,4.315393233338333e-05,E2\E2_dual_camera_height_scan\run_20260808_145501\raw\E2_dual_height_raw_20260808_145501.csv
E2,ihawk2,marker_4_C,30.0,20260808_151001,marker_center,4,3,295.6931153333333,290.8914896666667,0.002670687239901391,0.00912975149353277,7.132570333372111e-06,-1.9097716833480507e-05,-1.9097716833480507e-05,8.335236233366384e-05,E2\E2_dual_camera_height_scan\run_20260808_151001\raw\E2_dual_height_raw_20260808_151001.csv
E2,ihawk2,marker_4_C,30.0,20260808_151001,corner0,4,3,274.4127603333333,303.97714233333335,0.004183224274795307,0.02047294542400226,1.7499365333236722e-05,8.039039533310292e-05,8.039039533310292e-05,0.0004191414943341751,E2\E2_dual_camera_height_scan\run_20260808_151001\raw\E2_dual_height_raw_20260808_151001.csv
E2,ihawk2,marker_4_C,30.0,20260808_151001,corner1,4,3,277.407664,278.3856203333333,0.011541668683519348,0.006419787405609048,0.00013321011600013125,-7.134199799997107e-05,-7.134199799997107e-05,4.1213670333216554e-05,E2\E2_dual_camera_height_scan\run_20260808_151001\raw\E2_dual_height_raw_20260808_151001.csv
E2,ihawk2,marker_4_C,30.0,20260808_151001,corner2,4,3,315.2695106666667,277.7372846666667,0.004978764538854859,0.010312911050380022,2.4788096333358635e-05,8.890885833469795e-06,8.890885833469795e-06,0.00010635613433305039,E2\E2_dual_camera_height_scan\run_20260808_151001\raw\E2_dual_height_raw_20260808_151001.csv
E2,ihawk2,marker_4_C,30.0,20260808_151001,corner3,4,3,315.68252533333333,303.46591166666667,0.0006407857155865289,0.00027137120947035595,4.106063332997399e-07,9.91936666697416e-08,9.91936666697416e-08,7.36423333294038e-08,E2\E2_dual_camera_height_scan\run_20260808_151001\raw\E2_dual_height_raw_20260808_151001.csv
E2,ihawk2,marker_4_C,30.0,20260808_162715,marker_center,4,3,295.549164,288.51595333333336,0.0030259856245457967,0.0050472113422402425,9.156588999957816e-06,-3.3286454999530063e-06,-3.3286454999530063e-06,2.547434233323855e-05,E2\E2_dual_camera_height_scan\run_20260808_162715\raw\E2_dual_height_raw_20260808_162715.csv
E2,ihawk2,marker_4_C,30.0,20260808_162715,corner0,4,3,274.43693033333335,301.617747,0.023830176758322844,0.0017564022887747814,0.0005678773243329102,4.012182350002296e-05,4.012182350002296e-05,3.0849490000132906e-06,E2\E2_dual_camera_height_scan\run_20260808_162715\raw\E2_dual_height_raw_20260808_162715.csv
E2,ihawk2,marker_4_C,30.0,20260808_162715,corner1,4,3,277.35675033333337,276.018575,0.012748370967811399,0.006740257487661576,0.00016252096233293655,1.5960043499863667e-05,1.5960043499863667e-05,4.543107099997795e-05,E2\E2_dual_camera_height_scan\run_20260808_162715\raw\E2_dual_height_raw_20260808_162715.csv
E2,ihawk2,marker_4_C,30.0,20260808_162715,corner2,4,3,314.8053893333333,275.44920833333333,0.006196302230632242,0.00784207372658197,3.83941613333381e-05,1.4184850333224413e-05,1.4184850333224413e-05,6.149812033314723e-05,E2\E2_dual_camera_height_scan\run_20260808_162715\raw\E2_dual_height_raw_20260808_162715.csv
E2,ihawk2,marker_4_C,30.0,20260808_162715,corner3,4,3,315.59758533333337,300.9782813333333,0.004457721428415203,0.01916976098791153,1.987128033335208e-05,8.545345433341103e-05,8.545345433341103e-05,0.00036747973633365495,E2\E2_dual_camera_height_scan\run_20260808_162715\raw\E2_dual_height_raw_20260808_162715.csv
E2,ihawk2,marker_0_TL,35.0,20260808_131913,marker_center,0,3,188.84892133333332,331.16195166666665,0.011999383748074086,0.014338540941587149,0.0001439852103335445,-0.0001711318068335186,-0.0001711318068335186,0.00020559375633357087,E2\E2_dual_camera_height_scan\run_20260808_131913\raw\E2_dual_height_raw_20260808_131913.csv
E2,ihawk2,marker_0_TL,35.0,20260808_131913,corner0,0,3,158.19412233333333,348.328817,0.0489887115806612,0.023444030135614042,0.0023998938623332085,-0.0008823396269997995,-0.0008823396269997995,0.0005496225489995793,E2\E2_dual_camera_height_scan\run_20260808_131913\raw\E2_dual_height_raw_20260808_131913.csv
E2,ihawk2,marker_0_TL,35.0,20260808_131913,corner1,0,3,172.91162599999998,314.284383,0.018754244826174594,0.025342270202177455,0.0003517216990000965,-0.0003352565230002866,-0.0003352565230002866,0.0006422306590001713,E2\E2_dual_camera_height_scan\run_20260808_131913\raw\E2_dual_height_raw_20260808_131913.csv
E2,ihawk2,marker_0_TL,35.0,20260808_131913,corner2,0,3,217.032008,314.39771533333334,0.011102321018604108,0.005639444683055566,0.00012326153200013857,6.618821999971177e-06,6.618821999971177e-06,3.180333633324369e-05,E2\E2_dual_camera_height_scan\run_20260808_131913\raw\E2_dual_height_raw_20260808_131913.csv
E2,ihawk2,marker_0_TL,35.0,20260808_131913,corner3,0,3,207.25792966666666,347.6368916666667,0.019097185508155274,0.02931476775166254,0.0003647024943328958,0.0004468513908330904,0.0004468513908330904,0.0008593556083339141,E2\E2_dual_camera_height_scan\run_20260808_131913\raw\E2_dual_height_raw_20260808_131913.csv
E2,ihawk2,marker_0_TL,35.0,20260808_141232,marker_center,0,3,184.840748,327.711052,0.018986582183211018,0.0069042405085666236,0.0003604903029998261,-0.00013040545550014506,-0.00013040545550014506,4.766853700013231e-05,E2\E2_dual_camera_height_scan\run_20260808_141232\raw\E2_dual_height_raw_20260808_141232.csv
E2,ihawk2,marker_0_TL,35.0,20260808_141232,corner0,0,3,154.28610233333333,343.77154566666667,0.02936228208659754,0.04191524355568663,0.0008621436093329269,-0.001156918807332692,-0.001156918807332692,0.0017568876423325298,E2\E2_dual_camera_height_scan\run_20260808_141232\raw\E2_dual_height_raw_20260808_141232.csv
E2,ihawk2,marker_0_TL,35.0,20260808_141232,corner1,0,3,169.572403,311.04806533333334,0.018469873524206783,0.017087827987603135,0.0003411362280001947,-0.00024760014200021866,-0.00024760014200021866,0.00029199386533391297,E2\E2_dual_camera_height_scan\run_20260808_141232\raw\E2_dual_height_raw_20260808_141232.csv
E2,ihawk2,marker_0_TL,35.0,20260808_141232,corner2,0,3,213.11481733333335,311.559275,0.047779571642423586,0.015048965313262688,0.002282887466333488,0.0006796422844998698,0.0006796422844998698,0.00022647135699978356,E2\E2_dual_camera_height_scan\run_20260808_141232\raw\E2_dual_height_raw_20260808_141232.csv
E2,ihawk2,marker_0_TL,35.0,20260808_141232,corner3,0,3,202.389669,344.4653216666666,0.0016452559071557615,0.014888055693520665,2.7068670000309277e-06,1.6761676500094263e-05,1.6761676500094263e-05,0.0002216542023333731,E2\E2_dual_camera_height_scan\run_20260808_141232\raw\E2_dual_height_raw_20260808_141232.csv
E2,ihawk2,marker_0_TL,35.0,20260808_145501,marker_center,0,3,187.23811733333332,328.42585,0.011669590795458805,0.0017594399677007188,0.00013617934933345688,1.4445083999802424e-05,1.4445083999802424e-05,3.0956289999427065e-06,E2\E2_dual_camera_height_scan\run_20260808_145501\raw\E2_dual_height_raw_20260808_145501.csv
E2,ihawk2,marker_0_TL,35.0,20260808_145501,corner0,0,3,156.64789833333333,344.41260766666664,0.021433647947415563,0.00519994012786531,0.00045940126433375135,0.00011124475566683775,0.00011124475566683775,2.703937733338389e-05,E2\E2_dual_camera_height_scan\run_20260808_145501\raw\E2_dual_height_raw_20260808_145501.csv
E2,ihawk2,marker_0_TL,35.0,20260808_145501,corner1,0,3,172.20182799999998,311.67746999999997,0.07342231260317808,0.015193206508164307,0.005390835987998803,-0.0010859162699987993,-0.0010859162699987993,0.00023083352399972626,E2\E2_dual_camera_height_scan\run_20260808_145501\raw\E2_dual_height_raw_20260808_145501.csv
E2,ihawk2,marker_0_TL,35.0,20260808_145501,corner2,0,3,215.47685733333333,312.38091000000003,0.012714381791234769,0.016591430529034976,0.00016165550433328225,-0.0002058949454998891,-0.0002058949454998891,0.0002752755669997938,E2\E2_dual_camera_height_scan\run_20260808_145501\raw\E2_dual_height_raw_20260808_145501.csv
E2,ihawk2,marker_0_TL,35.0,20260808_145501,corner3,0,3,204.625885,345.232412,0.009025394562011934,0.010715602782866282,8.14577469999946e-05,-9.679673499918584e-06,-9.679673499918584e-06,0.0001148241430001716,E2\E2_dual_camera_height_scan\run_20260808_145501\raw\E2_dual_height_raw_20260808_145501.csv
E2,ihawk2,marker_0_TL,35.0,20260808_151001,marker_center,0,3,189.71258933333334,331.6921486666667,0.005487224647617598,0.013427780208723513,3.0109634333422072e-05,8.534371666672279e-06,8.534371666672279e-06,0.00018030528133378688,E2\E2_dual_camera_height_scan\run_20260808_151001\raw\E2_dual_height_raw_20260808_151001.csv
E2,ihawk2,marker_0_TL,35.0,20260808_151001,corner0,0,3,159.39167799999998,348.618276,0.03245211513908775,0.02739587671531579,0.0010531397770006084,0.0008787181325006679,0.0008787181325006679,0.0007505340610007819,E2\E2_dual_camera_height_scan\run_20260808_151001\raw\E2_dual_height_raw_20260808_151001.csv
E2,ihawk2,marker_0_TL,35.0,20260808_151001,corner1,0,3,173.66600533333335,314.7981056666667,0.016659442017462594,0.023028192836878493,0.00027753700833319813,-0.0003836368433329246,-0.0003836368433329246,0.0005302976653324619,E2\E2_dual_camera_height_scan\run_20260808_151001\raw\E2_dual_height_raw_20260808_151001.csv
E2,ihawk2,marker_0_TL,35.0,20260808_151001,corner2,0,3,217.6911266666667,314.9124753333333,0.005382636559651916,0.012738656339400078,2.897277633330141e-05,-6.856755733329651e-05,-6.856755733329651e-05,0.00016227336533333782,E2\E2_dual_camera_height_scan\run_20260808_151001\raw\E2_dual_height_raw_20260808_151001.csv
E2,ihawk2,marker_0_TL,35.0,20260808_151001,corner3,0,3,208.101547,348.43973766666664,0.006737137300072829,0.002065506314036028,4.538901900003261e-05,1.3202833000029763e-05,1.3202833000029763e-05,4.266316333322699e-06,E2\E2_dual_camera_height_scan\run_20260808_151001\raw\E2_dual_height_raw_20260808_151001.csv
E2,ihawk2,marker_0_TL,35.0,20260808_162715,marker_center,0,3,190.426206,328.4736023333333,0.00028253141418146575,0.001657614048344438,7.982399999937895e-08,-1.999540000026254e-07,-1.999540000026254e-07,2.747684333268837e-06,E2\E2_dual_camera_height_scan\run_20260808_162715\raw\E2_dual_height_raw_20260808_162715.csv
E2,ihawk2,marker_0_TL,35.0,20260808_162715,corner0,0,3,160.39007066666667,345.3957216666666,0.012525185241485152,0.003804003198399648,0.00015688026533351748,-3.961433466675788e-05,-3.961433466675788e-05,1.4470440333434752e-05,E2\E2_dual_camera_height_scan\run_20260808_162715\raw\E2_dual_height_raw_20260808_162715.csv
E2,ihawk2,marker_0_TL,35.0,20260808_162715,corner1,0,3,174.41143266666666,311.7188926666667,0.0028987687616197685,0.0073064344473220124,8.402860333342606e-06,-1.589155116660774e-05,-1.589155116660774e-05,5.338398433301372e-05,E2\E2_dual_camera_height_scan\run_20260808_162715\raw\E2_dual_height_raw_20260808_162715.csv
E2,ihawk2,marker_0_TL,35.0,20260808_162715,corner2,0,3,218.19905100000003,311.9202676666667,0.006137307960329911,0.00897930266409661,3.766654899992889e-05,3.921284750011648e-05,3.921284750011648e-05,8.062787633345249e-05,E2\E2_dual_camera_height_scan\run_20260808_162715\raw\E2_dual_height_raw_20260808_162715.csv
E2,ihawk2,marker_0_TL,35.0,20260808_162715,corner3,0,3,208.70426966666665,344.8595276666667,0.021600213548335606,0.010168142226239636,0.0004665692253337011,-0.00021891768566644954,-0.00021891768566644954,0.00010339111633303754,E2\E2_dual_camera_height_scan\run_20260808_162715\raw\E2_dual_height_raw_20260808_162715.csv
E2,ihawk2,marker_1_TR,35.0,20260808_131913,marker_center,1,3,215.64101666666667,256.24764899999997,0.028070548842755852,0.006672524334922983,0.0007879557123335419,-0.00016463280850008167,-0.00016463280850008167,4.452258100013939e-05,E2\E2_dual_camera_height_scan\run_20260808_131913\raw\E2_dual_height_raw_20260808_131913.csv
E2,ihawk2,marker_1_TR,35.0,20260808_131913,corner0,1,3,193.3661043333333,266.631897,0.0010180006548784083,0.0011634719592677485,1.036325333332868e-06,1.182023999999959e-06,1.182023999999959e-06,1.3536670000023336e-06,E2\E2_dual_camera_height_scan\run_20260808_131913\raw\E2_dual_height_raw_20260808_131913.csv
E2,ihawk2,marker_1_TR,35.0,20260808_131913,corner1,1,3,202.05699166666668,246.1723783333333,0.08025434620214271,0.011903680831298223,0.006440760084333378,0.00023499646066636534,0.00023499646066636534,0.00014169761733341676,E2\E2_dual_camera_height_scan\run_20260808_131913\raw\E2_dual_height_raw_20260808_131913.csv
E2,ihawk2,marker_1_TR,35.0,20260808_131913,corner2,1,3,236.48880999999997,245.6221823333333,0.0032689490665900166,0.01474393239041912,1.0686027999959741e-05,3.427518699994936e-05,3.427518699994936e-05,0.00021738354233325006,E2\E2_dual_camera_height_scan\run_20260808_131913\raw\E2_dual_height_raw_20260808_131913.csv
E2,ihawk2,marker_1_TR,35.0,20260808_131913,corner3,1,3,230.65216066666665,266.564138,0.030024634291418786,0.04163445057881927,0.0009014786643334408,-0.001249939467500115,-0.001249939467500115,0.0017334274750001439,E2\E2_dual_camera_height_scan\run_20260808_131913\raw\E2_dual_height_raw_20260808_131913.csv
E2,ihawk2,marker_1_TR,35.0,20260808_141232,marker_center,1,3,213.71922800000002,253.820259,0.008106192509425939,0.0056533278694823556,6.571035699987319e-05,-1.6777349999317996e-06,-1.6777349999317996e-06,3.196011599986591e-05,E2\E2_dual_camera_height_scan\run_20260808_141232\raw\E2_dual_height_raw_20260808_141232.csv
E2,ihawk2,marker_1_TR,35.0,20260808_141232,corner0,1,3,191.38875833333336,264.15116366666666,0.013785604859176707,0.02348123685696524,0.00019004290133335642,0.0003071898866665599,0.0003071898866665599,0.0005513684843329029,E2\E2_dual_camera_height_scan\run_20260808_141232\raw\E2_dual_height_raw_20260808_141232.csv
E2,ihawk2,marker_1_TR,35.0,20260808_141232,corner1,1,3,200.658005,243.33609033333335,0.005750380596094951,0.004224988796820558,3.3066876999945326e-05,-1.8684186999902958e-05,-1.8684186999902958e-05,1.7850530333259228e-05,E2\E2_dual_camera_height_scan\run_20260808_141232\raw\E2_dual_height_raw_20260808_141232.csv
E2,ihawk2,marker_1_TR,35.0,20260808_141232,corner2,1,3,234.60283366666667,243.34901933333333,0.0017533893844025197,0.016811535365149337,3.0743743333354468e-06,6.642780666830277e-06,6.642780666830277e-06,0.0002826277213336669,E2\E2_dual_camera_height_scan\run_20260808_141232\raw\E2_dual_height_raw_20260808_141232.csv
E2,ihawk2,marker_1_TR,35.0,20260808_141232,corner3,1,3,228.22731533333334,264.444763,0.015549197449824463,0.015434304746234025,0.00024177754133362757,-0.00023999105199995572,-0.00023999105199995572,0.00023821776299962218,E2\E2_dual_camera_height_scan\run_20260808_141232\raw\E2_dual_height_raw_20260808_141232.csv
E2,ihawk2,marker_1_TR,35.0,20260808_145501,marker_center,1,3,215.89133733333333,254.55769233333334,0.005585854664531794,0.007317542779742784,3.12017723332716e-05,-9.888323666521576e-06,-9.888323666521576e-06,5.3546432333365755e-05,E2\E2_dual_camera_height_scan\run_20260808_145501\raw\E2_dual_height_raw_20260808_145501.csv
E2,ihawk2,marker_1_TR,35.0,20260808_145501,corner0,1,3,193.524892,264.53556299999997,0.008917868971907777,0.015418307721665747,7.952838700011547e-05,5.34273145000722e-05,5.34273145000722e-05,0.00023772421299997758,E2\E2_dual_camera_height_scan\run_20260808_145501\raw\E2_dual_height_raw_20260808_145501.csv
E2,ihawk2,marker_1_TR,35.0,20260808_145501,corner1,1,3,202.73462433333336,244.436457,0.009556964179763016,0.018832510799149174,9.13355643332734e-05,-0.00017996372899996014,-0.00017996372899996014,0.00035466346300007027,E2\E2_dual_camera_height_scan\run_20260808_145501\raw\E2_dual_height_raw_20260808_145501.csv
E2,ihawk2,marker_1_TR,35.0,20260808_145501,corner2,1,3,236.85216766666667,244.230235,0.012500052333228233,0.00939790035060731,0.0001562513083334446,-3.1317642499934697e-05,-3.1317642499934697e-05,8.832053099994498e-05,E2\E2_dual_camera_height_scan\run_20260808_145501\raw\E2_dual_height_raw_20260808_145501.csv
E2,ihawk2,marker_1_TR,35.0,20260808_145501,corner3,1,3,230.45366433333334,265.02851333333336,0.01315377361571735,0.028382792926937028,0.00017302176033354185,-0.0003724629546669023,-0.0003724629546669023,0.0008055829343333865,E2\E2_dual_camera_height_scan\run_20260808_145501\raw\E2_dual_height_raw_20260808_145501.csv
E2,ihawk2,marker_1_TR,35.0,20260808_151001,marker_center,1,3,215.99210333333335,256.45550133333336,0.011180135300308433,0.0036408889482319406,0.00012499542533320275,-4.0666751666692024e-05,-4.0666751666692024e-05,1.3256072333357487e-05,E2\E2_dual_camera_height_scan\run_20260808_151001\raw\E2_dual_height_raw_20260808_151001.csv
E2,ihawk2,marker_1_TR,35.0,20260808_151001,corner0,1,3,193.598643,266.63364666666666,0.0011417998949068775,0.004213117175367187,1.3037070000093564e-06,-4.756363000019498e-06,-4.756363000019498e-06,1.775035633337398e-05,E2\E2_dual_camera_height_scan\run_20260808_151001\raw\E2_dual_height_raw_20260808_151001.csv
E2,ihawk2,marker_1_TR,35.0,20260808_151001,corner1,1,3,202.54345733333332,246.425303,0.025166124777835905,0.017356433591031804,0.0006333338363336063,-0.00042073371050003404,-0.00042073371050003404,0.0003012457869998971,E2\E2_dual_camera_height_scan\run_20260808_151001\raw\E2_dual_height_raw_20260808_151001.csv
E2,ihawk2,marker_1_TR,35.0,20260808_151001,corner2,1,3,236.61493933333335,245.69233699999998,0.011844541752772955,0.0021059753084932123,0.00014029316933318183,2.4894699999935843e-05,2.4894699999935843e-05,4.435131999983081e-06,E2\E2_dual_camera_height_scan\run_20260808_151001\raw\E2_dual_height_raw_20260808_151001.csv
E2,ihawk2,marker_1_TR,35.0,20260808_151001,corner3,1,3,231.21137466666667,267.07071933333333,0.007326276157312093,0.004933835154656127,5.367432233319964e-05,3.6146128666611764e-05,3.6146128666611764e-05,2.434272933332064e-05,E2\E2_dual_camera_height_scan\run_20260808_151001\raw\E2_dual_height_raw_20260808_151001.csv
E2,ihawk2,marker_1_TR,35.0,20260808_162715,marker_center,1,3,216.11473733333332,254.29054233333332,0.002983164483115082,0.005466888084958836,8.899270333319275e-06,-1.306501566669087e-05,-1.306501566669087e-05,2.988686533346489e-05,E2\E2_dual_camera_height_scan\run_20260808_162715\raw\E2_dual_height_raw_20260808_162715.csv
E2,ihawk2,marker_1_TR,35.0,20260808_162715,corner0,1,3,193.95764166666666,264.4779866666667,0.015591176553851166,0.004075460260282039,0.0002430847863333583,2.22324728332637e-05,2.22324728332637e-05,1.6609376333138144e-05,E2\E2_dual_camera_height_scan\run_20260808_162715\raw\E2_dual_height_raw_20260808_162715.csv
E2,ihawk2,marker_1_TR,35.0,20260808_162715,corner1,1,3,202.55948899999999,244.36136366666668,0.013863806007021943,0.017016246716984266,0.00019220511700033773,-0.00019899446400027042,-0.00019899446400027042,0.0002895526523332778,E2\E2_dual_camera_height_scan\run_20260808_162715\raw\E2_dual_height_raw_20260808_162715.csv
E2,ihawk2,marker_1_TR,35.0,20260808_162715,corner2,1,3,236.64147933333334,243.68680333333336,0.0019886131683444943,0.0001776550965569824,3.954582333313128e-06,2.6855133332623063e-07,2.6855133332623063e-07,3.1561333332670745e-08,E2\E2_dual_camera_height_scan\run_20260808_162715\raw\E2_dual_height_raw_20260808_162715.csv
E2,ihawk2,marker_1_TR,35.0,20260808_162715,corner3,1,3,231.30033866666668,264.636017,0.011298459290242055,0.004792164855272578,0.00012765518233325698,-4.136280800002935e-05,-4.136280800002935e-05,2.296484400010965e-05,E2\E2_dual_camera_height_scan\run_20260808_162715\raw\E2_dual_height_raw_20260808_162715.csv
E2,ihawk2,marker_2_BL,35.0,20260808_131913,marker_center,2,3,398.35528833333336,327.99779800000005,0.006767049307742914,0.003720368126962637,4.5792956333423854e-05,-1.450544500006712e-05,-1.450544500006712e-05,1.3841139000119481e-05,E2\E2_dual_camera_height_scan\run_20260808_131913\raw\E2_dual_height_raw_20260808_131913.csv
E2,ihawk2,marker_2_BL,35.0,20260808_131913,corner0,2,3,379.1081543333333,345.45562766666666,0.010571459423064563,0.021924484243245602,0.00011175575433350052,-0.00017008202233353086,-0.00017008202233353086,0.0004806830093323246,E2\E2_dual_camera_height_scan\run_20260808_131913\raw\E2_dual_height_raw_20260808_131913.csv
E2,ihawk2,marker_2_BL,35.0,20260808_131913,corner1,2,3,372.363149,312.21187299999997,0.009700227007635918,0.00731022140566526,9.409440399966927e-05,3.5466274999773525e-05,3.5466274999773525e-05,5.343933699984657e-05,E2\E2_dual_camera_height_scan\run_20260808_131913\raw\E2_dual_height_raw_20260808_131913.csv
E2,ihawk2,marker_2_BL,35.0,20260808_131913,corner2,2,3,415.24702933333333,310.963613,0.025285679471454464,0.009849976700486535,0.0006393655863331337,0.00016363518349993741,0.00016363518349993741,9.702204100012762e-05,E2\E2_dual_camera_height_scan\run_20260808_131913\raw\E2_dual_height_raw_20260808_131913.csv
E2,ihawk2,marker_2_BL,35.0,20260808_131913,corner3,2,3,426.70282,343.36007666666666,0.01749878632933717,0.012057152662752563,0.0003062075229997975,0.00016180809799950661,0.00016180809799950661,0.00014537493033292122,E2\E2_dual_camera_height_scan\run_20260808_131913\raw\E2_dual_height_raw_20260808_131913.csv
E2,ihawk2,marker_2_BL,35.0,20260808_141232,marker_center,2,3,392.59606699999995,326.17374399999994,0.014626964278348618,0.01848793977163902,0.0002139480840000865,0.00022939986600007824,0.00022939986600007824,0.00034180391699975175,E2\E2_dual_camera_height_scan\run_20260808_141232\raw\E2_dual_height_raw_20260808_141232.csv
E2,ihawk2,marker_2_BL,35.0,20260808_141232,corner0,2,3,372.7863770000001,342.763306,6.961868572213853e-14,0.0,4.8467614016778965e-27,0.0,0.0,0.0,E2\E2_dual_camera_height_scan\run_20260808_141232\raw\E2_dual_height_raw_20260808_141232.csv
E2,ihawk2,marker_2_BL,35.0,20260808_141232,corner1,2,3,367.307495,310.457916,0.030820516024240286,0.00807315074801869,0.0009499042080004522,-0.00021123775200043596,-0.00021123775200043596,6.517576300023474e-05,E2\E2_dual_camera_height_scan\run_20260808_141232\raw\E2_dual_height_raw_20260808_141232.csv
E2,ihawk2,marker_2_BL,35.0,20260808_141232,corner2,2,3,409.98924733333337,309.863912,0.04824165644270159,0.06452235668356388,0.0023272574163356523,0.0031126653640019394,0.0031126653640019394,0.004163134512001039,E2\E2_dual_camera_height_scan\run_20260808_141232\raw\E2_dual_height_raw_20260808_141232.csv
E2,ihawk2,marker_2_BL,35.0,20260808_141232,corner3,2,3,420.30114733333335,341.609843,0.0030505180434586233,0.0068550690004024716,9.305660333466626e-06,-1.8219347000190764e-05,-1.8219347000190764e-05,4.6991971000278946e-05,E2\E2_dual_camera_height_scan\run_20260808_141232\raw\E2_dual_height_raw_20260808_141232.csv
E2,ihawk2,marker_2_BL,35.0,20260808_145501,marker_center,2,3,395.3454106666666,327.3772813333333,0.010971516045353721,0.007314156980367386,0.00012037416433345418,8.022482316679425e-05,8.022482316679425e-05,5.349689233345695e-05,E2\E2_dual_camera_height_scan\run_20260808_145501\raw\E2_dual_height_raw_20260808_145501.csv
E2,ihawk2,marker_2_BL,35.0,20260808_145501,corner0,2,3,375.5214846666667,343.7505493333333,0.024016759675970015,0.006973448596868469,0.0005768047453332994,6.518549266632856e-05,6.518549266632856e-05,4.862898533316682e-05,E2\E2_dual_camera_height_scan\run_20260808_145501\raw\E2_dual_height_raw_20260808_145501.csv
E2,ihawk2,marker_2_BL,35.0,20260808_145501,corner1,2,3,369.82274366666667,311.44681799999995,0.02186977334893706,0.004254758865095812,0.00047828698633387766,-9.906736999710515e-06,-9.906736999710515e-06,1.8102973000111397e-05,E2\E2_dual_camera_height_scan\run_20260808_145501\raw\E2_dual_height_raw_20260808_145501.csv
E2,ihawk2,marker_2_BL,35.0,20260808_145501,corner2,2,3,412.81275400000004,311.01388533333335,0.006351745901709216,0.015006725570002028,4.034467599987982e-05,5.726878899992861e-05,5.726878899992861e-05,0.0002252018123333527,E2\E2_dual_camera_height_scan\run_20260808_145501\raw\E2_dual_height_raw_20260808_145501.csv
E2,ihawk2,marker_2_BL,35.0,20260808_145501,corner3,2,3,423.22466000000003,343.29787200000004,0.02107315524548713,0.014511814049253316,0.0004440778720004017,0.0002794546780003306,0.0002794546780003306,0.00021059274700010596,E2\E2_dual_camera_height_scan\run_20260808_145501\raw\E2_dual_height_raw_20260808_145501.csv
E2,ihawk2,marker_2_BL,35.0,20260808_151001,marker_center,2,3,398.85041533333333,327.6467156666667,0.01028528605985683,0.016410494213571724,0.00010578710933308524,6.106653666673785e-05,6.106653666673785e-05,0.000269304320333671,E2\E2_dual_camera_height_scan\run_20260808_151001\raw\E2_dual_height_raw_20260808_151001.csv
E2,ihawk2,marker_2_BL,35.0,20260808_151001,corner0,2,3,379.7670083333333,344.6138306666667,0.02029036723013858,0.013125795836199407,0.0004116990023338815,0.00023690165466713357,0.00023690165466713357,0.00017228651633358972,E2\E2_dual_camera_height_scan\run_20260808_151001\raw\E2_dual_height_raw_20260808_151001.csv
E2,ihawk2,marker_2_BL,35.0,20260808_151001,corner1,2,3,372.7316183333333,312.2525836666667,0.013510576091841338,0.022212410435003462,0.00018253566633343474,-5.8775338334086075e-05,-5.8775338334086075e-05,0.0004933911773330506,E2\E2_dual_camera_height_scan\run_20260808_151001\raw\E2_dual_height_raw_20260808_151001.csv
E2,ihawk2,marker_2_BL,35.0,20260808_151001,corner2,2,3,415.51048799999995,310.9524536666666,0.01671516951752473,0.018036210420526808,0.00027939689199958786,0.0002761361490000619,0.0002761361490000619,0.00032530488633351976,E2\E2_dual_camera_height_scan\run_20260808_151001\raw\E2_dual_height_raw_20260808_151001.csv
E2,ihawk2,marker_2_BL,35.0,20260808_151001,corner3,2,3,427.39254766666664,342.7679953333333,0.0018786658386627162,0.02495100880389312,3.5293853333582866e-06,4.189231066698159e-05,4.189231066698159e-05,0.000622552840331952,E2\E2_dual_camera_height_scan\run_20260808_151001\raw\E2_dual_height_raw_20260808_151001.csv
E2,ihawk2,marker_2_BL,35.0,20260808_162715,marker_center,2,3,397.5965066666667,324.30579600000004,0.005869724553473868,0.018587271881569216,3.4453666333654e-05,-0.00010893859400040482,-0.00010893859400040482,0.00034548667599937366,E2\E2_dual_camera_height_scan\run_20260808_162715\raw\E2_dual_height_raw_20260808_162715.csv
E2,ihawk2,marker_2_BL,35.0,20260808_162715,corner0,2,3,378.8735856666667,341.147756,0.000757483553200622,0.00162992883280586,5.737813333694396e-07,1.2345920000416694e-06,1.2345920000416694e-06,2.6566680000118727e-06,E2\E2_dual_camera_height_scan\run_20260808_162715\raw\E2_dual_height_raw_20260808_162715.csv
E2,ihawk2,marker_2_BL,35.0,20260808_162715,corner1,2,3,371.83390333333335,308.9355063333333,0.021583662463403094,0.049175809178222014,0.0004658544853341157,-0.0010613940666674639,-0.0010613940666674639,0.0024182602083329045,E2\E2_dual_camera_height_scan\run_20260808_162715\raw\E2_dual_height_raw_20260808_162715.csv
E2,ihawk2,marker_2_BL,35.0,20260808_162715,corner2,2,3,414.009125,307.57544966666666,0.018237962797420983,0.034397646465017404,0.0003326232870001118,0.0001225062840002416,0.0001225062840002416,0.0011831980823323242,E2\E2_dual_camera_height_scan\run_20260808_162715\raw\E2_dual_height_raw_20260808_162715.csv
E2,ihawk2,marker_2_BL,35.0,20260808_162715,corner3,2,3,425.6694133333333,339.56447366666663,0.014704781546609966,0.026003156237921408,0.000216230600333521,0.0003236449811671305,0.0003236449811671305,0.0006761641343337511,E2\E2_dual_camera_height_scan\run_20260808_162715\raw\E2_dual_height_raw_20260808_162715.csv
E2,ihawk2,marker_3_BR,35.0,20260808_131913,marker_center,3,3,378.25074766666665,254.26655333333335,0.0071923797406254495,0.01729531200451386,5.1730326333359404e-05,0.00010747152966681795,0.00010747152966681795,0.0002991278173334813,E2\E2_dual_camera_height_scan\run_20260808_131913\raw\E2_dual_height_raw_20260808_131913.csv
E2,ihawk2,marker_3_BR,35.0,20260808_131913,corner0,3,3,362.75135299999994,265.161916,0.01182439499507564,0.040125260983588186,0.00013981631699956987,8.400794249941087e-05,8.400794249941087e-05,0.0016100365690010642,E2\E2_dual_camera_height_scan\run_20260808_131913\raw\E2_dual_height_raw_20260808_131913.csv
E2,ihawk2,marker_3_BR,35.0,20260808_131913,corner1,3,3,358.663737,244.487157,0.006129031652704611,0.023488510318883743,3.756502899985501e-05,0.0001439616724997622,0.0001439616724997622,0.0005517101170003081,E2\E2_dual_camera_height_scan\run_20260808_131913\raw\E2_dual_height_raw_20260808_131913.csv
E2,ihawk2,marker_3_BR,35.0,20260808_131913,corner2,3,3,392.2785543333334,243.7339933333333,0.01876761232373269,0.004889382612683997,0.00035222327233392313,7.087861333273458e-06,7.087861333273458e-06,2.390606233321659e-05,E2\E2_dual_camera_height_scan\run_20260808_131913\raw\E2_dual_height_raw_20260808_131913.csv
E2,ihawk2,marker_3_BR,35.0,20260808_131913,corner3,3,3,399.3093463333333,263.683146,0.0028565808816297797,0.011241175249953392,8.16005433329277e-06,1.2838309499952903e-05,1.2838309499952903e-05,0.0001263640210001647,E2\E2_dual_camera_height_scan\run_20260808_131913\raw\E2_dual_height_raw_20260808_131913.csv
E2,ihawk2,marker_3_BR,35.0,20260808_141232,marker_center,3,3,375.1159413333333,253.11634966666665,0.01249437058572071,0.004066095219416678,0.00015610929633332288,1.2115381166744321e-05,1.2115381166744321e-05,1.6533130333363164e-05,E2\E2_dual_camera_height_scan\run_20260808_141232\raw\E2_dual_height_raw_20260808_141232.csv
E2,ihawk2,marker_3_BR,35.0,20260808_141232,corner0,3,3,359.37211099999996,263.6438293333333,0.004257098424978416,0.001299656236612815,1.812288699995371e-05,-3.46802400007365e-06,-3.46802400007365e-06,1.6891063333665851e-06,E2\E2_dual_camera_height_scan\run_20260808_141232\raw\E2_dual_height_raw_20260808_141232.csv
E2,ihawk2,marker_3_BR,35.0,20260808_141232,corner1,3,3,355.9229023333333,243.21990466666668,0.016253929750490635,0.01982261550182326,0.00026419023233388453,0.0002811096306667234,0.0002811096306667234,0.0003929360853331237,E2\E2_dual_camera_height_scan\run_20260808_141232\raw\E2_dual_height_raw_20260808_141232.csv
E2,ihawk2,marker_3_BR,35.0,20260808_141232,corner2,3,3,389.56006900000006,242.334534,0.013016501987854723,0.005691986296544574,0.00016942932399982596,-6.695420200001667e-05,-6.695420200001667e-05,3.2398708000051216e-05,E2\E2_dual_camera_height_scan\run_20260808_141232\raw\E2_dual_height_raw_20260808_141232.csv
E2,ihawk2,marker_3_BR,35.0,20260808_141232,corner3,3,3,395.60868366666665,263.2671306666667,0.028049560875956024,0.004447267962847907,0.0007867778653339628,0.00011022044833349823,0.00011022044833349823,1.977819233337337e-05,E2\E2_dual_camera_height_scan\run_20260808_141232\raw\E2_dual_height_raw_20260808_141232.csv
E2,ihawk2,marker_3_BR,35.0,20260808_145501,marker_center,3,3,377.619939,253.89683233333332,0.010137680849187489,0.005784653000252485,0.00010277257299998276,-5.0069610499941085e-05,-5.0069610499941085e-05,3.3462210333330084e-05,E2\E2_dual_camera_height_scan\run_20260808_145501\raw\E2_dual_height_raw_20260808_145501.csv
E2,ihawk2,marker_3_BR,35.0,20260808_145501,corner0,3,3,361.7125853333334,264.65647366666667,0.009989675186594025,0.00814872390827443,9.979361033365238e-05,-1.2121611333426294e-05,-1.2121611333426294e-05,6.640170133328331e-05,E2\E2_dual_camera_height_scan\run_20260808_145501\raw\E2_dual_height_raw_20260808_145501.csv
E2,ihawk2,marker_3_BR,35.0,20260808_145501,corner1,3,3,358.4017743333333,243.6261496666667,0.014729938300402977,0.010325043841706268,0.00021697108233367852,-7.425836983339003e-05,-7.425836983339003e-05,0.00010660653033315654,E2\E2_dual_camera_height_scan\run_20260808_145501\raw\E2_dual_height_raw_20260808_145501.csv
E2,ihawk2,marker_3_BR,35.0,20260808_145501,corner2,3,3,392.11612966666667,243.633779,0.021026276806269718,0.0032544927408068186,0.0004421043163338759,1.7774783499905623e-05,1.7774783499905623e-05,1.0591722999964277e-05,E2\E2_dual_camera_height_scan\run_20260808_145501\raw\E2_dual_height_raw_20260808_145501.csv
E2,ihawk2,marker_3_BR,35.0,20260808_145501,corner3,3,3,398.24926766666664,263.67092866666667,0.008562681842360078,0.005338757939205831,7.3319520333483e-05,-4.5714085666793486e-05,-4.5714085666793486e-05,2.850233633343329e-05,E2\E2_dual_camera_height_scan\run_20260808_145501\raw\E2_dual_height_raw_20260808_145501.csv
E2,ihawk2,marker_3_BR,35.0,20260808_151001,marker_center,3,3,378.4050243333333,254.281957,0.021417411662779013,0.00717762195995411,0.00045870552233294253,-0.00013625622500000313,-0.00013625622500000313,5.151825700001548e-05,E2\E2_dual_camera_height_scan\run_20260808_151001\raw\E2_dual_height_raw_20260808_151001.csv
E2,ihawk2,marker_3_BR,35.0,20260808_151001,corner0,3,3,363.04332466666665,265.12789933333335,0.004483990670534242,0.01657117127222817,2.0106172333438122e-05,-2.019916133341073e-05,-2.019916133341073e-05,0.00027460371733352017,E2\E2_dual_camera_height_scan\run_20260808_151001\raw\E2_dual_height_raw_20260808_151001.csv
E2,ihawk2,marker_3_BR,35.0,20260808_151001,corner1,3,3,358.89809166666663,244.367152,0.05356966143567465,0.04095539440660397,0.0028697086263328076,-0.0016329727940006078,-0.0016329727940006078,0.0016773443310004878,E2\E2_dual_camera_height_scan\run_20260808_151001\raw\E2_dual_height_raw_20260808_151001.csv
E2,ihawk2,marker_3_BR,35.0,20260808_151001,corner2,3,3,392.2760416666667,243.67804466666666,0.024160912324106457,0.03139031414836954,0.0005837496843331593,9.654566733290071e-05,9.654566733290071e-05,0.000985351822333329,E2\E2_dual_camera_height_scan\run_20260808_151001\raw\E2_dual_height_raw_20260808_151001.csv
E2,ihawk2,marker_3_BR,35.0,20260808_151001,corner3,3,3,399.4026386666667,263.95473233333337,0.010279305051073365,0.010059398209304748,0.00010566411233302241,-9.901909633312563e-05,-9.901909633312563e-05,0.00010119149233336356,E2\E2_dual_camera_height_scan\run_20260808_151001\raw\E2_dual_height_raw_20260808_151001.csv
E2,ihawk2,marker_3_BR,35.0,20260808_162715,marker_center,3,3,377.24807733333336,252.04616299999998,0.024909952876971782,0.004587042293247899,0.0006205057523329549,0.00010374303000014833,0.00010374303000014833,2.1040957000044947e-05,E2\E2_dual_camera_height_scan\run_20260808_162715\raw\E2_dual_height_raw_20260808_162715.csv
E2,ihawk2,marker_3_BR,35.0,20260808_162715,corner0,3,3,361.92061366666667,262.61030066666666,0.08614158308467426,0.02538208136329947,0.007420372336333838,0.002073612735832947,0.002073612735832947,0.0006442500543331543,E2\E2_dual_camera_height_scan\run_20260808_162715\raw\E2_dual_height_raw_20260808_162715.csv
E2,ihawk2,marker_3_BR,35.0,20260808_162715,corner1,3,3,357.75590000000005,242.286189,0.003416289800354813,0.003069464448402589,1.1671036000008329e-05,-9.474931999994563e-06,-9.474931999994563e-06,9.42161200000741e-06,E2\E2_dual_camera_height_scan\run_20260808_162715\raw\E2_dual_height_raw_20260808_162715.csv
E2,ihawk2,marker_3_BR,35.0,20260808_162715,corner2,3,3,391.21912633333335,241.5998073333333,0.004052421539449994,0.00037008152255151315,1.642212033339826e-05,1.4997263333402005e-06,1.4997263333402005e-06,1.3696033333404612e-07,E2\E2_dual_camera_height_scan\run_20260808_162715\raw\E2_dual_height_raw_20260808_162715.csv
E2,ihawk2,marker_3_BR,35.0,20260808_162715,corner3,3,3,398.0966696666667,261.68835433333334,0.01521919539047434,0.010090335442062708,0.00023162390833343538,-0.00012397585333337273,-0.00012397585333337273,0.00010181486933334684,E2\E2_dual_camera_height_scan\run_20260808_162715\raw\E2_dual_height_raw_20260808_162715.csv
E2,ihawk2,marker_4_C,35.0,20260808_131913,marker_center,4,3,296.0451736666667,288.2575786666667,0.008742516933546541,0.016681216392504753,7.643160233334801e-05,-0.00014545327416673365,-0.00014545327416673365,0.00027826298033356925,E2\E2_dual_camera_height_scan\run_20260808_131913\raw\E2_dual_height_raw_20260808_131913.csv
E2,ihawk2,marker_4_C,35.0,20260808_131913,corner0,4,3,274.63915,301.42781599999995,0.013401019252298479,0.003350555924008394,0.0001795873170004745,1.9314682499707576e-05,1.9314682499707576e-05,1.1226224999907742e-05,E2\E2_dual_camera_height_scan\run_20260808_131913\raw\E2_dual_height_raw_20260808_131913.csv
E2,ihawk2,marker_4_C,35.0,20260808_131913,corner1,4,3,277.60201,275.56663,0.0053148968945635,0.005419345716992996,2.8248128999840735e-05,-2.8015893000070268e-05,-2.8015893000070268e-05,2.9369308000290334e-05,E2\E2_dual_camera_height_scan\run_20260808_131913\raw\E2_dual_height_raw_20260808_131913.csv
E2,ihawk2,marker_4_C,35.0,20260808_131913,corner2,4,3,315.54511533333334,275.2603556666667,0.0005981984063312207,0.001136091692287804,3.5784133333721223e-07,6.11527666659122e-07,6.11527666659122e-07,1.2907043332853662e-06,E2\E2_dual_camera_height_scan\run_20260808_131913\raw\E2_dual_height_raw_20260808_131913.csv
E2,ihawk2,marker_4_C,35.0,20260808_131913,corner3,4,3,316.39441933333336,300.77551266666666,0.042613407917377305,0.061468268540236494,0.0018159025343327947,-0.0026189220393333626,-0.0026189220393333626,0.003778348037334627,E2\E2_dual_camera_height_scan\run_20260808_131913\raw\E2_dual_height_raw_20260808_131913.csv
E2,ihawk2,marker_4_C,35.0,20260808_141232,marker_center,4,3,292.265531,286.22022499999997,0.012473496181917147,0.0014450567462896248,0.00015558810700030165,-1.3046285999946955e-05,-1.3046285999946955e-05,2.0881889999971574e-06,E2\E2_dual_camera_height_scan\run_20260808_141232\raw\E2_dual_height_raw_20260808_141232.csv
E2,ihawk2,marker_4_C,35.0,20260808_141232,corner0,4,3,270.56111666666663,299.0596923333333,0.014238946672176444,0.003968914251181656,0.00020274760233308462,3.190056316652397e-05,3.190056316652397e-05,1.575228033323284e-05,E2\E2_dual_camera_height_scan\run_20260808_141232\raw\E2_dual_height_raw_20260808_141232.csv
E2,ihawk2,marker_4_C,35.0,20260808_141232,corner1,4,3,274.47205633333334,273.607829,0.006801186171046555,0.001338875274250719,4.625613333323491e-05,-9.105939999990156e-06,-9.105939999990156e-06,1.792586999999938e-06,E2\E2_dual_camera_height_scan\run_20260808_141232\raw\E2_dual_height_raw_20260808_141232.csv
E2,ihawk2,marker_4_C,35.0,20260808_141232,corner2,4,3,312.18980933333336,273.4706416666666,0.032436692823599095,0.004863021317380411,0.001052139041332525,0.0001577403286664826,0.0001577403286664826,2.3648976333296316e-05,E2\E2_dual_camera_height_scan\run_20260808_141232\raw\E2_dual_height_raw_20260808_141232.csv
E2,ihawk2,marker_4_C,35.0,20260808_141232,corner3,4,3,311.83914166666665,298.742737,0.014060211105553201,0.005603184362483438,0.00019768953633272159,-7.878195499985169e-05,-7.878195499985169e-05,3.139567499997893e-05,E2\E2_dual_camera_height_scan\run_20260808_141232\raw\E2_dual_height_raw_20260808_141232.csv
E2,ihawk2,marker_4_C,35.0,20260808_145501,marker_center,4,3,294.68575266666664,286.98803466666664,0.005083007607033582,0.002263825376085801,2.5836966333161264e-05,-9.433248666681624e-06,-9.433248666681624e-06,5.1249053334100194e-06,E2\E2_dual_camera_height_scan\run_20260808_145501\raw\E2_dual_height_raw_20260808_145501.csv
E2,ihawk2,marker_4_C,35.0,20260808_145501,corner0,4,3,273.05380233333335,299.71103933333336,0.001037500040156003,0.0001377909043871931,1.076406333323708e-06,1.4265883332636985e-07,1.4265883332636985e-07,1.898633333184059e-08,E2\E2_dual_camera_height_scan\run_20260808_145501\raw\E2_dual_height_raw_20260808_145501.csv
E2,ihawk2,marker_4_C,35.0,20260808_145501,corner1,4,3,276.6973573333334,274.4392293333333,0.00856320561084438,0.013885419703146532,7.332849033359666e-05,-0.00011873010066664249,-0.00011873010066664249,0.00019280488033252994,E2\E2_dual_camera_height_scan\run_20260808_145501\raw\E2_dual_height_raw_20260808_145501.csv
E2,ihawk2,marker_4_C,35.0,20260808_145501,corner2,4,3,314.53503433333333,274.26646933333336,0.00047515927152486846,3.521836639728647e-05,2.2577633331604365e-07,1.6734333321630546e-08,1.6734333321630546e-08,1.2403333316935168e-09,E2\E2_dual_camera_height_scan\run_20260808_145501\raw\E2_dual_height_raw_20260808_145501.csv
E2,ihawk2,marker_4_C,35.0,20260808_145501,corner3,4,3,314.4568173333334,299.5354003333333,0.02352253917697828,0.0145290052079792,0.000553309849332478,-0.0003358518796664334,-0.0003358518796664334,0.00021109199233348668,E2\E2_dual_camera_height_scan\run_20260808_145501\raw\E2_dual_height_raw_20260808_145501.csv
E2,ihawk2,marker_4_C,35.0,20260808_151001,marker_center,4,3,296.653755,288.40237933333333,0.029514956090092283,0.023489149459550388,0.0008711326330000755,-0.0006746586104998647,-0.0006746586104998647,0.0005517401423330963,E2\E2_dual_camera_height_scan\run_20260808_151001\raw\E2_dual_height_raw_20260808_151001.csv
E2,ihawk2,marker_4_C,35.0,20260808_151001,corner0,4,3,275.4277446666667,301.5964966666666,0.0006448110834289905,0.0012754584796745771,4.157813333128685e-07,6.035393333268377e-07,6.035393333268377e-07,1.6267943333737835e-06,E2\E2_dual_camera_height_scan\run_20260808_151001\raw\E2_dual_height_raw_20260808_151001.csv
E2,ihawk2,marker_4_C,35.0,20260808_151001,corner1,4,3,278.07428,275.86051433333336,0.040479142493372366,0.06687002988882776,0.0016385609769987443,-0.002706817135998778,-0.002706817135998778,0.004471600897332718,E2\E2_dual_camera_height_scan\run_20260808_151001\raw\E2_dual_height_raw_20260808_151001.csv
E2,ihawk2,marker_4_C,35.0,20260808_151001,corner2,4,3,316.06530733333335,275.382721,0.01597058296788026,0.012440808816152216,0.00025505952033394707,0.00019474605900020545,0.00019474605900020545,0.00015477372400005072,E2\E2_dual_camera_height_scan\run_20260808_151001\raw\E2_dual_height_raw_20260808_151001.csv
E2,ihawk2,marker_4_C,35.0,20260808_151001,corner3,4,3,317.047689,300.7697856666667,0.07874954118597313,0.042596853314945914,0.006201490237001279,-0.001153636186002002,-0.001153636186002002,0.0018144919123350184,E2\E2_dual_camera_height_scan\run_20260808_151001\raw\E2_dual_height_raw_20260808_151001.csv
E2,ihawk2,marker_4_C,35.0,20260808_162715,marker_center,4,3,296.20684066666666,285.6201043333333,0.0012565875748738247,0.004543692807983726,1.57901233332728e-06,3.3802001666235067e-06,3.3802001666235067e-06,2.0645144333323037e-05,E2\E2_dual_camera_height_scan\run_20260808_162715\raw\E2_dual_height_raw_20260808_162715.csv
E2,ihawk2,marker_4_C,35.0,20260808_162715,corner0,4,3,275.2756856666667,298.69571966666666,0.004731573135156056,0.0003070266003943581,2.238778433333051e-05,-1.0790696667821204e-06,-1.0790696667821204e-06,9.426533334971686e-08,E2\E2_dual_camera_height_scan\run_20260808_162715\raw\E2_dual_height_raw_20260808_162715.csv
E2,ihawk2,marker_4_C,35.0,20260808_162715,corner1,4,3,277.7139183333333,273.45637,0.004169123928738345,0.003883563827206339,1.7381594333178655e-05,4.268773999939781e-06,4.268773999939781e-06,1.5082067999985546e-05,E2\E2_dual_camera_height_scan\run_20260808_162715\raw\E2_dual_height_raw_20260808_162715.csv
E2,ihawk2,marker_4_C,35.0,20260808_162715,corner2,4,3,315.4609883333333,272.569346,0.00041210354684167126,0.0015265529797677908,1.6982933331948555e-07,5.839839999851942e-07,5.839839999851942e-07,2.330364000037921e-06,E2\E2_dual_camera_height_scan\run_20260808_162715\raw\E2_dual_height_raw_20260808_162715.csv
E2,ihawk2,marker_4_C,35.0,20260808_162715,corner3,4,3,316.3767703333333,297.75898266666667,0.010122198888245101,0.015248995125353671,0.00010245891033319035,0.00014028806816647504,0.00014028806816647504,0.00023253185233306002,E2\E2_dual_camera_height_scan\run_20260808_162715\raw\E2_dual_height_raw_20260808_162715.csv
E2,ihawk2,marker_0_TL,40.0,20260808_131913,marker_center,0,3,186.77940633333333,329.63946766666663,0.0009140685605272813,0.0022426567578061087,8.355213333444161e-07,1.2805826667078753e-06,1.2805826667078753e-06,5.029509333333407e-06,E2\E2_dual_camera_height_scan\run_20260808_131913\raw\E2_dual_height_raw_20260808_131913.csv
E2,ihawk2,marker_0_TL,40.0,20260808_131913,corner0,0,3,155.61059033333333,346.6417236666666,0.00663929019799806,0.0033252663552425965,4.4080174333233116e-05,-2.1546359833282762e-05,-2.1546359833282762e-05,1.1057396333308382e-05,E2\E2_dual_camera_height_scan\run_20260808_131913\raw\E2_dual_height_raw_20260808_131913.csv
E2,ihawk2,marker_0_TL,40.0,20260808_131913,corner1,0,3,170.68279033333332,312.705536,0.005555867559004777,0.00751384382324078,3.0867664333201705e-05,3.312368150001572e-05,3.312368150001572e-05,5.645784900005362e-05,E2\E2_dual_camera_height_scan\run_20260808_131913\raw\E2_dual_height_raw_20260808_131913.csv
E2,ihawk2,marker_0_TL,40.0,20260808_131913,corner2,0,3,215.42544,312.7156473333334,0.0005109549882391148,0.0011801039502306082,2.610750000064339e-07,-6.029800000110133e-07,-6.029800000110133e-07,1.3926453333498858e-06,E2\E2_dual_camera_height_scan\run_20260808_131913\raw\E2_dual_height_raw_20260808_131913.csv
E2,ihawk2,marker_0_TL,40.0,20260808_131913,corner3,0,3,205.398804,346.49496466666665,0.01297652465031279,0.003118268803896752,0.00016839019200017545,-4.0464292000067576e-05,-4.0464292000067576e-05,9.72360033335568e-06,E2\E2_dual_camera_height_scan\run_20260808_131913\raw\E2_dual_height_raw_20260808_131913.csv
E2,ihawk2,marker_0_TL,40.0,20260808_141232,marker_center,0,3,183.47368233333336,324.7280983333333,0.013347274340970924,0.006624936024841133,0.0001781497323331408,-8.828788866651606e-05,-8.828788866651606e-05,4.388977733323784e-05,E2\E2_dual_camera_height_scan\run_20260808_141232\raw\E2_dual_height_raw_20260808_141232.csv
E2,ihawk2,marker_0_TL,40.0,20260808_141232,corner0,0,3,152.58888766666666,340.80956,0.005397863497097224,0.002180412575644753,2.9136930333294672e-05,7.752893500077224e-06,7.752893500077224e-06,4.754199000029786e-06,E2\E2_dual_camera_height_scan\run_20260808_141232\raw\E2_dual_height_raw_20260808_141232.csv
E2,ihawk2,marker_0_TL,40.0,20260808_141232,corner1,0,3,167.95567300000002,308.15530366666667,0.024508159804438965,0.026067643398130252,0.0006006498969999178,-0.0006208459384992908,-0.0006208459384992908,0.0006795220323320837,E2\E2_dual_camera_height_scan\run_20260808_141232\raw\E2_dual_height_raw_20260808_141232.csv
E2,ihawk2,marker_0_TL,40.0,20260808_141232,corner2,0,3,212.11675,308.4718526666667,0.004113620667977265,0.0043693868372224835,1.692187500000972e-05,-1.7973999999986225e-05,-1.7973999999986225e-05,1.90915413332931e-05,E2\E2_dual_camera_height_scan\run_20260808_141232\raw\E2_dual_height_raw_20260808_141232.csv
E2,ihawk2,marker_0_TL,40.0,20260808_141232,corner3,0,3,201.23341900000003,341.47567733333335,0.042991994231478585,0.020213606861067025,0.001848311567999488,-0.0006214206300006046,-0.0006214206300006046,0.0004085899023337759,E2\E2_dual_camera_height_scan\run_20260808_141232\raw\E2_dual_height_raw_20260808_141232.csv
E2,ihawk2,marker_0_TL,40.0,20260808_145501,marker_center,0,3,188.32428733333336,325.6920116666667,0.0028757114481960124,0.015248343396367173,8.269716333285608e-06,-3.0403270333194405e-05,-3.0403270333194405e-05,0.00023251197633353436,E2\E2_dual_camera_height_scan\run_20260808_145501\raw\E2_dual_height_raw_20260808_145501.csv
E2,ihawk2,marker_0_TL,40.0,20260808_145501,corner0,0,3,157.59048466666664,342.07040400000005,0.02050344503572404,0.062140395613495776,0.0004203912583329568,-0.001266552039999703,-0.001266552039999703,0.003861428767001765,E2\E2_dual_camera_height_scan\run_20260808_145501\raw\E2_dual_height_raw_20260808_145501.csv
E2,ihawk2,marker_0_TL,40.0,20260808_145501,corner1,0,3,172.53748566666664,309.4783733333333,0.017904747982959518,0.008722565352771973,0.0003205800003332929,-0.00015561001133337357,-0.00015561001133337357,7.608314633337804e-05,E2\E2_dual_camera_height_scan\run_20260808_145501\raw\E2_dual_height_raw_20260808_145501.csv
E2,ihawk2,marker_0_TL,40.0,20260808_145501,corner2,0,3,216.60294100000002,309.349721,0.006228454704012438,0.004898239683777698,3.879364799993467e-05,-3.0508463999805605e-05,-3.0508463999805605e-05,2.3992751999734645e-05,E2\E2_dual_camera_height_scan\run_20260808_145501\raw\E2_dual_height_raw_20260808_145501.csv
E2,ihawk2,marker_0_TL,40.0,20260808_145501,corner3,0,3,206.56623833333333,341.8695473333333,0.01445868051839908,0.00594584168419261,0.0002090534423331331,-6.209130166671752e-05,-6.209130166671752e-05,3.5353033333482416e-05,E2\E2_dual_camera_height_scan\run_20260808_145501\raw\E2_dual_height_raw_20260808_145501.csv
E2,ihawk2,marker_0_TL,40.0,20260808_151001,marker_center,0,3,188.11361466666668,329.660146,0.010582523533322489,0.008947193470590703,0.0001119898043333243,-4.5009653000157143e-05,-4.5009653000157143e-05,8.005227100018091e-05,E2\E2_dual_camera_height_scan\run_20260808_151001\raw\E2_dual_height_raw_20260808_151001.csv
E2,ihawk2,marker_0_TL,40.0,20260808_151001,corner0,0,3,157.35263566666669,346.90721633333334,0.03136005820041855,0.030993959820161066,0.0009834532503336388,-0.0008062389273338995,-0.0008062389273338995,0.0009606255453337586,E2\E2_dual_camera_height_scan\run_20260808_151001\raw\E2_dual_height_raw_20260808_151001.csv
E2,ihawk2,marker_0_TL,40.0,20260808_151001,corner1,0,3,171.55522166666665,312.743754,0.03538322704804771,0.01591629014561214,0.0012519727563336947,-0.0005222107079993249,-0.0005222107079993249,0.0002533282919993101,E2\E2_dual_camera_height_scan\run_20260808_151001\raw\E2_dual_height_raw_20260808_151001.csv
E2,ihawk2,marker_0_TL,40.0,20260808_151001,corner2,0,3,216.34206666666668,312.69265766666666,0.0012272882030489268,0.015703864821536646,1.5062363333430639e-06,-1.8177182166705588e-05,-1.8177182166705588e-05,0.0002466113703330962,E2\E2_dual_camera_height_scan\run_20260808_151001\raw\E2_dual_height_raw_20260808_151001.csv
E2,ihawk2,marker_0_TL,40.0,20260808_151001,corner3,0,3,207.20453366666666,346.29695633333336,0.026158547748930557,0.0010329653108141015,0.0006842696203330799,-1.940230933338859e-05,-1.940230933338859e-05,1.0670173333452733e-06,E2\E2_dual_camera_height_scan\run_20260808_151001\raw\E2_dual_height_raw_20260808_151001.csv
E2,ihawk2,marker_0_TL,40.0,20260808_162715,marker_center,0,3,189.54864399999997,325.102099,0.009612051654051365,0.010899935733742988,9.23915370001516e-05,2.2935286500061356e-05,2.2935286500061356e-05,0.00011880859899972729,E2\E2_dual_camera_height_scan\run_20260808_162715\raw\E2_dual_height_raw_20260808_162715.csv
E2,ihawk2,marker_0_TL,40.0,20260808_162715,corner0,0,3,159.19114666666667,341.6442463333333,0.02695027735168932,0.04527858480930409,0.0007263174493329785,-0.00015552089433331455,-0.00015552089433331455,0.0020501502423333436,E2\E2_dual_camera_height_scan\run_20260808_162715\raw\E2_dual_height_raw_20260808_162715.csv
E2,ihawk2,marker_0_TL,40.0,20260808_162715,corner1,0,3,173.67944333333332,308.37509166666666,0.014379949594258349,0.024646137270036634,0.00020678295033341084,0.0003200675551667009,0.0003200675551667009,0.0006074320823334887,E2\E2_dual_camera_height_scan\run_20260808_162715\raw\E2_dual_height_raw_20260808_162715.csv
E2,ihawk2,marker_0_TL,40.0,20260808_162715,corner2,0,3,217.73262033333333,308.88967899999994,0.011872437590205186,0.002738339460322932,0.00014095477433331713,-2.2468906499879398e-05,-2.2468906499879398e-05,7.498502999961686e-06,E2\E2_dual_camera_height_scan\run_20260808_162715\raw\E2_dual_height_raw_20260808_162715.csv
E2,ihawk2,marker_0_TL,40.0,20260808_162715,corner3,0,3,207.59136433333333,341.4993796666667,0.012152985572820461,0.004139151160968022,0.00014769505833318227,-2.1687353333413466e-05,-2.1687353333413466e-05,1.713257233334292e-05,E2\E2_dual_camera_height_scan\run_20260808_162715\raw\E2_dual_height_raw_20260808_162715.csv
E2,ihawk2,marker_1_TR,40.0,20260808_131913,marker_center,1,3,214.1680553333333,254.39403666666666,0.00410702743275361,0.006909634167837747,1.686767433339071e-05,-1.962714483334398e-05,-1.962714483334398e-05,4.774304433335083e-05,E2\E2_dual_camera_height_scan\run_20260808_131913\raw\E2_dual_height_raw_20260808_131913.csv
E2,ihawk2,marker_1_TR,40.0,20260808_131913,corner0,1,3,191.45594266666663,264.726827,0.01704079415206391,0.019296454285703556,0.00029038866533301566,0.000327409877999924,0.000327409877999924,0.0003723531480002471,E2\E2_dual_camera_height_scan\run_20260808_131913\raw\E2_dual_height_raw_20260808_131913.csv
E2,ihawk2,marker_1_TR,40.0,20260808_131913,corner1,1,3,200.6246846666667,244.383372,0.009790887719370351,0.002995663031780568,9.586148233331716e-05,-2.9310520999957236e-05,-2.9310520999957236e-05,8.973996999976747e-06,E2\E2_dual_camera_height_scan\run_20260808_131913\raw\E2_dual_height_raw_20260808_131913.csv
E2,ihawk2,marker_1_TR,40.0,20260808_131913,corner2,1,3,235.27785233333336,243.761805,0.021886440832924195,0.010292892499198613,0.0004790162923330915,-0.00017948324900004972,-0.00017948324900004972,0.00010594363600005905,E2\E2_dual_camera_height_scan\run_20260808_131913\raw\E2_dual_height_raw_20260808_131913.csv
E2,ihawk2,marker_1_TR,40.0,20260808_131913,corner3,1,3,229.3137413333333,264.7041423333333,0.005088412358813274,0.0017928230067164178,2.5891940333323668e-05,-9.112591166777288e-06,-9.112591166777288e-06,3.2142143334116964e-06,E2\E2_dual_camera_height_scan\run_20260808_131913\raw\E2_dual_height_raw_20260808_131913.csv
E2,ihawk2,marker_1_TR,40.0,20260808_141232,marker_center,1,3,212.79694733333335,251.059123,0.00737921217564766,0.0017445466459799623,5.4452772333226676e-05,5.558400499980782e-06,5.558400499980782e-06,3.043442999999936e-06,E2\E2_dual_camera_height_scan\run_20260808_141232\raw\E2_dual_height_raw_20260808_141232.csv
E2,ihawk2,marker_1_TR,40.0,20260808_141232,corner0,1,3,190.18399566666665,261.3182576666666,0.02367793344727088,0.014226423033679991,0.000560644532333389,0.0002745569228331332,0.0002745569228331332,0.00020239111233322061,E2\E2_dual_camera_height_scan\run_20260808_141232\raw\E2_dual_height_raw_20260808_141232.csv
E2,ihawk2,marker_1_TR,40.0,20260808_141232,corner1,1,3,199.73380533333332,240.73933399999999,0.010447906026255048,0.006463646107274999,0.00010915874033345654,-3.4382890000098586e-05,-3.4382890000098586e-05,4.177872100009124e-05,E2\E2_dual_camera_height_scan\run_20260808_141232\raw\E2_dual_height_raw_20260808_141232.csv
E2,ihawk2,marker_1_TR,40.0,20260808_141232,corner2,1,3,233.85748833333332,240.62392699999998,0.010247694098344891,0.01725386863865006,0.00010501523433325272,-0.0001498577374999631,-0.0001498577374999631,0.0002976959829997921,E2\E2_dual_camera_height_scan\run_20260808_141232\raw\E2_dual_height_raw_20260808_141232.csv
E2,ihawk2,marker_1_TR,40.0,20260808_141232,corner3,1,3,227.41250066666666,261.55497266666663,0.010934493373426947,0.007009558141101448,0.00011956314533351781,-2.70489706666288e-05,-2.70489706666288e-05,4.9133905333481595e-05,E2\E2_dual_camera_height_scan\run_20260808_141232\raw\E2_dual_height_raw_20260808_141232.csv
E2,ihawk2,marker_1_TR,40.0,20260808_145501,marker_center,1,3,215.80440166666668,251.90716933333331,0.0032999233829538064,0.01259802168331682,1.0889494333365295e-05,2.072231116660142e-05,2.072231116660142e-05,0.00015871015033332077,E2\E2_dual_camera_height_scan\run_20260808_145501\raw\E2_dual_height_raw_20260808_145501.csv
E2,ihawk2,marker_1_TR,40.0,20260808_145501,corner0,1,3,193.46920266666666,261.94451899999996,0.03941993074998014,0.014601602549054864,0.0015539309403332295,0.0005464567865007291,0.0005464567865007291,0.00021320679700056552,E2\E2_dual_camera_height_scan\run_20260808_145501\raw\E2_dual_height_raw_20260808_145501.csv
E2,ihawk2,marker_1_TR,40.0,20260808_145501,corner1,1,3,202.50320433333331,241.91066999999998,0.03320514210680709,0.04280550447079731,0.0011025814623332533,-0.0014191288404997767,-0.0014191288404997767,0.0018323112129994487,E2\E2_dual_camera_height_scan\run_20260808_145501\raw\E2_dual_height_raw_20260808_145501.csv
E2,ihawk2,marker_1_TR,40.0,20260808_145501,corner2,1,3,236.68229166666666,241.46387733333333,0.006171540515410016,0.0031781317363151853,3.8087912333347334e-05,-1.5397300333417483e-05,-1.5397300333417483e-05,1.0100521333373776e-05,E2\E2_dual_camera_height_scan\run_20260808_145501\raw\E2_dual_height_raw_20260808_145501.csv
E2,ihawk2,marker_1_TR,40.0,20260808_145501,corner3,1,3,230.562907,262.30961066666663,0.007711414850726149,0.009114071227135527,5.94659189999998e-05,4.259652199998727e-05,4.259652199998727e-05,8.30662943332997e-05,E2\E2_dual_camera_height_scan\run_20260808_145501\raw\E2_dual_height_raw_20260808_145501.csv
E2,ihawk2,marker_1_TR,40.0,20260808_151001,marker_center,1,3,213.74967066666667,254.1818516666667,0.016770686996457135,0.0030014850213350014,0.00028125594233313644,2.3577189333118985e-05,2.3577189333118985e-05,9.008912333298373e-06,E2\E2_dual_camera_height_scan\run_20260808_151001\raw\E2_dual_height_raw_20260808_151001.csv
E2,ihawk2,marker_1_TR,40.0,20260808_151001,corner0,1,3,191.335734,264.5342406666667,0.008845128998494245,0.009119093394285311,7.82363070000038e-05,-6.816985499917385e-06,-6.816985499917385e-06,8.3157864333698e-05,E2\E2_dual_camera_height_scan\run_20260808_151001\raw\E2_dual_height_raw_20260808_151001.csv
E2,ihawk2,marker_1_TR,40.0,20260808_151001,corner1,1,3,199.757838,244.20114133333334,0.00318679698129494,0.009818421937015959,1.015567499999054e-05,7.379875000098543e-06,7.379875000098543e-06,9.64014093332762e-05,E2\E2_dual_camera_height_scan\run_20260808_151001\raw\E2_dual_height_raw_20260808_151001.csv
E2,ihawk2,marker_1_TR,40.0,20260808_151001,corner2,1,3,234.65159133333336,243.41021733333332,0.016380878680137965,0.025673982342713095,0.0002683331863333985,0.000414246538333551,0.000414246538333551,0.0006591533693339438,E2\E2_dual_camera_height_scan\run_20260808_151001\raw\E2_dual_height_raw_20260808_151001.csv
E2,ihawk2,marker_1_TR,40.0,20260808_151001,corner3,1,3,229.25351966666668,264.58180733333336,0.03999483569579902,0.03567483303863478,0.0015995868823339599,-0.001188106398834096,-0.001188106398834096,0.0012726937123344675,E2\E2_dual_camera_height_scan\run_20260808_151001\raw\E2_dual_height_raw_20260808_151001.csv
E2,ihawk2,marker_1_TR,40.0,20260808_162715,marker_center,1,3,216.56267566666665,251.25678266666668,0.01384752260634044,0.013402577749561719,0.00019175388233310953,-0.00018331334566641048,-0.00018331334566641048,0.00017962909033304687,E2\E2_dual_camera_height_scan\run_20260808_162715\raw\E2_dual_height_raw_20260808_162715.csv
E2,ihawk2,marker_1_TR,40.0,20260808_162715,corner0,1,3,194.04975366666665,261.24178066666667,4.4455970730225614e-05,1.7897858332509213e-05,1.9763333335666767e-09,-7.956666661637542e-10,-7.956666661637542e-10,3.203333328905695e-10,E2\E2_dual_camera_height_scan\run_20260808_162715\raw\E2_dual_height_raw_20260808_162715.csv
E2,ihawk2,marker_1_TR,40.0,20260808_162715,corner1,1,3,203.20688866666669,241.22661866666667,0.03972776019779133,0.03465870534705348,0.001578294930333213,-0.0013769022246669254,-0.0013769022246669254,0.0012012258563338736,E2\E2_dual_camera_height_scan\run_20260808_162715\raw\E2_dual_height_raw_20260808_162715.csv
E2,ihawk2,marker_1_TR,40.0,20260808_162715,corner2,1,3,237.47214266666666,240.772069,0.011376086512215972,0.017892766918511563,0.00012941534433342215,-0.00013766871500022848,-0.00013766871500022848,0.0003201511080001818,E2\E2_dual_camera_height_scan\run_20260808_162715\raw\E2_dual_height_raw_20260808_162715.csv
E2,ihawk2,marker_1_TR,40.0,20260808_162715,corner3,1,3,231.52191666666667,261.7866613333333,0.017558689653082264,0.022024265193936618,0.0003083075823332581,-0.00010918638033301764,-0.00010918638033301764,0.00048506825733284797,E2\E2_dual_camera_height_scan\run_20260808_162715\raw\E2_dual_height_raw_20260808_162715.csv
E2,ihawk2,marker_2_BL,40.0,20260808_131913,marker_center,2,3,399.2265803333333,326.16499100000004,0.008363858818344273,0.008784180553717475,6.995413433319524e-05,-2.851809999261294e-07,-2.851809999261294e-07,7.716182800030824e-05,E2\E2_dual_camera_height_scan\run_20260808_131913\raw\E2_dual_height_raw_20260808_131913.csv
E2,ihawk2,marker_2_BL,40.0,20260808_131913,corner0,2,3,379.86281299999996,343.364797,0.0019946119923252327,0.004174931256910897,3.978476999927634e-06,-1.5025500000293013e-06,-1.5025500000293013e-06,1.74300509999316e-05,E2\E2_dual_camera_height_scan\run_20260808_131913\raw\E2_dual_height_raw_20260808_131913.csv
E2,ihawk2,marker_2_BL,40.0,20260808_131913,corner1,2,3,372.71693933333336,310.40489699999995,0.01860120373346684,0.007366213341996986,0.0003460047803339407,-9.02825864997632e-05,-9.02825864997632e-05,5.426109899981441e-05,E2\E2_dual_camera_height_scan\run_20260808_131913\raw\E2_dual_height_raw_20260808_131913.csv
E2,ihawk2,marker_2_BL,40.0,20260808_131913,corner2,2,3,416.140971,309.20921833333335,0.024506754334250133,0.021468722396385642,0.0006005810079992876,0.0005238523439995657,0.0005238523439995657,0.0004609060413330705,E2\E2_dual_camera_height_scan\run_20260808_131913\raw\E2_dual_height_raw_20260808_131913.csv
E2,ihawk2,marker_2_BL,40.0,20260808_131913,corner3,2,3,428.185598,341.68105066666664,0.012704056163278835,0.010611404541028583,0.00016139304299974294,-0.00013448607049990416,-0.00013448607049990416,0.00011260190633336204,E2\E2_dual_camera_height_scan\run_20260808_131913\raw\E2_dual_height_raw_20260808_131913.csv
E2,ihawk2,marker_2_BL,40.0,20260808_141232,marker_center,2,3,392.63629399999996,323.1695046666667,0.010710958827307653,0.0036381344578479908,0.00011472463900027971,-3.402297550000027e-05,-3.402297550000027e-05,1.3236022333380893e-05,E2\E2_dual_camera_height_scan\run_20260808_141232\raw\E2_dual_height_raw_20260808_141232.csv
E2,ihawk2,marker_2_BL,40.0,20260808_141232,corner0,2,3,372.68138633333336,339.79210400000005,0.027025860325481134,0.013659242585157693,0.0007303971263324152,0.00032734639599990285,0.00032734639599990285,0.0001865749080001854,E2\E2_dual_camera_height_scan\run_20260808_141232\raw\E2_dual_height_raw_20260808_141232.csv
E2,ihawk2,marker_2_BL,40.0,20260808_141232,corner1,2,3,367.25592033333334,307.44950366666666,0.010678612004082587,0.005694569372071303,0.00011403275433373672,2.656665116686731e-05,2.656665116686731e-05,3.242812033333255e-05,E2\E2_dual_camera_height_scan\run_20260808_141232\raw\E2_dual_height_raw_20260808_141232.csv
E2,ihawk2,marker_2_BL,40.0,20260808_141232,corner2,2,3,409.9561866666666,306.655009,0.02874418039069546,0.0013310101427001118,0.0008262279063328414,3.825591799967163e-05,3.825591799967163e-05,1.7715879999705717e-06,E2\E2_dual_camera_height_scan\run_20260808_141232\raw\E2_dual_height_raw_20260808_141232.csv
E2,ihawk2,marker_2_BL,40.0,20260808_141232,corner3,2,3,420.6516823333333,338.78140233333335,0.011621735512968117,0.007286462950782877,0.0001350647363333843,-8.235909216655541e-05,-8.235909216655541e-05,5.3092542333131514e-05,E2\E2_dual_camera_height_scan\run_20260808_141232\raw\E2_dual_height_raw_20260808_141232.csv
E2,ihawk2,marker_2_BL,40.0,20260808_145501,marker_center,2,3,397.70002000000005,322.987869,0.023870866741687567,0.009922130466772238,0.0005698182789994056,0.00019132398549922817,0.00019132398549922817,9.844867299964987e-05,E2\E2_dual_camera_height_scan\run_20260808_145501\raw\E2_dual_height_raw_20260808_145501.csv
E2,ihawk2,marker_2_BL,40.0,20260808_145501,corner0,2,3,378.42476400000004,339.552124,0.02612206201661703,0.01110324128351953,0.0006823621239999861,-0.00028987690500006133,-0.00028987690500006133,0.00012328196700005242,E2\E2_dual_camera_height_scan\run_20260808_145501\raw\E2_dual_height_raw_20260808_145501.csv
E2,ihawk2,marker_2_BL,40.0,20260808_145501,corner1,2,3,371.72341933333337,307.30098433333336,0.0018692421815600646,0.012898847790926028,3.4940663333234292e-06,1.735706833195783e-06,1.735706833195783e-06,0.00016638027433347726,E2\E2_dual_camera_height_scan\run_20260808_145501\raw\E2_dual_height_raw_20260808_145501.csv
E2,ihawk2,marker_2_BL,40.0,20260808_145501,corner2,2,3,414.68703200000004,306.47583000000003,0.056050777630662164,0.018714201853113243,0.003141689673001938,0.0009759719939988094,0.0009759719939988094,0.0003502213509990671,E2\E2_dual_camera_height_scan\run_20260808_145501\raw\E2_dual_height_raw_20260808_145501.csv
E2,ihawk2,marker_2_BL,40.0,20260808_145501,corner3,2,3,425.96486400000003,338.62253833333335,0.019002804240425508,0.024525490440243648,0.00036110656899993363,0.0004389237170003792,0.0004389237170003792,0.0006014996813344826,E2\E2_dual_camera_height_scan\run_20260808_145501\raw\E2_dual_height_raw_20260808_145501.csv
E2,ihawk2,marker_2_BL,40.0,20260808_151001,marker_center,2,3,399.11576600000006,323.766556,0.008173054692077148,0.003948434753172354,6.679882299968429e-05,3.139548049993183e-05,3.139548049993183e-05,1.5590137000059228e-05,E2\E2_dual_camera_height_scan\run_20260808_151001\raw\E2_dual_height_raw_20260808_151001.csv
E2,ihawk2,marker_2_BL,40.0,20260808_151001,corner0,2,3,380.42504866666667,340.7097476666667,0.02005934600961308,0.0358096427004452,0.00040237736233338014,0.000716365829833478,0.000716365829833478,0.001282330510333548,E2\E2_dual_camera_height_scan\run_20260808_151001\raw\E2_dual_height_raw_20260808_151001.csv
E2,ihawk2,marker_2_BL,40.0,20260808_151001,corner1,2,3,372.65127533333333,308.4998166666667,0.015486137812037986,0.0059097890261110885,0.00023982046433343267,-6.686493483314414e-05,-6.686493483314414e-05,3.492560633314305e-05,E2\E2_dual_camera_height_scan\run_20260808_151001\raw\E2_dual_height_raw_20260808_151001.csv
E2,ihawk2,marker_2_BL,40.0,20260808_151001,corner2,2,3,415.546753,307.0167846666667,0.009874448440291382,0.020318429622728947,9.750473199997292e-05,0.00019955751600008945,0.00019955751600008945,0.00041283858233378916,E2\E2_dual_camera_height_scan\run_20260808_151001\raw\E2_dual_height_raw_20260808_151001.csv
E2,ihawk2,marker_2_BL,40.0,20260808_151001,corner3,2,3,427.83998633333334,338.8398743333333,0.009926338314463537,0.010061516204508134,9.853219233318681e-05,9.111090083335915e-05,9.111090083335915e-05,0.00010123410833357975,E2\E2_dual_camera_height_scan\run_20260808_151001\raw\E2_dual_height_raw_20260808_151001.csv
E2,ihawk2,marker_2_BL,40.0,20260808_162715,marker_center,2,3,399.73313133333335,322.311399,0.0033722011110602673,0.009429171490632127,1.1371740333436101e-05,2.608327750009915e-05,2.608327750009915e-05,8.890927499974968e-05,E2\E2_dual_camera_height_scan\run_20260808_162715\raw\E2_dual_height_raw_20260808_162715.csv
E2,ihawk2,marker_2_BL,40.0,20260808_162715,corner0,2,3,379.63312766666667,339.2140806666667,0.001131195090741347,0.003569598623565083,1.2796023333173243e-06,3.0691598333682197e-06,3.0691598333682197e-06,1.2742034333357735e-05,E2\E2_dual_camera_height_scan\run_20260808_162715\raw\E2_dual_height_raw_20260808_162715.csv
E2,ihawk2,marker_2_BL,40.0,20260808_162715,corner1,2,3,372.82758599999994,306.33763633333336,0.00905607900807428,0.003551239548864453,8.201256700048366e-05,3.2154994000203644e-05,3.2154994000203644e-05,1.2611302333419003e-05,E2\E2_dual_camera_height_scan\run_20260808_162715\raw\E2_dual_height_raw_20260808_162715.csv
E2,ihawk2,marker_2_BL,40.0,20260808_162715,corner2,2,3,415.471812,305.693878,0.015324482275106159,0.04244422352921441,0.00023483975700004284,0.000648132829499747,0.000648132829499747,0.001801512110997918,E2\E2_dual_camera_height_scan\run_20260808_162715\raw\E2_dual_height_raw_20260808_162715.csv
E2,ihawk2,marker_2_BL,40.0,20260808_162715,corner3,2,3,431.0,338.0,0.0,0.0,0.0,0.0,0.0,0.0,E2\E2_dual_camera_height_scan\run_20260808_162715\raw\E2_dual_height_raw_20260808_162715.csv
E2,ihawk2,marker_3_BR,40.0,20260808_131913,marker_center,3,3,378.3830946666667,252.58405533333334,0.005219177553339688,0.01237581214843042,2.723981433328485e-05,6.435745766657953e-05,6.435745766657953e-05,0.00015316072633323797,E2\E2_dual_camera_height_scan\run_20260808_131913\raw\E2_dual_height_raw_20260808_131913.csv
E2,ihawk2,marker_3_BR,40.0,20260808_131913,corner0,3,3,362.7733356666667,263.1622516666667,0.025480265742988395,0.009360150871294078,0.0006492439423333079,0.00022981166933329909,0.00022981166933329909,8.761242433338728e-05,E2\E2_dual_camera_height_scan\run_20260808_131913\raw\E2_dual_height_raw_20260808_131913.csv
E2,ihawk2,marker_3_BR,40.0,20260808_131913,corner1,3,3,358.6306866666667,242.733531,7.04367328273915e-05,0.0010132497224294315,4.961333331397332e-09,-7.136999998619047e-08,-7.136999998619047e-08,1.02667500000332e-06,E2\E2_dual_camera_height_scan\run_20260808_131913\raw\E2_dual_height_raw_20260808_131913.csv
E2,ihawk2,marker_3_BR,40.0,20260808_131913,corner2,3,3,392.6048786666667,242.07951866666667,0.06207060903787483,0.05684611098688669,0.0038527605063327077,0.0035280160598330735,0.0035280160598330735,0.0032314803343334395,E2\E2_dual_camera_height_scan\run_20260808_131913\raw\E2_dual_height_raw_20260808_131913.csv
E2,ihawk2,marker_3_BR,40.0,20260808_131913,corner3,3,3,399.52347833333334,262.36092133333335,0.028241644788048543,0.020631650208683922,0.0007975905003343095,4.6551588338089325e-06,4.6551588338089325e-06,0.0004256649903334874,E2\E2_dual_camera_height_scan\run_20260808_131913\raw\E2_dual_height_raw_20260808_131913.csv
E2,ihawk2,marker_3_BR,40.0,20260808_141232,marker_center,3,3,375.071093,250.442937,0.004674016153156939,0.005043754653031898,2.184642699997199e-05,9.59360500008077e-07,9.59360500008077e-07,2.5439460999980917e-05,E2\E2_dual_camera_height_scan\run_20260808_141232\raw\E2_dual_height_raw_20260808_141232.csv
E2,ihawk2,marker_3_BR,40.0,20260808_141232,corner0,3,3,359.38627133333335,260.9004413333334,0.005202307404723615,0.010178528249888515,2.706400233324215e-05,3.817570933312395e-05,3.817570933312395e-05,0.00010360243733377855,E2\E2_dual_camera_height_scan\run_20260808_141232\raw\E2_dual_height_raw_20260808_141232.csv
E2,ihawk2,marker_3_BR,40.0,20260808_141232,corner1,3,3,355.71601366666664,240.518143,0.027269650792288706,0.014943351264024178,0.0007436338543333721,-0.0004032715004999843,-0.0004032715004999843,0.000223303747000013,E2\E2_dual_camera_height_scan\run_20260808_141232\raw\E2_dual_height_raw_20260808_141232.csv
E2,ihawk2,marker_3_BR,40.0,20260808_141232,corner2,3,3,389.51987733333334,239.927475,0.016874903446620917,0.021515620767246477,0.0002847623663327785,0.00035266345299963544,0.00035266345299963544,0.00046292193699996794,E2\E2_dual_camera_height_scan\run_20260808_141232\raw\E2_dual_height_raw_20260808_141232.csv
E2,ihawk2,marker_3_BR,40.0,20260808_141232,corner3,3,3,395.6622113333333,260.4256893333333,0.029142332187617453,0.00983169773405114,0.0008492755253334442,0.0002865186013339641,0.0002865186013339641,9.66622803337463e-05,E2\E2_dual_camera_height_scan\run_20260808_141232\raw\E2_dual_height_raw_20260808_141232.csv
E2,ihawk2,marker_3_BR,40.0,20260808_145501,marker_center,3,3,378.32704400000006,250.42102066666666,0.002698962207957317,0.0073078456697907475,7.284396999981836e-06,-4.660052500021731e-06,-4.660052500021731e-06,5.340460833347938e-05,E2\E2_dual_camera_height_scan\run_20260808_145501\raw\E2_dual_height_raw_20260808_145501.csv
E2,ihawk2,marker_3_BR,40.0,20260808_145501,corner0,3,3,362.6336363333333,260.8909913333334,0.00968930824846114,0.004675537651783443,9.388269433369707e-05,-4.274736516664665e-05,-4.274736516664665e-05,2.186065233324463e-05,E2\E2_dual_camera_height_scan\run_20260808_145501\raw\E2_dual_height_raw_20260808_145501.csv
E2,ihawk2,marker_3_BR,40.0,20260808_145501,corner1,3,3,358.8554383333333,240.44315600000002,0.013313388536867228,0.007617992452091596,0.00017724631433358774,-8.777990850023092e-05,-8.777990850023092e-05,5.8033809000124525e-05,E2\E2_dual_camera_height_scan\run_20260808_145501\raw\E2_dual_height_raw_20260808_145501.csv
E2,ihawk2,marker_3_BR,40.0,20260808_145501,corner2,3,3,392.613861,240.2592976666667,0.013137001636609767,0.02632097935740657,0.0001725808120002877,0.00028465714800026114,0.00028465714800026114,0.0006927939543330229,E2\E2_dual_camera_height_scan\run_20260808_145501\raw\E2_dual_height_raw_20260808_145501.csv
E2,ihawk2,marker_3_BR,40.0,20260808_145501,corner3,3,3,399.20524066666667,260.090637,0.005277002779373848,0.005207099384492888,2.7846758333519312e-05,-2.747370000008497e-05,-2.747370000008497e-05,2.7113883999986215e-05,E2\E2_dual_camera_height_scan\run_20260808_145501\raw\E2_dual_height_raw_20260808_145501.csv
E2,ihawk2,marker_3_BR,40.0,20260808_151001,marker_center,3,3,377.26582333333334,250.99576066666668,0.007883039092483878,0.012570895645635996,6.214230533362904e-05,7.416300266682083e-05,7.416300266682083e-05,0.00015802741733347004,E2\E2_dual_camera_height_scan\run_20260808_151001\raw\E2_dual_height_raw_20260808_151001.csv
E2,ihawk2,marker_3_BR,40.0,20260808_151001,corner0,3,3,362.00580833333333,261.721619,0.00012355295759000574,0.00010565509925749654,1.526533332923776e-08,-1.3053999997729317e-08,-1.3053999997729317e-08,1.1162999999111445e-08,E2\E2_dual_camera_height_scan\run_20260808_151001\raw\E2_dual_height_raw_20260808_151001.csv
E2,ihawk2,marker_3_BR,40.0,20260808_151001,corner1,3,3,357.45371466666666,241.2142386666667,0.005099938953880642,0.029911036363408427,2.6009377333309175e-05,0.00015183296033320192,0.00015183296033320192,0.0008946700963331412,E2\E2_dual_camera_height_scan\run_20260808_151001\raw\E2_dual_height_raw_20260808_151001.csv
E2,ihawk2,marker_3_BR,40.0,20260808_151001,corner2,3,3,391.10742200000004,240.54410299999998,0.027710832160005517,0.004776902029562519,0.000767890218999996,0.00012218366050018682,0.00012218366050018682,2.2818793000038513e-05,E2\E2_dual_camera_height_scan\run_20260808_151001\raw\E2_dual_height_raw_20260808_151001.csv
E2,ihawk2,marker_3_BR,40.0,20260808_151001,corner3,3,3,398.49634800000007,260.50308233333334,0.01910909137033529,0.018917846979322774,0.0003651573729998226,0.00035911627099976986,0.00035911627099976986,0.00035788493433307184,E2\E2_dual_camera_height_scan\run_20260808_151001\raw\E2_dual_height_raw_20260808_151001.csv
E2,ihawk2,marker_3_BR,40.0,20260808_162715,marker_center,3,3,378.9232076666667,249.91920866666666,0.006262709823483885,0.010169084242604728,3.9221534333161555e-05,6.292099183315113e-05,6.292099183315113e-05,0.00010341027433319178,E2\E2_dual_camera_height_scan\run_20260808_162715\raw\E2_dual_height_raw_20260808_162715.csv
E2,ihawk2,marker_3_BR,40.0,20260808_162715,corner0,3,3,363.4331763333333,260.55022166666663,0.006221752271937415,0.008230627274591132,3.8710201333358385e-05,5.120630066665006e-05,5.120630066665006e-05,6.774322533324343e-05,E2\E2_dual_camera_height_scan\run_20260808_162715\raw\E2_dual_height_raw_20260808_162715.csv
E2,ihawk2,marker_3_BR,40.0,20260808_162715,corner1,3,3,359.4599203333333,239.83981333333335,0.007851742248272892,0.0170878391358723,6.164985633331346e-05,-0.00010058074716637986,-0.00010058074716637986,0.000291994246333449,E2\E2_dual_camera_height_scan\run_20260808_162715\raw\E2_dual_height_raw_20260808_162715.csv
E2,ihawk2,marker_3_BR,40.0,20260808_162715,corner2,3,3,393.04918433333336,239.57414233333336,0.033619523291304396,0.015995165530047938,0.0011302723463345586,0.0005284376038339273,0.0005284376038339273,0.0002558453203336338,E2\E2_dual_camera_height_scan\run_20260808_162715\raw\E2_dual_height_raw_20260808_162715.csv
E2,ihawk2,marker_3_BR,40.0,20260808_162715,corner3,3,3,399.7505493333333,259.71265666666665,0.008255532347047633,0.0004673171656592438,6.815381433314979e-05,-2.190286333210096e-06,-2.190286333210096e-06,2.183853333197891e-07,E2\E2_dual_camera_height_scan\run_20260808_162715\raw\E2_dual_height_raw_20260808_162715.csv
E2,ihawk2,marker_4_C,40.0,20260808_131913,marker_center,4,3,295.54765833333335,286.5816956666667,0.0031235076970095995,0.010230193269594758,9.756300333278213e-06,-4.341542833252752e-06,-4.341542833252752e-06,0.00010465685433326187,E2\E2_dual_camera_height_scan\run_20260808_131913\raw\E2_dual_height_raw_20260808_131913.csv
E2,ihawk2,marker_4_C,40.0,20260808_131913,corner0,4,3,273.9408976666667,299.64579233333336,0.005523396992175089,0.011669213526783547,3.0507914333168824e-05,6.038703316661243e-05,6.038703316661243e-05,0.0001361705443336681,E2\E2_dual_camera_height_scan\run_20260808_131913\raw\E2_dual_height_raw_20260808_131913.csv
E2,ihawk2,marker_4_C,40.0,20260808_131913,corner1,4,3,276.764343,274.011322,0.006554080255833725,0.012579885015379969,4.295596799990947e-05,-8.24495759999604e-05,-8.24495759999604e-05,0.00015825350700018147,E2\E2_dual_camera_height_scan\run_20260808_131913\raw\E2_dual_height_raw_20260808_131913.csv
E2,ihawk2,marker_4_C,40.0,20260808_131913,corner2,4,3,315.39768466666663,273.409627,0.01055915774733391,0.034517235578781766,0.00011149581233308172,0.0003641134839997451,0.0003641134839997451,0.0011914395520011179,E2\E2_dual_camera_height_scan\run_20260808_131913\raw\E2_dual_height_raw_20260808_131913.csv
E2,ihawk2,marker_4_C,40.0,20260808_131913,corner3,4,3,316.0877076666667,299.26004,0.01575763387484111,0.01074495895758459,0.00024830302533354,-0.00016734269800018937,-0.00016734269800018937,0.00011545414300017733,E2\E2_dual_camera_height_scan\run_20260808_131913\raw\E2_dual_height_raw_20260808_131913.csv
E2,ihawk2,marker_4_C,40.0,20260808_141232,marker_center,4,3,291.709325,283.1785783333333,0.011892715711723305,0.006702517462355663,0.00014143668699987034,7.296666899991073e-05,7.296666899991073e-05,4.49237403331826e-05,E2\E2_dual_camera_height_scan\run_20260808_141232\raw\E2_dual_height_raw_20260808_141232.csv
E2,ihawk2,marker_4_C,40.0,20260808_141232,corner0,4,3,269.9628196666667,295.89577233333335,0.048448052038605256,0.02731734398385943,0.002347213746335403,0.0009456319641665278,0.0009456319641665278,0.0007462372823325009,E2\E2_dual_camera_height_scan\run_20260808_141232\raw\E2_dual_height_raw_20260808_141232.csv
E2,ihawk2,marker_4_C,40.0,20260808_141232,corner1,4,3,273.764791,270.71697,0.01827964999664511,0.009326623397576894,0.0003341456039998475,0.0001686338520001514,0.0001686338520001514,8.698590400022875e-05,E2\E2_dual_camera_height_scan\run_20260808_141232\raw\E2_dual_height_raw_20260808_141232.csv
E2,ihawk2,marker_4_C,40.0,20260808_141232,corner2,4,3,311.56175766666667,270.44720433333333,0.011478812758000383,0.00606738249439921,0.00013176314233323235,-5.1589961833358656e-05,-5.1589961833358656e-05,3.681313033334197e-05,E2\E2_dual_camera_height_scan\run_20260808_141232\raw\E2_dual_height_raw_20260808_141232.csv
E2,ihawk2,marker_4_C,40.0,20260808_141232,corner3,4,3,311.547933,295.6543676666667,0.0015155444566361577,7.04367328273915e-05,2.2968750000405864e-06,1.0674999998011527e-07,1.0674999998011527e-07,4.961333331397332e-09,E2\E2_dual_camera_height_scan\run_20260808_141232\raw\E2_dual_height_raw_20260808_141232.csv
E2,ihawk2,marker_4_C,40.0,20260808_145501,marker_center,4,3,295.80080399999997,283.60206366666665,0.003204314747337686,0.0033118363989463264,1.0267633000005777e-05,1.0437841500028024e-05,1.0437841500028024e-05,1.0968260333385771e-05,E2\E2_dual_camera_height_scan\run_20260808_145501\raw\E2_dual_height_raw_20260808_145501.csv
E2,ihawk2,marker_4_C,40.0,20260808_145501,corner0,4,3,274.3899843333333,296.479482,0.0036574747208187454,0.00475834624631438,1.337712133342816e-05,1.1698466999933035e-05,1.1698466999933035e-05,2.2641858999814146e-05,E2\E2_dual_camera_height_scan\run_20260808_145501\raw\E2_dual_height_raw_20260808_145501.csv
E2,ihawk2,marker_4_C,40.0,20260808_145501,corner1,4,3,277.43576033333335,271.3550716666667,0.0021334104933948723,0.0029973662327865253,4.551440333327353e-06,-2.9171583333393584e-06,-2.9171583333393584e-06,8.984204333448886e-06,E2\E2_dual_camera_height_scan\run_20260808_145501\raw\E2_dual_height_raw_20260808_145501.csv
E2,ihawk2,marker_4_C,40.0,20260808_145501,corner2,4,3,315.5092466666667,270.8539533333333,0.007579182563655564,0.009528346883555307,5.744400833322053e-05,6.141763916656357e-05,6.141763916656357e-05,9.078939433335814e-05,E2\E2_dual_camera_height_scan\run_20260808_145501\raw\E2_dual_height_raw_20260808_145501.csv
E2,ihawk2,marker_4_C,40.0,20260808_145501,corner3,4,3,315.868225,295.71974700000004,0.00016139082996493602,0.0005373723104138781,2.604699999677089e-08,-8.65284999939462e-08,-8.65284999939462e-08,2.8876899999954936e-07,E2\E2_dual_camera_height_scan\run_20260808_145501\raw\E2_dual_height_raw_20260808_145501.csv
E2,ihawk2,marker_4_C,40.0,20260808_151001,marker_center,4,3,295.6080043333334,285.49062333333336,0.011067967669518803,0.015136728719676248,0.0001224999083335135,-0.00016114494416673644,-0.00016114494416673644,0.00022912055633307176,E2\E2_dual_camera_height_scan\run_20260808_151001\raw\E2_dual_height_raw_20260808_151001.csv
E2,ihawk2,marker_4_C,40.0,20260808_151001,corner0,4,3,274.33036300000003,298.69875099999996,0.0130723554495651,0.004184887573163678,0.00017088647699977437,-1.483227000000067e-05,-1.483227000000067e-05,1.751328400001978e-05,E2\E2_dual_camera_height_scan\run_20260808_151001\raw\E2_dual_height_raw_20260808_151001.csv
E2,ihawk2,marker_4_C,40.0,20260808_151001,corner1,4,3,276.62881466666664,273.3104349999999,0.022427861786927263,0.01015466193429324,0.0005030089843335122,-0.0001904433664997497,-0.0001904433664997497,0.00010311715899978415,E2\E2_dual_camera_height_scan\run_20260808_151001\raw\E2_dual_height_raw_20260808_151001.csv
E2,ihawk2,marker_4_C,40.0,20260808_151001,corner2,4,3,315.0666913333334,272.29364,0.00197338322006343,0.0016385200639584313,3.894241333227913e-06,-3.2334279999528272e-06,-3.2334279999528272e-06,2.6847479999943418e-06,E2\E2_dual_camera_height_scan\run_20260808_151001\raw\E2_dual_height_raw_20260808_151001.csv
E2,ihawk2,marker_4_C,40.0,20260808_151001,corner3,4,3,316.4061483333333,297.659668,0.03671415751903212,0.05115549703601036,0.0013479293623323027,-0.0015846307010000395,-0.0015846307010000395,0.002616884877001265,E2\E2_dual_camera_height_scan\run_20260808_151001\raw\E2_dual_height_raw_20260808_151001.csv
E2,ihawk2,marker_4_C,40.0,20260808_162715,marker_center,4,3,296.795354,282.72190333333333,0.004685406812645949,0.0035558557807445898,2.1953036999989076e-05,-1.6620910000205565e-06,-1.6620910000205565e-06,1.2644110333454715e-05,E2\E2_dual_camera_height_scan\run_20260808_162715\raw\E2_dual_height_raw_20260808_162715.csv
E2,ihawk2,marker_4_C,40.0,20260808_162715,corner0,4,3,275.4345806666667,295.678304,0.008652210950588725,0.02803397708138097,7.486075433348744e-05,0.00024168976550012697,0.00024168976550012697,0.0007859038709993934,E2\E2_dual_camera_height_scan\run_20260808_162715\raw\E2_dual_height_raw_20260808_162715.csv
E2,ihawk2,marker_4_C,40.0,20260808_162715,corner1,4,3,278.340444,270.49063133333334,0.004139887438083076,0.015854048893991193,1.7138667999998057e-05,-6.536988899996782e-05,-6.536988899996782e-05,0.0002513508663330634,E2\E2_dual_camera_height_scan\run_20260808_162715\raw\E2_dual_height_raw_20260808_162715.csv
E2,ihawk2,marker_4_C,40.0,20260808_162715,corner2,4,3,316.4149776666667,270.00266500000004,0.004415695452964169,0.015471063990581992,1.9498366333328434e-05,-6.778827150012975e-05,-6.778827150012975e-05,0.00023935382100068276,E2\E2_dual_camera_height_scan\run_20260808_162715\raw\E2_dual_height_raw_20260808_162715.csv
E2,ihawk2,marker_4_C,40.0,20260808_162715,corner3,4,3,316.9914143333333,294.7160136666667,0.013934031194653378,0.023256139626623495,0.00019415722533357345,0.00023112582366660914,0.00023112582366660914,0.0005408480303330076,E2\E2_dual_camera_height_scan\run_20260808_162715\raw\E2_dual_height_raw_20260808_162715.csv
E2,ihawk2,marker_0_TL,45.0,20260808_131913,marker_center,0,3,185.9363263333333,326.134659,0.012724291113192657,0.007859800760857131,0.00016190758433327364,-8.966901900017784e-05,-8.966901900017784e-05,6.177646800037032e-05,E2\E2_dual_camera_height_scan\run_20260808_131913\raw\E2_dual_height_raw_20260808_131913.csv
E2,ihawk2,marker_0_TL,45.0,20260808_131913,corner0,0,3,154.502757,342.99244200000004,0.005798128749861749,0.008128315508162495,3.3618296999973364e-05,-1.1516607000116115e-05,-1.1516607000116115e-05,6.606951300023494e-05,E2\E2_dual_camera_height_scan\run_20260808_131913\raw\E2_dual_height_raw_20260808_131913.csv
E2,ihawk2,marker_0_TL,45.0,20260808_131913,corner1,0,3,169.97666900000002,309.3512063333333,0.009956931203941592,0.005912160039548346,9.914047900002575e-05,-1.6081269998925408e-06,-1.6081269998925408e-06,3.49536363332323e-05,E2\E2_dual_camera_height_scan\run_20260808_131913\raw\E2_dual_height_raw_20260808_131913.csv
E2,ihawk2,marker_0_TL,45.0,20260808_131913,corner2,0,3,214.84614566666667,309.321523,0.001879522900452885,0.02010016708886121,3.5326063333268254e-06,2.9240083000104607e-05,2.9240083000104607e-05,0.0004040167170001392,E2\E2_dual_camera_height_scan\run_20260808_131913\raw\E2_dual_height_raw_20260808_131913.csv
E2,ihawk2,marker_0_TL,45.0,20260808_131913,corner3,0,3,204.41973366666664,342.87346399999996,0.051325464696708546,0.017798846563767096,0.0026343033263330753,-0.0009116557880007549,-0.0009116557880007549,0.00031679893900052374,E2\E2_dual_camera_height_scan\run_20260808_131913\raw\E2_dual_height_raw_20260808_131913.csv
E2,ihawk2,marker_0_TL,45.0,20260808_141232,marker_center,0,3,180.48278833333333,321.527275,0.016480176344124364,0.007522010103688114,0.0002715962123334363,-6.862068700006345e-05,-6.862068700006345e-05,5.658063599998607e-05,E2\E2_dual_camera_height_scan\run_20260808_141232\raw\E2_dual_height_raw_20260808_141232.csv
E2,ihawk2,marker_0_TL,45.0,20260808_141232,corner0,0,3,149.22174600000002,337.56962066666665,0.0378225064082158,0.02552272423416297,0.0014305419909995253,-0.0008630855134994761,-0.0008630855134994761,0.0006514094523331299,E2\E2_dual_camera_height_scan\run_20260808_141232\raw\E2_dual_height_raw_20260808_141232.csv
E2,ihawk2,marker_0_TL,45.0,20260808_141232,corner1,0,3,165.34573866666665,304.84682233333336,0.015344177538505685,0.01480982073940649,0.00023544378433318236,-0.0002250477278332412,-0.0002250477278332412,0.0002193307903333546,E2\E2_dual_camera_height_scan\run_20260808_141232\raw\E2_dual_height_raw_20260808_141232.csv
E2,ihawk2,marker_0_TL,45.0,20260808_141232,corner2,0,3,209.403732,305.4576113333333,0.011566920117299083,0.033218272115421804,0.00013379364099997822,0.00024200031850033142,0.00024200031850033142,0.00110345360233421,E2\E2_dual_camera_height_scan\run_20260808_141232\raw\E2_dual_height_raw_20260808_141232.csv
E2,ihawk2,marker_0_TL,45.0,20260808_141232,corner3,0,3,197.95993533333333,338.2350463333333,0.0352824417002647,0.013670226637971402,0.0012448506923325774,-0.00044866004366703557,-0.00044866004366703557,0.0001868750963335029,E2\E2_dual_camera_height_scan\run_20260808_141232\raw\E2_dual_height_raw_20260808_141232.csv
E2,ihawk2,marker_0_TL,45.0,20260808_145501,marker_center,0,3,185.30070233333333,322.476059,0.002788274436525713,0.0044966650976142235,7.774474333382782e-06,1.2356945500064545e-05,1.2356945500064545e-05,2.0219997000101933e-05,E2\E2_dual_camera_height_scan\run_20260808_145501\raw\E2_dual_height_raw_20260808_145501.csv
E2,ihawk2,marker_0_TL,45.0,20260808_145501,corner0,0,3,154.18083166666665,338.3557026666667,0.011889598156927183,0.006893334340752493,0.00014136254433320624,-3.995761416650175e-05,-3.995761416650175e-05,4.751805833339761e-05,E2\E2_dual_camera_height_scan\run_20260808_145501\raw\E2_dual_height_raw_20260808_145501.csv
E2,ihawk2,marker_0_TL,45.0,20260808_145501,corner1,0,3,169.83073399999998,306.3555196666667,0.009575596012780603,0.015930835016827696,9.169203899997978e-05,-4.131849499894236e-06,-4.131849499894236e-06,0.0002537915043333835,E2\E2_dual_camera_height_scan\run_20260808_145501\raw\E2_dual_height_raw_20260808_145501.csv
E2,ihawk2,marker_0_TL,45.0,20260808_145501,corner2,0,3,214.057129,306.3676046666667,0.023986761911523637,0.008760772873045001,0.000575364747000121,-0.0002101331739996727,-0.0002101331739996727,7.675114133308117e-05,E2\E2_dual_camera_height_scan\run_20260808_145501\raw\E2_dual_height_raw_20260808_145501.csv
E2,ihawk2,marker_0_TL,45.0,20260808_145501,corner3,0,3,203.13411466666665,338.825409,0.010751165440707831,0.006191828566757286,0.00011558755833347043,6.039535500023611e-05,6.039535500023611e-05,3.833874100011158e-05,E2\E2_dual_camera_height_scan\run_20260808_145501\raw\E2_dual_height_raw_20260808_145501.csv
E2,ihawk2,marker_0_TL,45.0,20260808_151001,marker_center,0,3,188.31811266666668,326.1360956666667,0.011778741033457406,0.004568677853976464,0.00013873874033325324,4.922299233340178e-05,4.922299233340178e-05,2.0872817333414995e-05,E2\E2_dual_camera_height_scan\run_20260808_151001\raw\E2_dual_height_raw_20260808_151001.csv
E2,ihawk2,marker_0_TL,45.0,20260808_151001,corner0,0,3,157.75474033333333,343.4642946666666,0.03207210166692703,0.004427584028944976,0.001028619705333704,6.461006566686244e-05,6.461006566686244e-05,1.9603500333368623e-05,E2\E2_dual_camera_height_scan\run_20260808_151001\raw\E2_dual_height_raw_20260808_151001.csv
E2,ihawk2,marker_0_TL,45.0,20260808_151001,corner1,0,3,171.41988633333335,309.55315133333335,0.024735713479375577,0.009531813066435354,0.0006118555213337625,0.0002357611063335924,0.0002357611063335924,9.085546033346775e-05,E2\E2_dual_camera_height_scan\run_20260808_151001\raw\E2_dual_height_raw_20260808_151001.csv
E2,ihawk2,marker_0_TL,45.0,20260808_151001,corner2,0,3,216.54503366666668,309.21148666666664,0.008592311117123679,0.005286699285307922,7.382781033344718e-05,-4.251542666662897e-05,-4.251542666662897e-05,2.7949189333275294e-05,E2\E2_dual_camera_height_scan\run_20260808_151001\raw\E2_dual_height_raw_20260808_151001.csv
E2,ihawk2,marker_0_TL,45.0,20260808_151001,corner3,0,3,207.55279033333332,342.31545,0.005568853861735969,0.00552033594991866,3.101213333337162e-05,-3.0739970000000297e-05,-3.0739970000000297e-05,3.0474108999964355e-05,E2\E2_dual_camera_height_scan\run_20260808_151001\raw\E2_dual_height_raw_20260808_151001.csv
E2,ihawk2,marker_0_TL,45.0,20260808_162715,marker_center,0,3,188.60818333333336,321.992999,0.00613858911586347,0.004138051111341777,3.768227633339746e-05,1.7522434500003955e-05,1.7522434500003955e-05,1.712346700007692e-05,E2\E2_dual_camera_height_scan\run_20260808_162715\raw\E2_dual_height_raw_20260808_162715.csv
E2,ihawk2,marker_0_TL,45.0,20260808_162715,corner0,0,3,157.81809966666665,338.68569900000006,0.002484338208318954,0.00010565509925749654,6.1719363333134315e-06,2.624829999891302e-07,2.624829999891302e-07,1.1162999999111445e-08,E2\E2_dual_camera_height_scan\run_20260808_162715\raw\E2_dual_height_raw_20260808_162715.csv
E2,ihawk2,marker_0_TL,45.0,20260808_162715,corner1,0,3,172.49134333333333,305.39136766666667,0.007223806568092951,0.006730172087951432,5.2183381333222864e-05,-4.861746133333941e-05,-4.861746133333941e-05,4.529521633344054e-05,E2\E2_dual_camera_height_scan\run_20260808_162715\raw\E2_dual_height_raw_20260808_162715.csv
E2,ihawk2,marker_0_TL,45.0,20260808_162715,corner2,0,3,216.85960866666665,305.56111666666663,0.015769167902388255,0.006149357717136249,0.00024866665633371197,9.697025433336844e-05,9.697025433336844e-05,3.781460033330314e-05,E2\E2_dual_camera_height_scan\run_20260808_162715\raw\E2_dual_height_raw_20260808_162715.csv
E2,ihawk2,marker_0_TL,45.0,20260808_162715,corner3,0,3,207.263682,338.3338116666667,0.020857789647987516,0.014059666899802299,0.0004350473889996951,-0.00015487264499979497,-0.00015487264499979497,0.0001976742333333964,E2\E2_dual_camera_height_scan\run_20260808_162715\raw\E2_dual_height_raw_20260808_162715.csv
E2,ihawk2,marker_1_TR,45.0,20260808_131913,marker_center,1,3,214.28940433333332,251.417521,0.005124000520435239,0.013372735845750834,2.6255381333420605e-05,-6.43792320001553e-05,-6.43792320001553e-05,0.0001788300640002293,E2\E2_dual_camera_height_scan\run_20260808_131913\raw\E2_dual_height_raw_20260808_131913.csv
E2,ihawk2,marker_1_TR,45.0,20260808_131913,corner0,1,3,191.519943,261.69754066666667,0.001532864964700935,0.0004757366217926004,2.3496750000075984e-06,7.292399999710564e-07,7.292399999710564e-07,2.263253333146357e-07,E2\E2_dual_camera_height_scan\run_20260808_131913\raw\E2_dual_height_raw_20260808_131913.csv
E2,ihawk2,marker_1_TR,45.0,20260808_131913,corner1,1,3,200.782476,241.38957733333334,0.021838125904025608,0.006428713816404681,0.0004769037430000743,-0.00013275649599987392,-0.00013275649599987392,4.1328361333232433e-05,E2\E2_dual_camera_height_scan\run_20260808_131913\raw\E2_dual_height_raw_20260808_131913.csv
E2,ihawk2,marker_1_TR,45.0,20260808_131913,corner2,1,3,235.51653566666667,240.92287199999998,0.0027812069921689876,0.045240582323845306,7.735112333289668e-06,-0.00011671835049967468,-0.00011671835049967468,0.0020467102890006244,E2\E2_dual_camera_height_scan\run_20260808_131913\raw\E2_dual_height_raw_20260808_131913.csv
E2,ihawk2,marker_1_TR,45.0,20260808_131913,corner3,1,3,229.33866366666666,261.66009533333335,0.004555813904605562,0.004781511720476339,2.075544033339738e-05,1.165358666618048e-06,1.165358666618048e-06,2.2862854333052598e-05,E2\E2_dual_camera_height_scan\run_20260808_131913\raw\E2_dual_height_raw_20260808_131913.csv
E2,ihawk2,marker_1_TR,45.0,20260808_141232,marker_center,1,3,209.68642666666665,248.17400999999998,0.0061467472156776365,0.004539859799595459,3.7782501333440776e-05,1.5141705999962675e-05,1.5141705999962675e-05,2.0610326999982916e-05,E2\E2_dual_camera_height_scan\run_20260808_141232\raw\E2_dual_height_raw_20260808_141232.csv
E2,ihawk2,marker_1_TR,45.0,20260808_141232,corner0,1,3,184.0,258.0,0.0,0.0,0.0,0.0,0.0,0.0,E2\E2_dual_camera_height_scan\run_20260808_141232\raw\E2_dual_height_raw_20260808_141232.csv
E2,ihawk2,marker_1_TR,45.0,20260808_141232,corner1,1,3,197.56431066666667,238.18164066666668,0.006504712471224928,0.005035148094475699,4.231128433330912e-05,-3.228125016664768e-05,-3.228125016664768e-05,2.535271633330226e-05,E2\E2_dual_camera_height_scan\run_20260808_141232\raw\E2_dual_height_raw_20260808_141232.csv
E2,ihawk2,marker_1_TR,45.0,20260808_141232,corner2,1,3,231.86671466666667,237.83441666666667,0.03484004743586646,0.029010111174090032,0.0012138289053334251,0.0009278952043332513,0.0009278952043332513,0.0008415865503330634,E2\E2_dual_camera_height_scan\run_20260808_141232\raw\E2_dual_height_raw_20260808_141232.csv
E2,ihawk2,marker_1_TR,45.0,20260808_141232,corner3,1,3,225.31468199999998,258.67998266666666,0.013070656180934672,0.013471332982802757,0.00017084205300020572,0.00016520481050030949,0.00016520481050030949,0.00018147681233354943,E2\E2_dual_camera_height_scan\run_20260808_141232\raw\E2_dual_height_raw_20260808_141232.csv
E2,ihawk2,marker_1_TR,45.0,20260808_145501,marker_center,1,3,214.35845700000002,249.285829,0.0023252982604453198,0.007932824717587609,5.407012000030031e-06,-7.169419999694526e-07,-7.169419999694526e-07,6.292970799996892e-05,E2\E2_dual_camera_height_scan\run_20260808_145501\raw\E2_dual_height_raw_20260808_145501.csv
E2,ihawk2,marker_1_TR,45.0,20260808_145501,corner0,1,3,191.64521766666667,259.348409,0.004968676416654318,0.0029427543220795957,2.468774533341679e-05,1.4621594000124454e-05,1.4621594000124454e-05,8.659803000118142e-06,E2\E2_dual_camera_height_scan\run_20260808_145501\raw\E2_dual_height_raw_20260808_145501.csv
E2,ihawk2,marker_1_TR,45.0,20260808_145501,corner1,1,3,201.13505066666667,239.36117566666667,0.017033294641174562,0.019971199371426027,0.0002901331263330661,-0.0002237761151664884,-0.0002237761151664884,0.0003988488043332474,E2\E2_dual_camera_height_scan\run_20260808_145501\raw\E2_dual_height_raw_20260808_145501.csv
E2,ihawk2,marker_1_TR,45.0,20260808_145501,corner2,1,3,235.45631933333334,238.9400483333333,0.002681239327875516,0.01563753415131325,7.189044333346349e-06,4.1152496833390186e-05,4.1152496833390186e-05,0.00024453247433348823,E2\E2_dual_camera_height_scan\run_20260808_145501\raw\E2_dual_height_raw_20260808_145501.csv
E2,ihawk2,marker_1_TR,45.0,20260808_145501,corner3,1,3,229.19724,259.493683,0.017383034516440587,0.003695866474845248,0.0003021698889997648,5.704308299980671e-05,5.704308299980671e-05,1.365942899988504e-05,E2\E2_dual_camera_height_scan\run_20260808_145501\raw\E2_dual_height_raw_20260808_145501.csv
E2,ihawk2,marker_1_TR,45.0,20260808_151001,marker_center,1,3,213.08225866666666,251.29060600000003,0.008775392545819383,0.009228127437344658,7.700751433322238e-05,3.2767719998852925e-06,3.2767719998852925e-06,8.515833599987328e-05,E2\E2_dual_camera_height_scan\run_20260808_151001\raw\E2_dual_height_raw_20260808_151001.csv
E2,ihawk2,marker_1_TR,45.0,20260808_151001,corner0,1,3,190.61019399999998,261.803609,0.018174925474402817,0.0062107574417112725,0.0003303279160000965,-9.729777599974191e-05,-9.729777599974191e-05,3.857350799977195e-05,E2\E2_dual_camera_height_scan\run_20260808_151001\raw\E2_dual_height_raw_20260808_151001.csv
E2,ihawk2,marker_1_TR,45.0,20260808_151001,corner1,1,3,199.16090900000003,241.46079,0.005682123810688728,0.0044851618699830445,3.228653099999579e-05,-2.2689257999994974e-05,-2.2689257999994974e-05,2.01166769999498e-05,E2\E2_dual_camera_height_scan\run_20260808_151001\raw\E2_dual_height_raw_20260808_151001.csv
E2,ihawk2,marker_1_TR,45.0,20260808_151001,corner2,1,3,233.84631866666666,240.45941666666667,0.022793762355811292,0.027540328072360037,0.0005195556023332,0.0006270420358332199,0.0006270420358332199,0.0007584696703332224,E2\E2_dual_camera_height_scan\run_20260808_151001\raw\E2_dual_height_raw_20260808_151001.csv
E2,ihawk2,marker_1_TR,45.0,20260808_151001,corner3,1,3,228.71161433333336,261.438609,0.02232382550848971,0.0017614956713135237,0.0004983531853334959,-3.932332200036305e-05,-3.932332200036305e-05,3.1028670000562816e-06,E2\E2_dual_camera_height_scan\run_20260808_151001\raw\E2_dual_height_raw_20260808_151001.csv
E2,ihawk2,marker_1_TR,45.0,20260808_162715,marker_center,1,3,215.237742,248.5458603333333,0.006066134518791098,0.011585688599872928,3.67979880000689e-05,-5.257634799994322e-05,-5.257634799994322e-05,0.00013422818033322553,E2\E2_dual_camera_height_scan\run_20260808_162715\raw\E2_dual_height_raw_20260808_162715.csv
E2,ihawk2,marker_1_TR,45.0,20260808_162715,corner0,1,3,192.736308,258.50151566666665,0.014209744825289602,0.0003527610144703266,0.00020191684799984462,5.012643999933634e-06,5.012643999933634e-06,1.24440333330134e-07,E2\E2_dual_camera_height_scan\run_20260808_162715\raw\E2_dual_height_raw_20260808_162715.csv
E2,ihawk2,marker_1_TR,45.0,20260808_162715,corner1,1,3,201.58510866666666,238.59501633333332,0.021971621704679964,0.008605357304220688,0.00048275216033356373,-4.365883283342784e-05,-4.365883283342784e-05,7.405217433330435e-05,E2\E2_dual_camera_height_scan\run_20260808_162715\raw\E2_dual_height_raw_20260808_162715.csv
E2,ihawk2,marker_1_TR,45.0,20260808_162715,corner2,1,3,236.22314433333335,238.13563533333334,0.008731959993796792,0.04375960310987124,7.624712533326767e-05,0.0003155114053333518,0.0003155114053333518,0.0019149028643334525,E2\E2_dual_camera_height_scan\run_20260808_162715\raw\E2_dual_height_raw_20260808_162715.csv
E2,ihawk2,marker_1_TR,45.0,20260808_162715,corner3,1,3,230.4064076666667,258.95127333333335,0.011180415123479217,0.014064308028964825,0.0001250016823333228,-0.00015641376333343812,-0.00015641376333343812,0.00019780476033360442,E2\E2_dual_camera_height_scan\run_20260808_162715\raw\E2_dual_height_raw_20260808_162715.csv
E2,ihawk2,marker_2_BL,45.0,20260808_131913,marker_center,2,3,399.3285013333334,323.25844333333333,0.005321729167611579,0.020322808131092617,2.832080133340783e-05,0.00010752784433348194,0.00010752784433348194,0.00041301653033320426,E2\E2_dual_camera_height_scan\run_20260808_131913\raw\E2_dual_height_raw_20260808_131913.csv
E2,ihawk2,marker_2_BL,45.0,20260808_131913,corner0,2,3,379.6178893333333,340.44660433333337,0.011705512561762823,0.035194416962535675,0.00013701902433358725,0.0002810153703331277,0.0002810153703331277,0.0012386469853328187,E2\E2_dual_camera_height_scan\run_20260808_131913\raw\E2_dual_height_raw_20260808_131913.csv
E2,ihawk2,marker_2_BL,45.0,20260808_131913,corner1,2,3,372.84894833333334,307.55096433333335,0.028320588311927977,0.03975535432281048,0.0008020557223337116,0.0008936417253334442,0.0008936417253334442,0.001580488197332206,E2\E2_dual_camera_height_scan\run_20260808_131913\raw\E2_dual_height_raw_20260808_131913.csv
E2,ihawk2,marker_2_BL,45.0,20260808_131913,corner2,2,3,416.48569733333335,306.392629,0.026221162413855362,0.01276179716969509,0.0006875493583337812,7.248208749987555e-05,7.248208749987555e-05,0.0001628634670004376,E2\E2_dual_camera_height_scan\run_20260808_131913\raw\E2_dual_height_raw_20260808_131913.csv
E2,ihawk2,marker_2_BL,45.0,20260808_131913,corner3,2,3,428.36147066666666,338.643575,0.0053829475506727825,0.003920527643056757,2.8976124333294106e-05,-2.110350199996653e-05,-2.110350199996653e-05,1.5370536999972172e-05,E2\E2_dual_camera_height_scan\run_20260808_131913\raw\E2_dual_height_raw_20260808_131913.csv
E2,ihawk2,marker_2_BL,45.0,20260808_141232,marker_center,2,3,391.06444566666664,320.4581733333333,0.011501288029306998,0.007362218166661392,0.00013227962633308046,6.550106216661952e-05,6.550106216661952e-05,5.4202256333519034e-05,E2\E2_dual_camera_height_scan\run_20260808_141232\raw\E2_dual_height_raw_20260808_141232.csv
E2,ihawk2,marker_2_BL,45.0,20260808_141232,corner0,2,3,371.0119423333333,337.10615033333335,0.030862681029571855,0.015278490315932154,0.0009525050803330944,0.00047036537183396654,0.00047036537183396654,0.00023343226633403262,E2\E2_dual_camera_height_scan\run_20260808_141232\raw\E2_dual_height_raw_20260808_141232.csv
E2,ihawk2,marker_2_BL,45.0,20260808_141232,corner1,2,3,365.43688933333334,304.613271,0.0041766882015859454,0.00929429846733977,1.744472433326724e-05,1.8499862000001702e-05,1.8499862000001702e-05,8.638398399999442e-05,E2\E2_dual_camera_height_scan\run_20260808_141232\raw\E2_dual_height_raw_20260808_141232.csv
E2,ihawk2,marker_2_BL,45.0,20260808_141232,corner2,2,3,408.74590033333334,303.720286,0.012615527350583265,0.011024602169686624,0.0001591515303333144,8.201710299994695e-05,8.201710299994695e-05,0.00012154185299985903,E2\E2_dual_camera_height_scan\run_20260808_141232\raw\E2_dual_height_raw_20260808_141232.csv
E2,ihawk2,marker_2_BL,45.0,20260808_141232,corner3,2,3,419.0630493333333,336.39298533333334,0.0031167108196476826,0.0022915336203637236,9.71388633330893e-06,-1.0579436666512286e-06,-1.0579436666512286e-06,5.251126333257274e-06,E2\E2_dual_camera_height_scan\run_20260808_141232\raw\E2_dual_height_raw_20260808_141232.csv
E2,ihawk2,marker_2_BL,45.0,20260808_145501,marker_center,2,3,396.276675,320.88980866666674,0.012034443609895555,0.005507380895973925,0.00014482783299975597,2.4792324998528217e-06,2.4792324998528217e-06,3.0331244333338557e-05,E2\E2_dual_camera_height_scan\run_20260808_145501\raw\E2_dual_height_raw_20260808_145501.csv
E2,ihawk2,marker_2_BL,45.0,20260808_145501,corner0,2,3,376.44466166666666,337.45885200000004,0.02856040290913779,0.01974959146412707,0.0008156966143322864,0.0005082595484993264,0.0005082595484993264,0.0003900463629999209,E2\E2_dual_camera_height_scan\run_20260808_145501\raw\E2_dual_height_raw_20260808_145501.csv
E2,ihawk2,marker_2_BL,45.0,20260808_145501,corner1,2,3,370.32222499999995,305.1465046666667,0.009153187204470755,0.030486237178984018,8.378083600008714e-05,2.13441919998762e-05,2.13441919998762e-05,0.0009294106573332674,E2\E2_dual_camera_height_scan\run_20260808_145501\raw\E2_dual_height_raw_20260808_145501.csv
E2,ihawk2,marker_2_BL,45.0,20260808_145501,corner2,2,3,413.63169366666665,304.5139973333333,0.00742689196993863,0.007233550326993048,5.51587243331389e-05,2.9928816166335927e-05,2.9928816166335927e-05,5.2324250333141236e-05,E2\E2_dual_camera_height_scan\run_20260808_145501\raw\E2_dual_height_raw_20260808_145501.csv
E2,ihawk2,marker_2_BL,45.0,20260808_145501,corner3,2,3,424.7081196666666,336.4398803333333,0.019703475640955762,0.00947293367091625,0.0003882269523337371,-0.00018662269883368382,-0.00018662269883368382,8.973647233357885e-05,E2\E2_dual_camera_height_scan\run_20260808_145501\raw\E2_dual_height_raw_20260808_145501.csv
E2,ihawk2,marker_2_BL,45.0,20260808_151001,marker_center,2,3,400.130254,318.75069433333334,0.004917755687308096,0.004531645654002096,2.4184321000051126e-05,-2.226685350008109e-05,-2.226685350008109e-05,2.053581233343609e-05,E2\E2_dual_camera_height_scan\run_20260808_151001\raw\E2_dual_height_raw_20260808_151001.csv
E2,ihawk2,marker_2_BL,45.0,20260808_151001,corner0,2,3,381.6243083333334,335.60671966666666,0.017936923965195913,0.01560485749160018,0.0003217332413332195,-0.0002481872313332462,-0.0002481872313332462,0.00024351157733315027,E2\E2_dual_camera_height_scan\run_20260808_151001\raw\E2_dual_height_raw_20260808_151001.csv
E2,ihawk2,marker_2_BL,45.0,20260808_151001,corner1,2,3,373.35759466666667,303.9380083333333,0.0022826818291940623,0.005532489704784488,5.210636333332751e-06,-2.8876613333266885e-06,-2.8876613333266885e-06,3.060844233354635e-05,E2\E2_dual_camera_height_scan\run_20260808_151001\raw\E2_dual_height_raw_20260808_151001.csv
E2,ihawk2,marker_2_BL,45.0,20260808_151001,corner2,2,3,416.33555099999995,302.1996153333333,0.002441758178038041,0.0011433950906624404,5.962183000015653e-06,-2.670723000035537e-06,-2.670723000035537e-06,1.3073523333509704e-06,E2\E2_dual_camera_height_scan\run_20260808_151001\raw\E2_dual_height_raw_20260808_151001.csv
E2,ihawk2,marker_2_BL,45.0,20260808_151001,corner3,2,3,429.20356233333337,333.2584326666667,4.637168676474987e-05,0.0011426501360083383,2.1503333334080785e-09,-9.208333321169144e-09,-9.208333321169144e-09,1.3056493333198741e-06,E2\E2_dual_camera_height_scan\run_20260808_151001\raw\E2_dual_height_raw_20260808_151001.csv
E2,ihawk2,marker_2_BL,45.0,20260808_162715,marker_center,2,3,398.964747,318.4370116666667,0.007238507235607797,0.007254359333075948,5.239598699994643e-05,-1.37011749999943e-05,-1.37011749999943e-05,5.2625729333386116e-05,E2\E2_dual_camera_height_scan\run_20260808_162715\raw\E2_dual_height_raw_20260808_162715.csv
E2,ihawk2,marker_2_BL,45.0,20260808_162715,corner0,2,3,379.88401300000004,335.15106199999997,0.02694856172412757,0.023030982957731608,0.0007262249789991135,0.0003458402519996577,0.0003458402519996577,0.0005304261759993237,E2\E2_dual_camera_height_scan\run_20260808_162715\raw\E2_dual_height_raw_20260808_162715.csv
E2,ihawk2,marker_2_BL,45.0,20260808_162715,corner1,2,3,372.85316966666664,302.96083566666664,0.011802716692916883,0.01930375663785919,0.00013930412133325885,0.00010013447033356046,0.00010013447033356046,0.0003726350203336928,E2\E2_dual_camera_height_scan\run_20260808_162715\raw\E2_dual_height_raw_20260808_162715.csv
E2,ihawk2,marker_2_BL,45.0,20260808_162715,corner2,2,3,415.60259,301.81558233333334,0.012285668602074952,0.0273994043426551,0.00015093765300001031,0.0003120341674997695,0.0003120341674997695,0.0007507273583323072,E2\E2_dual_camera_height_scan\run_20260808_162715\raw\E2_dual_height_raw_20260808_162715.csv
E2,ihawk2,marker_2_BL,45.0,20260808_162715,corner3,2,3,427.519216,333.8205666666667,0.00033653677362738987,0.009451430385595148,1.1325700000353306e-07,-3.1471305000276505e-06,-3.1471305000276505e-06,8.932953633375124e-05,E2\E2_dual_camera_height_scan\run_20260808_162715\raw\E2_dual_height_raw_20260808_162715.csv
E2,ihawk2,marker_3_BR,45.0,20260808_131913,marker_center,3,3,379.1044363333333,250.01927433333333,0.004169572200267344,0.006552843072541057,1.738533233324226e-05,-2.1900820166578645e-05,-2.1900820166578645e-05,4.293975233334933e-05,E2\E2_dual_camera_height_scan\run_20260808_131913\raw\E2_dual_height_raw_20260808_131913.csv
E2,ihawk2,marker_3_BR,45.0,20260808_131913,corner0,3,3,363.465576,260.56650800000006,0.006723676747155553,0.00748613124383636,4.520782900024028e-05,-4.825842550008987e-05,-4.825842550008987e-05,5.604216099994292e-05,E2\E2_dual_camera_height_scan\run_20260808_131913\raw\E2_dual_height_raw_20260808_131913.csv
E2,ihawk2,marker_3_BR,45.0,20260808_131913,corner1,3,3,359.40149933333333,240.33963000000003,0.007262488852548834,0.014456786883686519,5.274374433339607e-05,-3.994772499978429e-05,-3.994772499978429e-05,0.00020899868700033057,E2\E2_dual_camera_height_scan\run_20260808_131913\raw\E2_dual_height_raw_20260808_131913.csv
E2,ihawk2,marker_3_BR,45.0,20260808_131913,corner2,3,3,393.38568100000003,239.46873966666666,0.007349638154350359,0.008816432630804283,5.401718099988255e-05,-6.122678400002365e-05,-6.122678400002365e-05,7.772948433351054e-05,E2\E2_dual_camera_height_scan\run_20260808_131913\raw\E2_dual_height_raw_20260808_131913.csv
E2,ihawk2,marker_3_BR,45.0,20260808_131913,corner3,3,3,400.164988,259.7022196666667,0.002245911173688119,0.007563253819167516,5.044117000097145e-06,-1.4774930000088813e-05,-1.4774930000088813e-05,5.720280833315201e-05,E2\E2_dual_camera_height_scan\run_20260808_131913\raw\E2_dual_height_raw_20260808_131913.csv
E2,ihawk2,marker_3_BR,45.0,20260808_141232,marker_center,3,3,373.8426183333333,247.7185963333333,0.00338273326371302,0.00486909122253153,1.1442884333430538e-05,-1.3165137666730748e-05,-1.3165137666730748e-05,2.3708049333333592e-05,E2\E2_dual_camera_height_scan\run_20260808_141232\raw\E2_dual_height_raw_20260808_141232.csv
E2,ihawk2,marker_3_BR,45.0,20260808_141232,corner0,3,3,357.73617566666667,258.3011883333333,0.006336755189619382,0.03036300832153639,4.015446633316817e-05,-0.00013547538483329395,-0.00013547538483329395,0.0009219122743336881,E2\E2_dual_camera_height_scan\run_20260808_141232\raw\E2_dual_height_raw_20260808_141232.csv
E2,ihawk2,marker_3_BR,45.0,20260808_141232,corner1,3,3,354.60220333333336,237.679494,0.00243122198355634,0.003787995116139568,5.910840333327624e-06,-9.20945699996257e-06,-9.20945699996257e-06,1.4348906999897221e-05,E2\E2_dual_camera_height_scan\run_20260808_141232\raw\E2_dual_height_raw_20260808_141232.csv
E2,ihawk2,marker_3_BR,45.0,20260808_141232,corner2,3,3,388.4576006666667,237.36630733333334,0.004152841717819798,0.002548560835708606,1.724609433326449e-05,9.032745166610156e-06,9.032745166610156e-06,6.495162333307749e-06,E2\E2_dual_camera_height_scan\run_20260808_141232\raw\E2_dual_height_raw_20260808_141232.csv
E2,ihawk2,marker_3_BR,45.0,20260808_141232,corner3,3,3,394.5744936666667,257.5273946666667,0.013163296940102369,0.009030078035833129,0.0001732723863333084,0.00011882952733325124,0.00011882952733325124,8.154230933323588e-05,E2\E2_dual_camera_height_scan\run_20260808_141232\raw\E2_dual_height_raw_20260808_141232.csv
E2,ihawk2,marker_3_BR,45.0,20260808_145501,marker_center,3,3,377.58634666666666,248.34396766666669,0.010673719892014549,0.0031285756077322475,0.00011392829633318707,-1.8406059666610614e-05,-1.8406059666610614e-05,9.787985333297201e-06,E2\E2_dual_camera_height_scan\run_20260808_145501\raw\E2_dual_height_raw_20260808_145501.csv
E2,ihawk2,marker_3_BR,45.0,20260808_145501,corner0,3,3,361.58270266666665,258.69552600000003,0.006874059232604964,0.0015112382340195696,4.725269033336155e-05,3.7907254999390134e-06,3.7907254999390134e-06,2.2838409999625875e-06,E2\E2_dual_camera_height_scan\run_20260808_145501\raw\E2_dual_height_raw_20260808_145501.csv
E2,ihawk2,marker_3_BR,45.0,20260808_145501,corner1,3,3,358.11682133333335,238.3934376666667,0.005908866416954695,0.0007340417790101673,3.491470233341502e-05,-4.082765333334089e-06,-4.082765333334089e-06,5.388173333324112e-07,E2\E2_dual_camera_height_scan\run_20260808_145501\raw\E2_dual_height_raw_20260808_145501.csv
E2,ihawk2,marker_3_BR,45.0,20260808_145501,corner2,3,3,392.00478100000004,238.257599,0.03104612381602709,0.010882905448457032,0.0009638618040000845,9.887759399999934e-05,9.887759399999934e-05,0.00011843763100005576,E2\E2_dual_camera_height_scan\run_20260808_145501\raw\E2_dual_height_raw_20260808_145501.csv
E2,ihawk2,marker_3_BR,45.0,20260808_145501,corner3,3,3,398.6410826666667,258.029307,0.00439980616999005,0.0059424816364784675,1.935829433348251e-05,-2.6129520000053867e-05,-2.6129520000053867e-05,3.53130879998838e-05,E2\E2_dual_camera_height_scan\run_20260808_145501\raw\E2_dual_height_raw_20260808_145501.csv
E2,ihawk2,marker_3_BR,45.0,20260808_151001,marker_center,3,3,376.97101599999996,247.10500100000002,0.012452485816097838,0.008055403962561896,0.00015506440300011785,-4.968465649989237e-05,-4.968465649989237e-05,6.48895330000579e-05,E2\E2_dual_camera_height_scan\run_20260808_151001\raw\E2_dual_height_raw_20260808_151001.csv
E2,ihawk2,marker_3_BR,45.0,20260808_151001,corner0,3,3,361.9162596666667,257.8669126666667,0.01916139948785678,0.010202113522848954,0.000367159230333238,0.0001954861148330865,0.0001954861148330865,0.0001040831203330975,E2\E2_dual_camera_height_scan\run_20260808_151001\raw\E2_dual_height_raw_20260808_151001.csv
E2,ihawk2,marker_3_BR,45.0,20260808_151001,corner1,3,3,357.0387573333333,237.54895033333332,0.0498715374670883,0.032959398057805345,0.002487170249331192,-0.0016362104066656336,-0.0016362104066656336,0.0010863219203328628,E2\E2_dual_camera_height_scan\run_20260808_151001\raw\E2_dual_height_raw_20260808_151001.csv
E2,ihawk2,marker_3_BR,45.0,20260808_151001,corner2,3,3,390.6216226666666,236.59152233333336,0.012300143752547394,0.006446482322421455,0.00015129353633333068,7.926863416662518e-05,7.926863416662518e-05,4.1557134333292315e-05,E2\E2_dual_camera_height_scan\run_20260808_151001\raw\E2_dual_height_raw_20260808_151001.csv
E2,ihawk2,marker_3_BR,45.0,20260808_151001,corner3,3,3,398.307424,256.412618,0.017257609538982657,0.019710285233838817,0.0002978250869999852,-0.00025225415399934993,-0.00025225415399934993,0.00038849534399928456,E2\E2_dual_camera_height_scan\run_20260808_151001\raw\E2_dual_height_raw_20260808_151001.csv
E2,ihawk2,marker_3_BR,45.0,20260808_162715,marker_center,3,3,378.3545656666667,246.607202,0.005958833303052958,0.002805685477734895,3.550769433357303e-05,-1.4526733999997422e-05,-1.4526733999997422e-05,7.871870999972486e-06,E2\E2_dual_camera_height_scan\run_20260808_162715\raw\E2_dual_height_raw_20260808_162715.csv
E2,ihawk2,marker_3_BR,45.0,20260808_162715,corner0,3,3,362.89365633333335,257.2186076666667,0.0122906495488622,0.006982364666308588,0.0001510600663329466,-6.085441683340023e-05,-6.085441683340023e-05,4.875341633331464e-05,E2\E2_dual_camera_height_scan\run_20260808_162715\raw\E2_dual_height_raw_20260808_162715.csv
E2,ihawk2,marker_3_BR,45.0,20260808_162715,corner1,3,3,358.71103899999997,236.61458333333334,0.008841867845660661,0.0027851391946070573,7.81786270001279e-05,-2.285706900004431e-05,-2.285706900004431e-05,7.757000333336449e-06,E2\E2_dual_camera_height_scan\run_20260808_162715\raw\E2_dual_height_raw_20260808_162715.csv
E2,ihawk2,marker_3_BR,45.0,20260808_162715,corner2,3,3,392.3943173333334,236.29965733333333,0.00038240336470237227,0.0008473501834077766,1.4623233333569551e-07,3.0578683333365606e-07,3.0578683333365606e-07,7.180023333211925e-07,E2\E2_dual_camera_height_scan\run_20260808_162715\raw\E2_dual_height_raw_20260808_162715.csv
E2,ihawk2,marker_3_BR,45.0,20260808_162715,corner3,3,3,399.41925033333337,256.2959593333333,0.006660312705358954,0.007452437274689131,4.435976533316591e-05,-4.963556266650267e-05,-4.963556266650267e-05,5.553882133317596e-05,E2\E2_dual_camera_height_scan\run_20260808_162715\raw\E2_dual_height_raw_20260808_162715.csv
E2,ihawk2,marker_4_C,45.0,20260808_131913,marker_center,4,3,295.3896736666666,283.7002053333333,0.0059999550276303645,0.005069249385585014,3.599946033358689e-05,1.7427343666841093e-05,1.7427343666841093e-05,2.569728933325404e-05,E2\E2_dual_camera_height_scan\run_20260808_131913\raw\E2_dual_height_raw_20260808_131913.csv
E2,ihawk2,marker_4_C,45.0,20260808_131913,corner0,4,3,273.634491,296.5946353333333,0.029554674148089287,0.014198751154014998,0.0008734787639997373,0.00010176011699964507,0.00010176011699964507,0.00020160453433364222,E2\E2_dual_camera_height_scan\run_20260808_131913\raw\E2_dual_height_raw_20260808_131913.csv
E2,ihawk2,marker_4_C,45.0,20260808_131913,corner1,4,3,276.694926,271.248291,0.0012332201749932225,0.009990469058038432,1.5208320000103143e-06,1.2320448000018529e-05,1.2320448000018529e-05,9.98094719996233e-05,E2\E2_dual_camera_height_scan\run_20260808_131913\raw\E2_dual_height_raw_20260808_131913.csv
E2,ihawk2,marker_4_C,45.0,20260808_131913,corner2,4,3,315.42650366666663,270.63415499999996,0.0028105811380184777,0.005828031914811822,7.89936633338524e-06,-1.633592100007505e-05,-1.633592100007505e-05,3.396595600006515e-05,E2\E2_dual_camera_height_scan\run_20260808_131913\raw\E2_dual_height_raw_20260808_131913.csv
E2,ihawk2,marker_4_C,45.0,20260808_131913,corner3,4,3,315.802775,296.323741,0.013734717871150088,0.01962657901925545,0.00018864247500008962,-7.258144499994567e-05,-7.258144499994567e-05,0.00038520260399907825,E2\E2_dual_camera_height_scan\run_20260808_131913\raw\E2_dual_height_raw_20260808_131913.csv
E2,ihawk2,marker_4_C,45.0,20260808_141232,marker_center,4,3,289.7105353333333,280.401955,0.004396843905944733,0.0060324577910041005,1.9332236333243337e-05,2.6110483000013848e-05,2.6110483000013848e-05,3.639054700024607e-05,E2\E2_dual_camera_height_scan\run_20260808_141232\raw\E2_dual_height_raw_20260808_141232.csv
E2,ihawk2,marker_4_C,45.0,20260808_141232,corner0,4,3,267.6548056666666,293.0425923333333,0.002408474690197379,0.004688220166904909,5.800750333321362e-06,1.0144434166650077e-05,1.0144434166650077e-05,2.1979408333373893e-05,E2\E2_dual_camera_height_scan\run_20260808_141232\raw\E2_dual_height_raw_20260808_141232.csv
E2,ihawk2,marker_4_C,45.0,20260808_141232,corner1,4,3,271.6912536666667,268.129893,0.0022492812926264865,0.002006450597444064,5.059266333359477e-06,-4.2993149999945195e-06,-4.2993149999945195e-06,4.025843999983642e-06,E2\E2_dual_camera_height_scan\run_20260808_141232\raw\E2_dual_height_raw_20260808_141232.csv
E2,ihawk2,marker_4_C,45.0,20260808_141232,corner2,4,3,309.9156903333333,267.68475333333333,0.015640364999993096,0.019718386783237264,0.000244621017333009,0.0003083934413331319,0.0003083934413331319,0.000388814777333346,E2\E2_dual_camera_height_scan\run_20260808_141232\raw\E2_dual_height_raw_20260808_141232.csv
E2,ihawk2,marker_4_C,45.0,20260808_141232,corner3,4,3,309.5803936666667,292.75058,0.00035218366420259467,0.0003169652977724896,1.2403333333116595e-07,-1.116299999945819e-07,-1.116299999945819e-07,1.0046699999200301e-07,E2\E2_dual_camera_height_scan\run_20260808_141232\raw\E2_dual_height_raw_20260808_141232.csv
E2,ihawk2,marker_4_C,45.0,20260808_145501,marker_center,4,3,294.081215,281.167656,0.0017087129659644359,0.005090002652272496,2.9197000000549794e-06,-8.570135000113816e-06,-8.570135000113816e-06,2.5908127000141042e-05,E2\E2_dual_camera_height_scan\run_20260808_145501\raw\E2_dual_height_raw_20260808_145501.csv
E2,ihawk2,marker_4_C,45.0,20260808_145501,corner0,4,3,272.25845333333336,293.76637800000003,5.3116224762614246e-05,0.015839604635232055,2.821333333032555e-09,-8.413399999559323e-07,-8.413399999559323e-07,0.00025089307500046474,E2\E2_dual_camera_height_scan\run_20260808_145501\raw\E2_dual_height_raw_20260808_145501.csv
E2,ihawk2,marker_4_C,45.0,20260808_145501,corner1,4,3,275.76811733333335,268.83407600000004,0.006937965431838929,0.017644380068454965,4.813536433339194e-05,-0.0001216265760000854,-0.0001216265760000854,0.0003113241480000908,E2\E2_dual_camera_height_scan\run_20260808_145501\raw\E2_dual_height_raw_20260808_145501.csv
E2,ihawk2,marker_4_C,45.0,20260808_145501,corner2,4,3,314.1102396666667,268.509379,0.0033394061348168075,0.00788708862637074,1.115163333325213e-05,1.2346205000007434e-05,1.2346205000007434e-05,6.220616700022668e-05,E2\E2_dual_camera_height_scan\run_20260808_145501\raw\E2_dual_height_raw_20260808_145501.csv
E2,ihawk2,marker_4_C,45.0,20260808_145501,corner3,4,3,314.188049,293.560791,0.0,0.0,0.0,0.0,0.0,0.0,E2\E2_dual_camera_height_scan\run_20260808_145501\raw\E2_dual_height_raw_20260808_145501.csv
E2,ihawk2,marker_4_C,45.0,20260808_151001,marker_center,4,3,295.765859,281.65118666666666,0.010323123509858537,0.007017722018805063,0.00010656687899979405,-6.293403399988397e-05,-6.293403399988397e-05,4.9248422333221414e-05,E2\E2_dual_camera_height_scan\run_20260808_151001\raw\E2_dual_height_raw_20260808_151001.csv
E2,ihawk2,marker_4_C,45.0,20260808_151001,corner0,4,3,274.66088833333333,294.9326883333333,0.0054444130384633275,0.01973383220089685,2.9641633333389482e-05,0.00010743913333341027,0.00010743913333341027,0.00038942413333315347,E2\E2_dual_camera_height_scan\run_20260808_151001\raw\E2_dual_height_raw_20260808_151001.csv
E2,ihawk2,marker_4_C,45.0,20260808_151001,corner1,4,3,276.61697399999997,269.565318,0.019650961197851514,0.0046959092836391,0.0003861602759994658,-8.677685400040912e-05,-8.677685400040912e-05,2.2051564000167888e-05,E2\E2_dual_camera_height_scan\run_20260808_151001\raw\E2_dual_height_raw_20260808_151001.csv
E2,ihawk2,marker_4_C,45.0,20260808_151001,corner2,4,3,315.11710633333337,268.54961133333336,0.005271498585166424,0.004432154367062391,2.778869733341161e-05,1.5802890333336637e-05,1.5802890333336637e-05,1.9643992333470222e-05,E2\E2_dual_camera_height_scan\run_20260808_151001\raw\E2_dual_height_raw_20260808_151001.csv
E2,ihawk2,marker_4_C,45.0,20260808_151001,corner3,4,3,316.66846733333335,293.557129,0.02494804059108872,0.007362512275025829,0.0006224047293346104,-6.907803300023987e-05,-6.907803300023987e-05,5.420658699990601e-05,E2\E2_dual_camera_height_scan\run_20260808_151001\raw\E2_dual_height_raw_20260808_151001.csv
E2,ihawk2,marker_4_C,45.0,20260808_162715,marker_center,4,3,296.15412633333335,279.6349943333333,0.00623788468418563,0.004785302115160338,3.891120533319766e-05,-2.8351388666608466e-05,-2.8351388666608466e-05,2.2899116333358005e-05,E2\E2_dual_camera_height_scan\run_20260808_162715\raw\E2_dual_height_raw_20260808_162715.csv
E2,ihawk2,marker_4_C,45.0,20260808_162715,corner0,4,3,274.6953433333333,292.5695086666667,0.012210380843079778,0.008334051135747492,0.00014909340033304963,-0.00010176193833317843,-0.00010176193833317843,6.945640833325404e-05,E2\E2_dual_camera_height_scan\run_20260808_162715\raw\E2_dual_height_raw_20260808_162715.csv
E2,ihawk2,marker_4_C,45.0,20260808_162715,corner1,4,3,277.580485,267.5263366666666,0.0064572492595285896,0.013560268483084606,4.169606799968252e-05,-7.874240799963786e-05,-7.874240799963786e-05,0.00018388088133333767,E2\E2_dual_camera_height_scan\run_20260808_162715\raw\E2_dual_height_raw_20260808_162715.csv
E2,ihawk2,marker_4_C,45.0,20260808_162715,corner2,4,3,315.66181466666666,266.73837266666663,0.022288607142076016,0.005867610785761045,0.0004967820083338019,-0.0001307808716664359,-0.0001307808716664359,3.442885633317935e-05,E2\E2_dual_camera_height_scan\run_20260808_162715\raw\E2_dual_height_raw_20260808_162715.csv
E2,ihawk2,marker_4_C,45.0,20260808_162715,corner3,4,3,316.6788636666667,291.70575966666667,0.00021188754878272506,0.00017609183208488804,4.489633332915169e-08,-3.7311666661126146e-08,-3.7311666661126146e-08,3.100833332701241e-08,E2\E2_dual_camera_height_scan\run_20260808_162715\raw\E2_dual_height_raw_20260808_162715.csv
E2,ihawk2,marker_0_TL,50.0,20260808_131913,marker_center,0,3,187.28678766666667,320.9997813333334,0.007883968882058636,0.004734499586373071,6.215696533326889e-05,-2.085796933339547e-05,-2.085796933339547e-05,2.2415486333366785e-05,E2\E2_dual_camera_height_scan\run_20260808_131913\raw\E2_dual_height_raw_20260808_131913.csv
E2,ihawk2,marker_0_TL,50.0,20260808_131913,corner0,0,3,156.048864,337.615631,0.015028213999007898,0.015857807887589767,0.00022584721599997693,0.00023809426799985546,0.00023809426799985546,0.0002514700709997042,E2\E2_dual_camera_height_scan\run_20260808_131913\raw\E2_dual_height_raw_20260808_131913.csv
E2,ihawk2,marker_0_TL,50.0,20260808_131913,corner1,0,3,171.47973633333334,304.21968566666663,0.030567211343743354,0.022791027978853514,0.0009343544093330723,-0.0006966447683329323,-0.0006966447683329323,0.0005194309563328837,E2\E2_dual_camera_height_scan\run_20260808_131913\raw\E2_dual_height_raw_20260808_131913.csv
E2,ihawk2,marker_0_TL,50.0,20260808_131913,corner2,0,3,216.07019533333334,304.42025766666666,0.008544733251141154,0.008921935122659777,7.301246633315728e-05,6.142596616638502e-05,6.142596616638502e-05,7.960092633295012e-05,E2\E2_dual_camera_height_scan\run_20260808_131913\raw\E2_dual_height_raw_20260808_131913.csv
E2,ihawk2,marker_0_TL,50.0,20260808_131913,corner3,0,3,205.54835533333335,337.74355066666664,0.007390937784428554,0.002585074918307769,5.462596133329367e-05,-1.867254133326479e-05,-1.867254133326479e-05,6.682612333263919e-06,E2\E2_dual_camera_height_scan\run_20260808_131913\raw\E2_dual_height_raw_20260808_131913.csv
E2,ihawk2,marker_0_TL,50.0,20260808_141232,marker_center,0,3,182.5112366666667,317.60854333333333,0.0036893674706271018,0.0064971422435826645,1.361143233332142e-05,1.7377559666588155e-05,1.7377559666588155e-05,4.221285733334638e-05,E2\E2_dual_camera_height_scan\run_20260808_141232\raw\E2_dual_height_raw_20260808_141232.csv
E2,ihawk2,marker_0_TL,50.0,20260808_141232,corner0,0,3,151.40480033333333,333.70710233333335,0.008118970029093718,0.022015570633855962,6.591767433332205e-05,-4.504521416658267e-05,-4.504521416658267e-05,0.00048468535033430096,E2\E2_dual_camera_height_scan\run_20260808_141232\raw\E2_dual_height_raw_20260808_141232.csv
E2,ihawk2,marker_0_TL,50.0,20260808_141232,corner1,0,3,166.89822933333332,301.23178099999996,0.01187551768697478,0.0005282754963203013,0.00014102792033365082,6.273545000147118e-06,6.273545000147118e-06,2.7907500001246065e-07,E2\E2_dual_camera_height_scan\run_20260808_141232\raw\E2_dual_height_raw_20260808_141232.csv
E2,ihawk2,marker_0_TL,50.0,20260808_141232,corner2,0,3,211.28075633333333,301.4713236666667,0.005214131215578292,0.005362210116482346,2.7187164333267953e-05,1.9838544666590366e-05,1.9838544666590366e-05,2.8753297333305618e-05,E2\E2_dual_camera_height_scan\run_20260808_141232\raw\E2_dual_height_raw_20260808_141232.csv
E2,ihawk2,marker_0_TL,50.0,20260808_141232,corner3,0,3,200.4611613333333,334.023966,0.002493575812635484,0.005514849771290719,6.217920333360715e-06,-1.3751696000008868e-05,-1.3751696000008868e-05,3.0413567999905297e-05,E2\E2_dual_camera_height_scan\run_20260808_141232\raw\E2_dual_height_raw_20260808_141232.csv
E2,ihawk2,marker_0_TL,50.0,20260808_145501,marker_center,0,3,186.501007,319.40266133333336,0.0052729345719425055,0.007047839834525807,2.7803838999986495e-05,-6.257262000040258e-06,-6.257262000040258e-06,4.967204633312876e-05,E2\E2_dual_camera_height_scan\run_20260808_145501\raw\E2_dual_height_raw_20260808_145501.csv
E2,ihawk2,marker_0_TL,50.0,20260808_145501,corner0,0,3,155.5297446666667,335.33579499999996,0.004837427656654031,0.0009810081548941375,2.3400706333361306e-05,1.4224394999087488e-06,1.4224394999087488e-06,9.623769999688e-07,E2\E2_dual_camera_height_scan\run_20260808_145501\raw\E2_dual_height_raw_20260808_145501.csv
E2,ihawk2,marker_0_TL,50.0,20260808_145501,corner1,0,3,170.66884366666667,303.395284,0.02420759038675736,0.029292247250752038,0.0005860074323330273,-0.0006429400904995783,-0.0006429400904995783,0.0008580357489991903,E2\E2_dual_camera_height_scan\run_20260808_145501\raw\E2_dual_height_raw_20260808_145501.csv
E2,ihawk2,marker_0_TL,50.0,20260808_145501,corner2,0,3,215.181905,303.35051466666664,0.020007761518973183,0.0007560729682552815,0.0004003105210001041,8.599371499743398e-06,8.599371499743398e-06,5.716463333263518e-07,E2\E2_dual_camera_height_scan\run_20260808_145501\raw\E2_dual_height_raw_20260808_145501.csv
E2,ihawk2,marker_0_TL,50.0,20260808_145501,corner3,0,3,204.62353499999998,335.52905300000003,0.0200207454656464,0.005623939188866545,0.00040083024900020085,-0.00010913270100015685,-0.00010913270100015685,3.16286920000689e-05,E2\E2_dual_camera_height_scan\run_20260808_145501\raw\E2_dual_height_raw_20260808_145501.csv
E2,ihawk2,marker_0_TL,50.0,20260808_151001,marker_center,0,3,187.44689533333334,324.5271173333333,0.028095367773595583,0.01413980750694778,0.0007893496903335933,-0.000391612814666923,-0.000391612814666923,0.0001999341563335368,E2\E2_dual_camera_height_scan\run_20260808_151001\raw\E2_dual_height_raw_20260808_151001.csv
E2,ihawk2,marker_0_TL,50.0,20260808_151001,corner0,0,3,156.50824466666668,341.920858,0.001118675258211095,0.007789543439769233,1.2514343333336602e-06,-8.626842000012285e-06,-8.626842000012285e-06,6.067698700005189e-05,E2\E2_dual_camera_height_scan\run_20260808_151001\raw\E2_dual_height_raw_20260808_151001.csv
E2,ihawk2,marker_0_TL,50.0,20260808_151001,corner1,0,3,170.32940666666667,308.2361653333333,0.0964926759155,0.06696990827478257,0.009310836505333714,-0.006159164310333441,-0.006159164310333441,0.00448496861433279,E2\E2_dual_camera_height_scan\run_20260808_151001\raw\E2_dual_height_raw_20260808_151001.csv
E2,ihawk2,marker_0_TL,50.0,20260808_151001,corner2,0,3,215.70742299999998,307.468811,0.019928832303977476,0.01657133681994202,0.00039715835700005614,-0.00010175637000004389,-0.00010175637000004389,0.00027460920399996605,E2\E2_dual_camera_height_scan\run_20260808_151001\raw\E2_dual_height_raw_20260808_151001.csv
E2,ihawk2,marker_0_TL,50.0,20260808_151001,corner3,0,3,207.24250799999996,340.48263533333335,0.017797816073896938,0.006394006907514182,0.0003167622570002642,-7.304765799994994e-05,-7.304765799994994e-05,4.088332433333907e-05,E2\E2_dual_camera_height_scan\run_20260808_151001\raw\E2_dual_height_raw_20260808_151001.csv
E2,ihawk2,marker_0_TL,50.0,20260808_162715,marker_center,0,3,187.1801056666667,318.383161,0.012547864413251958,0.0020682320952835507,0.0001574489013333549,-3.995327999814654e-06,-3.995327999814654e-06,4.2775839999609856e-06,E2\E2_dual_camera_height_scan\run_20260808_162715\raw\E2_dual_height_raw_20260808_162715.csv
E2,ihawk2,marker_0_TL,50.0,20260808_162715,corner0,0,3,156.149277,334.6060996666667,0.013600537967309515,0.011181363124993486,0.00018497463300022761,-0.00015086744699987,-0.00015086744699987,0.00012502288133296407,E2\E2_dual_camera_height_scan\run_20260808_162715\raw\E2_dual_height_raw_20260808_162715.csv
E2,ihawk2,marker_0_TL,50.0,20260808_162715,corner1,0,3,171.475311,301.68265766666667,0.023466756465259267,0.010890193080615607,0.0005506886589997876,0.00023700227499982867,0.00023700227499982867,0.00011859630533308805,E2\E2_dual_camera_height_scan\run_20260808_162715\raw\E2_dual_height_raw_20260808_162715.csv
E2,ihawk2,marker_0_TL,50.0,20260808_162715,corner2,0,3,215.78352866666668,302.34961933333335,0.01579926581627723,0.002168424389585678,0.0002496168003333862,-3.354790633332629e-05,-3.354790633332629e-05,4.70206433335002e-06,E2\E2_dual_camera_height_scan\run_20260808_162715\raw\E2_dual_height_raw_20260808_162715.csv
E2,ihawk2,marker_0_TL,50.0,20260808_162715,corner3,0,3,205.31230666666667,334.8942666666667,0.0041401787803585725,0.0032418217614867575,1.7141080333331395e-05,-1.3421721666612122e-05,-1.3421721666612122e-05,1.0509408333249104e-05,E2\E2_dual_camera_height_scan\run_20260808_162715\raw\E2_dual_height_raw_20260808_162715.csv
E2,ihawk2,marker_1_TR,50.0,20260808_131913,marker_center,1,3,215.73048300000002,247.02949,0.006497101122816677,0.004082533037234137,4.221232300010572e-05,-2.4579885000094496e-05,-2.4579885000094496e-05,1.666707600010819e-05,E2\E2_dual_camera_height_scan\run_20260808_131913\raw\E2_dual_height_raw_20260808_131913.csv
E2,ihawk2,marker_1_TR,50.0,20260808_131913,corner0,1,3,192.847946,257.395823,0.01611112066244333,0.011375808674539372,0.0002595682089998084,-0.00016308517949976693,-0.00016308517949976693,0.0001294090229997252,E2\E2_dual_camera_height_scan\run_20260808_131913\raw\E2_dual_height_raw_20260808_131913.csv
E2,ihawk2,marker_1_TR,50.0,20260808_131913,corner1,1,3,202.25259400000002,236.60729966666668,0.03741445847530995,0.02118052677185667,0.0013998417030006926,-0.0007790876625002806,-0.0007790876625002806,0.0004486147143333371,E2\E2_dual_camera_height_scan\run_20260808_131913\raw\E2_dual_height_raw_20260808_131913.csv
E2,ihawk2,marker_1_TR,50.0,20260808_131913,corner2,1,3,237.00311299999998,236.617676,0.009533948237741714,0.004161610385425018,9.089616899993834e-05,3.967344900007608e-05,3.967344900007608e-05,1.7319001000077365e-05,E2\E2_dual_camera_height_scan\run_20260808_131913\raw\E2_dual_height_raw_20260808_131913.csv
E2,ihawk2,marker_1_TR,50.0,20260808_131913,corner3,1,3,230.81827799999996,257.49716166666667,0.005980656903719262,0.008559116562662138,3.576825700000487e-05,-5.110893799997343e-05,-5.110893799997343e-05,7.325847633323732e-05,E2\E2_dual_camera_height_scan\run_20260808_131913\raw\E2_dual_height_raw_20260808_131913.csv
E2,ihawk2,marker_1_TR,50.0,20260808_141232,marker_center,1,3,211.766298,244.88918966666665,0.007290914003061402,0.007303065543549617,5.315742700003683e-05,1.2387059499974306e-05,1.2387059499974306e-05,5.333476633338166e-05,E2\E2_dual_camera_height_scan\run_20260808_141232\raw\E2_dual_height_raw_20260808_141232.csv
E2,ihawk2,marker_1_TR,50.0,20260808_141232,corner0,1,3,188.91387966666665,254.8740743333333,0.0049889851005448516,0.0045474310696594165,2.488997233345852e-05,-1.0451777333309187e-05,-1.0451777333309187e-05,2.0679129333303788e-05,E2\E2_dual_camera_height_scan\run_20260808_141232\raw\E2_dual_height_raw_20260808_141232.csv
E2,ihawk2,marker_1_TR,50.0,20260808_141232,corner1,1,3,198.5877176666667,234.820709,0.011421434162722345,0.02629772805776072,0.0001304491583334011,-0.00030034940750006293,-0.00030034940750006293,0.0006915705009999353,E2\E2_dual_camera_height_scan\run_20260808_141232\raw\E2_dual_height_raw_20260808_141232.csv
E2,ihawk2,marker_1_TR,50.0,20260808_141232,corner2,1,3,233.09111499999997,234.53256233333332,0.027458342029327187,0.013517581489799639,0.0007539605469995158,0.00030423334500006714,0.00030423334500006714,0.00018272500933337382,E2\E2_dual_camera_height_scan\run_20260808_141232\raw\E2_dual_height_raw_20260808_141232.csv
E2,ihawk2,marker_1_TR,50.0,20260808_141232,corner3,1,3,226.472478,255.3294116666667,0.0013302150202183303,0.004343406075108909,1.7694720000144532e-06,5.7776640000174155e-06,5.7776640000174155e-06,1.8865176333292975e-05,E2\E2_dual_camera_height_scan\run_20260808_141232\raw\E2_dual_height_raw_20260808_141232.csv
E2,ihawk2,marker_1_TR,50.0,20260808_145501,marker_center,1,3,214.60774866666668,246.49153166666667,0.013353224679205683,0.007383312016523679,0.0001783086093333477,-7.143272766661359e-05,-7.143272766661359e-05,5.4513296333342946e-05,E2\E2_dual_camera_height_scan\run_20260808_145501\raw\E2_dual_height_raw_20260808_145501.csv
E2,ihawk2,marker_1_TR,50.0,20260808_145501,corner0,1,3,191.91670233333335,256.3622943333333,0.025928479637898835,0.004931352992170409,0.0006722860563329345,8.409988883347562e-05,8.409988883347562e-05,2.431824233338805e-05,E2\E2_dual_camera_height_scan\run_20260808_145501\raw\E2_dual_height_raw_20260808_145501.csv
E2,ihawk2,marker_1_TR,50.0,20260808_145501,corner1,1,3,201.35315433333335,236.56854266666667,0.011803801520406155,0.012986577545037431,0.00013932973033314267,-0.00012313252783319748,-0.00012313252783319748,0.00016865119633327044,E2\E2_dual_camera_height_scan\run_20260808_145501\raw\E2_dual_height_raw_20260808_145501.csv
E2,ihawk2,marker_1_TR,50.0,20260808_145501,corner2,1,3,235.66018166666666,236.325592,0.006677499556963559,0.00046053990054636257,4.458900033324853e-05,-2.83030849993989e-06,-2.83030849993989e-06,2.1209699999525354e-07,E2\E2_dual_camera_height_scan\run_20260808_145501\raw\E2_dual_height_raw_20260808_145501.csv
E2,ihawk2,marker_1_TR,50.0,20260808_145501,corner3,1,3,229.500956,256.7096966666666,0.02556837028439416,0.021262003582285176,0.0006537415589998903,-0.0005207048174996883,-0.0005207048174996883,0.0004520727963331076,E2\E2_dual_camera_height_scan\run_20260808_145501\raw\E2_dual_height_raw_20260808_145501.csv
E2,ihawk2,marker_1_TR,50.0,20260808_151001,marker_center,1,3,212.08942666666667,249.713107,0.011072585711266285,0.0019503632994976154,0.0001226021543333383,-9.675385500037274e-06,-9.675385500037274e-06,3.803917000027225e-06,E2\E2_dual_camera_height_scan\run_20260808_151001\raw\E2_dual_height_raw_20260808_151001.csv
E2,ihawk2,marker_1_TR,50.0,20260808_151001,corner0,1,3,189.545115,260.369985,0.021848088886680703,0.0007049446786729212,0.00047733898800030077,-1.5401693999838548e-05,-1.5401693999838548e-05,4.969469999892682e-07,E2\E2_dual_camera_height_scan\run_20260808_151001\raw\E2_dual_height_raw_20260808_151001.csv
E2,ihawk2,marker_1_TR,50.0,20260808_151001,corner1,1,3,197.70067866666668,239.96856666666667,0.027241911998489996,0.012474106153676527,0.0007421217693334732,-0.00015887560366675734,-0.00015887560366675734,0.00015560332433319057,E2\E2_dual_camera_height_scan\run_20260808_151001\raw\E2_dual_height_raw_20260808_151001.csv
E2,ihawk2,marker_1_TR,50.0,20260808_151001,corner2,1,3,232.99258433333333,238.7565103333333,0.00282786161848916,0.003550126805243268,7.996801333324133e-06,1.0039267333316979e-05,1.0039267333316979e-05,1.2603400333306772e-05,E2\E2_dual_camera_height_scan\run_20260808_151001\raw\E2_dual_height_raw_20260808_151001.csv
E2,ihawk2,marker_1_TR,50.0,20260808_151001,corner3,1,3,228.11932866666666,259.757365,0.008911093890948626,0.00879183945484104,7.940759433330191e-05,-4.907401949991357e-05,-4.907401949991357e-05,7.729644099969961e-05,E2\E2_dual_camera_height_scan\run_20260808_151001\raw\E2_dual_height_raw_20260808_151001.csv
E2,ihawk2,marker_1_TR,50.0,20260808_162715,marker_center,1,3,215.7089563333333,245.69114033333335,0.01019099098878017,0.01866845431024213,0.00010385629733339861,-5.482646366656961e-05,-5.482646366656961e-05,0.000348511186333598,E2\E2_dual_camera_height_scan\run_20260808_162715\raw\E2_dual_height_raw_20260808_162715.csv
E2,ihawk2,marker_1_TR,50.0,20260808_162715,corner0,1,3,192.94621766666668,255.35821533333333,0.0014378645045196546,0.0004522326097626543,2.067454333357552e-06,6.497736666694078e-07,6.497736666694078e-07,2.045143333327412e-07,E2\E2_dual_camera_height_scan\run_20260808_162715\raw\E2_dual_height_raw_20260808_162715.csv
E2,ihawk2,marker_1_TR,50.0,20260808_162715,corner1,1,3,202.51511133333335,235.72454833333336,0.04423984473677023,0.06426868441421764,0.0019571638623335362,-0.002644361208667039,-0.002644361208667039,0.0041304637963343015,E2\E2_dual_camera_height_scan\run_20260808_162715\raw\E2_dual_height_raw_20260808_162715.csv
E2,ihawk2,marker_1_TR,50.0,20260808_162715,corner2,1,3,236.85057566666669,235.5712126666667,0.029156681984293744,0.013613497138261581,0.0008501121043332393,0.0001746478998332499,0.0001746478998332499,0.00018532730433345625,E2\E2_dual_camera_height_scan\run_20260808_162715\raw\E2_dual_height_raw_20260808_162715.csv
E2,ihawk2,marker_1_TR,50.0,20260808_162715,corner3,1,3,230.52392066666664,256.1105856666666,0.003640506191912883,0.013504143524605574,1.3253285333356042e-05,2.8898997333443438e-05,2.8898997333443438e-05,0.00018236189233314666,E2\E2_dual_camera_height_scan\run_20260808_162715\raw\E2_dual_height_raw_20260808_162715.csv
E2,ihawk2,marker_2_BL,50.0,20260808_131913,marker_center,2,3,400.825282,318.9983086666667,0.010872272071657554,0.005746977669436417,0.00011820630000014483,-6.055359499971022e-05,-6.055359499971022e-05,3.3027752333000837e-05,E2\E2_dual_camera_height_scan\run_20260808_131913\raw\E2_dual_height_raw_20260808_131913.csv
E2,ihawk2,marker_2_BL,50.0,20260808_131913,corner0,2,3,381.13327,335.987091,0.0,0.0,0.0,0.0,0.0,0.0,E2\E2_dual_camera_height_scan\run_20260808_131913\raw\E2_dual_height_raw_20260808_131913.csv
E2,ihawk2,marker_2_BL,50.0,20260808_131913,corner1,2,3,374.31081133333333,303.32923366666665,0.0016302408820045053,0.0075267335101880765,2.6576853333588273e-06,-5.08435733340331e-06,-5.08435733340331e-06,5.665171733338813e-05,E2\E2_dual_camera_height_scan\run_20260808_131913\raw\E2_dual_height_raw_20260808_131913.csv
E2,ihawk2,marker_2_BL,50.0,20260808_131913,corner2,2,3,418.1002603333333,302.20734666666664,0.00567472222520141,0.005447702298509557,3.220247233319484e-05,-1.1325665833252338e-05,-1.1325665833252338e-05,2.9677460333186307e-05,E2\E2_dual_camera_height_scan\run_20260808_131913\raw\E2_dual_height_raw_20260808_131913.csv
E2,ihawk2,marker_2_BL,50.0,20260808_131913,corner3,2,3,429.75678500000004,334.469564,0.04541385844651574,0.024279931033665922,0.002062418539000169,-0.0010468750454998537,-0.0010468750454998537,0.0005895150509995736,E2\E2_dual_camera_height_scan\run_20260808_131913\raw\E2_dual_height_raw_20260808_131913.csv
E2,ihawk2,marker_2_BL,50.0,20260808_141232,marker_center,2,3,393.694649,315.52646899999996,0.01604592100815158,0.004425962946051937,0.0002574715809998403,-6.803252099962993e-05,-6.803252099962993e-05,1.9589147999824742e-05,E2\E2_dual_camera_height_scan\run_20260808_141232\raw\E2_dual_height_raw_20260808_141232.csv
E2,ihawk2,marker_2_BL,50.0,20260808_141232,corner0,2,3,373.9163513333333,332.16221133333335,0.033613013615752696,0.018830563250542647,0.0011298346843327763,0.0003488671268335044,0.0003488671268335044,0.0003545901123326873,E2\E2_dual_camera_height_scan\run_20260808_141232\raw\E2_dual_height_raw_20260808_141232.csv
E2,ihawk2,marker_2_BL,50.0,20260808_141232,corner1,2,3,367.66200733333335,299.9147033333333,0.03867571977783278,0.049062938419252605,0.001495811300333446,-0.001720293491166259,-0.001720293491166259,0.0024071719263313736,E2\E2_dual_camera_height_scan\run_20260808_141232\raw\E2_dual_height_raw_20260808_141232.csv
E2,ihawk2,marker_2_BL,50.0,20260808_141232,corner2,2,3,411.2429196666667,299.101003,0.003016557032998765,0.017734607607717497,9.099616333334313e-06,3.160009000191776e-06,3.160009000191776e-06,0.0003145163069997113,E2\E2_dual_camera_height_scan\run_20260808_141232\raw\E2_dual_height_raw_20260808_141232.csv
E2,ihawk2,marker_2_BL,50.0,20260808_141232,corner3,2,3,421.957316,330.927958,0.07369578326470817,0.02031024773358813,0.005431068470998842,0.0009461304885001237,0.0009461304885001237,0.0004125061629997218,E2\E2_dual_camera_height_scan\run_20260808_141232\raw\E2_dual_height_raw_20260808_141232.csv
E2,ihawk2,marker_2_BL,50.0,20260808_145501,marker_center,2,3,398.0088196666666,316.588081,0.006457960384931308,0.010960836692514865,4.170525233334213e-05,5.5812510500133486e-05,5.5812510500133486e-05,0.0001201399409999802,E2\E2_dual_camera_height_scan\run_20260808_145501\raw\E2_dual_height_raw_20260808_145501.csv
E2,ihawk2,marker_2_BL,50.0,20260808_145501,corner0,2,3,378.46319566666665,333.160258,0.01496167722326152,0.02403346699915473,0.00022385178533306253,0.0003594476599996198,0.0003594476599996198,0.0005776075359994595,E2\E2_dual_camera_height_scan\run_20260808_145501\raw\E2_dual_height_raw_20260808_145501.csv
E2,ihawk2,marker_2_BL,50.0,20260808_145501,corner1,2,3,371.7357586666667,301.4164123333333,0.00023094227272669289,0.001083790262600503,5.3334333332170194e-08,-2.4761933332591414e-07,-2.4761933332591414e-07,1.1746013333076674e-06,E2\E2_dual_camera_height_scan\run_20260808_145501\raw\E2_dual_height_raw_20260808_145501.csv
E2,ihawk2,marker_2_BL,50.0,20260808_145501,corner2,2,3,415.209005,300.3058066666667,0.014035256606142991,0.013112734662653166,0.00019698842800028047,-3.9324846999730164e-05,-3.9324846999730164e-05,0.00017194381033314583,E2\E2_dual_camera_height_scan\run_20260808_145501\raw\E2_dual_height_raw_20260808_145501.csv
E2,ihawk2,marker_2_BL,50.0,20260808_145501,corner3,2,3,426.62731933333333,331.4698486666667,0.0002644264233104259,0.009043563088375681,6.992133334474454e-08,2.389996666863145e-06,2.389996666863145e-06,8.178603333343109e-05,E2\E2_dual_camera_height_scan\run_20260808_145501\raw\E2_dual_height_raw_20260808_145501.csv
E2,ihawk2,marker_2_BL,50.0,20260808_151001,marker_center,2,3,400.78145366666666,316.4658176666666,0.007733798700074284,0.004101963594854909,5.9811642333270687e-05,3.0342314333482588e-05,3.0342314333482588e-05,1.682610533351501e-05,E2\E2_dual_camera_height_scan\run_20260808_151001\raw\E2_dual_height_raw_20260808_151001.csv
E2,ihawk2,marker_2_BL,50.0,20260808_151001,corner0,2,3,382.3892923333333,333.615255,0.02499177475358293,0.006994953681066886,0.0006245888053338252,-0.00013064902600025595,-0.00013064902600025595,4.8929377000271176e-05,E2\E2_dual_camera_height_scan\run_20260808_151001\raw\E2_dual_height_raw_20260808_151001.csv
E2,ihawk2,marker_2_BL,50.0,20260808_151001,corner1,2,3,373.8129986666666,301.78051766666664,0.008351576637591224,0.027152121488624715,6.974883233355955e-05,0.00020397663133362608,0.00020397663133362608,0.000737237701333036,E2\E2_dual_camera_height_scan\run_20260808_151001\raw\E2_dual_height_raw_20260808_151001.csv
E2,ihawk2,marker_2_BL,50.0,20260808_151001,corner2,2,3,416.677694,299.8497823333333,0.006413251203583291,0.003316038952312791,4.112979100026253e-05,2.066384950000317e-05,2.066384950000317e-05,1.0996114333255714e-05,E2\E2_dual_camera_height_scan\run_20260808_151001\raw\E2_dual_height_raw_20260808_151001.csv
E2,ihawk2,marker_2_BL,50.0,20260808_151001,corner3,2,3,430.24582933333335,330.61771633333336,0.00278100599305299,0.0013055915645091454,7.733994333396647e-06,-2.846893666661176e-06,-2.846893666661176e-06,1.7045693333174379e-06,E2\E2_dual_camera_height_scan\run_20260808_151001\raw\E2_dual_height_raw_20260808_151001.csv
E2,ihawk2,marker_2_BL,50.0,20260808_162715,marker_center,2,3,398.77199033333335,316.95328766666665,0.033128164714229594,0.007610346268944746,0.0010974752973331268,0.00024540875066641295,0.00024540875066641295,5.791737033324122e-05,E2\E2_dual_camera_height_scan\run_20260808_162715\raw\E2_dual_height_raw_20260808_162715.csv
E2,ihawk2,marker_2_BL,50.0,20260808_162715,corner0,2,3,379.094401,333.53369133333337,0.1065063515852395,0.030398408138123962,0.011343602927998646,0.0031402482799974935,0.0031402482799974935,0.0009240632173319611,E2\E2_dual_camera_height_scan\run_20260808_162715\raw\E2_dual_height_raw_20260808_162715.csv
E2,ihawk2,marker_2_BL,50.0,20260808_162715,corner1,2,3,372.57390366666664,301.3053283333333,0.025211394256032013,0.006798684308987264,0.000635614400333084,-0.00014418898083319684,-0.00014418898083319684,4.6222108333269634e-05,E2\E2_dual_camera_height_scan\run_20260808_162715\raw\E2_dual_height_raw_20260808_162715.csv
E2,ihawk2,marker_2_BL,50.0,20260808_162715,corner2,2,3,416.08089199999995,300.38736966666664,0.017789802219231442,0.003529579625595802,0.00031647706299937195,5.62881050001057e-05,5.62881050001057e-05,1.2457932333421002e-05,E2\E2_dual_camera_height_scan\run_20260808_162715\raw\E2_dual_height_raw_20260808_162715.csv
E2,ihawk2,marker_2_BL,50.0,20260808_162715,corner3,2,3,427.3387656666667,332.58676166666663,0.002519556574749059,0.0037527767497422815,6.348165333361211e-06,9.45533333337857e-06,9.45533333337857e-06,1.4083333333406244e-05,E2\E2_dual_camera_height_scan\run_20260808_162715\raw\E2_dual_height_raw_20260808_162715.csv
E2,ihawk2,marker_3_BR,50.0,20260808_131913,marker_center,3,3,380.68400833333334,246.03036633333332,0.014464566095583884,0.002722853160440569,0.00020922367233351482,2.04308933339008e-06,2.04308933339008e-06,7.4139293333211964e-06,E2\E2_dual_camera_height_scan\run_20260808_131913\raw\E2_dual_height_raw_20260808_131913.csv
E2,ihawk2,marker_3_BR,50.0,20260808_131913,corner0,3,3,364.73556499999995,256.72340933333334,0.00890332904031963,0.004554987632627075,7.926926800019886e-05,3.876545300013594e-05,3.876545300013594e-05,2.07479123333856e-05,E2\E2_dual_camera_height_scan\run_20260808_131913\raw\E2_dual_height_raw_20260808_131913.csv
E2,ihawk2,marker_3_BR,50.0,20260808_131913,corner1,3,3,360.854879,236.42696633333333,0.033381587275031585,0.008184576490773218,0.0011143303690005508,-0.00026788881050008646,-0.00026788881050008646,6.698729233331763e-05,E2\E2_dual_camera_height_scan\run_20260808_131913\raw\E2_dual_height_raw_20260808_131913.csv
E2,ihawk2,marker_3_BR,50.0,20260808_131913,corner2,3,3,395.2193703333333,235.45360833333334,0.000658902370100554,0.004316754838219783,4.341523333241274e-07,-2.7255376666251828e-06,-2.7255376666251828e-06,1.8634372333293908e-05,E2\E2_dual_camera_height_scan\run_20260808_131913\raw\E2_dual_height_raw_20260808_131913.csv
E2,ihawk2,marker_3_BR,50.0,20260808_131913,corner3,3,3,401.92621833333334,255.5174813333333,0.015102184687429741,0.015165551567064384,0.00022807598233323732,0.00014428236883341682,0.00014428236883341682,0.000229993954333289,E2\E2_dual_camera_height_scan\run_20260808_131913\raw\E2_dual_height_raw_20260808_131913.csv
E2,ihawk2,marker_3_BR,50.0,20260808_141232,marker_center,3,3,375.396001,243.83409866666668,0.01627773500829445,0.0071868995633217045,0.0002649646570002547,2.7969176000205874e-05,2.7969176000205874e-05,5.165152533327371e-05,E2\E2_dual_camera_height_scan\run_20260808_141232\raw\E2_dual_height_raw_20260808_141232.csv
E2,ihawk2,marker_3_BR,50.0,20260808_141232,corner0,3,3,359.5849103333333,254.40937799999998,0.02551349514144116,0.004725691801210607,0.0006509384343323417,-0.00010026860999991267,-0.00010026860999991267,2.233216300002915e-05,E2\E2_dual_camera_height_scan\run_20260808_141232\raw\E2_dual_height_raw_20260808_141232.csv
E2,ihawk2,marker_3_BR,50.0,20260808_141232,corner1,3,3,355.7539773333333,233.84666966666668,0.015022371195446284,0.02341176273443779,0.00022567163633377424,-0.00035167897983376655,-0.00035167897983376655,0.0005481106343336101,E2\E2_dual_camera_height_scan\run_20260808_141232\raw\E2_dual_height_raw_20260808_141232.csv
E2,ihawk2,marker_3_BR,50.0,20260808_141232,corner2,3,3,389.9837543333333,233.6547443333333,0.00903153178222464,0.00782624433130582,8.156856633333377e-05,-6.743616016669642e-05,-6.743616016669642e-05,6.125010033329648e-05,E2\E2_dual_camera_height_scan\run_20260808_141232\raw\E2_dual_height_raw_20260808_141232.csv
E2,ihawk2,marker_3_BR,50.0,20260808_141232,corner3,3,3,396.26136233333335,253.425603,0.04633875010543252,0.004801465193030689,0.002147279761333723,0.00022248629799946797,0.00022248629799946797,2.3054067999885236e-05,E2\E2_dual_camera_height_scan\run_20260808_141232\raw\E2_dual_height_raw_20260808_141232.csv
E2,ihawk2,marker_3_BR,50.0,20260808_145501,marker_center,3,3,378.2273663333333,245.036831,0.01002761369087312,0.01270306246540761,0.00010055303633338603,3.260763999978846e-05,3.260763999978846e-05,0.00016136779600004763,E2\E2_dual_camera_height_scan\run_20260808_145501\raw\E2_dual_height_raw_20260808_145501.csv
E2,ihawk2,marker_3_BR,50.0,20260808_145501,corner0,3,3,362.5260113333334,255.46731599999998,0.002396003617126235,0.0013215547661695325,5.740833333282002e-06,3.1664499999726154e-06,3.1664499999726154e-06,1.7465069999854079e-06,E2\E2_dual_camera_height_scan\run_20260808_145501\raw\E2_dual_height_raw_20260808_145501.csv
E2,ihawk2,marker_3_BR,50.0,20260808_145501,corner1,3,3,358.61966966666665,235.33165999999997,0.016422832591668022,0.023530781351243195,0.0002697094303339534,-0.00038600351750043475,-0.00038600351750043475,0.0005536976710000145,E2\E2_dual_camera_height_scan\run_20260808_145501\raw\E2_dual_height_raw_20260808_145501.csv
E2,ihawk2,marker_3_BR,50.0,20260808_145501,corner2,3,3,392.43735799999996,234.91855366666667,0.028287515426431983,0.020341028325372563,0.0008001835290006275,0.000507739455000333,0.000507739455000333,0.00041375743333360896,E2\E2_dual_camera_height_scan\run_20260808_145501\raw\E2_dual_height_raw_20260808_145501.csv
E2,ihawk2,marker_3_BR,50.0,20260808_145501,corner3,3,3,399.3264263333333,254.42979433333335,0.010595692819884874,0.013253236749311493,0.00011226870633335987,0.00011976374983340043,0.00011976374983340043,0.00017564828433330065,E2\E2_dual_camera_height_scan\run_20260808_145501\raw\E2_dual_height_raw_20260808_145501.csv
E2,ihawk2,marker_3_BR,50.0,20260808_151001,marker_center,3,3,376.83981833333337,245.031615,0.0021993999939500207,0.002622789545504115,4.83736033338735e-06,5.394147500023709e-06,5.394147500023709e-06,6.879025000005681e-06,E2\E2_dual_camera_height_scan\run_20260808_151001\raw\E2_dual_height_raw_20260808_151001.csv
E2,ihawk2,marker_3_BR,50.0,20260808_151001,corner0,3,3,361.79125999999997,255.84107966666667,0.022321152210393443,0.011852224488822612,0.0004982338359995521,0.00023786328999995626,0.00023786328999995626,0.00014047522533344644,E2\E2_dual_camera_height_scan\run_20260808_151001\raw\E2_dual_height_raw_20260808_151001.csv
E2,ihawk2,marker_3_BR,50.0,20260808_151001,corner1,3,3,356.743154,235.53653966666664,0.0032475592373201814,0.009018372709827503,1.0546640999903639e-05,2.133454649995666e-05,2.133454649995666e-05,8.133104633336146e-05,E2\E2_dual_camera_height_scan\run_20260808_151001\raw\E2_dual_height_raw_20260808_151001.csv
E2,ihawk2,marker_3_BR,50.0,20260808_151001,corner2,3,3,390.4249976666667,234.49089566666666,0.028677696862436992,0.01588037702113506,0.0008224102973338284,0.0003714416823335821,0.0003714416823335821,0.0002521863743333944,E2\E2_dual_camera_height_scan\run_20260808_151001\raw\E2_dual_height_raw_20260808_151001.csv
E2,ihawk2,marker_3_BR,50.0,20260808_151001,corner3,3,3,398.3998613333333,254.25794499999998,0.0014976465983036484,0.001524204710652137,2.2429453334104897e-06,-2.2827200000265696e-06,-2.2827200000265696e-06,2.3231999999741647e-06,E2\E2_dual_camera_height_scan\run_20260808_151001\raw\E2_dual_height_raw_20260808_151001.csv
E2,ihawk2,marker_3_BR,50.0,20260808_162715,marker_center,3,3,379.3613229999999,244.90929300000002,0.0023624030138617294,0.0032668682250766227,5.5809479999029815e-06,1.2621359999413907e-06,1.2621359999413907e-06,1.0672428000015283e-05,E2\E2_dual_camera_height_scan\run_20260808_162715\raw\E2_dual_height_raw_20260808_162715.csv
E2,ihawk2,marker_3_BR,50.0,20260808_162715,corner0,3,3,363.61654666666664,255.46905500000003,0.01554909779805066,0.00184917603272947,0.00024177444233334386,-2.7972945000106666e-05,-2.7972945000106666e-05,3.4194520000211025e-06,E2\E2_dual_camera_height_scan\run_20260808_162715\raw\E2_dual_height_raw_20260808_162715.csv
E2,ihawk2,marker_3_BR,50.0,20260808_162715,corner1,3,3,359.695567,235.05527766666668,0.00010734989518781014,6.91544165825266e-05,1.1523999996833823e-08,-7.422999998631972e-09,-7.422999998631972e-09,4.7823333328696295e-09,E2\E2_dual_camera_height_scan\run_20260808_162715\raw\E2_dual_height_raw_20260808_162715.csv
E2,ihawk2,marker_3_BR,50.0,20260808_162715,corner2,3,3,393.72051000000005,234.6647846666667,0.00023151457838322325,0.002584565018202024,5.359900000396162e-08,3.1963050005947714e-07,3.1963050005947714e-07,6.679976333313628e-06,E2\E2_dual_camera_height_scan\run_20260808_162715\raw\E2_dual_height_raw_20260808_162715.csv
E2,ihawk2,marker_3_BR,50.0,20260808_162715,corner3,3,3,400.41266900000005,254.44805399999998,0.01799750260452575,0.012341279552777085,0.0003239100999999112,-0.0001670125899999137,-0.0001670125899999137,0.00015230718099979376,E2\E2_dual_camera_height_scan\run_20260808_162715\raw\E2_dual_height_raw_20260808_162715.csv
E2,ihawk2,marker_4_C,50.0,20260808_131913,marker_center,4,3,296.9217556666667,279.2360613333333,0.026510631194527543,0.015249074081173156,0.0007028135663322569,0.0004042624671661604,0.0004042624671661604,0.00023253426033310697,E2\E2_dual_camera_height_scan\run_20260808_131913\raw\E2_dual_height_raw_20260808_131913.csv
E2,ihawk2,marker_4_C,50.0,20260808_131913,corner0,4,3,275.04335499999996,292.10117633333334,0.04610641031354693,0.04475582862971424,0.002125801072001147,0.002060021228000022,0.002060021228000022,0.0020030841963323484,E2\E2_dual_camera_height_scan\run_20260808_131913\raw\E2_dual_height_raw_20260808_131913.csv
E2,ihawk2,marker_4_C,50.0,20260808_131913,corner1,4,3,278.30045566666666,266.7372236666667,0.01180508095411457,0.007523451357784254,0.00013935993633319854,8.88149523329863e-05,8.88149523329863e-05,5.660232033294574e-05,E2\E2_dual_camera_height_scan\run_20260808_131913\raw\E2_dual_height_raw_20260808_131913.csv
E2,ihawk2,marker_4_C,50.0,20260808_131913,corner2,4,3,316.8327126666667,266.43988033333335,0.07582325411993635,0.03501966632242002,0.005749165865336444,0.0023908711266673794,0.0023908711266673794,0.0012263770293336387,E2\E2_dual_camera_height_scan\run_20260808_131913\raw\E2_dual_height_raw_20260808_131913.csv
E2,ihawk2,marker_4_C,50.0,20260808_131913,corner3,4,3,317.510498,291.66596466666664,0.012459955818539764,0.004455783021333173,0.0001552504989999629,5.545097149982182e-05,5.545097149982182e-05,1.9854002333200978e-05,E2\E2_dual_camera_height_scan\run_20260808_131913\raw\E2_dual_height_raw_20260808_131913.csv
E2,ihawk2,marker_4_C,50.0,20260808_141232,marker_center,4,3,291.57798,276.327932,0.0027465307207463706,0.0054104243826212295,7.543431000003578e-06,1.3989960000025857e-05,1.3989960000025857e-05,2.927269200006231e-05,E2\E2_dual_camera_height_scan\run_20260808_141232\raw\E2_dual_height_raw_20260808_141232.csv
E2,ihawk2,marker_4_C,50.0,20260808_141232,corner0,4,3,269.72984833333334,288.9053646666667,0.009461512370283694,0.01736898449345419,8.952021633303139e-05,0.00016371828216654854,0.00016371828216654854,0.0003016816223338522,E2\E2_dual_camera_height_scan\run_20260808_141232\raw\E2_dual_height_raw_20260808_141232.csv
E2,ihawk2,marker_4_C,50.0,20260808_141232,corner1,4,3,273.446899,264.114075,0.0,0.0,0.0,0.0,0.0,0.0,E2\E2_dual_camera_height_scan\run_20260808_141232\raw\E2_dual_height_raw_20260808_141232.csv
E2,ihawk2,marker_4_C,50.0,20260808_141232,corner2,4,3,311.6014916666667,263.68416299999996,0.00033486315610499885,0.004193295005104777,1.1213333331660082e-07,1.404179999888713e-06,1.404179999888713e-06,1.7583722999836674e-05,E2\E2_dual_camera_height_scan\run_20260808_141232\raw\E2_dual_height_raw_20260808_141232.csv
E2,ihawk2,marker_4_C,50.0,20260808_141232,corner3,4,3,311.53368133333333,288.60812400000003,0.0045785418348442365,0.0031665992800046527,2.096304533341883e-05,-1.1249578000093204e-05,-1.1249578000093204e-05,1.0027351000125985e-05,E2\E2_dual_camera_height_scan\run_20260808_141232\raw\E2_dual_height_raw_20260808_141232.csv
E2,ihawk2,marker_4_C,50.0,20260808_145501,marker_center,4,3,295.141314,277.8025616666667,0.0016686914034935271,0.00609194134354507,2.7845310000931973e-06,-8.797228000137834e-06,-8.797228000137834e-06,3.711174933319371e-05,E2\E2_dual_camera_height_scan\run_20260808_145501\raw\E2_dual_height_raw_20260808_145501.csv
E2,ihawk2,marker_4_C,50.0,20260808_145501,corner0,4,3,273.41845700000005,290.4899293333333,0.004429068412208033,0.01247923083900283,1.9616647000018987e-05,4.9642678499880314e-05,4.9642678499880314e-05,0.00015573120233311927,E2\E2_dual_camera_height_scan\run_20260808_145501\raw\E2_dual_height_raw_20260808_145501.csv
E2,ihawk2,marker_4_C,50.0,20260808_145501,corner1,4,3,276.6493123333334,265.5487366666667,0.009946119461037671,0.003818094594625571,9.89252923332323e-05,2.140924716675528e-05,2.140924716675528e-05,1.4577846333509005e-05,E2\E2_dual_camera_height_scan\run_20260808_145501\raw\E2_dual_height_raw_20260808_145501.csv
E2,ihawk2,marker_4_C,50.0,20260808_145501,corner2,4,3,315.04482,265.299011,0.000439940905127582,0.00010565509925749654,1.9354800000447607e-07,-4.648199999868754e-08,-4.648199999868754e-08,1.1162999999111445e-08,E2\E2_dual_camera_height_scan\run_20260808_145501\raw\E2_dual_height_raw_20260808_145501.csv
E2,ihawk2,marker_4_C,50.0,20260808_145501,corner3,4,3,315.45266699999996,289.87256866666667,0.007191677342604263,0.017754473924411356,5.172022300012751e-05,-0.00012727213250000128,-0.00012727213250000128,0.00031522134433260276,E2\E2_dual_camera_height_scan\run_20260808_145501\raw\E2_dual_height_raw_20260808_145501.csv
E2,ihawk2,marker_4_C,50.0,20260808_151001,marker_center,4,3,295.5224533333333,279.8834,0.01698273762776054,0.005780466071167106,0.00028841337733335364,-9.678230799985306e-05,-9.678230799985306e-05,3.341378799991407e-05,E2\E2_dual_camera_height_scan\run_20260808_151001\raw\E2_dual_height_raw_20260808_151001.csv
E2,ihawk2,marker_4_C,50.0,20260808_151001,corner0,4,3,274.443787,293.302856,0.0,0.0,0.0,0.0,0.0,0.0,E2\E2_dual_camera_height_scan\run_20260808_151001\raw\E2_dual_height_raw_20260808_151001.csv
E2,ihawk2,marker_4_C,50.0,20260808_151001,corner1,4,3,276.2141113333333,267.857005,0.07667674717496169,0.03922565847757702,0.005879323557332995,-0.002987940801999469,-0.002987940801999469,0.00153865228299951,E2\E2_dual_camera_height_scan\run_20260808_151001\raw\E2_dual_height_raw_20260808_151001.csv
E2,ihawk2,marker_4_C,50.0,20260808_151001,corner2,4,3,314.714844,266.63297566666665,0.00163852006399125,0.0027839829980594853,2.68474800010189e-06,-4.561612000130979e-06,-4.561612000130979e-06,7.75056133348428e-06,E2\E2_dual_camera_height_scan\run_20260808_151001\raw\E2_dual_height_raw_20260808_151001.csv
E2,ihawk2,marker_4_C,50.0,20260808_151001,corner3,4,3,316.7170713333333,291.7407636666667,0.011153252500204262,0.020650087078084765,0.00012439504133331263,-0.00023031563533308465,-0.00023031563533308465,0.0004264260963324834,E2\E2_dual_camera_height_scan\run_20260808_151001\raw\E2_dual_height_raw_20260808_151001.csv
E2,ihawk2,marker_4_C,50.0,20260808_162715,marker_center,4,3,295.9503883333333,277.3495076666666,0.006473458452282469,0.0011460917648043985,4.190566433342733e-05,7.195310166710524e-06,7.195310166710524e-06,1.313526333352461e-06,E2\E2_dual_camera_height_scan\run_20260808_162715\raw\E2_dual_height_raw_20260808_162715.csv
E2,ihawk2,marker_4_C,50.0,20260808_162715,corner0,4,3,274.12057466666664,290.0730183333333,0.004439823570049875,0.0026078911659417783,1.971203333317042e-05,1.1578576666673159e-05,1.1578576666673159e-05,6.801096333397169e-06,E2\E2_dual_camera_height_scan\run_20260808_162715\raw\E2_dual_height_raw_20260808_162715.csv
E2,ihawk2,marker_4_C,50.0,20260808_162715,corner1,4,3,277.56712833333336,265.19191466666666,0.009373281620290497,0.003946766440192498,8.785840833327565e-05,-3.699415333343569e-05,-3.699415333343569e-05,1.557696533342976e-05,E2\E2_dual_camera_height_scan\run_20260808_162715\raw\E2_dual_height_raw_20260808_162715.csv
E2,ihawk2,marker_4_C,50.0,20260808_162715,corner2,4,3,315.7693586666667,264.592692,0.013408937666098658,0.011405382457436686,0.00017979960933331933,0.00015289346900022928,0.00015289346900022928,0.0001300827490004045,E2\E2_dual_camera_height_scan\run_20260808_162715\raw\E2_dual_height_raw_20260808_162715.csv
E2,ihawk2,marker_4_C,50.0,20260808_162715,corner3,4,3,316.34449266666667,289.54040533333335,0.005030475259191225,0.0034392163836389138,2.5305681333335022e-05,-7.929519333280788e-06,-7.929519333280788e-06,1.1828209333490327e-05,E2\E2_dual_camera_height_scan\run_20260808_162715\raw\E2_dual_height_raw_20260808_162715.csv
