run_id,capture_time_host,height_step_index,height_gt_mm,placement_index,board_center_gt_x_mm,board_center_gt_y_mm,board_rotation_gt_deg,marker_local_x_mm,marker_local_y_mm,marker_gt_x_mm,marker_gt_y_mm,frame_index,camera_id,camera_role,color_stamp_sec,other_camera_color_stamp_sec,pair_delta_ms,pair_sync_valid,marker_id,board_position,board_gt_z_mm,detection_valid,center_u_raw_px,center_v_raw_px,center_u_undist_px,center_v_undist_px,corner0_u_raw_px,corner0_v_raw_px,corner1_u_raw_px,corner1_v_raw_px,corner2_u_raw_px,corner2_v_raw_px,corner3_u_raw_px,corner3_v_raw_px,corner0_u_undist_px,corner0_v_undist_px,corner1_u_undist_px,corner1_v_undist_px,corner2_u_undist_px,corner2_v_undist_px,corner3_u_undist_px,corner3_v_undist_px,pnp_valid,pnp_method,pnp_tx_camera_mm,pnp_ty_camera_mm,pnp_tz_camera_mm,pnp_rvec_x,pnp_rvec_y,pnp_rvec_z,pnp_reprojection_rmse_px,depth_available,depth_stamp_sec,color_depth_delta_ms,depth_encoding,depth_center_roi_raw_median,depth_center_roi_valid_pixels,depth_center_roi_status,color_image_relpath,depth_image_relpath
20260808_151001,2026-08-08T15:10:53.303,1,50.000000,1,0.000000,0.000000,0.000000,-80.000000,123.500000,-80.000000,123.500000,1,ihawk1,primary,1786173053.185967922,1786173053.202085018,16.117096,1,0,TL,50.000000,1,221.167126,201.942928,221.167126,201.942928,200.882629,199.246170,227.623611,192.454666,242.739227,203.704010,213.423035,212.366867,200.882629,199.246170,227.623611,192.454666,242.739227,203.704010,213.423035,212.366867,1,IPPE_SQUARE,-165.827791,-1.377276,660.736603,1.988218280,-0.660357330,0.478374442,0.503174,1,1786173053.185967922,0.000000,mono16,,0,alignment_not_asserted,raw/frames/ihawk1/h_p050p000mm/frame_0001_color.png,raw/frames/ihawk1/h_p050p000mm/frame_0001_depth.png
20260808_151001,2026-08-08T15:10:53.303,1,50.000000,1,0.000000,0.000000,0.000000,80.000000,123.500000,80.000000,123.500000,1,ihawk1,primary,1786173053.185967922,1786173053.202085018,16.117096,1,1,TR,50.000000,1,294.726257,180.290176,294.726257,180.290176,275.824860,178.466537,298.363647,172.312134,313.716522,181.382034,291.000000,189.000000,275.824860,178.466537,298.363647,172.312134,313.716522,181.382034,291.000000,189.000000,1,IPPE_SQUARE,-50.220804,-41.131107,737.037531,1.997491754,-0.663749398,0.418280657,0.213574,1,1786173053.185967922,0.000000,mono16,,0,alignment_not_asserted,raw/frames/ihawk1/h_p050p000mm/frame_0001_color.png,raw/frames/ihawk1/h_p050p000mm/frame_0001_depth.png
20260808_151001,2026-08-08T15:10:53.303,1,50.000000,1,0.000000,0.000000,0.000000,-80.000000,-123.500000,-80.000000,-123.500000,1,ihawk1,primary,1786173053.185967922,1786173053.202085018,16.117096,1,2,BL,50.000000,1,301.272461,275.225067,301.272461,275.225067,273.000519,271.797302,306.270111,258.026123,330.023926,277.599091,295.795288,293.477753,273.000519,271.797302,306.270111,258.026123,330.023926,277.599091,295.795288,293.477753,1,IPPE_SQUARE,-25.415251,88.051786,490.786437,1.969450694,-0.649777095,0.424609848,0.047005,1,1786173053.185967922,0.000000,mono16,,0,alignment_not_asserted,raw/frames/ihawk1/h_p050p000mm/frame_0001_color.png,raw/frames/ihawk1/h_p050p000mm/frame_0001_depth.png
20260808_151001,2026-08-08T15:10:53.303,1,50.000000,1,0.000000,0.000000,0.000000,80.000000,-123.500000,80.000000,-123.500000,1,ihawk1,primary,1786173053.185967922,1786173053.202085018,16.117096,1,3,BR,50.000000,1,384.964264,237.999718,384.964264,237.999718,359.646179,235.692215,384.621155,224.291061,409.966034,239.661789,385.623688,252.353806,359.646179,235.692215,384.621155,224.291061,409.966034,239.661789,385.623688,252.353806,1,IPPE_SQUARE,88.852805,49.647864,568.927533,1.997014153,-0.683395408,0.422429584,0.223381,1,1786173053.185967922,0.000000,mono16,,0,alignment_not_asserted,raw/frames/ihawk1/h_p050p000mm/frame_0001_color.png,raw/frames/ihawk1/h_p050p000mm/frame_0001_depth.png
20260808_151001,2026-08-08T15:10:53.303,1,50.000000,1,0.000000,0.000000,0.000000,0.000000,0.000000,0.000000,0.000000,1,ihawk1,primary,1786173053.185967922,1786173053.202085018,16.117096,1,4,C,50.000000,1,297.603531,219.336163,297.603531,219.336163,275.030975,217.002716,302.358063,208.270874,320.248749,220.679474,292.776337,231.391586,275.030975,217.002716,302.358063,208.270874,320.248749,220.679474,292.776337,231.391586,1,IPPE_SQUARE,-37.502550,25.247271,615.119346,1.978793574,-0.644247432,0.391311673,0.274466,1,1786173053.185967922,0.000000,mono16,,0,alignment_not_asserted,raw/frames/ihawk1/h_p050p000mm/frame_0001_color.png,raw/frames/ihawk1/h_p050p000mm/frame_0001_depth.png
20260808_151001,2026-08-08T15:10:53.303,1,50.000000,1,0.000000,0.000000,0.000000,-80.000000,123.500000,-80.000000,123.500000,1,ihawk2,secondary,1786173053.202085018,1786173053.185967922,16.117096,1,0,TL,50.000000,1,186.477913,319.388741,186.477913,319.388741,155.502899,335.340820,170.658600,303.361694,215.155792,303.331329,204.594360,335.521118,155.502899,335.340820,170.658600,303.361694,215.155792,303.331329,204.594360,335.521118,1,IPPE_SQUARE,-145.425620,125.440035,424.760957,1.527473854,-1.546427372,1.011238042,0.143055,1,1786173053.169086933,32.998085,mono16,,0,alignment_not_asserted,raw/frames/ihawk2/h_p050p000mm/frame_0001_color.png,raw/frames/ihawk2/h_p050p000mm/frame_0001_depth.png
20260808_151001,2026-08-08T15:10:53.303,1,50.000000,1,0.000000,0.000000,0.000000,80.000000,123.500000,80.000000,123.500000,1,ihawk2,secondary,1786173053.202085018,1786173053.185967922,16.117096,1,1,TR,50.000000,1,214.589207,246.507420,214.589207,246.507420,191.912079,256.408295,201.307449,236.582214,235.672821,236.322922,229.464478,256.716248,191.912079,256.408295,201.307449,236.582214,235.672821,236.322922,229.464478,256.716248,1,IPPE_SQUARE,-148.714759,60.462805,548.567698,1.552289342,-1.571621245,0.964271372,0.168664,1,1786173053.169086933,32.998085,mono16,,0,alignment_not_asserted,raw/frames/ihawk2/h_p050p000mm/frame_0001_color.png,raw/frames/ihawk2/h_p050p000mm/frame_0001_depth.png
20260808_151001,2026-08-08T15:10:53.303,1,50.000000,1,0.000000,0.000000,0.000000,-80.000000,-123.500000,-80.000000,-123.500000,1,ihawk2,secondary,1786173053.202085018,1786173053.185967922,16.117096,1,2,BL,50.000000,1,397.992584,316.579697,397.992584,316.579697,378.462067,333.181213,371.710266,301.416809,415.197235,300.288269,426.600769,331.432495,378.462067,333.181213,371.710266,301.416809,415.197235,300.288269,426.600769,331.432495,1,IPPE_SQUARE,83.985454,123.149236,427.318864,1.496303488,-1.547953838,0.960983427,0.120215,1,1786173053.169086933,32.998085,mono16,,0,alignment_not_asserted,raw/frames/ihawk2/h_p050p000mm/frame_0001_color.png,raw/frames/ihawk2/h_p050p000mm/frame_0001_depth.png
20260808_151001,2026-08-08T15:10:53.303,1,50.000000,1,0.000000,0.000000,0.000000,80.000000,-123.500000,80.000000,-123.500000,1,ihawk2,secondary,1786173053.202085018,1786173053.185967922,16.117096,1,3,BR,50.000000,1,378.217804,245.013256,378.217804,245.013256,362.544952,255.481644,358.603302,235.322601,392.391632,234.805481,399.331329,254.443298,362.544952,255.481644,358.603302,235.322601,392.391632,234.805481,399.331329,254.443298,1,IPPE_SQUARE,81.035693,58.927289,553.710203,1.536212685,-1.583523986,0.943393534,0.118137,1,1786173053.169086933,32.998085,mono16,,0,alignment_not_asserted,raw/frames/ihawk2/h_p050p000mm/frame_0001_color.png,raw/frames/ihawk2/h_p050p000mm/frame_0001_depth.png
20260808_151001,2026-08-08T15:10:53.303,1,50.000000,1,0.000000,0.000000,0.000000,0.000000,0.000000,0.000000,0.000000,1,ihawk2,secondary,1786173053.202085018,1786173053.185967922,16.117096,1,4,C,50.000000,1,295.135498,277.883278,295.135498,277.883278,273.397369,290.561127,276.662109,265.620087,315.042450,265.326843,315.440063,290.025055,273.397369,290.561127,276.662109,265.620087,315.042450,265.326843,315.440063,290.025055,1,IPPE_SQUARE,-32.013995,92.749257,488.198778,1.531584814,-1.562421434,0.969922710,0.037368,1,1786173053.169086933,32.998085,mono16,,0,alignment_not_asserted,raw/frames/ihawk2/h_p050p000mm/frame_0001_color.png,raw/frames/ihawk2/h_p050p000mm/frame_0001_depth.png
20260808_151001,2026-08-08T15:10:53.484,1,50.000000,1,0.000000,0.000000,0.000000,-80.000000,123.500000,-80.000000,123.500000,2,ihawk1,primary,1786173053.219994068,1786173053.243824959,23.830891,1,0,TL,50.000000,1,221.250126,201.924728,221.250126,201.924728,200.885880,199.215317,227.932449,192.413803,242.773819,203.702866,213.408356,212.366928,200.885880,199.215317,227.932449,192.413803,242.773819,203.702866,213.408356,212.366928,1,IPPE_SQUARE,-165.188840,-1.405439,658.731646,1.988798104,-0.655041537,0.470972555,0.439205,1,1786173053.185967922,34.026146,mono16,,0,alignment_not_asserted,raw/frames/ihawk1/h_p050p000mm/frame_0002_color.png,raw/frames/ihawk1/h_p050p000mm/frame_0002_depth.png
20260808_151001,2026-08-08T15:10:53.484,1,50.000000,1,0.000000,0.000000,0.000000,80.000000,123.500000,80.000000,123.500000,2,ihawk1,primary,1786173053.219994068,1786173053.243824959,23.830891,1,1,TR,50.000000,1,294.726891,180.277119,294.726891,180.277119,275.809692,178.433517,298.408844,172.297928,313.689026,181.377029,291.000000,189.000000,275.809692,178.433517,298.408844,172.297928,313.689026,181.377029,291.000000,189.000000,1,IPPE_SQUARE,-50.222136,-41.157336,737.074206,1.998406425,-0.662562868,0.417523505,0.228429,1,1786173053.185967922,34.026146,mono16,,0,alignment_not_asserted,raw/frames/ihawk1/h_p050p000mm/frame_0002_color.png,raw/frames/ihawk1/h_p050p000mm/frame_0002_depth.png
20260808_151001,2026-08-08T15:10:53.484,1,50.000000,1,0.000000,0.000000,0.000000,-80.000000,-123.500000,-80.000000,-123.500000,2,ihawk1,primary,1786173053.219994068,1786173053.243824959,23.830891,1,2,BL,50.000000,1,301.229691,275.176659,301.229691,275.176659,273.103638,271.709473,306.117401,257.969421,330.028992,277.584686,295.668732,293.443054,273.103638,271.709473,306.117401,257.969421,330.028992,277.584686,295.668732,293.443054,1,IPPE_SQUARE,-25.511150,88.148901,491.649699,1.972001569,-0.649831790,0.426190628,0.063638,1,1786173053.185967922,34.026146,mono16,,0,alignment_not_asserted,raw/frames/ihawk1/h_p050p000mm/frame_0002_color.png,raw/frames/ihawk1/h_p050p000mm/frame_0002_depth.png
20260808_151001,2026-08-08T15:10:53.484,1,50.000000,1,0.000000,0.000000,0.000000,80.000000,-123.500000,80.000000,-123.500000,2,ihawk1,primary,1786173053.219994068,1786173053.243824959,23.830891,1,3,BR,50.000000,1,384.984749,237.998474,384.984749,237.998474,359.646179,235.692215,384.682465,224.280502,409.976227,239.661194,385.634125,252.359985,359.646179,235.692215,384.682465,224.280502,409.976227,239.661194,385.634125,252.359985,1,IPPE_SQUARE,88.870995,49.640028,568.861230,1.997399255,-0.682868675,0.420901172,0.240330,1,1786173053.185967922,34.026146,mono16,,0,alignment_not_asserted,raw/frames/ihawk1/h_p050p000mm/frame_0002_color.png,raw/frames/ihawk1/h_p050p000mm/frame_0002_depth.png
20260808_151001,2026-08-08T15:10:53.484,1,50.000000,1,0.000000,0.000000,0.000000,0.000000,0.000000,0.000000,0.000000,2,ihawk1,primary,1786173053.219994068,1786173053.243824959,23.830891,1,4,C,50.000000,1,297.592438,219.338528,297.592438,219.338528,275.024323,217.008621,302.367035,208.270737,320.238251,220.663712,292.740143,231.411041,275.024323,217.008621,302.367035,208.270737,320.238251,220.663712,292.740143,231.411041,1,IPPE_SQUARE,-37.512939,25.245784,615.003392,1.978884119,-0.644016049,0.389554434,0.279483,1,1786173053.185967922,34.026146,mono16,,0,alignment_not_asserted,raw/frames/ihawk1/h_p050p000mm/frame_0002_color.png,raw/frames/ihawk1/h_p050p000mm/frame_0002_depth.png
20260808_151001,2026-08-08T15:10:53.484,1,50.000000,1,0.000000,0.000000,0.000000,-80.000000,123.500000,-80.000000,123.500000,2,ihawk2,secondary,1786173053.243824959,1786173053.219994068,23.830891,1,0,TL,50.000000,1,186.472683,319.399788,186.472683,319.399788,155.507904,335.339081,170.641479,303.383331,215.174744,303.335480,204.566605,335.541260,155.507904,335.339081,170.641479,303.383331,215.174744,303.335480,204.566605,335.541260,1,IPPE_SQUARE,-145.412704,125.435923,424.706896,1.527288848,-1.546103849,1.011139997,0.162783,1,1786173053.169086933,74.738026,mono16,,0,alignment_not_asserted,raw/frames/ihawk2/h_p050p000mm/frame_0002_color.png,raw/frames/ihawk2/h_p050p000mm/frame_0002_depth.png
20260808_151001,2026-08-08T15:10:53.484,1,50.000000,1,0.000000,0.000000,0.000000,80.000000,123.500000,80.000000,123.500000,2,ihawk2,secondary,1786173053.243824959,1786173053.219994068,23.830891,1,1,TR,50.000000,1,214.595764,246.497524,214.595764,246.497524,191.927292,256.377289,201.338928,236.576645,235.662018,236.316254,229.454819,256.719910,191.927292,256.377289,201.338928,236.576645,235.662018,236.316254,229.454819,256.719910,1,IPPE_SQUARE,-148.830813,60.500445,549.027924,1.552964265,-1.571350534,0.963923032,0.178855,1,1786173053.169086933,74.738026,mono16,,0,alignment_not_asserted,raw/frames/ihawk2/h_p050p000mm/frame_0002_color.png,raw/frames/ihawk2/h_p050p000mm/frame_0002_depth.png
20260808_151001,2026-08-08T15:10:53.484,1,50.000000,1,0.000000,0.000000,0.000000,-80.000000,-123.500000,-80.000000,-123.500000,2,ihawk2,secondary,1786173053.243824959,1786173053.219994068,23.830891,1,2,BL,50.000000,1,397.979073,316.586205,397.979073,316.586205,378.427063,333.152344,371.720886,301.425018,415.186676,300.323608,426.581665,331.443848,378.427063,333.152344,371.720886,301.425018,415.186676,300.323608,426.581665,331.443848,1,IPPE_SQUARE,83.984124,123.176437,427.386053,1.496444837,-1.546804652,0.961484627,0.114945,1,1786173053.169086933,74.738026,mono16,,0,alignment_not_asserted,raw/frames/ihawk2/h_p050p000mm/frame_0002_color.png,raw/frames/ihawk2/h_p050p000mm/frame_0002_depth.png
20260808_151001,2026-08-08T15:10:53.484,1,50.000000,1,0.000000,0.000000,0.000000,80.000000,-123.500000,80.000000,-123.500000,2,ihawk2,secondary,1786173053.243824959,1786173053.219994068,23.830891,1,3,BR,50.000000,1,378.231720,245.037914,378.231720,245.037914,362.532532,255.483170,358.589569,235.371109,392.449188,234.834457,399.355591,254.462921,362.532532,255.483170,358.589569,235.371109,392.449188,234.834457,399.355591,254.462921,1,IPPE_SQUARE,80.944881,58.882043,552.962619,1.534978951,-1.581518834,0.943558141,0.105325,1,1786173053.169086933,74.738026,mono16,,0,alignment_not_asserted,raw/frames/ihawk2/h_p050p000mm/frame_0002_color.png,raw/frames/ihawk2/h_p050p000mm/frame_0002_depth.png
20260808_151001,2026-08-08T15:10:53.484,1,50.000000,1,0.000000,0.000000,0.000000,0.000000,0.000000,0.000000,0.000000,2,ihawk2,secondary,1786173053.243824959,1786173053.219994068,23.830891,1,4,C,50.000000,1,295.150864,277.868134,295.150864,277.868134,273.397369,290.561127,276.710876,265.584869,315.053619,265.305450,315.441589,290.021088,273.397369,290.561127,276.710876,265.584869,315.053619,265.305450,315.441589,290.021088,1,IPPE_SQUARE,-32.008340,92.768387,488.399170,1.532627902,-1.562639828,0.968354840,0.042575,1,1786173053.169086933,74.738026,mono16,,0,alignment_not_asserted,raw/frames/ihawk2/h_p050p000mm/frame_0002_color.png,raw/frames/ihawk2/h_p050p000mm/frame_0002_depth.png
20260808_151001,2026-08-08T15:10:53.647,1,50.000000,1,0.000000,0.000000,0.000000,-80.000000,123.500000,-80.000000,123.500000,3,ihawk1,primary,1786173053.257852077,1786173053.268202066,10.349989,1,0,TL,50.000000,1,221.383266,201.891190,221.383266,201.891190,200.845200,199.161606,228.560257,192.329712,242.722351,203.705643,213.405258,212.367798,200.845200,199.161606,228.560257,192.329712,242.722351,203.705643,213.405258,212.367798,1,IPPE_SQUARE,-164.225530,-1.458030,655.749939,1.990923693,-0.644512578,0.455491160,0.287168,1,1786173053.219994068,37.858009,mono16,,0,alignment_not_asserted,raw/frames/ihawk1/h_p050p000mm/frame_0003_color.png,raw/frames/ihawk1/h_p050p000mm/frame_0003_depth.png
20260808_151001,2026-08-08T15:10:53.647,1,50.000000,1,0.000000,0.000000,0.000000,80.000000,123.500000,80.000000,123.500000,3,ihawk1,primary,1786173053.257852077,1786173053.268202066,10.349989,1,1,TR,50.000000,1,294.730972,180.307995,294.730972,180.307995,275.785126,178.547485,298.425140,172.298889,313.713623,181.385605,291.000000,189.000000,275.785126,178.547485,298.425140,172.298889,313.713623,181.385605,291.000000,189.000000,1,IPPE_SQUARE,-50.156972,-41.052701,736.208305,1.996799492,-0.663793255,0.414181491,0.203774,1,1786173053.219994068,37.858009,mono16,,0,alignment_not_asserted,raw/frames/ihawk1/h_p050p000mm/frame_0003_color.png,raw/frames/ihawk1/h_p050p000mm/frame_0003_depth.png
20260808_151001,2026-08-08T15:10:53.647,1,50.000000,1,0.000000,0.000000,0.000000,-80.000000,-123.500000,-80.000000,-123.500000,3,ihawk1,primary,1786173053.257852077,1786173053.268202066,10.349989,1,2,BL,50.000000,1,301.302933,275.229698,301.302933,275.229698,273.087067,271.731873,306.284058,258.051544,330.039703,277.606598,295.800903,293.528778,273.087067,271.731873,306.284058,258.051544,330.039703,277.606598,295.800903,293.528778,1,IPPE_SQUARE,-25.404984,88.153595,491.319008,1.971269737,-0.649134165,0.425322439,0.020602,1,1786173053.219994068,37.858009,mono16,,0,alignment_not_asserted,raw/frames/ihawk1/h_p050p000mm/frame_0003_color.png,raw/frames/ihawk1/h_p050p000mm/frame_0003_depth.png
20260808_151001,2026-08-08T15:10:53.647,1,50.000000,1,0.000000,0.000000,0.000000,80.000000,-123.500000,80.000000,-123.500000,3,ihawk1,primary,1786173053.257852077,1786173053.268202066,10.349989,1,3,BR,50.000000,1,384.978691,237.984814,384.978691,237.984814,359.646179,235.692215,384.678253,224.271362,409.937775,239.627930,385.652557,252.347748,359.646179,235.692215,384.678253,224.271362,409.937775,239.627930,385.652557,252.347748,1,IPPE_SQUARE,88.931438,49.659910,569.303028,1.997510618,-0.683741365,0.420632578,0.252019,1,1786173053.219994068,37.858009,mono16,,0,alignment_not_asserted,raw/frames/ihawk1/h_p050p000mm/frame_0003_color.png,raw/frames/ihawk1/h_p050p000mm/frame_0003_depth.png
20260808_151001,2026-08-08T15:10:53.647,1,50.000000,1,0.000000,0.000000,0.000000,0.000000,0.000000,0.000000,0.000000,3,ihawk1,primary,1786173053.257852077,1786173053.268202066,10.349989,1,4,C,50.000000,1,297.602882,219.332146,297.602882,219.332146,275.019409,216.989288,302.361450,208.286469,320.259003,220.655960,292.771667,231.396866,275.019409,216.989288,302.361450,208.286469,320.259003,220.655960,292.771667,231.396866,1,IPPE_SQUARE,-37.481650,25.226209,614.761255,1.978018078,-0.644113962,0.391330934,0.286210,1,1786173053.219994068,37.858009,mono16,,0,alignment_not_asserted,raw/frames/ihawk1/h_p050p000mm/frame_0003_color.png,raw/frames/ihawk1/h_p050p000mm/frame_0003_depth.png
20260808_151001,2026-08-08T15:10:53.647,1,50.000000,1,0.000000,0.000000,0.000000,-80.000000,123.500000,-80.000000,123.500000,3,ihawk2,secondary,1786173053.268202066,1786173053.257852077,10.349989,1,0,TL,50.000000,1,186.477474,319.398483,186.477474,319.398483,155.504089,335.333588,170.671799,303.382355,215.180099,303.338043,204.553909,335.539948,155.504089,335.333588,170.671799,303.382355,215.180099,303.338043,204.553909,335.539948,1,IPPE_SQUARE,-145.428836,125.452773,424.767924,1.527388458,-1.545686950,1.010374058,0.158535,1,1786173053.202085018,66.117048,mono16,,0,alignment_not_asserted,raw/frames/ihawk2/h_p050p000mm/frame_0003_color.png,raw/frames/ihawk2/h_p050p000mm/frame_0003_depth.png
20260808_151001,2026-08-08T15:10:53.647,1,50.000000,1,0.000000,0.000000,0.000000,80.000000,123.500000,80.000000,123.500000,3,ihawk2,secondary,1786173053.268202066,1786173053.257852077,10.349989,1,1,TR,50.000000,1,214.584427,246.495342,214.584427,246.495342,191.886475,256.353180,201.330292,236.577911,235.673035,236.324142,229.447906,256.726135,191.886475,256.353180,201.330292,236.577911,235.673035,236.324142,229.447906,256.726135,1,IPPE_SQUARE,-148.726825,60.448604,548.588523,1.552735045,-1.570199930,0.964590098,0.184768,1,1786173053.202085018,66.117048,mono16,,0,alignment_not_asserted,raw/frames/ihawk2/h_p050p000mm/frame_0003_color.png,raw/frames/ihawk2/h_p050p000mm/frame_0003_depth.png
20260808_151001,2026-08-08T15:10:53.647,1,50.000000,1,0.000000,0.000000,0.000000,-80.000000,-123.500000,-80.000000,-123.500000,3,ihawk2,secondary,1786173053.268202066,1786173053.257852077,10.349989,1,2,BL,50.000000,1,397.999641,316.572647,397.999641,316.572647,378.443542,333.133484,371.722412,301.423004,415.171692,300.291565,426.660919,331.442535,378.443542,333.133484,371.722412,301.423004,415.171692,300.291565,426.660919,331.442535,1,IPPE_SQUARE,83.946634,123.072891,427.081696,1.496038321,-1.547255465,0.962797896,0.096999,1,1786173053.202085018,66.117048,mono16,,0,alignment_not_asserted,raw/frames/ihawk2/h_p050p000mm/frame_0003_color.png,raw/frames/ihawk2/h_p050p000mm/frame_0003_depth.png
20260808_151001,2026-08-08T15:10:53.647,1,50.000000,1,0.000000,0.000000,0.000000,80.000000,-123.500000,80.000000,-123.500000,3,ihawk2,secondary,1786173053.268202066,1786173053.257852077,10.349989,1,3,BR,50.000000,1,378.219223,245.018684,378.219223,245.018684,362.542389,255.474319,358.594757,235.339828,392.400574,234.830048,399.339172,254.430542,362.542389,255.474319,358.594757,235.339828,392.400574,234.830048,399.339172,254.430542,1,IPPE_SQUARE,81.006185,58.912508,553.496703,1.535337923,-1.582533609,0.944218536,0.120025,1,1786173053.202085018,66.117048,mono16,,0,alignment_not_asserted,raw/frames/ihawk2/h_p050p000mm/frame_0003_color.png,raw/frames/ihawk2/h_p050p000mm/frame_0003_depth.png
20260808_151001,2026-08-08T15:10:53.647,1,50.000000,1,0.000000,0.000000,0.000000,0.000000,0.000000,0.000000,0.000000,3,ihawk2,secondary,1786173053.268202066,1786173053.257852077,10.349989,1,4,C,50.000000,1,295.149239,277.874557,295.149239,277.874557,273.397369,290.561127,276.710876,265.584869,315.047089,265.331146,315.441620,290.021088,273.397369,290.561127,276.710876,265.584869,315.047089,265.331146,315.441620,290.021088,1,IPPE_SQUARE,-32.013145,92.785755,488.446696,1.532675316,-1.562373859,0.969109324,0.049327,1,1786173053.202085018,66.117048,mono16,,0,alignment_not_asserted,raw/frames/ihawk2/h_p050p000mm/frame_0003_color.png,raw/frames/ihawk2/h_p050p000mm/frame_0003_depth.png
20260808_151001,2026-08-08T15:11:36.012,2,45.000000,1,0.000000,0.000000,0.000000,-80.000000,123.500000,-80.000000,123.500000,1,ihawk1,primary,1786173095.917747021,1786173095.876036882,41.710138,1,0,TL,45.000000,1,220.443314,204.391216,220.443314,204.391216,199.544724,201.725388,228.147873,194.514374,241.676071,206.249619,212.404587,215.075485,199.544724,201.725388,228.147873,194.514374,241.676071,206.249619,212.404587,215.075485,1,IPPE_SQUARE,-164.197033,2.582552,649.570563,1.994020953,-0.640097112,0.440547497,0.184122,1,1786173095.886044979,31.702042,mono16,,0,alignment_not_asserted,raw/frames/ihawk1/h_p045p000mm/frame_0001_color.png,raw/frames/ihawk1/h_p045p000mm/frame_0001_depth.png
20260808_151001,2026-08-08T15:11:36.012,2,45.000000,1,0.000000,0.000000,0.000000,80.000000,123.500000,80.000000,123.500000,1,ihawk1,primary,1786173095.917747021,1786173095.876036882,41.710138,1,1,TR,45.000000,1,293.088326,182.418404,293.088326,182.418404,274.364685,180.822021,296.787445,174.356842,312.201172,183.494751,289.000000,191.000000,274.364685,180.822021,296.787445,174.356842,312.201172,183.494751,289.000000,191.000000,1,IPPE_SQUARE,-53.221576,-37.224458,736.962646,1.990146109,-0.659985222,0.404751027,0.109377,1,1786173095.886044979,31.702042,mono16,,0,alignment_not_asserted,raw/frames/ihawk1/h_p045p000mm/frame_0001_color.png,raw/frames/ihawk1/h_p045p000mm/frame_0001_depth.png
20260808_151001,2026-08-08T15:11:36.012,2,45.000000,1,0.000000,0.000000,0.000000,-80.000000,-123.500000,-80.000000,-123.500000,1,ihawk1,primary,1786173095.917747021,1786173095.876036882,41.710138,1,2,BL,45.000000,1,301.309486,278.162239,301.309486,278.162239,273.166626,274.590912,306.198425,260.711731,329.903748,280.619843,295.969147,296.726471,273.166626,274.590912,306.198425,260.711731,329.903748,280.619843,295.969147,296.726471,1,IPPE_SQUARE,-25.508565,92.143571,493.514298,1.978837360,-0.652321699,0.430327600,0.041050,1,1786173095.886044979,31.702042,mono16,,0,alignment_not_asserted,raw/frames/ihawk1/h_p045p000mm/frame_0001_color.png,raw/frames/ihawk1/h_p045p000mm/frame_0001_depth.png
20260808_151001,2026-08-08T15:11:36.012,2,45.000000,1,0.000000,0.000000,0.000000,80.000000,-123.500000,80.000000,-123.500000,1,ihawk1,primary,1786173095.917747021,1786173095.876036882,41.710138,1,3,BR,45.000000,1,384.436981,241.212757,384.436981,241.212757,358.962036,238.148788,383.329956,226.287354,409.908295,245.855667,385.547638,254.559219,358.962036,238.148788,383.329956,226.287354,409.908295,245.855667,385.547638,254.559219,1,IPPE_SQUARE,85.385676,53.586368,552.506768,-2.116015591,0.909143314,0.824250067,0.496207,1,1786173095.886044979,31.702042,mono16,,0,alignment_not_asserted,raw/frames/ihawk1/h_p045p000mm/frame_0001_color.png,raw/frames/ihawk1/h_p045p000mm/frame_0001_depth.png
20260808_151001,2026-08-08T15:11:36.012,2,45.000000,1,0.000000,0.000000,0.000000,0.000000,0.000000,0.000000,0.000000,1,ihawk1,primary,1786173095.917747021,1786173095.876036882,41.710138,1,4,C,45.000000,1,296.581047,221.712528,296.581047,221.712528,274.109039,219.439072,300.717957,210.186432,319.505768,223.289871,291.991425,233.934738,274.109039,219.439072,300.717957,210.186432,319.505768,223.289871,291.991425,233.934738,1,IPPE_SQUARE,-39.096908,28.902746,615.705079,1.988970660,-0.661143833,0.415422357,0.073820,1,1786173095.886044979,31.702042,mono16,,0,alignment_not_asserted,raw/frames/ihawk1/h_p045p000mm/frame_0001_color.png,raw/frames/ihawk1/h_p045p000mm/frame_0001_depth.png
20260808_151001,2026-08-08T15:11:36.012,2,45.000000,1,0.000000,0.000000,0.000000,-80.000000,123.500000,-80.000000,123.500000,1,ihawk2,secondary,1786173095.876036882,1786173095.917747021,41.710138,1,0,TL,45.000000,1,186.602177,323.837067,186.602177,323.837067,155.684753,340.482574,170.603043,307.320984,215.065384,307.396729,205.055527,340.147980,155.684753,340.482574,170.603043,307.320984,215.065384,307.396729,205.055527,340.147980,1,IPPE_SQUARE,-145.243979,130.204724,424.619479,1.532616543,-1.560099925,1.010685131,0.061522,1,1786173095.876036882,0.000000,mono16,,0,alignment_not_asserted,raw/frames/ihawk2/h_p045p000mm/frame_0001_color.png,raw/frames/ihawk2/h_p045p000mm/frame_0001_depth.png
20260808_151001,2026-08-08T15:11:36.012,2,45.000000,1,0.000000,0.000000,0.000000,80.000000,123.500000,80.000000,123.500000,1,ihawk2,secondary,1786173095.876036882,1786173095.917747021,41.710138,1,1,TR,45.000000,1,213.648144,250.078728,213.648144,250.078728,191.312271,260.265991,199.849976,240.289093,234.656250,239.533752,228.774078,260.226074,191.312271,260.265991,199.849976,240.289093,234.656250,239.533752,228.774078,260.226074,1,IPPE_SQUARE,-149.883508,65.396866,548.028008,1.537244074,-1.587433161,0.975630242,0.220308,1,1786173095.876036882,0.000000,mono16,,0,alignment_not_asserted,raw/frames/ihawk2/h_p045p000mm/frame_0001_color.png,raw/frames/ihawk2/h_p045p000mm/frame_0001_depth.png
20260808_151001,2026-08-08T15:11:36.012,2,45.000000,1,0.000000,0.000000,0.000000,-80.000000,-123.500000,-80.000000,-123.500000,1,ihawk2,secondary,1786173095.876036882,1786173095.917747021,41.710138,1,2,BL,45.000000,1,397.757301,319.688591,397.757301,319.688591,378.531525,336.474213,371.509247,304.490967,414.486633,303.215759,426.501801,334.573425,378.531525,336.474213,371.509247,304.490967,414.486633,303.215759,426.501801,334.573425,1,IPPE_SQUARE,84.135918,127.147254,429.361342,1.494191894,-1.557658389,0.971785042,0.111510,1,1786173095.876036882,0.000000,mono16,,0,alignment_not_asserted,raw/frames/ihawk2/h_p045p000mm/frame_0001_color.png,raw/frames/ihawk2/h_p045p000mm/frame_0001_depth.png
20260808_151001,2026-08-08T15:11:36.012,2,45.000000,1,0.000000,0.000000,0.000000,80.000000,-123.500000,80.000000,-123.500000,1,ihawk2,secondary,1786173095.876036882,1786173095.917747021,41.710138,1,3,BR,45.000000,1,377.199890,247.617191,377.199890,247.617191,361.631378,258.301056,357.583038,237.751709,391.276215,237.379929,398.308929,257.036072,361.631378,258.301056,357.583038,237.751709,391.276215,237.379929,398.308929,257.036072,1,IPPE_SQUARE,79.740013,62.716915,554.680163,1.535438919,-1.588942191,0.949073087,0.204122,1,1786173095.876036882,0.000000,mono16,,0,alignment_not_asserted,raw/frames/ihawk2/h_p045p000mm/frame_0001_color.png,raw/frames/ihawk2/h_p045p000mm/frame_0001_depth.png
20260808_151001,2026-08-08T15:11:36.012,2,45.000000,1,0.000000,0.000000,0.000000,0.000000,0.000000,0.000000,0.000000,1,ihawk2,secondary,1786173095.876036882,1786173095.917747021,41.710138,1,4,C,45.000000,1,294.716148,281.275978,294.716148,281.275978,273.242767,294.172028,275.975555,269.052399,314.431854,268.386353,315.214417,293.493134,273.242767,294.172028,275.975555,269.052399,314.431854,268.386353,315.214417,293.493134,1,IPPE_SQUARE,-32.546847,97.007193,488.368269,1.524595824,-1.572992011,0.977995284,0.054129,1,1786173095.876036882,0.000000,mono16,,0,alignment_not_asserted,raw/frames/ihawk2/h_p045p000mm/frame_0001_color.png,raw/frames/ihawk2/h_p045p000mm/frame_0001_depth.png
20260808_151001,2026-08-08T15:11:36.187,2,45.000000,1,0.000000,0.000000,0.000000,-80.000000,123.500000,-80.000000,123.500000,2,ihawk1,primary,1786173095.956046104,1786173095.909451962,46.594143,1,0,TL,45.000000,1,220.437263,204.401760,220.437263,204.401760,199.516678,201.685501,228.176865,194.501816,241.675461,206.245178,212.380051,215.174545,199.516678,201.685501,228.176865,194.501816,241.675461,206.245178,212.380051,215.174545,1,IPPE_SQUARE,-164.016569,2.594327,648.818951,1.996309706,-0.639781748,0.439466049,0.217047,1,1786173095.886044979,70.001125,mono16,,0,alignment_not_asserted,raw/frames/ihawk1/h_p045p000mm/frame_0002_color.png,raw/frames/ihawk1/h_p045p000mm/frame_0002_depth.png
20260808_151001,2026-08-08T15:11:36.187,2,45.000000,1,0.000000,0.000000,0.000000,80.000000,123.500000,80.000000,123.500000,2,ihawk1,primary,1786173095.956046104,1786173095.909451962,46.594143,1,1,TR,45.000000,1,293.069420,182.413792,293.069420,182.413792,274.353638,180.811172,296.732727,174.335861,312.191315,183.508133,289.000000,191.000000,274.353638,180.811172,296.732727,174.335861,312.191315,183.508133,289.000000,191.000000,1,IPPE_SQUARE,-53.272098,-37.244509,737.188460,1.991038363,-0.660992497,0.406659787,0.110409,1,1786173095.886044979,70.001125,mono16,,0,alignment_not_asserted,raw/frames/ihawk1/h_p045p000mm/frame_0002_color.png,raw/frames/ihawk1/h_p045p000mm/frame_0002_depth.png
20260808_151001,2026-08-08T15:11:36.187,2,45.000000,1,0.000000,0.000000,0.000000,-80.000000,-123.500000,-80.000000,-123.500000,2,ihawk1,primary,1786173095.956046104,1786173095.909451962,46.594143,1,2,BL,45.000000,1,301.335152,278.183907,301.335152,278.183907,273.169891,274.593689,306.212280,260.767822,329.901398,280.617859,296.057037,296.756256,273.169891,274.593689,306.212280,260.767822,329.901398,280.617859,296.057037,296.756256,1,IPPE_SQUARE,-25.482940,92.193588,493.636835,1.978271975,-0.652798476,0.432125845,0.067683,1,1786173095.886044979,70.001125,mono16,,0,alignment_not_asserted,raw/frames/ihawk1/h_p045p000mm/frame_0002_color.png,raw/frames/ihawk1/h_p045p000mm/frame_0002_depth.png
20260808_151001,2026-08-08T15:11:36.187,2,45.000000,1,0.000000,0.000000,0.000000,80.000000,-123.500000,80.000000,-123.500000,2,ihawk1,primary,1786173095.956046104,1786173095.909451962,46.594143,1,3,BR,45.000000,1,384.506081,241.222977,384.506081,241.222977,358.937103,238.173157,383.366272,226.274109,410.097321,245.906479,385.623627,254.538162,358.937103,238.173157,383.366272,226.274109,410.097321,245.906479,385.623627,254.538162,1,IPPE_SQUARE,85.111654,53.372880,550.133378,-2.112534983,0.908570214,0.824994954,0.512696,1,1786173095.886044979,70.001125,mono16,,0,alignment_not_asserted,raw/frames/ihawk1/h_p045p000mm/frame_0002_color.png,raw/frames/ihawk1/h_p045p000mm/frame_0002_depth.png
20260808_151001,2026-08-08T15:11:36.187,2,45.000000,1,0.000000,0.000000,0.000000,0.000000,0.000000,0.000000,0.000000,2,ihawk1,primary,1786173095.956046104,1786173095.909451962,46.594143,1,4,C,45.000000,1,296.601654,221.710091,296.601654,221.710091,274.094330,219.432831,300.758453,210.202515,319.523529,223.267548,292.030304,233.937469,274.094330,219.432831,300.758453,210.202515,319.523529,223.267548,292.030304,233.937469,1,IPPE_SQUARE,-39.036438,28.877290,615.248365,1.987977758,-0.661086543,0.415374532,0.074275,1,1786173095.886044979,70.001125,mono16,,0,alignment_not_asserted,raw/frames/ihawk1/h_p045p000mm/frame_0002_color.png,raw/frames/ihawk1/h_p045p000mm/frame_0002_depth.png
20260808_151001,2026-08-08T15:11:36.187,2,45.000000,1,0.000000,0.000000,0.000000,-80.000000,123.500000,-80.000000,123.500000,2,ihawk2,secondary,1786173095.909451962,1786173095.956046104,46.594143,1,0,TL,45.000000,1,186.573967,323.837830,186.573967,323.837830,155.684662,340.483582,170.494766,307.337708,215.060913,307.382050,205.055527,340.147980,155.684662,340.483582,170.494766,307.337708,215.060913,307.382050,205.055527,340.147980,1,IPPE_SQUARE,-145.182649,130.123567,424.354813,1.531796317,-1.560763940,1.012720272,0.074104,1,1786173095.876036882,33.415079,mono16,,0,alignment_not_asserted,raw/frames/ihawk2/h_p045p000mm/frame_0002_color.png,raw/frames/ihawk2/h_p045p000mm/frame_0002_depth.png
20260808_151001,2026-08-08T15:11:36.187,2,45.000000,1,0.000000,0.000000,0.000000,80.000000,123.500000,80.000000,123.500000,2,ihawk2,secondary,1786173095.909451962,1786173095.956046104,46.594143,1,1,TR,45.000000,1,213.661747,250.085480,213.661747,250.085480,191.335938,260.282867,199.846069,240.287628,234.657883,239.537109,228.807098,260.234314,191.335938,260.282867,199.846069,240.287628,234.657883,239.537109,228.807098,260.234314,1,IPPE_SQUARE,-149.864116,65.406034,548.027326,1.537344800,-1.588267119,0.976245888,0.217255,1,1786173095.876036882,33.415079,mono16,,0,alignment_not_asserted,raw/frames/ihawk2/h_p045p000mm/frame_0002_color.png,raw/frames/ihawk2/h_p045p000mm/frame_0002_depth.png
20260808_151001,2026-08-08T15:11:36.187,2,45.000000,1,0.000000,0.000000,0.000000,-80.000000,-123.500000,-80.000000,-123.500000,2,ihawk2,secondary,1786173095.909451962,1786173095.956046104,46.594143,1,2,BL,45.000000,1,397.763397,319.678658,397.763397,319.678658,378.528534,336.473175,371.498779,304.461853,414.514526,303.224152,426.511749,334.555450,378.528534,336.473175,371.498779,304.461853,414.514526,303.224152,426.511749,334.555450,1,IPPE_SQUARE,84.097475,127.067757,429.132046,1.494155346,-1.557082307,0.972113354,0.120460,1,1786173095.876036882,33.415079,mono16,,0,alignment_not_asserted,raw/frames/ihawk2/h_p045p000mm/frame_0002_color.png,raw/frames/ihawk2/h_p045p000mm/frame_0002_depth.png
20260808_151001,2026-08-08T15:11:36.187,2,45.000000,1,0.000000,0.000000,0.000000,80.000000,-123.500000,80.000000,-123.500000,2,ihawk2,secondary,1786173095.909451962,1786173095.956046104,46.594143,1,3,BR,45.000000,1,377.199333,247.636147,377.199333,247.636147,361.677399,258.334686,357.565796,237.768005,391.275269,237.384338,398.278870,257.057556,361.677399,258.334686,357.565796,237.768005,391.275269,237.384338,398.278870,257.057556,1,IPPE_SQUARE,79.798415,62.790383,555.090052,1.535736117,-1.590237082,0.948718014,0.199476,1,1786173095.876036882,33.415079,mono16,,0,alignment_not_asserted,raw/frames/ihawk2/h_p045p000mm/frame_0002_color.png,raw/frames/ihawk2/h_p045p000mm/frame_0002_depth.png
20260808_151001,2026-08-08T15:11:36.187,2,45.000000,1,0.000000,0.000000,0.000000,0.000000,0.000000,0.000000,0.000000,2,ihawk2,secondary,1786173095.909451962,1786173095.956046104,46.594143,1,4,C,45.000000,1,294.719215,281.276764,294.719215,281.276764,273.242767,294.172028,275.991425,269.038971,314.427612,268.377441,315.215057,293.518616,273.242767,294.172028,275.991425,269.038971,314.427612,268.377441,315.215057,293.518616,1,IPPE_SQUARE,-32.550951,97.031845,488.488231,1.525577463,-1.573396104,0.977572943,0.053189,1,1786173095.876036882,33.415079,mono16,,0,alignment_not_asserted,raw/frames/ihawk2/h_p045p000mm/frame_0002_color.png,raw/frames/ihawk2/h_p045p000mm/frame_0002_depth.png
20260808_151001,2026-08-08T15:11:36.361,2,45.000000,1,0.000000,0.000000,0.000000,-80.000000,123.500000,-80.000000,123.500000,3,ihawk1,primary,1786173095.984263897,1786173095.947788954,36.474943,1,0,TL,45.000000,1,220.438232,204.391628,220.438232,204.391628,199.468811,201.612762,228.251801,194.545685,241.678070,206.238113,212.354248,215.169952,199.468811,201.612762,228.251801,194.545685,241.678070,206.238113,212.354248,215.169952,1,IPPE_SQUARE,-163.707934,2.572683,647.610819,1.994931470,-0.637073666,0.440208613,0.255396,1,1786173095.956046104,28.217793,mono16,,0,alignment_not_asserted,raw/frames/ihawk1/h_p045p000mm/frame_0003_color.png,raw/frames/ihawk1/h_p045p000mm/frame_0003_depth.png
20260808_151001,2026-08-08T15:11:36.361,2,45.000000,1,0.000000,0.000000,0.000000,80.000000,123.500000,80.000000,123.500000,3,ihawk1,primary,1786173095.984263897,1786173095.947788954,36.474943,1,1,TR,45.000000,1,293.075737,182.409519,293.075737,182.409519,274.364685,180.822021,296.757263,174.328430,312.181000,183.487625,289.000000,191.000000,274.364685,180.822021,296.757263,174.328430,312.181000,183.487625,289.000000,191.000000,1,IPPE_SQUARE,-53.281571,-37.266560,737.471767,1.991101372,-0.661012940,0.404813980,0.106756,1,1786173095.956046104,28.217793,mono16,,0,alignment_not_asserted,raw/frames/ihawk1/h_p045p000mm/frame_0003_color.png,raw/frames/ihawk1/h_p045p000mm/frame_0003_depth.png
20260808_151001,2026-08-08T15:11:36.361,2,45.000000,1,0.000000,0.000000,0.000000,-80.000000,-123.500000,-80.000000,-123.500000,3,ihawk1,primary,1786173095.984263897,1786173095.947788954,36.474943,1,2,BL,45.000000,1,301.312782,278.175598,301.312782,278.175598,273.166626,274.590912,306.215759,260.767609,329.918121,280.614288,295.950623,296.729584,273.166626,274.590912,306.215759,260.767609,329.918121,280.614288,295.950623,296.729584,1,IPPE_SQUARE,-25.494432,92.123250,493.316925,1.977342155,-0.651497604,0.430021195,0.042640,1,1786173095.956046104,28.217793,mono16,,0,alignment_not_asserted,raw/frames/ihawk1/h_p045p000mm/frame_0003_color.png,raw/frames/ihawk1/h_p045p000mm/frame_0003_depth.png
20260808_151001,2026-08-08T15:11:36.361,2,45.000000,1,0.000000,0.000000,0.000000,80.000000,-123.500000,80.000000,-123.500000,3,ihawk1,primary,1786173095.984263897,1786173095.947788954,36.474943,1,3,BR,45.000000,1,383.057175,239.866901,383.057175,239.866901,358.898102,238.180222,383.330597,226.287384,408.000000,242.000000,382.000000,253.000000,358.898102,238.180222,383.330597,226.287384,408.000000,242.000000,382.000000,253.000000,1,IPPE_SQUARE,88.373769,54.685737,584.092955,-2.118610143,0.898258900,0.636096943,0.303938,1,1786173095.956046104,28.217793,mono16,,0,alignment_not_asserted,raw/frames/ihawk1/h_p045p000mm/frame_0003_color.png,raw/frames/ihawk1/h_p045p000mm/frame_0003_depth.png
20260808_151001,2026-08-08T15:11:36.361,2,45.000000,1,0.000000,0.000000,0.000000,0.000000,0.000000,0.000000,0.000000,3,ihawk1,primary,1786173095.984263897,1786173095.947788954,36.474943,1,4,C,45.000000,1,296.592125,221.709820,296.592125,221.709820,274.101898,219.432724,300.723663,210.181473,319.511627,223.274094,292.031311,233.950989,274.101898,219.432724,300.723663,210.181473,319.511627,223.274094,292.031311,233.950989,1,IPPE_SQUARE,-39.073419,28.893456,615.603280,1.989144009,-0.661919366,0.415937587,0.074554,1,1786173095.956046104,28.217793,mono16,,0,alignment_not_asserted,raw/frames/ihawk1/h_p045p000mm/frame_0003_color.png,raw/frames/ihawk1/h_p045p000mm/frame_0003_depth.png
20260808_151001,2026-08-08T15:11:36.361,2,45.000000,1,0.000000,0.000000,0.000000,-80.000000,123.500000,-80.000000,123.500000,3,ihawk2,secondary,1786173095.947788954,1786173095.984263897,36.474943,1,0,TL,45.000000,1,186.543671,323.858368,186.543671,323.858368,155.683044,340.494568,170.473679,307.351837,214.997528,307.387177,205.020432,340.199890,155.683044,340.494568,170.473679,307.351837,214.997528,307.387177,205.020432,340.199890,1,IPPE_SQUARE,-145.348516,130.265207,424.741044,1.533081787,-1.561715920,1.012413371,0.063061,1,1786173095.909451962,38.336992,mono16,,0,alignment_not_asserted,raw/frames/ihawk2/h_p045p000mm/frame_0003_color.png,raw/frames/ihawk2/h_p045p000mm/frame_0003_depth.png
20260808_151001,2026-08-08T15:11:36.361,2,45.000000,1,0.000000,0.000000,0.000000,80.000000,123.500000,80.000000,123.500000,3,ihawk2,secondary,1786173095.947788954,1786173095.984263897,36.474943,1,1,TR,45.000000,1,213.636547,250.102261,213.636547,250.102261,191.264938,260.295166,199.855713,240.306702,234.659729,239.533707,228.765808,260.273468,191.264938,260.295166,199.855713,240.306702,234.659729,239.533707,228.765808,260.273468,1,IPPE_SQUARE,-149.789468,65.380503,547.624481,1.537667632,-1.587120259,0.974337527,0.225618,1,1786173095.909451962,38.336992,mono16,,0,alignment_not_asserted,raw/frames/ihawk2/h_p045p000mm/frame_0003_color.png,raw/frames/ihawk2/h_p045p000mm/frame_0003_depth.png
20260808_151001,2026-08-08T15:11:36.361,2,45.000000,1,0.000000,0.000000,0.000000,-80.000000,-123.500000,-80.000000,-123.500000,3,ihawk2,secondary,1786173095.947788954,1786173095.984263897,36.474943,1,2,BL,45.000000,1,397.776443,319.692787,397.776443,319.692787,378.572235,336.490936,371.475250,304.474335,414.530792,303.259705,426.527496,334.546173,378.572235,336.490936,371.475250,304.474335,414.530792,303.259705,426.527496,334.546173,1,IPPE_SQUARE,84.085637,127.043613,428.998600,1.493539115,-1.556843645,0.973521933,0.125891,1,1786173095.909451962,38.336992,mono16,,0,alignment_not_asserted,raw/frames/ihawk2/h_p045p000mm/frame_0003_color.png,raw/frames/ihawk2/h_p045p000mm/frame_0003_depth.png
20260808_151001,2026-08-08T15:11:36.361,2,45.000000,1,0.000000,0.000000,0.000000,80.000000,-123.500000,80.000000,-123.500000,3,ihawk2,secondary,1786173095.947788954,1786173095.984263897,36.474943,1,3,BR,45.000000,1,377.203056,247.649368,377.203056,247.649368,361.669006,258.335907,357.567902,237.768356,391.282013,237.399124,398.293304,257.094086,361.669006,258.335907,357.567902,237.768356,391.282013,237.399124,398.293304,257.094086,1,IPPE_SQUARE,79.771211,62.782835,554.862175,1.536380306,-1.589985986,0.949303442,0.195258,1,1786173095.909451962,38.336992,mono16,,0,alignment_not_asserted,raw/frames/ihawk2/h_p045p000mm/frame_0003_color.png,raw/frames/ihawk2/h_p045p000mm/frame_0003_depth.png
20260808_151001,2026-08-08T15:11:36.361,2,45.000000,1,0.000000,0.000000,0.000000,0.000000,0.000000,0.000000,0.000000,3,ihawk2,secondary,1786173095.947788954,1786173095.984263897,36.474943,1,4,C,45.000000,1,294.704178,281.280647,294.704178,281.280647,273.233368,294.188171,276.008667,269.034363,314.433990,268.383331,315.140686,293.516724,273.233368,294.188171,276.008667,269.034363,314.433990,268.383331,315.140686,293.516724,1,IPPE_SQUARE,-32.598831,97.121941,488.913673,1.526257473,-1.573076890,0.975287466,0.056529,1,1786173095.909451962,38.336992,mono16,,0,alignment_not_asserted,raw/frames/ihawk2/h_p045p000mm/frame_0003_color.png,raw/frames/ihawk2/h_p045p000mm/frame_0003_depth.png
20260808_151001,2026-08-08T15:12:14.917,3,0.000000,1,0.000000,0.000000,0.000000,-80.000000,123.500000,-80.000000,123.500000,1,ihawk1,primary,1786173134.766143084,1786173134.787839890,21.696806,1,0,TL,0.000000,1,224.743687,227.219025,224.743687,227.219025,204.715591,225.081635,232.162979,216.422592,245.115311,228.797546,216.980865,238.574326,204.715591,225.081635,232.162979,216.422592,245.115311,228.797546,216.980865,238.574326,1,IPPE_SQUARE,-163.166996,40.940426,673.877504,1.990785576,-0.648165832,0.399618018,0.075724,1,1786173134.766143084,0.000000,mono16,,0,alignment_not_asserted,raw/frames/ihawk1/h_p000p000mm/frame_0001_color.png,raw/frames/ihawk1/h_p000p000mm/frame_0001_depth.png
20260808_151001,2026-08-08T15:12:14.917,3,0.000000,1,0.000000,0.000000,0.000000,80.000000,123.500000,80.000000,123.500000,1,ihawk1,primary,1786173134.766143084,1786173134.787839890,21.696806,1,1,TR,0.000000,1,295.352364,203.716011,295.352364,203.716011,277.080322,202.104370,298.817261,195.107971,313.780243,204.814636,291.731628,212.837067,277.080322,202.104370,298.817261,195.107971,313.780243,204.814636,291.731628,212.837067,1,IPPE_SQUARE,-50.704987,1.877061,761.438431,1.985418407,-0.665576960,0.410935709,0.090766,1,1786173134.766143084,0.000000,mono16,,0,alignment_not_asserted,raw/frames/ihawk1/h_p000p000mm/frame_0001_color.png,raw/frames/ihawk1/h_p000p000mm/frame_0001_depth.png
20260808_151001,2026-08-08T15:12:14.917,3,0.000000,1,0.000000,0.000000,0.000000,-80.000000,-123.500000,-80.000000,-123.500000,1,ihawk1,primary,1786173134.766143084,1786173134.787839890,21.696806,1,2,BL,0.000000,1,300.964119,305.499016,300.964119,305.499016,274.021362,301.705933,306.149231,286.804535,328.389984,307.929199,295.295898,325.556396,274.021362,301.705933,306.149231,286.804535,328.389984,307.929199,295.295898,325.556396,1,IPPE_SQUARE,-26.970219,130.646345,512.964496,1.995211735,-0.649842531,0.396325669,0.123901,1,1786173134.766143084,0.000000,mono16,,0,alignment_not_asserted,raw/frames/ihawk1/h_p000p000mm/frame_0001_color.png,raw/frames/ihawk1/h_p000p000mm/frame_0001_depth.png
20260808_151001,2026-08-08T15:12:14.917,3,0.000000,1,0.000000,0.000000,0.000000,80.000000,-123.500000,80.000000,-123.500000,1,ihawk1,primary,1786173134.766143084,1786173134.787839890,21.696806,1,3,BR,0.000000,1,381.417847,265.950172,381.417847,265.950172,357.106598,263.202545,381.322815,251.230408,405.714813,268.124756,381.527161,281.242981,357.106598,263.202545,381.322815,251.230408,405.714813,268.124756,381.527161,281.242981,1,IPPE_SQUARE,86.638756,92.155647,587.829460,2.004349879,-0.668069628,0.431569658,0.122061,1,1786173134.766143084,0.000000,mono16,,0,alignment_not_asserted,raw/frames/ihawk1/h_p000p000mm/frame_0001_color.png,raw/frames/ihawk1/h_p000p000mm/frame_0001_depth.png
20260808_151001,2026-08-08T15:12:14.917,3,0.000000,1,0.000000,0.000000,0.000000,0.000000,0.000000,0.000000,0.000000,1,ihawk1,primary,1786173134.766143084,1786173134.787839890,21.696806,1,4,C,0.000000,1,297.697899,245.141354,297.697899,245.141354,275.867401,242.521973,302.079163,232.971130,319.741058,246.969711,293.103973,258.102600,275.867401,242.521973,302.079163,232.971130,319.741058,246.969711,293.103973,258.102600,1,IPPE_SQUARE,-38.586058,66.852236,635.400129,1.990994515,-0.644400695,0.409616399,0.125047,1,1786173134.766143084,0.000000,mono16,,0,alignment_not_asserted,raw/frames/ihawk1/h_p000p000mm/frame_0001_color.png,raw/frames/ihawk1/h_p000p000mm/frame_0001_depth.png
20260808_151001,2026-08-08T15:12:14.917,3,0.000000,1,0.000000,0.000000,0.000000,-80.000000,123.500000,-80.000000,123.500000,1,ihawk2,secondary,1786173134.787839890,1786173134.766143084,21.696806,1,0,TL,0.000000,1,192.248341,351.461884,192.248341,351.461884,163.268478,368.812073,177.106613,334.233459,219.120193,334.329376,209.498077,368.472626,163.268478,368.812073,177.106613,334.233459,219.120193,334.329376,209.498077,368.472626,1,IPPE_SQUARE,-147.185255,169.403657,449.016998,1.544370836,-1.560014942,0.986320364,0.092479,1,1786173134.787839890,0.000000,mono16,,0,alignment_not_asserted,raw/frames/ihawk2/h_p000p000mm/frame_0001_color.png,raw/frames/ihawk2/h_p000p000mm/frame_0001_depth.png
20260808_151001,2026-08-08T15:12:14.917,3,0.000000,1,0.000000,0.000000,0.000000,80.000000,123.500000,80.000000,123.500000,1,ihawk2,secondary,1786173134.787839890,1786173134.766143084,21.696806,1,1,TR,0.000000,1,218.314857,274.387688,218.314857,274.387688,196.537567,284.952698,205.502533,263.876190,238.533798,263.485352,232.685532,285.236511,196.537567,284.952698,205.502533,263.876190,238.533798,263.485352,232.685532,285.236511,1,IPPE_SQUARE,-148.922621,103.276923,569.221317,1.548852823,-1.565088115,0.960509583,0.207618,1,1786173134.787839890,0.000000,mono16,,0,alignment_not_asserted,raw/frames/ihawk2/h_p000p000mm/frame_0001_color.png,raw/frames/ihawk2/h_p000p000mm/frame_0001_depth.png
20260808_151001,2026-08-08T15:12:14.917,3,0.000000,1,0.000000,0.000000,0.000000,-80.000000,-123.500000,-80.000000,-123.500000,1,ihawk2,secondary,1786173134.787839890,1786173134.766143084,21.696806,1,2,BL,0.000000,1,392.795387,349.423920,392.795387,349.423920,373.761536,366.661346,368.265930,332.528351,409.591583,332.277374,419.562500,366.228607,373.761536,366.661346,368.265930,332.528351,409.591583,332.277374,419.562500,366.228607,1,IPPE_SQUARE,82.365689,167.111980,449.122905,1.535609001,-1.552515894,0.964019627,0.044471,1,1786173134.787839890,0.000000,mono16,,0,alignment_not_asserted,raw/frames/ihawk2/h_p000p000mm/frame_0001_color.png,raw/frames/ihawk2/h_p000p000mm/frame_0001_depth.png
20260808_151001,2026-08-08T15:12:14.917,3,0.000000,1,0.000000,0.000000,0.000000,80.000000,-123.500000,80.000000,-123.500000,1,ihawk2,secondary,1786173134.787839890,1786173134.766143084,21.696806,1,3,BR,0.000000,1,375.507080,273.190521,375.507080,273.190521,360.156586,283.898895,356.769104,262.637451,389.485504,262.673218,395.617126,283.552521,360.156586,283.898895,356.769104,262.637451,389.485504,262.673218,395.617126,283.552521,1,IPPE_SQUARE,79.965386,102.292122,573.389776,1.545065991,-1.562934115,0.960354562,0.089687,1,1786173134.787839890,0.000000,mono16,,0,alignment_not_asserted,raw/frames/ihawk2/h_p000p000mm/frame_0001_color.png,raw/frames/ihawk2/h_p000p000mm/frame_0001_depth.png
20260808_151001,2026-08-08T15:12:14.917,3,0.000000,1,0.000000,0.000000,0.000000,0.000000,0.000000,0.000000,0.000000,1,ihawk2,secondary,1786173134.787839890,1786173134.766143084,21.696806,1,4,C,0.000000,1,295.359360,307.426636,295.359360,307.426636,274.577972,320.626892,277.707306,294.571014,314.521942,294.175323,314.630219,320.333313,274.577972,320.626892,277.707306,294.571014,314.521942,294.175323,314.630219,320.333313,1,IPPE_SQUARE,-33.197928,135.546608,510.600365,1.529111348,-1.553664068,0.971749082,0.057696,1,1786173134.787839890,0.000000,mono16,,0,alignment_not_asserted,raw/frames/ihawk2/h_p000p000mm/frame_0001_color.png,raw/frames/ihawk2/h_p000p000mm/frame_0001_depth.png
20260808_151001,2026-08-08T15:12:15.083,3,0.000000,1,0.000000,0.000000,0.000000,-80.000000,123.500000,-80.000000,123.500000,2,ihawk1,primary,1786173134.791728020,1786173134.813496113,21.768093,1,0,TL,0.000000,1,224.753933,227.219601,224.753933,227.219601,204.719070,225.096466,232.166550,216.431183,245.131332,228.798920,216.998779,238.551834,204.719070,225.096466,232.166550,216.431183,245.131332,228.798920,216.998779,238.551834,1,IPPE_SQUARE,-163.130433,40.936940,673.798284,1.989772151,-0.648328500,0.400182493,0.073063,1,1786173134.766143084,25.584936,mono16,,0,alignment_not_asserted,raw/frames/ihawk1/h_p000p000mm/frame_0002_color.png,raw/frames/ihawk1/h_p000p000mm/frame_0002_depth.png
20260808_151001,2026-08-08T15:12:15.083,3,0.000000,1,0.000000,0.000000,0.000000,80.000000,123.500000,80.000000,123.500000,2,ihawk1,primary,1786173134.791728020,1786173134.813496113,21.768093,1,1,TR,0.000000,1,295.371643,203.731007,295.371643,203.731007,277.108246,202.180252,298.814697,195.094223,313.831299,204.811234,291.732330,212.838318,277.108246,202.180252,298.814697,195.094223,313.831299,204.811234,291.732330,212.838318,1,IPPE_SQUARE,-50.641225,1.904109,761.015391,1.984565703,-0.667047815,0.408589039,0.062999,1,1786173134.766143084,25.584936,mono16,,0,alignment_not_asserted,raw/frames/ihawk1/h_p000p000mm/frame_0002_color.png,raw/frames/ihawk1/h_p000p000mm/frame_0002_depth.png
20260808_151001,2026-08-08T15:12:15.083,3,0.000000,1,0.000000,0.000000,0.000000,-80.000000,-123.500000,-80.000000,-123.500000,2,ihawk1,primary,1786173134.791728020,1786173134.813496113,21.768093,1,2,BL,0.000000,1,300.950798,305.510201,300.950798,305.510201,274.013611,301.726257,306.157837,286.788330,328.334900,307.967102,295.296844,325.559113,274.013611,301.726257,306.157837,286.788330,328.334900,307.967102,295.296844,325.559113,1,IPPE_SQUARE,-27.011082,130.775927,513.413874,1.996651862,-0.649919523,0.395712446,0.115353,1,1786173134.766143084,25.584936,mono16,,0,alignment_not_asserted,raw/frames/ihawk1/h_p000p000mm/frame_0002_color.png,raw/frames/ihawk1/h_p000p000mm/frame_0002_depth.png
20260808_151001,2026-08-08T15:12:15.083,3,0.000000,1,0.000000,0.000000,0.000000,80.000000,-123.500000,80.000000,-123.500000,2,ihawk1,primary,1786173134.791728020,1786173134.813496113,21.768093,1,3,BR,0.000000,1,381.421051,265.914528,381.421051,265.914528,357.113708,263.176849,381.336578,251.189423,405.706085,268.050323,381.527832,281.241516,357.113708,263.176849,381.336578,251.189423,405.706085,268.050323,381.527832,281.241516,1,IPPE_SQUARE,86.680963,92.143902,588.087270,2.005119465,-0.669116651,0.429636383,0.113906,1,1786173134.766143084,25.584936,mono16,,0,alignment_not_asserted,raw/frames/ihawk1/h_p000p000mm/frame_0002_color.png,raw/frames/ihawk1/h_p000p000mm/frame_0002_depth.png
20260808_151001,2026-08-08T15:12:15.083,3,0.000000,1,0.000000,0.000000,0.000000,0.000000,0.000000,0.000000,0.000000,2,ihawk1,primary,1786173134.791728020,1786173134.813496113,21.768093,1,4,C,0.000000,1,297.690361,245.143429,297.690361,245.143429,275.858978,242.538483,302.064819,232.963715,319.740356,246.984238,293.097290,258.087280,275.858978,242.538483,302.064819,232.963715,319.740356,246.984238,293.097290,258.087280,1,IPPE_SQUARE,-38.594864,66.850288,635.349765,1.990788114,-0.644496007,0.409876317,0.112528,1,1786173134.766143084,25.584936,mono16,,0,alignment_not_asserted,raw/frames/ihawk1/h_p000p000mm/frame_0002_color.png,raw/frames/ihawk1/h_p000p000mm/frame_0002_depth.png
20260808_151001,2026-08-08T15:12:15.083,3,0.000000,1,0.000000,0.000000,0.000000,-80.000000,123.500000,-80.000000,123.500000,2,ihawk2,secondary,1786173134.813496113,1786173134.791728020,21.768093,1,0,TL,0.000000,1,192.239536,351.455879,192.239536,351.455879,163.270157,368.770630,177.066940,334.253021,219.120193,334.329376,209.500854,368.470490,163.270157,368.770630,177.066940,334.253021,219.120193,334.329376,209.500854,368.470490,1,IPPE_SQUARE,-147.170038,169.369093,448.943152,1.543742059,-1.559555907,0.988333865,0.088144,1,1786173134.787839890,25.656223,mono16,,0,alignment_not_asserted,raw/frames/ihawk2/h_p000p000mm/frame_0002_color.png,raw/frames/ihawk2/h_p000p000mm/frame_0002_depth.png
20260808_151001,2026-08-08T15:12:15.083,3,0.000000,1,0.000000,0.000000,0.000000,80.000000,123.500000,80.000000,123.500000,2,ihawk2,secondary,1786173134.813496113,1786173134.791728020,21.768093,1,1,TR,0.000000,1,218.317505,274.387306,218.317505,274.387306,196.571411,284.939117,205.507660,263.866150,238.516953,263.501617,232.673996,285.242340,196.571411,284.939117,205.507660,263.866150,238.516953,263.501617,232.673996,285.242340,1,IPPE_SQUARE,-149.086034,103.393372,569.860197,1.549847426,-1.565441438,0.961152529,0.203819,1,1786173134.787839890,25.656223,mono16,,0,alignment_not_asserted,raw/frames/ihawk2/h_p000p000mm/frame_0002_color.png,raw/frames/ihawk2/h_p000p000mm/frame_0002_depth.png
20260808_151001,2026-08-08T15:12:15.083,3,0.000000,1,0.000000,0.000000,0.000000,-80.000000,-123.500000,-80.000000,-123.500000,2,ihawk2,secondary,1786173134.813496113,1786173134.791728020,21.768093,1,2,BL,0.000000,1,392.800858,349.398064,392.800858,349.398064,373.773712,366.650208,368.307495,332.457031,409.573425,332.268768,419.548798,366.216248,373.773712,366.650208,368.307495,332.457031,409.573425,332.268768,419.548798,366.216248,1,IPPE_SQUARE,82.445083,167.228465,449.513152,1.537702256,-1.553617747,0.963912715,0.063667,1,1786173134.787839890,25.656223,mono16,,0,alignment_not_asserted,raw/frames/ihawk2/h_p000p000mm/frame_0002_color.png,raw/frames/ihawk2/h_p000p000mm/frame_0002_depth.png
20260808_151001,2026-08-08T15:12:15.083,3,0.000000,1,0.000000,0.000000,0.000000,80.000000,-123.500000,80.000000,-123.500000,2,ihawk2,secondary,1786173134.813496113,1786173134.791728020,21.768093,1,3,BR,0.000000,1,375.492691,273.186623,375.492691,273.186623,360.161194,283.871094,356.774963,262.668335,389.414062,262.650024,395.620544,283.557037,360.161194,283.871094,356.774963,262.668335,389.414062,262.650024,395.620544,283.557037,1,IPPE_SQUARE,80.022058,102.386458,573.944506,1.544726028,-1.564081948,0.961225407,0.079111,1,1786173134.787839890,25.656223,mono16,,0,alignment_not_asserted,raw/frames/ihawk2/h_p000p000mm/frame_0002_color.png,raw/frames/ihawk2/h_p000p000mm/frame_0002_depth.png
20260808_151001,2026-08-08T15:12:15.083,3,0.000000,1,0.000000,0.000000,0.000000,0.000000,0.000000,0.000000,0.000000,2,ihawk2,secondary,1786173134.813496113,1786173134.791728020,21.768093,1,4,C,0.000000,1,295.361465,307.429558,295.361465,307.429558,274.577972,320.626892,277.697937,294.559845,314.533997,294.201782,314.635956,320.329712,274.577972,320.626892,277.697937,294.559845,314.533997,294.201782,314.635956,320.329712,1,IPPE_SQUARE,-33.183604,135.504974,510.429925,1.529105509,-1.553127788,0.972848488,0.053268,1,1786173134.787839890,25.656223,mono16,,0,alignment_not_asserted,raw/frames/ihawk2/h_p000p000mm/frame_0002_color.png,raw/frames/ihawk2/h_p000p000mm/frame_0002_depth.png
20260808_151001,2026-08-08T15:12:15.246,3,0.000000,1,0.000000,0.000000,0.000000,-80.000000,123.500000,-80.000000,123.500000,3,ihawk1,primary,1786173134.866115093,1786173134.847769976,18.345118,1,0,TL,0.000000,1,224.760159,227.218204,224.760159,227.218204,204.712677,225.100067,232.180954,216.420395,245.131332,228.798920,217.015671,238.553436,204.712677,225.100067,232.180954,216.420395,245.131332,228.798920,217.015671,238.553436,1,IPPE_SQUARE,-163.097876,40.928801,673.706529,1.989975001,-0.648523143,0.399997892,0.080972,1,1786173134.791728020,74.387074,mono16,,0,alignment_not_asserted,raw/frames/ihawk1/h_p000p000mm/frame_0003_color.png,raw/frames/ihawk1/h_p000p000mm/frame_0003_depth.png
20260808_151001,2026-08-08T15:12:15.246,3,0.000000,1,0.000000,0.000000,0.000000,80.000000,123.500000,80.000000,123.500000,3,ihawk1,primary,1786173134.866115093,1786173134.847769976,18.345118,1,1,TR,0.000000,1,295.367653,203.718117,295.367653,203.718117,277.098389,202.120697,298.813812,195.094223,313.830750,204.819885,291.727661,212.837662,277.098389,202.120697,298.813812,195.094223,313.830750,204.819885,291.727661,212.837662,1,IPPE_SQUARE,-50.634340,1.878966,760.811358,1.985266617,-0.665901667,0.410677155,0.075308,1,1786173134.791728020,74.387074,mono16,,0,alignment_not_asserted,raw/frames/ihawk1/h_p000p000mm/frame_0003_color.png,raw/frames/ihawk1/h_p000p000mm/frame_0003_depth.png
20260808_151001,2026-08-08T15:12:15.246,3,0.000000,1,0.000000,0.000000,0.000000,-80.000000,-123.500000,-80.000000,-123.500000,3,ihawk1,primary,1786173134.866115093,1786173134.847769976,18.345118,1,2,BL,0.000000,1,300.931778,305.512543,300.931778,305.512543,273.967987,301.755005,306.143005,286.766815,328.342804,307.975861,295.273315,325.552490,273.967987,301.755005,306.143005,286.766815,328.342804,307.975861,295.273315,325.552490,1,IPPE_SQUARE,-27.010690,130.657563,512.941888,1.996011347,-0.650112618,0.395354485,0.100895,1,1786173134.791728020,74.387074,mono16,,0,alignment_not_asserted,raw/frames/ihawk1/h_p000p000mm/frame_0003_color.png,raw/frames/ihawk1/h_p000p000mm/frame_0003_depth.png
20260808_151001,2026-08-08T15:12:15.246,3,0.000000,1,0.000000,0.000000,0.000000,80.000000,-123.500000,80.000000,-123.500000,3,ihawk1,primary,1786173134.866115093,1786173134.847769976,18.345118,1,3,BR,0.000000,1,381.431847,265.912689,381.431847,265.912689,357.118530,263.159637,381.358459,251.214294,405.695587,268.055023,381.554810,281.221802,357.118530,263.159637,381.358459,251.214294,405.695587,268.055023,381.554810,281.221802,1,IPPE_SQUARE,86.718634,92.164888,588.234142,2.004501122,-0.668423788,0.430556294,0.120092,1,1786173134.791728020,74.387074,mono16,,0,alignment_not_asserted,raw/frames/ihawk1/h_p000p000mm/frame_0003_color.png,raw/frames/ihawk1/h_p000p000mm/frame_0003_depth.png
20260808_151001,2026-08-08T15:12:15.246,3,0.000000,1,0.000000,0.000000,0.000000,0.000000,0.000000,0.000000,0.000000,3,ihawk1,primary,1786173134.866115093,1786173134.847769976,18.345118,1,4,C,0.000000,1,297.683609,245.151215,297.683609,245.151215,275.859375,242.530899,302.046082,232.916199,319.735748,247.058945,293.093231,258.098816,275.859375,242.530899,302.046082,232.916199,319.735748,247.058945,293.093231,258.098816,1,IPPE_SQUARE,-38.615811,66.881285,635.532905,1.993503969,-0.644263908,0.411572593,0.089652,1,1786173134.791728020,74.387074,mono16,,0,alignment_not_asserted,raw/frames/ihawk1/h_p000p000mm/frame_0003_color.png,raw/frames/ihawk1/h_p000p000mm/frame_0003_depth.png
20260808_151001,2026-08-08T15:12:15.246,3,0.000000,1,0.000000,0.000000,0.000000,-80.000000,123.500000,-80.000000,123.500000,3,ihawk2,secondary,1786173134.847769976,1786173134.866115093,18.345118,1,0,TL,0.000000,1,192.235561,351.459763,192.235561,351.459763,163.280060,368.810516,177.038040,334.242706,219.109604,334.316681,209.514542,368.469147,163.280060,368.810516,177.038040,334.242706,219.109604,334.316681,209.514542,368.469147,1,IPPE_SQUARE,-147.163664,169.360282,448.909362,1.544009231,-1.560745976,0.988206953,0.096765,1,1786173134.813496113,34.273863,mono16,,0,alignment_not_asserted,raw/frames/ihawk2/h_p000p000mm/frame_0003_color.png,raw/frames/ihawk2/h_p000p000mm/frame_0003_depth.png
20260808_151001,2026-08-08T15:12:15.246,3,0.000000,1,0.000000,0.000000,0.000000,80.000000,123.500000,80.000000,123.500000,3,ihawk2,secondary,1786173134.847769976,1786173134.866115093,18.345118,1,1,TR,0.000000,1,218.305988,274.382172,218.305988,274.382172,196.519913,284.922974,205.506317,263.853516,238.531876,263.486481,232.665848,285.265717,196.519913,284.922974,205.506317,263.853516,238.531876,263.486481,232.665848,285.265717,1,IPPE_SQUARE,-148.945314,103.275807,569.259947,1.550224595,-1.564555630,0.960714938,0.215212,1,1786173134.813496113,34.273863,mono16,,0,alignment_not_asserted,raw/frames/ihawk2/h_p000p000mm/frame_0003_color.png,raw/frames/ihawk2/h_p000p000mm/frame_0003_depth.png
20260808_151001,2026-08-08T15:12:15.246,3,0.000000,1,0.000000,0.000000,0.000000,-80.000000,-123.500000,-80.000000,-123.500000,3,ihawk2,secondary,1786173134.847769976,1786173134.866115093,18.345118,1,2,BL,0.000000,1,392.806602,349.421791,392.806602,349.421791,373.798309,366.665710,368.303009,332.540100,409.576172,332.266449,419.548920,366.214905,373.798309,366.665710,368.303009,332.540100,409.576172,332.266449,419.548920,366.214905,1,IPPE_SQUARE,82.474159,167.304349,449.641651,1.535949654,-1.553633523,0.963164478,0.046710,1,1786173134.813496113,34.273863,mono16,,0,alignment_not_asserted,raw/frames/ihawk2/h_p000p000mm/frame_0003_color.png,raw/frames/ihawk2/h_p000p000mm/frame_0003_depth.png
20260808_151001,2026-08-08T15:12:15.246,3,0.000000,1,0.000000,0.000000,0.000000,80.000000,-123.500000,80.000000,-123.500000,3,ihawk2,secondary,1786173134.847769976,1786173134.866115093,18.345118,1,3,BR,0.000000,1,375.494537,273.183685,375.494537,273.183685,360.096252,283.853149,356.776093,262.667664,389.465088,262.663055,395.640717,283.550873,360.096252,283.853149,356.776093,262.667664,389.465088,262.663055,395.640717,283.550873,1,IPPE_SQUARE,79.891271,102.211684,572.994860,1.543916062,-1.561348007,0.960642280,0.083837,1,1786173134.813496113,34.273863,mono16,,0,alignment_not_asserted,raw/frames/ihawk2/h_p000p000mm/frame_0003_color.png,raw/frames/ihawk2/h_p000p000mm/frame_0003_depth.png
20260808_151001,2026-08-08T15:12:15.246,3,0.000000,1,0.000000,0.000000,0.000000,0.000000,0.000000,0.000000,0.000000,3,ihawk2,secondary,1786173134.847769976,1786173134.866115093,18.345118,1,4,C,0.000000,1,295.350998,307.431107,295.350998,307.431107,274.577637,320.636597,277.692444,294.567200,314.532196,294.192017,314.601715,320.328613,274.577637,320.636597,277.692444,294.567200,314.532196,294.192017,314.601715,320.328613,1,IPPE_SQUARE,-33.209376,135.554782,510.608914,1.529122494,-1.553341800,0.971628060,0.060837,1,1786173134.813496113,34.273863,mono16,,0,alignment_not_asserted,raw/frames/ihawk2/h_p000p000mm/frame_0003_color.png,raw/frames/ihawk2/h_p000p000mm/frame_0003_depth.png
20260808_151001,2026-08-08T15:13:29.311,4,5.000000,1,0.000000,0.000000,0.000000,-80.000000,123.500000,-80.000000,123.500000,1,ihawk1,primary,1786173209.218332052,1786173209.197771072,20.560980,1,0,TL,5.000000,1,224.293358,224.307510,224.293358,224.307510,204.264740,221.765808,231.610245,213.620483,244.910950,226.298691,216.387497,235.545059,204.264740,221.765808,231.610245,213.620483,244.910950,226.298691,216.387497,235.545059,1,IPPE_SQUARE,-163.365683,35.940773,671.641189,2.000170764,-0.637088843,0.424679885,0.067627,1,1786173209.176187992,42.144060,mono16,,0,alignment_not_asserted,raw/frames/ihawk1/h_p005p000mm/frame_0001_color.png,raw/frames/ihawk1/h_p005p000mm/frame_0001_depth.png
20260808_151001,2026-08-08T15:13:29.311,4,5.000000,1,0.000000,0.000000,0.000000,80.000000,123.500000,80.000000,123.500000,1,ihawk1,primary,1786173209.218332052,1786173209.197771072,20.560980,1,1,TR,5.000000,1,295.449448,201.117657,295.449448,201.117657,277.113983,199.290314,299.153107,192.374939,313.914734,202.370407,291.615967,210.434967,277.113983,199.290314,299.153107,192.374939,313.914734,202.370407,291.615967,210.434967,1,IPPE_SQUARE,-50.263943,-3.036293,757.580694,2.003841765,-0.656483188,0.403194401,0.126420,1,1786173209.176187992,42.144060,mono16,,0,alignment_not_asserted,raw/frames/ihawk1/h_p005p000mm/frame_0001_color.png,raw/frames/ihawk1/h_p005p000mm/frame_0001_depth.png
20260808_151001,2026-08-08T15:13:29.311,4,5.000000,1,0.000000,0.000000,0.000000,-80.000000,-123.500000,-80.000000,-123.500000,1,ihawk1,primary,1786173209.218332052,1786173209.197771072,20.560980,1,2,BL,5.000000,1,300.017868,302.492546,300.017868,302.492546,272.971680,298.736359,305.399078,283.721985,327.575226,305.156494,294.125488,322.355347,272.971680,298.736359,305.399078,283.721985,327.575226,305.156494,294.125488,322.355347,1,IPPE_SQUARE,-28.033005,126.166270,510.367936,1.999050858,-0.645656938,0.393156578,0.041076,1,1786173209.176187992,42.144060,mono16,,0,alignment_not_asserted,raw/frames/ihawk1/h_p005p000mm/frame_0001_color.png,raw/frames/ihawk1/h_p005p000mm/frame_0001_depth.png
20260808_151001,2026-08-08T15:13:29.311,4,5.000000,1,0.000000,0.000000,0.000000,80.000000,-123.500000,80.000000,-123.500000,1,ihawk1,primary,1786173209.218332052,1786173209.197771072,20.560980,1,3,BR,5.000000,0,,,,,,,,,,,,,,,,,,,,,0,,,,,,,,,1,1786173209.176187992,42.144060,mono16,,,marker_missing,raw/frames/ihawk1/h_p005p000mm/frame_0001_color.png,raw/frames/ihawk1/h_p005p000mm/frame_0001_depth.png
20260808_151001,2026-08-08T15:13:29.311,4,5.000000,1,0.000000,0.000000,0.000000,0.000000,0.000000,0.000000,0.000000,1,ihawk1,primary,1786173209.218332052,1786173209.197771072,20.560980,1,4,C,5.000000,1,297.270432,242.555683,297.270432,242.555683,275.492676,239.896286,301.636444,230.305984,319.490509,244.513474,292.462097,255.506989,275.492676,239.896286,301.636444,230.305984,319.490509,244.513474,292.462097,255.506989,1,IPPE_SQUARE,-39.128561,62.552902,633.272914,1.999353153,-0.642613587,0.408201699,0.064606,1,1786173209.176187992,42.144060,mono16,,0,alignment_not_asserted,raw/frames/ihawk1/h_p005p000mm/frame_0001_color.png,raw/frames/ihawk1/h_p005p000mm/frame_0001_depth.png
20260808_151001,2026-08-08T15:13:29.311,4,5.000000,1,0.000000,0.000000,0.000000,-80.000000,123.500000,-80.000000,123.500000,1,ihawk2,secondary,1786173209.197771072,1786173209.218332052,20.560980,1,0,TL,5.000000,1,190.995304,347.986900,190.995304,347.986900,161.616470,364.954224,175.872879,330.773438,218.269775,331.212860,208.222092,365.007080,161.616470,364.954224,175.872879,330.773438,218.269775,331.212860,208.222092,365.007080,1,IPPE_SQUARE,-147.360712,164.029351,445.257579,1.544551937,-1.548177361,0.997647116,0.107902,1,1786173209.197771072,0.000000,mono16,,0,alignment_not_asserted,raw/frames/ihawk2/h_p005p000mm/frame_0001_color.png,raw/frames/ihawk2/h_p005p000mm/frame_0001_depth.png
20260808_151001,2026-08-08T15:13:29.311,4,5.000000,1,0.000000,0.000000,0.000000,80.000000,123.500000,80.000000,123.500000,1,ihawk2,secondary,1786173209.197771072,1786173209.218332052,20.560980,1,1,TR,5.000000,1,217.996304,271.211426,217.996304,271.211426,196.028946,281.578186,205.187363,260.579590,238.405197,260.419708,232.363708,282.268219,196.028946,281.578186,205.187363,260.579590,238.405197,260.419708,232.363708,282.268219,1,IPPE_SQUARE,-148.557025,98.111231,566.085026,1.560447472,-1.562553895,0.961888293,0.239051,1,1786173209.197771072,0.000000,mono16,,0,alignment_not_asserted,raw/frames/ihawk2/h_p005p000mm/frame_0001_color.png,raw/frames/ihawk2/h_p005p000mm/frame_0001_depth.png
20260808_151001,2026-08-08T15:13:29.311,4,5.000000,1,0.000000,0.000000,0.000000,-80.000000,-123.500000,-80.000000,-123.500000,1,ihawk2,secondary,1786173209.197771072,1786173209.218332052,20.560980,1,2,BL,5.000000,1,392.821205,346.815727,392.821205,346.815727,373.717224,364.298401,368.120453,329.897217,409.748474,329.523376,419.698669,363.543915,373.717224,364.298401,368.120453,329.897217,409.748474,329.523376,419.698669,363.543915,1,IPPE_SQUARE,81.965222,163.263976,446.800801,1.536528785,-1.560186829,0.953991146,0.071137,1,1786173209.197771072,0.000000,mono16,,0,alignment_not_asserted,raw/frames/ihawk2/h_p005p000mm/frame_0001_color.png,raw/frames/ihawk2/h_p005p000mm/frame_0001_depth.png
20260808_151001,2026-08-08T15:13:29.311,4,5.000000,1,0.000000,0.000000,0.000000,80.000000,-123.500000,80.000000,-123.500000,1,ihawk2,secondary,1786173209.197771072,1786173209.218332052,20.560980,1,3,BR,5.000000,1,376.017044,270.643478,376.017044,270.643478,360.463837,281.522095,357.203613,260.072174,390.197174,259.997589,396.203552,280.982056,360.463837,281.522095,357.203613,260.072174,390.197174,259.997589,396.203552,280.982056,1,IPPE_SQUARE,80.160035,97.887153,569.509988,1.546997545,-1.565570229,0.944201774,0.109296,1,1786173209.197771072,0.000000,mono16,,0,alignment_not_asserted,raw/frames/ihawk2/h_p005p000mm/frame_0001_color.png,raw/frames/ihawk2/h_p005p000mm/frame_0001_depth.png
20260808_151001,2026-08-08T15:13:29.311,4,5.000000,1,0.000000,0.000000,0.000000,0.000000,0.000000,0.000000,0.000000,1,ihawk2,secondary,1786173209.197771072,1786173209.218332052,20.560980,1,4,C,5.000000,1,295.078606,304.631882,295.078606,304.631882,273.952087,317.845612,277.532684,291.572968,314.391724,291.469635,314.437927,317.639313,273.952087,317.845612,277.532684,291.572968,314.391724,291.469635,314.437927,317.639313,1,IPPE_SQUARE,-33.350391,131.062973,507.381339,1.538481929,-1.552639666,0.965820858,0.055834,1,1786173209.197771072,0.000000,mono16,,0,alignment_not_asserted,raw/frames/ihawk2/h_p005p000mm/frame_0001_color.png,raw/frames/ihawk2/h_p005p000mm/frame_0001_depth.png
20260808_151001,2026-08-08T15:13:29.478,4,5.000000,1,0.000000,0.000000,0.000000,-80.000000,123.500000,-80.000000,123.500000,2,ihawk1,primary,1786173209.240329981,1786173209.227338076,12.991905,1,0,TL,5.000000,1,224.295414,224.320854,224.295414,224.320854,204.258926,221.821320,231.679947,213.607162,244.848206,226.310043,216.394577,235.544891,204.258926,221.821320,231.679947,213.607162,244.848206,226.310043,216.394577,235.544891,1,IPPE_SQUARE,-163.457103,35.983780,672.024802,2.000528161,-0.636665310,0.420777416,0.024456,1,1786173209.176187992,64.141989,mono16,,0,alignment_not_asserted,raw/frames/ihawk1/h_p005p000mm/frame_0002_color.png,raw/frames/ihawk1/h_p005p000mm/frame_0002_depth.png
20260808_151001,2026-08-08T15:13:29.478,4,5.000000,1,0.000000,0.000000,0.000000,80.000000,123.500000,80.000000,123.500000,2,ihawk1,primary,1786173209.240329981,1786173209.227338076,12.991905,1,1,TR,5.000000,1,295.462509,201.102791,295.462509,201.102791,277.107758,199.294449,299.159332,192.387497,313.911499,202.370056,291.671448,210.359161,277.107758,199.294449,299.159332,192.387497,313.911499,202.370056,291.671448,210.359161,1,IPPE_SQUARE,-50.252667,-3.063806,757.787026,2.001566881,-0.656518473,0.405451919,0.122485,1,1786173209.176187992,64.141989,mono16,,0,alignment_not_asserted,raw/frames/ihawk1/h_p005p000mm/frame_0002_color.png,raw/frames/ihawk1/h_p005p000mm/frame_0002_depth.png
20260808_151001,2026-08-08T15:13:29.478,4,5.000000,1,0.000000,0.000000,0.000000,-80.000000,-123.500000,-80.000000,-123.500000,2,ihawk1,primary,1786173209.240329981,1786173209.227338076,12.991905,1,2,BL,5.000000,1,300.013359,302.490112,300.013359,302.490112,272.973328,298.741302,305.399109,283.720337,327.587891,305.167633,294.093109,322.331177,272.973328,298.741302,305.399109,283.720337,327.587891,305.167633,294.093109,322.331177,1,IPPE_SQUARE,-28.030865,126.127418,510.223681,1.998430913,-0.645076206,0.392785036,0.038952,1,1786173209.176187992,64.141989,mono16,,0,alignment_not_asserted,raw/frames/ihawk1/h_p005p000mm/frame_0002_color.png,raw/frames/ihawk1/h_p005p000mm/frame_0002_depth.png
20260808_151001,2026-08-08T15:13:29.478,4,5.000000,1,0.000000,0.000000,0.000000,80.000000,-123.500000,80.000000,-123.500000,2,ihawk1,primary,1786173209.240329981,1786173209.227338076,12.991905,1,3,BR,5.000000,0,,,,,,,,,,,,,,,,,,,,,0,,,,,,,,,1,1786173209.176187992,64.141989,mono16,,,marker_missing,raw/frames/ihawk1/h_p005p000mm/frame_0002_color.png,raw/frames/ihawk1/h_p005p000mm/frame_0002_depth.png
20260808_151001,2026-08-08T15:13:29.478,4,5.000000,1,0.000000,0.000000,0.000000,0.000000,0.000000,0.000000,0.000000,2,ihawk1,primary,1786173209.240329981,1786173209.227338076,12.991905,1,4,C,5.000000,1,297.247177,242.557312,297.247177,242.557312,275.487122,239.909012,301.619965,230.311172,319.489410,244.515030,292.392212,255.494034,275.487122,239.909012,301.619965,230.311172,319.489410,244.515030,292.392212,255.494034,1,IPPE_SQUARE,-39.152791,62.535102,633.066739,1.998665638,-0.641862781,0.406762369,0.072522,1,1786173209.176187992,64.141989,mono16,,0,alignment_not_asserted,raw/frames/ihawk1/h_p005p000mm/frame_0002_color.png,raw/frames/ihawk1/h_p005p000mm/frame_0002_depth.png
20260808_151001,2026-08-08T15:13:29.478,4,5.000000,1,0.000000,0.000000,0.000000,-80.000000,123.500000,-80.000000,123.500000,2,ihawk2,secondary,1786173209.227338076,1786173209.240329981,12.991905,1,0,TL,5.000000,1,190.983475,347.959808,190.983475,347.959808,161.614899,364.954437,175.872879,330.773438,218.247681,331.115753,208.198441,364.995605,161.614899,364.954437,175.872879,330.773438,218.247681,331.115753,208.198441,364.995605,1,IPPE_SQUARE,-147.402350,164.027280,445.336654,1.544430628,-1.549589856,0.994551259,0.092974,1,1786173209.197771072,29.567003,mono16,,0,alignment_not_asserted,raw/frames/ihawk2/h_p005p000mm/frame_0002_color.png,raw/frames/ihawk2/h_p005p000mm/frame_0002_depth.png
20260808_151001,2026-08-08T15:13:29.478,4,5.000000,1,0.000000,0.000000,0.000000,80.000000,123.500000,80.000000,123.500000,2,ihawk2,secondary,1786173209.227338076,1786173209.240329981,12.991905,1,1,TR,5.000000,1,217.979851,271.215546,217.979851,271.215546,196.028946,281.578186,205.099182,260.595764,238.411880,260.423676,232.379395,282.264557,196.028946,281.578186,205.099182,260.595764,238.411880,260.423676,232.379395,282.264557,1,IPPE_SQUARE,-148.420484,98.011580,565.479669,1.559129781,-1.563062047,0.964781343,0.233952,1,1786173209.197771072,29.567003,mono16,,0,alignment_not_asserted,raw/frames/ihawk2/h_p005p000mm/frame_0002_color.png,raw/frames/ihawk2/h_p005p000mm/frame_0002_depth.png
20260808_151001,2026-08-08T15:13:29.478,4,5.000000,1,0.000000,0.000000,0.000000,-80.000000,-123.500000,-80.000000,-123.500000,2,ihawk2,secondary,1786173209.227338076,1786173209.240329981,12.991905,1,2,BL,5.000000,1,392.849571,346.821236,392.849571,346.821236,373.720734,364.306335,368.119354,329.898956,409.860138,329.535828,419.698059,363.543823,373.720734,364.306335,368.119354,329.898956,409.860138,329.535828,419.698059,363.543823,1,IPPE_SQUARE,81.925266,163.128298,446.415807,1.535649005,-1.558410552,0.952388541,0.084914,1,1786173209.197771072,29.567003,mono16,,0,alignment_not_asserted,raw/frames/ihawk2/h_p005p000mm/frame_0002_color.png,raw/frames/ihawk2/h_p005p000mm/frame_0002_depth.png
20260808_151001,2026-08-08T15:13:29.478,4,5.000000,1,0.000000,0.000000,0.000000,80.000000,-123.500000,80.000000,-123.500000,2,ihawk2,secondary,1786173209.227338076,1786173209.240329981,12.991905,1,3,BR,5.000000,1,375.945732,270.654327,375.945732,270.654327,360.471252,281.520325,357.203796,260.072235,390.002319,259.994629,396.105560,281.030121,360.471252,281.520325,357.203796,260.072235,390.002319,259.994629,396.105560,281.030121,1,IPPE_SQUARE,80.370460,98.286469,571.724315,1.549953195,-1.569866736,0.945466376,0.105327,1,1786173209.197771072,29.567003,mono16,,0,alignment_not_asserted,raw/frames/ihawk2/h_p005p000mm/frame_0002_color.png,raw/frames/ihawk2/h_p005p000mm/frame_0002_depth.png
20260808_151001,2026-08-08T15:13:29.478,4,5.000000,1,0.000000,0.000000,0.000000,0.000000,0.000000,0.000000,0.000000,2,ihawk2,secondary,1786173209.227338076,1786173209.240329981,12.991905,1,4,C,5.000000,1,295.086639,304.640930,295.086639,304.640930,273.952087,317.845612,277.534393,291.563934,314.411407,291.521149,314.448669,317.633026,273.952087,317.845612,277.534393,291.563934,314.411407,291.521149,314.448669,317.633026,1,IPPE_SQUARE,-33.327518,131.028468,507.202307,1.538373555,-1.551543645,0.967400736,0.059612,1,1786173209.197771072,29.567003,mono16,,0,alignment_not_asserted,raw/frames/ihawk2/h_p005p000mm/frame_0002_color.png,raw/frames/ihawk2/h_p005p000mm/frame_0002_depth.png
20260808_151001,2026-08-08T15:13:29.642,4,5.000000,1,0.000000,0.000000,0.000000,-80.000000,123.500000,-80.000000,123.500000,3,ihawk1,primary,1786173209.276171923,1786173209.267740011,8.431911,1,0,TL,5.000000,1,224.304596,224.326481,224.304596,224.326481,204.267395,221.843628,231.711761,213.607193,244.884399,226.307236,216.354828,235.547867,204.267395,221.843628,231.711761,213.607193,244.884399,226.307236,216.354828,235.547867,1,IPPE_SQUARE,-163.232898,35.946402,671.165767,1.999644546,-0.636019187,0.418687313,0.033401,1,1786173209.218332052,57.839870,mono16,,0,alignment_not_asserted,raw/frames/ihawk1/h_p005p000mm/frame_0003_color.png,raw/frames/ihawk1/h_p005p000mm/frame_0003_depth.png
20260808_151001,2026-08-08T15:13:29.642,4,5.000000,1,0.000000,0.000000,0.000000,80.000000,123.500000,80.000000,123.500000,3,ihawk1,primary,1786173209.276171923,1786173209.267740011,8.431911,1,1,TR,5.000000,1,295.426620,201.112293,295.426620,201.112293,277.115173,199.286560,299.132904,192.364227,313.923370,202.356339,291.535034,210.442047,277.115173,199.286560,299.132904,192.364227,313.923370,202.356339,291.535034,210.442047,1,IPPE_SQUARE,-50.279536,-3.045215,757.162355,2.003986668,-0.655724123,0.401115212,0.119199,1,1786173209.218332052,57.839870,mono16,,0,alignment_not_asserted,raw/frames/ihawk1/h_p005p000mm/frame_0003_color.png,raw/frames/ihawk1/h_p005p000mm/frame_0003_depth.png
20260808_151001,2026-08-08T15:13:29.642,4,5.000000,1,0.000000,0.000000,0.000000,-80.000000,-123.500000,-80.000000,-123.500000,3,ihawk1,primary,1786173209.276171923,1786173209.267740011,8.431911,1,2,BL,5.000000,1,299.987442,302.485664,299.987442,302.485664,272.973328,298.741302,305.398438,283.720551,327.573608,305.162628,294.004395,322.318176,272.973328,298.741302,305.398438,283.720551,327.573608,305.162628,294.004395,322.318176,1,IPPE_SQUARE,-28.062252,126.111626,510.182503,1.998015851,-0.644241543,0.390487408,0.032055,1,1786173209.218332052,57.839870,mono16,,0,alignment_not_asserted,raw/frames/ihawk1/h_p005p000mm/frame_0003_color.png,raw/frames/ihawk1/h_p005p000mm/frame_0003_depth.png
20260808_151001,2026-08-08T15:13:29.642,4,5.000000,1,0.000000,0.000000,0.000000,80.000000,-123.500000,80.000000,-123.500000,3,ihawk1,primary,1786173209.276171923,1786173209.267740011,8.431911,1,3,BR,5.000000,0,,,,,,,,,,,,,,,,,,,,,0,,,,,,,,,1,1786173209.218332052,57.839870,mono16,,,marker_missing,raw/frames/ihawk1/h_p005p000mm/frame_0003_color.png,raw/frames/ihawk1/h_p005p000mm/frame_0003_depth.png
20260808_151001,2026-08-08T15:13:29.642,4,5.000000,1,0.000000,0.000000,0.000000,0.000000,0.000000,0.000000,0.000000,3,ihawk1,primary,1786173209.276171923,1786173209.267740011,8.431911,1,4,C,5.000000,1,297.247574,242.553371,297.247574,242.553371,275.491089,239.891846,301.617584,230.312576,319.489410,244.515030,292.392212,255.494034,275.491089,239.891846,301.617584,230.312576,319.489410,244.515030,292.392212,255.494034,1,IPPE_SQUARE,-39.155238,62.534226,633.120249,1.998873566,-0.641650498,0.407285089,0.077078,1,1786173209.218332052,57.839870,mono16,,0,alignment_not_asserted,raw/frames/ihawk1/h_p005p000mm/frame_0003_color.png,raw/frames/ihawk1/h_p005p000mm/frame_0003_depth.png
20260808_151001,2026-08-08T15:13:29.642,4,5.000000,1,0.000000,0.000000,0.000000,-80.000000,123.500000,-80.000000,123.500000,3,ihawk2,secondary,1786173209.267740011,1786173209.276171923,8.431911,1,0,TL,5.000000,1,191.001537,347.947426,191.001537,347.947426,161.615967,364.954437,175.888489,330.776001,218.247681,331.115753,208.254013,364.943512,161.615967,364.954437,175.888489,330.776001,218.247681,331.115753,208.254013,364.943512,1,IPPE_SQUARE,-147.343402,163.971001,445.222035,1.543199262,-1.549480727,0.995478487,0.087541,1,1786173209.227338076,40.401936,mono16,,0,alignment_not_asserted,raw/frames/ihawk2/h_p005p000mm/frame_0003_color.png,raw/frames/ihawk2/h_p005p000mm/frame_0003_depth.png
20260808_151001,2026-08-08T15:13:29.642,4,5.000000,1,0.000000,0.000000,0.000000,80.000000,123.500000,80.000000,123.500000,3,ihawk2,secondary,1786173209.267740011,1786173209.276171923,8.431911,1,1,TR,5.000000,1,217.971153,271.212791,217.971153,271.212791,196.049591,281.574921,205.079880,260.605225,238.401810,260.423035,232.353333,282.247986,196.049591,281.574921,205.079880,260.605225,238.401810,260.423035,232.353333,282.247986,1,IPPE_SQUARE,-148.518637,98.064646,565.804617,1.558774813,-1.563311688,0.964829663,0.229508,1,1786173209.227338076,40.401936,mono16,,0,alignment_not_asserted,raw/frames/ihawk2/h_p005p000mm/frame_0003_color.png,raw/frames/ihawk2/h_p005p000mm/frame_0003_depth.png
20260808_151001,2026-08-08T15:13:29.642,4,5.000000,1,0.000000,0.000000,0.000000,-80.000000,-123.500000,-80.000000,-123.500000,3,ihawk2,secondary,1786173209.267740011,1786173209.276171923,8.431911,1,2,BL,5.000000,1,392.864204,346.815979,392.864204,346.815979,373.717224,364.298401,368.120453,329.897217,409.871124,329.513306,419.748016,363.554993,373.717224,364.298401,368.120453,329.897217,409.871124,329.513306,419.748016,363.554993,1,IPPE_SQUARE,81.880296,162.999007,446.081913,1.535381521,-1.558306507,0.952806448,0.071915,1,1786173209.227338076,40.401936,mono16,,0,alignment_not_asserted,raw/frames/ihawk2/h_p005p000mm/frame_0003_color.png,raw/frames/ihawk2/h_p005p000mm/frame_0003_depth.png
20260808_151001,2026-08-08T15:13:29.642,4,5.000000,1,0.000000,0.000000,0.000000,80.000000,-123.500000,80.000000,-123.500000,3,ihawk2,secondary,1786173209.267740011,1786173209.276171923,8.431911,1,3,BR,5.000000,1,375.980164,270.636864,375.980164,270.636864,360.452789,281.512817,357.195587,260.074432,390.116791,259.932404,396.155487,281.027802,360.452789,281.512817,357.195587,260.074432,390.116791,259.932404,396.155487,281.027802,1,IPPE_SQUARE,80.225910,98.023035,570.354169,1.548695649,-1.568318305,0.942888421,0.082428,1,1786173209.227338076,40.401936,mono16,,0,alignment_not_asserted,raw/frames/ihawk2/h_p005p000mm/frame_0003_color.png,raw/frames/ihawk2/h_p005p000mm/frame_0003_depth.png
20260808_151001,2026-08-08T15:13:29.642,4,5.000000,1,0.000000,0.000000,0.000000,0.000000,0.000000,0.000000,0.000000,3,ihawk2,secondary,1786173209.267740011,1786173209.276171923,8.431911,1,4,C,5.000000,1,295.084236,304.624496,295.084236,304.624496,273.952118,317.845337,277.540894,291.593628,314.391724,291.469635,314.452209,317.589386,273.952118,317.845337,277.540894,291.593628,314.391724,291.469635,314.452209,317.589386,1,IPPE_SQUARE,-33.340477,131.041735,507.334368,1.536833378,-1.552164851,0.965734433,0.062482,1,1786173209.227338076,40.401936,mono16,,0,alignment_not_asserted,raw/frames/ihawk2/h_p005p000mm/frame_0003_color.png,raw/frames/ihawk2/h_p005p000mm/frame_0003_depth.png
20260808_151001,2026-08-08T15:13:38.111,5,5.000000,1,0.000000,0.000000,0.000000,-80.000000,123.500000,-80.000000,123.500000,1,ihawk1,primary,1786173218.018771887,1786173218.009305954,9.465933,1,0,TL,5.000000,1,224.305637,224.306957,224.305637,224.306957,204.315979,221.825775,231.640930,213.592819,244.874756,226.280060,216.390884,235.529175,204.315979,221.825775,231.640930,213.592819,244.874756,226.280060,216.390884,235.529175,1,IPPE_SQUARE,-163.585534,35.993026,672.620550,2.000623331,-0.637653592,0.420383008,0.055120,1,1786173217.956024885,62.747002,mono16,,0,alignment_not_asserted,raw/frames/ihawk1/h_p005p000mm/frame_0001_color.png,raw/frames/ihawk1/h_p005p000mm/frame_0001_depth.png
20260808_151001,2026-08-08T15:13:38.111,5,5.000000,1,0.000000,0.000000,0.000000,80.000000,123.500000,80.000000,123.500000,1,ihawk1,primary,1786173218.018771887,1786173218.009305954,9.465933,1,1,TR,5.000000,1,295.422462,201.124928,295.422462,201.124928,277.112244,199.306152,299.202972,192.335770,313.824554,202.366806,291.550079,210.490982,277.112244,199.306152,299.202972,192.335770,313.824554,202.366806,291.550079,210.490982,1,IPPE_SQUARE,-50.397815,-3.027972,758.807650,2.007399574,-0.655613315,0.397022019,0.139016,1,1786173217.956024885,62.747002,mono16,,0,alignment_not_asserted,raw/frames/ihawk1/h_p005p000mm/frame_0001_color.png,raw/frames/ihawk1/h_p005p000mm/frame_0001_depth.png
20260808_151001,2026-08-08T15:13:38.111,5,5.000000,1,0.000000,0.000000,0.000000,-80.000000,-123.500000,-80.000000,-123.500000,1,ihawk1,primary,1786173218.018771887,1786173218.009305954,9.465933,1,2,BL,5.000000,1,299.994400,302.620560,299.994400,302.620560,272.948608,298.750916,305.332794,284.207977,327.585175,305.205139,294.111023,322.318207,272.948608,298.750916,305.332794,284.207977,327.585175,305.205139,294.111023,322.318207,1,IPPE_SQUARE,-28.041835,126.253436,510.047696,1.987002131,-0.640674798,0.401818722,0.083976,1,1786173217.956024885,62.747002,mono16,,0,alignment_not_asserted,raw/frames/ihawk1/h_p005p000mm/frame_0001_color.png,raw/frames/ihawk1/h_p005p000mm/frame_0001_depth.png
20260808_151001,2026-08-08T15:13:38.111,5,5.000000,1,0.000000,0.000000,0.000000,80.000000,-123.500000,80.000000,-123.500000,1,ihawk1,primary,1786173218.018771887,1786173218.009305954,9.465933,1,3,BR,5.000000,0,,,,,,,,,,,,,,,,,,,,,0,,,,,,,,,1,1786173217.956024885,62.747002,mono16,,,marker_missing,raw/frames/ihawk1/h_p005p000mm/frame_0001_color.png,raw/frames/ihawk1/h_p005p000mm/frame_0001_depth.png
20260808_151001,2026-08-08T15:13:38.111,5,5.000000,1,0.000000,0.000000,0.000000,0.000000,0.000000,0.000000,0.000000,1,ihawk1,primary,1786173218.018771887,1786173218.009305954,9.465933,1,4,C,5.000000,1,297.300339,242.649857,297.300339,242.649857,275.455414,240.098694,301.653107,230.378510,319.515564,244.527496,292.577271,255.594727,275.455414,240.098694,301.653107,230.378510,319.515564,244.527496,292.577271,255.594727,1,IPPE_SQUARE,-39.047845,62.644160,632.701395,1.996580784,-0.646549119,0.406247778,0.038781,1,1786173217.956024885,62.747002,mono16,,0,alignment_not_asserted,raw/frames/ihawk1/h_p005p000mm/frame_0001_color.png,raw/frames/ihawk1/h_p005p000mm/frame_0001_depth.png
20260808_151001,2026-08-08T15:13:38.111,5,5.000000,1,0.000000,0.000000,0.000000,-80.000000,123.500000,-80.000000,123.500000,1,ihawk2,secondary,1786173218.009305954,1786173218.018771887,9.465933,1,0,TL,5.000000,1,190.961685,347.880898,190.961685,347.880898,161.616882,364.941040,175.869843,330.660645,218.178207,330.927948,208.181808,364.993958,161.616882,364.941040,175.869843,330.660645,218.178207,330.927948,208.181808,364.993958,1,IPPE_SQUARE,-147.541101,164.059896,445.671198,1.547600501,-1.553545018,0.989756014,0.067170,1,1786173218.009305954,0.000000,mono16,,0,alignment_not_asserted,raw/frames/ihawk2/h_p005p000mm/frame_0001_color.png,raw/frames/ihawk2/h_p005p000mm/frame_0001_depth.png
20260808_151001,2026-08-08T15:13:38.111,5,5.000000,1,0.000000,0.000000,0.000000,80.000000,123.500000,80.000000,123.500000,1,ihawk2,secondary,1786173218.009305954,1786173218.018771887,9.465933,1,1,TR,5.000000,1,217.970951,271.214211,217.970951,271.214211,196.063950,281.579468,205.066635,260.607880,238.400162,260.435028,232.353058,282.234467,196.063950,281.579468,205.066635,260.607880,238.400162,260.435028,232.353058,282.234467,1,IPPE_SQUARE,-148.544267,98.083892,565.901803,1.558442885,-1.563464449,0.965518724,0.221389,1,1786173218.009305954,0.000000,mono16,,0,alignment_not_asserted,raw/frames/ihawk2/h_p005p000mm/frame_0001_color.png,raw/frames/ihawk2/h_p005p000mm/frame_0001_depth.png
20260808_151001,2026-08-08T15:13:38.111,5,5.000000,1,0.000000,0.000000,0.000000,-80.000000,-123.500000,-80.000000,-123.500000,1,ihawk2,secondary,1786173218.009305954,1786173218.018771887,9.465933,1,2,BL,5.000000,1,392.826195,346.896446,392.826195,346.896446,373.746887,364.293732,368.098755,330.198883,409.756500,329.553833,419.702637,363.539337,373.746887,364.293732,368.098755,330.198883,409.756500,329.553833,419.702637,363.539337,1,IPPE_SQUARE,81.993900,163.412972,446.949122,1.529615239,-1.557701981,0.952939330,0.018186,1,1786173218.009305954,0.000000,mono16,,0,alignment_not_asserted,raw/frames/ihawk2/h_p005p000mm/frame_0001_color.png,raw/frames/ihawk2/h_p005p000mm/frame_0001_depth.png
20260808_151001,2026-08-08T15:13:38.111,5,5.000000,1,0.000000,0.000000,0.000000,80.000000,-123.500000,80.000000,-123.500000,1,ihawk2,secondary,1786173218.009305954,1786173218.018771887,9.465933,1,3,BR,5.000000,1,376.011169,270.650269,376.011169,270.650269,360.469299,281.521881,357.169312,260.101868,390.203583,259.994690,396.202484,280.982635,360.469299,281.521881,357.169312,260.101868,390.203583,259.994690,396.202484,280.982635,1,IPPE_SQUARE,80.109660,97.846317,569.216233,1.545898876,-1.565318667,0.944577439,0.098964,1,1786173218.009305954,0.000000,mono16,,0,alignment_not_asserted,raw/frames/ihawk2/h_p005p000mm/frame_0001_color.png,raw/frames/ihawk2/h_p005p000mm/frame_0001_depth.png
20260808_151001,2026-08-08T15:13:38.111,5,5.000000,1,0.000000,0.000000,0.000000,0.000000,0.000000,0.000000,0.000000,1,ihawk2,secondary,1786173218.009305954,1786173218.018771887,9.465933,1,4,C,5.000000,1,295.069901,304.720573,295.069901,304.720573,273.965210,317.955627,277.502441,291.644226,314.393890,291.582336,314.418060,317.700104,273.965210,317.955627,277.502441,291.644226,314.393890,291.582336,314.418060,317.700104,1,IPPE_SQUARE,-33.362053,131.180747,507.391992,1.538137879,-1.552566629,0.966656971,0.051819,1,1786173218.009305954,0.000000,mono16,,0,alignment_not_asserted,raw/frames/ihawk2/h_p005p000mm/frame_0001_color.png,raw/frames/ihawk2/h_p005p000mm/frame_0001_depth.png
20260808_151001,2026-08-08T15:13:38.274,5,5.000000,1,0.000000,0.000000,0.000000,-80.000000,123.500000,-80.000000,123.500000,2,ihawk1,primary,1786173218.056030035,1786173218.037826061,18.203974,1,0,TL,5.000000,1,224.310036,224.293472,224.310036,224.293472,204.272705,221.815796,231.667923,213.576080,244.910324,226.259949,216.389191,235.522064,204.272705,221.815796,231.667923,213.576080,244.910324,226.259949,216.389191,235.522064,1,IPPE_SQUARE,-163.259375,35.899291,671.312690,1.999578127,-0.637637081,0.420355542,0.046177,1,1786173217.956024885,100.005150,mono16,,0,alignment_not_asserted,raw/frames/ihawk1/h_p005p000mm/frame_0002_color.png,raw/frames/ihawk1/h_p005p000mm/frame_0002_depth.png
20260808_151001,2026-08-08T15:13:38.274,5,5.000000,1,0.000000,0.000000,0.000000,80.000000,123.500000,80.000000,123.500000,2,ihawk1,primary,1786173218.056030035,1786173218.037826061,18.203974,1,1,TR,5.000000,1,295.429764,201.120716,295.429764,201.120716,277.107788,199.290894,299.192322,192.349548,313.898071,202.373566,291.520874,210.468857,277.107788,199.290894,299.192322,192.349548,313.898071,202.373566,291.520874,210.468857,1,IPPE_SQUARE,-50.277233,-3.030084,757.209305,2.005551483,-0.654527335,0.398483517,0.124781,1,1786173217.956024885,100.005150,mono16,,0,alignment_not_asserted,raw/frames/ihawk1/h_p005p000mm/frame_0002_color.png,raw/frames/ihawk1/h_p005p000mm/frame_0002_depth.png
20260808_151001,2026-08-08T15:13:38.274,5,5.000000,1,0.000000,0.000000,0.000000,-80.000000,-123.500000,-80.000000,-123.500000,2,ihawk1,primary,1786173218.056030035,1786173218.037826061,18.203974,1,2,BL,5.000000,1,299.994774,302.616592,299.994774,302.616592,272.948608,298.750916,305.332794,284.207977,327.585236,305.213959,294.112457,322.293518,272.948608,298.750916,305.332794,284.207977,327.585236,305.213959,294.112457,322.293518,1,IPPE_SQUARE,-28.042225,126.253358,510.066516,1.986661131,-0.640393287,0.402241124,0.076036,1,1786173217.956024885,100.005150,mono16,,0,alignment_not_asserted,raw/frames/ihawk1/h_p005p000mm/frame_0002_color.png,raw/frames/ihawk1/h_p005p000mm/frame_0002_depth.png
20260808_151001,2026-08-08T15:13:38.274,5,5.000000,1,0.000000,0.000000,0.000000,80.000000,-123.500000,80.000000,-123.500000,2,ihawk1,primary,1786173218.056030035,1786173218.037826061,18.203974,1,3,BR,5.000000,0,,,,,,,,,,,,,,,,,,,,,0,,,,,,,,,1,1786173217.956024885,100.005150,mono16,,,marker_missing,raw/frames/ihawk1/h_p005p000mm/frame_0002_color.png,raw/frames/ihawk1/h_p005p000mm/frame_0002_depth.png
20260808_151001,2026-08-08T15:13:38.274,5,5.000000,1,0.000000,0.000000,0.000000,0.000000,0.000000,0.000000,0.000000,2,ihawk1,primary,1786173218.056030035,1786173218.037826061,18.203974,1,4,C,5.000000,1,297.315178,242.633415,297.315178,242.633415,275.506104,240.073181,301.660797,230.332718,319.508606,244.529221,292.585205,255.598541,275.506104,240.073181,301.660797,230.332718,319.508606,244.529221,292.585205,255.598541,1,IPPE_SQUARE,-39.074208,62.698182,633.506187,1.999029099,-0.646771603,0.405776620,0.035334,1,1786173217.956024885,100.005150,mono16,,0,alignment_not_asserted,raw/frames/ihawk1/h_p005p000mm/frame_0002_color.png,raw/frames/ihawk1/h_p005p000mm/frame_0002_depth.png
20260808_151001,2026-08-08T15:13:38.274,5,5.000000,1,0.000000,0.000000,0.000000,-80.000000,123.500000,-80.000000,123.500000,2,ihawk2,secondary,1786173218.037826061,1786173218.056030035,18.203974,1,0,TL,5.000000,1,190.988083,347.911842,190.988083,347.911842,161.596878,364.933044,175.904007,330.706268,218.210266,330.997101,208.241180,365.010956,161.596878,364.933044,175.904007,330.706268,218.210266,330.997101,208.241180,365.010956,1,IPPE_SQUARE,-147.405434,163.979369,445.357715,1.546356935,-1.551715699,0.992204623,0.052069,1,1786173218.009305954,28.520107,mono16,,0,alignment_not_asserted,raw/frames/ihawk2/h_p005p000mm/frame_0002_color.png,raw/frames/ihawk2/h_p005p000mm/frame_0002_depth.png
20260808_151001,2026-08-08T15:13:38.274,5,5.000000,1,0.000000,0.000000,0.000000,80.000000,123.500000,80.000000,123.500000,2,ihawk2,secondary,1786173218.037826061,1786173218.056030035,18.203974,1,1,TR,5.000000,1,218.003292,271.208023,218.003292,271.208023,196.052002,281.571136,205.207565,260.564789,238.407318,260.441162,232.346283,282.255005,196.052002,281.571136,205.207565,260.564789,238.407318,260.441162,232.346283,282.255005,1,IPPE_SQUARE,-148.665618,98.185510,566.536758,1.561031334,-1.562223941,0.961918217,0.227040,1,1786173218.009305954,28.520107,mono16,,0,alignment_not_asserted,raw/frames/ihawk2/h_p005p000mm/frame_0002_color.png,raw/frames/ihawk2/h_p005p000mm/frame_0002_depth.png
20260808_151001,2026-08-08T15:13:38.274,5,5.000000,1,0.000000,0.000000,0.000000,-80.000000,-123.500000,-80.000000,-123.500000,2,ihawk2,secondary,1786173218.037826061,1786173218.056030035,18.203974,1,2,BL,5.000000,1,392.873627,346.897362,392.873627,346.897362,373.746887,364.293732,368.160156,330.189514,409.879364,329.567932,419.708099,363.538269,373.746887,364.293732,368.160156,330.189514,409.879364,329.567932,419.708099,363.538269,1,IPPE_SQUARE,82.027104,163.375015,446.843285,1.529390323,-1.555910710,0.950176768,0.035706,1,1786173218.009305954,28.520107,mono16,,0,alignment_not_asserted,raw/frames/ihawk2/h_p005p000mm/frame_0002_color.png,raw/frames/ihawk2/h_p005p000mm/frame_0002_depth.png
20260808_151001,2026-08-08T15:13:38.274,5,5.000000,1,0.000000,0.000000,0.000000,80.000000,-123.500000,80.000000,-123.500000,2,ihawk2,secondary,1786173218.037826061,1786173218.056030035,18.203974,1,3,BR,5.000000,1,376.010017,270.633888,376.010017,270.633888,360.496613,281.524048,357.195526,260.074249,390.186523,259.992920,396.161407,280.944336,360.496613,281.524048,357.195526,260.074249,390.186523,259.992920,396.161407,280.944336,1,IPPE_SQUARE,80.238197,97.982288,570.137753,1.546571603,-1.566186567,0.943699030,0.115402,1,1786173218.009305954,28.520107,mono16,,0,alignment_not_asserted,raw/frames/ihawk2/h_p005p000mm/frame_0002_color.png,raw/frames/ihawk2/h_p005p000mm/frame_0002_depth.png
20260808_151001,2026-08-08T15:13:38.274,5,5.000000,1,0.000000,0.000000,0.000000,0.000000,0.000000,0.000000,0.000000,2,ihawk2,secondary,1786173218.037826061,1786173218.056030035,18.203974,1,4,C,5.000000,1,295.064331,304.717163,295.064331,304.717163,273.926514,317.952057,277.509125,291.641907,314.393768,291.588470,314.427917,317.686218,273.926514,317.952057,277.509125,291.641907,314.393768,291.588470,314.427917,317.686218,1,IPPE_SQUARE,-33.350793,131.103151,507.110564,1.537584613,-1.551744070,0.966654893,0.064629,1,1786173218.009305954,28.520107,mono16,,0,alignment_not_asserted,raw/frames/ihawk2/h_p005p000mm/frame_0002_color.png,raw/frames/ihawk2/h_p005p000mm/frame_0002_depth.png
20260808_151001,2026-08-08T15:13:38.435,5,5.000000,1,0.000000,0.000000,0.000000,-80.000000,123.500000,-80.000000,123.500000,3,ihawk1,primary,1786173218.084517956,1786173218.077789068,6.728888,1,0,TL,5.000000,1,224.344395,224.255047,224.344395,224.255047,204.304504,221.837845,231.705612,213.562042,244.913940,226.086945,216.453522,235.533356,204.304504,221.837845,231.705612,213.562042,244.913940,226.086945,216.453522,235.533356,1,IPPE_SQUARE,-163.250141,35.845237,671.501029,1.997845528,-0.640925325,0.415457087,0.055507,1,1786173218.018771887,65.746069,mono16,,0,alignment_not_asserted,raw/frames/ihawk1/h_p005p000mm/frame_0003_color.png,raw/frames/ihawk1/h_p005p000mm/frame_0003_depth.png
20260808_151001,2026-08-08T15:13:38.435,5,5.000000,1,0.000000,0.000000,0.000000,80.000000,123.500000,80.000000,123.500000,3,ihawk1,primary,1786173218.084517956,1786173218.077789068,6.728888,1,1,TR,5.000000,1,295.447334,201.086071,295.447334,201.086071,277.096863,199.272186,299.120636,192.339386,313.875275,202.365036,291.696564,210.367676,277.096863,199.272186,299.120636,192.339386,313.875275,202.365036,291.696564,210.367676,1,IPPE_SQUARE,-50.332734,-3.098774,758.566307,2.003826851,-0.658176493,0.406839430,0.124378,1,1786173218.018771887,65.746069,mono16,,0,alignment_not_asserted,raw/frames/ihawk1/h_p005p000mm/frame_0003_color.png,raw/frames/ihawk1/h_p005p000mm/frame_0003_depth.png
20260808_151001,2026-08-08T15:13:38.435,5,5.000000,1,0.000000,0.000000,0.000000,-80.000000,-123.500000,-80.000000,-123.500000,3,ihawk1,primary,1786173218.084517956,1786173218.077789068,6.728888,1,2,BL,5.000000,1,299.994064,302.612053,299.994064,302.612053,272.923279,298.752838,305.339050,284.200104,327.584991,305.197815,294.128937,322.297455,272.923279,298.752838,305.339050,284.200104,327.584991,305.197815,294.128937,322.297455,1,IPPE_SQUARE,-28.031590,126.194642,509.854800,1.986363286,-0.640728675,0.402195351,0.081776,1,1786173218.018771887,65.746069,mono16,,0,alignment_not_asserted,raw/frames/ihawk1/h_p005p000mm/frame_0003_color.png,raw/frames/ihawk1/h_p005p000mm/frame_0003_depth.png
20260808_151001,2026-08-08T15:13:38.435,5,5.000000,1,0.000000,0.000000,0.000000,80.000000,-123.500000,80.000000,-123.500000,3,ihawk1,primary,1786173218.084517956,1786173218.077789068,6.728888,1,3,BR,5.000000,0,,,,,,,,,,,,,,,,,,,,,0,,,,,,,,,1,1786173218.018771887,65.746069,mono16,,,marker_missing,raw/frames/ihawk1/h_p005p000mm/frame_0003_color.png,raw/frames/ihawk1/h_p005p000mm/frame_0003_depth.png
20260808_151001,2026-08-08T15:13:38.435,5,5.000000,1,0.000000,0.000000,0.000000,0.000000,0.000000,0.000000,0.000000,3,ihawk1,primary,1786173218.084517956,1786173218.077789068,6.728888,1,4,C,5.000000,1,297.290985,242.630215,297.290985,242.630215,275.513458,240.074646,301.631592,230.318527,319.521576,244.529800,292.497314,255.597885,275.513458,240.074646,301.631592,230.318527,319.521576,244.529800,292.497314,255.597885,1,IPPE_SQUARE,-39.097851,62.669016,633.266707,1.999203747,-0.646140010,0.404154143,0.050660,1,1786173218.018771887,65.746069,mono16,,0,alignment_not_asserted,raw/frames/ihawk1/h_p005p000mm/frame_0003_color.png,raw/frames/ihawk1/h_p005p000mm/frame_0003_depth.png
20260808_151001,2026-08-08T15:13:38.435,5,5.000000,1,0.000000,0.000000,0.000000,-80.000000,123.500000,-80.000000,123.500000,3,ihawk2,secondary,1786173218.077789068,1786173218.084517956,6.728888,1,0,TL,5.000000,1,190.968086,347.863815,190.968086,347.863815,161.596756,364.933044,175.903595,330.706787,218.138657,330.881775,208.233337,364.933655,161.596756,364.933044,175.903595,330.706787,218.138657,330.881775,208.233337,364.933655,1,IPPE_SQUARE,-147.531720,164.037583,445.662305,1.545347480,-1.553803109,0.989024323,0.030108,1,1786173218.037826061,39.963007,mono16,,0,alignment_not_asserted,raw/frames/ihawk2/h_p005p000mm/frame_0003_color.png,raw/frames/ihawk2/h_p005p000mm/frame_0003_depth.png
20260808_151001,2026-08-08T15:13:38.435,5,5.000000,1,0.000000,0.000000,0.000000,80.000000,123.500000,80.000000,123.500000,3,ihawk2,secondary,1786173218.077789068,1786173218.084517956,6.728888,1,1,TR,5.000000,1,217.983440,271.198616,217.983440,271.198616,196.049454,281.574982,205.092911,260.559509,238.412766,260.425385,232.378632,282.234589,196.049454,281.574982,205.092911,260.559509,238.412766,260.425385,232.378632,282.234589,1,IPPE_SQUARE,-148.466296,98.021217,565.674671,1.559559368,-1.563465568,0.965317714,0.216385,1,1786173218.037826061,39.963007,mono16,,0,alignment_not_asserted,raw/frames/ihawk2/h_p005p000mm/frame_0003_color.png,raw/frames/ihawk2/h_p005p000mm/frame_0003_depth.png
20260808_151001,2026-08-08T15:13:38.435,5,5.000000,1,0.000000,0.000000,0.000000,-80.000000,-123.500000,-80.000000,-123.500000,3,ihawk2,secondary,1786173218.077789068,1786173218.084517956,6.728888,1,2,BL,5.000000,1,392.851868,346.894424,392.851868,346.894424,373.745392,364.299500,368.197479,330.186096,409.756500,329.553833,419.708099,363.538269,373.745392,364.299500,368.197479,330.186096,409.756500,329.553833,419.708099,363.538269,1,IPPE_SQUARE,82.126748,163.617988,447.511274,1.530757594,-1.558343478,0.950806419,0.013580,1,1786173218.037826061,39.963007,mono16,,0,alignment_not_asserted,raw/frames/ihawk2/h_p005p000mm/frame_0003_color.png,raw/frames/ihawk2/h_p005p000mm/frame_0003_depth.png
20260808_151001,2026-08-08T15:13:38.435,5,5.000000,1,0.000000,0.000000,0.000000,80.000000,-123.500000,80.000000,-123.500000,3,ihawk2,secondary,1786173218.077789068,1786173218.084517956,6.728888,1,3,BR,5.000000,1,375.990440,270.647942,375.990440,270.647942,360.433868,281.528046,357.156281,260.087677,390.194946,260.000275,396.176666,280.975769,360.433868,281.528046,357.156281,260.087677,390.194946,260.000275,396.176666,280.975769,1,IPPE_SQUARE,80.069630,97.830762,569.146395,1.546113639,-1.564944661,0.944070736,0.107618,1,1786173218.037826061,39.963007,mono16,,0,alignment_not_asserted,raw/frames/ihawk2/h_p005p000mm/frame_0003_color.png,raw/frames/ihawk2/h_p005p000mm/frame_0003_depth.png
20260808_151001,2026-08-08T15:13:38.435,5,5.000000,1,0.000000,0.000000,0.000000,0.000000,0.000000,0.000000,0.000000,3,ihawk2,secondary,1786173218.077789068,1786173218.084517956,6.728888,1,4,C,5.000000,1,295.060326,304.714912,295.060326,304.714912,273.926514,317.952057,277.506897,291.643982,314.389526,291.579193,314.418365,317.684418,273.926514,317.952057,277.506897,291.643982,314.389526,291.579193,314.418365,317.684418,1,IPPE_SQUARE,-33.360825,131.118633,507.181328,1.537575319,-1.551919825,0.966234103,0.061899,1,1786173218.037826061,39.963007,mono16,,0,alignment_not_asserted,raw/frames/ihawk2/h_p005p000mm/frame_0003_color.png,raw/frames/ihawk2/h_p005p000mm/frame_0003_depth.png
20260808_151001,2026-08-08T15:13:56.074,6,5.000000,1,0.000000,0.000000,0.000000,-80.000000,123.500000,-80.000000,123.500000,1,ihawk1,primary,1786173235.946022987,1786173235.957870960,11.847973,1,0,TL,5.000000,1,224.352928,224.190449,224.352928,224.190449,204.286179,221.690506,231.909180,213.553101,244.858459,226.006271,216.357895,235.511917,204.286179,221.690506,231.909180,213.553101,244.858459,226.006271,216.357895,235.511917,1,IPPE_SQUARE,-162.916379,35.666114,670.186782,1.997599814,-0.635052779,0.409689792,0.101430,1,1786173235.946022987,0.000000,mono16,,0,alignment_not_asserted,raw/frames/ihawk1/h_p005p000mm/frame_0001_color.png,raw/frames/ihawk1/h_p005p000mm/frame_0001_depth.png
20260808_151001,2026-08-08T15:13:56.074,6,5.000000,1,0.000000,0.000000,0.000000,80.000000,123.500000,80.000000,123.500000,1,ihawk1,primary,1786173235.946022987,1786173235.957870960,11.847973,1,1,TR,5.000000,1,295.464622,201.080410,295.464622,201.080410,277.090424,199.270569,299.243652,192.308075,313.898438,202.400681,291.625977,210.342316,277.090424,199.270569,299.243652,192.308075,313.898438,202.400681,291.625977,210.342316,1,IPPE_SQUARE,-50.213143,-3.105005,757.245717,2.004229698,-0.653895913,0.402132068,0.119575,1,1786173235.946022987,0.000000,mono16,,0,alignment_not_asserted,raw/frames/ihawk1/h_p005p000mm/frame_0001_color.png,raw/frames/ihawk1/h_p005p000mm/frame_0001_depth.png
20260808_151001,2026-08-08T15:13:56.074,6,5.000000,1,0.000000,0.000000,0.000000,-80.000000,-123.500000,-80.000000,-123.500000,1,ihawk1,primary,1786173235.946022987,1786173235.957870960,11.847973,1,2,BL,5.000000,1,299.996025,302.581207,299.996025,302.581207,272.965698,298.743744,305.278839,284.136292,327.581512,305.192352,294.158051,322.252441,272.965698,298.743744,305.278839,284.136292,327.581512,305.192352,294.158051,322.252441,1,IPPE_SQUARE,-28.062738,126.310453,510.475803,1.988079138,-0.641976383,0.403839590,0.053356,1,1786173235.946022987,0.000000,mono16,,0,alignment_not_asserted,raw/frames/ihawk1/h_p005p000mm/frame_0001_color.png,raw/frames/ihawk1/h_p005p000mm/frame_0001_depth.png
20260808_151001,2026-08-08T15:13:56.074,6,5.000000,1,0.000000,0.000000,0.000000,80.000000,-123.500000,80.000000,-123.500000,1,ihawk1,primary,1786173235.946022987,1786173235.957870960,11.847973,1,3,BR,5.000000,1,381.824760,263.318558,381.824760,263.318558,356.914246,260.466217,381.439697,248.477020,408.000000,266.000000,380.945099,278.330994,356.914246,260.466217,381.439697,248.477020,408.000000,266.000000,380.945099,278.330994,1,IPPE_SQUARE,83.014084,84.012765,559.487661,1.980632424,-0.641700241,0.430897634,0.629093,1,1786173235.946022987,0.000000,mono16,,0,alignment_not_asserted,raw/frames/ihawk1/h_p005p000mm/frame_0001_color.png,raw/frames/ihawk1/h_p005p000mm/frame_0001_depth.png
20260808_151001,2026-08-08T15:13:56.074,6,5.000000,1,0.000000,0.000000,0.000000,0.000000,0.000000,0.000000,0.000000,1,ihawk1,primary,1786173235.946022987,1786173235.957870960,11.847973,1,4,C,5.000000,1,297.268211,242.616726,297.268211,242.616726,275.472992,240.074265,301.696350,230.321487,319.501526,244.508316,292.401978,255.562836,275.472992,240.074265,301.696350,230.321487,319.501526,244.508316,292.401978,255.562836,1,IPPE_SQUARE,-39.088170,62.572713,632.511828,1.997469711,-0.643687163,0.399844324,0.039686,1,1786173235.946022987,0.000000,mono16,,0,alignment_not_asserted,raw/frames/ihawk1/h_p005p000mm/frame_0001_color.png,raw/frames/ihawk1/h_p005p000mm/frame_0001_depth.png
20260808_151001,2026-08-08T15:13:56.074,6,5.000000,1,0.000000,0.000000,0.000000,-80.000000,123.500000,-80.000000,123.500000,1,ihawk2,secondary,1786173235.957870960,1786173235.946022987,11.847973,1,0,TL,5.000000,1,190.979408,347.898308,190.979408,347.898308,161.599625,364.941040,175.865631,330.767151,218.221527,330.944000,208.230850,364.941040,161.599625,364.941040,175.865631,330.767151,218.221527,330.944000,208.230850,364.941040,1,IPPE_SQUARE,-147.333934,163.872374,445.110103,1.543120843,-1.551756527,0.991321510,0.063671,1,1786173235.923517942,34.353018,mono16,,0,alignment_not_asserted,raw/frames/ihawk2/h_p005p000mm/frame_0001_color.png,raw/frames/ihawk2/h_p005p000mm/frame_0001_depth.png
20260808_151001,2026-08-08T15:13:56.074,6,5.000000,1,0.000000,0.000000,0.000000,80.000000,123.500000,80.000000,123.500000,1,ihawk2,secondary,1786173235.957870960,1786173235.946022987,11.847973,1,1,TR,5.000000,1,217.937901,271.210503,217.937901,271.210503,196.078690,281.608734,204.997696,260.562500,238.391571,260.446106,232.283646,282.224670,196.078690,281.608734,204.997696,260.562500,238.391571,260.446106,232.283646,282.224670,1,IPPE_SQUARE,-148.665118,98.126856,566.180760,1.559720645,-1.564512449,0.965627053,0.191357,1,1786173235.923517942,34.353018,mono16,,0,alignment_not_asserted,raw/frames/ihawk2/h_p005p000mm/frame_0001_color.png,raw/frames/ihawk2/h_p005p000mm/frame_0001_depth.png
20260808_151001,2026-08-08T15:13:56.074,6,5.000000,1,0.000000,0.000000,0.000000,-80.000000,-123.500000,-80.000000,-123.500000,1,ihawk2,secondary,1786173235.957870960,1786173235.946022987,11.847973,1,2,BL,5.000000,1,392.829002,346.896294,392.829002,346.896294,373.714203,364.309845,368.136749,330.223358,409.764587,329.532806,419.700470,363.519165,373.714203,364.309845,368.136749,330.223358,409.764587,329.532806,419.700470,363.519165,1,IPPE_SQUARE,82.022528,163.466469,447.094387,1.528794402,-1.557656305,0.950277687,0.002988,1,1786173235.923517942,34.353018,mono16,,0,alignment_not_asserted,raw/frames/ihawk2/h_p005p000mm/frame_0001_color.png,raw/frames/ihawk2/h_p005p000mm/frame_0001_depth.png
20260808_151001,2026-08-08T15:13:56.074,6,5.000000,1,0.000000,0.000000,0.000000,80.000000,-123.500000,80.000000,-123.500000,1,ihawk2,secondary,1786173235.957870960,1786173235.946022987,11.847973,1,3,BR,5.000000,1,375.975395,270.602921,375.975395,270.602921,360.438324,281.544189,357.183868,259.998352,390.096375,259.869080,396.183014,281.000061,360.438324,281.544189,357.183868,259.998352,390.096375,259.869080,396.183014,281.000061,1,IPPE_SQUARE,80.171734,97.913963,570.016900,1.549673504,-1.570655743,0.941830565,0.103524,1,1786173235.923517942,34.353018,mono16,,0,alignment_not_asserted,raw/frames/ihawk2/h_p005p000mm/frame_0001_color.png,raw/frames/ihawk2/h_p005p000mm/frame_0001_depth.png
20260808_151001,2026-08-08T15:13:56.074,6,5.000000,1,0.000000,0.000000,0.000000,0.000000,0.000000,0.000000,0.000000,1,ihawk2,secondary,1786173235.957870960,1786173235.946022987,11.847973,1,4,C,5.000000,1,295.064659,304.750290,295.064659,304.750290,273.925232,317.976471,277.507263,291.683319,314.406281,291.595856,314.419861,317.745514,273.925232,317.976471,277.507263,291.683319,314.406281,291.595856,314.419861,317.745514,1,IPPE_SQUARE,-33.346604,131.129711,507.049032,1.537789953,-1.551798295,0.965899571,0.050747,1,1786173235.923517942,34.353018,mono16,,0,alignment_not_asserted,raw/frames/ihawk2/h_p005p000mm/frame_0001_color.png,raw/frames/ihawk2/h_p005p000mm/frame_0001_depth.png
20260808_151001,2026-08-08T15:13:56.239,6,5.000000,1,0.000000,0.000000,0.000000,-80.000000,123.500000,-80.000000,123.500000,2,ihawk1,primary,1786173235.970542908,1786173235.997730017,27.187109,1,0,TL,5.000000,1,224.331528,224.185440,224.331528,224.185440,204.292633,221.693008,231.832932,213.524551,244.871048,226.013962,216.329498,235.510239,204.292633,221.693008,231.832932,213.524551,244.871048,226.013962,216.329498,235.510239,1,IPPE_SQUARE,-163.008078,35.669923,670.417408,1.998513811,-0.636057605,0.410751253,0.088170,1,1786173235.946022987,24.519920,mono16,,0,alignment_not_asserted,raw/frames/ihawk1/h_p005p000mm/frame_0002_color.png,raw/frames/ihawk1/h_p005p000mm/frame_0002_depth.png
20260808_151001,2026-08-08T15:13:56.239,6,5.000000,1,0.000000,0.000000,0.000000,80.000000,123.500000,80.000000,123.500000,2,ihawk1,primary,1786173235.970542908,1786173235.997730017,27.187109,1,1,TR,5.000000,1,295.461884,201.077473,295.461884,201.077473,277.090424,199.270569,299.234741,192.303299,313.899872,202.384827,291.622498,210.351196,277.090424,199.270569,299.234741,192.303299,313.899872,202.384827,291.622498,210.351196,1,IPPE_SQUARE,-50.216798,-3.110608,757.220532,2.004324962,-0.654398154,0.401715996,0.119610,1,1786173235.946022987,24.519920,mono16,,0,alignment_not_asserted,raw/frames/ihawk1/h_p005p000mm/frame_0002_color.png,raw/frames/ihawk1/h_p005p000mm/frame_0002_depth.png
20260808_151001,2026-08-08T15:13:56.239,6,5.000000,1,0.000000,0.000000,0.000000,-80.000000,-123.500000,-80.000000,-123.500000,2,ihawk1,primary,1786173235.970542908,1786173235.997730017,27.187109,1,2,BL,5.000000,1,299.987274,302.596733,299.987274,302.596733,272.963867,298.743927,305.278381,284.178802,327.595123,305.195465,294.111725,322.268738,272.963867,298.743927,305.278381,284.178802,327.595123,305.195465,294.111725,322.268738,1,IPPE_SQUARE,-28.060376,126.268878,510.229520,1.987017663,-0.641184323,0.403306126,0.066568,1,1786173235.946022987,24.519920,mono16,,0,alignment_not_asserted,raw/frames/ihawk1/h_p005p000mm/frame_0002_color.png,raw/frames/ihawk1/h_p005p000mm/frame_0002_depth.png
20260808_151001,2026-08-08T15:13:56.239,6,5.000000,1,0.000000,0.000000,0.000000,80.000000,-123.500000,80.000000,-123.500000,2,ihawk1,primary,1786173235.970542908,1786173235.997730017,27.187109,1,3,BR,5.000000,1,381.875298,263.324368,381.875298,263.324368,356.898254,260.467590,381.512756,248.507675,408.000000,266.000000,381.090179,278.322205,356.898254,260.467590,381.512756,248.507675,408.000000,266.000000,381.090179,278.322205,1,IPPE_SQUARE,83.057044,83.993381,559.303829,1.979154141,-0.641770199,0.432813648,0.577994,1,1786173235.946022987,24.519920,mono16,,0,alignment_not_asserted,raw/frames/ihawk1/h_p005p000mm/frame_0002_color.png,raw/frames/ihawk1/h_p005p000mm/frame_0002_depth.png
20260808_151001,2026-08-08T15:13:56.239,6,5.000000,1,0.000000,0.000000,0.000000,0.000000,0.000000,0.000000,0.000000,2,ihawk1,primary,1786173235.970542908,1786173235.997730017,27.187109,1,4,C,5.000000,1,297.262360,242.620270,297.262360,242.620270,275.468506,240.089951,301.666504,230.306412,319.491669,244.511337,292.422760,255.573380,275.468506,240.089951,301.666504,230.306412,319.491669,244.511337,292.422760,255.573380,1,IPPE_SQUARE,-39.111770,62.601404,632.745556,1.998143490,-0.644886027,0.400540007,0.035791,1,1786173235.946022987,24.519920,mono16,,0,alignment_not_asserted,raw/frames/ihawk1/h_p005p000mm/frame_0002_color.png,raw/frames/ihawk1/h_p005p000mm/frame_0002_depth.png
20260808_151001,2026-08-08T15:13:56.239,6,5.000000,1,0.000000,0.000000,0.000000,-80.000000,123.500000,-80.000000,123.500000,2,ihawk2,secondary,1786173235.997730017,1786173235.970542908,27.187109,1,0,TL,5.000000,1,190.990475,347.909309,190.990475,347.909309,161.597549,364.941010,175.855698,330.733704,218.277802,331.021484,208.230850,364.941040,161.597549,364.941010,175.855698,330.733704,218.277802,331.021484,208.230850,364.941040,1,IPPE_SQUARE,-147.226398,163.780963,444.829474,1.543397306,-1.550183016,0.993657608,0.092228,1,1786173235.923517942,74.212074,mono16,,0,alignment_not_asserted,raw/frames/ihawk2/h_p005p000mm/frame_0002_color.png,raw/frames/ihawk2/h_p005p000mm/frame_0002_depth.png
20260808_151001,2026-08-08T15:13:56.239,6,5.000000,1,0.000000,0.000000,0.000000,80.000000,123.500000,80.000000,123.500000,2,ihawk2,secondary,1786173235.997730017,1786173235.970542908,27.187109,1,1,TR,5.000000,1,217.976669,271.210754,217.976669,271.210754,196.075882,281.612152,205.160858,260.544312,238.385086,260.461060,232.284851,282.225494,196.075882,281.612152,205.160858,260.544312,238.385086,260.461060,232.284851,282.225494,1,IPPE_SQUARE,-148.848375,98.285159,567.084770,1.561453107,-1.563251107,0.961567691,0.191521,1,1786173235.923517942,74.212074,mono16,,0,alignment_not_asserted,raw/frames/ihawk2/h_p005p000mm/frame_0002_color.png,raw/frames/ihawk2/h_p005p000mm/frame_0002_depth.png
20260808_151001,2026-08-08T15:13:56.239,6,5.000000,1,0.000000,0.000000,0.000000,-80.000000,-123.500000,-80.000000,-123.500000,2,ihawk2,secondary,1786173235.997730017,1786173235.970542908,27.187109,1,2,BL,5.000000,1,392.858223,346.896545,392.858223,346.896545,373.702545,364.312195,368.161011,330.226837,409.860657,329.530731,419.708679,363.516418,373.702545,364.312195,368.161011,330.226837,409.860657,329.530731,419.708679,363.516418,1,IPPE_SQUARE,82.003002,163.363849,446.815409,1.528010108,-1.556123224,0.948085943,0.018787,1,1786173235.923517942,74.212074,mono16,,0,alignment_not_asserted,raw/frames/ihawk2/h_p005p000mm/frame_0002_color.png,raw/frames/ihawk2/h_p005p000mm/frame_0002_depth.png
20260808_151001,2026-08-08T15:13:56.239,6,5.000000,1,0.000000,0.000000,0.000000,80.000000,-123.500000,80.000000,-123.500000,2,ihawk2,secondary,1786173235.997730017,1786173235.970542908,27.187109,1,3,BR,5.000000,1,375.969856,270.615311,375.969856,270.615311,360.424561,281.544159,357.147308,260.079956,390.107544,259.876038,396.200012,280.961090,360.424561,281.544159,357.147308,260.079956,390.107544,259.876038,396.200012,280.961090,1,IPPE_SQUARE,80.080823,97.833139,569.440316,1.546032947,-1.569025004,0.941943372,0.091827,1,1786173235.923517942,74.212074,mono16,,0,alignment_not_asserted,raw/frames/ihawk2/h_p005p000mm/frame_0002_color.png,raw/frames/ihawk2/h_p005p000mm/frame_0002_depth.png
20260808_151001,2026-08-08T15:13:56.239,6,5.000000,1,0.000000,0.000000,0.000000,0.000000,0.000000,0.000000,0.000000,2,ihawk2,secondary,1786173235.997730017,1786173235.970542908,27.187109,1,4,C,5.000000,1,295.081337,304.730560,295.081337,304.730560,273.925232,317.976471,277.549347,291.626099,314.406281,291.595886,314.444489,317.723785,273.925232,317.976471,277.549347,291.626099,314.406281,291.595886,314.444489,317.723785,1,IPPE_SQUARE,-33.332375,131.134214,507.165314,1.538912981,-1.552075597,0.965707192,0.076272,1,1786173235.923517942,74.212074,mono16,,0,alignment_not_asserted,raw/frames/ihawk2/h_p005p000mm/frame_0002_color.png,raw/frames/ihawk2/h_p005p000mm/frame_0002_depth.png
20260808_151001,2026-08-08T15:13:56.405,6,5.000000,1,0.000000,0.000000,0.000000,-80.000000,123.500000,-80.000000,123.500000,3,ihawk1,primary,1786173236.006004095,1786173236.022876978,16.872883,1,0,TL,5.000000,1,224.325806,224.185318,224.325806,224.185318,204.285568,221.691742,231.743362,213.529800,244.863510,225.996384,216.410782,235.523346,204.285568,221.691742,231.743362,213.529800,244.863510,225.996384,216.410782,235.523346,1,IPPE_SQUARE,-163.263326,35.724375,671.428383,1.999059334,-0.639016265,0.414531862,0.097783,1,1786173235.970542908,35.461187,mono16,,0,alignment_not_asserted,raw/frames/ihawk1/h_p005p000mm/frame_0003_color.png,raw/frames/ihawk1/h_p005p000mm/frame_0003_depth.png
20260808_151001,2026-08-08T15:13:56.405,6,5.000000,1,0.000000,0.000000,0.000000,80.000000,123.500000,80.000000,123.500000,3,ihawk1,primary,1786173236.006004095,1786173236.022876978,16.872883,1,1,TR,5.000000,1,295.472054,201.079960,295.472054,201.079960,277.090424,199.270569,299.260071,192.306610,313.914948,202.391708,291.622772,210.350952,277.090424,199.270569,299.260071,192.306610,313.914948,202.391708,291.622772,210.350952,1,IPPE_SQUARE,-50.171163,-3.104497,756.821152,2.004100825,-0.653742484,0.401331930,0.121605,1,1786173235.970542908,35.461187,mono16,,0,alignment_not_asserted,raw/frames/ihawk1/h_p005p000mm/frame_0003_color.png,raw/frames/ihawk1/h_p005p000mm/frame_0003_depth.png
20260808_151001,2026-08-08T15:13:56.405,6,5.000000,1,0.000000,0.000000,0.000000,-80.000000,-123.500000,-80.000000,-123.500000,3,ihawk1,primary,1786173236.006004095,1786173236.022876978,16.872883,1,2,BL,5.000000,1,299.959114,302.562119,299.959114,302.562119,272.963623,298.743286,305.177582,284.102264,327.588531,305.138489,294.106720,322.264435,272.963623,298.743286,305.177582,284.102264,327.588531,305.138489,294.106720,322.264435,1,IPPE_SQUARE,-28.109573,126.285153,510.473018,1.988525507,-0.643569183,0.403840638,0.067728,1,1786173235.970542908,35.461187,mono16,,0,alignment_not_asserted,raw/frames/ihawk1/h_p005p000mm/frame_0003_color.png,raw/frames/ihawk1/h_p005p000mm/frame_0003_depth.png
20260808_151001,2026-08-08T15:13:56.405,6,5.000000,1,0.000000,0.000000,0.000000,80.000000,-123.500000,80.000000,-123.500000,3,ihawk1,primary,1786173236.006004095,1786173236.022876978,16.872883,1,3,BR,5.000000,1,381.819237,263.315472,381.819237,263.315472,356.901154,260.464783,381.442322,248.481339,408.000000,266.000000,380.933472,278.315765,356.901154,260.464783,381.442322,248.481339,408.000000,266.000000,380.933472,278.315765,1,IPPE_SQUARE,82.986325,83.988413,559.353912,1.980072288,-0.641265701,0.430713612,0.628892,1,1786173235.970542908,35.461187,mono16,,0,alignment_not_asserted,raw/frames/ihawk1/h_p005p000mm/frame_0003_color.png,raw/frames/ihawk1/h_p005p000mm/frame_0003_depth.png
20260808_151001,2026-08-08T15:13:56.405,6,5.000000,1,0.000000,0.000000,0.000000,0.000000,0.000000,0.000000,0.000000,3,ihawk1,primary,1786173236.006004095,1786173236.022876978,16.872883,1,4,C,5.000000,1,297.269157,242.620377,297.269157,242.620377,275.469788,240.092529,301.707214,230.311172,319.491669,244.511337,292.407959,255.566467,275.469788,240.092529,301.707214,230.311172,319.491669,244.511337,292.407959,255.566467,1,IPPE_SQUARE,-39.092264,62.586810,632.596692,1.997744610,-0.643968085,0.399024593,0.029211,1,1786173235.970542908,35.461187,mono16,,0,alignment_not_asserted,raw/frames/ihawk1/h_p005p000mm/frame_0003_color.png,raw/frames/ihawk1/h_p005p000mm/frame_0003_depth.png
20260808_151001,2026-08-08T15:13:56.405,6,5.000000,1,0.000000,0.000000,0.000000,-80.000000,123.500000,-80.000000,123.500000,3,ihawk2,secondary,1786173236.022876978,1786173236.006004095,16.872883,1,0,TL,5.000000,1,191.010807,347.924820,191.010807,347.924820,161.599869,364.940948,175.852219,330.755402,218.358307,331.064331,208.232834,364.938599,161.599869,364.940948,175.852219,330.755402,218.358307,331.064331,208.232834,364.938599,1,IPPE_SQUARE,-147.048273,163.626631,444.365510,1.541994729,-1.548383652,0.994866458,0.116892,1,1786173235.957870960,65.006018,mono16,,0,alignment_not_asserted,raw/frames/ihawk2/h_p005p000mm/frame_0003_color.png,raw/frames/ihawk2/h_p005p000mm/frame_0003_depth.png
20260808_151001,2026-08-08T15:13:56.405,6,5.000000,1,0.000000,0.000000,0.000000,80.000000,123.500000,80.000000,123.500000,3,ihawk2,secondary,1786173236.022876978,1786173236.006004095,16.872883,1,1,TR,5.000000,1,217.930767,271.197449,217.930767,271.197449,196.035873,281.567810,204.991669,260.565460,238.384064,260.439301,232.311462,282.217224,196.035873,281.567810,204.991669,260.565460,238.384064,260.439301,232.311462,282.217224,1,IPPE_SQUARE,-148.544058,98.021530,565.683885,1.558894559,-1.563617285,0.967136077,0.204480,1,1786173235.957870960,65.006018,mono16,,0,alignment_not_asserted,raw/frames/ihawk2/h_p005p000mm/frame_0003_color.png,raw/frames/ihawk2/h_p005p000mm/frame_0003_depth.png
20260808_151001,2026-08-08T15:13:56.405,6,5.000000,1,0.000000,0.000000,0.000000,-80.000000,-123.500000,-80.000000,-123.500000,3,ihawk2,secondary,1786173236.022876978,1786173236.006004095,16.872883,1,2,BL,5.000000,1,392.838898,346.903091,392.838898,346.903091,373.702637,364.312347,368.081970,330.254181,409.868622,329.527069,419.702362,363.518768,373.702637,364.312347,368.081970,330.254181,409.868622,329.527069,419.702362,363.518768,1,IPPE_SQUARE,81.896620,163.203259,446.359612,1.526711245,-1.555518987,0.949290408,0.045611,1,1786173235.957870960,65.006018,mono16,,0,alignment_not_asserted,raw/frames/ihawk2/h_p005p000mm/frame_0003_color.png,raw/frames/ihawk2/h_p005p000mm/frame_0003_depth.png
20260808_151001,2026-08-08T15:13:56.405,6,5.000000,1,0.000000,0.000000,0.000000,80.000000,-123.500000,80.000000,-123.500000,3,ihawk2,secondary,1786173236.022876978,1786173236.006004095,16.872883,1,3,BR,5.000000,1,375.956253,270.622993,375.956253,270.622993,360.417786,281.528503,357.158936,260.069153,390.112183,259.870636,396.136108,281.023682,360.417786,281.528503,357.158936,260.069153,390.112183,259.870636,396.136108,281.023682,1,IPPE_SQUARE,80.144701,97.946029,570.030224,1.548437742,-1.569241265,0.940665558,0.071779,1,1786173235.957870960,65.006018,mono16,,0,alignment_not_asserted,raw/frames/ihawk2/h_p005p000mm/frame_0003_color.png,raw/frames/ihawk2/h_p005p000mm/frame_0003_depth.png
20260808_151001,2026-08-08T15:13:56.405,6,5.000000,1,0.000000,0.000000,0.000000,0.000000,0.000000,0.000000,0.000000,3,ihawk2,secondary,1786173236.022876978,1786173236.006004095,16.872883,1,4,C,5.000000,1,295.068993,304.750038,295.068993,304.750038,273.925232,317.976471,277.526886,291.662170,314.391907,291.590942,314.431946,317.770569,273.925232,317.976471,277.526886,291.662170,314.391907,291.590942,314.431946,317.770569,1,IPPE_SQUARE,-33.350868,131.169248,507.203436,1.539055865,-1.552434230,0.965845333,0.061381,1,1786173235.957870960,65.006018,mono16,,0,alignment_not_asserted,raw/frames/ihawk2/h_p005p000mm/frame_0003_color.png,raw/frames/ihawk2/h_p005p000mm/frame_0003_depth.png
20260808_151001,2026-08-08T15:14:40.215,7,10.000000,1,0.000000,0.000000,0.000000,-80.000000,123.500000,-80.000000,123.500000,1,ihawk1,primary,1786173280.124695063,1786173280.079623938,45.071125,1,0,TL,10.000000,1,223.888474,222.345840,223.888474,222.345840,203.721375,219.750153,231.397797,211.683472,244.433136,224.318985,216.001587,233.630753,203.721375,219.750153,231.397797,211.683472,244.433136,224.318985,216.001587,233.630753,1,IPPE_SQUARE,-163.572957,32.568348,669.721168,2.004272656,-0.635919557,0.421007370,0.083525,1,1786173280.090692043,34.003019,mono16,,0,alignment_not_asserted,raw/frames/ihawk1/h_p010p000mm/frame_0001_color.png,raw/frames/ihawk1/h_p010p000mm/frame_0001_depth.png
20260808_151001,2026-08-08T15:14:40.215,7,10.000000,1,0.000000,0.000000,0.000000,80.000000,123.500000,80.000000,123.500000,1,ihawk1,primary,1786173280.124695063,1786173280.079623938,45.071125,1,1,TR,10.000000,0,,,,,,,,,,,,,,,,,,,,,0,,,,,,,,,1,1786173280.090692043,34.003019,mono16,,,marker_missing,raw/frames/ihawk1/h_p010p000mm/frame_0001_color.png,raw/frames/ihawk1/h_p010p000mm/frame_0001_depth.png
20260808_151001,2026-08-08T15:14:40.215,7,10.000000,1,0.000000,0.000000,0.000000,-80.000000,-123.500000,-80.000000,-123.500000,1,ihawk1,primary,1786173280.124695063,1786173280.079623938,45.071125,1,2,BL,10.000000,1,299.777069,300.254219,299.777069,300.254219,272.624481,296.493408,305.045380,281.871552,327.334351,302.657074,294.104065,319.994843,272.624481,296.493408,305.045380,281.871552,327.334351,302.657074,294.104065,319.994843,1,IPPE_SQUARE,-28.305999,123.198146,509.820906,1.990196323,-0.648915816,0.401888641,0.143160,1,1786173280.090692043,34.003019,mono16,,0,alignment_not_asserted,raw/frames/ihawk1/h_p010p000mm/frame_0001_color.png,raw/frames/ihawk1/h_p010p000mm/frame_0001_depth.png
20260808_151001,2026-08-08T15:14:40.215,7,10.000000,1,0.000000,0.000000,0.000000,80.000000,-123.500000,80.000000,-123.500000,1,ihawk1,primary,1786173280.124695063,1786173280.079623938,45.071125,1,3,BR,10.000000,1,381.475044,261.015629,381.475044,261.015629,357.051117,258.508911,381.585785,246.343552,405.984741,262.999634,381.278534,276.210419,357.051117,258.508911,381.585785,246.343552,405.984741,262.999634,381.278534,276.210419,1,IPPE_SQUARE,86.283181,84.520252,584.920473,2.005454497,-0.669522833,0.405363953,0.128169,1,1786173280.090692043,34.003019,mono16,,0,alignment_not_asserted,raw/frames/ihawk1/h_p010p000mm/frame_0001_color.png,raw/frames/ihawk1/h_p010p000mm/frame_0001_depth.png
20260808_151001,2026-08-08T15:14:40.215,7,10.000000,1,0.000000,0.000000,0.000000,0.000000,0.000000,0.000000,0.000000,1,ihawk1,primary,1786173280.124695063,1786173280.079623938,45.071125,1,4,C,10.000000,1,297.080437,240.455318,297.080437,240.455318,275.221771,237.857285,301.239227,228.177155,319.522186,242.405151,292.338562,253.381683,275.221771,237.857285,301.239227,228.177155,319.522186,242.405151,292.338562,253.381683,1,IPPE_SQUARE,-39.219635,58.932417,629.966292,2.000144783,-0.649334176,0.415686484,0.115698,1,1786173280.090692043,34.003019,mono16,,0,alignment_not_asserted,raw/frames/ihawk1/h_p010p000mm/frame_0001_color.png,raw/frames/ihawk1/h_p010p000mm/frame_0001_depth.png
20260808_151001,2026-08-08T15:14:40.215,7,10.000000,1,0.000000,0.000000,0.000000,-80.000000,123.500000,-80.000000,123.500000,1,ihawk2,secondary,1786173280.079623938,1786173280.124695063,45.071125,1,0,TL,10.000000,1,190.626556,345.620689,190.626556,345.620689,161.042099,362.522339,175.634140,328.490753,218.044357,328.769226,207.785629,362.700439,161.042099,362.522339,175.634140,328.490753,218.044357,328.769226,207.785629,362.700439,1,IPPE_SQUARE,-147.235708,160.739015,443.612877,1.545678622,-1.547761045,0.987086345,0.051564,1,1786173280.079623938,0.000000,mono16,,0,alignment_not_asserted,raw/frames/ihawk2/h_p010p000mm/frame_0001_color.png,raw/frames/ihawk2/h_p010p000mm/frame_0001_depth.png
20260808_151001,2026-08-08T15:14:40.215,7,10.000000,1,0.000000,0.000000,0.000000,80.000000,123.500000,80.000000,123.500000,1,ihawk2,secondary,1786173280.079623938,1786173280.124695063,45.071125,1,1,TR,10.000000,1,217.773987,269.124451,217.773987,269.124451,195.796616,279.470673,204.776199,258.569183,238.274292,258.425720,232.248840,280.032227,195.796616,279.470673,204.776199,258.569183,238.274292,258.425720,232.248840,280.032227,1,IPPE_SQUARE,-148.219858,94.675489,563.597839,1.556021247,-1.564091220,0.968680283,0.191067,1,1786173280.079623938,0.000000,mono16,,0,alignment_not_asserted,raw/frames/ihawk2/h_p010p000mm/frame_0001_color.png,raw/frames/ihawk2/h_p010p000mm/frame_0001_depth.png
20260808_151001,2026-08-08T15:14:40.215,7,10.000000,1,0.000000,0.000000,0.000000,-80.000000,-123.500000,-80.000000,-123.500000,1,ihawk2,secondary,1786173280.079623938,1786173280.124695063,45.071125,1,2,BL,10.000000,1,393.496307,344.604210,393.496307,344.604210,374.203522,361.754364,368.616180,327.837036,410.653778,327.423737,420.511749,361.401703,374.203522,361.754364,368.616180,327.837036,410.653778,327.423737,420.511749,361.401703,1,IPPE_SQUARE,82.115259,159.543498,443.489482,1.533061928,-1.549220616,0.956671669,0.055470,1,1786173280.079623938,0.000000,mono16,,0,alignment_not_asserted,raw/frames/ihawk2/h_p010p000mm/frame_0001_color.png,raw/frames/ihawk2/h_p010p000mm/frame_0001_depth.png
20260808_151001,2026-08-08T15:14:40.215,7,10.000000,1,0.000000,0.000000,0.000000,80.000000,-123.500000,80.000000,-123.500000,1,ihawk2,secondary,1786173280.079623938,1786173280.124695063,45.071125,1,3,BR,10.000000,1,376.364357,268.483116,376.364357,268.483116,360.789459,279.442261,357.505798,258.053589,390.534790,257.677704,396.627380,278.758911,360.789459,279.442261,357.505798,258.053589,390.534790,257.677704,396.627380,278.758911,1,IPPE_SQUARE,80.533856,94.594141,568.612858,1.545020371,-1.572012398,0.933994591,0.073319,1,1786173280.079623938,0.000000,mono16,,0,alignment_not_asserted,raw/frames/ihawk2/h_p010p000mm/frame_0001_color.png,raw/frames/ihawk2/h_p010p000mm/frame_0001_depth.png
20260808_151001,2026-08-08T15:14:40.215,7,10.000000,1,0.000000,0.000000,0.000000,0.000000,0.000000,0.000000,0.000000,1,ihawk2,secondary,1786173280.079623938,1786173280.124695063,45.071125,1,4,C,10.000000,1,295.268112,302.479591,295.268112,302.479591,274.134338,315.636871,277.595245,289.401733,314.667725,289.407593,314.675140,315.472168,274.134338,315.636871,277.595245,289.401733,314.667725,289.407593,314.675140,315.472168,1,IPPE_SQUARE,-32.991005,127.838730,505.666525,1.540839784,-1.553181079,0.968612507,0.031674,1,1786173280.079623938,0.000000,mono16,,0,alignment_not_asserted,raw/frames/ihawk2/h_p010p000mm/frame_0001_color.png,raw/frames/ihawk2/h_p010p000mm/frame_0001_depth.png
20260808_151001,2026-08-08T15:14:40.385,7,10.000000,1,0.000000,0.000000,0.000000,-80.000000,123.500000,-80.000000,123.500000,2,ihawk1,primary,1786173280.164773941,1786173280.149564028,15.209913,1,0,TL,10.000000,1,223.883286,222.342022,223.883286,222.342022,203.705078,219.766464,231.402786,211.683289,244.458389,224.320023,215.966888,233.598312,203.705078,219.766464,231.402786,211.683289,244.458389,224.320023,215.966888,233.598312,1,IPPE_SQUARE,-163.386544,32.522993,668.924434,2.002671102,-0.635385323,0.420600594,0.068384,1,1786173280.090692043,74.081898,mono16,,0,alignment_not_asserted,raw/frames/ihawk1/h_p010p000mm/frame_0002_color.png,raw/frames/ihawk1/h_p010p000mm/frame_0002_depth.png
20260808_151001,2026-08-08T15:14:40.385,7,10.000000,1,0.000000,0.000000,0.000000,80.000000,123.500000,80.000000,123.500000,2,ihawk1,primary,1786173280.164773941,1786173280.149564028,15.209913,1,1,TR,10.000000,0,,,,,,,,,,,,,,,,,,,,,0,,,,,,,,,1,1786173280.090692043,74.081898,mono16,,,marker_missing,raw/frames/ihawk1/h_p010p000mm/frame_0002_color.png,raw/frames/ihawk1/h_p010p000mm/frame_0002_depth.png
20260808_151001,2026-08-08T15:14:40.385,7,10.000000,1,0.000000,0.000000,0.000000,-80.000000,-123.500000,-80.000000,-123.500000,2,ihawk1,primary,1786173280.164773941,1786173280.149564028,15.209913,1,2,BL,10.000000,1,299.780647,300.255394,299.780647,300.255394,272.622955,296.495605,305.042419,281.865936,327.356140,302.681396,294.101074,319.978638,272.622955,296.495605,305.042419,281.865936,327.356140,302.681396,294.101074,319.978638,1,IPPE_SQUARE,-28.291041,123.155735,509.640430,1.989956597,-0.648534400,0.402647153,0.129155,1,1786173280.090692043,74.081898,mono16,,0,alignment_not_asserted,raw/frames/ihawk1/h_p010p000mm/frame_0002_color.png,raw/frames/ihawk1/h_p010p000mm/frame_0002_depth.png
20260808_151001,2026-08-08T15:14:40.385,7,10.000000,1,0.000000,0.000000,0.000000,80.000000,-123.500000,80.000000,-123.500000,2,ihawk1,primary,1786173280.164773941,1786173280.149564028,15.209913,1,3,BR,10.000000,1,381.440598,260.989525,381.440598,260.989525,356.993652,258.498108,381.588654,246.328705,406.024841,262.995605,381.155243,276.135681,356.993652,258.498108,381.588654,246.328705,406.024841,262.995605,381.155243,276.135681,1,IPPE_SQUARE,86.074130,84.327279,583.853493,2.002993955,-0.666878221,0.402774260,0.141329,1,1786173280.090692043,74.081898,mono16,,0,alignment_not_asserted,raw/frames/ihawk1/h_p010p000mm/frame_0002_color.png,raw/frames/ihawk1/h_p010p000mm/frame_0002_depth.png
20260808_151001,2026-08-08T15:14:40.385,7,10.000000,1,0.000000,0.000000,0.000000,0.000000,0.000000,0.000000,0.000000,2,ihawk1,primary,1786173280.164773941,1786173280.149564028,15.209913,1,4,C,10.000000,1,297.084961,240.448689,297.084961,240.448689,275.238861,237.883209,301.237457,228.120773,319.492462,242.402771,292.371063,253.388000,275.238861,237.883209,301.237457,228.120773,319.492462,242.402771,292.371063,253.388000,1,IPPE_SQUARE,-39.260955,58.994033,630.734414,2.002206578,-0.650931900,0.414610621,0.103372,1,1786173280.090692043,74.081898,mono16,,0,alignment_not_asserted,raw/frames/ihawk1/h_p010p000mm/frame_0002_color.png,raw/frames/ihawk1/h_p010p000mm/frame_0002_depth.png
20260808_151001,2026-08-08T15:14:40.385,7,10.000000,1,0.000000,0.000000,0.000000,-80.000000,123.500000,-80.000000,123.500000,2,ihawk2,secondary,1786173280.149564028,1786173280.164773941,15.209913,1,0,TL,10.000000,1,190.639206,345.612137,190.639206,345.612137,161.037201,362.467194,175.635101,328.480316,218.098892,328.800598,207.785629,362.700439,161.037201,362.467194,175.635101,328.480316,218.098892,328.800598,207.785629,362.700439,1,IPPE_SQUARE,-147.129183,160.630255,443.340407,1.545368051,-1.545914717,0.989090532,0.066042,1,1786173280.079623938,69.940090,mono16,,0,alignment_not_asserted,raw/frames/ihawk2/h_p010p000mm/frame_0002_color.png,raw/frames/ihawk2/h_p010p000mm/frame_0002_depth.png
20260808_151001,2026-08-08T15:14:40.385,7,10.000000,1,0.000000,0.000000,0.000000,80.000000,123.500000,80.000000,123.500000,2,ihawk2,secondary,1786173280.149564028,1786173280.164773941,15.209913,1,1,TR,10.000000,1,217.773930,269.104797,217.773930,269.104797,195.804794,279.447144,204.790695,258.546173,238.256760,258.403534,232.243469,280.022339,195.804794,279.447144,204.790695,258.546173,238.256760,258.403534,232.243469,280.022339,1,IPPE_SQUARE,-148.313544,94.707131,563.952138,1.556728574,-1.564432613,0.968223953,0.195542,1,1786173280.079623938,69.940090,mono16,,0,alignment_not_asserted,raw/frames/ihawk2/h_p010p000mm/frame_0002_color.png,raw/frames/ihawk2/h_p010p000mm/frame_0002_depth.png
20260808_151001,2026-08-08T15:14:40.385,7,10.000000,1,0.000000,0.000000,0.000000,-80.000000,-123.500000,-80.000000,-123.500000,2,ihawk2,secondary,1786173280.149564028,1786173280.164773941,15.209913,1,2,BL,10.000000,1,393.499802,344.597183,393.499802,344.597183,374.223145,361.761627,368.639526,327.818024,410.608795,327.402618,420.527740,361.406464,374.223145,361.761627,368.639526,327.818024,410.608795,327.402618,420.527740,361.406464,1,IPPE_SQUARE,82.170047,159.632723,443.758091,1.534128361,-1.550841651,0.956970009,0.042167,1,1786173280.079623938,69.940090,mono16,,0,alignment_not_asserted,raw/frames/ihawk2/h_p010p000mm/frame_0002_color.png,raw/frames/ihawk2/h_p010p000mm/frame_0002_depth.png
20260808_151001,2026-08-08T15:14:40.385,7,10.000000,1,0.000000,0.000000,0.000000,80.000000,-123.500000,80.000000,-123.500000,2,ihawk2,secondary,1786173280.149564028,1786173280.164773941,15.209913,1,3,BR,10.000000,1,376.388138,268.482735,376.388138,268.482735,360.830475,279.460724,357.500824,258.054077,390.527435,257.673126,396.693817,278.743011,360.830475,279.460724,357.500824,258.054077,390.527435,257.673126,396.693817,278.743011,1,IPPE_SQUARE,80.521138,94.537397,568.278495,1.544163220,-1.573140599,0.935620881,0.081860,1,1786173280.079623938,69.940090,mono16,,0,alignment_not_asserted,raw/frames/ihawk2/h_p010p000mm/frame_0002_color.png,raw/frames/ihawk2/h_p010p000mm/frame_0002_depth.png
20260808_151001,2026-08-08T15:14:40.385,7,10.000000,1,0.000000,0.000000,0.000000,0.000000,0.000000,0.000000,0.000000,2,ihawk2,secondary,1786173280.149564028,1786173280.164773941,15.209913,1,4,C,10.000000,1,295.269257,302.481323,295.269257,302.481323,274.122253,315.642548,277.580994,289.432922,314.698639,289.377655,314.675140,315.472168,274.122253,315.642548,277.580994,289.432922,314.698639,289.377655,314.675140,315.472168,1,IPPE_SQUARE,-32.964391,127.739708,505.269572,1.539591791,-1.552799240,0.967415829,0.016248,1,1786173280.079623938,69.940090,mono16,,0,alignment_not_asserted,raw/frames/ihawk2/h_p010p000mm/frame_0002_color.png,raw/frames/ihawk2/h_p010p000mm/frame_0002_depth.png
20260808_151001,2026-08-08T15:14:40.548,7,10.000000,1,0.000000,0.000000,0.000000,-80.000000,123.500000,-80.000000,123.500000,3,ihawk1,primary,1786173280.189657927,1786173280.177915096,11.742830,1,0,TL,10.000000,1,223.873253,222.348961,223.873253,222.348961,203.703278,219.775375,231.376602,211.680725,244.444031,224.337433,215.969101,233.602310,203.703278,219.775375,231.376602,211.680725,244.444031,224.337433,215.969101,233.602310,1,IPPE_SQUARE,-163.493554,32.552752,669.293840,2.003242000,-0.635743117,0.421237568,0.061763,1,1786173280.124695063,64.962864,mono16,,0,alignment_not_asserted,raw/frames/ihawk1/h_p010p000mm/frame_0003_color.png,raw/frames/ihawk1/h_p010p000mm/frame_0003_depth.png
20260808_151001,2026-08-08T15:14:40.548,7,10.000000,1,0.000000,0.000000,0.000000,80.000000,123.500000,80.000000,123.500000,3,ihawk1,primary,1786173280.189657927,1786173280.177915096,11.742830,1,1,TR,10.000000,0,,,,,,,,,,,,,,,,,,,,,0,,,,,,,,,1,1786173280.124695063,64.962864,mono16,,,marker_missing,raw/frames/ihawk1/h_p010p000mm/frame_0003_color.png,raw/frames/ihawk1/h_p010p000mm/frame_0003_depth.png
20260808_151001,2026-08-08T15:14:40.548,7,10.000000,1,0.000000,0.000000,0.000000,-80.000000,-123.500000,-80.000000,-123.500000,3,ihawk1,primary,1786173280.189657927,1786173280.177915096,11.742830,1,2,BL,10.000000,1,299.781555,300.251526,299.781555,300.251526,272.620148,296.495880,305.034058,281.855957,327.367401,302.649170,294.104614,320.005096,272.620148,296.495880,305.034058,281.855957,327.367401,302.649170,294.104614,320.005096,1,IPPE_SQUARE,-28.282892,123.118336,509.508548,1.990109854,-0.649287008,0.402079678,0.137072,1,1786173280.124695063,64.962864,mono16,,0,alignment_not_asserted,raw/frames/ihawk1/h_p010p000mm/frame_0003_color.png,raw/frames/ihawk1/h_p010p000mm/frame_0003_depth.png
20260808_151001,2026-08-08T15:14:40.548,7,10.000000,1,0.000000,0.000000,0.000000,80.000000,-123.500000,80.000000,-123.500000,3,ihawk1,primary,1786173280.189657927,1786173280.177915096,11.742830,1,3,BR,10.000000,1,381.434258,260.993813,381.434258,260.993813,356.992798,258.497742,381.574982,246.346191,406.022675,262.991821,381.146576,276.139496,356.992798,258.497742,381.574982,246.346191,406.022675,262.991821,381.146576,276.139496,1,IPPE_SQUARE,86.066834,84.335551,583.866541,2.002624317,-0.666835700,0.402972503,0.134246,1,1786173280.124695063,64.962864,mono16,,0,alignment_not_asserted,raw/frames/ihawk1/h_p010p000mm/frame_0003_color.png,raw/frames/ihawk1/h_p010p000mm/frame_0003_depth.png
20260808_151001,2026-08-08T15:14:40.548,7,10.000000,1,0.000000,0.000000,0.000000,0.000000,0.000000,0.000000,0.000000,3,ihawk1,primary,1786173280.189657927,1786173280.177915096,11.742830,1,4,C,10.000000,1,297.123543,240.440296,297.123543,240.440296,275.244080,237.813705,301.348541,228.128647,319.504761,242.408051,292.396790,253.410782,275.244080,237.813705,301.348541,228.128647,319.504761,242.408051,292.396790,253.410782,1,IPPE_SQUARE,-39.176789,58.945024,630.359298,2.003028048,-0.648657353,0.414069779,0.077388,1,1786173280.124695063,64.962864,mono16,,0,alignment_not_asserted,raw/frames/ihawk1/h_p010p000mm/frame_0003_color.png,raw/frames/ihawk1/h_p010p000mm/frame_0003_depth.png
20260808_151001,2026-08-08T15:14:40.548,7,10.000000,1,0.000000,0.000000,0.000000,-80.000000,123.500000,-80.000000,123.500000,3,ihawk2,secondary,1786173280.177915096,1786173280.189657927,11.742830,1,0,TL,10.000000,1,190.613155,345.598572,190.613155,345.598572,161.019318,362.449585,175.634933,328.478119,218.048157,328.764099,207.750214,362.702484,161.019318,362.449585,175.634933,328.478119,218.048157,328.764099,207.750214,362.702484,1,IPPE_SQUARE,-147.250179,160.714187,443.612437,1.545883768,-1.546526693,0.987700447,0.056107,1,1786173280.149564028,28.351068,mono16,,0,alignment_not_asserted,raw/frames/ihawk2/h_p010p000mm/frame_0003_color.png,raw/frames/ihawk2/h_p010p000mm/frame_0003_depth.png
20260808_151001,2026-08-08T15:14:40.548,7,10.000000,1,0.000000,0.000000,0.000000,80.000000,123.500000,80.000000,123.500000,3,ihawk2,secondary,1786173280.177915096,1786173280.189657927,11.742830,1,1,TR,10.000000,1,217.780037,269.118362,217.780037,269.118362,195.801346,279.446136,204.783401,258.557556,238.281128,258.431610,232.254272,280.038147,195.801346,279.446136,204.783401,258.557556,238.281128,258.431610,232.254272,280.038147,1,IPPE_SQUARE,-148.218932,94.672120,563.628907,1.556480644,-1.563700237,0.969459041,0.193957,1,1786173280.149564028,28.351068,mono16,,0,alignment_not_asserted,raw/frames/ihawk2/h_p010p000mm/frame_0003_color.png,raw/frames/ihawk2/h_p010p000mm/frame_0003_depth.png
20260808_151001,2026-08-08T15:14:40.548,7,10.000000,1,0.000000,0.000000,0.000000,-80.000000,-123.500000,-80.000000,-123.500000,3,ihawk2,secondary,1786173280.177915096,1786173280.189657927,11.742830,1,2,BL,10.000000,1,393.514214,344.614449,393.514214,344.614449,374.242432,361.782288,368.631989,327.818756,410.662628,327.440063,420.519806,361.416687,374.242432,361.782288,368.631989,327.818756,410.662628,327.440063,420.519806,361.416687,1,IPPE_SQUARE,82.160324,159.601751,443.618862,1.534041478,-1.550019853,0.956996808,0.053936,1,1786173280.149564028,28.351068,mono16,,0,alignment_not_asserted,raw/frames/ihawk2/h_p010p000mm/frame_0003_color.png,raw/frames/ihawk2/h_p010p000mm/frame_0003_depth.png
20260808_151001,2026-08-08T15:14:40.548,7,10.000000,1,0.000000,0.000000,0.000000,80.000000,-123.500000,80.000000,-123.500000,3,ihawk2,secondary,1786173280.177915096,1786173280.189657927,11.742830,1,3,BR,10.000000,1,376.397552,268.481529,376.397552,268.481529,360.861237,279.475067,357.490295,258.044189,390.543823,257.664673,396.694855,278.742188,360.861237,279.475067,357.490295,258.044189,390.543823,257.664673,396.694855,278.742188,1,IPPE_SQUARE,80.532820,94.532918,568.263881,1.544335500,-1.573858099,0.935547017,0.079494,1,1786173280.149564028,28.351068,mono16,,0,alignment_not_asserted,raw/frames/ihawk2/h_p010p000mm/frame_0003_color.png,raw/frames/ihawk2/h_p010p000mm/frame_0003_depth.png
20260808_151001,2026-08-08T15:14:40.548,7,10.000000,1,0.000000,0.000000,0.000000,0.000000,0.000000,0.000000,0.000000,3,ihawk2,secondary,1786173280.177915096,1786173280.189657927,11.742830,1,4,C,10.000000,1,295.266899,302.487755,295.266899,302.487755,274.127808,315.634827,277.569427,289.412140,314.692871,289.432861,314.677490,315.471191,274.127808,315.634827,277.569427,289.412140,314.692871,289.432861,314.677490,315.471191,1,IPPE_SQUARE,-32.966915,127.750708,505.278711,1.540084841,-1.552192220,0.969757066,0.034039,1,1786173280.149564028,28.351068,mono16,,0,alignment_not_asserted,raw/frames/ihawk2/h_p010p000mm/frame_0003_color.png,raw/frames/ihawk2/h_p010p000mm/frame_0003_depth.png
20260808_151001,2026-08-08T15:14:57.070,8,10.000000,1,0.000000,0.000000,0.000000,-80.000000,123.500000,-80.000000,123.500000,1,ihawk1,primary,1786173296.954700947,1786173296.940891027,13.809919,1,0,TL,10.000000,1,223.857597,222.358906,223.857597,222.358906,203.679138,219.831436,231.373184,211.695450,244.501068,224.314774,215.876999,233.593964,203.679138,219.831436,231.373184,211.695450,244.501068,224.314774,215.876999,233.593964,1,IPPE_SQUARE,-163.094809,32.483619,667.556093,2.000242527,-0.635580552,0.418597823,0.042087,1,1786173296.954700947,0.000000,mono16,,0,alignment_not_asserted,raw/frames/ihawk1/h_p010p000mm/frame_0001_color.png,raw/frames/ihawk1/h_p010p000mm/frame_0001_depth.png
20260808_151001,2026-08-08T15:14:57.070,8,10.000000,1,0.000000,0.000000,0.000000,80.000000,123.500000,80.000000,123.500000,1,ihawk1,primary,1786173296.954700947,1786173296.940891027,13.809919,1,1,TR,10.000000,0,,,,,,,,,,,,,,,,,,,,,0,,,,,,,,,1,1786173296.954700947,0.000000,mono16,,,marker_missing,raw/frames/ihawk1/h_p010p000mm/frame_0001_color.png,raw/frames/ihawk1/h_p010p000mm/frame_0001_depth.png
20260808_151001,2026-08-08T15:14:57.070,8,10.000000,1,0.000000,0.000000,0.000000,-80.000000,-123.500000,-80.000000,-123.500000,1,ihawk1,primary,1786173296.954700947,1786173296.940891027,13.809919,1,2,BL,10.000000,1,299.717331,300.251419,299.717331,300.251419,272.630859,296.500427,305.093292,281.892303,327.324585,302.645721,293.820587,319.967224,272.630859,296.500427,305.093292,281.892303,327.324585,302.645721,293.820587,319.967224,1,IPPE_SQUARE,-28.357114,123.075559,509.330932,1.988055358,-0.645554579,0.393676173,0.123863,1,1786173296.954700947,0.000000,mono16,,0,alignment_not_asserted,raw/frames/ihawk1/h_p010p000mm/frame_0001_color.png,raw/frames/ihawk1/h_p010p000mm/frame_0001_depth.png
20260808_151001,2026-08-08T15:14:57.070,8,10.000000,1,0.000000,0.000000,0.000000,80.000000,-123.500000,80.000000,-123.500000,1,ihawk1,primary,1786173296.954700947,1786173296.940891027,13.809919,1,3,BR,10.000000,1,381.475403,261.026386,381.475403,261.026386,357.003021,258.526733,381.593170,246.317032,406.029236,263.069519,381.276184,276.192261,357.003021,258.526733,381.593170,246.317032,406.029236,263.069519,381.276184,276.192261,1,IPPE_SQUARE,86.116417,84.370328,583.786830,2.004878323,-0.668350324,0.406513496,0.161516,1,1786173296.954700947,0.000000,mono16,,0,alignment_not_asserted,raw/frames/ihawk1/h_p010p000mm/frame_0001_color.png,raw/frames/ihawk1/h_p010p000mm/frame_0001_depth.png
20260808_151001,2026-08-08T15:14:57.070,8,10.000000,1,0.000000,0.000000,0.000000,0.000000,0.000000,0.000000,0.000000,1,ihawk1,primary,1786173296.954700947,1786173296.940891027,13.809919,1,4,C,10.000000,1,297.101074,240.536072,297.101074,240.536072,275.277985,237.900024,301.324951,228.190155,319.448059,242.495712,292.353302,253.558395,275.277985,237.900024,301.324951,228.190155,319.448059,242.495712,292.353302,253.558395,1,IPPE_SQUARE,-39.285159,59.204647,631.524738,2.006121661,-0.649278389,0.411960982,0.091159,1,1786173296.954700947,0.000000,mono16,,0,alignment_not_asserted,raw/frames/ihawk1/h_p010p000mm/frame_0001_color.png,raw/frames/ihawk1/h_p010p000mm/frame_0001_depth.png
20260808_151001,2026-08-08T15:14:57.070,8,10.000000,1,0.000000,0.000000,0.000000,-80.000000,123.500000,-80.000000,123.500000,1,ihawk2,secondary,1786173296.940891027,1786173296.954700947,13.809919,1,0,TL,10.000000,1,190.624836,345.623215,190.624836,345.623215,160.981796,362.546509,175.654419,328.479950,218.086594,328.752289,207.776535,362.714111,160.981796,362.546509,175.654419,328.479950,218.086594,328.752289,207.776535,362.714111,1,IPPE_SQUARE,-147.048868,160.533641,443.044774,1.545176553,-1.546928408,0.985420697,0.046754,1,1786173296.940891027,0.000000,mono16,,0,alignment_not_asserted,raw/frames/ihawk2/h_p010p000mm/frame_0001_color.png,raw/frames/ihawk2/h_p010p000mm/frame_0001_depth.png
20260808_151001,2026-08-08T15:14:57.070,8,10.000000,1,0.000000,0.000000,0.000000,80.000000,123.500000,80.000000,123.500000,1,ihawk2,secondary,1786173296.940891027,1786173296.954700947,13.809919,1,1,TR,10.000000,1,217.743828,269.141251,217.743828,269.141251,195.813354,279.430176,204.747559,258.591095,238.261810,258.431549,232.152588,280.112183,195.813354,279.430176,204.747559,258.591095,238.261810,258.431549,232.152588,280.112183,1,IPPE_SQUARE,-148.446581,94.817455,564.293201,1.558047974,-1.563687513,0.968354685,0.219020,1,1786173296.940891027,0.000000,mono16,,0,alignment_not_asserted,raw/frames/ihawk2/h_p010p000mm/frame_0001_color.png,raw/frames/ihawk2/h_p010p000mm/frame_0001_depth.png
20260808_151001,2026-08-08T15:14:57.070,8,10.000000,1,0.000000,0.000000,0.000000,-80.000000,-123.500000,-80.000000,-123.500000,1,ihawk2,secondary,1786173296.940891027,1786173296.954700947,13.809919,1,2,BL,10.000000,1,393.489655,344.608383,393.489655,344.608383,374.177460,361.756866,368.680237,327.868073,410.623016,327.428558,420.477905,361.380035,374.177460,361.756866,368.680237,327.868073,410.623016,327.428558,420.477905,361.380035,1,IPPE_SQUARE,82.225176,159.779419,444.125144,1.532903781,-1.549423231,0.954400597,0.037667,1,1786173296.940891027,0.000000,mono16,,0,alignment_not_asserted,raw/frames/ihawk2/h_p010p000mm/frame_0001_color.png,raw/frames/ihawk2/h_p010p000mm/frame_0001_depth.png
20260808_151001,2026-08-08T15:14:57.070,8,10.000000,1,0.000000,0.000000,0.000000,80.000000,-123.500000,80.000000,-123.500000,1,ihawk2,secondary,1786173296.940891027,1786173296.954700947,13.809919,1,3,BR,10.000000,1,376.358238,268.491600,376.358238,268.491600,360.773712,279.486755,357.492279,258.057556,390.502563,257.641357,396.664398,278.780731,360.773712,279.486755,357.492279,258.057556,390.502563,257.641357,396.664398,278.780731,1,IPPE_SQUARE,80.476708,94.548653,568.273379,1.545037566,-1.573933869,0.933306357,0.079006,1,1786173296.940891027,0.000000,mono16,,0,alignment_not_asserted,raw/frames/ihawk2/h_p010p000mm/frame_0001_color.png,raw/frames/ihawk2/h_p010p000mm/frame_0001_depth.png
20260808_151001,2026-08-08T15:14:57.070,8,10.000000,1,0.000000,0.000000,0.000000,0.000000,0.000000,0.000000,0.000000,1,ihawk2,secondary,1786173296.940891027,1786173296.954700947,13.809919,1,4,C,10.000000,1,295.254333,302.541840,295.254333,302.541840,274.109283,315.681000,277.576721,289.454132,314.657166,289.426453,314.674164,315.605774,274.109283,315.681000,277.576721,289.454132,314.657166,289.426453,314.674164,315.605774,1,IPPE_SQUARE,-32.995487,127.867440,505.467318,1.542235341,-1.553817168,0.968464102,0.012984,1,1786173296.940891027,0.000000,mono16,,0,alignment_not_asserted,raw/frames/ihawk2/h_p010p000mm/frame_0001_color.png,raw/frames/ihawk2/h_p010p000mm/frame_0001_depth.png
20260808_151001,2026-08-08T15:14:57.241,8,10.000000,1,0.000000,0.000000,0.000000,-80.000000,123.500000,-80.000000,123.500000,2,ihawk1,primary,1786173296.994755983,1786173296.979576111,15.179873,1,0,TL,10.000000,1,223.858028,222.365871,223.858028,222.365871,203.678696,219.831482,231.349609,211.686661,244.473312,224.315796,215.930496,233.629547,203.678696,219.831482,231.349609,211.686661,244.473312,224.315796,215.930496,233.629547,1,IPPE_SQUARE,-163.291881,32.534654,668.363648,2.001919561,-0.637042487,0.419535040,0.052133,1,1786173296.954700947,40.055037,mono16,,0,alignment_not_asserted,raw/frames/ihawk1/h_p010p000mm/frame_0002_color.png,raw/frames/ihawk1/h_p010p000mm/frame_0002_depth.png
20260808_151001,2026-08-08T15:14:57.241,8,10.000000,1,0.000000,0.000000,0.000000,80.000000,123.500000,80.000000,123.500000,2,ihawk1,primary,1786173296.994755983,1786173296.979576111,15.179873,1,1,TR,10.000000,0,,,,,,,,,,,,,,,,,,,,,0,,,,,,,,,1,1786173296.954700947,40.055037,mono16,,,marker_missing,raw/frames/ihawk1/h_p010p000mm/frame_0002_color.png,raw/frames/ihawk1/h_p010p000mm/frame_0002_depth.png
20260808_151001,2026-08-08T15:14:57.241,8,10.000000,1,0.000000,0.000000,0.000000,-80.000000,-123.500000,-80.000000,-123.500000,2,ihawk1,primary,1786173296.994755983,1786173296.979576111,15.179873,1,2,BL,10.000000,1,300.736115,300.537865,300.736115,300.537865,272.646271,296.497223,309.000000,283.000000,327.335724,302.660522,293.962463,319.993713,272.646271,296.497223,309.000000,283.000000,327.335724,302.660522,293.962463,319.993713,1,IPPE_SQUARE,-26.573307,121.039686,499.459600,1.951324442,-0.595313560,0.305467778,1.265543,1,1786173296.954700947,40.055037,mono16,,0,alignment_not_asserted,raw/frames/ihawk1/h_p010p000mm/frame_0002_color.png,raw/frames/ihawk1/h_p010p000mm/frame_0002_depth.png
20260808_151001,2026-08-08T15:14:57.241,8,10.000000,1,0.000000,0.000000,0.000000,80.000000,-123.500000,80.000000,-123.500000,2,ihawk1,primary,1786173296.994755983,1786173296.979576111,15.179873,1,3,BR,10.000000,1,381.447968,261.023975,381.447968,261.023975,357.000366,258.505371,381.609741,246.313828,405.992218,263.140930,381.189545,276.135773,357.000366,258.505371,381.609741,246.313828,405.992218,263.140930,381.189545,276.135773,1,IPPE_SQUARE,86.130191,84.419758,584.146377,2.005288001,-0.665571191,0.406331024,0.185721,1,1786173296.954700947,40.055037,mono16,,0,alignment_not_asserted,raw/frames/ihawk1/h_p010p000mm/frame_0002_color.png,raw/frames/ihawk1/h_p010p000mm/frame_0002_depth.png
20260808_151001,2026-08-08T15:14:57.241,8,10.000000,1,0.000000,0.000000,0.000000,0.000000,0.000000,0.000000,0.000000,2,ihawk1,primary,1786173296.994755983,1786173296.979576111,15.179873,1,4,C,10.000000,1,297.093140,240.542118,297.093140,240.542118,275.286987,237.908218,301.296112,228.198303,319.446869,242.492081,292.342590,253.569870,275.286987,237.908218,301.296112,228.198303,319.446869,242.492081,292.342590,253.569870,1,IPPE_SQUARE,-39.308899,59.231268,631.705484,2.006204007,-0.649768089,0.412100834,0.103984,1,1786173296.954700947,40.055037,mono16,,0,alignment_not_asserted,raw/frames/ihawk1/h_p010p000mm/frame_0002_color.png,raw/frames/ihawk1/h_p010p000mm/frame_0002_depth.png
20260808_151001,2026-08-08T15:14:57.241,8,10.000000,1,0.000000,0.000000,0.000000,-80.000000,123.500000,-80.000000,123.500000,2,ihawk2,secondary,1786173296.979576111,1786173296.994755983,15.179873,1,0,TL,10.000000,1,190.604530,345.637077,190.604530,345.637077,160.969849,362.559296,175.569855,328.546844,218.096054,328.731995,207.782364,362.710175,160.969849,362.559296,175.569855,328.546844,218.096054,328.731995,207.782364,362.710175,1,IPPE_SQUARE,-146.929883,160.394319,442.620313,1.542904417,-1.547025394,0.986817530,0.069691,1,1786173296.940891027,38.685083,mono16,,0,alignment_not_asserted,raw/frames/ihawk2/h_p010p000mm/frame_0002_color.png,raw/frames/ihawk2/h_p010p000mm/frame_0002_depth.png
20260808_151001,2026-08-08T15:14:57.241,8,10.000000,1,0.000000,0.000000,0.000000,80.000000,123.500000,80.000000,123.500000,2,ihawk2,secondary,1786173296.979576111,1786173296.994755983,15.179873,1,1,TR,10.000000,1,217.747326,269.147835,217.747326,269.147835,195.819122,279.456116,204.752426,258.596100,238.269165,258.403961,232.148590,280.135162,195.819122,279.456116,204.752426,258.596100,238.269165,258.403961,232.148590,280.135162,1,IPPE_SQUARE,-148.433062,94.820371,564.258169,1.558473654,-1.564476915,0.966578523,0.226357,1,1786173296.940891027,38.685083,mono16,,0,alignment_not_asserted,raw/frames/ihawk2/h_p010p000mm/frame_0002_color.png,raw/frames/ihawk2/h_p010p000mm/frame_0002_depth.png
20260808_151001,2026-08-08T15:14:57.241,8,10.000000,1,0.000000,0.000000,0.000000,-80.000000,-123.500000,-80.000000,-123.500000,2,ihawk2,secondary,1786173296.979576111,1786173296.994755983,15.179873,1,2,BL,10.000000,1,393.473740,344.601822,393.473740,344.601822,374.177979,361.757416,368.677948,327.872894,410.563416,327.391754,420.475616,361.385223,374.177979,361.757416,368.677948,327.872894,410.563416,327.391754,420.475616,361.385223,1,IPPE_SQUARE,82.250112,159.854827,444.353994,1.533355107,-1.550976010,0.954375659,0.044656,1,1786173296.940891027,38.685083,mono16,,0,alignment_not_asserted,raw/frames/ihawk2/h_p010p000mm/frame_0002_color.png,raw/frames/ihawk2/h_p010p000mm/frame_0002_depth.png
20260808_151001,2026-08-08T15:14:57.241,8,10.000000,1,0.000000,0.000000,0.000000,80.000000,-123.500000,80.000000,-123.500000,2,ihawk2,secondary,1786173296.979576111,1786173296.994755983,15.179873,1,3,BR,10.000000,1,376.385559,268.490242,376.385559,268.490242,360.817017,279.492950,357.477478,258.061554,390.501740,257.650513,396.746002,278.755951,360.817017,279.492950,357.477478,258.061554,390.501740,257.650513,396.746002,278.755951,1,IPPE_SQUARE,80.431210,94.445945,567.671810,1.543614816,-1.574389318,0.936068106,0.088002,1,1786173296.940891027,38.685083,mono16,,0,alignment_not_asserted,raw/frames/ihawk2/h_p010p000mm/frame_0002_color.png,raw/frames/ihawk2/h_p010p000mm/frame_0002_depth.png
20260808_151001,2026-08-08T15:14:57.241,8,10.000000,1,0.000000,0.000000,0.000000,0.000000,0.000000,0.000000,0.000000,2,ihawk2,secondary,1786173296.979576111,1786173296.994755983,15.179873,1,4,C,10.000000,1,295.240608,302.543587,295.240608,302.543587,274.082977,315.678101,277.564575,289.470795,314.656830,289.436646,314.658051,315.588806,274.082977,315.678101,277.564575,289.470795,314.656830,289.436646,314.658051,315.588806,1,IPPE_SQUARE,-33.003310,127.830574,505.312526,1.541281896,-1.552962030,0.968399699,0.011758,1,1786173296.940891027,38.685083,mono16,,0,alignment_not_asserted,raw/frames/ihawk2/h_p010p000mm/frame_0002_color.png,raw/frames/ihawk2/h_p010p000mm/frame_0002_depth.png
20260808_151001,2026-08-08T15:14:57.404,8,10.000000,1,0.000000,0.000000,0.000000,-80.000000,123.500000,-80.000000,123.500000,3,ihawk1,primary,1786173297.019813061,1786173297.007050037,12.763023,1,0,TL,10.000000,1,223.865219,222.358410,223.865219,222.358410,203.679352,219.831345,231.343750,211.684174,244.498810,224.291931,215.938965,233.626190,203.679352,219.831345,231.343750,211.684174,244.498810,224.291931,215.938965,233.626190,1,IPPE_SQUARE,-163.206296,32.507399,668.062751,2.001284497,-0.637663000,0.419675744,0.054073,1,1786173296.994755983,25.057077,mono16,,0,alignment_not_asserted,raw/frames/ihawk1/h_p010p000mm/frame_0003_color.png,raw/frames/ihawk1/h_p010p000mm/frame_0003_depth.png
20260808_151001,2026-08-08T15:14:57.404,8,10.000000,1,0.000000,0.000000,0.000000,80.000000,123.500000,80.000000,123.500000,3,ihawk1,primary,1786173297.019813061,1786173297.007050037,12.763023,1,1,TR,10.000000,0,,,,,,,,,,,,,,,,,,,,,0,,,,,,,,,1,1786173296.994755983,25.057077,mono16,,,marker_missing,raw/frames/ihawk1/h_p010p000mm/frame_0003_color.png,raw/frames/ihawk1/h_p010p000mm/frame_0003_depth.png
20260808_151001,2026-08-08T15:14:57.404,8,10.000000,1,0.000000,0.000000,0.000000,-80.000000,-123.500000,-80.000000,-123.500000,3,ihawk1,primary,1786173297.019813061,1786173297.007050037,12.763023,1,2,BL,10.000000,1,299.741898,300.276787,299.741898,300.276787,272.649841,296.495544,305.085480,281.916229,327.335876,302.661713,293.896393,320.033661,272.649841,296.495544,305.085480,281.916229,327.335876,302.661713,293.896393,320.033661,1,IPPE_SQUARE,-28.335939,123.154363,509.524331,1.989344130,-0.646424349,0.395835001,0.144407,1,1786173296.994755983,25.057077,mono16,,0,alignment_not_asserted,raw/frames/ihawk1/h_p010p000mm/frame_0003_color.png,raw/frames/ihawk1/h_p010p000mm/frame_0003_depth.png
20260808_151001,2026-08-08T15:14:57.404,8,10.000000,1,0.000000,0.000000,0.000000,80.000000,-123.500000,80.000000,-123.500000,3,ihawk1,primary,1786173297.019813061,1786173297.007050037,12.763023,1,3,BR,10.000000,1,381.467651,261.037746,381.467651,261.037746,357.000366,258.505371,381.604950,246.315018,406.023346,263.143372,381.241943,276.187225,357.000366,258.505371,381.604950,246.315018,406.023346,263.143372,381.241943,276.187225,1,IPPE_SQUARE,86.098834,84.379561,583.737621,2.005857438,-0.666543486,0.407667314,0.174963,1,1786173296.994755983,25.057077,mono16,,0,alignment_not_asserted,raw/frames/ihawk1/h_p010p000mm/frame_0003_color.png,raw/frames/ihawk1/h_p010p000mm/frame_0003_depth.png
20260808_151001,2026-08-08T15:14:57.404,8,10.000000,1,0.000000,0.000000,0.000000,0.000000,0.000000,0.000000,0.000000,3,ihawk1,primary,1786173297.019813061,1786173297.007050037,12.763023,1,4,C,10.000000,1,297.098862,240.526642,297.098862,240.526642,275.277985,237.900024,301.276886,228.123108,319.472015,242.488632,292.368561,253.594803,275.277985,237.900024,301.276886,228.123108,319.472015,242.488632,292.368561,253.594803,1,IPPE_SQUARE,-39.279745,59.175386,631.384366,2.008381554,-0.651359762,0.412578224,0.103533,1,1786173296.994755983,25.057077,mono16,,0,alignment_not_asserted,raw/frames/ihawk1/h_p010p000mm/frame_0003_color.png,raw/frames/ihawk1/h_p010p000mm/frame_0003_depth.png
20260808_151001,2026-08-08T15:14:57.404,8,10.000000,1,0.000000,0.000000,0.000000,-80.000000,123.500000,-80.000000,123.500000,3,ihawk2,secondary,1786173297.007050037,1786173297.019813061,12.763023,1,0,TL,10.000000,1,190.610023,345.643120,190.610023,345.643120,160.969040,362.558868,175.623123,328.509216,218.065567,328.794220,207.782364,362.710175,160.969040,362.558868,175.623123,328.509216,218.065567,328.794220,207.782364,362.710175,1,IPPE_SQUARE,-147.059713,160.551077,443.029656,1.544469615,-1.546641246,0.987141437,0.047599,1,1786173296.979576111,27.473927,mono16,,0,alignment_not_asserted,raw/frames/ihawk2/h_p010p000mm/frame_0003_color.png,raw/frames/ihawk2/h_p010p000mm/frame_0003_depth.png
20260808_151001,2026-08-08T15:14:57.404,8,10.000000,1,0.000000,0.000000,0.000000,80.000000,123.500000,80.000000,123.500000,3,ihawk2,secondary,1786173297.007050037,1786173297.019813061,12.763023,1,1,TR,10.000000,1,217.744034,269.157234,217.744034,269.157234,195.817245,279.460175,204.751572,258.590057,238.263397,258.430206,232.143921,280.148499,195.817245,279.460175,204.751572,258.590057,238.263397,258.430206,232.143921,280.148499,1,IPPE_SQUARE,-148.465812,94.852224,564.365895,1.559064857,-1.564318102,0.967245303,0.220347,1,1786173296.979576111,27.473927,mono16,,0,alignment_not_asserted,raw/frames/ihawk2/h_p010p000mm/frame_0003_color.png,raw/frames/ihawk2/h_p010p000mm/frame_0003_depth.png
20260808_151001,2026-08-08T15:14:57.404,8,10.000000,1,0.000000,0.000000,0.000000,-80.000000,-123.500000,-80.000000,-123.500000,3,ihawk2,secondary,1786173297.007050037,1786173297.019813061,12.763023,1,2,BL,10.000000,1,393.471710,344.611214,393.471710,344.611214,374.177979,361.757416,368.627747,327.890045,410.605499,327.412170,420.475616,361.385223,374.177979,361.757416,368.627747,327.890045,410.605499,327.412170,420.475616,361.385223,1,IPPE_SQUARE,82.163804,159.702638,443.904867,1.532193580,-1.549622448,0.955200993,0.053491,1,1786173296.979576111,27.473927,mono16,,0,alignment_not_asserted,raw/frames/ihawk2/h_p010p000mm/frame_0003_color.png,raw/frames/ihawk2/h_p010p000mm/frame_0003_depth.png
20260808_151001,2026-08-08T15:14:57.404,8,10.000000,1,0.000000,0.000000,0.000000,80.000000,-123.500000,80.000000,-123.500000,3,ihawk2,secondary,1786173297.007050037,1786173297.019813061,12.763023,1,3,BR,10.000000,1,376.383804,268.480125,376.383804,268.480125,360.801331,279.484528,357.480072,258.058594,390.517487,257.652771,396.736328,278.724609,360.801331,279.484528,357.480072,258.058594,390.517487,257.652771,396.736328,278.724609,1,IPPE_SQUARE,80.416813,94.418177,567.591767,1.542953313,-1.573412816,0.935490878,0.092291,1,1786173296.979576111,27.473927,mono16,,0,alignment_not_asserted,raw/frames/ihawk2/h_p010p000mm/frame_0003_color.png,raw/frames/ihawk2/h_p010p000mm/frame_0003_depth.png
20260808_151001,2026-08-08T15:14:57.404,8,10.000000,1,0.000000,0.000000,0.000000,0.000000,0.000000,0.000000,0.000000,3,ihawk2,secondary,1786173297.007050037,1786173297.019813061,12.763023,1,4,C,10.000000,1,295.247818,302.553917,295.247818,302.553917,274.082794,315.674103,277.558472,289.474457,314.696259,289.469360,314.653748,315.597748,274.082794,315.674103,277.558472,289.474457,314.696259,289.469360,314.653748,315.597748,1,IPPE_SQUARE,-32.975460,127.772928,505.033344,1.541057591,-1.551742662,0.969122076,0.006792,1,1786173296.979576111,27.473927,mono16,,0,alignment_not_asserted,raw/frames/ihawk2/h_p010p000mm/frame_0003_color.png,raw/frames/ihawk2/h_p010p000mm/frame_0003_depth.png
20260808_151001,2026-08-08T15:15:06.184,9,10.000000,1,0.000000,0.000000,0.000000,-80.000000,123.500000,-80.000000,123.500000,1,ihawk1,primary,1786173306.064750910,1786173306.048811913,15.938997,1,0,TL,10.000000,1,223.874695,222.345486,223.874695,222.345486,203.668762,219.769608,231.381638,211.680038,244.520752,224.326935,215.927628,233.605362,203.668762,219.769608,231.381638,211.680038,244.520752,224.326935,215.927628,233.605362,1,IPPE_SQUARE,-163.040004,32.455779,667.452244,2.001597029,-0.635456056,0.421555647,0.055977,1,1786173306.028961897,35.789013,mono16,,0,alignment_not_asserted,raw/frames/ihawk1/h_p010p000mm/frame_0001_color.png,raw/frames/ihawk1/h_p010p000mm/frame_0001_depth.png
20260808_151001,2026-08-08T15:15:06.184,9,10.000000,1,0.000000,0.000000,0.000000,80.000000,123.500000,80.000000,123.500000,1,ihawk1,primary,1786173306.064750910,1786173306.048811913,15.938997,1,1,TR,10.000000,1,295.362106,199.293346,295.362106,199.293346,276.990448,197.549500,299.163788,190.669144,313.783966,200.517075,291.510223,208.437668,276.990448,197.549500,299.163788,190.669144,313.783966,200.517075,291.510223,208.437668,1,IPPE_SQUARE,-50.410239,-6.467672,757.284470,1.998981438,-0.654118213,0.398714996,0.135273,1,1786173306.028961897,35.789013,mono16,,0,alignment_not_asserted,raw/frames/ihawk1/h_p010p000mm/frame_0001_color.png,raw/frames/ihawk1/h_p010p000mm/frame_0001_depth.png
20260808_151001,2026-08-08T15:15:06.184,9,10.000000,1,0.000000,0.000000,0.000000,-80.000000,-123.500000,-80.000000,-123.500000,1,ihawk1,primary,1786173306.064750910,1786173306.048811913,15.938997,1,2,BL,10.000000,1,299.728897,300.272491,299.728897,300.272491,272.654388,296.490234,305.077179,281.941406,327.323334,302.649933,293.860687,320.008392,272.654388,296.490234,305.077179,281.941406,327.323334,302.649933,293.860687,320.008392,1,IPPE_SQUARE,-28.357609,123.171559,509.615168,1.988346941,-0.645839057,0.395441687,0.147216,1,1786173306.028961897,35.789013,mono16,,0,alignment_not_asserted,raw/frames/ihawk1/h_p010p000mm/frame_0001_color.png,raw/frames/ihawk1/h_p010p000mm/frame_0001_depth.png
20260808_151001,2026-08-08T15:15:06.184,9,10.000000,1,0.000000,0.000000,0.000000,80.000000,-123.500000,80.000000,-123.500000,1,ihawk1,primary,1786173306.064750910,1786173306.048811913,15.938997,1,3,BR,10.000000,1,381.472755,260.992607,381.472755,260.992607,357.028076,258.498016,381.611450,246.304840,405.958221,262.952942,381.293274,276.214630,357.028076,258.498016,381.611450,246.304840,405.958221,262.952942,381.293274,276.214630,1,IPPE_SQUARE,86.291848,84.498676,585.004972,2.006200981,-0.670355541,0.403751019,0.132752,1,1786173306.028961897,35.789013,mono16,,0,alignment_not_asserted,raw/frames/ihawk1/h_p010p000mm/frame_0001_color.png,raw/frames/ihawk1/h_p010p000mm/frame_0001_depth.png
20260808_151001,2026-08-08T15:15:06.184,9,10.000000,1,0.000000,0.000000,0.000000,0.000000,0.000000,0.000000,0.000000,1,ihawk1,primary,1786173306.064750910,1786173306.048811913,15.938997,1,4,C,10.000000,1,297.106995,240.551579,297.106995,240.551579,275.289001,237.999573,301.300476,228.193817,319.480408,242.451431,292.358093,253.561493,275.289001,237.999573,301.300476,228.193817,319.480408,242.451431,292.358093,253.561493,1,IPPE_SQUARE,-39.264713,59.209850,631.320482,2.004194037,-0.651643640,0.409168189,0.101282,1,1786173306.028961897,35.789013,mono16,,0,alignment_not_asserted,raw/frames/ihawk1/h_p010p000mm/frame_0001_color.png,raw/frames/ihawk1/h_p010p000mm/frame_0001_depth.png
20260808_151001,2026-08-08T15:15:06.184,9,10.000000,1,0.000000,0.000000,0.000000,-80.000000,123.500000,-80.000000,123.500000,1,ihawk2,secondary,1786173306.048811913,1786173306.064750910,15.938997,1,0,TL,10.000000,1,190.628925,345.593285,190.628925,345.593285,161.029633,362.503662,175.641617,328.407959,218.070114,328.755463,207.774338,362.706055,161.029633,362.503662,175.641617,328.407959,218.070114,328.755463,207.774338,362.706055,1,IPPE_SQUARE,-147.186764,160.656967,443.474824,1.547411653,-1.547666334,0.986795070,0.058590,1,1786173306.048811913,0.000000,mono16,,0,alignment_not_asserted,raw/frames/ihawk2/h_p010p000mm/frame_0001_color.png,raw/frames/ihawk2/h_p010p000mm/frame_0001_depth.png
20260808_151001,2026-08-08T15:15:06.184,9,10.000000,1,0.000000,0.000000,0.000000,80.000000,123.500000,80.000000,123.500000,1,ihawk2,secondary,1786173306.048811913,1786173306.064750910,15.938997,1,1,TR,10.000000,1,217.747627,269.120712,217.747627,269.120712,195.787354,279.430542,204.740540,258.573212,238.264114,258.404816,232.198502,280.074280,195.787354,279.430542,204.740540,258.573212,238.264114,258.404816,232.198502,280.074280,1,IPPE_SQUARE,-148.286086,94.688215,563.705589,1.556981302,-1.563948188,0.968764251,0.213895,1,1786173306.048811913,0.000000,mono16,,0,alignment_not_asserted,raw/frames/ihawk2/h_p010p000mm/frame_0001_color.png,raw/frames/ihawk2/h_p010p000mm/frame_0001_depth.png
20260808_151001,2026-08-08T15:15:06.184,9,10.000000,1,0.000000,0.000000,0.000000,-80.000000,-123.500000,-80.000000,-123.500000,1,ihawk2,secondary,1786173306.048811913,1786173306.064750910,15.938997,1,2,BL,10.000000,1,393.476410,344.589874,393.476410,344.589874,374.187103,361.706482,368.600067,327.860535,410.654602,327.409332,420.463867,361.383148,374.187103,361.706482,368.600067,327.860535,410.654602,327.409332,420.463867,361.383148,1,IPPE_SQUARE,82.117966,159.578401,443.628889,1.532292067,-1.548362596,0.956117324,0.075040,1,1786173306.048811913,0.000000,mono16,,0,alignment_not_asserted,raw/frames/ihawk2/h_p010p000mm/frame_0001_color.png,raw/frames/ihawk2/h_p010p000mm/frame_0001_depth.png
20260808_151001,2026-08-08T15:15:06.184,9,10.000000,1,0.000000,0.000000,0.000000,80.000000,-123.500000,80.000000,-123.500000,1,ihawk2,secondary,1786173306.048811913,1786173306.064750910,15.938997,1,3,BR,10.000000,1,376.365669,268.434151,376.365669,268.434151,360.796661,279.488464,357.496918,257.954834,390.540222,257.607086,396.628876,278.686218,360.796661,279.488464,357.496918,257.954834,390.540222,257.607086,396.628876,278.686218,1,IPPE_SQUARE,80.524260,94.508365,568.532508,1.545785625,-1.574497226,0.931598645,0.105411,1,1786173306.048811913,0.000000,mono16,,0,alignment_not_asserted,raw/frames/ihawk2/h_p010p000mm/frame_0001_color.png,raw/frames/ihawk2/h_p010p000mm/frame_0001_depth.png
20260808_151001,2026-08-08T15:15:06.184,9,10.000000,1,0.000000,0.000000,0.000000,0.000000,0.000000,0.000000,0.000000,1,ihawk2,secondary,1786173306.048811913,1786173306.064750910,15.938997,1,4,C,10.000000,1,295.225800,302.545197,295.225800,302.545197,274.079041,315.696228,277.508209,289.496948,314.657867,289.438171,314.658081,315.549438,274.079041,315.696228,277.508209,289.496948,314.657867,289.438171,314.658081,315.549438,1,IPPE_SQUARE,-32.997044,127.733502,504.922384,1.539284501,-1.552801459,0.969205761,0.009593,1,1786173306.048811913,0.000000,mono16,,0,alignment_not_asserted,raw/frames/ihawk2/h_p010p000mm/frame_0001_color.png,raw/frames/ihawk2/h_p010p000mm/frame_0001_depth.png
20260808_151001,2026-08-08T15:15:06.353,9,10.000000,1,0.000000,0.000000,0.000000,-80.000000,123.500000,-80.000000,123.500000,2,ihawk1,primary,1786173306.134682894,1786173306.089649916,45.032978,1,0,TL,10.000000,1,223.894005,222.336998,223.894005,222.336998,203.717117,219.750656,231.397141,211.699097,244.507889,224.303314,215.953873,233.594925,203.717117,219.750656,231.397141,211.699097,244.507889,224.303314,215.953873,233.594925,1,IPPE_SQUARE,-163.227278,32.486362,668.348133,2.001585627,-0.635231761,0.421317506,0.069172,1,1786173306.028961897,105.720997,mono16,,0,alignment_not_asserted,raw/frames/ihawk1/h_p010p000mm/frame_0002_color.png,raw/frames/ihawk1/h_p010p000mm/frame_0002_depth.png
20260808_151001,2026-08-08T15:15:06.353,9,10.000000,1,0.000000,0.000000,0.000000,80.000000,123.500000,80.000000,123.500000,2,ihawk1,primary,1786173306.134682894,1786173306.089649916,45.032978,1,1,TR,10.000000,1,295.333565,199.299801,295.333565,199.299801,276.990448,197.549500,299.157257,190.666641,313.787933,200.507233,291.398621,208.475830,276.990448,197.549500,299.157257,190.666641,313.787933,200.507233,291.398621,208.475830,1,IPPE_SQUARE,-50.426761,-6.451578,756.716591,1.999669447,-0.652722799,0.395139396,0.123387,1,1786173306.028961897,105.720997,mono16,,0,alignment_not_asserted,raw/frames/ihawk1/h_p010p000mm/frame_0002_color.png,raw/frames/ihawk1/h_p010p000mm/frame_0002_depth.png
20260808_151001,2026-08-08T15:15:06.353,9,10.000000,1,0.000000,0.000000,0.000000,-80.000000,-123.500000,-80.000000,-123.500000,2,ihawk1,primary,1786173306.134682894,1786173306.089649916,45.032978,1,2,BL,10.000000,1,299.733665,300.258362,299.733665,300.258362,272.649780,296.497040,305.157715,281.926971,327.334839,302.643982,293.792328,319.965454,272.649780,296.497040,305.157715,281.926971,327.334839,302.643982,293.792328,319.965454,1,IPPE_SQUARE,-28.330115,123.054043,509.205335,1.986996576,-0.644247319,0.391645440,0.135082,1,1786173306.028961897,105.720997,mono16,,0,alignment_not_asserted,raw/frames/ihawk1/h_p010p000mm/frame_0002_color.png,raw/frames/ihawk1/h_p010p000mm/frame_0002_depth.png
20260808_151001,2026-08-08T15:15:06.353,9,10.000000,1,0.000000,0.000000,0.000000,80.000000,-123.500000,80.000000,-123.500000,2,ihawk1,primary,1786173306.134682894,1786173306.089649916,45.032978,1,3,BR,10.000000,1,381.455025,260.982166,381.455025,260.982166,357.037140,258.505890,381.594177,246.308701,405.945374,262.912018,381.243408,276.202057,357.037140,258.505890,381.594177,246.308701,405.945374,262.912018,381.243408,276.202057,1,IPPE_SQUARE,86.314617,84.532441,585.339144,2.005707171,-0.670593796,0.401751560,0.120173,1,1786173306.028961897,105.720997,mono16,,0,alignment_not_asserted,raw/frames/ihawk1/h_p010p000mm/frame_0002_color.png,raw/frames/ihawk1/h_p010p000mm/frame_0002_depth.png
20260808_151001,2026-08-08T15:15:06.353,9,10.000000,1,0.000000,0.000000,0.000000,0.000000,0.000000,0.000000,0.000000,2,ihawk1,primary,1786173306.134682894,1786173306.089649916,45.032978,1,4,C,10.000000,1,297.090866,240.529530,297.090866,240.529530,275.285309,237.900208,301.259216,228.169037,319.476562,242.496262,292.342377,253.552612,275.285309,237.900208,301.259216,228.169037,319.476562,242.496262,292.342377,253.552612,1,IPPE_SQUARE,-39.293010,59.182495,631.400800,2.006373327,-0.650287828,0.413553057,0.116525,1,1786173306.028961897,105.720997,mono16,,0,alignment_not_asserted,raw/frames/ihawk1/h_p010p000mm/frame_0002_color.png,raw/frames/ihawk1/h_p010p000mm/frame_0002_depth.png
20260808_151001,2026-08-08T15:15:06.353,9,10.000000,1,0.000000,0.000000,0.000000,-80.000000,123.500000,-80.000000,123.500000,2,ihawk2,secondary,1786173306.089649916,1786173306.134682894,45.032978,1,0,TL,10.000000,1,190.612392,345.583740,190.612392,345.583740,160.997391,362.428040,175.607727,328.445404,218.070114,328.755463,207.774338,362.706055,160.997391,362.428040,175.607727,328.445404,218.070114,328.755463,207.774338,362.706055,1,IPPE_SQUARE,-147.128398,160.563877,443.247553,1.546099480,-1.546239118,0.989242537,0.059596,1,1786173306.048811913,40.838003,mono16,,0,alignment_not_asserted,raw/frames/ihawk2/h_p010p000mm/frame_0002_color.png,raw/frames/ihawk2/h_p010p000mm/frame_0002_depth.png
20260808_151001,2026-08-08T15:15:06.353,9,10.000000,1,0.000000,0.000000,0.000000,80.000000,123.500000,80.000000,123.500000,2,ihawk2,secondary,1786173306.089649916,1786173306.134682894,45.032978,1,1,TR,10.000000,1,217.757839,269.073845,217.757839,269.073845,195.787354,279.430542,204.765427,258.529633,238.260376,258.295410,232.218201,280.039795,195.787354,279.430542,204.765427,258.529633,238.260376,258.295410,232.218201,280.039795,1,IPPE_SQUARE,-148.250111,94.604981,563.618758,1.557249489,-1.565679493,0.965291747,0.224437,1,1786173306.048811913,40.838003,mono16,,0,alignment_not_asserted,raw/frames/ihawk2/h_p010p000mm/frame_0002_color.png,raw/frames/ihawk2/h_p010p000mm/frame_0002_depth.png
20260808_151001,2026-08-08T15:15:06.353,9,10.000000,1,0.000000,0.000000,0.000000,-80.000000,-123.500000,-80.000000,-123.500000,2,ihawk2,secondary,1786173306.089649916,1786173306.134682894,45.032978,1,2,BL,10.000000,1,393.490776,344.604759,393.490776,344.604759,374.225983,361.775330,368.593811,327.848053,410.686646,327.406860,420.456665,361.388794,374.225983,361.775330,368.593811,327.848053,410.686646,327.406860,420.456665,361.388794,1,IPPE_SQUARE,82.140129,159.606122,443.660567,1.532771859,-1.549630556,0.954902868,0.083598,1,1786173306.048811913,40.838003,mono16,,0,alignment_not_asserted,raw/frames/ihawk2/h_p010p000mm/frame_0002_color.png,raw/frames/ihawk2/h_p010p000mm/frame_0002_depth.png
20260808_151001,2026-08-08T15:15:06.353,9,10.000000,1,0.000000,0.000000,0.000000,80.000000,-123.500000,80.000000,-123.500000,2,ihawk2,secondary,1786173306.089649916,1786173306.134682894,45.032978,1,3,BR,10.000000,1,376.369286,268.432289,376.369286,268.432289,360.789886,279.439545,357.521210,257.936127,390.522736,257.611267,396.643311,278.742218,360.789886,279.439545,357.521210,257.936127,390.522736,257.611267,396.643311,278.742218,1,IPPE_SQUARE,80.545754,94.523313,568.638802,1.547694014,-1.574361802,0.933252556,0.093508,1,1786173306.048811913,40.838003,mono16,,0,alignment_not_asserted,raw/frames/ihawk2/h_p010p000mm/frame_0002_color.png,raw/frames/ihawk2/h_p010p000mm/frame_0002_depth.png
20260808_151001,2026-08-08T15:15:06.353,9,10.000000,1,0.000000,0.000000,0.000000,0.000000,0.000000,0.000000,0.000000,2,ihawk2,secondary,1786173306.089649916,1786173306.134682894,45.032978,1,4,C,10.000000,1,295.240791,302.534111,295.240791,302.534111,274.075470,315.666901,277.571747,289.481964,314.657867,289.438171,314.658081,315.549408,274.075470,315.666901,277.571747,289.481964,314.657867,289.438171,314.658081,315.549408,1,IPPE_SQUARE,-33.002207,127.814124,505.293999,1.540135664,-1.552280272,0.968289381,0.015880,1,1786173306.048811913,40.838003,mono16,,0,alignment_not_asserted,raw/frames/ihawk2/h_p010p000mm/frame_0002_color.png,raw/frames/ihawk2/h_p010p000mm/frame_0002_depth.png
20260808_151001,2026-08-08T15:15:06.516,9,10.000000,1,0.000000,0.000000,0.000000,-80.000000,123.500000,-80.000000,123.500000,3,ihawk1,primary,1786173306.160974026,1786173306.114814997,46.159029,1,0,TL,10.000000,1,223.885509,222.349125,223.885509,222.349125,203.683517,219.762817,231.357147,211.679001,244.508987,224.341492,215.992386,233.613190,203.683517,219.762817,231.357147,211.679001,244.508987,224.341492,215.992386,233.613190,1,IPPE_SQUARE,-163.247686,32.507452,668.375873,2.002759950,-0.636505272,0.423754941,0.058701,1,1786173306.064750910,96.223116,mono16,,0,alignment_not_asserted,raw/frames/ihawk1/h_p010p000mm/frame_0003_color.png,raw/frames/ihawk1/h_p010p000mm/frame_0003_depth.png
20260808_151001,2026-08-08T15:15:06.516,9,10.000000,1,0.000000,0.000000,0.000000,80.000000,123.500000,80.000000,123.500000,3,ihawk1,primary,1786173306.160974026,1786173306.114814997,46.159029,1,1,TR,10.000000,0,,,,,,,,,,,,,,,,,,,,,0,,,,,,,,,1,1786173306.064750910,96.223116,mono16,,,marker_missing,raw/frames/ihawk1/h_p010p000mm/frame_0003_color.png,raw/frames/ihawk1/h_p010p000mm/frame_0003_depth.png
20260808_151001,2026-08-08T15:15:06.516,9,10.000000,1,0.000000,0.000000,0.000000,-80.000000,-123.500000,-80.000000,-123.500000,3,ihawk1,primary,1786173306.160974026,1786173306.114814997,46.159029,1,2,BL,10.000000,1,299.765793,300.263367,299.765793,300.263367,272.658173,296.493134,305.163635,281.900177,327.350159,302.645447,293.891205,320.014709,272.658173,296.493134,305.163635,281.900177,327.350159,302.645447,293.891205,320.014709,1,IPPE_SQUARE,-28.294798,123.085384,509.310969,1.988812283,-0.645691698,0.393300411,0.145952,1,1786173306.064750910,96.223116,mono16,,0,alignment_not_asserted,raw/frames/ihawk1/h_p010p000mm/frame_0003_color.png,raw/frames/ihawk1/h_p010p000mm/frame_0003_depth.png
20260808_151001,2026-08-08T15:15:06.516,9,10.000000,1,0.000000,0.000000,0.000000,80.000000,-123.500000,80.000000,-123.500000,3,ihawk1,primary,1786173306.160974026,1786173306.114814997,46.159029,1,3,BR,10.000000,1,381.513237,260.988873,381.513237,260.988873,357.054199,258.509888,381.600067,246.319077,406.114624,262.920593,381.284058,276.205933,357.054199,258.509888,381.600067,246.319077,406.114624,262.920593,381.284058,276.205933,1,IPPE_SQUARE,86.132038,84.278914,583.533572,2.003290044,-0.670007374,0.403207094,0.111174,1,1786173306.064750910,96.223116,mono16,,0,alignment_not_asserted,raw/frames/ihawk1/h_p010p000mm/frame_0003_color.png,raw/frames/ihawk1/h_p010p000mm/frame_0003_depth.png
20260808_151001,2026-08-08T15:15:06.516,9,10.000000,1,0.000000,0.000000,0.000000,0.000000,0.000000,0.000000,0.000000,3,ihawk1,primary,1786173306.160974026,1786173306.114814997,46.159029,1,4,C,10.000000,1,297.089836,240.515926,297.089836,240.515926,275.295258,237.879333,301.234863,228.127502,319.473785,242.498779,292.355438,253.558090,275.295258,237.879333,301.234863,228.127502,319.473785,242.498779,292.355438,253.558090,1,IPPE_SQUARE,-39.312260,59.187994,631.689903,2.008117371,-0.651043703,0.414531231,0.121206,1,1786173306.064750910,96.223116,mono16,,0,alignment_not_asserted,raw/frames/ihawk1/h_p010p000mm/frame_0003_color.png,raw/frames/ihawk1/h_p010p000mm/frame_0003_depth.png
20260808_151001,2026-08-08T15:15:06.516,9,10.000000,1,0.000000,0.000000,0.000000,-80.000000,123.500000,-80.000000,123.500000,3,ihawk2,secondary,1786173306.114814997,1786173306.160974026,46.159029,1,0,TL,10.000000,1,190.608459,345.593147,190.608459,345.593147,161.027008,362.492767,175.602524,328.441193,218.060944,328.729706,207.743362,362.708923,161.027008,362.492767,175.602524,328.441193,218.060944,328.729706,207.743362,362.708923,1,IPPE_SQUARE,-147.204792,160.650947,443.458577,1.546649933,-1.547806576,0.986586812,0.070228,1,1786173306.089649916,25.165081,mono16,,0,alignment_not_asserted,raw/frames/ihawk2/h_p010p000mm/frame_0003_color.png,raw/frames/ihawk2/h_p010p000mm/frame_0003_depth.png
20260808_151001,2026-08-08T15:15:06.516,9,10.000000,1,0.000000,0.000000,0.000000,80.000000,123.500000,80.000000,123.500000,3,ihawk2,secondary,1786173306.114814997,1786173306.160974026,46.159029,1,1,TR,10.000000,1,217.750961,269.113197,217.750961,269.113197,195.802063,279.438202,204.741180,258.572235,238.260666,258.405914,232.199936,280.036438,195.802063,279.438202,204.741180,258.572235,238.260666,258.405914,232.199936,280.036438,1,IPPE_SQUARE,-148.321734,94.703545,563.858439,1.556251176,-1.564131007,0.968706431,0.202111,1,1786173306.089649916,25.165081,mono16,,0,alignment_not_asserted,raw/frames/ihawk2/h_p010p000mm/frame_0003_color.png,raw/frames/ihawk2/h_p010p000mm/frame_0003_depth.png
20260808_151001,2026-08-08T15:15:06.516,9,10.000000,1,0.000000,0.000000,0.000000,-80.000000,-123.500000,-80.000000,-123.500000,3,ihawk2,secondary,1786173306.114814997,1786173306.160974026,46.159029,1,2,BL,10.000000,1,393.467224,344.610825,393.467224,344.610825,374.225983,361.775330,368.576569,327.872192,410.602264,327.412537,420.464081,361.383240,374.225983,361.775330,368.576569,327.872192,410.602264,327.412537,420.464081,361.383240,1,IPPE_SQUARE,82.145431,159.674396,443.828999,1.532526717,-1.550500215,0.956644764,0.067692,1,1786173306.089649916,25.165081,mono16,,0,alignment_not_asserted,raw/frames/ihawk2/h_p010p000mm/frame_0003_color.png,raw/frames/ihawk2/h_p010p000mm/frame_0003_depth.png
20260808_151001,2026-08-08T15:15:06.516,9,10.000000,1,0.000000,0.000000,0.000000,80.000000,-123.500000,80.000000,-123.500000,3,ihawk2,secondary,1786173306.114814997,1786173306.160974026,46.159029,1,3,BR,10.000000,1,376.376518,268.426392,376.376518,268.426392,360.806824,279.430511,357.520264,257.922485,390.528656,257.601593,396.650330,278.750977,360.806824,279.430511,357.520264,257.922485,390.528656,257.601593,396.650330,278.750977,1,IPPE_SQUARE,80.554412,94.511996,568.623546,1.548204534,-1.574750557,0.933659178,0.088486,1,1786173306.089649916,25.165081,mono16,,0,alignment_not_asserted,raw/frames/ihawk2/h_p010p000mm/frame_0003_color.png,raw/frames/ihawk2/h_p010p000mm/frame_0003_depth.png
20260808_151001,2026-08-08T15:15:06.516,9,10.000000,1,0.000000,0.000000,0.000000,0.000000,0.000000,0.000000,0.000000,3,ihawk2,secondary,1786173306.114814997,1786173306.160974026,46.159029,1,4,C,10.000000,1,295.239090,302.538734,295.239090,302.538734,274.068268,315.678986,277.569977,289.482025,314.660034,289.444519,314.658081,315.549408,274.068268,315.678986,277.569977,289.482025,314.660034,289.444519,314.658081,315.549408,1,IPPE_SQUARE,-32.999524,127.800881,505.218885,1.540058605,-1.552217453,0.968161551,0.018680,1,1786173306.089649916,25.165081,mono16,,0,alignment_not_asserted,raw/frames/ihawk2/h_p010p000mm/frame_0003_color.png,raw/frames/ihawk2/h_p010p000mm/frame_0003_depth.png
20260808_151001,2026-08-08T15:15:12.544,10,10.000000,1,0.000000,0.000000,0.000000,-80.000000,123.500000,-80.000000,123.500000,1,ihawk1,primary,1786173312.434732914,1786173312.419564962,15.167952,1,0,TL,10.000000,1,223.875057,222.328934,223.875057,222.328934,203.677444,219.760239,231.363235,211.642700,244.512222,224.305359,215.947327,233.607437,203.677444,219.760239,231.363235,211.642700,244.512222,224.305359,215.947327,233.607437,1,IPPE_SQUARE,-163.144857,32.449072,667.881697,2.002810512,-0.636525349,0.421372742,0.054542,1,1786173312.398015976,36.716938,mono16,,0,alignment_not_asserted,raw/frames/ihawk1/h_p010p000mm/frame_0001_color.png,raw/frames/ihawk1/h_p010p000mm/frame_0001_depth.png
20260808_151001,2026-08-08T15:15:12.544,10,10.000000,1,0.000000,0.000000,0.000000,80.000000,123.500000,80.000000,123.500000,1,ihawk1,primary,1786173312.434732914,1786173312.419564962,15.167952,1,1,TR,10.000000,0,,,,,,,,,,,,,,,,,,,,,0,,,,,,,,,1,1786173312.398015976,36.716938,mono16,,,marker_missing,raw/frames/ihawk1/h_p010p000mm/frame_0001_color.png,raw/frames/ihawk1/h_p010p000mm/frame_0001_depth.png
20260808_151001,2026-08-08T15:15:12.544,10,10.000000,1,0.000000,0.000000,0.000000,-80.000000,-123.500000,-80.000000,-123.500000,1,ihawk1,primary,1786173312.434732914,1786173312.419564962,15.167952,1,2,BL,10.000000,1,299.721619,300.249878,299.721619,300.249878,272.625916,296.500702,305.081543,281.884766,327.334351,302.637360,293.844666,319.976685,272.625916,296.500702,305.081543,281.884766,327.334351,302.637360,293.844666,319.976685,1,IPPE_SQUARE,-28.347721,123.056962,509.263297,1.988209882,-0.646112301,0.394368587,0.126066,1,1786173312.398015976,36.716938,mono16,,0,alignment_not_asserted,raw/frames/ihawk1/h_p010p000mm/frame_0001_color.png,raw/frames/ihawk1/h_p010p000mm/frame_0001_depth.png
20260808_151001,2026-08-08T15:15:12.544,10,10.000000,1,0.000000,0.000000,0.000000,80.000000,-123.500000,80.000000,-123.500000,1,ihawk1,primary,1786173312.434732914,1786173312.419564962,15.167952,1,3,BR,10.000000,1,381.462120,260.977562,381.462120,260.977562,357.001678,258.499756,381.609222,246.297363,406.082031,262.975403,381.155548,276.137726,357.001678,258.499756,381.609222,246.297363,406.082031,262.975403,381.155548,276.137726,1,IPPE_SQUARE,86.025941,84.231742,583.319697,2.002893229,-0.667040362,0.401476835,0.143549,1,1786173312.398015976,36.716938,mono16,,0,alignment_not_asserted,raw/frames/ihawk1/h_p010p000mm/frame_0001_color.png,raw/frames/ihawk1/h_p010p000mm/frame_0001_depth.png
20260808_151001,2026-08-08T15:15:12.544,10,10.000000,1,0.000000,0.000000,0.000000,0.000000,0.000000,0.000000,0.000000,1,ihawk1,primary,1786173312.434732914,1786173312.419564962,15.167952,1,4,C,10.000000,1,297.085495,240.516029,297.085495,240.516029,275.295258,237.881653,301.208893,228.175552,319.471832,242.453522,292.365997,253.553391,275.295258,237.881653,301.208893,228.175552,319.471832,242.453522,292.365997,253.553391,1,IPPE_SQUARE,-39.324010,59.196114,631.767024,2.006178839,-0.651658234,0.415044421,0.131611,1,1786173312.398015976,36.716938,mono16,,0,alignment_not_asserted,raw/frames/ihawk1/h_p010p000mm/frame_0001_color.png,raw/frames/ihawk1/h_p010p000mm/frame_0001_depth.png
20260808_151001,2026-08-08T15:15:12.544,10,10.000000,1,0.000000,0.000000,0.000000,-80.000000,123.500000,-80.000000,123.500000,1,ihawk2,secondary,1786173312.419564962,1786173312.434732914,15.167952,1,0,TL,10.000000,1,190.621059,345.603546,190.621059,345.603546,161.058258,362.500458,175.607178,328.469055,218.065002,328.754150,207.753799,362.690521,161.058258,362.500458,175.607178,328.469055,218.065002,328.754150,207.753799,362.690521,1,IPPE_SQUARE,-147.238222,160.715604,443.602052,1.545911600,-1.547677793,0.987150896,0.075283,1,1786173312.419564962,0.000000,mono16,,0,alignment_not_asserted,raw/frames/ihawk2/h_p010p000mm/frame_0001_color.png,raw/frames/ihawk2/h_p010p000mm/frame_0001_depth.png
20260808_151001,2026-08-08T15:15:12.544,10,10.000000,1,0.000000,0.000000,0.000000,80.000000,123.500000,80.000000,123.500000,1,ihawk2,secondary,1786173312.419564962,1786173312.434732914,15.167952,1,1,TR,10.000000,1,217.759022,269.103378,217.759022,269.103378,195.869247,279.426758,204.742508,258.573151,238.247589,258.362518,232.176743,280.051086,195.869247,279.426758,204.742508,258.573151,238.247589,258.362518,232.176743,280.051086,1,IPPE_SQUARE,-148.532417,94.831337,564.698543,1.557329620,-1.565729971,0.967341147,0.218356,1,1786173312.419564962,0.000000,mono16,,0,alignment_not_asserted,raw/frames/ihawk2/h_p010p000mm/frame_0001_color.png,raw/frames/ihawk2/h_p010p000mm/frame_0001_depth.png
20260808_151001,2026-08-08T15:15:12.544,10,10.000000,1,0.000000,0.000000,0.000000,-80.000000,-123.500000,-80.000000,-123.500000,1,ihawk2,secondary,1786173312.419564962,1786173312.434732914,15.167952,1,2,BL,10.000000,1,393.463081,344.597557,393.463081,344.597557,374.192322,361.699707,368.595245,327.843109,410.613312,327.405090,420.451447,361.442322,374.192322,361.699707,368.595245,327.843109,410.613312,327.405090,420.451447,361.442322,1,IPPE_SQUARE,82.133794,159.644151,443.787402,1.534198770,-1.549526615,0.957145178,0.079777,1,1786173312.419564962,0.000000,mono16,,0,alignment_not_asserted,raw/frames/ihawk2/h_p010p000mm/frame_0001_color.png,raw/frames/ihawk2/h_p010p000mm/frame_0001_depth.png
20260808_151001,2026-08-08T15:15:12.544,10,10.000000,1,0.000000,0.000000,0.000000,80.000000,-123.500000,80.000000,-123.500000,1,ihawk2,secondary,1786173312.419564962,1786173312.434732914,15.167952,1,3,BR,10.000000,1,376.357475,268.434608,376.357475,268.434608,360.794434,279.463776,357.501556,257.973450,390.514526,257.608307,396.619385,278.692902,360.794434,279.463776,357.501556,257.973450,390.514526,257.608307,396.619385,278.692902,1,IPPE_SQUARE,80.553887,94.558267,568.824197,1.545693233,-1.574381932,0.932137958,0.095959,1,1786173312.419564962,0.000000,mono16,,0,alignment_not_asserted,raw/frames/ihawk2/h_p010p000mm/frame_0001_color.png,raw/frames/ihawk2/h_p010p000mm/frame_0001_depth.png
20260808_151001,2026-08-08T15:15:12.544,10,10.000000,1,0.000000,0.000000,0.000000,0.000000,0.000000,0.000000,0.000000,1,ihawk2,secondary,1786173312.419564962,1786173312.434732914,15.167952,1,4,C,10.000000,1,295.226936,302.531822,295.226936,302.531822,274.048920,315.672638,277.518555,289.476471,314.681244,289.430237,314.659027,315.547943,274.048920,315.672638,277.518555,289.476471,314.681244,289.430237,314.659027,315.547943,1,IPPE_SQUARE,-32.975801,127.639153,504.620176,1.539407844,-1.551826641,0.968928188,0.007310,1,1786173312.419564962,0.000000,mono16,,0,alignment_not_asserted,raw/frames/ihawk2/h_p010p000mm/frame_0001_color.png,raw/frames/ihawk2/h_p010p000mm/frame_0001_depth.png
20260808_151001,2026-08-08T15:15:12.710,10,10.000000,1,0.000000,0.000000,0.000000,-80.000000,123.500000,-80.000000,123.500000,2,ihawk1,primary,1786173312.464034081,1786173312.459610939,4.423141,1,0,TL,10.000000,1,223.879948,222.331913,223.879948,222.331913,203.675476,219.760223,231.374344,211.640274,244.547424,224.321228,215.922546,233.605927,203.675476,219.760223,231.374344,211.640274,244.547424,224.321228,215.922546,233.605927,1,IPPE_SQUARE,-162.964534,32.419228,667.178979,2.002450183,-0.635864524,0.421377888,0.046504,1,1786173312.398015976,66.018105,mono16,,0,alignment_not_asserted,raw/frames/ihawk1/h_p010p000mm/frame_0002_color.png,raw/frames/ihawk1/h_p010p000mm/frame_0002_depth.png
20260808_151001,2026-08-08T15:15:12.710,10,10.000000,1,0.000000,0.000000,0.000000,80.000000,123.500000,80.000000,123.500000,2,ihawk1,primary,1786173312.464034081,1786173312.459610939,4.423141,1,1,TR,10.000000,0,,,,,,,,,,,,,,,,,,,,,0,,,,,,,,,1,1786173312.398015976,66.018105,mono16,,,marker_missing,raw/frames/ihawk1/h_p010p000mm/frame_0002_color.png,raw/frames/ihawk1/h_p010p000mm/frame_0002_depth.png
20260808_151001,2026-08-08T15:15:12.710,10,10.000000,1,0.000000,0.000000,0.000000,-80.000000,-123.500000,-80.000000,-123.500000,2,ihawk1,primary,1786173312.464034081,1786173312.459610939,4.423141,1,2,BL,10.000000,1,299.717239,300.250397,299.717239,300.250397,272.616943,296.501343,305.051208,281.873260,327.357849,302.650421,293.842957,319.976562,272.616943,296.501343,305.051208,281.873260,327.357849,302.650421,293.842957,319.976562,1,IPPE_SQUARE,-28.340696,123.004858,509.047344,1.988257353,-0.646303082,0.395592576,0.116241,1,1786173312.398015976,66.018105,mono16,,0,alignment_not_asserted,raw/frames/ihawk1/h_p010p000mm/frame_0002_color.png,raw/frames/ihawk1/h_p010p000mm/frame_0002_depth.png
20260808_151001,2026-08-08T15:15:12.710,10,10.000000,1,0.000000,0.000000,0.000000,80.000000,-123.500000,80.000000,-123.500000,2,ihawk1,primary,1786173312.464034081,1786173312.459610939,4.423141,1,3,BR,10.000000,1,381.497131,260.977768,381.497131,260.977768,357.001312,258.501648,381.619171,246.301819,406.105103,262.904999,381.262939,276.202606,357.001312,258.501648,381.619171,246.301819,406.105103,262.904999,381.262939,276.202606,1,IPPE_SQUARE,86.037203,84.192734,583.054104,2.002967536,-0.669554188,0.401885476,0.114385,1,1786173312.398015976,66.018105,mono16,,0,alignment_not_asserted,raw/frames/ihawk1/h_p010p000mm/frame_0002_color.png,raw/frames/ihawk1/h_p010p000mm/frame_0002_depth.png
20260808_151001,2026-08-08T15:15:12.710,10,10.000000,1,0.000000,0.000000,0.000000,0.000000,0.000000,0.000000,0.000000,2,ihawk1,primary,1786173312.464034081,1786173312.459610939,4.423141,1,4,C,10.000000,1,297.072525,240.546200,297.072525,240.546200,275.285858,237.998184,301.189911,228.174576,319.482758,242.445847,292.331573,253.566193,275.285858,237.998184,301.189911,228.174576,319.482758,242.445847,292.331573,253.566193,1,IPPE_SQUARE,-39.328463,59.216727,631.484279,2.004852364,-0.653288383,0.411311113,0.136563,1,1786173312.398015976,66.018105,mono16,,0,alignment_not_asserted,raw/frames/ihawk1/h_p010p000mm/frame_0002_color.png,raw/frames/ihawk1/h_p010p000mm/frame_0002_depth.png
20260808_151001,2026-08-08T15:15:12.710,10,10.000000,1,0.000000,0.000000,0.000000,-80.000000,123.500000,-80.000000,123.500000,2,ihawk2,secondary,1786173312.459610939,1786173312.464034081,4.423141,1,0,TL,10.000000,1,190.628502,345.611664,190.628502,345.611664,161.049835,362.500610,175.583481,328.483337,218.076416,328.777008,207.804276,362.685699,161.049835,362.500610,175.583481,328.483337,218.076416,328.777008,207.804276,362.685699,1,IPPE_SQUARE,-147.132335,160.619551,443.313330,1.545072890,-1.547322983,0.989504085,0.072619,1,1786173312.419564962,40.045977,mono16,,0,alignment_not_asserted,raw/frames/ihawk2/h_p010p000mm/frame_0002_color.png,raw/frames/ihawk2/h_p010p000mm/frame_0002_depth.png
20260808_151001,2026-08-08T15:15:12.710,10,10.000000,1,0.000000,0.000000,0.000000,80.000000,123.500000,80.000000,123.500000,2,ihawk2,secondary,1786173312.459610939,1786173312.464034081,4.423141,1,1,TR,10.000000,1,217.767166,269.119049,217.767166,269.119049,195.889633,279.435944,204.744598,258.572449,238.251556,258.414185,232.182877,280.053619,195.889633,279.435944,204.744598,258.572449,238.251556,258.414185,232.182877,280.053619,1,IPPE_SQUARE,-148.575326,94.889908,564.908666,1.557599700,-1.565411825,0.968904643,0.203150,1,1786173312.419564962,40.045977,mono16,,0,alignment_not_asserted,raw/frames/ihawk2/h_p010p000mm/frame_0002_color.png,raw/frames/ihawk2/h_p010p000mm/frame_0002_depth.png
20260808_151001,2026-08-08T15:15:12.710,10,10.000000,1,0.000000,0.000000,0.000000,-80.000000,-123.500000,-80.000000,-123.500000,2,ihawk2,secondary,1786173312.459610939,1786173312.464034081,4.423141,1,2,BL,10.000000,1,393.456596,344.602486,393.456596,344.602486,374.172241,361.710938,368.592865,327.845764,410.634979,327.409088,420.426300,361.444153,374.172241,361.710938,368.592865,327.845764,410.634979,327.409088,420.426300,361.444153,1,IPPE_SQUARE,82.123630,159.645185,443.775010,1.534086424,-1.549124793,0.955948938,0.082385,1,1786173312.419564962,40.045977,mono16,,0,alignment_not_asserted,raw/frames/ihawk2/h_p010p000mm/frame_0002_color.png,raw/frames/ihawk2/h_p010p000mm/frame_0002_depth.png
20260808_151001,2026-08-08T15:15:12.710,10,10.000000,1,0.000000,0.000000,0.000000,80.000000,-123.500000,80.000000,-123.500000,2,ihawk2,secondary,1786173312.459610939,1786173312.464034081,4.423141,1,3,BR,10.000000,1,376.353310,268.439720,376.353310,268.439720,360.774963,279.469055,357.518097,257.934753,390.499115,257.618683,396.621063,278.736389,360.774963,279.469055,357.518097,257.934753,390.499115,257.618683,396.621063,278.736389,1,IPPE_SQUARE,80.556428,94.574025,568.877657,1.547834916,-1.574920091,0.932508364,0.105063,1,1786173312.419564962,40.045977,mono16,,0,alignment_not_asserted,raw/frames/ihawk2/h_p010p000mm/frame_0002_color.png,raw/frames/ihawk2/h_p010p000mm/frame_0002_depth.png
20260808_151001,2026-08-08T15:15:12.710,10,10.000000,1,0.000000,0.000000,0.000000,0.000000,0.000000,0.000000,0.000000,2,ihawk2,secondary,1786173312.459610939,1786173312.464034081,4.423141,1,4,C,10.000000,1,295.238976,302.526634,295.238976,302.526634,274.042419,315.670380,277.576324,289.467285,314.678131,289.420929,314.659027,315.547943,274.042419,315.670380,277.576324,289.467285,314.678131,289.420929,314.659027,315.547943,1,IPPE_SQUARE,-32.982379,127.716446,504.949946,1.540080852,-1.551833792,0.967243440,0.019507,1,1786173312.419564962,40.045977,mono16,,0,alignment_not_asserted,raw/frames/ihawk2/h_p010p000mm/frame_0002_color.png,raw/frames/ihawk2/h_p010p000mm/frame_0002_depth.png
20260808_151001,2026-08-08T15:15:12.868,10,10.000000,1,0.000000,0.000000,0.000000,-80.000000,123.500000,-80.000000,123.500000,3,ihawk1,primary,1786173312.504678965,1786173312.483684063,20.994902,1,0,TL,10.000000,1,223.880772,222.336876,223.880772,222.336876,203.675018,219.756653,231.381668,211.669540,244.558365,224.307739,215.908035,233.613571,203.675018,219.756653,231.381668,211.669540,244.558365,224.307739,215.908035,233.613571,1,IPPE_SQUARE,-162.886627,32.412271,666.866620,2.001449624,-0.635507083,0.421181717,0.059522,1,1786173312.434732914,69.946051,mono16,,0,alignment_not_asserted,raw/frames/ihawk1/h_p010p000mm/frame_0003_color.png,raw/frames/ihawk1/h_p010p000mm/frame_0003_depth.png
20260808_151001,2026-08-08T15:15:12.868,10,10.000000,1,0.000000,0.000000,0.000000,80.000000,123.500000,80.000000,123.500000,3,ihawk1,primary,1786173312.504678965,1786173312.483684063,20.994902,1,1,TR,10.000000,0,,,,,,,,,,,,,,,,,,,,,0,,,,,,,,,1,1786173312.434732914,69.946051,mono16,,,marker_missing,raw/frames/ihawk1/h_p010p000mm/frame_0003_color.png,raw/frames/ihawk1/h_p010p000mm/frame_0003_depth.png
20260808_151001,2026-08-08T15:15:12.868,10,10.000000,1,0.000000,0.000000,0.000000,-80.000000,-123.500000,-80.000000,-123.500000,3,ihawk1,primary,1786173312.504678965,1786173312.483684063,20.994902,1,2,BL,10.000000,1,299.748390,300.247505,299.748390,300.247505,272.654968,296.495819,305.086731,281.862732,327.354431,302.635651,293.897430,319.995819,272.654968,296.495819,305.086731,281.862732,327.354431,302.635651,293.897430,319.995819,1,IPPE_SQUARE,-28.322962,123.094521,509.431312,1.989406988,-0.646908006,0.395059722,0.126834,1,1786173312.434732914,69.946051,mono16,,0,alignment_not_asserted,raw/frames/ihawk1/h_p010p000mm/frame_0003_color.png,raw/frames/ihawk1/h_p010p000mm/frame_0003_depth.png
20260808_151001,2026-08-08T15:15:12.868,10,10.000000,1,0.000000,0.000000,0.000000,80.000000,-123.500000,80.000000,-123.500000,3,ihawk1,primary,1786173312.504678965,1786173312.483684063,20.994902,1,3,BR,10.000000,1,381.476006,260.983944,381.476006,260.983944,357.048157,258.504395,381.583984,246.301163,406.115295,262.981689,381.156586,276.148529,357.048157,258.504395,381.583984,246.301163,406.115295,262.981689,381.156586,276.148529,1,IPPE_SQUARE,86.067113,84.261331,583.459579,2.003225809,-0.667492998,0.402211934,0.143093,1,1786173312.434732914,69.946051,mono16,,0,alignment_not_asserted,raw/frames/ihawk1/h_p010p000mm/frame_0003_color.png,raw/frames/ihawk1/h_p010p000mm/frame_0003_depth.png
20260808_151001,2026-08-08T15:15:12.868,10,10.000000,1,0.000000,0.000000,0.000000,0.000000,0.000000,0.000000,0.000000,3,ihawk1,primary,1786173312.504678965,1786173312.483684063,20.994902,1,4,C,10.000000,1,297.084000,240.522911,297.084000,240.522911,275.286743,237.900986,301.250549,228.176575,319.451630,242.457504,292.347076,253.556580,275.286743,237.900986,301.250549,228.176575,319.451630,242.457504,292.347076,253.556580,1,IPPE_SQUARE,-39.327266,59.207199,631.770285,2.006134557,-0.650995939,0.412773716,0.116216,1,1786173312.434732914,69.946051,mono16,,0,alignment_not_asserted,raw/frames/ihawk1/h_p010p000mm/frame_0003_color.png,raw/frames/ihawk1/h_p010p000mm/frame_0003_depth.png
20260808_151001,2026-08-08T15:15:12.868,10,10.000000,1,0.000000,0.000000,0.000000,-80.000000,123.500000,-80.000000,123.500000,3,ihawk2,secondary,1786173312.483684063,1786173312.504678965,20.994902,1,0,TL,10.000000,1,190.618080,345.608521,190.618080,345.608521,161.050400,362.511505,175.581207,328.482666,218.073181,328.761536,207.767532,362.678375,161.050400,362.511505,175.581207,328.482666,218.073181,328.761536,207.767532,362.678375,1,IPPE_SQUARE,-147.171931,160.645463,443.394394,1.545046763,-1.547533374,0.988076942,0.080578,1,1786173312.459610939,24.073124,mono16,,0,alignment_not_asserted,raw/frames/ihawk2/h_p010p000mm/frame_0003_color.png,raw/frames/ihawk2/h_p010p000mm/frame_0003_depth.png
20260808_151001,2026-08-08T15:15:12.868,10,10.000000,1,0.000000,0.000000,0.000000,80.000000,123.500000,80.000000,123.500000,3,ihawk2,secondary,1786173312.483684063,1786173312.504678965,20.994902,1,1,TR,10.000000,1,217.773907,269.118622,217.773907,269.118622,195.891556,279.444458,204.751816,258.555939,238.266129,258.437408,232.186127,280.036682,195.891556,279.444458,204.751816,258.555939,238.266129,258.437408,232.186127,280.036682,1,IPPE_SQUARE,-148.548595,94.878695,564.845336,1.557617657,-1.564999798,0.969331089,0.186466,1,1786173312.459610939,24.073124,mono16,,0,alignment_not_asserted,raw/frames/ihawk2/h_p010p000mm/frame_0003_color.png,raw/frames/ihawk2/h_p010p000mm/frame_0003_depth.png
20260808_151001,2026-08-08T15:15:12.868,10,10.000000,1,0.000000,0.000000,0.000000,-80.000000,-123.500000,-80.000000,-123.500000,3,ihawk2,secondary,1786173312.483684063,1786173312.504678965,20.994902,1,2,BL,10.000000,1,393.464630,344.581764,393.464630,344.581764,374.172546,361.698883,368.595245,327.843109,410.633087,327.391846,420.457642,361.393219,374.172546,361.698883,368.595245,327.843109,410.633087,327.391846,420.457642,361.393219,1,IPPE_SQUARE,82.108607,159.575975,443.648190,1.532934968,-1.548850659,0.956133227,0.073074,1,1786173312.459610939,24.073124,mono16,,0,alignment_not_asserted,raw/frames/ihawk2/h_p010p000mm/frame_0003_color.png,raw/frames/ihawk2/h_p010p000mm/frame_0003_depth.png
20260808_151001,2026-08-08T15:15:12.868,10,10.000000,1,0.000000,0.000000,0.000000,80.000000,-123.500000,80.000000,-123.500000,3,ihawk2,secondary,1786173312.483684063,1786173312.504678965,20.994902,1,3,BR,10.000000,1,376.375214,268.430191,376.375214,268.430191,360.837280,279.493439,357.519073,257.933960,390.505859,257.625763,396.638641,278.667603,360.837280,279.493439,357.519073,257.933960,390.505859,257.625763,396.638641,278.667603,1,IPPE_SQUARE,80.622551,94.601399,569.121034,1.546337719,-1.575677975,0.932987653,0.122594,1,1786173312.459610939,24.073124,mono16,,0,alignment_not_asserted,raw/frames/ihawk2/h_p010p000mm/frame_0003_color.png,raw/frames/ihawk2/h_p010p000mm/frame_0003_depth.png
20260808_151001,2026-08-08T15:15:12.868,10,10.000000,1,0.000000,0.000000,0.000000,0.000000,0.000000,0.000000,0.000000,3,ihawk2,secondary,1786173312.483684063,1786173312.504678965,20.994902,1,4,C,10.000000,1,295.216972,302.536743,295.216972,302.536743,274.028015,315.683868,277.517426,289.472992,314.660095,289.451569,314.662354,315.538544,274.028015,315.683868,277.517426,289.472992,314.660095,289.451569,314.662354,315.538544,1,IPPE_SQUARE,-32.987230,127.640984,504.601954,1.539290415,-1.551676507,0.969414413,0.021410,1,1786173312.459610939,24.073124,mono16,,0,alignment_not_asserted,raw/frames/ihawk2/h_p010p000mm/frame_0003_color.png,raw/frames/ihawk2/h_p010p000mm/frame_0003_depth.png
20260808_151001,2026-08-08T15:15:18.208,11,10.000000,1,0.000000,0.000000,0.000000,-80.000000,123.500000,-80.000000,123.500000,1,ihawk1,primary,1786173318.073937893,1786173318.093638897,19.701004,1,0,TL,10.000000,1,223.865410,222.337181,223.865410,222.337181,203.715805,219.757233,231.361649,211.678116,244.494812,224.318298,215.889374,233.595078,203.715805,219.757233,231.361649,211.678116,244.494812,224.318298,215.889374,233.595078,1,IPPE_SQUARE,-163.279679,32.487319,668.367104,2.002346893,-0.634892532,0.420401660,0.055075,1,1786173318.073937893,0.000000,mono16,,0,alignment_not_asserted,raw/frames/ihawk1/h_p010p000mm/frame_0001_color.png,raw/frames/ihawk1/h_p010p000mm/frame_0001_depth.png
20260808_151001,2026-08-08T15:15:18.208,11,10.000000,1,0.000000,0.000000,0.000000,80.000000,123.500000,80.000000,123.500000,1,ihawk1,primary,1786173318.073937893,1786173318.093638897,19.701004,1,1,TR,10.000000,0,,,,,,,,,,,,,,,,,,,,,0,,,,,,,,,1,1786173318.073937893,0.000000,mono16,,,marker_missing,raw/frames/ihawk1/h_p010p000mm/frame_0001_color.png,raw/frames/ihawk1/h_p010p000mm/frame_0001_depth.png
20260808_151001,2026-08-08T15:15:18.208,11,10.000000,1,0.000000,0.000000,0.000000,-80.000000,-123.500000,-80.000000,-123.500000,1,ihawk1,primary,1786173318.073937893,1786173318.093638897,19.701004,1,2,BL,10.000000,1,299.753883,300.258339,299.753883,300.258339,272.645172,296.489166,305.053925,281.897095,327.363922,302.660553,293.952515,319.986542,272.645172,296.489166,305.053925,281.897095,327.363922,302.660553,293.952515,319.986542,1,IPPE_SQUARE,-28.314776,123.109370,509.434324,1.988815555,-0.646953340,0.398651158,0.129058,1,1786173318.073937893,0.000000,mono16,,0,alignment_not_asserted,raw/frames/ihawk1/h_p010p000mm/frame_0001_color.png,raw/frames/ihawk1/h_p010p000mm/frame_0001_depth.png
20260808_151001,2026-08-08T15:15:18.208,11,10.000000,1,0.000000,0.000000,0.000000,80.000000,-123.500000,80.000000,-123.500000,1,ihawk1,primary,1786173318.073937893,1786173318.093638897,19.701004,1,3,BR,10.000000,1,381.473381,260.995090,381.473381,260.995090,357.034027,258.505005,381.612000,246.321213,405.958435,262.929016,381.289062,276.225128,357.034027,258.505005,381.612000,246.321213,405.958435,262.929016,381.289062,276.225128,1,IPPE_SQUARE,86.307448,84.517315,585.107412,2.005802564,-0.670653345,0.402880600,0.122144,1,1786173318.073937893,0.000000,mono16,,0,alignment_not_asserted,raw/frames/ihawk1/h_p010p000mm/frame_0001_color.png,raw/frames/ihawk1/h_p010p000mm/frame_0001_depth.png
20260808_151001,2026-08-08T15:15:18.208,11,10.000000,1,0.000000,0.000000,0.000000,0.000000,0.000000,0.000000,0.000000,1,ihawk1,primary,1786173318.073937893,1786173318.093638897,19.701004,1,4,C,10.000000,1,297.079124,240.563896,297.079124,240.563896,275.295013,237.987015,301.139862,228.204361,319.466278,242.501495,292.415344,253.562714,275.295013,237.987015,301.139862,228.204361,319.466278,242.501495,292.415344,253.562714,1,IPPE_SQUARE,-39.362503,59.315162,632.224664,2.005416393,-0.654041029,0.416866766,0.130114,1,1786173318.073937893,0.000000,mono16,,0,alignment_not_asserted,raw/frames/ihawk1/h_p010p000mm/frame_0001_color.png,raw/frames/ihawk1/h_p010p000mm/frame_0001_depth.png
20260808_151001,2026-08-08T15:15:18.208,11,10.000000,1,0.000000,0.000000,0.000000,-80.000000,123.500000,-80.000000,123.500000,1,ihawk2,secondary,1786173318.093638897,1786173318.073937893,19.701004,1,0,TL,10.000000,1,190.618355,345.586380,190.618355,345.586380,161.032196,362.443146,175.591049,328.460541,218.070938,328.766235,207.779236,362.675598,161.032196,362.443146,175.591049,328.460541,218.070938,328.766235,207.779236,362.675598,1,IPPE_SQUARE,-147.163419,160.613001,443.372992,1.545406071,-1.546562738,0.989730519,0.070518,1,1786173318.069703102,23.935795,mono16,,0,alignment_not_asserted,raw/frames/ihawk2/h_p010p000mm/frame_0001_color.png,raw/frames/ihawk2/h_p010p000mm/frame_0001_depth.png
20260808_151001,2026-08-08T15:15:18.208,11,10.000000,1,0.000000,0.000000,0.000000,80.000000,123.500000,80.000000,123.500000,1,ihawk2,secondary,1786173318.093638897,1786173318.073937893,19.701004,1,1,TR,10.000000,1,217.760773,269.091179,217.760773,269.091179,195.866348,279.432678,204.747742,258.564117,238.251663,258.324219,232.177338,280.043701,195.866348,279.432678,204.747742,258.564117,238.251663,258.324219,232.177338,280.043701,1,IPPE_SQUARE,-148.503059,94.795666,564.594264,1.557319682,-1.566259330,0.965865858,0.222603,1,1786173318.069703102,23.935795,mono16,,0,alignment_not_asserted,raw/frames/ihawk2/h_p010p000mm/frame_0001_color.png,raw/frames/ihawk2/h_p010p000mm/frame_0001_depth.png
20260808_151001,2026-08-08T15:15:18.208,11,10.000000,1,0.000000,0.000000,0.000000,-80.000000,-123.500000,-80.000000,-123.500000,1,ihawk2,secondary,1786173318.093638897,1786173318.073937893,19.701004,1,2,BL,10.000000,1,393.455673,344.598457,393.455673,344.598457,374.170624,361.768311,368.592865,327.845764,410.599243,327.391113,420.459961,361.388641,374.170624,361.768311,368.592865,327.845764,410.599243,327.391113,420.459961,361.388641,1,IPPE_SQUARE,82.118753,159.633979,443.757086,1.533054487,-1.550354439,0.955316624,0.054212,1,1786173318.069703102,23.935795,mono16,,0,alignment_not_asserted,raw/frames/ihawk2/h_p010p000mm/frame_0001_color.png,raw/frames/ihawk2/h_p010p000mm/frame_0001_depth.png
20260808_151001,2026-08-08T15:15:18.208,11,10.000000,1,0.000000,0.000000,0.000000,80.000000,-123.500000,80.000000,-123.500000,1,ihawk2,secondary,1786173318.093638897,1786173318.073937893,19.701004,1,3,BR,10.000000,1,376.356812,268.425804,376.356812,268.425804,360.798004,279.493042,357.508789,257.926147,390.505646,257.609283,396.614807,278.674744,360.798004,279.493042,357.508789,257.926147,390.505646,257.609283,396.614807,278.674744,1,IPPE_SQUARE,80.576971,94.572861,568.990345,1.546668475,-1.575413195,0.931758341,0.119450,1,1786173318.069703102,23.935795,mono16,,0,alignment_not_asserted,raw/frames/ihawk2/h_p010p000mm/frame_0001_color.png,raw/frames/ihawk2/h_p010p000mm/frame_0001_depth.png
20260808_151001,2026-08-08T15:15:18.208,11,10.000000,1,0.000000,0.000000,0.000000,0.000000,0.000000,0.000000,0.000000,1,ihawk2,secondary,1786173318.093638897,1786173318.073937893,19.701004,1,4,C,10.000000,1,295.240990,302.519936,295.240990,302.519936,274.047729,315.672302,277.581604,289.456757,314.670715,289.405426,314.663910,315.545258,274.047729,315.672302,277.581604,289.456757,314.670715,289.405426,314.663910,315.545258,1,IPPE_SQUARE,-32.985616,127.730070,505.038030,1.540383593,-1.552379053,0.966901845,0.022811,1,1786173318.069703102,23.935795,mono16,,0,alignment_not_asserted,raw/frames/ihawk2/h_p010p000mm/frame_0001_color.png,raw/frames/ihawk2/h_p010p000mm/frame_0001_depth.png
20260808_151001,2026-08-08T15:15:18.372,11,10.000000,1,0.000000,0.000000,0.000000,-80.000000,123.500000,-80.000000,123.500000,2,ihawk1,primary,1786173318.116105080,1786173318.129597902,13.492823,1,0,TL,10.000000,1,223.871738,222.337410,223.871738,222.337410,203.671417,219.765366,231.406296,211.663864,244.478790,224.302582,215.930450,233.617828,203.671417,219.765366,231.406296,211.663864,244.478790,224.302582,215.930450,233.617828,1,IPPE_SQUARE,-163.151087,32.463299,667.882820,2.002524602,-0.635513095,0.419491319,0.069518,1,1786173318.073937893,42.167187,mono16,,0,alignment_not_asserted,raw/frames/ihawk1/h_p010p000mm/frame_0002_color.png,raw/frames/ihawk1/h_p010p000mm/frame_0002_depth.png
20260808_151001,2026-08-08T15:15:18.372,11,10.000000,1,0.000000,0.000000,0.000000,80.000000,123.500000,80.000000,123.500000,2,ihawk1,primary,1786173318.116105080,1786173318.129597902,13.492823,1,1,TR,10.000000,0,,,,,,,,,,,,,,,,,,,,,0,,,,,,,,,1,1786173318.073937893,42.167187,mono16,,,marker_missing,raw/frames/ihawk1/h_p010p000mm/frame_0002_color.png,raw/frames/ihawk1/h_p010p000mm/frame_0002_depth.png
20260808_151001,2026-08-08T15:15:18.372,11,10.000000,1,0.000000,0.000000,0.000000,-80.000000,-123.500000,-80.000000,-123.500000,2,ihawk1,primary,1786173318.116105080,1786173318.129597902,13.492823,1,2,BL,10.000000,1,299.726257,300.260208,299.726257,300.260208,272.645752,296.489563,305.057861,281.894043,327.341766,302.656342,293.859650,320.000885,272.645752,296.489563,305.057861,281.894043,327.341766,302.656342,293.859650,320.000885,1,IPPE_SQUARE,-28.351137,123.113500,509.442341,1.989089958,-0.646288896,0.395835994,0.129863,1,1786173318.073937893,42.167187,mono16,,0,alignment_not_asserted,raw/frames/ihawk1/h_p010p000mm/frame_0002_color.png,raw/frames/ihawk1/h_p010p000mm/frame_0002_depth.png
20260808_151001,2026-08-08T15:15:18.372,11,10.000000,1,0.000000,0.000000,0.000000,80.000000,-123.500000,80.000000,-123.500000,2,ihawk1,primary,1786173318.116105080,1786173318.129597902,13.492823,1,3,BR,10.000000,1,381.498711,261.070389,381.498711,261.070389,357.006775,258.501587,381.588379,246.319641,406.097595,263.258209,381.302094,276.202118,357.006775,258.501587,381.588379,246.319641,406.097595,263.258209,381.302094,276.202118,1,IPPE_SQUARE,85.998576,84.281270,582.741579,2.006088176,-0.665582421,0.412848471,0.196177,1,1786173318.073937893,42.167187,mono16,,0,alignment_not_asserted,raw/frames/ihawk1/h_p010p000mm/frame_0002_color.png,raw/frames/ihawk1/h_p010p000mm/frame_0002_depth.png
20260808_151001,2026-08-08T15:15:18.372,11,10.000000,1,0.000000,0.000000,0.000000,0.000000,0.000000,0.000000,0.000000,2,ihawk1,primary,1786173318.116105080,1786173318.129597902,13.492823,1,4,C,10.000000,1,297.076256,240.571789,297.076256,240.571789,275.295013,237.987015,301.210052,228.222794,319.441437,242.518555,292.358521,253.558792,275.295013,237.987015,301.210052,228.222794,319.441437,242.518555,292.358521,253.558792,1,IPPE_SQUARE,-39.367370,59.327219,632.219180,2.005214756,-0.651726779,0.413792995,0.117230,1,1786173318.073937893,42.167187,mono16,,0,alignment_not_asserted,raw/frames/ihawk1/h_p010p000mm/frame_0002_color.png,raw/frames/ihawk1/h_p010p000mm/frame_0002_depth.png
20260808_151001,2026-08-08T15:15:18.372,11,10.000000,1,0.000000,0.000000,0.000000,-80.000000,123.500000,-80.000000,123.500000,2,ihawk2,secondary,1786173318.129597902,1786173318.116105080,13.492823,1,0,TL,10.000000,1,190.623135,345.597984,190.623135,345.597984,161.060104,362.511658,175.591049,328.460541,218.059143,328.743286,207.782242,362.676453,161.060104,362.511658,175.591049,328.460541,218.059143,328.743286,207.782242,362.676453,1,IPPE_SQUARE,-147.206551,160.677263,443.514679,1.545744552,-1.548236942,0.987717094,0.072555,1,1786173318.069703102,59.894800,mono16,,0,alignment_not_asserted,raw/frames/ihawk2/h_p010p000mm/frame_0002_color.png,raw/frames/ihawk2/h_p010p000mm/frame_0002_depth.png
20260808_151001,2026-08-08T15:15:18.372,11,10.000000,1,0.000000,0.000000,0.000000,80.000000,123.500000,80.000000,123.500000,2,ihawk2,secondary,1786173318.129597902,1786173318.116105080,13.492823,1,1,TR,10.000000,1,217.771378,269.074287,217.771378,269.074287,195.891663,279.433563,204.759079,258.537415,238.251434,258.295624,232.183334,280.030548,195.891663,279.433563,204.759079,258.537415,238.251434,258.295624,232.183334,280.030548,1,IPPE_SQUARE,-148.552714,94.812405,564.839103,1.557946593,-1.567169782,0.964982889,0.219620,1,1786173318.069703102,59.894800,mono16,,0,alignment_not_asserted,raw/frames/ihawk2/h_p010p000mm/frame_0002_color.png,raw/frames/ihawk2/h_p010p000mm/frame_0002_depth.png
20260808_151001,2026-08-08T15:15:18.372,11,10.000000,1,0.000000,0.000000,0.000000,-80.000000,-123.500000,-80.000000,-123.500000,2,ihawk2,secondary,1786173318.129597902,1786173318.116105080,13.492823,1,2,BL,10.000000,1,393.456108,344.584282,393.456108,344.584282,374.182709,361.718140,368.616150,327.837830,410.580841,327.394897,420.444733,361.386261,374.182709,361.718140,368.616150,327.837830,410.580841,327.394897,420.444733,361.386261,1,IPPE_SQUARE,82.178330,159.732538,444.071867,1.533688459,-1.550180889,0.956086857,0.056849,1,1786173318.069703102,59.894800,mono16,,0,alignment_not_asserted,raw/frames/ihawk2/h_p010p000mm/frame_0002_color.png,raw/frames/ihawk2/h_p010p000mm/frame_0002_depth.png
20260808_151001,2026-08-08T15:15:18.372,11,10.000000,1,0.000000,0.000000,0.000000,80.000000,-123.500000,80.000000,-123.500000,2,ihawk2,secondary,1786173318.129597902,1786173318.116105080,13.492823,1,3,BR,10.000000,1,376.355476,268.424133,376.355476,268.424133,360.803680,279.487457,357.510590,257.950134,390.492523,257.584381,396.615112,278.674561,360.803680,279.487457,357.510590,257.950134,390.492523,257.584381,396.615112,278.674561,1,IPPE_SQUARE,80.599269,94.599554,569.163739,1.546145664,-1.575917867,0.931152432,0.107357,1,1786173318.069703102,59.894800,mono16,,0,alignment_not_asserted,raw/frames/ihawk2/h_p010p000mm/frame_0002_color.png,raw/frames/ihawk2/h_p010p000mm/frame_0002_depth.png
20260808_151001,2026-08-08T15:15:18.372,11,10.000000,1,0.000000,0.000000,0.000000,0.000000,0.000000,0.000000,0.000000,2,ihawk2,secondary,1786173318.129597902,1786173318.116105080,13.492823,1,4,C,10.000000,1,295.239014,302.526482,295.239014,302.526482,274.033875,315.672241,277.585022,289.464813,314.678131,289.420929,314.659027,315.547943,274.033875,315.672241,277.585022,289.464813,314.678131,289.420929,314.659027,315.547943,1,IPPE_SQUARE,-32.982120,127.715027,504.945293,1.540151080,-1.551728217,0.966919397,0.024016,1,1786173318.069703102,59.894800,mono16,,0,alignment_not_asserted,raw/frames/ihawk2/h_p010p000mm/frame_0002_color.png,raw/frames/ihawk2/h_p010p000mm/frame_0002_depth.png
20260808_151001,2026-08-08T15:15:18.535,11,10.000000,1,0.000000,0.000000,0.000000,-80.000000,123.500000,-80.000000,123.500000,3,ihawk1,primary,1786173318.174863100,1786173318.199577093,24.713993,1,0,TL,10.000000,1,223.871048,222.361267,223.871048,222.361267,203.663116,219.830414,231.392059,211.665756,244.478790,224.302582,215.950226,233.646317,203.663116,219.830414,231.392059,211.665756,244.478790,224.302582,215.950226,233.646317,1,IPPE_SQUARE,-163.152645,32.502640,667.881434,2.002315672,-0.637204992,0.418363674,0.063959,1,1786173318.139942884,34.920216,mono16,,0,alignment_not_asserted,raw/frames/ihawk1/h_p010p000mm/frame_0003_color.png,raw/frames/ihawk1/h_p010p000mm/frame_0003_depth.png
20260808_151001,2026-08-08T15:15:18.535,11,10.000000,1,0.000000,0.000000,0.000000,80.000000,123.500000,80.000000,123.500000,3,ihawk1,primary,1786173318.174863100,1786173318.199577093,24.713993,1,1,TR,10.000000,0,,,,,,,,,,,,,,,,,,,,,0,,,,,,,,,1,1786173318.139942884,34.920216,mono16,,,marker_missing,raw/frames/ihawk1/h_p010p000mm/frame_0003_color.png,raw/frames/ihawk1/h_p010p000mm/frame_0003_depth.png
20260808_151001,2026-08-08T15:15:18.535,11,10.000000,1,0.000000,0.000000,0.000000,-80.000000,-123.500000,-80.000000,-123.500000,3,ihawk1,primary,1786173318.174863100,1786173318.199577093,24.713993,1,2,BL,10.000000,1,299.728874,300.250023,299.728874,300.250023,272.643188,296.496002,305.052643,281.869659,327.358276,302.665131,293.861389,319.969299,272.643188,296.496002,305.052643,281.869659,327.358276,302.665131,293.861389,319.969299,1,IPPE_SQUARE,-28.341021,123.071497,509.322502,1.988887776,-0.646281968,0.396194909,0.111177,1,1786173318.139942884,34.920216,mono16,,0,alignment_not_asserted,raw/frames/ihawk1/h_p010p000mm/frame_0003_color.png,raw/frames/ihawk1/h_p010p000mm/frame_0003_depth.png
20260808_151001,2026-08-08T15:15:18.535,11,10.000000,1,0.000000,0.000000,0.000000,80.000000,-123.500000,80.000000,-123.500000,3,ihawk1,primary,1786173318.174863100,1786173318.199577093,24.713993,1,3,BR,10.000000,1,381.507568,260.996193,381.507568,260.996193,357.040405,258.506104,381.594513,246.317230,406.079590,262.954163,381.315765,276.207275,357.040405,258.506104,381.594513,246.317230,406.079590,262.954163,381.315765,276.207275,1,IPPE_SQUARE,86.151525,84.315969,583.715200,2.004001427,-0.670094106,0.405090090,0.122138,1,1786173318.139942884,34.920216,mono16,,0,alignment_not_asserted,raw/frames/ihawk1/h_p010p000mm/frame_0003_color.png,raw/frames/ihawk1/h_p010p000mm/frame_0003_depth.png
20260808_151001,2026-08-08T15:15:18.535,11,10.000000,1,0.000000,0.000000,0.000000,0.000000,0.000000,0.000000,0.000000,3,ihawk1,primary,1786173318.174863100,1786173318.199577093,24.713993,1,4,C,10.000000,1,297.121277,240.565453,297.121277,240.565453,275.297241,237.979599,301.323914,228.217255,319.436279,242.480652,292.427673,253.584305,275.297241,237.979599,301.323914,228.217255,319.436279,242.480652,292.427673,253.584305,1,IPPE_SQUARE,-39.293703,59.311071,632.158175,2.005484347,-0.651628627,0.411209575,0.076496,1,1786173318.139942884,34.920216,mono16,,0,alignment_not_asserted,raw/frames/ihawk1/h_p010p000mm/frame_0003_color.png,raw/frames/ihawk1/h_p010p000mm/frame_0003_depth.png
20260808_151001,2026-08-08T15:15:18.535,11,10.000000,1,0.000000,0.000000,0.000000,-80.000000,123.500000,-80.000000,123.500000,3,ihawk2,secondary,1786173318.199577093,1786173318.174863100,24.713993,1,0,TL,10.000000,1,190.632862,345.583549,190.632862,345.583549,161.006851,362.444702,175.625931,328.452393,218.126282,328.756073,207.772385,362.681030,161.006851,362.444702,175.625931,328.452393,218.126282,328.756073,207.772385,362.681030,1,IPPE_SQUARE,-147.017437,160.466991,442.982936,1.544952662,-1.545510649,0.988400878,0.072351,1,1786173318.129597902,69.979191,mono16,,0,alignment_not_asserted,raw/frames/ihawk2/h_p010p000mm/frame_0003_color.png,raw/frames/ihawk2/h_p010p000mm/frame_0003_depth.png
20260808_151001,2026-08-08T15:15:18.535,11,10.000000,1,0.000000,0.000000,0.000000,80.000000,123.500000,80.000000,123.500000,3,ihawk2,secondary,1786173318.199577093,1786173318.174863100,24.713993,1,1,TR,10.000000,1,217.750546,269.098679,217.750546,269.098679,195.836411,279.429810,204.744995,258.571899,238.251770,258.323608,232.169006,280.069397,195.836411,279.429810,204.744995,258.571899,238.251770,258.323608,232.169006,280.069397,1,IPPE_SQUARE,-148.450748,94.763261,564.339953,1.557511042,-1.565808635,0.965632392,0.231868,1,1786173318.129597902,69.979191,mono16,,0,alignment_not_asserted,raw/frames/ihawk2/h_p010p000mm/frame_0003_color.png,raw/frames/ihawk2/h_p010p000mm/frame_0003_depth.png
20260808_151001,2026-08-08T15:15:18.535,11,10.000000,1,0.000000,0.000000,0.000000,-80.000000,-123.500000,-80.000000,-123.500000,3,ihawk2,secondary,1786173318.199577093,1786173318.174863100,24.713993,1,2,BL,10.000000,1,393.456741,344.596703,393.456741,344.596703,374.168701,361.767517,368.594910,327.842804,410.590454,327.379700,420.472900,361.396790,374.168701,361.767517,368.594910,327.842804,410.590454,327.379700,420.472900,361.396790,1,IPPE_SQUARE,82.112771,159.617508,443.717585,1.533241696,-1.550665670,0.955427192,0.052977,1,1786173318.129597902,69.979191,mono16,,0,alignment_not_asserted,raw/frames/ihawk2/h_p010p000mm/frame_0003_color.png,raw/frames/ihawk2/h_p010p000mm/frame_0003_depth.png
20260808_151001,2026-08-08T15:15:18.535,11,10.000000,1,0.000000,0.000000,0.000000,80.000000,-123.500000,80.000000,-123.500000,3,ihawk2,secondary,1786173318.199577093,1786173318.174863100,24.713993,1,3,BR,10.000000,1,376.351097,268.424255,376.351097,268.424255,360.805206,279.492157,357.510986,257.944885,390.489655,257.583832,396.598541,278.676147,360.805206,279.492157,357.510986,257.944885,390.489655,257.583832,396.598541,278.676147,1,IPPE_SQUARE,80.619044,94.630440,569.347452,1.546498995,-1.576161638,0.930763301,0.108055,1,1786173318.129597902,69.979191,mono16,,0,alignment_not_asserted,raw/frames/ihawk2/h_p010p000mm/frame_0003_color.png,raw/frames/ihawk2/h_p010p000mm/frame_0003_depth.png
20260808_151001,2026-08-08T15:15:18.535,11,10.000000,1,0.000000,0.000000,0.000000,0.000000,0.000000,0.000000,0.000000,3,ihawk2,secondary,1786173318.199577093,1786173318.174863100,24.713993,1,4,C,10.000000,1,295.236115,302.530273,295.236115,302.530273,274.037811,315.673676,277.568817,289.480194,314.678802,289.419281,314.659027,315.547943,274.037811,315.673676,277.568817,289.480194,314.678802,289.419281,314.659027,315.547943,1,IPPE_SQUARE,-32.980657,127.699583,504.865204,1.539659685,-1.551740713,0.967193234,0.017315,1,1786173318.129597902,69.979191,mono16,,0,alignment_not_asserted,raw/frames/ihawk2/h_p010p000mm/frame_0003_color.png,raw/frames/ihawk2/h_p010p000mm/frame_0003_depth.png
20260808_151001,2026-08-08T15:15:41.728,12,10.000000,1,0.000000,0.000000,0.000000,-80.000000,123.500000,-80.000000,123.500000,1,ihawk1,primary,1786173341.604671955,1786173341.589909077,14.762878,1,0,TL,10.000000,1,223.801067,222.252491,223.801067,222.252491,203.645004,219.655670,231.286407,211.710083,244.411484,224.105911,215.861374,233.538300,203.645004,219.655670,231.286407,211.710083,244.411484,224.105911,215.861374,233.538300,1,IPPE_SQUARE,-163.443765,32.359226,668.600323,1.998646111,-0.636497330,0.420579713,0.129195,1,1786173341.604671955,0.000000,mono16,,0,alignment_not_asserted,raw/frames/ihawk1/h_p010p000mm/frame_0001_color.png,raw/frames/ihawk1/h_p010p000mm/frame_0001_depth.png
20260808_151001,2026-08-08T15:15:41.728,12,10.000000,1,0.000000,0.000000,0.000000,80.000000,123.500000,80.000000,123.500000,1,ihawk1,primary,1786173341.604671955,1786173341.589909077,14.762878,1,1,TR,10.000000,1,295.096985,199.201515,295.096985,199.201515,276.759277,197.506882,298.763672,190.428909,313.646240,200.435394,291.218750,208.434875,276.759277,197.506882,298.763672,190.428909,313.646240,200.435394,291.218750,208.434875,1,IPPE_SQUARE,-50.824057,-6.633252,756.011850,2.003994948,-0.660132274,0.399211169,0.057419,1,1786173341.604671955,0.000000,mono16,,0,alignment_not_asserted,raw/frames/ihawk1/h_p010p000mm/frame_0001_color.png,raw/frames/ihawk1/h_p010p000mm/frame_0001_depth.png
20260808_151001,2026-08-08T15:15:41.728,12,10.000000,1,0.000000,0.000000,0.000000,-80.000000,-123.500000,-80.000000,-123.500000,1,ihawk1,primary,1786173341.604671955,1786173341.589909077,14.762878,1,2,BL,10.000000,1,299.598404,300.148979,299.598404,300.148979,272.604004,296.346710,304.688354,281.822449,327.363892,302.588776,293.737366,319.837982,272.604004,296.346710,304.688354,281.822449,327.363892,302.588776,293.737366,319.837982,1,IPPE_SQUARE,-28.505397,122.959074,509.382929,1.988313236,-0.647298521,0.406098978,0.159701,1,1786173341.604671955,0.000000,mono16,,0,alignment_not_asserted,raw/frames/ihawk1/h_p010p000mm/frame_0001_color.png,raw/frames/ihawk1/h_p010p000mm/frame_0001_depth.png
20260808_151001,2026-08-08T15:15:41.728,12,10.000000,1,0.000000,0.000000,0.000000,80.000000,-123.500000,80.000000,-123.500000,1,ihawk1,primary,1786173341.604671955,1786173341.589909077,14.762878,1,3,BR,10.000000,1,381.310249,260.819389,381.310249,260.819389,356.871979,258.351105,381.443268,246.309021,405.694977,262.659607,381.230774,275.957825,356.871979,258.351105,381.443268,246.309021,405.694977,262.659607,381.230774,275.957825,1,IPPE_SQUARE,86.247005,84.439861,586.313083,2.000395207,-0.671451837,0.405049281,0.128666,1,1786173341.604671955,0.000000,mono16,,0,alignment_not_asserted,raw/frames/ihawk1/h_p010p000mm/frame_0001_color.png,raw/frames/ihawk1/h_p010p000mm/frame_0001_depth.png
20260808_151001,2026-08-08T15:15:41.728,12,10.000000,1,0.000000,0.000000,0.000000,0.000000,0.000000,0.000000,0.000000,1,ihawk1,primary,1786173341.604671955,1786173341.589909077,14.762878,1,4,C,10.000000,1,297.099724,240.534866,297.099724,240.534866,275.173431,237.990845,301.479095,228.281052,319.335114,242.367722,292.411255,253.499847,275.173431,237.990845,301.479095,228.281052,319.335114,242.367722,292.411255,253.499847,1,IPPE_SQUARE,-39.276299,59.183091,631.296791,1.999679472,-0.649121911,0.405063890,0.064887,1,1786173341.604671955,0.000000,mono16,,0,alignment_not_asserted,raw/frames/ihawk1/h_p010p000mm/frame_0001_color.png,raw/frames/ihawk1/h_p010p000mm/frame_0001_depth.png
20260808_151001,2026-08-08T15:15:41.728,12,10.000000,1,0.000000,0.000000,0.000000,-80.000000,123.500000,-80.000000,123.500000,1,ihawk2,secondary,1786173341.589909077,1786173341.604671955,14.762878,1,0,TL,10.000000,1,190.506744,345.656219,190.506744,345.656219,160.857956,362.482391,175.453171,328.592651,217.999649,328.809662,207.716202,362.740173,160.857956,362.482391,175.453171,328.592651,217.999649,328.809662,207.716202,362.740173,1,IPPE_SQUARE,-147.023879,160.402378,442.579719,1.542378077,-1.545140289,0.991834814,0.072381,1,1786173341.589909077,0.000000,mono16,,0,alignment_not_asserted,raw/frames/ihawk2/h_p010p000mm/frame_0001_color.png,raw/frames/ihawk2/h_p010p000mm/frame_0001_depth.png
20260808_151001,2026-08-08T15:15:41.728,12,10.000000,1,0.000000,0.000000,0.000000,80.000000,123.500000,80.000000,123.500000,1,ihawk2,secondary,1786173341.589909077,1786173341.604671955,14.762878,1,1,TR,10.000000,1,217.535183,269.166565,217.535183,269.166565,195.583038,279.508331,204.687134,258.556732,237.968353,258.366486,231.902206,280.234711,195.583038,279.508331,204.687134,258.556732,237.968353,258.366486,231.902206,280.234711,1,IPPE_SQUARE,-149.163245,95.116373,565.855892,1.563730430,-1.566671790,0.959872453,0.248419,1,1786173341.589909077,0.000000,mono16,,0,alignment_not_asserted,raw/frames/ihawk2/h_p010p000mm/frame_0001_color.png,raw/frames/ihawk2/h_p010p000mm/frame_0001_depth.png
20260808_151001,2026-08-08T15:15:41.728,12,10.000000,1,0.000000,0.000000,0.000000,-80.000000,-123.500000,-80.000000,-123.500000,1,ihawk2,secondary,1786173341.589909077,1786173341.604671955,14.762878,1,2,BL,10.000000,1,393.386238,344.645660,393.386238,344.645660,374.193085,361.809570,368.511139,327.968262,410.467285,327.399048,420.373444,361.405762,374.193085,361.809570,368.511139,327.968262,410.467285,327.399048,420.373444,361.405762,1,IPPE_SQUARE,82.157895,159.918094,444.390859,1.531828736,-1.552448511,0.956191939,0.080520,1,1786173341.589909077,0.000000,mono16,,0,alignment_not_asserted,raw/frames/ihawk2/h_p010p000mm/frame_0001_color.png,raw/frames/ihawk2/h_p010p000mm/frame_0001_depth.png
20260808_151001,2026-08-08T15:15:41.728,12,10.000000,1,0.000000,0.000000,0.000000,80.000000,-123.500000,80.000000,-123.500000,1,ihawk2,secondary,1786173341.589909077,1786173341.604671955,14.762878,1,3,BR,10.000000,1,376.202827,268.458122,376.202827,268.458122,360.629089,279.490906,357.301880,258.006073,390.338989,257.635406,396.541351,278.700104,360.629089,279.490906,357.301880,258.006073,390.338989,257.635406,396.541351,278.700104,1,IPPE_SQUARE,80.174621,94.408856,567.728947,1.543833554,-1.574499290,0.935436947,0.103672,1,1786173341.589909077,0.000000,mono16,,0,alignment_not_asserted,raw/frames/ihawk2/h_p010p000mm/frame_0001_color.png,raw/frames/ihawk2/h_p010p000mm/frame_0001_depth.png
20260808_151001,2026-08-08T15:15:41.728,12,10.000000,1,0.000000,0.000000,0.000000,0.000000,0.000000,0.000000,0.000000,1,ihawk2,secondary,1786173341.589909077,1786173341.604671955,14.762878,1,4,C,10.000000,1,295.101921,302.576622,295.101921,302.576622,273.891541,315.722717,277.456543,289.478485,314.482513,289.481506,314.577087,315.623779,273.891541,315.722717,277.456543,289.478485,314.482513,289.481506,314.577087,315.623779,1,IPPE_SQUARE,-33.164961,127.809225,505.062542,1.541620366,-1.553163935,0.969587662,0.056491,1,1786173341.589909077,0.000000,mono16,,0,alignment_not_asserted,raw/frames/ihawk2/h_p010p000mm/frame_0001_color.png,raw/frames/ihawk2/h_p010p000mm/frame_0001_depth.png
20260808_151001,2026-08-08T15:15:41.892,12,10.000000,1,0.000000,0.000000,0.000000,-80.000000,123.500000,-80.000000,123.500000,2,ihawk1,primary,1786173341.644661903,1786173341.629589081,15.072823,1,0,TL,10.000000,1,223.745754,222.245625,223.745754,222.245625,203.635544,219.671677,231.200256,211.656815,244.360352,224.117752,215.786865,233.536255,203.635544,219.671677,231.200256,211.656815,244.360352,224.117752,215.786865,233.536255,1,IPPE_SQUARE,-163.703474,32.380765,669.282260,2.000630702,-0.637198217,0.419458407,0.108357,1,1786173341.604671955,39.989948,mono16,,0,alignment_not_asserted,raw/frames/ihawk1/h_p010p000mm/frame_0002_color.png,raw/frames/ihawk1/h_p010p000mm/frame_0002_depth.png
20260808_151001,2026-08-08T15:15:41.892,12,10.000000,1,0.000000,0.000000,0.000000,80.000000,123.500000,80.000000,123.500000,2,ihawk1,primary,1786173341.644661903,1786173341.629589081,15.072823,1,1,TR,10.000000,1,295.068733,199.232697,295.068733,199.232697,276.821564,197.503845,298.778503,190.462601,313.632050,200.438705,291.042816,208.525635,276.821564,197.503845,298.778503,190.462601,313.632050,200.438705,291.042816,208.525635,1,IPPE_SQUARE,-50.917379,-6.580147,756.592051,2.006233167,-0.656986955,0.392732133,0.088832,1,1786173341.604671955,39.989948,mono16,,0,alignment_not_asserted,raw/frames/ihawk1/h_p010p000mm/frame_0002_color.png,raw/frames/ihawk1/h_p010p000mm/frame_0002_depth.png
20260808_151001,2026-08-08T15:15:41.892,12,10.000000,1,0.000000,0.000000,0.000000,-80.000000,-123.500000,-80.000000,-123.500000,2,ihawk1,primary,1786173341.644661903,1786173341.629589081,15.072823,1,2,BL,10.000000,1,299.595467,300.142212,299.595467,300.142212,272.600647,296.344757,304.688354,281.822449,327.360413,302.577698,293.732452,319.823944,272.600647,296.344757,304.688354,281.822449,327.360413,302.577698,293.732452,319.823944,1,IPPE_SQUARE,-28.508770,122.948636,509.374649,1.987927129,-0.647242873,0.405906937,0.159089,1,1786173341.604671955,39.989948,mono16,,0,alignment_not_asserted,raw/frames/ihawk1/h_p010p000mm/frame_0002_color.png,raw/frames/ihawk1/h_p010p000mm/frame_0002_depth.png
20260808_151001,2026-08-08T15:15:41.892,12,10.000000,1,0.000000,0.000000,0.000000,80.000000,-123.500000,80.000000,-123.500000,2,ihawk1,primary,1786173341.644661903,1786173341.629589081,15.072823,1,3,BR,10.000000,1,381.353706,260.805786,381.353706,260.805786,356.871979,258.351105,381.553131,246.316315,405.681732,262.639099,381.307983,275.916626,356.871979,258.351105,381.553131,246.316315,405.681732,262.639099,381.307983,275.916626,1,IPPE_SQUARE,86.341120,84.451699,586.527036,1.999439075,-0.670802729,0.403624765,0.176099,1,1786173341.604671955,39.989948,mono16,,0,alignment_not_asserted,raw/frames/ihawk1/h_p010p000mm/frame_0002_color.png,raw/frames/ihawk1/h_p010p000mm/frame_0002_depth.png
20260808_151001,2026-08-08T15:15:41.892,12,10.000000,1,0.000000,0.000000,0.000000,0.000000,0.000000,0.000000,0.000000,2,ihawk1,primary,1786173341.644661903,1786173341.629589081,15.072823,1,4,C,10.000000,1,297.101532,240.519455,297.101532,240.519455,275.181274,237.958145,301.474060,228.274521,319.361603,242.358994,292.389191,253.486160,275.181274,237.958145,301.474060,228.274521,319.361603,242.358994,292.389191,253.486160,1,IPPE_SQUARE,-39.253817,59.129535,630.986644,1.999488528,-0.648470381,0.405543643,0.064559,1,1786173341.604671955,39.989948,mono16,,0,alignment_not_asserted,raw/frames/ihawk1/h_p010p000mm/frame_0002_color.png,raw/frames/ihawk1/h_p010p000mm/frame_0002_depth.png
20260808_151001,2026-08-08T15:15:41.892,12,10.000000,1,0.000000,0.000000,0.000000,-80.000000,123.500000,-80.000000,123.500000,2,ihawk2,secondary,1786173341.629589081,1786173341.644661903,15.072823,1,0,TL,10.000000,1,190.483624,345.660294,190.483624,345.660294,160.866745,362.483887,175.423325,328.596588,217.943802,328.812958,207.700623,362.747742,160.866745,362.483887,175.423325,328.596588,217.943802,328.812958,207.700623,362.747742,1,IPPE_SQUARE,-147.170216,160.538837,442.940196,1.543097571,-1.546088713,0.992276192,0.071479,1,1786173341.589909077,39.680004,mono16,,0,alignment_not_asserted,raw/frames/ihawk2/h_p010p000mm/frame_0002_color.png,raw/frames/ihawk2/h_p010p000mm/frame_0002_depth.png
20260808_151001,2026-08-08T15:15:41.892,12,10.000000,1,0.000000,0.000000,0.000000,80.000000,123.500000,80.000000,123.500000,2,ihawk2,secondary,1786173341.629589081,1786173341.644661903,15.072823,1,1,TR,10.000000,1,217.544308,269.174805,217.544308,269.174805,195.556992,279.530609,204.686478,258.557709,238.040680,258.382477,231.893082,280.228424,195.556992,279.530609,204.686478,258.557709,238.040680,258.382477,231.893082,280.228424,1,IPPE_SQUARE,-148.911899,94.975420,564.954806,1.562842822,-1.565131070,0.959336975,0.232588,1,1786173341.589909077,39.680004,mono16,,0,alignment_not_asserted,raw/frames/ihawk2/h_p010p000mm/frame_0002_color.png,raw/frames/ihawk2/h_p010p000mm/frame_0002_depth.png
20260808_151001,2026-08-08T15:15:41.892,12,10.000000,1,0.000000,0.000000,0.000000,-80.000000,-123.500000,-80.000000,-123.500000,2,ihawk2,secondary,1786173341.629589081,1786173341.644661903,15.072823,1,2,BL,10.000000,1,393.398033,344.617638,393.398033,344.617638,374.163147,361.743134,368.574402,327.938202,410.466431,327.392975,420.388153,361.396240,374.163147,361.743134,368.574402,327.938202,410.466431,327.392975,420.388153,361.396240,1,IPPE_SQUARE,82.202499,159.947412,444.558299,1.532507940,-1.551518545,0.956018405,0.072705,1,1786173341.589909077,39.680004,mono16,,0,alignment_not_asserted,raw/frames/ihawk2/h_p010p000mm/frame_0002_color.png,raw/frames/ihawk2/h_p010p000mm/frame_0002_depth.png
20260808_151001,2026-08-08T15:15:41.892,12,10.000000,1,0.000000,0.000000,0.000000,80.000000,-123.500000,80.000000,-123.500000,2,ihawk2,secondary,1786173341.629589081,1786173341.644661903,15.072823,1,3,BR,10.000000,1,376.207321,268.462807,376.207321,268.462807,360.624207,279.479370,357.314148,258.029907,390.349854,257.654083,396.541077,278.687866,360.624207,279.479370,357.314148,258.029907,390.349854,257.654083,396.541077,278.687866,1,IPPE_SQUARE,80.184778,94.421003,567.757526,1.543000800,-1.573354481,0.935474538,0.103399,1,1786173341.589909077,39.680004,mono16,,0,alignment_not_asserted,raw/frames/ihawk2/h_p010p000mm/frame_0002_color.png,raw/frames/ihawk2/h_p010p000mm/frame_0002_depth.png
20260808_151001,2026-08-08T15:15:41.892,12,10.000000,1,0.000000,0.000000,0.000000,0.000000,0.000000,0.000000,0.000000,2,ihawk2,secondary,1786173341.629589081,1786173341.644661903,15.072823,1,4,C,10.000000,1,295.102165,302.576736,295.102165,302.576736,273.892517,315.723206,277.456543,289.478485,314.482513,289.481476,314.577087,315.623779,273.892517,315.723206,277.456543,289.478485,314.482513,289.481476,314.577087,315.623779,1,IPPE_SQUARE,-33.165076,127.811030,505.069054,1.541627942,-1.553187131,0.969583797,0.056307,1,1786173341.589909077,39.680004,mono16,,0,alignment_not_asserted,raw/frames/ihawk2/h_p010p000mm/frame_0002_color.png,raw/frames/ihawk2/h_p010p000mm/frame_0002_depth.png
20260808_151001,2026-08-08T15:15:42.048,12,10.000000,1,0.000000,0.000000,0.000000,-80.000000,123.500000,-80.000000,123.500000,3,ihawk1,primary,1786173341.669301987,1786173341.689626932,20.324945,1,0,TL,10.000000,1,223.740540,222.265011,223.740540,222.265011,203.636124,219.671417,231.262268,211.700699,244.293564,224.153564,215.770203,233.534363,203.636124,219.671417,231.262268,211.700699,244.293564,224.153564,215.770203,233.534363,1,IPPE_SQUARE,-163.844119,32.440031,669.820385,2.000560936,-0.634829988,0.418087611,0.111297,1,1786173341.644661903,24.640083,mono16,,0,alignment_not_asserted,raw/frames/ihawk1/h_p010p000mm/frame_0003_color.png,raw/frames/ihawk1/h_p010p000mm/frame_0003_depth.png
20260808_151001,2026-08-08T15:15:42.048,12,10.000000,1,0.000000,0.000000,0.000000,80.000000,123.500000,80.000000,123.500000,3,ihawk1,primary,1786173341.669301987,1786173341.689626932,20.324945,1,1,TR,10.000000,1,295.099609,199.216965,295.099609,199.216965,276.817749,197.495697,298.739502,190.424759,313.662537,200.467407,291.178650,208.479996,276.817749,197.495697,298.739502,190.424759,313.662537,200.467407,291.178650,208.479996,1,IPPE_SQUARE,-50.870143,-6.611118,756.773841,2.006440684,-0.659755838,0.399076459,0.059768,1,1786173341.644661903,24.640083,mono16,,0,alignment_not_asserted,raw/frames/ihawk1/h_p010p000mm/frame_0003_color.png,raw/frames/ihawk1/h_p010p000mm/frame_0003_depth.png
20260808_151001,2026-08-08T15:15:42.048,12,10.000000,1,0.000000,0.000000,0.000000,-80.000000,-123.500000,-80.000000,-123.500000,3,ihawk1,primary,1786173341.669301987,1786173341.689626932,20.324945,1,2,BL,10.000000,1,299.603691,300.145966,299.603691,300.145966,272.590942,296.330444,304.708282,281.832031,327.359680,302.576965,293.755859,319.844421,272.590942,296.330444,304.708282,281.832031,327.359680,302.576965,293.755859,319.844421,1,IPPE_SQUARE,-28.492775,122.929864,509.278704,1.988049107,-0.647120816,0.406302774,0.159872,1,1786173341.644661903,24.640083,mono16,,0,alignment_not_asserted,raw/frames/ihawk1/h_p010p000mm/frame_0003_color.png,raw/frames/ihawk1/h_p010p000mm/frame_0003_depth.png
20260808_151001,2026-08-08T15:15:42.048,12,10.000000,1,0.000000,0.000000,0.000000,80.000000,-123.500000,80.000000,-123.500000,3,ihawk1,primary,1786173341.669301987,1786173341.689626932,20.324945,1,3,BR,10.000000,1,381.317101,260.814301,381.317101,260.814301,356.846588,258.347351,381.461914,246.323029,405.688721,262.657074,381.271179,275.929749,356.846588,258.347351,381.461914,246.323029,405.688721,262.657074,381.271179,275.929749,1,IPPE_SQUARE,86.221701,84.398162,586.074135,1.999171830,-0.671105323,0.405953709,0.149128,1,1786173341.644661903,24.640083,mono16,,0,alignment_not_asserted,raw/frames/ihawk1/h_p010p000mm/frame_0003_color.png,raw/frames/ihawk1/h_p010p000mm/frame_0003_depth.png
20260808_151001,2026-08-08T15:15:42.048,12,10.000000,1,0.000000,0.000000,0.000000,0.000000,0.000000,0.000000,0.000000,3,ihawk1,primary,1786173341.669301987,1786173341.689626932,20.324945,1,4,C,10.000000,1,297.069847,240.525509,297.069847,240.525509,275.174011,237.974716,301.483856,228.274734,319.345520,242.372406,292.276001,253.480179,275.174011,237.974716,301.483856,228.274734,319.345520,242.372406,292.276001,253.480179,1,IPPE_SQUARE,-39.290748,59.118409,630.768522,1.999260774,-0.646728508,0.402165593,0.054080,1,1786173341.644661903,24.640083,mono16,,0,alignment_not_asserted,raw/frames/ihawk1/h_p010p000mm/frame_0003_color.png,raw/frames/ihawk1/h_p010p000mm/frame_0003_depth.png
20260808_151001,2026-08-08T15:15:42.048,12,10.000000,1,0.000000,0.000000,0.000000,-80.000000,123.500000,-80.000000,123.500000,3,ihawk2,secondary,1786173341.689626932,1786173341.669301987,20.324945,1,0,TL,10.000000,1,190.467239,345.664909,190.467239,345.664909,160.867218,362.522552,175.420441,328.581238,217.874069,328.828461,207.707230,362.727386,160.867218,362.522552,175.420441,328.581238,217.874069,328.828461,207.707230,362.727386,1,IPPE_SQUARE,-147.320965,160.688600,443.335646,1.543830824,-1.547387562,0.992114769,0.044283,1,1786173341.629589081,60.037851,mono16,,0,alignment_not_asserted,raw/frames/ihawk2/h_p010p000mm/frame_0003_color.png,raw/frames/ihawk2/h_p010p000mm/frame_0003_depth.png
20260808_151001,2026-08-08T15:15:42.048,12,10.000000,1,0.000000,0.000000,0.000000,80.000000,123.500000,80.000000,123.500000,3,ihawk2,secondary,1786173341.689626932,1786173341.669301987,20.324945,1,1,TR,10.000000,1,217.532204,269.171661,217.532204,269.171661,195.552658,279.542877,204.687149,258.556732,237.968689,258.366058,231.920319,280.220978,195.552658,279.542877,204.687149,258.556732,237.968689,258.366058,231.920319,280.220978,1,IPPE_SQUARE,-149.054733,95.050987,565.428073,1.563025694,-1.566779440,0.959315038,0.241154,1,1786173341.629589081,60.037851,mono16,,0,alignment_not_asserted,raw/frames/ihawk2/h_p010p000mm/frame_0003_color.png,raw/frames/ihawk2/h_p010p000mm/frame_0003_depth.png
20260808_151001,2026-08-08T15:15:42.048,12,10.000000,1,0.000000,0.000000,0.000000,-80.000000,-123.500000,-80.000000,-123.500000,3,ihawk2,secondary,1786173341.689626932,1786173341.669301987,20.324945,1,2,BL,10.000000,1,393.388840,344.627243,393.388840,344.627243,374.163177,361.742462,368.530212,327.966339,410.473999,327.403931,420.387970,361.396240,374.163177,361.742462,368.530212,327.966339,410.473999,327.403931,420.387970,361.396240,1,IPPE_SQUARE,82.139986,159.857395,444.279682,1.531420358,-1.550799643,0.956922551,0.083171,1,1786173341.629589081,60.037851,mono16,,0,alignment_not_asserted,raw/frames/ihawk2/h_p010p000mm/frame_0003_color.png,raw/frames/ihawk2/h_p010p000mm/frame_0003_depth.png
20260808_151001,2026-08-08T15:15:42.048,12,10.000000,1,0.000000,0.000000,0.000000,80.000000,-123.500000,80.000000,-123.500000,3,ihawk2,secondary,1786173341.689626932,1786173341.669301987,20.324945,1,3,BR,10.000000,1,376.204872,268.457283,376.204872,268.457283,360.624023,279.479767,357.316406,258.037872,390.338135,257.634003,396.540924,278.677490,360.624023,279.479767,357.316406,258.037872,390.338135,257.634003,396.540924,278.677490,1,IPPE_SQUARE,80.198236,94.433474,567.879683,1.542634723,-1.573809773,0.934861102,0.101369,1,1786173341.629589081,60.037851,mono16,,0,alignment_not_asserted,raw/frames/ihawk2/h_p010p000mm/frame_0003_color.png,raw/frames/ihawk2/h_p010p000mm/frame_0003_depth.png
20260808_151001,2026-08-08T15:15:42.048,12,10.000000,1,0.000000,0.000000,0.000000,0.000000,0.000000,0.000000,0.000000,3,ihawk2,secondary,1786173341.689626932,1786173341.669301987,20.324945,1,4,C,10.000000,1,295.116455,302.601700,295.116455,302.601700,273.937836,315.822662,277.456543,289.478485,314.481018,289.491760,314.590424,315.613892,273.937836,315.822662,277.456543,289.478485,314.481018,289.491760,314.590424,315.613892,1,IPPE_SQUARE,-33.161606,127.898928,505.289861,1.541731778,-1.555238639,0.968301779,0.064344,1,1786173341.629589081,60.037851,mono16,,0,alignment_not_asserted,raw/frames/ihawk2/h_p010p000mm/frame_0003_color.png,raw/frames/ihawk2/h_p010p000mm/frame_0003_depth.png
20260808_151001,2026-08-08T15:16:38.082,13,15.000000,1,0.000000,0.000000,0.000000,-80.000000,123.500000,-80.000000,123.500000,1,ihawk1,primary,1786173397.935061932,1786173397.918947935,16.113997,1,0,TL,15.000000,1,224.735924,219.414143,224.735924,219.414143,204.558884,216.986359,232.316559,208.752777,245.370117,221.395981,216.698135,230.521454,204.558884,216.986359,232.316559,208.752777,245.370117,221.395981,216.698135,230.521454,1,IPPE_SQUARE,-161.398490,27.554113,666.561747,2.003119447,-0.634131600,0.410011992,0.026988,1,1786173397.935061932,0.000000,mono16,,0,alignment_not_asserted,raw/frames/ihawk1/h_p015p000mm/frame_0001_color.png,raw/frames/ihawk1/h_p015p000mm/frame_0001_depth.png
20260808_151001,2026-08-08T15:16:38.082,13,15.000000,1,0.000000,0.000000,0.000000,80.000000,123.500000,80.000000,123.500000,1,ihawk1,primary,1786173397.935061932,1786173397.918947935,16.113997,1,1,TR,15.000000,1,296.342010,196.184105,296.342010,196.184105,277.784576,194.733200,300.091064,187.192459,315.162720,196.985092,292.329681,205.825668,277.784576,194.733200,300.091064,187.192459,315.162720,196.985092,292.329681,205.825668,1,IPPE_SQUARE,-47.755436,-12.134119,744.508558,2.010496084,-0.672642250,0.365485852,0.141357,1,1786173397.935061932,0.000000,mono16,,0,alignment_not_asserted,raw/frames/ihawk1/h_p015p000mm/frame_0001_color.png,raw/frames/ihawk1/h_p015p000mm/frame_0001_depth.png
20260808_151001,2026-08-08T15:16:38.082,13,15.000000,1,0.000000,0.000000,0.000000,-80.000000,-123.500000,-80.000000,-123.500000,1,ihawk1,primary,1786173397.935061932,1786173397.918947935,16.113997,1,2,BL,15.000000,1,300.749207,297.054916,300.749207,297.054916,273.493256,293.263885,306.127258,278.745422,328.538177,299.674316,294.838135,316.536041,273.493256,293.263885,306.127258,278.745422,328.538177,299.674316,294.838135,316.536041,1,IPPE_SQUARE,-26.888335,118.324096,506.333287,1.988979551,-0.640658455,0.398845184,0.040003,1,1786173397.935061932,0.000000,mono16,,0,alignment_not_asserted,raw/frames/ihawk1/h_p015p000mm/frame_0001_color.png,raw/frames/ihawk1/h_p015p000mm/frame_0001_depth.png
20260808_151001,2026-08-08T15:16:38.082,13,15.000000,1,0.000000,0.000000,0.000000,80.000000,-123.500000,80.000000,-123.500000,1,ihawk1,primary,1786173397.935061932,1786173397.918947935,16.113997,1,3,BR,15.000000,1,382.833847,258.271740,382.833847,258.271740,358.201996,255.736282,382.960541,243.635590,407.488312,260.429535,382.684540,273.285553,358.201996,255.736282,382.960541,243.635590,407.488312,260.429535,382.684540,273.285553,1,IPPE_SQUARE,87.635007,79.956790,580.788089,2.004825698,-0.664080771,0.408339360,0.207835,1,1786173397.935061932,0.000000,mono16,,0,alignment_not_asserted,raw/frames/ihawk1/h_p015p000mm/frame_0001_color.png,raw/frames/ihawk1/h_p015p000mm/frame_0001_depth.png
20260808_151001,2026-08-08T15:16:38.082,13,15.000000,1,0.000000,0.000000,0.000000,0.000000,0.000000,0.000000,0.000000,1,ihawk1,primary,1786173397.935061932,1786173397.918947935,16.113997,1,4,C,15.000000,1,298.202347,237.700550,298.202347,237.700550,276.193237,235.251038,302.769531,225.420410,320.466187,239.617996,293.380432,250.512756,276.193237,235.251038,302.769531,225.420410,320.466187,239.617996,293.380432,250.512756,1,IPPE_SQUARE,-37.403771,54.520961,628.860830,2.002015610,-0.643854086,0.392776572,0.075021,1,1786173397.935061932,0.000000,mono16,,0,alignment_not_asserted,raw/frames/ihawk1/h_p015p000mm/frame_0001_color.png,raw/frames/ihawk1/h_p015p000mm/frame_0001_depth.png
20260808_151001,2026-08-08T15:16:38.082,13,15.000000,1,0.000000,0.000000,0.000000,-80.000000,123.500000,-80.000000,123.500000,1,ihawk2,secondary,1786173397.918947935,1786173397.935061932,16.113997,1,0,TL,15.000000,1,190.794483,341.017845,190.794483,341.017845,160.992706,357.543304,175.668076,324.206146,218.332016,324.489868,208.185135,357.832062,160.992706,357.543304,175.668076,324.206146,218.332016,324.489868,208.185135,357.832062,1,IPPE_SQUARE,-146.094304,154.533726,440.777039,1.538132540,-1.541188540,1.000163692,0.035178,1,1786173397.918947935,0.000000,mono16,,0,alignment_not_asserted,raw/frames/ihawk2/h_p015p000mm/frame_0001_color.png,raw/frames/ihawk2/h_p015p000mm/frame_0001_depth.png
20260808_151001,2026-08-08T15:16:38.082,13,15.000000,1,0.000000,0.000000,0.000000,80.000000,123.500000,80.000000,123.500000,1,ihawk2,secondary,1786173397.918947935,1786173397.935061932,16.113997,1,1,TR,15.000000,1,218.206051,264.856071,218.206051,264.856071,196.277542,275.597473,205.289261,253.946533,238.616791,253.572205,232.640610,276.308075,196.277542,275.597473,205.289261,253.946533,238.616791,253.572205,232.640610,276.308075,1,IPPE_SQUARE,-147.797549,88.627905,564.297092,1.588184574,-1.592002189,0.927373521,0.292296,1,1786173397.918947935,0.000000,mono16,,0,alignment_not_asserted,raw/frames/ihawk2/h_p015p000mm/frame_0001_color.png,raw/frames/ihawk2/h_p015p000mm/frame_0001_depth.png
20260808_151001,2026-08-08T15:16:38.082,13,15.000000,1,0.000000,0.000000,0.000000,-80.000000,-123.500000,-80.000000,-123.500000,1,ihawk2,secondary,1786173397.918947935,1786173397.935061932,16.113997,1,2,BL,15.000000,1,394.073044,340.525726,394.073044,340.525726,374.679779,357.494751,369.291565,324.056671,411.225037,323.412567,421.095795,357.138916,374.679779,357.494751,369.291565,324.056671,411.225037,323.412567,421.095795,357.138916,1,IPPE_SQUARE,82.854877,155.105431,443.979732,1.531837113,-1.550061503,0.946519837,0.086560,1,1786173397.918947935,0.000000,mono16,,0,alignment_not_asserted,raw/frames/ihawk2/h_p015p000mm/frame_0001_color.png,raw/frames/ihawk2/h_p015p000mm/frame_0001_depth.png
20260808_151001,2026-08-08T15:16:38.082,13,15.000000,1,0.000000,0.000000,0.000000,80.000000,-123.500000,80.000000,-123.500000,1,ihawk2,secondary,1786173397.918947935,1786173397.935061932,16.113997,1,3,BR,15.000000,1,377.095680,265.197269,377.095680,265.197269,361.518036,276.257782,358.212616,254.632172,391.315643,254.540970,397.336426,275.358154,361.518036,276.257782,358.212616,254.632172,391.315643,254.540970,397.336426,275.358154,1,IPPE_SQUARE,81.537526,89.757059,568.200527,1.552144074,-1.576107456,0.928793165,0.192715,1,1786173397.918947935,0.000000,mono16,,0,alignment_not_asserted,raw/frames/ihawk2/h_p015p000mm/frame_0001_color.png,raw/frames/ihawk2/h_p015p000mm/frame_0001_depth.png
20260808_151001,2026-08-08T15:16:38.082,13,15.000000,1,0.000000,0.000000,0.000000,0.000000,0.000000,0.000000,0.000000,1,ihawk2,secondary,1786173397.918947935,1786173397.935061932,16.113997,1,4,C,15.000000,1,295.666168,298.576187,295.666168,298.576187,274.447906,311.586029,277.993591,285.613617,315.128326,285.626129,315.094849,311.478973,274.447906,311.586029,277.993591,285.613617,315.128326,285.626129,315.094849,311.478973,1,IPPE_SQUARE,-32.403259,122.517068,504.499787,1.542623516,-1.552361268,0.964996162,0.026312,1,1786173397.918947935,0.000000,mono16,,0,alignment_not_asserted,raw/frames/ihawk2/h_p015p000mm/frame_0001_color.png,raw/frames/ihawk2/h_p015p000mm/frame_0001_depth.png
20260808_151001,2026-08-08T15:16:38.248,13,15.000000,1,0.000000,0.000000,0.000000,-80.000000,123.500000,-80.000000,123.500000,2,ihawk1,primary,1786173397.974845886,1786173397.959621906,15.223980,1,0,TL,15.000000,1,224.755333,219.423706,224.755333,219.423706,204.571350,217.030045,232.318344,208.746399,245.420853,221.393814,216.710785,230.524567,204.571350,217.030045,232.318344,208.746399,245.420853,221.393814,216.710785,230.524567,1,IPPE_SQUARE,-161.238725,27.547675,666.034330,2.002310114,-0.635128049,0.409445008,0.032351,1,1786173397.935061932,39.783955,mono16,,0,alignment_not_asserted,raw/frames/ihawk1/h_p015p000mm/frame_0002_color.png,raw/frames/ihawk1/h_p015p000mm/frame_0002_depth.png
20260808_151001,2026-08-08T15:16:38.248,13,15.000000,1,0.000000,0.000000,0.000000,80.000000,123.500000,80.000000,123.500000,2,ihawk1,primary,1786173397.974845886,1786173397.959621906,15.223980,1,1,TR,15.000000,1,296.284401,196.124702,296.284401,196.124702,277.791504,194.710312,299.929688,187.115753,315.091522,196.845428,292.324890,205.827316,277.791504,194.710312,299.929688,187.115753,315.091522,196.845428,292.324890,205.827316,1,IPPE_SQUARE,-47.987712,-12.275590,746.446964,2.012017184,-0.678439629,0.365067437,0.164584,1,1786173397.935061932,39.783955,mono16,,0,alignment_not_asserted,raw/frames/ihawk1/h_p015p000mm/frame_0002_color.png,raw/frames/ihawk1/h_p015p000mm/frame_0002_depth.png
20260808_151001,2026-08-08T15:16:38.248,13,15.000000,1,0.000000,0.000000,0.000000,-80.000000,-123.500000,-80.000000,-123.500000,2,ihawk1,primary,1786173397.974845886,1786173397.959621906,15.223980,1,2,BL,15.000000,1,300.749512,297.057961,300.749512,297.057961,273.514008,293.254242,306.169708,278.773499,328.510468,299.662872,294.803864,316.541229,273.514008,293.254242,306.169708,278.773499,328.510468,299.662872,294.803864,316.541229,1,IPPE_SQUARE,-26.902444,118.389025,506.591567,1.988828669,-0.639786929,0.396703189,0.054993,1,1786173397.935061932,39.783955,mono16,,0,alignment_not_asserted,raw/frames/ihawk1/h_p015p000mm/frame_0002_color.png,raw/frames/ihawk1/h_p015p000mm/frame_0002_depth.png
20260808_151001,2026-08-08T15:16:38.248,13,15.000000,1,0.000000,0.000000,0.000000,80.000000,-123.500000,80.000000,-123.500000,2,ihawk1,primary,1786173397.974845886,1786173397.959621906,15.223980,1,3,BR,15.000000,1,382.879463,258.263523,382.879463,258.263523,358.196014,255.726242,383.141846,243.645905,407.498047,260.370361,382.681946,273.311584,358.196014,255.726242,383.141846,243.645905,407.498047,260.370361,382.681946,273.311584,1,IPPE_SQUARE,87.699343,79.945448,580.793156,2.004751583,-0.662509617,0.401649139,0.208894,1,1786173397.935061932,39.783955,mono16,,0,alignment_not_asserted,raw/frames/ihawk1/h_p015p000mm/frame_0002_color.png,raw/frames/ihawk1/h_p015p000mm/frame_0002_depth.png
20260808_151001,2026-08-08T15:16:38.248,13,15.000000,1,0.000000,0.000000,0.000000,0.000000,0.000000,0.000000,0.000000,2,ihawk1,primary,1786173397.974845886,1786173397.959621906,15.223980,1,4,C,15.000000,1,298.203461,237.701519,298.203461,237.701519,276.195526,235.252029,302.752899,225.424606,320.469971,239.615173,293.395447,250.514267,276.195526,235.252029,302.752899,225.424606,320.469971,239.615173,293.395447,250.514267,1,IPPE_SQUARE,-37.406175,54.528904,628.933576,2.001932326,-0.644345349,0.393594877,0.071704,1,1786173397.935061932,39.783955,mono16,,0,alignment_not_asserted,raw/frames/ihawk1/h_p015p000mm/frame_0002_color.png,raw/frames/ihawk1/h_p015p000mm/frame_0002_depth.png
20260808_151001,2026-08-08T15:16:38.248,13,15.000000,1,0.000000,0.000000,0.000000,-80.000000,123.500000,-80.000000,123.500000,2,ihawk2,secondary,1786173397.959621906,1786173397.974845886,15.223980,1,0,TL,15.000000,1,190.777340,341.031929,190.777340,341.031929,160.992706,357.543304,175.666885,324.208557,218.298782,324.496826,208.150986,357.879028,160.992706,357.543304,175.666885,324.208557,218.298782,324.496826,208.150986,357.879028,1,IPPE_SQUARE,-146.215536,154.657378,441.082460,1.539483070,-1.541623291,0.999592703,0.041222,1,1786173397.918947935,40.673971,mono16,,0,alignment_not_asserted,raw/frames/ihawk2/h_p015p000mm/frame_0002_color.png,raw/frames/ihawk2/h_p015p000mm/frame_0002_depth.png
20260808_151001,2026-08-08T15:16:38.248,13,15.000000,1,0.000000,0.000000,0.000000,80.000000,123.500000,80.000000,123.500000,2,ihawk2,secondary,1786173397.959621906,1786173397.974845886,15.223980,1,1,TR,15.000000,1,218.193584,264.839214,218.193584,264.839214,196.255005,275.618469,205.297165,253.837860,238.605118,253.596970,232.617050,276.303558,196.255005,275.618469,205.297165,253.837860,238.605118,253.596970,232.617050,276.303558,1,IPPE_SQUARE,-147.870355,88.636443,564.508436,1.591384434,-1.592490350,0.927151061,0.255552,1,1786173397.918947935,40.673971,mono16,,0,alignment_not_asserted,raw/frames/ihawk2/h_p015p000mm/frame_0002_color.png,raw/frames/ihawk2/h_p015p000mm/frame_0002_depth.png
20260808_151001,2026-08-08T15:16:38.248,13,15.000000,1,0.000000,0.000000,0.000000,-80.000000,-123.500000,-80.000000,-123.500000,2,ihawk2,secondary,1786173397.959621906,1786173397.974845886,15.223980,1,2,BL,15.000000,1,394.064522,340.538231,394.064522,340.538231,374.666962,357.527374,369.259094,324.057922,411.236115,323.428375,421.095917,357.139252,374.666962,357.527374,369.259094,324.057922,411.236115,323.428375,421.095917,357.139252,1,IPPE_SQUARE,82.792830,155.021271,443.701256,1.531383183,-1.549787186,0.946654499,0.074431,1,1786173397.918947935,40.673971,mono16,,0,alignment_not_asserted,raw/frames/ihawk2/h_p015p000mm/frame_0002_color.png,raw/frames/ihawk2/h_p015p000mm/frame_0002_depth.png
20260808_151001,2026-08-08T15:16:38.248,13,15.000000,1,0.000000,0.000000,0.000000,80.000000,-123.500000,80.000000,-123.500000,2,ihawk2,secondary,1786173397.959621906,1786173397.974845886,15.223980,1,3,BR,15.000000,1,377.078217,265.189243,377.078217,265.189243,361.487518,276.259155,358.212708,254.611435,391.275421,254.528748,397.337219,275.357635,361.487518,276.259155,358.212708,254.611435,391.275421,254.528748,397.337219,275.357635,1,IPPE_SQUARE,81.518722,89.751970,568.243382,1.552712998,-1.576782666,0.928856517,0.197344,1,1786173397.918947935,40.673971,mono16,,0,alignment_not_asserted,raw/frames/ihawk2/h_p015p000mm/frame_0002_color.png,raw/frames/ihawk2/h_p015p000mm/frame_0002_depth.png
20260808_151001,2026-08-08T15:16:38.248,13,15.000000,1,0.000000,0.000000,0.000000,0.000000,0.000000,0.000000,0.000000,2,ihawk2,secondary,1786173397.959621906,1786173397.974845886,15.223980,1,4,C,15.000000,1,295.667961,298.568588,295.667961,298.568588,274.447906,311.586029,277.999207,285.610168,315.139221,285.614532,315.085510,311.463623,274.447906,311.586029,277.999207,285.610168,315.139221,285.614532,315.085510,311.463623,1,IPPE_SQUARE,-32.401972,122.509753,504.509914,1.542400057,-1.552250340,0.964187119,0.025800,1,1786173397.918947935,40.673971,mono16,,0,alignment_not_asserted,raw/frames/ihawk2/h_p015p000mm/frame_0002_color.png,raw/frames/ihawk2/h_p015p000mm/frame_0002_depth.png
20260808_151001,2026-08-08T15:16:38.414,13,15.000000,1,0.000000,0.000000,0.000000,-80.000000,123.500000,-80.000000,123.500000,3,ihawk1,primary,1786173398.000766993,1786173398.019558907,18.791914,1,0,TL,15.000000,1,224.756802,219.417904,224.756802,219.417904,204.582321,217.013031,232.311707,208.739914,245.420853,221.393814,216.712326,230.524857,204.582321,217.013031,232.311707,208.739914,245.420853,221.393814,216.712326,230.524857,1,IPPE_SQUARE,-161.289299,27.547196,666.253389,2.002878594,-0.635048398,0.409836503,0.029052,1,1786173397.974845886,25.921106,mono16,,0,alignment_not_asserted,raw/frames/ihawk1/h_p015p000mm/frame_0003_color.png,raw/frames/ihawk1/h_p015p000mm/frame_0003_depth.png
20260808_151001,2026-08-08T15:16:38.414,13,15.000000,1,0.000000,0.000000,0.000000,80.000000,123.500000,80.000000,123.500000,3,ihawk1,primary,1786173398.000766993,1786173398.019558907,18.791914,1,1,TR,15.000000,1,296.284813,196.128128,296.284813,196.128128,277.755707,194.723541,299.934265,187.112839,315.124390,196.848816,292.324890,205.827316,277.755707,194.723541,299.934265,187.112839,315.124390,196.848816,292.324890,205.827316,1,IPPE_SQUARE,-47.902554,-12.248519,745.135643,2.011051617,-0.678488970,0.365311359,0.158891,1,1786173397.974845886,25.921106,mono16,,0,alignment_not_asserted,raw/frames/ihawk1/h_p015p000mm/frame_0003_color.png,raw/frames/ihawk1/h_p015p000mm/frame_0003_depth.png
20260808_151001,2026-08-08T15:16:38.414,13,15.000000,1,0.000000,0.000000,0.000000,-80.000000,-123.500000,-80.000000,-123.500000,3,ihawk1,primary,1786173398.000766993,1786173398.019558907,18.791914,1,2,BL,15.000000,1,300.761429,297.058350,300.761429,297.058350,273.507172,293.232880,306.215454,278.802460,328.511414,299.662323,294.811676,316.535736,273.507172,293.232880,306.215454,278.802460,328.511414,299.662323,294.811676,316.535736,1,IPPE_SQUARE,-26.879008,118.352662,506.434117,1.988005735,-0.638779438,0.396604512,0.074659,1,1786173397.974845886,25.921106,mono16,,0,alignment_not_asserted,raw/frames/ihawk1/h_p015p000mm/frame_0003_color.png,raw/frames/ihawk1/h_p015p000mm/frame_0003_depth.png
20260808_151001,2026-08-08T15:16:38.414,13,15.000000,1,0.000000,0.000000,0.000000,80.000000,-123.500000,80.000000,-123.500000,3,ihawk1,primary,1786173398.000766993,1786173398.019558907,18.791914,1,3,BR,15.000000,1,382.886047,258.300232,382.886047,258.300232,358.207581,255.722000,383.096832,243.631577,407.496857,260.526123,382.742920,273.321228,358.207581,255.722000,383.096832,243.631577,407.496857,260.526123,382.742920,273.321228,1,IPPE_SQUARE,87.692624,79.980321,580.665558,2.006854386,-0.661983960,0.408383057,0.239915,1,1786173397.974845886,25.921106,mono16,,0,alignment_not_asserted,raw/frames/ihawk1/h_p015p000mm/frame_0003_color.png,raw/frames/ihawk1/h_p015p000mm/frame_0003_depth.png
20260808_151001,2026-08-08T15:16:38.414,13,15.000000,1,0.000000,0.000000,0.000000,0.000000,0.000000,0.000000,0.000000,3,ihawk1,primary,1786173398.000766993,1786173398.019558907,18.791914,1,4,C,15.000000,1,298.186409,237.698811,298.186409,237.698811,276.193604,235.246704,302.770111,225.420105,320.487183,239.614853,293.294739,250.513580,276.193604,235.246704,302.770111,225.420105,320.487183,239.614853,293.294739,250.513580,1,IPPE_SQUARE,-37.397186,54.471201,628.325262,2.001589326,-0.642597060,0.390787463,0.052834,1,1786173397.974845886,25.921106,mono16,,0,alignment_not_asserted,raw/frames/ihawk1/h_p015p000mm/frame_0003_color.png,raw/frames/ihawk1/h_p015p000mm/frame_0003_depth.png
20260808_151001,2026-08-08T15:16:38.414,13,15.000000,1,0.000000,0.000000,0.000000,-80.000000,123.500000,-80.000000,123.500000,3,ihawk2,secondary,1786173398.019558907,1786173398.000766993,18.791914,1,0,TL,15.000000,1,190.803528,341.021957,190.803528,341.021957,161.035492,357.544891,175.667175,324.208344,218.319504,324.510559,208.191940,357.824036,161.035492,357.544891,175.667175,324.208344,218.319504,324.510559,208.191940,357.824036,1,IPPE_SQUARE,-146.190301,154.651685,441.096655,1.538479558,-1.541620102,1.000858532,0.035402,1,1786173397.959621906,59.937000,mono16,,0,alignment_not_asserted,raw/frames/ihawk2/h_p015p000mm/frame_0003_color.png,raw/frames/ihawk2/h_p015p000mm/frame_0003_depth.png
20260808_151001,2026-08-08T15:16:38.414,13,15.000000,1,0.000000,0.000000,0.000000,80.000000,123.500000,80.000000,123.500000,3,ihawk2,secondary,1786173398.019558907,1786173398.000766993,18.791914,1,1,TR,15.000000,1,218.221272,264.855465,218.221272,264.855465,196.301849,275.632568,205.317719,253.873535,238.649155,253.598038,232.616364,276.317719,196.301849,275.632568,205.317719,253.873535,238.649155,253.598038,232.616364,276.317719,1,IPPE_SQUARE,-147.851872,88.672518,564.587923,1.590886396,-1.592307698,0.926143836,0.257768,1,1786173397.959621906,59.937000,mono16,,0,alignment_not_asserted,raw/frames/ihawk2/h_p015p000mm/frame_0003_color.png,raw/frames/ihawk2/h_p015p000mm/frame_0003_depth.png
20260808_151001,2026-08-08T15:16:38.414,13,15.000000,1,0.000000,0.000000,0.000000,-80.000000,-123.500000,-80.000000,-123.500000,3,ihawk2,secondary,1786173398.019558907,1786173398.000766993,18.791914,1,2,BL,15.000000,1,394.106628,340.531395,394.106628,340.531395,374.665039,357.522034,369.295563,324.055603,411.250824,323.437592,421.215088,357.110352,374.665039,357.522034,369.295563,324.055603,411.250824,323.437592,421.215088,357.110352,1,IPPE_SQUARE,82.743704,154.832409,443.186784,1.530102153,-1.548807037,0.948155624,0.073359,1,1786173397.959621906,59.937000,mono16,,0,alignment_not_asserted,raw/frames/ihawk2/h_p015p000mm/frame_0003_color.png,raw/frames/ihawk2/h_p015p000mm/frame_0003_depth.png
20260808_151001,2026-08-08T15:16:38.414,13,15.000000,1,0.000000,0.000000,0.000000,80.000000,-123.500000,80.000000,-123.500000,3,ihawk2,secondary,1786173398.019558907,1786173398.000766993,18.791914,1,3,BR,15.000000,1,377.086334,265.187283,377.086334,265.187283,361.505249,276.269135,358.201904,254.591293,391.312256,254.534454,397.325928,275.354248,361.505249,276.269135,358.201904,254.591293,391.312256,254.534454,397.325928,275.354248,1,IPPE_SQUARE,81.510379,89.726633,568.103406,1.553054082,-1.576604507,0.928583317,0.205258,1,1786173397.959621906,59.937000,mono16,,0,alignment_not_asserted,raw/frames/ihawk2/h_p015p000mm/frame_0003_color.png,raw/frames/ihawk2/h_p015p000mm/frame_0003_depth.png
20260808_151001,2026-08-08T15:16:38.414,13,15.000000,1,0.000000,0.000000,0.000000,0.000000,0.000000,0.000000,0.000000,3,ihawk2,secondary,1786173398.019558907,1786173398.000766993,18.791914,1,4,C,15.000000,1,295.651024,298.578430,295.651024,298.578430,274.447540,311.586090,277.985107,285.616455,315.085846,285.652802,315.085602,311.458374,274.447540,311.586090,277.985107,285.616455,315.085846,285.652802,315.085602,311.458374,1,IPPE_SQUARE,-32.441625,122.593582,504.798650,1.542455872,-1.552517815,0.966086393,0.039162,1,1786173397.959621906,59.937000,mono16,,0,alignment_not_asserted,raw/frames/ihawk2/h_p015p000mm/frame_0003_color.png,raw/frames/ihawk2/h_p015p000mm/frame_0003_depth.png
20260808_151001,2026-08-08T15:17:26.915,14,20.000000,1,0.000000,0.000000,0.000000,-80.000000,123.500000,-80.000000,123.500000,1,ihawk1,primary,1786173446.808060884,1786173446.759740114,48.320770,1,0,TL,20.000000,1,223.791382,217.481403,223.791382,217.481403,203.444763,214.769806,231.553894,207.114029,244.470886,219.425583,215.695984,228.616196,203.444763,214.769806,231.553894,207.114029,244.470886,219.425583,215.695984,228.616196,1,IPPE_SQUARE,-162.005762,24.207315,662.670661,2.000085081,-0.627708701,0.418642316,0.165648,1,1786173446.784713984,23.346901,mono16,,0,alignment_not_asserted,raw/frames/ihawk1/h_p020p000mm/frame_0001_color.png,raw/frames/ihawk1/h_p020p000mm/frame_0001_depth.png
20260808_151001,2026-08-08T15:17:26.915,14,20.000000,1,0.000000,0.000000,0.000000,80.000000,123.500000,80.000000,123.500000,1,ihawk1,primary,1786173446.808060884,1786173446.759740114,48.320770,1,1,TR,20.000000,1,295.705505,194.671371,295.705505,194.671371,277.258911,193.121185,299.300049,186.197342,314.303375,195.636490,291.959686,203.730469,277.258911,193.121185,299.300049,186.197342,314.303375,195.636490,291.959686,203.730469,1,IPPE_SQUARE,-49.504666,-15.092857,753.308985,1.993464868,-0.667263007,0.396527142,0.129103,1,1786173446.784713984,23.346901,mono16,,0,alignment_not_asserted,raw/frames/ihawk1/h_p020p000mm/frame_0001_color.png,raw/frames/ihawk1/h_p020p000mm/frame_0001_depth.png
20260808_151001,2026-08-08T15:17:26.915,14,20.000000,1,0.000000,0.000000,0.000000,-80.000000,-123.500000,-80.000000,-123.500000,1,ihawk1,primary,1786173446.808060884,1786173446.759740114,48.320770,1,2,BL,20.000000,1,299.994835,294.793518,299.994835,294.793518,272.522247,291.046387,305.385437,276.474518,327.942230,297.371490,294.129425,314.281677,272.522247,291.046387,305.385437,276.474518,327.942230,297.371490,294.129425,314.281677,1,IPPE_SQUARE,-27.661419,114.746502,503.156926,1.989272314,-0.643955367,0.401648133,0.061660,1,1786173446.784713984,23.346901,mono16,,0,alignment_not_asserted,raw/frames/ihawk1/h_p020p000mm/frame_0001_color.png,raw/frames/ihawk1/h_p020p000mm/frame_0001_depth.png
20260808_151001,2026-08-08T15:17:26.915,14,20.000000,1,0.000000,0.000000,0.000000,80.000000,-123.500000,80.000000,-123.500000,1,ihawk1,primary,1786173446.808060884,1786173446.759740114,48.320770,1,3,BR,20.000000,1,382.374969,255.739944,382.374969,255.739944,357.681763,253.423965,382.693268,241.372116,407.120239,257.541199,382.004608,270.622498,357.681763,253.423965,382.693268,241.372116,407.120239,257.541199,382.004608,270.622498,1,IPPE_SQUARE,86.807481,76.169084,579.760599,1.994525034,-0.664375193,0.386334775,0.144243,1,1786173446.784713984,23.346901,mono16,,0,alignment_not_asserted,raw/frames/ihawk1/h_p020p000mm/frame_0001_color.png,raw/frames/ihawk1/h_p020p000mm/frame_0001_depth.png
20260808_151001,2026-08-08T15:17:26.915,14,20.000000,1,0.000000,0.000000,0.000000,0.000000,0.000000,0.000000,0.000000,1,ihawk1,primary,1786173446.808060884,1786173446.759740114,48.320770,1,4,C,20.000000,1,297.577217,235.737392,297.577217,235.737392,275.464661,233.181931,302.447388,223.810028,319.749054,237.510284,292.647766,248.447327,275.464661,233.181931,302.447388,223.810028,319.749054,237.510284,292.647766,248.447327,1,IPPE_SQUARE,-38.284355,51.323066,627.256638,1.993955993,-0.635748413,0.386859320,0.203674,1,1786173446.784713984,23.346901,mono16,,0,alignment_not_asserted,raw/frames/ihawk1/h_p020p000mm/frame_0001_color.png,raw/frames/ihawk1/h_p020p000mm/frame_0001_depth.png
20260808_151001,2026-08-08T15:17:26.915,14,20.000000,1,0.000000,0.000000,0.000000,-80.000000,123.500000,-80.000000,123.500000,1,ihawk2,secondary,1786173446.759740114,1786173446.808060884,48.320770,1,0,TL,20.000000,1,189.931938,339.060150,189.931938,339.060150,160.005875,355.449188,174.811081,322.073456,217.602112,322.468628,207.308685,356.249329,160.005875,355.449188,174.811081,322.073456,217.602112,322.468628,207.308685,356.249329,1,IPPE_SQUARE,-146.711094,151.962346,439.728280,1.551641188,-1.544968614,0.998347282,0.121615,1,1786173446.759740114,0.000000,mono16,,0,alignment_not_asserted,raw/frames/ihawk2/h_p020p000mm/frame_0001_color.png,raw/frames/ihawk2/h_p020p000mm/frame_0001_depth.png
20260808_151001,2026-08-08T15:17:26.915,14,20.000000,1,0.000000,0.000000,0.000000,80.000000,123.500000,80.000000,123.500000,1,ihawk2,secondary,1786173446.759740114,1786173446.808060884,48.320770,1,1,TR,20.000000,1,217.634369,263.327282,217.634369,263.327282,195.531860,273.676208,204.685776,252.742722,238.211609,252.477081,232.108231,274.413116,195.531860,273.676208,204.685776,252.742722,238.211609,252.477081,232.108231,274.413116,1,IPPE_SQUARE,-147.873800,86.004115,561.501958,1.570655439,-1.574037913,0.949584914,0.268149,1,1786173446.759740114,0.000000,mono16,,0,alignment_not_asserted,raw/frames/ihawk2/h_p020p000mm/frame_0001_color.png,raw/frames/ihawk2/h_p020p000mm/frame_0001_depth.png
20260808_151001,2026-08-08T15:17:26.915,14,20.000000,1,0.000000,0.000000,0.000000,-80.000000,-123.500000,-80.000000,-123.500000,1,ihawk2,secondary,1786173446.759740114,1786173446.808060884,48.320770,1,2,BL,20.000000,1,394.609032,338.407875,394.609032,338.407875,375.336365,355.518951,369.525940,321.862701,411.746429,321.308838,421.827393,354.941010,375.336365,355.518951,369.525940,321.862701,411.746429,321.308838,421.827393,354.941010,1,IPPE_SQUARE,83.014391,151.876980,441.595651,1.533180457,-1.555904882,0.951468604,0.054024,1,1786173446.759740114,0.000000,mono16,,0,alignment_not_asserted,raw/frames/ihawk2/h_p020p000mm/frame_0001_color.png,raw/frames/ihawk2/h_p020p000mm/frame_0001_depth.png
20260808_151001,2026-08-08T15:17:26.915,14,20.000000,1,0.000000,0.000000,0.000000,80.000000,-123.500000,80.000000,-123.500000,1,ihawk2,secondary,1786173446.759740114,1786173446.808060884,48.320770,1,3,BR,20.000000,1,377.309776,262.975269,377.309776,262.975269,361.557983,273.925110,358.313629,252.497467,391.623871,252.339584,397.743622,273.138916,361.557983,273.925110,358.313629,252.497467,391.623871,252.339584,397.743622,273.138916,1,IPPE_SQUARE,81.191570,85.836909,563.663742,1.550217582,-1.572310300,0.930114001,0.153357,1,1786173446.759740114,0.000000,mono16,,0,alignment_not_asserted,raw/frames/ihawk2/h_p020p000mm/frame_0001_color.png,raw/frames/ihawk2/h_p020p000mm/frame_0001_depth.png
20260808_151001,2026-08-08T15:17:26.915,14,20.000000,1,0.000000,0.000000,0.000000,0.000000,0.000000,0.000000,0.000000,1,ihawk2,secondary,1786173446.759740114,1786173446.808060884,48.320770,1,4,C,20.000000,1,295.455139,296.588272,295.455139,296.588272,274.177490,309.524872,277.673798,283.668793,315.049164,283.573120,314.920105,309.586304,274.177490,309.524872,277.673798,283.668793,315.049164,283.573120,314.920105,309.586304,1,IPPE_SQUARE,-32.533344,119.433647,502.322048,1.544928948,-1.554008397,0.963447641,0.055370,1,1786173446.759740114,0.000000,mono16,,0,alignment_not_asserted,raw/frames/ihawk2/h_p020p000mm/frame_0001_color.png,raw/frames/ihawk2/h_p020p000mm/frame_0001_depth.png
20260808_151001,2026-08-08T15:17:27.063,14,20.000000,1,0.000000,0.000000,0.000000,-80.000000,123.500000,-80.000000,123.500000,2,ihawk1,primary,1786173446.844654083,1786173446.799515009,45.139074,1,0,TL,20.000000,1,223.796604,217.490532,223.796604,217.490532,203.473877,214.808823,231.556366,207.102448,244.454712,219.427765,215.701462,228.623093,203.473877,214.808823,231.556366,207.102448,244.454712,219.427765,215.701462,228.623093,1,IPPE_SQUARE,-162.145270,24.244662,663.271889,2.000704082,-0.628284228,0.416809825,0.155267,1,1786173446.784713984,59.940100,mono16,,0,alignment_not_asserted,raw/frames/ihawk1/h_p020p000mm/frame_0002_color.png,raw/frames/ihawk1/h_p020p000mm/frame_0002_depth.png
20260808_151001,2026-08-08T15:17:27.063,14,20.000000,1,0.000000,0.000000,0.000000,80.000000,123.500000,80.000000,123.500000,2,ihawk1,primary,1786173446.844654083,1786173446.799515009,45.139074,1,1,TR,20.000000,1,295.806061,194.643974,295.806061,194.643974,277.258911,193.121185,299.300781,186.197388,314.303009,195.621887,292.361542,203.635437,277.258911,193.121185,299.300781,186.197388,314.303009,195.621887,292.361542,203.635437,1,IPPE_SQUARE,-49.422934,-15.175082,754.963633,1.991184088,-0.674132346,0.408058875,0.173401,1,1786173446.784713984,59.940100,mono16,,0,alignment_not_asserted,raw/frames/ihawk1/h_p020p000mm/frame_0002_color.png,raw/frames/ihawk1/h_p020p000mm/frame_0002_depth.png
20260808_151001,2026-08-08T15:17:27.063,14,20.000000,1,0.000000,0.000000,0.000000,-80.000000,-123.500000,-80.000000,-123.500000,2,ihawk1,primary,1786173446.844654083,1786173446.799515009,45.139074,1,2,BL,20.000000,1,299.963913,294.788658,299.963913,294.788658,272.509583,291.014282,305.292023,276.475494,327.934662,297.342773,294.119385,314.322083,272.509583,291.014282,305.292023,276.475494,327.934662,297.342773,294.119385,314.322083,1,IPPE_SQUARE,-27.703295,114.757027,503.230925,1.990140964,-0.645077511,0.403800006,0.056906,1,1786173446.784713984,59.940100,mono16,,0,alignment_not_asserted,raw/frames/ihawk1/h_p020p000mm/frame_0002_color.png,raw/frames/ihawk1/h_p020p000mm/frame_0002_depth.png
20260808_151001,2026-08-08T15:17:27.063,14,20.000000,1,0.000000,0.000000,0.000000,80.000000,-123.500000,80.000000,-123.500000,2,ihawk1,primary,1786173446.844654083,1786173446.799515009,45.139074,1,3,BR,20.000000,1,382.379517,255.744083,382.379517,255.744083,357.661133,253.426239,382.693268,241.372116,407.161316,257.557129,382.002350,270.620850,357.661133,253.426239,382.693268,241.372116,407.161316,257.557129,382.002350,270.620850,1,IPPE_SQUARE,86.705299,76.078886,579.036318,1.993769941,-0.663840917,0.386801278,0.146185,1,1786173446.784713984,59.940100,mono16,,0,alignment_not_asserted,raw/frames/ihawk1/h_p020p000mm/frame_0002_color.png,raw/frames/ihawk1/h_p020p000mm/frame_0002_depth.png
20260808_151001,2026-08-08T15:17:27.063,14,20.000000,1,0.000000,0.000000,0.000000,0.000000,0.000000,0.000000,0.000000,2,ihawk1,primary,1786173446.844654083,1786173446.799515009,45.139074,1,4,C,20.000000,1,297.569366,235.728989,297.569366,235.728989,275.457825,233.153748,302.437653,223.813980,319.744904,237.502670,292.637085,248.445557,275.457825,233.153748,302.437653,223.813980,319.744904,237.502670,292.637085,248.445557,1,IPPE_SQUARE,-38.293088,51.305652,627.204519,1.993976070,-0.635405580,0.387539920,0.206398,1,1786173446.784713984,59.940100,mono16,,0,alignment_not_asserted,raw/frames/ihawk1/h_p020p000mm/frame_0002_color.png,raw/frames/ihawk1/h_p020p000mm/frame_0002_depth.png
20260808_151001,2026-08-08T15:17:27.063,14,20.000000,1,0.000000,0.000000,0.000000,-80.000000,123.500000,-80.000000,123.500000,2,ihawk2,secondary,1786173446.799515009,1786173446.844654083,45.139074,1,0,TL,20.000000,1,189.909111,339.072929,189.909111,339.072929,160.010147,355.486084,174.717819,322.094391,217.595078,322.479248,207.313400,356.231995,160.010147,355.486084,174.717819,322.094391,217.595078,322.479248,207.313400,356.231995,1,IPPE_SQUARE,-146.665404,151.903438,439.518007,1.550576649,-1.545680897,1.000264931,0.122052,1,1786173446.759740114,39.774895,mono16,,0,alignment_not_asserted,raw/frames/ihawk2/h_p020p000mm/frame_0002_color.png,raw/frames/ihawk2/h_p020p000mm/frame_0002_depth.png
20260808_151001,2026-08-08T15:17:27.063,14,20.000000,1,0.000000,0.000000,0.000000,80.000000,123.500000,80.000000,123.500000,2,ihawk2,secondary,1786173446.799515009,1786173446.844654083,45.139074,1,1,TR,20.000000,1,217.622547,263.332481,217.622547,263.332481,195.533066,273.674744,204.659180,252.779083,238.177353,252.464966,232.120590,274.411133,195.533066,273.674744,204.659180,252.779083,238.177353,252.464966,232.120590,274.411133,1,IPPE_SQUARE,-147.912236,86.024323,561.582917,1.569572477,-1.574742608,0.950203590,0.281967,1,1786173446.759740114,39.774895,mono16,,0,alignment_not_asserted,raw/frames/ihawk2/h_p020p000mm/frame_0002_color.png,raw/frames/ihawk2/h_p020p000mm/frame_0002_depth.png
20260808_151001,2026-08-08T15:17:27.063,14,20.000000,1,0.000000,0.000000,0.000000,-80.000000,-123.500000,-80.000000,-123.500000,2,ihawk2,secondary,1786173446.799515009,1786173446.844654083,45.139074,1,2,BL,20.000000,1,394.593895,338.404259,394.593895,338.404259,375.351349,355.508240,369.530884,321.860901,411.732452,321.292755,421.760895,354.955139,375.351349,355.508240,369.530884,321.860901,411.732452,321.292755,421.760895,354.955139,1,IPPE_SQUARE,83.092877,152.047861,442.099951,1.534276987,-1.556837980,0.950379697,0.068768,1,1786173446.759740114,39.774895,mono16,,0,alignment_not_asserted,raw/frames/ihawk2/h_p020p000mm/frame_0002_color.png,raw/frames/ihawk2/h_p020p000mm/frame_0002_depth.png
20260808_151001,2026-08-08T15:17:27.063,14,20.000000,1,0.000000,0.000000,0.000000,80.000000,-123.500000,80.000000,-123.500000,2,ihawk2,secondary,1786173446.799515009,1786173446.844654083,45.139074,1,3,BR,20.000000,1,377.316559,262.975445,377.316559,262.975445,361.611725,273.925598,358.328949,252.493347,391.600403,252.340439,397.725159,273.142395,361.611725,273.925598,358.328949,252.493347,391.600403,252.340439,397.725159,273.142395,1,IPPE_SQUARE,81.318053,85.960703,564.467656,1.551016247,-1.573759438,0.930521372,0.151985,1,1786173446.759740114,39.774895,mono16,,0,alignment_not_asserted,raw/frames/ihawk2/h_p020p000mm/frame_0002_color.png,raw/frames/ihawk2/h_p020p000mm/frame_0002_depth.png
20260808_151001,2026-08-08T15:17:27.063,14,20.000000,1,0.000000,0.000000,0.000000,0.000000,0.000000,0.000000,0.000000,2,ihawk2,secondary,1786173446.799515009,1786173446.844654083,45.139074,1,4,C,20.000000,1,295.436546,296.586006,295.436546,296.586006,274.126099,309.501160,277.681641,283.672302,315.044281,283.571442,314.894165,309.599121,274.126099,309.501160,277.681641,283.672302,315.044281,283.571442,314.894165,309.599121,1,IPPE_SQUARE,-32.550529,119.405463,502.216234,1.545034348,-1.552938564,0.962754942,0.060877,1,1786173446.759740114,39.774895,mono16,,0,alignment_not_asserted,raw/frames/ihawk2/h_p020p000mm/frame_0002_color.png,raw/frames/ihawk2/h_p020p000mm/frame_0002_depth.png
20260808_151001,2026-08-08T15:17:27.221,14,20.000000,1,0.000000,0.000000,0.000000,-80.000000,123.500000,-80.000000,123.500000,3,ihawk1,primary,1786173446.916134119,1786173446.899537086,16.597033,1,0,TL,20.000000,1,223.805553,217.499260,223.805553,217.499260,203.480072,214.836899,231.570175,207.110901,244.470154,219.426147,215.701813,228.623093,203.480072,214.836899,231.570175,207.110901,244.470154,219.426147,215.701813,228.623093,1,IPPE_SQUARE,-162.073172,24.250405,663.036572,1.999954767,-0.628434378,0.415938147,0.150733,1,1786173446.844654083,71.480036,mono16,,0,alignment_not_asserted,raw/frames/ihawk1/h_p020p000mm/frame_0003_color.png,raw/frames/ihawk1/h_p020p000mm/frame_0003_depth.png
20260808_151001,2026-08-08T15:17:27.221,14,20.000000,1,0.000000,0.000000,0.000000,80.000000,123.500000,80.000000,123.500000,3,ihawk1,primary,1786173446.916134119,1786173446.899537086,16.597033,1,1,TR,20.000000,1,295.854530,194.633514,295.854530,194.633514,277.275421,193.120575,299.287933,186.194382,314.303955,195.615097,292.550812,203.604004,277.275421,193.120575,299.287933,186.194382,314.303955,195.615097,292.550812,203.604004,1,IPPE_SQUARE,-49.401611,-15.215345,756.041993,1.990691502,-0.677815204,0.413605457,0.200186,1,1786173446.844654083,71.480036,mono16,,0,alignment_not_asserted,raw/frames/ihawk1/h_p020p000mm/frame_0003_color.png,raw/frames/ihawk1/h_p020p000mm/frame_0003_depth.png
20260808_151001,2026-08-08T15:17:27.221,14,20.000000,1,0.000000,0.000000,0.000000,-80.000000,-123.500000,-80.000000,-123.500000,3,ihawk1,primary,1786173446.916134119,1786173446.899537086,16.597033,1,2,BL,20.000000,1,299.978569,294.784851,299.978569,294.784851,272.527649,291.040894,305.380066,276.486938,327.934296,297.345459,294.072266,314.266113,272.527649,291.040894,305.380066,276.486938,327.934296,297.345459,294.072266,314.266113,1,IPPE_SQUARE,-27.682844,114.738094,503.166282,1.988484387,-0.643486575,0.400187784,0.053237,1,1786173446.844654083,71.480036,mono16,,0,alignment_not_asserted,raw/frames/ihawk1/h_p020p000mm/frame_0003_color.png,raw/frames/ihawk1/h_p020p000mm/frame_0003_depth.png
20260808_151001,2026-08-08T15:17:27.221,14,20.000000,1,0.000000,0.000000,0.000000,80.000000,-123.500000,80.000000,-123.500000,3,ihawk1,primary,1786173446.916134119,1786173446.899537086,16.597033,1,3,BR,20.000000,1,382.362671,255.726463,382.362671,255.726463,357.666443,253.422989,382.600494,241.354416,407.088104,257.501251,382.095642,270.627197,357.666443,253.422989,382.600494,241.354416,407.088104,257.501251,382.095642,270.627197,1,IPPE_SQUARE,86.811989,76.168236,579.902148,1.994680716,-0.667447121,0.390194849,0.142389,1,1786173446.844654083,71.480036,mono16,,0,alignment_not_asserted,raw/frames/ihawk1/h_p020p000mm/frame_0003_color.png,raw/frames/ihawk1/h_p020p000mm/frame_0003_depth.png
20260808_151001,2026-08-08T15:17:27.221,14,20.000000,1,0.000000,0.000000,0.000000,0.000000,0.000000,0.000000,0.000000,3,ihawk1,primary,1786173446.916134119,1786173446.899537086,16.597033,1,4,C,20.000000,1,297.567551,235.736481,297.567551,235.736481,275.478882,233.179352,302.400116,223.790161,319.739227,237.518112,292.651978,248.458298,275.478882,233.179352,302.400116,223.790161,319.739227,237.518112,292.651978,248.458298,1,IPPE_SQUARE,-38.329698,51.362696,627.756741,1.995248377,-0.636741934,0.387943600,0.190049,1,1786173446.844654083,71.480036,mono16,,0,alignment_not_asserted,raw/frames/ihawk1/h_p020p000mm/frame_0003_color.png,raw/frames/ihawk1/h_p020p000mm/frame_0003_depth.png
20260808_151001,2026-08-08T15:17:27.221,14,20.000000,1,0.000000,0.000000,0.000000,-80.000000,123.500000,-80.000000,123.500000,3,ihawk2,secondary,1786173446.899537086,1786173446.916134119,16.597033,1,0,TL,20.000000,1,189.928463,339.063530,189.928463,339.063530,159.999435,355.470886,174.807587,322.066406,217.592545,322.485718,207.314285,356.231110,159.999435,355.470886,174.807587,322.066406,217.592545,322.485718,207.314285,356.231110,1,IPPE_SQUARE,-146.715217,151.966566,439.729345,1.551492372,-1.545069892,0.998574215,0.105207,1,1786173446.824037075,75.500011,mono16,,0,alignment_not_asserted,raw/frames/ihawk2/h_p020p000mm/frame_0003_color.png,raw/frames/ihawk2/h_p020p000mm/frame_0003_depth.png
20260808_151001,2026-08-08T15:17:27.221,14,20.000000,1,0.000000,0.000000,0.000000,80.000000,123.500000,80.000000,123.500000,3,ihawk2,secondary,1786173446.899537086,1786173446.916134119,16.597033,1,1,TR,20.000000,1,217.603249,263.339409,217.603249,263.339409,195.494415,273.679321,204.653595,252.792648,238.166367,252.467361,232.098618,274.418304,195.494415,273.679321,204.653595,252.792648,238.166367,252.467361,232.098618,274.418304,1,IPPE_SQUARE,-147.890496,86.005201,561.394966,1.569259694,-1.574173949,0.949608237,0.286598,1,1786173446.824037075,75.500011,mono16,,0,alignment_not_asserted,raw/frames/ihawk2/h_p020p000mm/frame_0003_color.png,raw/frames/ihawk2/h_p020p000mm/frame_0003_depth.png
20260808_151001,2026-08-08T15:17:27.221,14,20.000000,1,0.000000,0.000000,0.000000,-80.000000,-123.500000,-80.000000,-123.500000,3,ihawk2,secondary,1786173446.899537086,1786173446.916134119,16.597033,1,2,BL,20.000000,1,394.608414,338.410133,394.608414,338.410133,375.347382,355.529968,369.530701,321.839020,411.733032,321.294037,421.822540,354.977509,375.347382,355.529968,369.530701,321.839020,411.733032,321.294037,421.822540,354.977509,1,IPPE_SQUARE,83.035713,151.917809,441.707592,1.534651609,-1.557097515,0.951421291,0.053244,1,1786173446.824037075,75.500011,mono16,,0,alignment_not_asserted,raw/frames/ihawk2/h_p020p000mm/frame_0003_color.png,raw/frames/ihawk2/h_p020p000mm/frame_0003_depth.png
20260808_151001,2026-08-08T15:17:27.221,14,20.000000,1,0.000000,0.000000,0.000000,80.000000,-123.500000,80.000000,-123.500000,3,ihawk2,secondary,1786173446.899537086,1786173446.916134119,16.597033,1,3,BR,20.000000,1,377.302216,262.957012,377.302216,262.957012,361.558044,273.876160,358.330261,252.490616,391.592529,252.306732,397.728027,273.154541,361.558044,273.876160,358.330261,252.490616,391.592529,252.306732,397.728027,273.154541,1,IPPE_SQUARE,81.252735,85.886867,564.160042,1.551162839,-1.572830882,0.930169997,0.134924,1,1786173446.824037075,75.500011,mono16,,0,alignment_not_asserted,raw/frames/ihawk2/h_p020p000mm/frame_0003_color.png,raw/frames/ihawk2/h_p020p000mm/frame_0003_depth.png
20260808_151001,2026-08-08T15:17:27.221,14,20.000000,1,0.000000,0.000000,0.000000,0.000000,0.000000,0.000000,0.000000,3,ihawk2,secondary,1786173446.899537086,1786173446.916134119,16.597033,1,4,C,20.000000,1,295.462059,296.591309,295.462059,296.591309,274.185516,309.545868,277.664581,283.678925,315.058075,283.576385,314.940063,309.564056,274.185516,309.545868,277.664581,283.678925,315.058075,283.576385,314.940063,309.564056,1,IPPE_SQUARE,-32.512459,119.392647,502.134426,1.543975975,-1.554093583,0.963643182,0.049332,1,1786173446.824037075,75.500011,mono16,,0,alignment_not_asserted,raw/frames/ihawk2/h_p020p000mm/frame_0003_color.png,raw/frames/ihawk2/h_p020p000mm/frame_0003_depth.png
20260808_151001,2026-08-08T15:18:34.441,15,25.000000,1,0.000000,0.000000,0.000000,-80.000000,123.500000,-80.000000,123.500000,1,ihawk1,primary,1786173514.332897902,1786173514.317018032,15.879869,1,0,TL,25.000000,1,222.835800,215.190155,222.835800,215.190155,202.505737,212.717560,230.581955,204.794327,243.633438,217.053970,214.622070,226.194763,202.505737,212.717560,230.581955,204.794327,243.633438,217.053970,214.622070,226.194763,1,IPPE_SQUARE,-163.106281,20.371675,660.740227,1.997978617,-0.632979410,0.410694302,0.066426,1,1786173514.293242931,39.654970,mono16,,0,alignment_not_asserted,raw/frames/ihawk1/h_p025p000mm/frame_0001_color.png,raw/frames/ihawk1/h_p025p000mm/frame_0001_depth.png
20260808_151001,2026-08-08T15:18:34.441,15,25.000000,1,0.000000,0.000000,0.000000,80.000000,123.500000,80.000000,123.500000,1,ihawk1,primary,1786173514.332897902,1786173514.317018032,15.879869,1,1,TR,25.000000,1,295.312180,192.713615,295.312180,192.713615,276.438477,190.910980,299.372803,184.469589,313.803009,193.861496,291.634430,201.612396,276.438477,190.910980,299.372803,184.469589,313.803009,193.861496,291.634430,201.612396,1,IPPE_SQUARE,-49.715468,-18.566636,745.493326,1.989523024,-0.650317052,0.404280253,0.360781,1,1786173514.293242931,39.654970,mono16,,0,alignment_not_asserted,raw/frames/ihawk1/h_p025p000mm/frame_0001_color.png,raw/frames/ihawk1/h_p025p000mm/frame_0001_depth.png
20260808_151001,2026-08-08T15:18:34.441,15,25.000000,1,0.000000,0.000000,0.000000,-80.000000,-123.500000,-80.000000,-123.500000,1,ihawk1,primary,1786173514.332897902,1786173514.317018032,15.879869,1,2,BL,25.000000,1,299.446785,291.635460,299.446785,291.635460,272.009247,287.686951,304.805939,273.953949,327.401703,294.581543,293.570251,310.319397,272.009247,287.686951,304.805939,273.953949,327.401703,294.581543,293.570251,310.319397,1,IPPE_SQUARE,-28.359684,110.908548,503.594489,1.975109940,-0.628824678,0.426820275,0.056297,1,1786173514.293242931,39.654970,mono16,,0,alignment_not_asserted,raw/frames/ihawk1/h_p025p000mm/frame_0001_color.png,raw/frames/ihawk1/h_p025p000mm/frame_0001_depth.png
20260808_151001,2026-08-08T15:18:34.441,15,25.000000,1,0.000000,0.000000,0.000000,80.000000,-123.500000,80.000000,-123.500000,1,ihawk1,primary,1786173514.332897902,1786173514.317018032,15.879869,1,3,BR,25.000000,1,382.344589,253.443024,382.344589,253.443024,357.444366,251.270905,382.318420,239.041443,407.000000,255.000000,382.615570,268.459747,357.444366,251.270905,382.318420,239.041443,407.000000,255.000000,382.615570,268.459747,1,IPPE_SQUARE,86.522649,72.649705,578.133122,1.997230001,-0.684576244,0.401417787,0.213568,1,1786173514.293242931,39.654970,mono16,,0,alignment_not_asserted,raw/frames/ihawk1/h_p025p000mm/frame_0001_color.png,raw/frames/ihawk1/h_p025p000mm/frame_0001_depth.png
20260808_151001,2026-08-08T15:18:34.441,15,25.000000,1,0.000000,0.000000,0.000000,0.000000,0.000000,0.000000,0.000000,1,ihawk1,primary,1786173514.332897902,1786173514.317018032,15.879869,1,4,C,25.000000,1,296.923119,233.433445,296.923119,233.433445,274.743622,230.872665,301.508789,221.484863,319.523621,235.293655,291.916443,246.082596,274.743622,230.872665,301.508789,221.484863,319.523621,235.293655,291.916443,246.082596,1,IPPE_SQUARE,-38.938001,47.284815,621.492627,1.993612491,-0.639837952,0.400272707,0.055786,1,1786173514.293242931,39.654970,mono16,,0,alignment_not_asserted,raw/frames/ihawk1/h_p025p000mm/frame_0001_color.png,raw/frames/ihawk1/h_p025p000mm/frame_0001_depth.png
20260808_151001,2026-08-08T15:18:34.441,15,25.000000,1,0.000000,0.000000,0.000000,-80.000000,123.500000,-80.000000,123.500000,1,ihawk2,secondary,1786173514.317018032,1786173514.332897902,15.879869,1,0,TL,25.000000,1,189.215298,336.789429,189.215298,336.789429,158.931686,353.419159,174.088470,319.625061,217.187836,320.530426,206.653198,353.583069,158.931686,353.419159,174.088470,319.625061,217.187836,320.530426,206.653198,353.583069,1,IPPE_SQUARE,-146.255395,148.137795,436.001353,1.546899342,-1.540330911,0.999810917,0.174534,1,1786173514.317018032,0.000000,mono16,,0,alignment_not_asserted,raw/frames/ihawk2/h_p025p000mm/frame_0001_color.png,raw/frames/ihawk2/h_p025p000mm/frame_0001_depth.png
20260808_151001,2026-08-08T15:18:34.441,15,25.000000,1,0.000000,0.000000,0.000000,80.000000,123.500000,80.000000,123.500000,1,ihawk2,secondary,1786173514.317018032,1786173514.332897902,15.879869,1,1,TR,25.000000,1,217.003494,261.414310,217.003494,261.414310,194.790405,271.593781,204.053635,251.065933,237.707977,250.669342,231.461960,272.328186,194.790405,271.593781,204.053635,251.065933,237.707977,250.669342,231.461960,272.328186,1,IPPE_SQUARE,-148.238748,82.963066,559.475693,1.562129575,-1.567750825,0.952592460,0.296175,1,1786173514.317018032,0.000000,mono16,,0,alignment_not_asserted,raw/frames/ihawk2/h_p025p000mm/frame_0001_color.png,raw/frames/ihawk2/h_p025p000mm/frame_0001_depth.png
20260808_151001,2026-08-08T15:18:34.441,15,25.000000,1,0.000000,0.000000,0.000000,-80.000000,-123.500000,-80.000000,-123.500000,1,ihawk2,secondary,1786173514.317018032,1786173514.332897902,15.879869,1,2,BL,25.000000,1,395.244118,335.443207,395.244118,335.443207,375.606232,352.454742,370.010498,319.620117,412.494019,318.625854,422.865723,351.072113,375.606232,352.454742,370.010498,319.620117,412.494019,318.625854,422.865723,351.072113,1,IPPE_SQUARE,82.938102,147.175768,437.545974,1.499681242,-1.536728084,0.948237511,0.079318,1,1786173514.317018032,0.000000,mono16,,0,alignment_not_asserted,raw/frames/ihawk2/h_p025p000mm/frame_0001_color.png,raw/frames/ihawk2/h_p025p000mm/frame_0001_depth.png
20260808_151001,2026-08-08T15:18:34.441,15,25.000000,1,0.000000,0.000000,0.000000,80.000000,-123.500000,80.000000,-123.500000,1,ihawk2,secondary,1786173514.317018032,1786173514.332897902,15.879869,1,3,BR,25.000000,1,377.567451,260.816414,377.567451,260.816414,361.743317,271.570374,358.427399,250.542603,391.855652,250.381439,398.243439,270.771240,361.743317,271.570374,358.427399,250.542603,391.855652,250.381439,398.243439,270.771240,1,IPPE_SQUARE,81.020770,82.183911,559.938507,1.540660567,-1.565177068,0.941654775,0.167248,1,1786173514.317018032,0.000000,mono16,,0,alignment_not_asserted,raw/frames/ihawk2/h_p025p000mm/frame_0001_color.png,raw/frames/ihawk2/h_p025p000mm/frame_0001_depth.png
20260808_151001,2026-08-08T15:18:34.441,15,25.000000,1,0.000000,0.000000,0.000000,0.000000,0.000000,0.000000,0.000000,1,ihawk2,secondary,1786173514.317018032,1786173514.332897902,15.879869,1,4,C,25.000000,1,295.442314,294.465813,295.442314,294.465813,273.981262,307.465637,277.595062,281.508026,315.119598,281.474487,315.073334,307.415100,273.981262,307.465637,277.595062,281.508026,315.119598,281.474487,315.073334,307.415100,1,IPPE_SQUARE,-32.343966,115.968723,499.154905,1.545416971,-1.555098944,0.961984291,0.015165,1,1786173514.317018032,0.000000,mono16,,0,alignment_not_asserted,raw/frames/ihawk2/h_p025p000mm/frame_0001_color.png,raw/frames/ihawk2/h_p025p000mm/frame_0001_depth.png
20260808_151001,2026-08-08T15:18:34.611,15,25.000000,1,0.000000,0.000000,0.000000,-80.000000,123.500000,-80.000000,123.500000,2,ihawk1,primary,1786173514.392927885,1786173514.355504036,37.423849,1,0,TL,25.000000,1,222.849991,215.219894,222.849991,215.219894,202.513107,212.709549,230.581894,204.794724,243.636200,217.146164,214.668762,226.229141,202.513107,212.709549,230.581894,204.794724,243.636200,217.146164,214.668762,226.229141,1,IPPE_SQUARE,-163.200644,20.435218,661.219791,2.000351703,-0.632531560,0.413594695,0.057694,1,1786173514.293242931,99.684954,mono16,,0,alignment_not_asserted,raw/frames/ihawk1/h_p025p000mm/frame_0002_color.png,raw/frames/ihawk1/h_p025p000mm/frame_0002_depth.png
20260808_151001,2026-08-08T15:18:34.611,15,25.000000,1,0.000000,0.000000,0.000000,80.000000,123.500000,80.000000,123.500000,2,ihawk1,primary,1786173514.392927885,1786173514.355504036,37.423849,1,1,TR,25.000000,1,295.308640,192.715736,295.308640,192.715736,276.451782,190.932526,299.365356,184.453400,313.801331,193.868683,291.616089,201.608337,276.451782,190.932526,299.365356,184.453400,313.801331,193.868683,291.616089,201.608337,1,IPPE_SQUARE,-49.741742,-18.569906,745.783898,1.989932616,-0.650483179,0.403227457,0.347357,1,1786173514.293242931,99.684954,mono16,,0,alignment_not_asserted,raw/frames/ihawk1/h_p025p000mm/frame_0002_color.png,raw/frames/ihawk1/h_p025p000mm/frame_0002_depth.png
20260808_151001,2026-08-08T15:18:34.611,15,25.000000,1,0.000000,0.000000,0.000000,-80.000000,-123.500000,-80.000000,-123.500000,2,ihawk1,primary,1786173514.392927885,1786173514.355504036,37.423849,1,2,BL,25.000000,1,299.440979,291.640816,299.440979,291.640816,271.999939,287.694397,304.798645,273.989807,327.382843,294.573700,293.582489,310.305359,271.999939,287.694397,304.798645,273.989807,327.382843,294.573700,293.582489,310.305359,1,IPPE_SQUARE,-28.373086,110.940171,503.703995,1.974075557,-0.628772597,0.427364401,0.056148,1,1786173514.293242931,99.684954,mono16,,0,alignment_not_asserted,raw/frames/ihawk1/h_p025p000mm/frame_0002_color.png,raw/frames/ihawk1/h_p025p000mm/frame_0002_depth.png
20260808_151001,2026-08-08T15:18:34.611,15,25.000000,1,0.000000,0.000000,0.000000,80.000000,-123.500000,80.000000,-123.500000,2,ihawk1,primary,1786173514.392927885,1786173514.355504036,37.423849,1,3,BR,25.000000,1,382.614380,253.206245,382.614380,253.206245,357.430115,251.280548,382.348114,239.066956,408.000000,254.000000,382.679291,268.477478,357.430115,251.280548,382.348114,239.066956,408.000000,254.000000,382.679291,268.477478,1,IPPE_SQUARE,85.226870,70.910960,567.066033,1.971784248,-0.691197019,0.381111069,0.174188,1,1786173514.293242931,99.684954,mono16,,0,alignment_not_asserted,raw/frames/ihawk1/h_p025p000mm/frame_0002_color.png,raw/frames/ihawk1/h_p025p000mm/frame_0002_depth.png
20260808_151001,2026-08-08T15:18:34.611,15,25.000000,1,0.000000,0.000000,0.000000,0.000000,0.000000,0.000000,0.000000,2,ihawk1,primary,1786173514.392927885,1786173514.355504036,37.423849,1,4,C,25.000000,1,296.920212,233.443752,296.920212,233.443752,274.741760,230.878403,301.459015,221.491577,319.561340,235.298828,291.918732,246.106201,274.741760,230.878403,301.459015,221.491577,319.561340,235.298828,291.918732,246.106201,1,IPPE_SQUARE,-38.918090,47.271118,621.111157,1.993480446,-0.640763920,0.401906848,0.067402,1,1786173514.293242931,99.684954,mono16,,0,alignment_not_asserted,raw/frames/ihawk1/h_p025p000mm/frame_0002_color.png,raw/frames/ihawk1/h_p025p000mm/frame_0002_depth.png
20260808_151001,2026-08-08T15:18:34.611,15,25.000000,1,0.000000,0.000000,0.000000,-80.000000,123.500000,-80.000000,123.500000,2,ihawk2,secondary,1786173514.355504036,1786173514.392927885,37.423849,1,0,TL,25.000000,1,189.208118,336.779160,189.208118,336.779160,158.911179,353.404480,174.090576,319.623169,217.182587,320.495941,206.648132,353.593048,158.911179,353.404480,174.090576,319.623169,217.182587,320.495941,206.648132,353.593048,1,IPPE_SQUARE,-146.235610,148.097472,435.917849,1.546977235,-1.540445808,0.999091568,0.159715,1,1786173514.317018032,38.486004,mono16,,0,alignment_not_asserted,raw/frames/ihawk2/h_p025p000mm/frame_0002_color.png,raw/frames/ihawk2/h_p025p000mm/frame_0002_depth.png
20260808_151001,2026-08-08T15:18:34.611,15,25.000000,1,0.000000,0.000000,0.000000,80.000000,123.500000,80.000000,123.500000,2,ihawk2,secondary,1786173514.355504036,1786173514.392927885,37.423849,1,1,TR,25.000000,1,216.983498,261.420170,216.983498,261.420170,194.785461,271.604431,204.030807,251.091156,237.683456,250.649063,231.434265,272.336029,194.785461,271.604431,204.030807,251.091156,237.683456,250.649063,231.434265,272.336029,1,IPPE_SQUARE,-148.306701,82.993172,559.621661,1.561768502,-1.568331194,0.951595387,0.306242,1,1786173514.317018032,38.486004,mono16,,0,alignment_not_asserted,raw/frames/ihawk2/h_p025p000mm/frame_0002_color.png,raw/frames/ihawk2/h_p025p000mm/frame_0002_depth.png
20260808_151001,2026-08-08T15:18:34.611,15,25.000000,1,0.000000,0.000000,0.000000,-80.000000,-123.500000,-80.000000,-123.500000,2,ihawk2,secondary,1786173514.355504036,1786173514.392927885,37.423849,1,2,BL,25.000000,1,395.255882,335.430229,395.255882,335.430229,375.637695,352.446381,370.033417,319.598969,412.459686,318.608948,422.892731,351.066620,375.637695,352.446381,370.033417,319.598969,412.459686,318.608948,422.892731,351.066620,1,IPPE_SQUARE,82.992265,147.232781,437.757273,1.500398400,-1.537919337,0.949048436,0.085960,1,1786173514.317018032,38.486004,mono16,,0,alignment_not_asserted,raw/frames/ihawk2/h_p025p000mm/frame_0002_color.png,raw/frames/ihawk2/h_p025p000mm/frame_0002_depth.png
20260808_151001,2026-08-08T15:18:34.611,15,25.000000,1,0.000000,0.000000,0.000000,80.000000,-123.500000,80.000000,-123.500000,2,ihawk2,secondary,1786173514.355504036,1786173514.392927885,37.423849,1,3,BR,25.000000,1,377.594986,260.817070,377.594986,260.817070,361.743317,271.570374,358.447296,250.535339,391.945892,250.391327,398.243439,270.771240,361.743317,271.570374,358.447296,250.535339,391.945892,250.391327,398.243439,270.771240,1,IPPE_SQUARE,81.002016,82.126202,559.542597,1.540723968,-1.563374397,0.940165829,0.164414,1,1786173514.317018032,38.486004,mono16,,0,alignment_not_asserted,raw/frames/ihawk2/h_p025p000mm/frame_0002_color.png,raw/frames/ihawk2/h_p025p000mm/frame_0002_depth.png
20260808_151001,2026-08-08T15:18:34.611,15,25.000000,1,0.000000,0.000000,0.000000,0.000000,0.000000,0.000000,0.000000,2,ihawk2,secondary,1786173514.355504036,1786173514.392927885,37.423849,1,4,C,25.000000,1,295.444328,294.471817,295.444328,294.471817,273.989410,307.490753,277.592072,281.507721,315.119629,281.474487,315.076202,307.414307,273.989410,307.490753,277.592072,281.507721,315.119629,281.474487,315.076202,307.414307,1,IPPE_SQUARE,-32.342495,115.979673,499.169837,1.545431169,-1.555607354,0.961626470,0.012269,1,1786173514.317018032,38.486004,mono16,,0,alignment_not_asserted,raw/frames/ihawk2/h_p025p000mm/frame_0002_color.png,raw/frames/ihawk2/h_p025p000mm/frame_0002_depth.png
20260808_151001,2026-08-08T15:18:34.781,15,25.000000,1,0.000000,0.000000,0.000000,-80.000000,123.500000,-80.000000,123.500000,3,ihawk1,primary,1786173514.456859112,1786173514.417018890,39.840221,1,0,TL,25.000000,1,222.817371,215.237484,222.817371,215.237484,202.463028,212.809464,230.550888,204.792725,243.637558,217.133774,214.618011,226.213974,202.463028,212.809464,230.550888,204.792725,243.637558,217.133774,214.618011,226.213974,1,IPPE_SQUARE,-163.029310,20.435480,660.306354,1.997969920,-0.633896369,0.411143033,0.031650,1,1786173514.392927885,63.931227,mono16,,0,alignment_not_asserted,raw/frames/ihawk1/h_p025p000mm/frame_0003_color.png,raw/frames/ihawk1/h_p025p000mm/frame_0003_depth.png
20260808_151001,2026-08-08T15:18:34.781,15,25.000000,1,0.000000,0.000000,0.000000,80.000000,123.500000,80.000000,123.500000,3,ihawk1,primary,1786173514.456859112,1786173514.417018890,39.840221,1,1,TR,25.000000,1,295.318306,192.712223,295.318306,192.712223,276.461914,190.933884,299.391510,184.458878,313.795013,193.845184,291.624786,201.610947,276.461914,190.933884,299.391510,184.458878,313.795013,193.845184,291.624786,201.610947,1,IPPE_SQUARE,-49.736990,-18.581005,745.975228,1.989703079,-0.650439559,0.401908977,0.358108,1,1786173514.392927885,63.931227,mono16,,0,alignment_not_asserted,raw/frames/ihawk1/h_p025p000mm/frame_0003_color.png,raw/frames/ihawk1/h_p025p000mm/frame_0003_depth.png
20260808_151001,2026-08-08T15:18:34.781,15,25.000000,1,0.000000,0.000000,0.000000,-80.000000,-123.500000,-80.000000,-123.500000,3,ihawk1,primary,1786173514.456859112,1786173514.417018890,39.840221,1,2,BL,25.000000,1,299.438850,291.614449,299.438850,291.614449,272.013397,287.669159,304.810547,273.981079,327.387390,294.539337,293.544067,310.268219,272.013397,287.669159,304.810547,273.981079,327.387390,294.539337,293.544067,310.268219,1,IPPE_SQUARE,-28.375540,110.904952,503.692795,1.973465163,-0.628182460,0.426149773,0.047203,1,1786173514.392927885,63.931227,mono16,,0,alignment_not_asserted,raw/frames/ihawk1/h_p025p000mm/frame_0003_color.png,raw/frames/ihawk1/h_p025p000mm/frame_0003_depth.png
20260808_151001,2026-08-08T15:18:34.781,15,25.000000,1,0.000000,0.000000,0.000000,80.000000,-123.500000,80.000000,-123.500000,3,ihawk1,primary,1786173514.456859112,1786173514.417018890,39.840221,1,3,BR,25.000000,1,382.364319,253.463341,382.364319,253.463341,357.414764,251.275955,382.327789,239.068405,407.000000,255.000000,382.714722,268.509003,357.414764,251.275955,382.327789,239.068405,407.000000,255.000000,382.714722,268.509003,1,IPPE_SQUARE,86.488586,72.625413,577.714104,1.997057096,-0.685696682,0.403524247,0.239097,1,1786173514.392927885,63.931227,mono16,,0,alignment_not_asserted,raw/frames/ihawk1/h_p025p000mm/frame_0003_color.png,raw/frames/ihawk1/h_p025p000mm/frame_0003_depth.png
20260808_151001,2026-08-08T15:18:34.781,15,25.000000,1,0.000000,0.000000,0.000000,0.000000,0.000000,0.000000,0.000000,3,ihawk1,primary,1786173514.456859112,1786173514.417018890,39.840221,1,4,C,25.000000,1,296.917641,233.452991,296.917641,233.452991,274.741760,230.878403,301.548523,221.499237,319.563263,235.295090,291.817017,246.139236,274.741760,230.878403,301.548523,221.499237,319.563263,235.295090,291.817017,246.139236,1,IPPE_SQUARE,-38.884658,47.237456,620.495098,1.993581423,-0.638196132,0.396643287,0.076581,1,1786173514.392927885,63.931227,mono16,,0,alignment_not_asserted,raw/frames/ihawk1/h_p025p000mm/frame_0003_color.png,raw/frames/ihawk1/h_p025p000mm/frame_0003_depth.png
20260808_151001,2026-08-08T15:18:34.781,15,25.000000,1,0.000000,0.000000,0.000000,-80.000000,123.500000,-80.000000,123.500000,3,ihawk2,secondary,1786173514.417018890,1786173514.456859112,39.840221,1,0,TL,25.000000,1,189.218964,336.807526,189.218964,336.807526,158.907623,353.411163,174.129822,319.616211,217.193283,320.600769,206.645126,353.601959,158.907623,353.411163,174.129822,319.616211,217.193283,320.600769,206.645126,353.601959,1,IPPE_SQUARE,-146.264492,148.172577,436.042814,1.547525686,-1.538903651,1.000579310,0.188017,1,1786173514.379462004,37.556887,mono16,,0,alignment_not_asserted,raw/frames/ihawk2/h_p025p000mm/frame_0003_color.png,raw/frames/ihawk2/h_p025p000mm/frame_0003_depth.png
20260808_151001,2026-08-08T15:18:34.781,15,25.000000,1,0.000000,0.000000,0.000000,80.000000,123.500000,80.000000,123.500000,3,ihawk2,secondary,1786173514.417018890,1786173514.456859112,39.840221,1,1,TR,25.000000,1,216.987274,261.410603,216.987274,261.410603,194.770096,271.573425,204.030609,251.092010,237.684174,250.649246,231.464218,272.327728,194.770096,271.573425,204.030609,251.092010,237.684174,250.649246,231.464218,272.327728,1,IPPE_SQUARE,-148.225150,82.937219,559.336974,1.561193232,-1.567779149,0.952999710,0.314097,1,1786173514.379462004,37.556887,mono16,,0,alignment_not_asserted,raw/frames/ihawk2/h_p025p000mm/frame_0003_color.png,raw/frames/ihawk2/h_p025p000mm/frame_0003_depth.png
20260808_151001,2026-08-08T15:18:34.781,15,25.000000,1,0.000000,0.000000,0.000000,-80.000000,-123.500000,-80.000000,-123.500000,3,ihawk2,secondary,1786173514.417018890,1786173514.456859112,39.840221,1,2,BL,25.000000,1,395.256073,335.443665,395.256073,335.443665,375.633087,352.438354,370.009155,319.603607,412.493103,318.664001,422.888947,351.068695,375.633087,352.438354,370.009155,319.603607,412.493103,318.664001,422.888947,351.068695,1,IPPE_SQUARE,82.940411,147.155382,437.483580,1.499936087,-1.536263502,0.950408491,0.088493,1,1786173514.379462004,37.556887,mono16,,0,alignment_not_asserted,raw/frames/ihawk2/h_p025p000mm/frame_0003_color.png,raw/frames/ihawk2/h_p025p000mm/frame_0003_depth.png
20260808_151001,2026-08-08T15:18:34.781,15,25.000000,1,0.000000,0.000000,0.000000,80.000000,-123.500000,80.000000,-123.500000,3,ihawk2,secondary,1786173514.417018890,1786173514.456859112,39.840221,1,3,BR,25.000000,1,377.573677,260.822250,377.573677,260.822250,361.775604,271.595551,358.400543,250.550079,391.855621,250.381622,398.262939,270.761749,361.775604,271.595551,358.400543,250.550079,391.855621,250.381622,398.262939,270.761749,1,IPPE_SQUARE,81.000353,82.162204,559.736341,1.539926839,-1.566032573,0.942404480,0.168335,1,1786173514.379462004,37.556887,mono16,,0,alignment_not_asserted,raw/frames/ihawk2/h_p025p000mm/frame_0003_color.png,raw/frames/ihawk2/h_p025p000mm/frame_0003_depth.png
20260808_151001,2026-08-08T15:18:34.781,15,25.000000,1,0.000000,0.000000,0.000000,0.000000,0.000000,0.000000,0.000000,3,ihawk2,secondary,1786173514.417018890,1786173514.456859112,39.840221,1,4,C,25.000000,1,295.437012,294.465134,295.437012,294.465134,273.983734,307.466675,277.576294,281.502686,315.118256,281.473724,315.069763,307.417450,273.983734,307.466675,277.576294,281.502686,315.118256,281.473724,315.069763,307.417450,1,IPPE_SQUARE,-32.346336,115.952674,499.090465,1.545498641,-1.555282629,0.962399863,0.009403,1,1786173514.379462004,37.556887,mono16,,0,alignment_not_asserted,raw/frames/ihawk2/h_p025p000mm/frame_0003_color.png,raw/frames/ihawk2/h_p025p000mm/frame_0003_depth.png
20260808_151001,2026-08-08T15:19:43.525,16,30.000000,1,0.000000,0.000000,0.000000,-80.000000,123.500000,-80.000000,123.500000,1,ihawk1,primary,1786173583.427535057,1786173583.381016016,46.519041,1,0,TL,30.000000,1,221.460670,212.825470,221.460670,212.825470,200.707642,210.664658,229.179382,202.272644,242.538757,214.648315,213.416901,223.716263,200.707642,210.664658,229.179382,202.272644,242.538757,214.648315,213.416901,223.716263,1,IPPE_SQUARE,-163.299410,16.273455,652.499389,1.992894984,-0.646836687,0.415503631,0.118446,1,1786173583.402812958,24.722099,mono16,,0,alignment_not_asserted,raw/frames/ihawk1/h_p030p000mm/frame_0001_color.png,raw/frames/ihawk1/h_p030p000mm/frame_0001_depth.png
20260808_151001,2026-08-08T15:19:43.525,16,30.000000,1,0.000000,0.000000,0.000000,80.000000,123.500000,80.000000,123.500000,1,ihawk1,primary,1786173583.427535057,1786173583.381016016,46.519041,1,1,TR,30.000000,1,294.023994,189.885357,294.023994,189.885357,275.159424,188.326050,297.559875,181.574905,312.787445,190.868408,290.589233,198.772064,275.159424,188.326050,297.559875,181.574905,312.787445,190.868408,290.589233,198.772064,1,IPPE_SQUARE,-51.980499,-23.756108,743.736423,1.988195828,-0.676428001,0.417538931,0.202701,1,1786173583.402812958,24.722099,mono16,,0,alignment_not_asserted,raw/frames/ihawk1/h_p030p000mm/frame_0001_color.png,raw/frames/ihawk1/h_p030p000mm/frame_0001_depth.png
20260808_151001,2026-08-08T15:19:43.525,16,30.000000,1,0.000000,0.000000,0.000000,-80.000000,-123.500000,-80.000000,-123.500000,1,ihawk1,primary,1786173583.427535057,1786173583.381016016,46.519041,1,2,BL,30.000000,1,300.857590,288.490532,300.857590,288.490532,272.921814,284.730133,305.952148,270.564789,329.324249,291.184174,295.232147,307.483032,272.921814,284.730133,305.952148,270.564789,329.324249,291.184174,295.232147,307.483032,1,IPPE_SQUARE,-26.176235,105.264527,495.661322,1.977288972,-0.642480024,0.426458333,0.036382,1,1786173583.402812958,24.722099,mono16,,0,alignment_not_asserted,raw/frames/ihawk1/h_p030p000mm/frame_0001_color.png,raw/frames/ihawk1/h_p030p000mm/frame_0001_depth.png
20260808_151001,2026-08-08T15:19:43.525,16,30.000000,1,0.000000,0.000000,0.000000,80.000000,-123.500000,80.000000,-123.500000,1,ihawk1,primary,1786173583.427535057,1786173583.381016016,46.519041,1,3,BR,30.000000,1,382.208443,249.415234,382.208443,249.415234,358.091888,247.149536,382.741882,235.511398,407.000000,252.000000,381.000000,263.000000,358.091888,247.149536,382.741882,235.511398,407.000000,252.000000,381.000000,263.000000,1,IPPE_SQUARE,87.332307,68.713647,585.449646,-2.167814680,0.894687413,0.637324090,0.286237,1,1786173583.402812958,24.722099,mono16,,0,alignment_not_asserted,raw/frames/ihawk1/h_p030p000mm/frame_0001_color.png,raw/frames/ihawk1/h_p030p000mm/frame_0001_depth.png
20260808_151001,2026-08-08T15:19:43.525,16,30.000000,1,0.000000,0.000000,0.000000,0.000000,0.000000,0.000000,0.000000,1,ihawk1,primary,1786173583.427535057,1786173583.381016016,46.519041,1,4,C,30.000000,1,296.801384,230.275810,296.801384,230.275810,274.381989,227.858643,301.156433,218.401276,319.480652,231.901047,292.186462,242.942276,274.381989,227.858643,301.156433,218.401276,319.480652,231.901047,292.186462,242.942276,1,IPPE_SQUARE,-38.960577,42.223926,618.868713,1.991830175,-0.655583825,0.408693130,0.113549,1,1786173583.402812958,24.722099,mono16,,0,alignment_not_asserted,raw/frames/ihawk1/h_p030p000mm/frame_0001_color.png,raw/frames/ihawk1/h_p030p000mm/frame_0001_depth.png
20260808_151001,2026-08-08T15:19:43.525,16,30.000000,1,0.000000,0.000000,0.000000,-80.000000,123.500000,-80.000000,123.500000,1,ihawk2,secondary,1786173583.381016016,1786173583.427535057,46.519041,1,0,TL,30.000000,1,189.169197,334.230400,189.169197,334.230400,158.841110,351.207703,173.324936,317.389038,217.180939,317.504456,207.329803,350.820404,158.841110,351.207703,173.324936,317.389038,217.180939,317.504456,207.329803,350.820404,1,IPPE_SQUARE,-144.564091,143.548598,430.832130,1.533620986,-1.557625034,1.007377403,0.100353,1,1786173583.381016016,0.000000,mono16,,0,alignment_not_asserted,raw/frames/ihawk2/h_p030p000mm/frame_0001_color.png,raw/frames/ihawk2/h_p030p000mm/frame_0001_depth.png
20260808_151001,2026-08-08T15:19:43.525,16,30.000000,1,0.000000,0.000000,0.000000,80.000000,123.500000,80.000000,123.500000,1,ihawk2,secondary,1786173583.381016016,1786173583.427535057,46.519041,1,1,TR,30.000000,1,215.866894,258.851280,215.866894,258.851280,193.634277,269.247467,202.479019,248.590454,236.632690,248.063141,230.721588,269.504059,193.634277,269.247467,202.479019,248.590454,236.632690,248.063141,230.721588,269.504059,1,IPPE_SQUARE,-148.481888,78.567502,554.348920,1.552037356,-1.581131744,0.963434038,0.216121,1,1786173583.381016016,0.000000,mono16,,0,alignment_not_asserted,raw/frames/ihawk2/h_p030p000mm/frame_0001_color.png,raw/frames/ihawk2/h_p030p000mm/frame_0001_depth.png
20260808_151001,2026-08-08T15:19:43.525,16,30.000000,1,0.000000,0.000000,0.000000,-80.000000,-123.500000,-80.000000,-123.500000,1,ihawk2,secondary,1786173583.381016016,1786173583.427535057,46.519041,1,2,BL,30.000000,1,397.030052,330.846001,397.030052,330.846001,377.888824,347.781799,371.245667,315.053467,413.815002,314.052002,425.170715,346.496735,377.888824,347.781799,371.245667,315.053467,413.815002,314.052002,425.170715,346.496735,1,IPPE_SQUARE,84.450084,141.215868,435.025058,1.506097521,-1.553002258,0.970329142,0.030341,1,1786173583.381016016,0.000000,mono16,,0,alignment_not_asserted,raw/frames/ihawk2/h_p030p000mm/frame_0001_color.png,raw/frames/ihawk2/h_p030p000mm/frame_0001_depth.png
20260808_151001,2026-08-08T15:19:43.525,16,30.000000,1,0.000000,0.000000,0.000000,80.000000,-123.500000,80.000000,-123.500000,1,ihawk2,secondary,1786173583.381016016,1786173583.427535057,46.519041,1,3,BR,30.000000,1,377.470352,256.875793,377.470352,256.875793,361.926514,267.607422,358.206726,246.826660,391.437256,246.529785,398.310913,266.539307,361.926514,267.607422,358.206726,246.826660,391.437256,246.529785,398.310913,266.539307,1,IPPE_SQUARE,81.071075,76.732428,561.229692,1.534948925,-1.578168952,0.950585984,0.201515,1,1786173583.381016016,0.000000,mono16,,0,alignment_not_asserted,raw/frames/ihawk2/h_p030p000mm/frame_0001_color.png,raw/frames/ihawk2/h_p030p000mm/frame_0001_depth.png
20260808_151001,2026-08-08T15:19:43.525,16,30.000000,1,0.000000,0.000000,0.000000,0.000000,0.000000,0.000000,0.000000,1,ihawk2,secondary,1786173583.381016016,1786173583.427535057,46.519041,1,4,C,30.000000,1,295.692459,290.899651,295.692459,290.899651,274.414703,303.993530,277.400848,278.390991,315.272491,277.748383,315.681793,303.465698,274.414703,303.993530,277.400848,278.390991,315.272491,277.748383,315.681793,303.465698,1,IPPE_SQUARE,-31.828244,110.725251,496.034629,1.529221610,-1.566116203,0.965876621,0.070846,1,1786173583.381016016,0.000000,mono16,,0,alignment_not_asserted,raw/frames/ihawk2/h_p030p000mm/frame_0001_color.png,raw/frames/ihawk2/h_p030p000mm/frame_0001_depth.png
20260808_151001,2026-08-08T15:19:43.704,16,30.000000,1,0.000000,0.000000,0.000000,-80.000000,123.500000,-80.000000,123.500000,2,ihawk1,primary,1786173583.462889910,1786173583.414007902,48.882008,1,0,TL,30.000000,1,221.459629,212.800991,221.459629,212.800991,200.732361,210.573166,229.145477,202.266556,242.541382,214.646973,213.419296,223.717270,200.732361,210.573166,229.145477,202.266556,242.541382,214.646973,213.419296,223.717270,1,IPPE_SQUARE,-163.456810,16.249583,653.124385,1.994591579,-0.646176002,0.418244368,0.091522,1,1786173583.402812958,60.076952,mono16,,0,alignment_not_asserted,raw/frames/ihawk1/h_p030p000mm/frame_0002_color.png,raw/frames/ihawk1/h_p030p000mm/frame_0002_depth.png
20260808_151001,2026-08-08T15:19:43.704,16,30.000000,1,0.000000,0.000000,0.000000,80.000000,123.500000,80.000000,123.500000,2,ihawk1,primary,1786173583.462889910,1786173583.414007902,48.882008,1,1,TR,30.000000,1,293.945969,189.897713,293.945969,189.897713,275.146301,188.364502,297.482635,181.568848,312.791626,190.859467,290.363312,198.798035,275.146301,188.364502,297.482635,181.568848,312.791626,190.859467,290.363312,198.798035,1,IPPE_SQUARE,-52.065312,-23.706617,742.872845,1.988098212,-0.674773034,0.412257212,0.148063,1,1786173583.402812958,60.076952,mono16,,0,alignment_not_asserted,raw/frames/ihawk1/h_p030p000mm/frame_0002_color.png,raw/frames/ihawk1/h_p030p000mm/frame_0002_depth.png
20260808_151001,2026-08-08T15:19:43.704,16,30.000000,1,0.000000,0.000000,0.000000,-80.000000,-123.500000,-80.000000,-123.500000,2,ihawk1,primary,1786173583.462889910,1786173583.414007902,48.882008,1,2,BL,30.000000,1,300.866791,288.466682,300.866791,288.466682,272.927643,284.699860,305.993317,270.579437,329.316223,291.129120,295.229980,307.458313,272.927643,284.699860,305.993317,270.579437,329.316223,291.129120,295.229980,307.458313,1,IPPE_SQUARE,-26.166739,105.240517,495.684563,1.976287934,-0.641980990,0.425134852,0.030403,1,1786173583.402812958,60.076952,mono16,,0,alignment_not_asserted,raw/frames/ihawk1/h_p030p000mm/frame_0002_color.png,raw/frames/ihawk1/h_p030p000mm/frame_0002_depth.png
20260808_151001,2026-08-08T15:19:43.704,16,30.000000,1,0.000000,0.000000,0.000000,80.000000,-123.500000,80.000000,-123.500000,2,ihawk1,primary,1786173583.462889910,1786173583.414007902,48.882008,1,3,BR,30.000000,1,382.218117,249.425121,382.218117,249.425121,358.088409,247.159073,382.784058,235.541412,407.000000,252.000000,381.000000,263.000000,358.088409,247.159073,382.784058,235.541412,407.000000,252.000000,381.000000,263.000000,1,IPPE_SQUARE,87.343577,68.725429,585.427081,-2.167204249,0.893908694,0.636157754,0.281034,1,1786173583.402812958,60.076952,mono16,,0,alignment_not_asserted,raw/frames/ihawk1/h_p030p000mm/frame_0002_color.png,raw/frames/ihawk1/h_p030p000mm/frame_0002_depth.png
20260808_151001,2026-08-08T15:19:43.704,16,30.000000,1,0.000000,0.000000,0.000000,0.000000,0.000000,0.000000,0.000000,2,ihawk1,primary,1786173583.462889910,1786173583.414007902,48.882008,1,4,C,30.000000,1,296.799835,230.265251,296.799835,230.265251,274.382660,227.856796,301.136719,218.409775,319.479553,231.882706,292.200409,242.911728,274.382660,227.856796,301.136719,218.409775,319.479553,231.882706,292.200409,242.911728,1,IPPE_SQUARE,-38.970013,42.216075,618.982506,1.990825681,-0.655941314,0.409568680,0.112346,1,1786173583.402812958,60.076952,mono16,,0,alignment_not_asserted,raw/frames/ihawk1/h_p030p000mm/frame_0002_color.png,raw/frames/ihawk1/h_p030p000mm/frame_0002_depth.png
20260808_151001,2026-08-08T15:19:43.704,16,30.000000,1,0.000000,0.000000,0.000000,-80.000000,123.500000,-80.000000,123.500000,2,ihawk2,secondary,1786173583.414007902,1786173583.462889910,48.882008,1,0,TL,30.000000,1,189.116356,334.250412,189.116356,334.250412,158.809998,351.230743,173.134491,317.439362,217.189041,317.513092,207.331894,350.818451,158.809998,351.230743,173.134491,317.439362,217.189041,317.513092,207.331894,350.818451,1,IPPE_SQUARE,-144.371179,143.322437,430.093793,1.531293569,-1.557863970,1.011532108,0.131113,1,1786173583.381016016,32.991886,mono16,,0,alignment_not_asserted,raw/frames/ihawk2/h_p030p000mm/frame_0002_color.png,raw/frames/ihawk2/h_p030p000mm/frame_0002_depth.png
20260808_151001,2026-08-08T15:19:43.704,16,30.000000,1,0.000000,0.000000,0.000000,80.000000,123.500000,80.000000,123.500000,2,ihawk2,secondary,1786173583.414007902,1786173583.462889910,48.882008,1,1,TR,30.000000,1,215.860825,258.873837,215.860825,258.873837,193.602493,269.248413,202.483521,248.588852,236.622482,248.146027,230.734802,269.512054,193.602493,269.248413,202.483521,248.588852,236.622482,248.146027,230.734802,269.512054,1,IPPE_SQUARE,-148.461421,78.585342,554.245857,1.552165798,-1.579785487,0.966057601,0.198071,1,1786173583.381016016,32.991886,mono16,,0,alignment_not_asserted,raw/frames/ihawk2/h_p030p000mm/frame_0002_color.png,raw/frames/ihawk2/h_p030p000mm/frame_0002_depth.png
20260808_151001,2026-08-08T15:19:43.704,16,30.000000,1,0.000000,0.000000,0.000000,-80.000000,-123.500000,-80.000000,-123.500000,2,ihawk2,secondary,1786173583.414007902,1786173583.462889910,48.882008,1,2,BL,30.000000,1,397.022629,330.855087,397.022629,330.855087,377.888153,347.781616,371.246216,315.051666,413.804199,314.056366,425.151947,346.530701,377.888153,347.781616,371.246216,315.051666,413.804199,314.056366,425.151947,346.530701,1,IPPE_SQUARE,84.466390,141.266151,435.148417,1.506960555,-1.553353670,0.970391488,0.024747,1,1786173583.381016016,32.991886,mono16,,0,alignment_not_asserted,raw/frames/ihawk2/h_p030p000mm/frame_0002_color.png,raw/frames/ihawk2/h_p030p000mm/frame_0002_depth.png
20260808_151001,2026-08-08T15:19:43.704,16,30.000000,1,0.000000,0.000000,0.000000,80.000000,-123.500000,80.000000,-123.500000,2,ihawk2,secondary,1786173583.414007902,1786173583.462889910,48.882008,1,3,BR,30.000000,1,377.480865,256.879864,377.480865,256.879864,361.921539,267.606140,358.233521,246.818680,391.450653,246.529358,398.317749,266.565277,361.921539,267.606140,358.233521,246.818680,391.450653,246.529358,398.317749,266.565277,1,IPPE_SQUARE,81.094006,76.745320,561.282822,1.535878483,-1.578075098,0.950076871,0.201247,1,1786173583.381016016,32.991886,mono16,,0,alignment_not_asserted,raw/frames/ihawk2/h_p030p000mm/frame_0002_color.png,raw/frames/ihawk2/h_p030p000mm/frame_0002_depth.png
20260808_151001,2026-08-08T15:19:43.704,16,30.000000,1,0.000000,0.000000,0.000000,0.000000,0.000000,0.000000,0.000000,2,ihawk2,secondary,1786173583.414007902,1786173583.462889910,48.882008,1,4,C,30.000000,1,295.696053,290.881630,295.696053,290.881630,274.407959,303.954193,277.420990,278.378510,315.272278,277.727997,315.682983,303.465820,274.407959,303.954193,277.420990,278.378510,315.272278,277.727997,315.682983,303.465820,1,IPPE_SQUARE,-31.828533,110.719465,496.109984,1.529605465,-1.565795855,0.965729584,0.076701,1,1786173583.381016016,32.991886,mono16,,0,alignment_not_asserted,raw/frames/ihawk2/h_p030p000mm/frame_0002_color.png,raw/frames/ihawk2/h_p030p000mm/frame_0002_depth.png
20260808_151001,2026-08-08T15:19:43.888,16,30.000000,1,0.000000,0.000000,0.000000,-80.000000,123.500000,-80.000000,123.500000,3,ihawk1,primary,1786173583.502800941,1786173583.455523968,47.276974,1,0,TL,30.000000,1,221.471313,212.800503,221.471313,212.800503,200.751724,210.562820,229.176346,202.272858,242.540283,214.650070,213.416901,223.716263,200.751724,210.562820,229.176346,202.272858,242.540283,214.650070,213.416901,223.716263,1,IPPE_SQUARE,-163.461854,16.251302,653.219938,1.994728976,-0.645332433,0.417606863,0.092223,1,1786173583.462889910,39.911032,mono16,,0,alignment_not_asserted,raw/frames/ihawk1/h_p030p000mm/frame_0003_color.png,raw/frames/ihawk1/h_p030p000mm/frame_0003_depth.png
20260808_151001,2026-08-08T15:19:43.888,16,30.000000,1,0.000000,0.000000,0.000000,80.000000,123.500000,80.000000,123.500000,3,ihawk1,primary,1786173583.502800941,1786173583.455523968,47.276974,1,1,TR,30.000000,1,293.994019,189.890099,293.994019,189.890099,275.146271,188.365616,297.478394,181.575882,312.785400,190.838898,290.566010,198.779999,275.146271,188.365616,297.478394,181.575882,312.785400,190.838898,290.566010,198.779999,1,IPPE_SQUARE,-52.035640,-23.747005,743.726146,1.987242634,-0.678743832,0.417394844,0.183545,1,1786173583.462889910,39.911032,mono16,,0,alignment_not_asserted,raw/frames/ihawk1/h_p030p000mm/frame_0003_color.png,raw/frames/ihawk1/h_p030p000mm/frame_0003_depth.png
20260808_151001,2026-08-08T15:19:43.888,16,30.000000,1,0.000000,0.000000,0.000000,-80.000000,-123.500000,-80.000000,-123.500000,3,ihawk1,primary,1786173583.502800941,1786173583.455523968,47.276974,1,2,BL,30.000000,1,300.862137,288.455093,300.862137,288.455093,272.922058,284.729950,305.958618,270.575439,329.315033,291.050507,295.252838,307.464478,272.922058,284.729950,305.958618,270.575439,329.315033,291.050507,295.252838,307.464478,1,IPPE_SQUARE,-26.175453,105.234747,495.724221,1.975455866,-0.643856949,0.424232976,0.024833,1,1786173583.462889910,39.911032,mono16,,0,alignment_not_asserted,raw/frames/ihawk1/h_p030p000mm/frame_0003_color.png,raw/frames/ihawk1/h_p030p000mm/frame_0003_depth.png
20260808_151001,2026-08-08T15:19:43.888,16,30.000000,1,0.000000,0.000000,0.000000,80.000000,-123.500000,80.000000,-123.500000,3,ihawk1,primary,1786173583.502800941,1786173583.455523968,47.276974,1,3,BR,30.000000,1,382.199051,249.420860,382.199051,249.420860,358.077484,247.164810,382.718719,235.518631,407.000000,252.000000,381.000000,263.000000,358.077484,247.164810,382.718719,235.518631,407.000000,252.000000,381.000000,263.000000,1,IPPE_SQUARE,87.294789,68.703228,585.289860,-2.167247198,0.895124387,0.637526629,0.286497,1,1786173583.462889910,39.911032,mono16,,0,alignment_not_asserted,raw/frames/ihawk1/h_p030p000mm/frame_0003_color.png,raw/frames/ihawk1/h_p030p000mm/frame_0003_depth.png
20260808_151001,2026-08-08T15:19:43.888,16,30.000000,1,0.000000,0.000000,0.000000,0.000000,0.000000,0.000000,0.000000,3,ihawk1,primary,1786173583.502800941,1786173583.455523968,47.276974,1,4,C,30.000000,1,296.799408,230.294247,296.799408,230.294247,274.381989,227.858673,301.123932,218.405853,319.467804,231.956680,292.223907,242.955780,274.381989,227.858673,301.123932,218.405853,319.467804,231.956680,292.223907,242.955780,1,IPPE_SQUARE,-38.987415,42.279423,619.262116,1.992976238,-0.656009812,0.411628566,0.106486,1,1786173583.462889910,39.911032,mono16,,0,alignment_not_asserted,raw/frames/ihawk1/h_p030p000mm/frame_0003_color.png,raw/frames/ihawk1/h_p030p000mm/frame_0003_depth.png
20260808_151001,2026-08-08T15:19:43.888,16,30.000000,1,0.000000,0.000000,0.000000,-80.000000,123.500000,-80.000000,123.500000,3,ihawk2,secondary,1786173583.455523968,1786173583.502800941,47.276974,1,0,TL,30.000000,1,189.105289,334.236450,189.105289,334.236450,158.764511,351.190002,173.128143,317.422516,217.181595,317.517853,207.346909,350.815430,158.764511,351.190002,173.128143,317.422516,217.181595,317.517853,207.346909,350.815430,1,IPPE_SQUARE,-144.310202,143.235421,429.879872,1.531226222,-1.557055181,1.012971531,0.117963,1,1786173583.455523968,0.000000,mono16,,0,alignment_not_asserted,raw/frames/ihawk2/h_p030p000mm/frame_0003_color.png,raw/frames/ihawk2/h_p030p000mm/frame_0003_depth.png
20260808_151001,2026-08-08T15:19:43.888,16,30.000000,1,0.000000,0.000000,0.000000,80.000000,123.500000,80.000000,123.500000,3,ihawk2,secondary,1786173583.455523968,1786173583.502800941,47.276974,1,1,TR,30.000000,1,215.873589,258.832943,215.873589,258.832943,193.602737,269.251099,202.530334,248.581100,236.579300,248.015259,230.781982,269.484314,193.602737,269.251099,202.530334,248.581100,236.579300,248.015259,230.781982,269.484314,1,IPPE_SQUARE,-148.490811,78.550484,554.413925,1.551836665,-1.582160675,0.961947287,0.230622,1,1786173583.455523968,0.000000,mono16,,0,alignment_not_asserted,raw/frames/ihawk2/h_p030p000mm/frame_0003_color.png,raw/frames/ihawk2/h_p030p000mm/frame_0003_depth.png
20260808_151001,2026-08-08T15:19:43.888,16,30.000000,1,0.000000,0.000000,0.000000,-80.000000,-123.500000,-80.000000,-123.500000,3,ihawk2,secondary,1786173583.455523968,1786173583.502800941,47.276974,1,2,BL,30.000000,1,397.024872,330.853806,397.024872,330.853806,377.888153,347.781616,371.246338,315.049774,413.815308,314.053345,425.149689,346.530487,377.888153,347.781616,371.246338,315.049774,413.815308,314.053345,425.149689,346.530487,1,IPPE_SQUARE,84.464291,141.257175,435.125487,1.506953398,-1.553260348,0.970126381,0.022433,1,1786173583.455523968,0.000000,mono16,,0,alignment_not_asserted,raw/frames/ihawk2/h_p030p000mm/frame_0003_color.png,raw/frames/ihawk2/h_p030p000mm/frame_0003_depth.png
20260808_151001,2026-08-08T15:19:43.888,16,30.000000,1,0.000000,0.000000,0.000000,80.000000,-123.500000,80.000000,-123.500000,3,ihawk2,secondary,1786173583.455523968,1786173583.502800941,47.276974,1,3,BR,30.000000,1,377.457268,256.883156,377.457268,256.883156,361.925110,267.606689,358.164886,246.864685,391.428162,246.521942,398.310913,266.539307,361.925110,267.606689,358.164886,246.864685,391.428162,246.521942,398.310913,266.539307,1,IPPE_SQUARE,81.008736,76.702117,560.931989,1.533617301,-1.578111687,0.950990719,0.186320,1,1786173583.455523968,0.000000,mono16,,0,alignment_not_asserted,raw/frames/ihawk2/h_p030p000mm/frame_0003_color.png,raw/frames/ihawk2/h_p030p000mm/frame_0003_depth.png
20260808_151001,2026-08-08T15:19:43.888,16,30.000000,1,0.000000,0.000000,0.000000,0.000000,0.000000,0.000000,0.000000,3,ihawk2,secondary,1786173583.455523968,1786173583.502800941,47.276974,1,4,C,30.000000,1,295.690834,290.893188,295.690834,290.893188,274.415619,303.983704,277.401154,278.387360,315.263763,277.735474,315.682800,303.466217,274.415619,303.983704,277.401154,278.387360,315.263763,277.735474,315.682800,303.466217,1,IPPE_SQUARE,-31.834105,110.730356,496.093879,1.529371053,-1.566359979,0.965855810,0.073518,1,1786173583.455523968,0.000000,mono16,,0,alignment_not_asserted,raw/frames/ihawk2/h_p030p000mm/frame_0003_color.png,raw/frames/ihawk2/h_p030p000mm/frame_0003_depth.png
20260808_151001,2026-08-08T15:21:19.247,17,35.000000,1,0.000000,0.000000,0.000000,-80.000000,123.500000,-80.000000,123.500000,1,ihawk1,primary,1786173679.161469936,1786173679.120601892,40.868044,1,0,TL,35.000000,1,220.978451,210.745518,220.978451,210.745518,200.379211,208.360229,228.412384,200.287155,242.104614,212.592102,213.017593,221.742584,200.379211,208.360229,228.412384,200.287155,242.104614,212.592102,213.017593,221.742584,1,IPPE_SQUARE,-165.061632,12.978029,656.401770,2.003285627,-0.651022037,0.428575620,0.035548,1,1786173679.101377964,60.091972,mono16,,0,alignment_not_asserted,raw/frames/ihawk1/h_p035p000mm/frame_0001_color.png,raw/frames/ihawk1/h_p035p000mm/frame_0001_depth.png
20260808_151001,2026-08-08T15:21:19.247,17,35.000000,1,0.000000,0.000000,0.000000,80.000000,123.500000,80.000000,123.500000,1,ihawk1,primary,1786173679.161469936,1786173679.120601892,40.868044,1,1,TR,35.000000,1,293.597893,188.071171,293.597893,188.071171,274.757050,186.433929,297.111053,179.916183,312.572510,189.116562,289.950958,196.818008,274.757050,186.433929,297.111053,179.916183,312.572510,189.116562,289.950958,196.818008,1,IPPE_SQUARE,-52.473613,-26.960713,739.616194,1.983723950,-0.669662523,0.421675688,0.134850,1,1786173679.101377964,60.091972,mono16,,0,alignment_not_asserted,raw/frames/ihawk1/h_p035p000mm/frame_0001_color.png,raw/frames/ihawk1/h_p035p000mm/frame_0001_depth.png
20260808_151001,2026-08-08T15:21:19.247,17,35.000000,1,0.000000,0.000000,0.000000,-80.000000,-123.500000,-80.000000,-123.500000,1,ihawk1,primary,1786173679.161469936,1786173679.120601892,40.868044,1,2,BL,35.000000,1,301.372696,286.102089,301.372696,286.102089,273.368195,282.540405,306.243805,268.356750,329.816986,288.617126,296.061798,304.894073,273.368195,282.540405,306.243805,268.356750,329.816986,288.617126,296.061798,304.894073,1,IPPE_SQUARE,-25.563863,102.412852,496.075767,1.972934492,-0.650316183,0.431476403,0.060314,1,1786173679.101377964,60.091972,mono16,,0,alignment_not_asserted,raw/frames/ihawk1/h_p035p000mm/frame_0001_color.png,raw/frames/ihawk1/h_p035p000mm/frame_0001_depth.png
20260808_151001,2026-08-08T15:21:19.247,17,35.000000,1,0.000000,0.000000,0.000000,80.000000,-123.500000,80.000000,-123.500000,1,ihawk1,primary,1786173679.161469936,1786173679.120601892,40.868044,1,3,BR,35.000000,0,,,,,,,,,,,,,,,,,,,,,0,,,,,,,,,1,1786173679.101377964,60.091972,mono16,,,marker_missing,raw/frames/ihawk1/h_p035p000mm/frame_0001_color.png,raw/frames/ihawk1/h_p035p000mm/frame_0001_depth.png
20260808_151001,2026-08-08T15:21:19.247,17,35.000000,1,0.000000,0.000000,0.000000,0.000000,0.000000,0.000000,0.000000,1,ihawk1,primary,1786173679.161469936,1786173679.120601892,40.868044,1,4,C,35.000000,1,296.943573,228.311512,296.943573,228.311512,274.408844,226.015701,301.284912,216.554520,319.557190,229.732941,292.523346,240.942886,274.408844,226.015701,301.284912,216.554520,319.557190,229.732941,292.523346,240.942886,1,IPPE_SQUARE,-38.725010,39.183179,618.560264,1.988637939,-0.662505602,0.406259701,0.201419,1,1786173679.101377964,60.091972,mono16,,0,alignment_not_asserted,raw/frames/ihawk1/h_p035p000mm/frame_0001_color.png,raw/frames/ihawk1/h_p035p000mm/frame_0001_depth.png
20260808_151001,2026-08-08T15:21:19.247,17,35.000000,1,0.000000,0.000000,0.000000,-80.000000,123.500000,-80.000000,123.500000,1,ihawk2,secondary,1786173679.120601892,1786173679.161469936,40.868044,1,0,TL,35.000000,1,189.713913,331.689674,189.713913,331.689674,159.355652,348.624939,173.657639,314.816345,217.709854,314.877930,208.132507,348.439484,159.355652,348.624939,173.657639,314.816345,217.709854,314.877930,208.132507,348.439484,1,IPPE_SQUARE,-143.426655,140.224667,429.229540,1.540139982,-1.564732391,1.009404475,0.047352,1,1786173679.120601892,0.000000,mono16,,0,alignment_not_asserted,raw/frames/ihawk2/h_p035p000mm/frame_0001_color.png,raw/frames/ihawk2/h_p035p000mm/frame_0001_depth.png
20260808_151001,2026-08-08T15:21:19.247,17,35.000000,1,0.000000,0.000000,0.000000,80.000000,123.500000,80.000000,123.500000,1,ihawk2,secondary,1786173679.120601892,1786173679.161469936,40.868044,1,1,TR,35.000000,1,216.000324,256.452847,216.000324,256.452847,193.614075,266.607208,202.534317,246.420471,236.620605,245.714249,231.232300,267.069458,193.614075,266.607208,202.534317,246.420471,236.620605,245.714249,231.232300,267.069458,1,IPPE_SQUARE,-147.595275,74.821746,551.757567,1.546012946,-1.581807820,0.974603333,0.354824,1,1786173679.120601892,0.000000,mono16,,0,alignment_not_asserted,raw/frames/ihawk2/h_p035p000mm/frame_0001_color.png,raw/frames/ihawk2/h_p035p000mm/frame_0001_depth.png
20260808_151001,2026-08-08T15:21:19.247,17,35.000000,1,0.000000,0.000000,0.000000,-80.000000,-123.500000,-80.000000,-123.500000,1,ihawk2,secondary,1786173679.120601892,1786173679.161469936,40.868044,1,2,BL,35.000000,1,398.851761,327.640991,398.851761,327.640991,379.795105,344.616821,372.728424,312.285492,415.530914,310.893951,427.352600,342.767700,379.795105,344.616821,372.728424,312.285492,415.530914,310.893951,427.352600,342.767700,1,IPPE_SQUARE,85.958630,136.860507,432.507654,1.490043821,-1.552337943,0.969468104,0.057483,1,1786173679.120601892,0.000000,mono16,,0,alignment_not_asserted,raw/frames/ihawk2/h_p035p000mm/frame_0001_color.png,raw/frames/ihawk2/h_p035p000mm/frame_0001_depth.png
20260808_151001,2026-08-08T15:21:19.247,17,35.000000,1,0.000000,0.000000,0.000000,80.000000,-123.500000,80.000000,-123.500000,1,ihawk2,secondary,1786173679.120601892,1786173679.161469936,40.868044,1,3,BR,35.000000,1,378.437943,254.275566,378.437943,254.275566,363.111450,265.085266,358.977356,244.329620,392.274384,243.733734,399.388580,263.953644,363.111450,265.085266,358.977356,244.329620,392.274384,243.733734,399.388580,263.953644,1,IPPE_SQUARE,82.413074,72.964665,560.933057,1.536062489,-1.592379132,0.946645787,0.124948,1,1786173679.120601892,0.000000,mono16,,0,alignment_not_asserted,raw/frames/ihawk2/h_p035p000mm/frame_0001_color.png,raw/frames/ihawk2/h_p035p000mm/frame_0001_depth.png
20260808_151001,2026-08-08T15:21:19.247,17,35.000000,1,0.000000,0.000000,0.000000,0.000000,0.000000,0.000000,0.000000,1,ihawk2,secondary,1786173679.120601892,1786173679.161469936,40.868044,1,4,C,35.000000,1,296.623222,288.363045,296.623222,288.363045,275.433075,301.517517,278.018311,275.809540,316.111542,275.394379,316.929962,300.730743,275.433075,301.517517,278.018311,275.809540,316.111542,275.394379,316.929962,300.730743,1,IPPE_SQUARE,-30.482086,106.935918,493.388587,1.527541066,-1.571188302,0.978027864,0.076942,1,1786173679.120601892,0.000000,mono16,,0,alignment_not_asserted,raw/frames/ihawk2/h_p035p000mm/frame_0001_color.png,raw/frames/ihawk2/h_p035p000mm/frame_0001_depth.png
20260808_151001,2026-08-08T15:21:19.414,17,35.000000,1,0.000000,0.000000,0.000000,-80.000000,123.500000,-80.000000,123.500000,2,ihawk1,primary,1786173679.225945950,1786173679.188994884,36.951065,1,0,TL,35.000000,1,220.997795,210.746536,220.997795,210.746536,200.352570,208.393112,228.388062,200.290329,242.207748,212.559952,213.042801,221.742752,200.352570,208.393112,228.388062,200.290329,242.207748,212.559952,213.042801,221.742752,1,IPPE_SQUARE,-164.637766,12.947784,654.845605,2.000898588,-0.653037496,0.429853379,0.051185,1,1786173679.161469936,64.476013,mono16,,0,alignment_not_asserted,raw/frames/ihawk1/h_p035p000mm/frame_0002_color.png,raw/frames/ihawk1/h_p035p000mm/frame_0002_depth.png
20260808_151001,2026-08-08T15:21:19.414,17,35.000000,1,0.000000,0.000000,0.000000,80.000000,123.500000,80.000000,123.500000,2,ihawk1,primary,1786173679.225945950,1786173679.188994884,36.951065,1,1,TR,35.000000,1,293.611244,188.081818,293.611244,188.081818,274.756439,186.433685,297.170471,179.929520,312.607391,189.103897,289.910675,196.860168,274.756439,186.433685,297.170471,179.929520,312.607391,189.103897,289.910675,196.860168,1,IPPE_SQUARE,-52.370521,-26.901650,738.502791,1.983700972,-0.668148488,0.418693043,0.150072,1,1786173679.161469936,64.476013,mono16,,0,alignment_not_asserted,raw/frames/ihawk1/h_p035p000mm/frame_0002_color.png,raw/frames/ihawk1/h_p035p000mm/frame_0002_depth.png
20260808_151001,2026-08-08T15:21:19.414,17,35.000000,1,0.000000,0.000000,0.000000,-80.000000,-123.500000,-80.000000,-123.500000,2,ihawk1,primary,1786173679.225945950,1786173679.188994884,36.951065,1,2,BL,35.000000,1,301.375946,286.099869,301.375946,286.099869,273.374420,282.565552,306.244537,268.321533,329.820251,288.612579,296.064575,304.899811,273.374420,282.565552,306.244537,268.321533,329.820251,288.612579,296.064575,304.899811,1,IPPE_SQUARE,-25.562643,102.418984,496.120252,1.973598855,-0.651053182,0.430451868,0.068611,1,1786173679.161469936,64.476013,mono16,,0,alignment_not_asserted,raw/frames/ihawk1/h_p035p000mm/frame_0002_color.png,raw/frames/ihawk1/h_p035p000mm/frame_0002_depth.png
20260808_151001,2026-08-08T15:21:19.414,17,35.000000,1,0.000000,0.000000,0.000000,80.000000,-123.500000,80.000000,-123.500000,2,ihawk1,primary,1786173679.225945950,1786173679.188994884,36.951065,1,3,BR,35.000000,0,,,,,,,,,,,,,,,,,,,,,0,,,,,,,,,1,1786173679.161469936,64.476013,mono16,,,marker_missing,raw/frames/ihawk1/h_p035p000mm/frame_0002_color.png,raw/frames/ihawk1/h_p035p000mm/frame_0002_depth.png
20260808_151001,2026-08-08T15:21:19.414,17,35.000000,1,0.000000,0.000000,0.000000,0.000000,0.000000,0.000000,0.000000,2,ihawk1,primary,1786173679.225945950,1786173679.188994884,36.951065,1,4,C,35.000000,1,296.940941,228.373875,296.940941,228.373875,274.393311,226.157990,301.321686,216.622253,319.550049,229.735489,292.498718,240.979767,274.393311,226.157990,301.321686,216.622253,319.550049,229.735489,292.498718,240.979767,1,IPPE_SQUARE,-38.712296,39.260421,618.260972,1.986066947,-0.663047138,0.401578559,0.203270,1,1786173679.161469936,64.476013,mono16,,0,alignment_not_asserted,raw/frames/ihawk1/h_p035p000mm/frame_0002_color.png,raw/frames/ihawk1/h_p035p000mm/frame_0002_depth.png
20260808_151001,2026-08-08T15:21:19.414,17,35.000000,1,0.000000,0.000000,0.000000,-80.000000,123.500000,-80.000000,123.500000,2,ihawk2,secondary,1786173679.188994884,1786173679.225945950,36.951065,1,0,TL,35.000000,1,189.721443,331.686028,189.721443,331.686028,159.384109,348.623993,173.681137,314.771301,217.687729,314.909943,208.132797,348.438873,159.384109,348.623993,173.681137,314.771301,217.687729,314.909943,208.132797,348.438873,1,IPPE_SQUARE,-143.549807,140.350204,429.622069,1.541789464,-1.565122246,1.009825776,0.049875,1,1786173679.148622036,40.372849,mono16,,0,alignment_not_asserted,raw/frames/ihawk2/h_p035p000mm/frame_0002_color.png,raw/frames/ihawk2/h_p035p000mm/frame_0002_depth.png
20260808_151001,2026-08-08T15:21:19.414,17,35.000000,1,0.000000,0.000000,0.000000,80.000000,123.500000,80.000000,123.500000,2,ihawk2,secondary,1786173679.188994884,1786173679.225945950,36.951065,1,1,TR,35.000000,1,215.999664,256.453690,215.999664,256.453690,193.601013,266.645142,202.551422,246.396484,236.613159,245.707733,231.233063,267.065399,193.601013,266.645142,202.551422,246.396484,236.613159,245.707733,231.233063,267.065399,1,IPPE_SQUARE,-147.600656,74.824385,551.772412,1.546666026,-1.582419959,0.973164070,0.346265,1,1786173679.148622036,40.372849,mono16,,0,alignment_not_asserted,raw/frames/ihawk2/h_p035p000mm/frame_0002_color.png,raw/frames/ihawk2/h_p035p000mm/frame_0002_depth.png
20260808_151001,2026-08-08T15:21:19.414,17,35.000000,1,0.000000,0.000000,0.000000,-80.000000,-123.500000,-80.000000,-123.500000,2,ihawk2,secondary,1786173679.188994884,1786173679.225945950,36.951065,1,2,BL,35.000000,1,398.855927,327.638931,398.855927,327.638931,379.801910,344.612488,372.726227,312.287048,415.534576,310.877594,427.360992,342.778595,379.801910,344.612488,372.726227,312.287048,415.534576,310.877594,427.360992,342.778595,1,IPPE_SQUARE,85.954091,136.843434,432.461888,1.490140517,-1.552587819,0.969404093,0.048869,1,1786173679.148622036,40.372849,mono16,,0,alignment_not_asserted,raw/frames/ihawk2/h_p035p000mm/frame_0002_color.png,raw/frames/ihawk2/h_p035p000mm/frame_0002_depth.png
20260808_151001,2026-08-08T15:21:19.414,17,35.000000,1,0.000000,0.000000,0.000000,80.000000,-123.500000,80.000000,-123.500000,2,ihawk2,secondary,1786173679.188994884,1786173679.225945950,36.951065,1,3,BR,35.000000,1,378.430771,254.272263,378.430771,254.272263,363.107208,265.076141,358.947357,244.373611,392.278717,243.696915,399.389801,263.942383,363.107208,265.076141,358.947357,244.373611,392.278717,243.696915,399.389801,263.942383,1,IPPE_SQUARE,82.361380,72.924097,560.658802,1.534403557,-1.592267159,0.945818368,0.103209,1,1786173679.148622036,40.372849,mono16,,0,alignment_not_asserted,raw/frames/ihawk2/h_p035p000mm/frame_0002_color.png,raw/frames/ihawk2/h_p035p000mm/frame_0002_depth.png
20260808_151001,2026-08-08T15:21:19.414,17,35.000000,1,0.000000,0.000000,0.000000,0.000000,0.000000,0.000000,0.000000,2,ihawk2,secondary,1786173679.188994884,1786173679.225945950,36.951065,1,4,C,35.000000,1,296.613510,288.366257,296.613510,288.366257,275.398987,301.539917,278.031464,275.799164,316.078522,275.383789,316.945068,300.742157,275.398987,301.539917,278.031464,275.799164,316.078522,275.383789,316.945068,300.742157,1,IPPE_SQUARE,-30.493700,106.937105,493.377607,1.528052394,-1.571861251,0.977394377,0.066197,1,1786173679.148622036,40.372849,mono16,,0,alignment_not_asserted,raw/frames/ihawk2/h_p035p000mm/frame_0002_color.png,raw/frames/ihawk2/h_p035p000mm/frame_0002_depth.png
20260808_151001,2026-08-08T15:21:19.585,17,35.000000,1,0.000000,0.000000,0.000000,-80.000000,123.500000,-80.000000,123.500000,3,ihawk1,primary,1786173679.261496067,1786173679.214607000,46.889067,1,0,TL,35.000000,1,220.971436,210.738075,220.971436,210.738075,200.346069,208.355148,228.352020,200.301010,242.153305,212.556808,213.034348,221.739334,200.346069,208.355148,228.352020,200.301010,242.153305,212.556808,213.034348,221.739334,1,IPPE_SQUARE,-164.893319,12.951555,655.691054,2.001614875,-0.652769053,0.431081428,0.056064,1,1786173679.201381922,60.114145,mono16,,0,alignment_not_asserted,raw/frames/ihawk1/h_p035p000mm/frame_0003_color.png,raw/frames/ihawk1/h_p035p000mm/frame_0003_depth.png
20260808_151001,2026-08-08T15:21:19.585,17,35.000000,1,0.000000,0.000000,0.000000,80.000000,123.500000,80.000000,123.500000,3,ihawk1,primary,1786173679.261496067,1786173679.214607000,46.889067,1,1,TR,35.000000,1,293.622536,188.083096,293.622536,188.083096,274.772400,186.430984,297.182526,179.932770,312.624542,189.108459,289.910675,196.860168,274.772400,186.430984,297.182526,179.932770,312.624542,189.108459,289.910675,196.860168,1,IPPE_SQUARE,-52.344961,-26.896861,738.435522,1.983688131,-0.667759647,0.418610335,0.148776,1,1786173679.201381922,60.114145,mono16,,0,alignment_not_asserted,raw/frames/ihawk1/h_p035p000mm/frame_0003_color.png,raw/frames/ihawk1/h_p035p000mm/frame_0003_depth.png
20260808_151001,2026-08-08T15:21:19.585,17,35.000000,1,0.000000,0.000000,0.000000,-80.000000,-123.500000,-80.000000,-123.500000,3,ihawk1,primary,1786173679.261496067,1786173679.214607000,46.889067,1,2,BL,35.000000,1,301.367920,286.100014,301.367920,286.100014,273.376099,282.565948,306.220917,268.309601,329.822235,288.632904,296.052429,304.891602,273.376099,282.565948,306.220917,268.309601,329.822235,288.632904,296.052429,304.891602,1,IPPE_SQUARE,-25.573581,102.424784,496.147368,1.973947587,-0.651017785,0.431133586,0.071239,1,1786173679.201381922,60.114145,mono16,,0,alignment_not_asserted,raw/frames/ihawk1/h_p035p000mm/frame_0003_color.png,raw/frames/ihawk1/h_p035p000mm/frame_0003_depth.png
20260808_151001,2026-08-08T15:21:19.585,17,35.000000,1,0.000000,0.000000,0.000000,80.000000,-123.500000,80.000000,-123.500000,3,ihawk1,primary,1786173679.261496067,1786173679.214607000,46.889067,1,3,BR,35.000000,0,,,,,,,,,,,,,,,,,,,,,0,,,,,,,,,1,1786173679.201381922,60.114145,mono16,,,marker_missing,raw/frames/ihawk1/h_p035p000mm/frame_0003_color.png,raw/frames/ihawk1/h_p035p000mm/frame_0003_depth.png
20260808_151001,2026-08-08T15:21:19.585,17,35.000000,1,0.000000,0.000000,0.000000,0.000000,0.000000,0.000000,0.000000,3,ihawk1,primary,1786173679.261496067,1786173679.214607000,46.889067,1,4,C,35.000000,1,296.900131,228.306969,296.900131,228.306969,274.382080,226.022614,301.170624,216.501709,319.555237,229.742432,292.492584,240.961121,274.382080,226.022614,301.170624,216.501709,319.555237,229.742432,292.492584,240.961121,1,IPPE_SQUARE,-38.787599,39.171508,618.500860,1.990166339,-0.664510671,0.408052894,0.169697,1,1786173679.201381922,60.114145,mono16,,0,alignment_not_asserted,raw/frames/ihawk1/h_p035p000mm/frame_0003_color.png,raw/frames/ihawk1/h_p035p000mm/frame_0003_depth.png
20260808_151001,2026-08-08T15:21:19.585,17,35.000000,1,0.000000,0.000000,0.000000,-80.000000,123.500000,-80.000000,123.500000,3,ihawk2,secondary,1786173679.214607000,1786173679.261496067,46.889067,1,0,TL,35.000000,1,189.711060,331.693047,189.711060,331.693047,159.359589,348.606201,173.664581,314.817047,217.687561,314.909454,208.132507,348.439484,159.359589,348.606201,173.664581,314.817047,217.687561,314.909454,208.132507,348.439484,1,IPPE_SQUARE,-143.499822,140.298230,429.439954,1.540458690,-1.564425127,1.010441952,0.041528,1,1786173679.188994884,25.612116,mono16,,0,alignment_not_asserted,raw/frames/ihawk2/h_p035p000mm/frame_0003_color.png,raw/frames/ihawk2/h_p035p000mm/frame_0003_depth.png
20260808_151001,2026-08-08T15:21:19.585,17,35.000000,1,0.000000,0.000000,0.000000,80.000000,123.500000,80.000000,123.500000,3,ihawk2,secondary,1786173679.214607000,1786173679.261496067,46.889067,1,1,TR,35.000000,1,215.996181,256.447506,215.996181,256.447506,193.611099,266.605316,202.533737,246.417374,236.621475,245.701782,231.218414,267.065552,193.611099,266.605316,202.533737,246.417374,236.621475,245.701782,231.218414,267.065552,1,IPPE_SQUARE,-147.606634,74.816811,551.777195,1.546061349,-1.581807727,0.973967283,0.355151,1,1786173679.188994884,25.612116,mono16,,0,alignment_not_asserted,raw/frames/ihawk2/h_p035p000mm/frame_0003_color.png,raw/frames/ihawk2/h_p035p000mm/frame_0003_depth.png
20260808_151001,2026-08-08T15:21:19.585,17,35.000000,1,0.000000,0.000000,0.000000,-80.000000,-123.500000,-80.000000,-123.500000,3,ihawk2,secondary,1786173679.214607000,1786173679.261496067,46.889067,1,2,BL,35.000000,1,398.858330,327.644531,398.858330,327.644531,379.809631,344.627136,372.723175,312.298187,415.524811,310.876343,427.375702,342.776459,379.809631,344.627136,372.723175,312.298187,415.524811,310.876343,427.375702,342.776459,1,IPPE_SQUARE,85.950281,136.839325,432.429777,1.489836805,-1.552916434,0.969572867,0.049989,1,1786173679.188994884,25.612116,mono16,,0,alignment_not_asserted,raw/frames/ihawk2/h_p035p000mm/frame_0003_color.png,raw/frames/ihawk2/h_p035p000mm/frame_0003_depth.png
20260808_151001,2026-08-08T15:21:19.585,17,35.000000,1,0.000000,0.000000,0.000000,80.000000,-123.500000,80.000000,-123.500000,3,ihawk2,secondary,1786173679.214607000,1786173679.261496067,46.889067,1,3,BR,35.000000,1,378.414490,254.280670,378.414490,254.280670,363.107147,265.076355,358.908844,244.368851,392.248962,243.711990,399.393005,263.965485,363.107147,265.076355,358.908844,244.368851,392.248962,243.711990,399.393005,263.965485,1,IPPE_SQUARE,82.303913,72.904842,560.421728,1.534696832,-1.592752814,0.947761705,0.101442,1,1786173679.188994884,25.612116,mono16,,0,alignment_not_asserted,raw/frames/ihawk2/h_p035p000mm/frame_0003_color.png,raw/frames/ihawk2/h_p035p000mm/frame_0003_depth.png
20260808_151001,2026-08-08T15:21:19.585,17,35.000000,1,0.000000,0.000000,0.000000,0.000000,0.000000,0.000000,0.000000,3,ihawk2,secondary,1786173679.214607000,1786173679.261496067,46.889067,1,4,C,35.000000,1,296.623085,288.352310,296.623085,288.352310,275.433777,301.519653,278.036011,275.765198,316.077484,275.382233,316.945068,300.742157,275.433777,301.519653,278.036011,275.765198,316.077484,275.382233,316.945068,300.742157,1,IPPE_SQUARE,-30.497148,106.976283,493.637460,1.529095086,-1.572375513,0.978191919,0.071595,1,1786173679.188994884,25.612116,mono16,,0,alignment_not_asserted,raw/frames/ihawk2/h_p035p000mm/frame_0003_color.png,raw/frames/ihawk2/h_p035p000mm/frame_0003_depth.png
20260808_151001,2026-08-08T15:21:28.922,18,35.000000,1,0.000000,0.000000,0.000000,-80.000000,123.500000,-80.000000,123.500000,1,ihawk1,primary,1786173688.771585941,1786173688.758975983,12.609959,1,0,TL,35.000000,1,221.027859,210.744408,221.027859,210.744408,200.356247,208.347244,228.510742,200.297195,242.211761,212.580917,213.032684,221.752274,200.356247,208.347244,228.510742,200.297195,242.211761,212.580917,213.032684,221.752274,1,IPPE_SQUARE,-164.414167,12.929819,654.152669,2.001365504,-0.649986325,0.428303001,0.038002,1,1786173688.771585941,0.000000,mono16,,0,alignment_not_asserted,raw/frames/ihawk1/h_p035p000mm/frame_0001_color.png,raw/frames/ihawk1/h_p035p000mm/frame_0001_depth.png
20260808_151001,2026-08-08T15:21:28.922,18,35.000000,1,0.000000,0.000000,0.000000,80.000000,123.500000,80.000000,123.500000,1,ihawk1,primary,1786173688.771585941,1786173688.758975983,12.609959,1,1,TR,35.000000,1,293.637016,188.043728,293.637016,188.043728,274.958588,186.361984,297.105743,179.895111,312.542786,189.097443,289.940948,196.820374,274.958588,186.361984,297.105743,179.895111,312.542786,189.097443,289.940948,196.820374,1,IPPE_SQUARE,-52.706211,-27.166104,743.911860,1.987766311,-0.669032296,0.421001812,0.143558,1,1786173688.771585941,0.000000,mono16,,0,alignment_not_asserted,raw/frames/ihawk1/h_p035p000mm/frame_0001_color.png,raw/frames/ihawk1/h_p035p000mm/frame_0001_depth.png
20260808_151001,2026-08-08T15:21:28.922,18,35.000000,1,0.000000,0.000000,0.000000,-80.000000,-123.500000,-80.000000,-123.500000,1,ihawk1,primary,1786173688.771585941,1786173688.758975983,12.609959,1,2,BL,35.000000,1,301.360580,286.080399,301.360580,286.080399,273.375000,282.535736,306.219360,268.313568,329.829437,288.621613,296.018524,304.850677,273.375000,282.535736,306.219360,268.313568,329.829437,288.621613,296.018524,304.850677,1,IPPE_SQUARE,-25.576274,102.376034,496.027337,1.973102282,-0.650118293,0.431252879,0.065946,1,1786173688.771585941,0.000000,mono16,,0,alignment_not_asserted,raw/frames/ihawk1/h_p035p000mm/frame_0001_color.png,raw/frames/ihawk1/h_p035p000mm/frame_0001_depth.png
20260808_151001,2026-08-08T15:21:28.922,18,35.000000,1,0.000000,0.000000,0.000000,80.000000,-123.500000,80.000000,-123.500000,1,ihawk1,primary,1786173688.771585941,1786173688.758975983,12.609959,1,3,BR,35.000000,1,383.542686,247.359821,383.542686,247.359821,358.602142,245.136719,383.363647,233.214096,408.000000,249.000000,384.204956,262.088470,358.602142,245.136719,383.363647,233.214096,408.000000,249.000000,384.204956,262.088470,1,IPPE_SQUARE,88.462252,64.065291,579.515048,2.003346905,-0.688936506,0.416559121,0.313218,1,1786173688.771585941,0.000000,mono16,,0,alignment_not_asserted,raw/frames/ihawk1/h_p035p000mm/frame_0001_color.png,raw/frames/ihawk1/h_p035p000mm/frame_0001_depth.png
20260808_151001,2026-08-08T15:21:28.922,18,35.000000,1,0.000000,0.000000,0.000000,0.000000,0.000000,0.000000,0.000000,1,ihawk1,primary,1786173688.771585941,1786173688.758975983,12.609959,1,4,C,35.000000,1,296.920113,228.377872,296.920113,228.377872,274.318298,226.131287,301.291382,216.638397,319.555420,229.754990,292.515350,240.986816,274.318298,226.131287,301.291382,216.638397,319.555420,229.754990,292.515350,240.986816,1,IPPE_SQUARE,-38.684942,39.206688,617.332593,1.985351535,-0.662973946,0.404797953,0.217415,1,1786173688.771585941,0.000000,mono16,,0,alignment_not_asserted,raw/frames/ihawk1/h_p035p000mm/frame_0001_color.png,raw/frames/ihawk1/h_p035p000mm/frame_0001_depth.png
20260808_151001,2026-08-08T15:21:28.922,18,35.000000,1,0.000000,0.000000,0.000000,-80.000000,123.500000,-80.000000,123.500000,1,ihawk2,secondary,1786173688.758975983,1786173688.771585941,12.609959,1,0,TL,35.000000,1,189.716915,331.704628,189.716915,331.704628,159.428391,348.649872,173.656387,314.811401,217.688019,314.919830,208.094864,348.437408,159.428391,348.649872,173.656387,314.811401,217.688019,314.919830,208.094864,348.437408,1,IPPE_SQUARE,-143.636671,140.450698,429.864344,1.541281401,-1.565540560,1.009247609,0.070879,1,1786173688.758975983,0.000000,mono16,,0,alignment_not_asserted,raw/frames/ihawk2/h_p035p000mm/frame_0001_color.png,raw/frames/ihawk2/h_p035p000mm/frame_0001_depth.png
20260808_151001,2026-08-08T15:21:28.922,18,35.000000,1,0.000000,0.000000,0.000000,80.000000,123.500000,80.000000,123.500000,1,ihawk2,secondary,1786173688.758975983,1786173688.771585941,12.609959,1,1,TR,35.000000,1,215.988304,256.456913,215.988304,256.456913,193.598450,266.635071,202.539322,246.433380,236.608170,245.691269,231.207275,267.067932,193.598450,266.635071,202.539322,246.433380,236.608170,245.691269,231.207275,267.067932,1,IPPE_SQUARE,-147.627746,74.834538,551.811778,1.545813837,-1.582168727,0.972439214,0.357675,1,1786173688.758975983,0.000000,mono16,,0,alignment_not_asserted,raw/frames/ihawk2/h_p035p000mm/frame_0001_color.png,raw/frames/ihawk2/h_p035p000mm/frame_0001_depth.png
20260808_151001,2026-08-08T15:21:28.922,18,35.000000,1,0.000000,0.000000,0.000000,-80.000000,-123.500000,-80.000000,-123.500000,1,ihawk2,secondary,1786173688.758975983,1786173688.771585941,12.609959,1,2,BL,35.000000,1,398.862106,327.650352,398.862106,327.650352,379.790222,344.626251,372.743774,312.264435,415.523804,310.959564,427.390625,342.751160,379.790222,344.626251,372.743774,312.264435,415.523804,310.959564,427.390625,342.751160,1,IPPE_SQUARE,85.941056,136.823850,432.359283,1.490028147,-1.551428062,0.971398132,0.088914,1,1786173688.758975983,0.000000,mono16,,0,alignment_not_asserted,raw/frames/ihawk2/h_p035p000mm/frame_0001_color.png,raw/frames/ihawk2/h_p035p000mm/frame_0001_depth.png
20260808_151001,2026-08-08T15:21:28.922,18,35.000000,1,0.000000,0.000000,0.000000,80.000000,-123.500000,80.000000,-123.500000,1,ihawk2,secondary,1786173688.758975983,1786173688.771585941,12.609959,1,3,BR,35.000000,1,378.389351,254.289581,378.389351,254.289581,363.048340,265.118286,358.853668,244.370453,392.260345,243.705170,399.395050,263.964417,363.048340,265.118286,358.853668,244.370453,392.260345,243.705170,399.395050,263.964417,1,IPPE_SQUARE,82.127872,72.792585,559.474456,1.533909272,-1.592341284,0.946823844,0.106669,1,1786173688.758975983,0.000000,mono16,,0,alignment_not_asserted,raw/frames/ihawk2/h_p035p000mm/frame_0001_color.png,raw/frames/ihawk2/h_p035p000mm/frame_0001_depth.png
20260808_151001,2026-08-08T15:21:28.922,18,35.000000,1,0.000000,0.000000,0.000000,0.000000,0.000000,0.000000,0.000000,1,ihawk2,secondary,1786173688.758975983,1786173688.771585941,12.609959,1,4,C,35.000000,1,296.620186,288.427299,296.620186,288.427299,275.428162,301.597931,278.027893,275.937103,316.067932,275.387543,316.956757,300.786621,275.428162,301.597931,278.027893,275.937103,316.067932,275.387543,316.956757,300.786621,1,IPPE_SQUARE,-30.495296,107.045079,493.518248,1.525883058,-1.572537470,0.976173506,0.040562,1,1786173688.758975983,0.000000,mono16,,0,alignment_not_asserted,raw/frames/ihawk2/h_p035p000mm/frame_0001_color.png,raw/frames/ihawk2/h_p035p000mm/frame_0001_depth.png
20260808_151001,2026-08-08T15:21:29.084,18,35.000000,1,0.000000,0.000000,0.000000,-80.000000,123.500000,-80.000000,123.500000,2,ihawk1,primary,1786173688.831403017,1786173688.820501089,10.901928,1,0,TL,35.000000,1,221.002453,210.730618,221.002453,210.730618,200.357162,208.340958,228.444534,200.272476,242.189835,212.564865,213.018280,221.744171,200.357162,208.340958,228.444534,200.272476,242.189835,212.564865,213.018280,221.744171,1,IPPE_SQUARE,-164.604075,12.919341,654.742115,2.002121688,-0.651067740,0.428824728,0.045330,1,1786173688.771585941,59.817076,mono16,,0,alignment_not_asserted,raw/frames/ihawk1/h_p035p000mm/frame_0002_color.png,raw/frames/ihawk1/h_p035p000mm/frame_0002_depth.png
20260808_151001,2026-08-08T15:21:29.084,18,35.000000,1,0.000000,0.000000,0.000000,80.000000,123.500000,80.000000,123.500000,2,ihawk1,primary,1786173688.831403017,1786173688.820501089,10.901928,1,1,TR,35.000000,1,293.628716,188.039894,293.628716,188.039894,274.900482,186.328110,297.118622,179.903870,312.543213,189.090652,289.952545,196.836945,274.900482,186.328110,297.118622,179.903870,312.543213,189.090652,289.952545,196.836945,1,IPPE_SQUARE,-52.637599,-27.131049,742.735045,1.987387863,-0.668641876,0.422272793,0.161897,1,1786173688.771585941,59.817076,mono16,,0,alignment_not_asserted,raw/frames/ihawk1/h_p035p000mm/frame_0002_color.png,raw/frames/ihawk1/h_p035p000mm/frame_0002_depth.png
20260808_151001,2026-08-08T15:21:29.084,18,35.000000,1,0.000000,0.000000,0.000000,-80.000000,-123.500000,-80.000000,-123.500000,2,ihawk1,primary,1786173688.831403017,1786173688.820501089,10.901928,1,2,BL,35.000000,1,301.358612,286.077690,301.358612,286.077690,273.372253,282.535095,306.225006,268.290894,329.811707,288.619507,296.025482,304.865265,273.372253,282.535095,306.225006,268.290894,329.811707,288.619507,296.025482,304.865265,1,IPPE_SQUARE,-25.585609,102.399494,496.157888,1.974049887,-0.650491431,0.430789463,0.070646,1,1786173688.771585941,59.817076,mono16,,0,alignment_not_asserted,raw/frames/ihawk1/h_p035p000mm/frame_0002_color.png,raw/frames/ihawk1/h_p035p000mm/frame_0002_depth.png
20260808_151001,2026-08-08T15:21:29.084,18,35.000000,1,0.000000,0.000000,0.000000,80.000000,-123.500000,80.000000,-123.500000,2,ihawk1,primary,1786173688.831403017,1786173688.820501089,10.901928,1,3,BR,35.000000,1,383.600113,247.364971,383.600113,247.364971,358.603058,245.144577,383.313782,233.193329,408.000000,249.000000,384.483612,262.121979,358.603058,245.144577,383.313782,233.193329,408.000000,249.000000,384.483612,262.121979,1,IPPE_SQUARE,88.500732,64.038218,579.210752,2.003961717,-0.693556748,0.424562587,0.358786,1,1786173688.771585941,59.817076,mono16,,0,alignment_not_asserted,raw/frames/ihawk1/h_p035p000mm/frame_0002_color.png,raw/frames/ihawk1/h_p035p000mm/frame_0002_depth.png
20260808_151001,2026-08-08T15:21:29.084,18,35.000000,1,0.000000,0.000000,0.000000,0.000000,0.000000,0.000000,0.000000,2,ihawk1,primary,1786173688.831403017,1786173688.820501089,10.901928,1,4,C,35.000000,1,296.916489,228.368294,296.916489,228.368294,274.333832,226.135986,301.278229,216.606659,319.545837,229.731354,292.508057,240.999176,274.333832,226.135986,301.278229,216.606659,319.545837,229.731354,292.508057,240.999176,1,IPPE_SQUARE,-38.711987,39.213049,617.667068,1.986381667,-0.663894993,0.403573039,0.212091,1,1786173688.771585941,59.817076,mono16,,0,alignment_not_asserted,raw/frames/ihawk1/h_p035p000mm/frame_0002_color.png,raw/frames/ihawk1/h_p035p000mm/frame_0002_depth.png
20260808_151001,2026-08-08T15:21:29.084,18,35.000000,1,0.000000,0.000000,0.000000,-80.000000,123.500000,-80.000000,123.500000,2,ihawk2,secondary,1786173688.820501089,1786173688.831403017,10.901928,1,0,TL,35.000000,1,189.714436,331.677940,189.714436,331.677940,159.366821,348.601135,173.685242,314.771515,217.697342,314.897766,208.108337,348.441345,159.366821,348.601135,173.685242,314.771515,217.697342,314.897766,208.108337,348.441345,1,IPPE_SQUARE,-143.534341,140.318449,429.552597,1.541667651,-1.564556373,1.009333712,0.047932,1,1786173688.758975983,61.525106,mono16,,0,alignment_not_asserted,raw/frames/ihawk2/h_p035p000mm/frame_0002_color.png,raw/frames/ihawk2/h_p035p000mm/frame_0002_depth.png
20260808_151001,2026-08-08T15:21:29.084,18,35.000000,1,0.000000,0.000000,0.000000,80.000000,123.500000,80.000000,123.500000,2,ihawk2,secondary,1786173688.820501089,1786173688.831403017,10.901928,1,1,TR,35.000000,1,215.983318,256.458225,215.983318,256.458225,193.597610,266.636963,202.520615,246.437149,236.608032,245.690979,231.207016,267.067810,193.597610,266.636963,202.520615,246.437149,236.608032,245.690979,231.207016,267.067810,1,IPPE_SQUARE,-147.607079,74.822329,551.709097,1.545574382,-1.582316858,0.972850912,0.356110,1,1786173688.758975983,61.525106,mono16,,0,alignment_not_asserted,raw/frames/ihawk2/h_p035p000mm/frame_0002_color.png,raw/frames/ihawk2/h_p035p000mm/frame_0002_depth.png
20260808_151001,2026-08-08T15:21:29.084,18,35.000000,1,0.000000,0.000000,0.000000,-80.000000,-123.500000,-80.000000,-123.500000,2,ihawk2,secondary,1786173688.820501089,1786173688.831403017,10.901928,1,2,BL,35.000000,1,398.846382,327.661003,398.846382,327.661003,379.758148,344.615143,372.717072,312.266357,415.515930,310.965851,427.394379,342.796661,379.758148,344.615143,372.717072,312.266357,415.515930,310.965851,427.394379,342.796661,1,IPPE_SQUARE,85.869883,136.748749,432.088137,1.490438763,-1.550994894,0.972163540,0.077712,1,1786173688.758975983,61.525106,mono16,,0,alignment_not_asserted,raw/frames/ihawk2/h_p035p000mm/frame_0002_color.png,raw/frames/ihawk2/h_p035p000mm/frame_0002_depth.png
20260808_151001,2026-08-08T15:21:29.084,18,35.000000,1,0.000000,0.000000,0.000000,80.000000,-123.500000,80.000000,-123.500000,2,ihawk2,secondary,1786173688.820501089,1786173688.831403017,10.901928,1,3,BR,35.000000,1,378.396294,254.280960,378.396294,254.280960,363.039703,265.118378,358.883026,244.406357,392.263916,243.643661,399.398529,263.955444,363.039703,265.118378,358.883026,244.406357,392.263916,243.643661,399.398529,263.955444,1,IPPE_SQUARE,82.172606,72.812347,559.719487,1.533082263,-1.592877838,0.943883350,0.093661,1,1786173688.758975983,61.525106,mono16,,0,alignment_not_asserted,raw/frames/ihawk2/h_p035p000mm/frame_0002_color.png,raw/frames/ihawk2/h_p035p000mm/frame_0002_depth.png
20260808_151001,2026-08-08T15:21:29.084,18,35.000000,1,0.000000,0.000000,0.000000,0.000000,0.000000,0.000000,0.000000,2,ihawk2,secondary,1786173688.820501089,1786173688.831403017,10.901928,1,4,C,35.000000,1,296.665443,288.399193,296.665443,288.399193,275.428070,301.596069,278.092499,275.830719,316.048187,275.368591,317.093018,300.801392,275.428070,301.596069,278.092499,275.830719,316.048187,275.368591,317.093018,300.801392,1,IPPE_SQUARE,-30.419950,106.949122,493.246670,1.528353794,-1.574166653,0.978060067,0.053689,1,1786173688.758975983,61.525106,mono16,,0,alignment_not_asserted,raw/frames/ihawk2/h_p035p000mm/frame_0002_color.png,raw/frames/ihawk2/h_p035p000mm/frame_0002_depth.png
20260808_151001,2026-08-08T15:21:29.250,18,35.000000,1,0.000000,0.000000,0.000000,-80.000000,123.500000,-80.000000,123.500000,3,ihawk1,primary,1786173688.871395111,1786173688.858994007,12.401104,1,0,TL,35.000000,1,221.015537,210.737236,221.015537,210.737236,200.352203,208.332672,228.484650,200.303787,242.201553,212.569321,213.023743,221.743164,200.352203,208.332672,228.484650,200.303787,242.201553,212.569321,213.023743,221.743164,1,IPPE_SQUARE,-164.481324,12.922228,654.340638,2.001130804,-0.650093301,0.428992877,0.046046,1,1786173688.831403017,39.992094,mono16,,0,alignment_not_asserted,raw/frames/ihawk1/h_p035p000mm/frame_0003_color.png,raw/frames/ihawk1/h_p035p000mm/frame_0003_depth.png
20260808_151001,2026-08-08T15:21:29.250,18,35.000000,1,0.000000,0.000000,0.000000,80.000000,123.500000,80.000000,123.500000,3,ihawk1,primary,1786173688.871395111,1786173688.858994007,12.401104,1,1,TR,35.000000,1,293.630043,188.063160,293.630043,188.063160,274.927917,186.418350,297.092316,179.891235,312.555511,189.098236,289.944427,196.844818,274.927917,186.418350,297.092316,179.891235,312.555511,189.098236,289.944427,196.844818,1,IPPE_SQUARE,-52.666978,-27.103764,743.168940,1.987302879,-0.670502704,0.419854245,0.133856,1,1786173688.831403017,39.992094,mono16,,0,alignment_not_asserted,raw/frames/ihawk1/h_p035p000mm/frame_0003_color.png,raw/frames/ihawk1/h_p035p000mm/frame_0003_depth.png
20260808_151001,2026-08-08T15:21:29.250,18,35.000000,1,0.000000,0.000000,0.000000,-80.000000,-123.500000,-80.000000,-123.500000,3,ihawk1,primary,1786173688.871395111,1786173688.858994007,12.401104,1,2,BL,35.000000,1,301.349396,286.070885,301.349396,286.070885,273.351196,282.535919,306.216888,268.291412,329.826385,288.601898,296.003113,304.854309,273.351196,282.535919,306.216888,268.291412,329.826385,288.601898,296.003113,304.854309,1,IPPE_SQUARE,-25.580349,102.323496,495.832889,1.973144719,-0.650399928,0.430474780,0.067344,1,1786173688.831403017,39.992094,mono16,,0,alignment_not_asserted,raw/frames/ihawk1/h_p035p000mm/frame_0003_color.png,raw/frames/ihawk1/h_p035p000mm/frame_0003_depth.png
20260808_151001,2026-08-08T15:21:29.250,18,35.000000,1,0.000000,0.000000,0.000000,80.000000,-123.500000,80.000000,-123.500000,3,ihawk1,primary,1786173688.871395111,1786173688.858994007,12.401104,1,3,BR,35.000000,1,383.558174,247.351372,383.558174,247.351372,358.595428,245.136902,383.336365,233.209106,408.000000,249.000000,384.300903,262.059479,358.595428,245.136902,383.336365,233.209106,408.000000,249.000000,384.300903,262.059479,1,IPPE_SQUARE,88.457026,64.032746,579.330080,2.002569679,-0.690151078,0.419948470,0.330231,1,1786173688.831403017,39.992094,mono16,,0,alignment_not_asserted,raw/frames/ihawk1/h_p035p000mm/frame_0003_color.png,raw/frames/ihawk1/h_p035p000mm/frame_0003_depth.png
20260808_151001,2026-08-08T15:21:29.250,18,35.000000,1,0.000000,0.000000,0.000000,0.000000,0.000000,0.000000,0.000000,3,ihawk1,primary,1786173688.871395111,1786173688.858994007,12.401104,1,4,C,35.000000,1,296.937080,228.386372,296.937080,228.386372,274.333832,226.135986,301.325195,216.644333,319.554382,229.774490,292.534912,240.990677,274.333832,226.135986,301.325195,216.644333,319.554382,229.774490,292.534912,240.990677,1,IPPE_SQUARE,-38.670752,39.231935,617.521346,1.985706618,-0.662534516,0.404562588,0.223152,1,1786173688.831403017,39.992094,mono16,,0,alignment_not_asserted,raw/frames/ihawk1/h_p035p000mm/frame_0003_color.png,raw/frames/ihawk1/h_p035p000mm/frame_0003_depth.png
20260808_151001,2026-08-08T15:21:29.250,18,35.000000,1,0.000000,0.000000,0.000000,-80.000000,123.500000,-80.000000,123.500000,3,ihawk2,secondary,1786173688.858994007,1786173688.871395111,12.401104,1,0,TL,35.000000,1,189.706417,331.693878,189.706417,331.693878,159.379822,348.603821,173.656387,314.811401,217.688019,314.919830,208.101440,348.440460,159.379822,348.603821,173.656387,314.811401,217.688019,314.919830,208.101440,348.440460,1,IPPE_SQUARE,-143.565457,140.358657,429.620149,1.540879526,-1.564449914,1.010300802,0.055673,1,1786173688.820501089,38.492918,mono16,,0,alignment_not_asserted,raw/frames/ihawk2/h_p035p000mm/frame_0003_color.png,raw/frames/ihawk2/h_p035p000mm/frame_0003_depth.png
20260808_151001,2026-08-08T15:21:29.250,18,35.000000,1,0.000000,0.000000,0.000000,80.000000,123.500000,80.000000,123.500000,3,ihawk2,secondary,1786173688.858994007,1786173688.871395111,12.401104,1,1,TR,35.000000,1,216.004688,256.451366,216.004688,256.451366,193.599869,266.628906,202.570435,246.405380,236.628616,245.694763,231.219833,267.076416,193.599869,266.628906,202.570435,246.405380,236.628616,245.694763,231.219833,267.076416,1,IPPE_SQUARE,-147.592996,74.820608,551.768791,1.546766762,-1.581830058,0.972240844,0.355924,1,1786173688.820501089,38.492918,mono16,,0,alignment_not_asserted,raw/frames/ihawk2/h_p035p000mm/frame_0003_color.png,raw/frames/ihawk2/h_p035p000mm/frame_0003_depth.png
20260808_151001,2026-08-08T15:21:29.250,18,35.000000,1,0.000000,0.000000,0.000000,-80.000000,-123.500000,-80.000000,-123.500000,3,ihawk2,secondary,1786173688.858994007,1786173688.871395111,12.401104,1,2,BL,35.000000,1,398.842758,327.628792,398.842758,327.628792,379.752655,344.600098,372.734009,312.226959,415.491730,310.931946,427.392639,342.756165,379.752655,344.600098,372.734009,312.226959,415.491730,310.931946,427.392639,342.756165,1,IPPE_SQUARE,85.899524,136.766601,432.255683,1.490769025,-1.551686698,0.971737391,0.089691,1,1786173688.820501089,38.492918,mono16,,0,alignment_not_asserted,raw/frames/ihawk2/h_p035p000mm/frame_0003_color.png,raw/frames/ihawk2/h_p035p000mm/frame_0003_depth.png
20260808_151001,2026-08-08T15:21:29.250,18,35.000000,1,0.000000,0.000000,0.000000,80.000000,-123.500000,80.000000,-123.500000,3,ihawk2,secondary,1786173688.858994007,1786173688.871395111,12.401104,1,3,BR,35.000000,1,378.429428,254.275330,378.429428,254.275330,363.041931,265.147034,358.957581,244.324646,392.303864,243.685303,399.414337,263.944336,363.041931,265.147034,358.957581,244.324646,392.303864,243.685303,399.414337,263.944336,1,IPPE_SQUARE,82.254756,72.834100,559.949783,1.535331867,-1.592546610,0.943359215,0.135368,1,1786173688.820501089,38.492918,mono16,,0,alignment_not_asserted,raw/frames/ihawk2/h_p035p000mm/frame_0003_color.png,raw/frames/ihawk2/h_p035p000mm/frame_0003_depth.png
20260808_151001,2026-08-08T15:21:29.250,18,35.000000,1,0.000000,0.000000,0.000000,0.000000,0.000000,0.000000,0.000000,3,ihawk2,secondary,1786173688.858994007,1786173688.871395111,12.401104,1,4,C,35.000000,1,296.675636,288.380646,296.675636,288.380646,275.427002,301.595490,278.102448,275.813721,316.079803,275.392029,317.093292,300.721344,275.427002,301.595490,278.102448,275.813721,316.079803,275.392029,317.093292,300.721344,1,IPPE_SQUARE,-30.397523,106.891560,493.087145,1.526952788,-1.572886227,0.978108446,0.079568,1,1786173688.820501089,38.492918,mono16,,0,alignment_not_asserted,raw/frames/ihawk2/h_p035p000mm/frame_0003_color.png,raw/frames/ihawk2/h_p035p000mm/frame_0003_depth.png
20260808_151001,2026-08-08T15:22:32.048,19,40.000000,1,0.000000,0.000000,0.000000,-80.000000,123.500000,-80.000000,123.500000,1,ihawk1,primary,1786173751.961488962,1786173751.920514107,40.974855,1,0,TL,40.000000,1,219.003952,208.190926,219.003952,208.190926,198.105011,205.822327,226.429779,197.663452,240.507904,209.904587,210.973114,219.373337,198.105011,205.822327,226.429779,197.663452,240.507904,209.904587,210.973114,219.373337,1,IPPE_SQUARE,-165.939799,8.674329,647.277179,2.004732909,-0.660717077,0.431540332,0.099761,1,1786173751.925581932,35.907030,mono16,,0,alignment_not_asserted,raw/frames/ihawk1/h_p040p000mm/frame_0001_color.png,raw/frames/ihawk1/h_p040p000mm/frame_0001_depth.png
20260808_151001,2026-08-08T15:22:32.048,19,40.000000,1,0.000000,0.000000,0.000000,80.000000,123.500000,80.000000,123.500000,1,ihawk1,primary,1786173751.961488962,1786173751.920514107,40.974855,1,1,TR,40.000000,1,291.926231,185.074001,291.926231,185.074001,272.766541,183.559158,295.453918,176.991119,310.709900,185.921707,288.774567,193.824020,272.766541,183.559158,295.453918,176.991119,310.709900,185.921707,288.774567,193.824020,1,IPPE_SQUARE,-55.482931,-32.434875,738.732492,1.982655476,-0.687630409,0.428851837,0.338679,1,1786173751.925581932,35.907030,mono16,,0,alignment_not_asserted,raw/frames/ihawk1/h_p040p000mm/frame_0001_color.png,raw/frames/ihawk1/h_p040p000mm/frame_0001_depth.png
20260808_151001,2026-08-08T15:22:32.048,19,40.000000,1,0.000000,0.000000,0.000000,-80.000000,-123.500000,-80.000000,-123.500000,1,ihawk1,primary,1786173751.961488962,1786173751.920514107,40.974855,1,2,BL,40.000000,1,301.421570,282.399437,301.421570,282.399437,273.213989,279.113892,306.055969,264.569611,330.093994,284.648834,296.322327,301.265411,273.213989,279.113892,306.055969,264.569611,330.093994,284.648834,296.322327,301.265411,1,IPPE_SQUARE,-25.353020,97.252144,493.097687,1.975846089,-0.664504708,0.429602000,0.055156,1,1786173751.925581932,35.907030,mono16,,0,alignment_not_asserted,raw/frames/ihawk1/h_p040p000mm/frame_0001_color.png,raw/frames/ihawk1/h_p040p000mm/frame_0001_depth.png
20260808_151001,2026-08-08T15:22:32.048,19,40.000000,1,0.000000,0.000000,0.000000,80.000000,-123.500000,80.000000,-123.500000,1,ihawk1,primary,1786173751.961488962,1786173751.920514107,40.974855,1,3,BR,40.000000,1,382.823975,243.406387,382.823975,243.406387,358.072937,241.337051,382.409943,229.390701,407.000000,245.000000,383.813019,257.897797,358.072937,241.337051,382.409943,229.390701,407.000000,245.000000,383.813019,257.897797,1,IPPE_SQUARE,88.182652,58.879902,584.482922,2.008222202,-0.702086397,0.428738629,0.352930,1,1786173751.925581932,35.907030,mono16,,0,alignment_not_asserted,raw/frames/ihawk1/h_p040p000mm/frame_0001_color.png,raw/frames/ihawk1/h_p040p000mm/frame_0001_depth.png
20260808_151001,2026-08-08T15:22:32.048,19,40.000000,1,0.000000,0.000000,0.000000,0.000000,0.000000,0.000000,0.000000,1,ihawk1,primary,1786173751.961488962,1786173751.920514107,40.974855,1,4,C,40.000000,1,295.800690,225.129169,295.800690,225.129169,273.130768,222.935532,300.002655,213.454147,318.561737,226.435593,291.507599,237.691406,273.130768,222.935532,300.002655,213.454147,318.561737,226.435593,291.507599,237.691406,1,IPPE_SQUARE,-40.287361,34.122470,615.594693,1.986853432,-0.671727845,0.412549884,0.196370,1,1786173751.925581932,35.907030,mono16,,0,alignment_not_asserted,raw/frames/ihawk1/h_p040p000mm/frame_0001_color.png,raw/frames/ihawk1/h_p040p000mm/frame_0001_depth.png
20260808_151001,2026-08-08T15:22:32.048,19,40.000000,1,0.000000,0.000000,0.000000,-80.000000,123.500000,-80.000000,123.500000,1,ihawk2,secondary,1786173751.920514107,1786173751.961488962,40.974855,1,0,TL,40.000000,1,188.102753,329.660347,188.102753,329.660347,157.319962,346.925385,171.539444,312.743988,216.343109,312.675995,207.208496,346.296021,157.319962,346.925385,171.539444,312.743988,216.343109,312.675995,207.208496,346.296021,1,IPPE_SQUARE,-142.934609,135.850754,422.616880,1.532982689,-1.573986826,1.023333921,0.067265,1,1786173751.920514107,0.000000,mono16,,0,alignment_not_asserted,raw/frames/ihawk2/h_p040p000mm/frame_0001_color.png,raw/frames/ihawk2/h_p040p000mm/frame_0001_depth.png
20260808_151001,2026-08-08T15:22:32.048,19,40.000000,1,0.000000,0.000000,0.000000,80.000000,123.500000,80.000000,123.500000,1,ihawk2,secondary,1786173751.920514107,1786173751.961488962,40.974855,1,1,TR,40.000000,1,213.765461,254.184948,213.765461,254.184948,191.344452,264.528015,199.761368,244.206818,234.666199,243.436020,229.289825,264.568939,191.344452,264.528015,199.761368,244.206818,234.666199,243.436020,229.289825,264.568939,1,IPPE_SQUARE,-148.923247,70.757956,545.138934,1.535458362,-1.592804428,0.988963224,0.238637,1,1786173751.920514107,0.000000,mono16,,0,alignment_not_asserted,raw/frames/ihawk2/h_p040p000mm/frame_0001_color.png,raw/frames/ihawk2/h_p040p000mm/frame_0001_depth.png
20260808_151001,2026-08-08T15:22:32.048,19,40.000000,1,0.000000,0.000000,0.000000,-80.000000,-123.500000,-80.000000,-123.500000,1,ihawk2,secondary,1786173751.920514107,1786173751.961488962,40.974855,1,2,BL,40.000000,1,399.118935,323.767052,399.118935,323.767052,380.446167,340.746094,372.655792,308.494049,415.535645,306.994598,427.838135,338.833466,380.446167,340.746094,372.655792,308.494049,415.535645,306.994598,427.838135,338.833466,1,IPPE_SQUARE,86.045192,132.252438,431.435031,1.493734166,-1.567012538,0.979851814,0.052046,1,1786173751.920514107,0.000000,mono16,,0,alignment_not_asserted,raw/frames/ihawk2/h_p040p000mm/frame_0001_color.png,raw/frames/ihawk2/h_p040p000mm/frame_0001_depth.png
20260808_151001,2026-08-08T15:22:32.048,19,40.000000,1,0.000000,0.000000,0.000000,80.000000,-123.500000,80.000000,-123.500000,1,ihawk2,secondary,1786173751.920514107,1786173751.961488962,40.974855,1,3,BR,40.000000,1,377.261604,250.999256,377.261604,250.999256,362.005951,261.721497,357.455780,241.223175,391.076477,240.539719,398.508209,260.512634,362.005951,261.721497,357.455780,241.223175,391.076477,240.539719,398.508209,260.512634,1,IPPE_SQUARE,79.933187,67.595018,555.407029,1.527517453,-1.596676428,0.961267907,0.100506,1,1786173751.920514107,0.000000,mono16,,0,alignment_not_asserted,raw/frames/ihawk2/h_p040p000mm/frame_0001_color.png,raw/frames/ihawk2/h_p040p000mm/frame_0001_depth.png
20260808_151001,2026-08-08T15:22:32.048,19,40.000000,1,0.000000,0.000000,0.000000,0.000000,0.000000,0.000000,0.000000,1,ihawk2,secondary,1786173751.920514107,1786173751.961488962,40.974855,1,4,C,40.000000,1,295.618866,285.473816,295.618866,285.473816,274.319946,298.696289,276.654083,273.302277,315.065552,272.294586,316.435883,297.602112,274.319946,298.696289,276.654083,273.302277,315.065552,272.294586,316.435883,297.602112,1,IPPE_SQUARE,-31.387401,102.117338,487.800407,1.512125382,-1.579593979,0.984165010,0.030459,1,1786173751.920514107,0.000000,mono16,,0,alignment_not_asserted,raw/frames/ihawk2/h_p040p000mm/frame_0001_color.png,raw/frames/ihawk2/h_p040p000mm/frame_0001_depth.png
20260808_151001,2026-08-08T15:22:32.215,19,40.000000,1,0.000000,0.000000,0.000000,-80.000000,123.500000,-80.000000,123.500000,2,ihawk1,primary,1786173751.991662025,1786173751.945218086,46.443939,1,0,TL,40.000000,1,219.039673,208.200378,219.039673,208.200378,198.057983,205.860977,226.428101,197.671051,240.504059,209.876114,211.168549,219.393372,198.057983,205.860977,226.428101,197.671051,240.504059,209.876114,211.168549,219.393372,1,IPPE_SQUARE,-165.983902,8.695234,647.673232,2.004116223,-0.664756015,0.434653806,0.080827,1,1786173751.925581932,66.080093,mono16,,0,alignment_not_asserted,raw/frames/ihawk1/h_p040p000mm/frame_0002_color.png,raw/frames/ihawk1/h_p040p000mm/frame_0002_depth.png
20260808_151001,2026-08-08T15:22:32.215,19,40.000000,1,0.000000,0.000000,0.000000,80.000000,123.500000,80.000000,123.500000,2,ihawk1,primary,1786173751.991662025,1786173751.945218086,46.443939,1,1,TR,40.000000,1,291.958504,185.070835,291.958504,185.070835,272.770996,183.584595,295.453247,176.990494,310.709900,185.921707,288.899872,193.786545,272.770996,183.584595,295.453247,176.990494,310.709900,185.921707,288.899872,193.786545,1,IPPE_SQUARE,-55.463708,-32.463293,739.268535,1.981606554,-0.690043389,0.431621693,0.356323,1,1786173751.925581932,66.080093,mono16,,0,alignment_not_asserted,raw/frames/ihawk1/h_p040p000mm/frame_0002_color.png,raw/frames/ihawk1/h_p040p000mm/frame_0002_depth.png
20260808_151001,2026-08-08T15:22:32.215,19,40.000000,1,0.000000,0.000000,0.000000,-80.000000,-123.500000,-80.000000,-123.500000,2,ihawk1,primary,1786173751.991662025,1786173751.945218086,46.443939,1,2,BL,40.000000,1,301.405212,282.381271,301.405212,282.381271,273.233673,279.066956,305.997986,264.563782,330.063568,284.631897,296.325623,301.262451,273.233673,279.066956,305.997986,264.563782,330.063568,284.631897,296.325623,301.262451,1,IPPE_SQUARE,-25.397794,97.328550,493.593148,1.976937240,-0.664958145,0.431434327,0.037000,1,1786173751.925581932,66.080093,mono16,,0,alignment_not_asserted,raw/frames/ihawk1/h_p040p000mm/frame_0002_color.png,raw/frames/ihawk1/h_p040p000mm/frame_0002_depth.png
20260808_151001,2026-08-08T15:22:32.215,19,40.000000,1,0.000000,0.000000,0.000000,80.000000,-123.500000,80.000000,-123.500000,2,ihawk1,primary,1786173751.991662025,1786173751.945218086,46.443939,1,3,BR,40.000000,1,382.816528,243.413647,382.816528,243.413647,358.035767,241.355179,382.409454,229.403381,407.000000,245.000000,383.820892,257.896027,358.035767,241.355179,382.409454,229.403381,407.000000,245.000000,383.820892,257.896027,1,IPPE_SQUARE,88.107488,58.847457,584.059922,2.007215271,-0.702064085,0.428632310,0.364197,1,1786173751.925581932,66.080093,mono16,,0,alignment_not_asserted,raw/frames/ihawk1/h_p040p000mm/frame_0002_color.png,raw/frames/ihawk1/h_p040p000mm/frame_0002_depth.png
20260808_151001,2026-08-08T15:22:32.215,19,40.000000,1,0.000000,0.000000,0.000000,0.000000,0.000000,0.000000,0.000000,2,ihawk1,primary,1786173751.991662025,1786173751.945218086,46.443939,1,4,C,40.000000,1,295.805962,225.150230,295.805962,225.150230,273.133148,222.942673,300.030212,213.505615,318.564972,226.448761,291.495514,237.703873,273.133148,222.942673,300.030212,213.505615,318.564972,226.448761,291.495514,237.703873,1,IPPE_SQUARE,-40.269932,34.147089,615.451713,1.985823479,-0.670629900,0.412196666,0.207333,1,1786173751.925581932,66.080093,mono16,,0,alignment_not_asserted,raw/frames/ihawk1/h_p040p000mm/frame_0002_color.png,raw/frames/ihawk1/h_p040p000mm/frame_0002_depth.png
20260808_151001,2026-08-08T15:22:32.215,19,40.000000,1,0.000000,0.000000,0.000000,-80.000000,123.500000,-80.000000,123.500000,2,ihawk2,secondary,1786173751.945218086,1786173751.991662025,46.443939,1,0,TL,40.000000,1,188.114197,329.668991,188.114197,329.668991,157.355453,346.924835,171.530472,312.759552,216.342377,312.694794,207.228485,346.296783,157.355453,346.924835,171.530472,312.759552,216.342377,312.694794,207.228485,346.296783,1,IPPE_SQUARE,-142.963799,135.900509,422.740440,1.532858575,-1.574201141,1.024438211,0.067674,1,1786173751.920514107,24.703979,mono16,,0,alignment_not_asserted,raw/frames/ihawk2/h_p040p000mm/frame_0002_color.png,raw/frames/ihawk2/h_p040p000mm/frame_0002_depth.png
20260808_151001,2026-08-08T15:22:32.215,19,40.000000,1,0.000000,0.000000,0.000000,80.000000,123.500000,80.000000,123.500000,2,ihawk2,secondary,1786173751.945218086,1786173751.991662025,46.443939,1,1,TR,40.000000,1,213.732067,254.181652,213.732067,254.181652,191.326767,264.529999,199.756973,244.189804,234.633881,243.384674,229.210648,264.622131,191.326767,264.529999,199.756973,244.189804,234.633881,243.384674,229.210648,264.622131,1,IPPE_SQUARE,-149.102479,70.815282,545.619237,1.537728626,-1.593672186,0.985865865,0.259181,1,1786173751.920514107,24.703979,mono16,,0,alignment_not_asserted,raw/frames/ihawk2/h_p040p000mm/frame_0002_color.png,raw/frames/ihawk2/h_p040p000mm/frame_0002_depth.png
20260808_151001,2026-08-08T15:22:32.215,19,40.000000,1,0.000000,0.000000,0.000000,-80.000000,-123.500000,-80.000000,-123.500000,2,ihawk2,secondary,1786173751.945218086,1786173751.991662025,46.443939,1,2,BL,40.000000,1,399.121880,323.770233,399.121880,323.770233,380.422729,340.708649,372.664001,308.499542,415.550079,307.021271,427.850708,338.851471,380.422729,340.708649,372.664001,308.499542,415.550079,307.021271,427.850708,338.851471,1,IPPE_SQUARE,86.016271,132.206671,431.274442,1.493698527,-1.565583500,0.980702145,0.043267,1,1786173751.920514107,24.703979,mono16,,0,alignment_not_asserted,raw/frames/ihawk2/h_p040p000mm/frame_0002_color.png,raw/frames/ihawk2/h_p040p000mm/frame_0002_depth.png
20260808_151001,2026-08-08T15:22:32.215,19,40.000000,1,0.000000,0.000000,0.000000,80.000000,-123.500000,80.000000,-123.500000,2,ihawk2,secondary,1786173751.945218086,1786173751.991662025,46.443939,1,3,BR,40.000000,1,377.274918,251.006214,377.274918,251.006214,362.005737,261.721680,357.457458,241.238663,391.129944,240.549194,398.506531,260.515320,362.005737,261.721680,357.457458,241.238663,391.129944,240.549194,398.506531,260.515320,1,IPPE_SQUARE,79.911404,67.570895,555.129360,1.527109521,-1.595403658,0.960490223,0.095779,1,1786173751.920514107,24.703979,mono16,,0,alignment_not_asserted,raw/frames/ihawk2/h_p040p000mm/frame_0002_color.png,raw/frames/ihawk2/h_p040p000mm/frame_0002_depth.png
20260808_151001,2026-08-08T15:22:32.215,19,40.000000,1,0.000000,0.000000,0.000000,0.000000,0.000000,0.000000,0.000000,2,ihawk2,secondary,1786173751.945218086,1786173751.991662025,46.443939,1,4,C,40.000000,1,295.608406,285.494873,295.608406,285.494873,274.326111,298.703583,276.621094,273.307220,315.068970,272.291748,316.417450,297.676941,274.326111,298.703583,276.621094,273.307220,315.068970,272.291748,316.417450,297.676941,1,IPPE_SQUARE,-31.395840,102.129367,487.736450,1.513436275,-1.580219226,0.984480133,0.050844,1,1786173751.920514107,24.703979,mono16,,0,alignment_not_asserted,raw/frames/ihawk2/h_p040p000mm/frame_0002_color.png,raw/frames/ihawk2/h_p040p000mm/frame_0002_depth.png
20260808_151001,2026-08-08T15:22:32.383,19,40.000000,1,0.000000,0.000000,0.000000,-80.000000,123.500000,-80.000000,123.500000,3,ihawk1,primary,1786173752.057701111,1786173752.020519018,37.182093,1,0,TL,40.000000,1,219.043125,208.194275,219.043125,208.194275,198.071594,205.859970,226.424850,197.656708,240.498062,209.868851,211.177994,219.391571,198.071594,205.859970,226.424850,197.656708,240.498062,209.868851,211.177994,219.391571,1,IPPE_SQUARE,-166.058844,8.689714,647.985827,2.004638298,-0.665085739,0.434351780,0.078970,1,1786173751.991662025,66.039085,mono16,,0,alignment_not_asserted,raw/frames/ihawk1/h_p040p000mm/frame_0003_color.png,raw/frames/ihawk1/h_p040p000mm/frame_0003_depth.png
20260808_151001,2026-08-08T15:22:32.383,19,40.000000,1,0.000000,0.000000,0.000000,80.000000,123.500000,80.000000,123.500000,3,ihawk1,primary,1786173752.057701111,1786173752.020519018,37.182093,1,1,TR,40.000000,1,291.956795,185.076237,291.956795,185.076237,272.760468,183.579132,295.453247,176.990494,310.728027,185.940063,288.885437,193.795258,272.760468,183.579132,295.453247,176.990494,310.728027,185.940063,288.885437,193.795258,1,IPPE_SQUARE,-55.423866,-32.428872,738.699884,1.981769641,-0.689497973,0.432054276,0.350992,1,1786173751.991662025,66.039085,mono16,,0,alignment_not_asserted,raw/frames/ihawk1/h_p040p000mm/frame_0003_color.png,raw/frames/ihawk1/h_p040p000mm/frame_0003_depth.png
20260808_151001,2026-08-08T15:22:32.383,19,40.000000,1,0.000000,0.000000,0.000000,-80.000000,-123.500000,-80.000000,-123.500000,3,ihawk1,primary,1786173752.057701111,1786173752.020519018,37.182093,1,2,BL,40.000000,1,301.428810,282.407898,301.428810,282.407898,273.218597,279.108582,306.102936,264.597870,330.068909,284.654724,296.324799,301.270416,273.218597,279.108582,306.102936,264.597870,330.068909,284.654724,296.324799,301.270416,1,IPPE_SQUARE,-25.353371,97.297279,493.271054,1.975719527,-0.663747083,0.428722694,0.058449,1,1786173751.991662025,66.039085,mono16,,0,alignment_not_asserted,raw/frames/ihawk1/h_p040p000mm/frame_0003_color.png,raw/frames/ihawk1/h_p040p000mm/frame_0003_depth.png
20260808_151001,2026-08-08T15:22:32.383,19,40.000000,1,0.000000,0.000000,0.000000,80.000000,-123.500000,80.000000,-123.500000,3,ihawk1,primary,1786173752.057701111,1786173752.020519018,37.182093,1,3,BR,40.000000,1,382.802017,243.393131,382.802017,243.393131,358.045349,241.336243,382.480194,229.390610,407.000000,245.000000,383.682526,257.845673,358.045349,241.336243,382.480194,229.390610,407.000000,245.000000,383.682526,257.845673,1,IPPE_SQUARE,88.133241,58.850482,584.378504,2.007184211,-0.698920125,0.423729485,0.355917,1,1786173751.991662025,66.039085,mono16,,0,alignment_not_asserted,raw/frames/ihawk1/h_p040p000mm/frame_0003_color.png,raw/frames/ihawk1/h_p040p000mm/frame_0003_depth.png
20260808_151001,2026-08-08T15:22:32.383,19,40.000000,1,0.000000,0.000000,0.000000,0.000000,0.000000,0.000000,0.000000,3,ihawk1,primary,1786173752.057701111,1786173752.020519018,37.182093,1,4,C,40.000000,1,295.785675,225.127277,295.785675,225.127277,273.126892,222.945221,299.985046,213.434113,318.534912,226.435867,291.495850,237.693909,273.126892,222.945221,299.985046,213.434113,318.534912,226.435867,291.495850,237.693909,1,IPPE_SQUARE,-40.332275,34.138001,615.925641,1.987635992,-0.672217114,0.412010191,0.191310,1,1786173751.991662025,66.039085,mono16,,0,alignment_not_asserted,raw/frames/ihawk1/h_p040p000mm/frame_0003_color.png,raw/frames/ihawk1/h_p040p000mm/frame_0003_depth.png
20260808_151001,2026-08-08T15:22:32.383,19,40.000000,1,0.000000,0.000000,0.000000,-80.000000,123.500000,-80.000000,123.500000,3,ihawk2,secondary,1786173752.020519018,1786173752.057701111,37.182093,1,0,TL,40.000000,1,188.123894,329.651100,188.123894,329.651100,157.382492,346.871429,171.595749,312.727722,216.340714,312.707184,207.176620,346.298065,157.382492,346.871429,171.595749,312.727722,216.340714,312.707184,207.176620,346.298065,1,IPPE_SQUARE,-143.127688,136.047746,423.252351,1.534334631,-1.573459704,1.023318103,0.067478,1,1786173751.979118109,41.400909,mono16,,0,alignment_not_asserted,raw/frames/ihawk2/h_p040p000mm/frame_0003_color.png,raw/frames/ihawk2/h_p040p000mm/frame_0003_depth.png
20260808_151001,2026-08-08T15:22:32.383,19,40.000000,1,0.000000,0.000000,0.000000,80.000000,123.500000,80.000000,123.500000,3,ihawk2,secondary,1786173752.020519018,1786173752.057701111,37.182093,1,1,TR,40.000000,1,213.751484,254.178955,213.751484,254.178955,191.335983,264.544708,199.755173,244.206802,234.654694,243.409958,229.260086,264.554352,191.335983,264.544708,199.755173,244.206802,234.654694,243.409958,229.260086,264.554352,1,IPPE_SQUARE,-148.969669,70.761861,545.234584,1.535313620,-1.593235688,0.987288918,0.237339,1,1786173751.979118109,41.400909,mono16,,0,alignment_not_asserted,raw/frames/ihawk2/h_p040p000mm/frame_0003_color.png,raw/frames/ihawk2/h_p040p000mm/frame_0003_depth.png
20260808_151001,2026-08-08T15:22:32.383,19,40.000000,1,0.000000,0.000000,0.000000,-80.000000,-123.500000,-80.000000,-123.500000,3,ihawk2,secondary,1786173752.020519018,1786173752.057701111,37.182093,1,2,BL,40.000000,1,399.106483,323.762383,399.106483,323.762383,380.406250,340.674500,372.634033,308.505859,415.554535,307.034485,427.831116,338.834686,380.406250,340.674500,372.634033,308.505859,415.554535,307.034485,427.831116,338.834686,1,IPPE_SQUARE,85.973032,132.158366,431.144452,1.493036052,-1.564421496,0.981432199,0.052228,1,1786173751.979118109,41.400909,mono16,,0,alignment_not_asserted,raw/frames/ihawk2/h_p040p000mm/frame_0003_color.png,raw/frames/ihawk2/h_p040p000mm/frame_0003_depth.png
20260808_151001,2026-08-08T15:22:32.383,19,40.000000,1,0.000000,0.000000,0.000000,80.000000,-123.500000,80.000000,-123.500000,3,ihawk2,secondary,1786173752.020519018,1786173752.057701111,37.182093,1,3,BR,40.000000,1,377.260948,250.981812,377.260948,250.981812,362.005737,261.721680,357.447906,241.180878,391.115845,240.543396,398.474304,260.481293,362.005737,261.721680,357.447906,241.180878,391.115845,240.543396,398.474304,260.481293,1,IPPE_SQUARE,79.928628,67.567161,555.382310,1.527983608,-1.596007801,0.960496236,0.116823,1,1786173751.979118109,41.400909,mono16,,0,alignment_not_asserted,raw/frames/ihawk2/h_p040p000mm/frame_0003_color.png,raw/frames/ihawk2/h_p040p000mm/frame_0003_depth.png
20260808_151001,2026-08-08T15:22:32.383,19,40.000000,1,0.000000,0.000000,0.000000,0.000000,0.000000,0.000000,0.000000,3,ihawk2,secondary,1786173752.020519018,1786173752.057701111,37.182093,1,4,C,40.000000,1,295.596741,285.503181,295.596741,285.503181,274.345032,298.696381,276.611267,273.321808,315.065552,272.294586,316.365112,297.699951,274.345032,298.696381,276.611267,273.321808,315.065552,272.294586,316.365112,297.699951,1,IPPE_SQUARE,-31.435206,102.220814,488.119848,1.514000395,-1.580350621,0.983987177,0.066817,1,1786173751.979118109,41.400909,mono16,,0,alignment_not_asserted,raw/frames/ihawk2/h_p040p000mm/frame_0003_color.png,raw/frames/ihawk2/h_p040p000mm/frame_0003_depth.png
20260808_151001,2026-08-08T15:23:42.698,20,45.000000,1,0.000000,0.000000,0.000000,-80.000000,123.500000,-80.000000,123.500000,1,ihawk1,primary,1786173822.579581022,1786173822.604055882,24.474859,1,0,TL,45.000000,1,219.032970,205.127514,219.032970,205.127514,198.253799,201.606537,225.756195,195.188736,240.539001,207.220062,211.582886,216.494720,198.253799,201.606537,225.756195,195.188736,240.539001,207.220062,211.582886,216.494720,1,IPPE_SQUARE,-167.969626,3.802757,655.474601,2.018649206,-0.657955019,0.508548917,0.510690,1,1786173822.545304060,34.276962,mono16,,0,alignment_not_asserted,raw/frames/ihawk1/h_p045p000mm/frame_0001_color.png,raw/frames/ihawk1/h_p045p000mm/frame_0001_depth.png
20260808_151001,2026-08-08T15:23:42.698,20,45.000000,1,0.000000,0.000000,0.000000,80.000000,123.500000,80.000000,123.500000,1,ihawk1,primary,1786173822.579581022,1786173822.604055882,24.474859,1,1,TR,45.000000,1,291.107597,181.804672,291.107597,181.804672,273.324951,178.255829,294.616638,174.449310,310.488800,183.513550,286.000000,191.000000,273.324951,178.255829,294.616638,174.449310,310.488800,183.513550,286.000000,191.000000,1,IPPE_SQUARE,-56.859614,-38.383780,737.541340,2.010130529,-0.607241165,0.475022962,1.054471,1,1786173822.545304060,34.276962,mono16,,0,alignment_not_asserted,raw/frames/ihawk1/h_p045p000mm/frame_0001_color.png,raw/frames/ihawk1/h_p045p000mm/frame_0001_depth.png
20260808_151001,2026-08-08T15:23:42.698,20,45.000000,1,0.000000,0.000000,0.000000,-80.000000,-123.500000,-80.000000,-123.500000,1,ihawk1,primary,1786173822.579581022,1786173822.604055882,24.474859,1,2,BL,45.000000,1,303.412987,278.759979,303.412987,278.759979,275.044312,275.627686,307.662323,261.289368,332.190247,280.905090,298.755066,297.217773,275.044312,275.627686,307.662323,261.289368,332.190247,280.905090,298.755066,297.217773,1,IPPE_SQUARE,-22.854257,92.568648,491.881124,1.965804391,-0.669629295,0.442950424,0.075001,1,1786173822.545304060,34.276962,mono16,,0,alignment_not_asserted,raw/frames/ihawk1/h_p045p000mm/frame_0001_color.png,raw/frames/ihawk1/h_p045p000mm/frame_0001_depth.png
20260808_151001,2026-08-08T15:23:42.698,20,45.000000,1,0.000000,0.000000,0.000000,80.000000,-123.500000,80.000000,-123.500000,1,ihawk1,primary,1786173822.579581022,1786173822.604055882,24.474859,1,3,BR,45.000000,1,384.277725,239.686790,384.277725,239.686790,359.288116,237.837189,383.588440,225.896973,409.443817,240.871323,384.790527,254.141678,359.288116,237.837189,383.588440,225.896973,409.443817,240.871323,384.790527,254.141678,1,IPPE_SQUARE,88.275027,52.274612,571.525589,1.989467073,-0.699944150,0.407051970,0.051137,1,1786173822.545304060,34.276962,mono16,,0,alignment_not_asserted,raw/frames/ihawk1/h_p045p000mm/frame_0001_color.png,raw/frames/ihawk1/h_p045p000mm/frame_0001_depth.png
20260808_151001,2026-08-08T15:23:42.698,20,45.000000,1,0.000000,0.000000,0.000000,0.000000,0.000000,0.000000,0.000000,1,ihawk1,primary,1786173822.579581022,1786173822.604055882,24.474859,1,4,C,45.000000,1,296.447266,222.101879,296.447266,222.101879,273.685181,220.128296,300.365997,210.536728,319.302338,223.310272,292.435547,234.432220,273.685181,220.128296,300.365997,210.536728,319.302338,223.310272,292.435547,234.432220,1,IPPE_SQUARE,-39.233139,29.443160,614.581132,1.981404733,-0.682468414,0.419790314,0.145847,1,1786173822.545304060,34.276962,mono16,,0,alignment_not_asserted,raw/frames/ihawk1/h_p045p000mm/frame_0001_color.png,raw/frames/ihawk1/h_p045p000mm/frame_0001_depth.png
20260808_151001,2026-08-08T15:23:42.698,20,45.000000,1,0.000000,0.000000,0.000000,-80.000000,123.500000,-80.000000,123.500000,1,ihawk2,secondary,1786173822.604055882,1786173822.579581022,24.474859,1,0,TL,45.000000,1,188.304764,326.130951,188.304764,326.130951,157.719193,343.460785,171.391327,309.542145,216.553299,309.207916,207.555237,342.312958,157.719193,343.460785,171.391327,309.542145,216.553299,309.207916,207.555237,342.312958,1,IPPE_SQUARE,-142.432975,131.783612,421.774429,1.523405817,-1.580593727,1.024859489,0.164026,1,1786173822.604055882,0.000000,mono16,,0,alignment_not_asserted,raw/frames/ihawk2/h_p045p000mm/frame_0001_color.png,raw/frames/ihawk2/h_p045p000mm/frame_0001_depth.png
20260808_151001,2026-08-08T15:23:42.698,20,45.000000,1,0.000000,0.000000,0.000000,80.000000,123.500000,80.000000,123.500000,1,ihawk2,secondary,1786173822.604055882,1786173822.579581022,24.474859,1,1,TR,45.000000,1,213.087631,251.299862,213.087631,251.299862,190.599564,261.809875,199.155930,241.462753,233.870529,240.489227,228.724503,261.437592,190.599564,261.809875,199.155930,241.462753,233.870529,240.489227,228.724503,261.437592,1,IPPE_SQUARE,-149.833447,66.725040,544.999386,1.531587597,-1.600874784,0.978501600,0.218644,1,1786173822.604055882,0.000000,mono16,,0,alignment_not_asserted,raw/frames/ihawk2/h_p045p000mm/frame_0001_color.png,raw/frames/ihawk2/h_p045p000mm/frame_0001_depth.png
20260808_151001,2026-08-08T15:23:42.698,20,45.000000,1,0.000000,0.000000,0.000000,-80.000000,-123.500000,-80.000000,-123.500000,1,ihawk2,secondary,1786173822.604055882,1786173822.579581022,24.474859,1,2,BL,45.000000,1,400.127998,318.752968,400.127998,318.752968,381.619049,335.618835,373.356201,303.933502,416.333130,302.200897,429.203613,333.258636,381.619049,335.618835,373.356201,303.933502,416.333130,302.200897,429.203613,333.258636,1,IPPE_SQUARE,86.732329,126.129865,429.373106,1.481124442,-1.568854097,0.986471294,0.075473,1,1786173822.604055882,0.000000,mono16,,0,alignment_not_asserted,raw/frames/ihawk2/h_p045p000mm/frame_0001_color.png,raw/frames/ihawk2/h_p045p000mm/frame_0001_depth.png
20260808_151001,2026-08-08T15:23:42.698,20,45.000000,1,0.000000,0.000000,0.000000,80.000000,-123.500000,80.000000,-123.500000,1,ihawk2,secondary,1786173822.604055882,1786173822.579581022,24.474859,1,3,BR,45.000000,1,376.985207,247.099152,376.985207,247.099152,361.905304,257.861053,357.096344,237.511063,390.631683,236.596664,398.307495,256.427826,361.905304,257.861053,357.096344,237.511063,390.631683,236.596664,398.307495,256.427826,1,IPPE_SQUARE,79.647915,62.149179,556.149426,1.525031521,-1.609791129,0.959265888,0.093010,1,1786173822.604055882,0.000000,mono16,,0,alignment_not_asserted,raw/frames/ihawk2/h_p045p000mm/frame_0001_color.png,raw/frames/ihawk2/h_p045p000mm/frame_0001_depth.png
20260808_151001,2026-08-08T15:23:42.698,20,45.000000,1,0.000000,0.000000,0.000000,0.000000,0.000000,0.000000,0.000000,1,ihawk2,secondary,1786173822.604055882,1786173822.579581022,24.474859,1,4,C,45.000000,1,295.757332,281.659027,295.757332,281.659027,274.667175,294.955475,276.597748,269.570618,315.119965,268.554565,316.644440,293.555450,274.667175,294.955475,276.597748,269.570618,315.119965,268.554565,316.644440,293.555450,1,IPPE_SQUARE,-31.224965,97.399892,487.955797,1.512417184,-1.590007597,0.984188768,0.067653,1,1786173822.604055882,0.000000,mono16,,0,alignment_not_asserted,raw/frames/ihawk2/h_p045p000mm/frame_0001_color.png,raw/frames/ihawk2/h_p045p000mm/frame_0001_depth.png
20260808_151001,2026-08-08T15:23:42.876,20,45.000000,1,0.000000,0.000000,0.000000,-80.000000,123.500000,-80.000000,123.500000,2,ihawk1,primary,1786173822.649508953,1786173822.644001961,5.506992,1,0,TL,45.000000,1,219.126835,205.073494,219.126835,205.073494,198.734238,201.412659,225.758804,195.195450,240.502487,207.207703,211.511810,216.478165,198.734238,201.412659,225.758804,195.195450,240.502487,207.207703,211.511810,216.478165,1,IPPE_SQUARE,-169.443644,3.755813,661.818716,2.025676546,-0.652700409,0.508038461,0.617102,1,1786173822.545304060,104.204893,mono16,,0,alignment_not_asserted,raw/frames/ihawk1/h_p045p000mm/frame_0002_color.png,raw/frames/ihawk1/h_p045p000mm/frame_0002_depth.png
20260808_151001,2026-08-08T15:23:42.876,20,45.000000,1,0.000000,0.000000,0.000000,80.000000,123.500000,80.000000,123.500000,2,ihawk1,primary,1786173822.649508953,1786173822.644001961,5.506992,1,1,TR,45.000000,1,290.760422,181.924679,290.760422,181.924679,271.904205,178.751816,294.641327,174.447693,310.496155,183.499207,286.000000,191.000000,271.904205,178.751816,294.641327,174.447693,310.496155,183.499207,286.000000,191.000000,1,IPPE_SQUARE,-55.784253,-37.035912,715.530904,1.992251906,-0.616939724,0.463876032,0.725046,1,1786173822.545304060,104.204893,mono16,,0,alignment_not_asserted,raw/frames/ihawk1/h_p045p000mm/frame_0002_color.png,raw/frames/ihawk1/h_p045p000mm/frame_0002_depth.png
20260808_151001,2026-08-08T15:23:42.876,20,45.000000,1,0.000000,0.000000,0.000000,-80.000000,-123.500000,-80.000000,-123.500000,2,ihawk1,primary,1786173822.649508953,1786173822.644001961,5.506992,1,2,BL,45.000000,1,303.414001,278.756348,303.414001,278.756348,275.039124,275.562378,307.665527,261.291595,332.212311,280.943756,298.739044,297.227661,275.039124,275.562378,307.665527,261.291595,332.212311,280.943756,298.739044,297.227661,1,IPPE_SQUARE,-22.839228,92.512775,491.611750,1.966471417,-0.668247771,0.444853723,0.063549,1,1786173822.545304060,104.204893,mono16,,0,alignment_not_asserted,raw/frames/ihawk1/h_p045p000mm/frame_0002_color.png,raw/frames/ihawk1/h_p045p000mm/frame_0002_depth.png
20260808_151001,2026-08-08T15:23:42.876,20,45.000000,1,0.000000,0.000000,0.000000,80.000000,-123.500000,80.000000,-123.500000,2,ihawk1,primary,1786173822.649508953,1786173822.644001961,5.506992,1,3,BR,45.000000,1,384.279961,239.697876,384.279961,239.697876,359.281647,237.848465,383.591736,225.901642,409.421906,240.868484,384.824554,254.172913,359.281647,237.848465,383.591736,225.901642,409.421906,240.868484,384.824554,254.172913,1,IPPE_SQUARE,88.302103,52.304330,571.679313,1.989981577,-0.700811735,0.407260554,0.037663,1,1786173822.545304060,104.204893,mono16,,0,alignment_not_asserted,raw/frames/ihawk1/h_p045p000mm/frame_0002_color.png,raw/frames/ihawk1/h_p045p000mm/frame_0002_depth.png
20260808_151001,2026-08-08T15:23:42.876,20,45.000000,1,0.000000,0.000000,0.000000,0.000000,0.000000,0.000000,0.000000,2,ihawk1,primary,1786173822.649508953,1786173822.644001961,5.506992,1,4,C,45.000000,1,296.437080,222.125404,296.437080,222.125404,273.669952,220.226028,300.336731,210.537292,319.324615,223.307480,292.417023,234.430817,273.669952,220.226028,300.336731,210.537292,319.324615,223.307480,292.417023,234.430817,1,IPPE_SQUARE,-39.221724,29.457848,614.142789,1.979895203,-0.683913347,0.417867844,0.121187,1,1786173822.545304060,104.204893,mono16,,0,alignment_not_asserted,raw/frames/ihawk1/h_p045p000mm/frame_0002_color.png,raw/frames/ihawk1/h_p045p000mm/frame_0002_depth.png
20260808_151001,2026-08-08T15:23:42.876,20,45.000000,1,0.000000,0.000000,0.000000,-80.000000,123.500000,-80.000000,123.500000,2,ihawk2,secondary,1786173822.644001961,1786173822.649508953,5.506992,1,0,TL,45.000000,1,188.322529,326.139679,188.322529,326.139679,157.763519,343.469269,171.434525,309.558685,216.545654,309.208984,207.546417,342.321777,157.763519,343.469269,171.434525,309.558685,216.545654,309.208984,207.546417,342.321777,1,IPPE_SQUARE,-142.548601,131.917592,422.169018,1.523868700,-1.581019118,1.023575361,0.159639,1,1786173822.604055882,39.946079,mono16,,0,alignment_not_asserted,raw/frames/ihawk2/h_p045p000mm/frame_0002_color.png,raw/frames/ihawk2/h_p045p000mm/frame_0002_depth.png
20260808_151001,2026-08-08T15:23:42.876,20,45.000000,1,0.000000,0.000000,0.000000,80.000000,123.500000,80.000000,123.500000,2,ihawk2,secondary,1786173822.644001961,1786173822.649508953,5.506992,1,1,TR,45.000000,1,213.087013,251.281406,213.087013,251.281406,190.631180,261.797455,199.167099,241.455658,233.825272,240.434921,228.724503,261.437592,190.631180,261.797455,199.167099,241.455658,233.825272,240.434921,228.724503,261.437592,1,IPPE_SQUARE,-150.017920,66.780995,545.662230,1.532263642,-1.602536179,0.977164301,0.236490,1,1786173822.604055882,39.946079,mono16,,0,alignment_not_asserted,raw/frames/ihawk2/h_p045p000mm/frame_0002_color.png,raw/frames/ihawk2/h_p045p000mm/frame_0002_depth.png
20260808_151001,2026-08-08T15:23:42.876,20,45.000000,1,0.000000,0.000000,0.000000,-80.000000,-123.500000,-80.000000,-123.500000,2,ihawk2,secondary,1786173822.644001961,1786173822.649508953,5.506992,1,2,BL,45.000000,1,400.126869,318.753639,400.126869,318.753639,381.609589,335.612213,373.356354,303.944183,416.338013,302.198700,429.203522,333.259460,381.609589,335.612213,373.356354,303.944183,416.338013,302.198700,429.203522,333.259460,1,IPPE_SQUARE,86.723717,126.120341,429.338097,1.480866857,-1.568546424,0.986250602,0.070732,1,1786173822.604055882,39.946079,mono16,,0,alignment_not_asserted,raw/frames/ihawk2/h_p045p000mm/frame_0002_color.png,raw/frames/ihawk2/h_p045p000mm/frame_0002_depth.png
20260808_151001,2026-08-08T15:23:42.876,20,45.000000,1,0.000000,0.000000,0.000000,80.000000,-123.500000,80.000000,-123.500000,2,ihawk2,secondary,1786173822.644001961,1786173822.649508953,5.506992,1,3,BR,45.000000,1,376.965927,247.114189,376.965927,247.114189,361.938385,257.878693,357.009918,237.564774,390.625275,236.593613,398.290131,256.419678,361.938385,257.878693,357.009918,237.564774,390.625275,236.593613,398.290131,256.419678,1,IPPE_SQUARE,79.568932,62.130601,555.793759,1.522955676,-1.610316960,0.960198237,0.078547,1,1786173822.604055882,39.946079,mono16,,0,alignment_not_asserted,raw/frames/ihawk2/h_p045p000mm/frame_0002_color.png,raw/frames/ihawk2/h_p045p000mm/frame_0002_depth.png
20260808_151001,2026-08-08T15:23:42.876,20,45.000000,1,0.000000,0.000000,0.000000,0.000000,0.000000,0.000000,0.000000,2,ihawk2,secondary,1786173822.644001961,1786173822.649508953,5.506992,1,4,C,45.000000,1,295.762909,281.649040,295.762909,281.649040,274.657745,294.921295,276.616150,269.563660,315.111023,268.546021,316.666718,293.565186,274.657745,294.921295,276.616150,269.563660,315.111023,268.546021,316.666718,293.565186,1,IPPE_SQUARE,-31.216940,97.385150,487.943870,1.512741011,-1.589769687,0.984820069,0.049282,1,1786173822.604055882,39.946079,mono16,,0,alignment_not_asserted,raw/frames/ihawk2/h_p045p000mm/frame_0002_color.png,raw/frames/ihawk2/h_p045p000mm/frame_0002_depth.png
20260808_151001,2026-08-08T15:23:43.053,20,45.000000,1,0.000000,0.000000,0.000000,-80.000000,123.500000,-80.000000,123.500000,3,ihawk1,primary,1786173822.678601980,1786173822.667804956,10.797024,1,0,TL,45.000000,1,219.038437,205.116005,219.038437,205.116005,198.299500,201.577225,225.820419,195.207397,240.519547,207.203293,211.514282,216.476105,198.299500,201.577225,225.820419,195.207397,240.519547,207.203293,211.514282,216.476105,1,IPPE_SQUARE,-168.007795,3.785384,655.656376,2.018357253,-0.655262538,0.505636821,0.524358,1,1786173822.579581022,99.020958,mono16,,0,alignment_not_asserted,raw/frames/ihawk1/h_p045p000mm/frame_0003_color.png,raw/frames/ihawk1/h_p045p000mm/frame_0003_depth.png
20260808_151001,2026-08-08T15:23:43.053,20,45.000000,1,0.000000,0.000000,0.000000,80.000000,123.500000,80.000000,123.500000,3,ihawk1,primary,1786173822.678601980,1786173822.667804956,10.797024,1,1,TR,45.000000,1,290.787720,181.978966,290.787720,181.978966,272.094360,178.951111,294.574188,174.446198,310.482330,183.518555,286.000000,191.000000,272.094360,178.951111,294.574188,174.446198,310.482330,183.518555,286.000000,191.000000,1,IPPE_SQUARE,-56.083675,-37.164664,719.953063,1.994215419,-0.620638218,0.457843878,0.702007,1,1786173822.579581022,99.020958,mono16,,0,alignment_not_asserted,raw/frames/ihawk1/h_p045p000mm/frame_0003_color.png,raw/frames/ihawk1/h_p045p000mm/frame_0003_depth.png
20260808_151001,2026-08-08T15:23:43.053,20,45.000000,1,0.000000,0.000000,0.000000,-80.000000,-123.500000,-80.000000,-123.500000,3,ihawk1,primary,1786173822.678601980,1786173822.667804956,10.797024,1,2,BL,45.000000,1,303.421524,278.754677,303.421524,278.754677,275.037811,275.562927,307.667786,261.301575,332.223022,280.938812,298.757477,297.215393,275.037811,275.562927,307.667786,261.301575,332.223022,280.938812,298.757477,297.215393,1,IPPE_SQUARE,-22.826126,92.495433,491.529881,1.965852317,-0.668250857,0.445349948,0.063836,1,1786173822.579581022,99.020958,mono16,,0,alignment_not_asserted,raw/frames/ihawk1/h_p045p000mm/frame_0003_color.png,raw/frames/ihawk1/h_p045p000mm/frame_0003_depth.png
20260808_151001,2026-08-08T15:23:43.053,20,45.000000,1,0.000000,0.000000,0.000000,80.000000,-123.500000,80.000000,-123.500000,3,ihawk1,primary,1786173822.678601980,1786173822.667804956,10.797024,1,3,BR,45.000000,1,384.284645,239.695221,384.284645,239.695221,359.288116,237.837189,383.609955,225.914627,409.409363,240.873978,384.831146,254.155090,359.288116,237.837189,383.609955,225.914627,409.409363,240.873978,384.831146,254.155090,1,IPPE_SQUARE,88.341370,52.320381,571.889311,1.989738319,-0.700217281,0.407510833,0.034743,1,1786173822.579581022,99.020958,mono16,,0,alignment_not_asserted,raw/frames/ihawk1/h_p045p000mm/frame_0003_color.png,raw/frames/ihawk1/h_p045p000mm/frame_0003_depth.png
20260808_151001,2026-08-08T15:23:43.053,20,45.000000,1,0.000000,0.000000,0.000000,0.000000,0.000000,0.000000,0.000000,3,ihawk1,primary,1786173822.678601980,1786173822.667804956,10.797024,1,4,C,45.000000,1,296.441322,222.150700,296.441322,222.150700,273.754364,220.309158,300.255127,210.551514,319.324615,223.307480,292.431183,234.434647,273.754364,220.309158,300.255127,210.551514,319.324615,223.307480,292.431183,234.434647,1,IPPE_SQUARE,-39.301698,29.562614,615.485771,1.979877865,-0.686512407,0.417707116,0.078850,1,1786173822.579581022,99.020958,mono16,,0,alignment_not_asserted,raw/frames/ihawk1/h_p045p000mm/frame_0003_color.png,raw/frames/ihawk1/h_p045p000mm/frame_0003_depth.png
20260808_151001,2026-08-08T15:23:43.053,20,45.000000,1,0.000000,0.000000,0.000000,-80.000000,123.500000,-80.000000,123.500000,3,ihawk2,secondary,1786173822.667804956,1786173822.678601980,10.797024,1,0,TL,45.000000,1,188.327045,326.137657,188.327045,326.137657,157.781509,343.462830,171.433807,309.558624,216.536148,309.217560,207.556717,342.311615,157.781509,343.462830,171.433807,309.558624,216.536148,309.217560,207.556717,342.311615,1,IPPE_SQUARE,-142.585921,131.955123,422.294077,1.523875128,-1.581172125,1.024174696,0.161067,1,1786173822.644001961,23.802996,mono16,,0,alignment_not_asserted,raw/frames/ihawk2/h_p045p000mm/frame_0003_color.png,raw/frames/ihawk2/h_p045p000mm/frame_0003_depth.png
20260808_151001,2026-08-08T15:23:43.053,20,45.000000,1,0.000000,0.000000,0.000000,80.000000,123.500000,80.000000,123.500000,3,ihawk2,secondary,1786173822.667804956,1786173822.678601980,10.797024,1,1,TR,45.000000,1,213.072132,251.290550,213.072132,251.290550,190.599838,261.803497,199.159698,241.463959,233.843155,240.454102,228.685837,261.440643,190.599838,261.803497,199.159698,241.463959,233.843155,240.454102,228.685837,261.440643,1,IPPE_SQUARE,-149.969941,66.763029,545.413098,1.532064973,-1.601380274,0.976723741,0.228638,1,1786173822.644001961,23.802996,mono16,,0,alignment_not_asserted,raw/frames/ihawk2/h_p045p000mm/frame_0003_color.png,raw/frames/ihawk2/h_p045p000mm/frame_0003_depth.png
20260808_151001,2026-08-08T15:23:43.053,20,45.000000,1,0.000000,0.000000,0.000000,-80.000000,-123.500000,-80.000000,-123.500000,3,ihawk2,secondary,1786173822.667804956,1786173822.678601980,10.797024,1,2,BL,45.000000,1,400.135895,318.745476,400.135895,318.745476,381.644287,335.589111,373.360229,303.936340,416.335510,302.199249,429.203552,333.257202,381.644287,335.589111,373.360229,303.936340,416.335510,302.199249,429.203552,333.257202,1,IPPE_SQUARE,86.759918,126.149353,429.465513,1.481136524,-1.568739090,0.987124798,0.070543,1,1786173822.644001961,23.802996,mono16,,0,alignment_not_asserted,raw/frames/ihawk2/h_p045p000mm/frame_0003_color.png,raw/frames/ihawk2/h_p045p000mm/frame_0003_depth.png
20260808_151001,2026-08-08T15:23:43.053,20,45.000000,1,0.000000,0.000000,0.000000,80.000000,-123.500000,80.000000,-123.500000,3,ihawk2,secondary,1786173822.667804956,1786173822.678601980,10.797024,1,3,BR,45.000000,1,376.961914,247.101662,376.961914,247.101662,361.905090,257.860992,357.010010,237.571014,390.607910,236.584290,398.324646,256.390350,361.905090,257.860992,357.010010,237.571014,390.607910,236.584290,398.324646,256.390350,1,IPPE_SQUARE,79.507388,62.069480,555.407329,1.521814026,-1.609675109,0.960625027,0.079239,1,1786173822.644001961,23.802996,mono16,,0,alignment_not_asserted,raw/frames/ihawk2/h_p045p000mm/frame_0003_color.png,raw/frames/ihawk2/h_p045p000mm/frame_0003_depth.png
20260808_151001,2026-08-08T15:23:43.053,20,45.000000,1,0.000000,0.000000,0.000000,0.000000,0.000000,0.000000,0.000000,3,ihawk2,secondary,1786173822.667804956,1786173822.678601980,10.797024,1,4,C,45.000000,1,295.777336,281.645493,295.777336,281.645493,274.657745,294.921295,276.637024,269.561676,315.120331,268.548248,316.694244,293.550751,274.657745,294.921295,276.637024,269.561676,315.120331,268.548248,316.694244,293.550751,1,IPPE_SQUARE,-31.192881,97.361505,487.847902,1.512401994,-1.589524852,0.984876698,0.044825,1,1786173822.644001961,23.802996,mono16,,0,alignment_not_asserted,raw/frames/ihawk2/h_p045p000mm/frame_0003_color.png,raw/frames/ihawk2/h_p045p000mm/frame_0003_depth.png
20260808_151001,2026-08-08T15:24:27.820,21,50.000000,1,0.000000,0.000000,0.000000,-80.000000,123.500000,-80.000000,123.500000,1,ihawk1,primary,1786173867.729564905,1786173867.713963032,15.601873,1,0,TL,50.000000,1,215.729568,203.433285,215.729568,203.433285,194.138046,200.230545,223.051590,193.546417,237.568192,205.377792,208.160446,214.578384,194.138046,200.230545,223.051590,193.546417,237.568192,205.377792,208.160446,214.578384,1,IPPE_SQUARE,-168.830586,1.003069,638.399686,1.997885048,-0.660186797,0.497471894,0.393243,1,1786173867.729564905,0.000000,mono16,,0,alignment_not_asserted,raw/frames/ihawk1/h_p050p000mm/frame_0001_color.png,raw/frames/ihawk1/h_p050p000mm/frame_0001_depth.png
20260808_151001,2026-08-08T15:24:27.820,21,50.000000,1,0.000000,0.000000,0.000000,80.000000,123.500000,80.000000,123.500000,1,ihawk1,primary,1786173867.729564905,1786173867.713963032,15.601873,1,1,TR,50.000000,1,288.484009,180.883083,288.484009,180.883083,269.490540,179.407364,291.661072,172.635925,307.784424,181.489044,285.000000,190.000000,269.490540,179.407364,291.661072,172.635925,307.784424,181.489044,285.000000,190.000000,1,IPPE_SQUARE,-61.254052,-39.787860,732.122277,1.995238709,-0.706543335,0.425702253,0.264041,1,1786173867.729564905,0.000000,mono16,,0,alignment_not_asserted,raw/frames/ihawk1/h_p050p000mm/frame_0001_color.png,raw/frames/ihawk1/h_p050p000mm/frame_0001_depth.png
20260808_151001,2026-08-08T15:24:27.820,21,50.000000,1,0.000000,0.000000,0.000000,-80.000000,-123.500000,-80.000000,-123.500000,1,ihawk1,primary,1786173867.729564905,1786173867.713963032,15.601873,1,2,BL,50.000000,1,301.197159,276.367020,301.197159,276.367020,272.679626,273.472168,305.216278,258.954926,330.320557,278.348083,296.572174,294.692902,272.679626,273.472168,305.216278,258.954926,330.320557,278.348083,296.572174,294.692902,1,IPPE_SQUARE,-25.372440,88.979530,488.267039,1.959059409,-0.679271226,0.450630470,0.138138,1,1786173867.729564905,0.000000,mono16,,0,alignment_not_asserted,raw/frames/ihawk1/h_p050p000mm/frame_0001_color.png,raw/frames/ihawk1/h_p050p000mm/frame_0001_depth.png
20260808_151001,2026-08-08T15:24:27.820,21,50.000000,1,0.000000,0.000000,0.000000,80.000000,-123.500000,80.000000,-123.500000,1,ihawk1,primary,1786173867.729564905,1786173867.713963032,15.601873,1,3,BR,50.000000,1,382.341255,237.111767,382.341255,237.111767,357.002838,235.425415,381.227325,223.174805,407.569000,238.513184,383.565857,251.333664,357.002838,235.425415,381.227325,223.174805,407.569000,238.513184,383.565857,251.333664,1,IPPE_SQUARE,84.609213,48.084169,565.364154,1.986604020,-0.715387870,0.442227439,0.250042,1,1786173867.729564905,0.000000,mono16,,0,alignment_not_asserted,raw/frames/ihawk1/h_p050p000mm/frame_0001_color.png,raw/frames/ihawk1/h_p050p000mm/frame_0001_depth.png
20260808_151001,2026-08-08T15:24:27.820,21,50.000000,1,0.000000,0.000000,0.000000,0.000000,0.000000,0.000000,0.000000,1,ihawk1,primary,1786173867.729564905,1786173867.713963032,15.601873,1,4,C,50.000000,1,293.915855,220.112244,293.915855,220.112244,271.208893,218.231842,297.663971,208.525436,316.843964,221.161301,289.946594,232.530396,271.208893,218.231842,297.663971,208.525436,316.843964,221.161301,289.946594,232.530396,1,IPPE_SQUARE,-43.126785,26.417228,614.950199,1.985206257,-0.695354811,0.423521571,0.127690,1,1786173867.729564905,0.000000,mono16,,0,alignment_not_asserted,raw/frames/ihawk1/h_p050p000mm/frame_0001_color.png,raw/frames/ihawk1/h_p050p000mm/frame_0001_depth.png
20260808_151001,2026-08-08T15:24:27.820,21,50.000000,1,0.000000,0.000000,0.000000,-80.000000,123.500000,-80.000000,123.500000,1,ihawk2,secondary,1786173867.713963032,1786173867.729564905,15.601873,1,0,TL,50.000000,1,187.478294,324.512230,187.478294,324.512230,156.508987,341.916779,170.440582,308.161072,215.712372,307.485321,207.251236,340.485748,156.508987,341.916779,170.440582,308.161072,215.712372,307.485321,207.251236,340.485748,1,IPPE_SQUARE,-142.073581,128.906669,418.127573,1.512359168,-1.583451344,1.031396397,0.101480,1,1786173867.679208040,34.754992,mono16,,0,alignment_not_asserted,raw/frames/ihawk2/h_p050p000mm/frame_0001_color.png,raw/frames/ihawk2/h_p050p000mm/frame_0001_depth.png
20260808_151001,2026-08-08T15:24:27.820,21,50.000000,1,0.000000,0.000000,0.000000,80.000000,123.500000,80.000000,123.500000,1,ihawk2,secondary,1786173867.713963032,1786173867.729564905,15.601873,1,1,TR,50.000000,1,212.102196,249.711998,212.102196,249.711998,189.570343,260.369171,197.730942,239.965561,232.994217,238.758560,228.113281,259.754700,189.570343,260.369171,197.730942,239.965561,232.994217,238.758560,228.113281,259.754700,1,IPPE_SQUARE,-149.628527,63.836255,539.344978,1.523035378,-1.612080480,0.987463951,0.207177,1,1786173867.679208040,34.754992,mono16,,0,alignment_not_asserted,raw/frames/ihawk2/h_p050p000mm/frame_0001_color.png,raw/frames/ihawk2/h_p050p000mm/frame_0001_depth.png
20260808_151001,2026-08-08T15:24:27.820,21,50.000000,1,0.000000,0.000000,0.000000,-80.000000,-123.500000,-80.000000,-123.500000,1,ihawk2,secondary,1786173867.713963032,1786173867.729564905,15.601873,1,2,BL,50.000000,1,400.778847,316.463173,400.778847,316.463173,382.376495,333.622742,373.809937,301.758575,416.683960,299.852448,430.244995,330.618927,382.376495,333.622742,373.809937,301.758575,416.683960,299.852448,430.244995,330.618927,1,IPPE_SQUARE,87.090851,123.119259,427.648876,1.474878917,-1.579291472,0.987843014,0.182172,1,1786173867.679208040,34.754992,mono16,,0,alignment_not_asserted,raw/frames/ihawk2/h_p050p000mm/frame_0001_color.png,raw/frames/ihawk2/h_p050p000mm/frame_0001_depth.png
20260808_151001,2026-08-08T15:24:27.820,21,50.000000,1,0.000000,0.000000,0.000000,80.000000,-123.500000,80.000000,-123.500000,1,ihawk2,secondary,1786173867.713963032,1786173867.729564905,15.601873,1,3,BR,50.000000,1,376.837318,245.029015,376.837318,245.029015,361.801270,255.851379,356.745209,235.534729,390.402069,234.472885,398.400726,254.257065,361.801270,255.851379,356.745209,235.534729,390.402069,234.472885,398.400726,254.257065,1,IPPE_SQUARE,78.972240,58.858717,552.898435,1.520277799,-1.616975279,0.962802336,0.095864,1,1786173867.679208040,34.754992,mono16,,0,alignment_not_asserted,raw/frames/ihawk2/h_p050p000mm/frame_0001_color.png,raw/frames/ihawk2/h_p050p000mm/frame_0001_depth.png
20260808_151001,2026-08-08T15:24:27.820,21,50.000000,1,0.000000,0.000000,0.000000,0.000000,0.000000,0.000000,0.000000,1,ihawk2,secondary,1786173867.713963032,1786173867.729564905,15.601873,1,4,C,50.000000,1,295.508148,279.887436,295.508148,279.887436,274.443787,293.302856,276.144958,267.895386,314.713898,266.634583,316.729950,291.716919,274.443787,293.302856,276.144958,267.895386,314.713898,266.634583,316.729950,291.716919,1,IPPE_SQUARE,-31.398936,94.778625,485.860962,1.509186304,-1.600948087,0.987512968,0.012396,1,1786173867.679208040,34.754992,mono16,,0,alignment_not_asserted,raw/frames/ihawk2/h_p050p000mm/frame_0001_color.png,raw/frames/ihawk2/h_p050p000mm/frame_0001_depth.png
20260808_151001,2026-08-08T15:24:27.992,21,50.000000,1,0.000000,0.000000,0.000000,-80.000000,123.500000,-80.000000,123.500000,2,ihawk1,primary,1786173867.755327940,1786173867.753983021,1.344919,1,0,TL,50.000000,1,215.715073,203.432869,215.715073,203.432869,194.117554,200.232040,223.053238,193.544098,237.578140,205.368134,208.111359,214.587204,194.117554,200.232040,223.053238,193.544098,237.578140,205.368134,208.111359,214.587204,1,IPPE_SQUARE,-168.678880,1.000596,637.740034,1.997511824,-0.659793914,0.496364016,0.395032,1,1786173867.729564905,25.763035,mono16,,0,alignment_not_asserted,raw/frames/ihawk1/h_p050p000mm/frame_0002_color.png,raw/frames/ihawk1/h_p050p000mm/frame_0002_depth.png
20260808_151001,2026-08-08T15:24:27.992,21,50.000000,1,0.000000,0.000000,0.000000,80.000000,123.500000,80.000000,123.500000,2,ihawk1,primary,1786173867.755327940,1786173867.753983021,1.344919,1,1,TR,50.000000,1,288.523643,180.895824,288.523643,180.895824,269.492950,179.420273,291.859589,172.631439,307.742035,181.531586,285.000000,190.000000,269.492950,179.420273,291.859589,172.631439,307.742035,181.531586,285.000000,190.000000,1,IPPE_SQUARE,-61.204090,-39.778329,732.375144,1.996777072,-0.702139592,0.420181488,0.245059,1,1786173867.729564905,25.763035,mono16,,0,alignment_not_asserted,raw/frames/ihawk1/h_p050p000mm/frame_0002_color.png,raw/frames/ihawk1/h_p050p000mm/frame_0002_depth.png
20260808_151001,2026-08-08T15:24:27.992,21,50.000000,1,0.000000,0.000000,0.000000,-80.000000,-123.500000,-80.000000,-123.500000,2,ihawk1,primary,1786173867.755327940,1786173867.753983021,1.344919,1,2,BL,50.000000,1,301.174438,276.366730,301.174438,276.366730,272.675690,273.481445,305.166138,258.931702,330.322968,278.355652,296.532959,294.698120,272.675690,273.481445,305.166138,258.931702,330.322968,278.355652,296.532959,294.698120,1,IPPE_SQUARE,-25.398419,88.973658,488.238719,1.959604315,-0.679697535,0.450751218,0.159438,1,1786173867.729564905,25.763035,mono16,,0,alignment_not_asserted,raw/frames/ihawk1/h_p050p000mm/frame_0002_color.png,raw/frames/ihawk1/h_p050p000mm/frame_0002_depth.png
20260808_151001,2026-08-08T15:24:27.992,21,50.000000,1,0.000000,0.000000,0.000000,80.000000,-123.500000,80.000000,-123.500000,2,ihawk1,primary,1786173867.755327940,1786173867.753983021,1.344919,1,3,BR,50.000000,1,382.325668,237.107258,382.325668,237.107258,357.002930,235.425781,381.203033,223.187820,407.537750,238.492340,383.558960,251.323090,357.002930,235.425781,381.203033,223.187820,407.537750,238.492340,383.558960,251.323090,1,IPPE_SQUARE,84.639848,48.108444,565.715175,1.986255293,-0.715822091,0.442330735,0.243977,1,1786173867.729564905,25.763035,mono16,,0,alignment_not_asserted,raw/frames/ihawk1/h_p050p000mm/frame_0002_color.png,raw/frames/ihawk1/h_p050p000mm/frame_0002_depth.png
20260808_151001,2026-08-08T15:24:27.992,21,50.000000,1,0.000000,0.000000,0.000000,0.000000,0.000000,0.000000,0.000000,2,ihawk1,primary,1786173867.755327940,1786173867.753983021,1.344919,1,4,C,50.000000,1,293.926872,220.125942,293.926872,220.125942,271.193115,218.253952,297.707520,208.542084,316.847168,221.178650,289.959686,232.529083,271.193115,218.253952,297.707520,208.542084,316.847168,221.178650,289.959686,232.529083,1,IPPE_SQUARE,-43.088599,26.424907,614.643097,1.984526703,-0.694720101,0.422857300,0.129640,1,1786173867.729564905,25.763035,mono16,,0,alignment_not_asserted,raw/frames/ihawk1/h_p050p000mm/frame_0002_color.png,raw/frames/ihawk1/h_p050p000mm/frame_0002_depth.png
20260808_151001,2026-08-08T15:24:27.992,21,50.000000,1,0.000000,0.000000,0.000000,-80.000000,123.500000,-80.000000,123.500000,2,ihawk2,secondary,1786173867.753983021,1786173867.755327940,1.344919,1,0,TL,50.000000,1,187.424129,324.540367,187.424129,324.540367,156.508789,341.915955,170.280212,308.289703,215.685486,307.468933,207.222031,340.486877,156.508789,341.915955,170.280212,308.289703,215.685486,307.468933,207.222031,340.486877,1,IPPE_SQUARE,-142.040717,128.855266,417.863751,1.509151377,-1.583832997,1.033624812,0.046253,1,1786173867.679208040,74.774981,mono16,,0,alignment_not_asserted,raw/frames/ihawk2/h_p050p000mm/frame_0002_color.png,raw/frames/ihawk2/h_p050p000mm/frame_0002_depth.png
20260808_151001,2026-08-08T15:24:27.992,21,50.000000,1,0.000000,0.000000,0.000000,80.000000,123.500000,80.000000,123.500000,2,ihawk2,secondary,1786173867.753983021,1786173867.755327940,1.344919,1,1,TR,50.000000,1,212.083599,249.715359,212.083599,249.715359,189.532501,260.370392,197.678116,239.982269,232.994217,238.758560,228.129562,259.750214,189.532501,260.370392,197.678116,239.982269,232.994217,238.758560,228.129562,259.750214,1,IPPE_SQUARE,-149.462886,63.758904,538.659469,1.521772972,-1.611936642,0.988831830,0.209940,1,1786173867.679208040,74.774981,mono16,,0,alignment_not_asserted,raw/frames/ihawk2/h_p050p000mm/frame_0002_color.png,raw/frames/ihawk2/h_p050p000mm/frame_0002_depth.png
20260808_151001,2026-08-08T15:24:27.992,21,50.000000,1,0.000000,0.000000,0.000000,-80.000000,-123.500000,-80.000000,-123.500000,2,ihawk2,secondary,1786173867.753983021,1786173867.755327940,1.344919,1,2,BL,50.000000,1,400.775360,316.463737,400.775360,316.463737,382.373291,333.614136,373.806610,301.772095,416.677979,299.850830,430.243561,330.617889,382.373291,333.614136,373.806610,301.772095,416.677979,299.850830,430.243561,330.617889,1,IPPE_SQUARE,87.088420,123.122251,427.656406,1.474581510,-1.579147981,0.987904391,0.177065,1,1786173867.679208040,74.774981,mono16,,0,alignment_not_asserted,raw/frames/ihawk2/h_p050p000mm/frame_0002_color.png,raw/frames/ihawk2/h_p050p000mm/frame_0002_depth.png
20260808_151001,2026-08-08T15:24:27.992,21,50.000000,1,0.000000,0.000000,0.000000,80.000000,-123.500000,80.000000,-123.500000,2,ihawk2,secondary,1786173867.753983021,1786173867.755327940,1.344919,1,3,BR,50.000000,1,376.840683,245.031570,376.840683,245.031570,361.806824,255.843735,356.739410,235.528564,390.415771,234.496918,398.400726,254.257065,361.806824,255.843735,356.739410,235.528564,390.415771,234.496918,398.400726,254.257065,1,IPPE_SQUARE,78.959598,58.849293,552.775366,1.520327841,-1.616301180,0.963706562,0.098400,1,1786173867.679208040,74.774981,mono16,,0,alignment_not_asserted,raw/frames/ihawk2/h_p050p000mm/frame_0002_color.png,raw/frames/ihawk2/h_p050p000mm/frame_0002_depth.png
20260808_151001,2026-08-08T15:24:27.992,21,50.000000,1,0.000000,0.000000,0.000000,0.000000,0.000000,0.000000,0.000000,2,ihawk2,secondary,1786173867.753983021,1786173867.755327940,1.344919,1,4,C,50.000000,1,295.541222,279.876778,295.541222,279.876778,274.443787,293.302856,276.296570,267.816986,314.713898,266.634583,316.710632,291.752686,274.443787,293.302856,276.296570,267.816986,314.713898,266.634583,316.710632,291.752686,1,IPPE_SQUARE,-31.424847,94.967817,486.892388,1.513113132,-1.601331061,0.984218874,0.049288,1,1786173867.679208040,74.774981,mono16,,0,alignment_not_asserted,raw/frames/ihawk2/h_p050p000mm/frame_0002_color.png,raw/frames/ihawk2/h_p050p000mm/frame_0002_depth.png
20260808_151001,2026-08-08T15:24:28.163,21,50.000000,1,0.000000,0.000000,0.000000,-80.000000,123.500000,-80.000000,123.500000,3,ihawk1,primary,1786173867.789561987,1786173867.814196110,24.634123,1,0,TL,50.000000,1,215.736782,203.437412,215.736782,203.437412,194.112778,200.238770,223.128632,193.546951,237.580353,205.376984,208.125366,214.586945,194.112778,200.238770,223.128632,193.546951,237.580353,205.376984,208.125366,214.586945,1,IPPE_SQUARE,-168.546923,1.006875,637.370596,1.997443858,-0.658751689,0.494823320,0.397290,1,1786173867.755327940,34.234047,mono16,,0,alignment_not_asserted,raw/frames/ihawk1/h_p050p000mm/frame_0003_color.png,raw/frames/ihawk1/h_p050p000mm/frame_0003_depth.png
20260808_151001,2026-08-08T15:24:28.163,21,50.000000,1,0.000000,0.000000,0.000000,80.000000,123.500000,80.000000,123.500000,3,ihawk1,primary,1786173867.789561987,1786173867.814196110,24.634123,1,1,TR,50.000000,1,288.523132,180.893585,288.523132,180.893585,269.473114,179.419556,291.868835,172.635529,307.750580,181.519257,285.000000,190.000000,269.473114,179.419556,291.868835,172.635529,307.750580,181.519257,285.000000,190.000000,1,IPPE_SQUARE,-61.155995,-39.750816,731.788298,1.996113258,-0.702057890,0.419943606,0.249702,1,1786173867.755327940,34.234047,mono16,,0,alignment_not_asserted,raw/frames/ihawk1/h_p050p000mm/frame_0003_color.png,raw/frames/ihawk1/h_p050p000mm/frame_0003_depth.png
20260808_151001,2026-08-08T15:24:28.163,21,50.000000,1,0.000000,0.000000,0.000000,-80.000000,-123.500000,-80.000000,-123.500000,3,ihawk1,primary,1786173867.789561987,1786173867.814196110,24.634123,1,2,BL,50.000000,1,301.201820,276.390320,301.201820,276.390320,272.678192,273.485779,305.220123,258.958344,330.351868,278.427063,296.557098,294.690094,272.678192,273.485779,305.220123,258.958344,330.351868,278.427063,296.557098,294.690094,1,IPPE_SQUARE,-25.351682,88.957055,487.991289,1.959163513,-0.678254307,0.451757624,0.163129,1,1786173867.755327940,34.234047,mono16,,0,alignment_not_asserted,raw/frames/ihawk1/h_p050p000mm/frame_0003_color.png,raw/frames/ihawk1/h_p050p000mm/frame_0003_depth.png
20260808_151001,2026-08-08T15:24:28.163,21,50.000000,1,0.000000,0.000000,0.000000,80.000000,-123.500000,80.000000,-123.500000,3,ihawk1,primary,1786173867.789561987,1786173867.814196110,24.634123,1,3,BR,50.000000,1,382.329674,237.106037,382.329674,237.106037,357.014130,235.419479,381.203674,223.181061,407.542297,238.496078,383.558594,251.327530,357.014130,235.419479,381.203674,223.181061,407.542297,238.496078,383.558594,251.327530,1,IPPE_SQUARE,84.654970,48.111941,565.777170,1.986669256,-0.715835098,0.442469377,0.242762,1,1786173867.755327940,34.234047,mono16,,0,alignment_not_asserted,raw/frames/ihawk1/h_p050p000mm/frame_0003_color.png,raw/frames/ihawk1/h_p050p000mm/frame_0003_depth.png
20260808_151001,2026-08-08T15:24:28.163,21,50.000000,1,0.000000,0.000000,0.000000,0.000000,0.000000,0.000000,0.000000,3,ihawk1,primary,1786173867.789561987,1786173867.814196110,24.634123,1,4,C,50.000000,1,293.929054,220.129631,293.929054,220.129631,271.195923,218.265869,297.723602,208.559601,316.843964,221.161301,289.952728,232.531754,271.195923,218.265869,297.723602,208.559601,316.843964,221.161301,289.952728,232.531754,1,IPPE_SQUARE,-43.085386,26.430546,614.638417,1.983853500,-0.694586326,0.421699218,0.137027,1,1786173867.755327940,34.234047,mono16,,0,alignment_not_asserted,raw/frames/ihawk1/h_p050p000mm/frame_0003_color.png,raw/frames/ihawk1/h_p050p000mm/frame_0003_depth.png
20260808_151001,2026-08-08T15:24:28.163,21,50.000000,1,0.000000,0.000000,0.000000,-80.000000,123.500000,-80.000000,123.500000,3,ihawk2,secondary,1786173867.814196110,1786173867.789561987,24.634123,1,0,TL,50.000000,1,187.438263,324.528755,187.438263,324.528755,156.506958,341.929840,170.267426,308.257721,215.724411,307.452179,207.254257,340.475281,156.506958,341.929840,170.267426,308.257721,215.724411,307.452179,207.254257,340.475281,1,IPPE_SQUARE,-141.907185,128.734630,417.517713,1.509087500,-1.583986511,1.033909192,0.055180,1,1786173867.713963032,100.233078,mono16,,0,alignment_not_asserted,raw/frames/ihawk2/h_p050p000mm/frame_0003_color.png,raw/frames/ihawk2/h_p050p000mm/frame_0003_depth.png
20260808_151001,2026-08-08T15:24:28.163,21,50.000000,1,0.000000,0.000000,0.000000,80.000000,123.500000,80.000000,123.500000,3,ihawk2,secondary,1786173867.814196110,1786173867.789561987,24.634123,1,1,TR,50.000000,1,212.082485,249.711964,212.082485,249.711964,189.532501,260.370392,197.692978,239.957870,232.989319,238.752411,228.115143,259.767181,189.532501,260.370392,197.692978,239.957870,232.989319,238.752411,228.115143,259.767181,1,IPPE_SQUARE,-149.523519,63.779217,538.871352,1.523023561,-1.612139926,0.988110721,0.209744,1,1786173867.713963032,100.233078,mono16,,0,alignment_not_asserted,raw/frames/ihawk2/h_p050p000mm/frame_0003_color.png,raw/frames/ihawk2/h_p050p000mm/frame_0003_depth.png
20260808_151001,2026-08-08T15:24:28.163,21,50.000000,1,0.000000,0.000000,0.000000,-80.000000,-123.500000,-80.000000,-123.500000,3,ihawk2,secondary,1786173867.814196110,1786173867.789561987,24.634123,1,2,BL,50.000000,1,400.790154,316.470543,400.790154,316.470543,382.418091,333.608887,373.822449,301.810883,416.671143,299.846069,430.248932,330.616333,382.418091,333.608887,373.822449,301.810883,416.671143,299.846069,430.248932,330.616333,1,IPPE_SQUARE,87.154757,123.201636,427.902616,1.474057586,-1.579627057,0.987996917,0.164223,1,1786173867.713963032,100.233078,mono16,,0,alignment_not_asserted,raw/frames/ihawk2/h_p050p000mm/frame_0003_color.png,raw/frames/ihawk2/h_p050p000mm/frame_0003_depth.png
20260808_151001,2026-08-08T15:24:28.163,21,50.000000,1,0.000000,0.000000,0.000000,80.000000,-123.500000,80.000000,-123.500000,3,ihawk2,secondary,1786173867.814196110,1786173867.789561987,24.634123,1,3,BR,50.000000,1,376.841454,245.034260,376.841454,245.034260,361.765686,255.828125,356.744843,235.546326,390.457153,234.502884,398.398132,254.259705,361.765686,255.828125,356.744843,235.546326,390.457153,234.502884,398.398132,254.259705,1,IPPE_SQUARE,78.903924,58.811254,552.384349,1.519889327,-1.614331788,0.962701765,0.091645,1,1786173867.713963032,100.233078,mono16,,0,alignment_not_asserted,raw/frames/ihawk2/h_p050p000mm/frame_0003_color.png,raw/frames/ihawk2/h_p050p000mm/frame_0003_depth.png
20260808_151001,2026-08-08T15:24:28.163,21,50.000000,1,0.000000,0.000000,0.000000,0.000000,0.000000,0.000000,0.000000,3,ihawk2,secondary,1786173867.814196110,1786173867.789561987,24.634123,1,4,C,50.000000,1,295.517990,279.885986,295.517990,279.885986,274.443787,293.302856,276.200806,267.858643,314.716736,266.629761,316.710632,291.752686,274.443787,293.302856,276.200806,267.858643,314.716736,266.629761,316.710632,291.752686,1,IPPE_SQUARE,-31.415099,94.862570,486.299046,1.511350385,-1.601274933,0.985991004,0.019146,1,1786173867.713963032,100.233078,mono16,,0,alignment_not_asserted,raw/frames/ihawk2/h_p050p000mm/frame_0003_color.png,raw/frames/ihawk2/h_p050p000mm/frame_0003_depth.png
