dataset,camera,pose_key,height_mm,run_id,n_runs_for_condition,b_rho_x_mm,b_rho_y_mm,b_rho_z_mm,b_omega_x_rad,b_omega_y_rad,b_omega_z_rad,definition
E4,ihawk1,board_static,0.0,20260811_191758,2,-0.10593349299500329,-0.18766462263582573,-0.14103173947951703,-0.009396540692355543,-0.003711207119494052,-0.00035532580056719373,Log(inv(T_bar_pose_height) @ T_bar_pose_height_run)
E4,ihawk1,board_static,0.0,20260811_192958,2,0.10593349299489188,0.18766462263584566,0.14103173947948158,0.00939654069235555,0.003711207119494022,0.00035532580056731554,Log(inv(T_bar_pose_height) @ T_bar_pose_height_run)
E4,ihawk2,board_static,0.0,20260811_191758,2,0.051610284463219254,-0.2676900721745382,0.24659366569066368,-0.0005779084209309322,-0.0009241755321921654,-0.0003771273840379042,Log(inv(T_bar_pose_height) @ T_bar_pose_height_run)
E4,ihawk2,board_static,0.0,20260811_192958,2,-0.05161028446322076,0.26769007217449653,-0.24659366569063182,0.0005779084209309176,0.0009241755321921733,0.0003771273840379065,Log(inv(T_bar_pose_height) @ T_bar_pose_height_run)
E2,ihawk1,marker_0,0.0,20260808_131913,5,-4.90840158823872,0.056743717095208326,1.663239951090865,-0.002058625157085719,0.0004470789692736773,0.01631155459900442,Log(inv(T_bar_pose_height) @ T_bar_pose_height_run)
E2,ihawk1,marker_0,0.0,20260808_141232,5,1.5103791924964598,0.7195602261524433,0.28541668782957863,0.004858050671262411,0.008785479140418278,-0.005777177778618035,Log(inv(T_bar_pose_height) @ T_bar_pose_height_run)
E2,ihawk1,marker_0,0.0,20260808_145501,5,1.0144273283472753,0.6291388470960253,-1.1709558590024045,-0.002595522204045823,-0.0005693264783496598,-0.001251640362568839,Log(inv(T_bar_pose_height) @ T_bar_pose_height_run)
E2,ihawk1,marker_0,0.0,20260808_151001,5,-0.12952691848978137,-0.31720834049322755,-0.19845263871113705,0.001539950639261778,0.0005025199257420492,-0.0007913663444317822,Log(inv(T_bar_pose_height) @ T_bar_pose_height_run)
E2,ihawk1,marker_0,0.0,20260808_162715,5,2.5131219858847382,-1.0882344498505807,-0.5792481412068502,-0.0017438539493199235,-0.0091657515570582,-0.00849137011336886,Log(inv(T_bar_pose_height) @ T_bar_pose_height_run)
E2,ihawk1,marker_1,0.0,20260808_131913,5,-3.9819330485138544,4.844178411297767,-3.273768138359329,-0.3711420186566493,0.21688126971397598,0.012459032774049323,Log(inv(T_bar_pose_height) @ T_bar_pose_height_run)
E2,ihawk1,marker_1,0.0,20260808_141232,5,1.4952927479724942,-1.573944316251604,10.2215838274167,1.4948756012537032,-0.9084352833104299,-0.017407779945922335,Log(inv(T_bar_pose_height) @ T_bar_pose_height_run)
E2,ihawk1,marker_1,0.0,20260808_145501,5,1.00928230556624,-0.1723555637697157,-3.4219550823796867,-0.37768795952241013,0.22356424841867828,0.00483261007552359,Log(inv(T_bar_pose_height) @ T_bar_pose_height_run)
E2,ihawk1,marker_1,0.0,20260808_151001,5,0.7361970197958128,1.1207662633048294,-3.94934598887829,-0.37540154924067687,0.23307775183530535,0.007633067481097361,Log(inv(T_bar_pose_height) @ T_bar_pose_height_run)
E2,ihawk1,marker_1,0.0,20260808_162715,5,0.7411609751791698,-4.2186447945814844,0.42348538220049703,-0.3706440738339673,0.23491201334247086,-0.007516930384748042,Log(inv(T_bar_pose_height) @ T_bar_pose_height_run)
E2,ihawk1,marker_2,0.0,20260808_131913,5,-0.5403224363814996,1.4031351940098122,0.23887695979341725,-0.0073390689747363964,-0.0023641397111754964,0.014028458757585101,Log(inv(T_bar_pose_height) @ T_bar_pose_height_run)
E2,ihawk1,marker_2,0.0,20260808_141232,5,0.414697655123553,1.873417253551682,-0.8314718475425946,0.003868964728255456,-0.004187615637336208,-0.007711678319604886,Log(inv(T_bar_pose_height) @ T_bar_pose_height_run)
E2,ihawk1,marker_2,0.0,20260808_145501,5,-0.5712719337555541,-0.13232763010297952,-0.2103358001341002,0.00751363514806145,0.0066696328554142655,-0.0009062091006371535,Log(inv(T_bar_pose_height) @ T_bar_pose_height_run)
E2,ihawk1,marker_2,0.0,20260808_151001,5,-0.638198556870093,-0.7496568949255391,0.712997533893978,-0.003390338396010932,-0.004053681335036215,-0.006765794138437665,Log(inv(T_bar_pose_height) @ T_bar_pose_height_run)
E2,ihawk1,marker_2,0.0,20260808_162715,5,1.3350952718835603,-2.394567922532825,0.08993315398914983,-0.0006531925055766338,0.003935803828181963,0.0013552228011250939,Log(inv(T_bar_pose_height) @ T_bar_pose_height_run)
E2,ihawk1,marker_3,0.0,20260808_131913,5,-0.22069056976325235,4.243628317687282,-0.4876245179921089,-0.009385074879792392,-0.0035170001426764975,0.009658317688717215,Log(inv(T_bar_pose_height) @ T_bar_pose_height_run)
E2,ihawk1,marker_3,0.0,20260808_141232,5,-1.4517646398689628,-1.1358438404766924,1.4907994434033656,-0.003074582931205206,-0.002795500028672647,-0.011657472254592797,Log(inv(T_bar_pose_height) @ T_bar_pose_height_run)
E2,ihawk1,marker_3,0.0,20260808_145501,5,-0.03190420411451793,-0.4168162006686561,-0.6465946712816776,0.0018471951995133625,0.0008815004851476918,-0.005103594985746227,Log(inv(T_bar_pose_height) @ T_bar_pose_height_run)
E2,ihawk1,marker_3,0.0,20260808_151001,5,-0.054512964940702395,0.0017132599109654482,-0.2749272764729691,0.004640227620083999,0.0028991356469345838,0.0046990095277186636,Log(inv(T_bar_pose_height) @ T_bar_pose_height_run)
E2,ihawk1,marker_3,0.0,20260808_162715,5,1.7588723786871445,-2.6926815364528305,-0.08165297765633973,0.005972234991408776,0.0025318640392703587,0.0024037400238686142,Log(inv(T_bar_pose_height) @ T_bar_pose_height_run)
E2,ihawk1,marker_4,0.0,20260808_131913,5,-1.642337050060153,3.6301463986942157,-5.164646744501802,-0.09945908371884227,0.0823346330314446,0.020401583051770873,Log(inv(T_bar_pose_height) @ T_bar_pose_height_run)
E2,ihawk1,marker_4,0.0,20260808_141232,5,0.25412645608885787,0.42708854391397494,16.884391408583905,0.43962960950423907,-0.2989747325629443,-0.011923723547120266,Log(inv(T_bar_pose_height) @ T_bar_pose_height_run)
E2,ihawk1,marker_4,0.0,20260808_145501,5,0.29162903562951054,-0.41126196332533166,-4.666632590804468,-0.10901125066071803,0.07434595611875085,-0.001182422202223173,Log(inv(T_bar_pose_height) @ T_bar_pose_height_run)
E2,ihawk1,marker_4,0.0,20260808_151001,5,0.12898008445463832,0.15856284213397126,-4.534327785433629,-0.11026442074510738,0.06908241144189986,-0.0006120154930120338,Log(inv(T_bar_pose_height) @ T_bar_pose_height_run)
E2,ihawk1,marker_4,0.0,20260808_162715,5,0.9676014738870797,-3.8045358214168283,-2.51878428784388,-0.12089485437956897,0.07321173197084718,-0.006683421809415563,Log(inv(T_bar_pose_height) @ T_bar_pose_height_run)
E2,ihawk1,marker_0,5.0,20260808_131913,5,-2.8878873621365826,3.2963514281391375,-2.919358718383913,0.003336688921529645,-0.00855364431550433,0.0231211575519871,Log(inv(T_bar_pose_height) @ T_bar_pose_height_run)
E2,ihawk1,marker_0,5.0,20260808_141232,5,-1.527656128420469,-0.4259012451421802,2.3848112360495506,-0.013426815940412513,-0.004192351175085825,-0.009287412312414357,Log(inv(T_bar_pose_height) @ T_bar_pose_height_run)
E2,ihawk1,marker_0,5.0,20260808_145501,5,0.6213012862356299,-0.7070601656401355,-0.19627359852258294,0.004811305290260014,0.005037769781223218,2.726831200132398e-06,Log(inv(T_bar_pose_height) @ T_bar_pose_height_run)
E2,ihawk1,marker_0,5.0,20260808_151001,5,-1.221342081514624,-2.177095520702301,1.5467925690099869,0.003122624304185591,0.00291417506593962,-0.003346004255478646,Log(inv(T_bar_pose_height) @ T_bar_pose_height_run)
E2,ihawk1,marker_0,5.0,20260808_162715,5,5.015584285835968,0.013705503344955612,-0.8159714881531192,0.0021561974244361033,0.004794050643428986,-0.010490467815300553,Log(inv(T_bar_pose_height) @ T_bar_pose_height_run)
E2,ihawk1,marker_1,5.0,20260808_131913,5,-5.227342148445235,0.07822646501576754,0.2688513867119229,0.004267118984949745,-0.01847488976686189,-0.0021051937935342557,Log(inv(T_bar_pose_height) @ T_bar_pose_height_run)
E2,ihawk1,marker_1,5.0,20260808_141232,5,1.760710540538117,8.134478787642571,-1.7526003708058526,-0.006935745939315065,0.0041599668208205974,0.01968372425727371,Log(inv(T_bar_pose_height) @ T_bar_pose_height_run)
E2,ihawk1,marker_1,5.0,20260808_145501,5,0.557154056887912,-1.3869070771737704,-0.165515536774215,-0.005321364570943689,0.003455782958679881,0.0006058598018322491,Log(inv(T_bar_pose_height) @ T_bar_pose_height_run)
E2,ihawk1,marker_1,5.0,20260808_151001,5,0.3757106468565333,0.8328121015860376,-0.5192621948724132,0.009818155789863546,0.0033796634307938847,0.0034745180545361545,Log(inv(T_bar_pose_height) @ T_bar_pose_height_run)
E2,ihawk1,marker_1,5.0,20260808_162715,5,2.5337669041627273,-7.658610277070468,2.1685267157407306,-0.0018281642645553786,0.007479476556588247,-0.021658908320112538,Log(inv(T_bar_pose_height) @ T_bar_pose_height_run)
E2,ihawk1,marker_2,5.0,20260808_131913,5,-1.469534385277938,-0.42036245884528795,-0.7302734054869685,0.0003533958671076843,-0.005770710478287526,0.012755594669660123,Log(inv(T_bar_pose_height) @ T_bar_pose_height_run)
E2,ihawk1,marker_2,5.0,20260808_141232,5,3.003227657598173,3.374584010136094,0.020678558891453636,0.007099829951240828,0.0015232429238402065,0.016524480529417213,Log(inv(T_bar_pose_height) @ T_bar_pose_height_run)
E2,ihawk1,marker_2,5.0,20260808_145501,5,-0.4385903409143607,-0.08138429886885486,-0.14053712098405152,-0.0018271472073808843,0.0026970300164250467,-0.006360811815734091,Log(inv(T_bar_pose_height) @ T_bar_pose_height_run)
E2,ihawk1,marker_2,5.0,20260808_151001,5,-1.4840093627921858,-0.40298310250486336,0.4939187995966084,-0.0015344415978247822,0.001423943047410832,-0.005000689652506595,Log(inv(T_bar_pose_height) @ T_bar_pose_height_run)
E2,ihawk1,marker_2,5.0,20260808_162715,5,0.3889064313863738,-2.4698541499170017,0.35621316798311636,-0.004091637013142834,0.00012649449060378738,-0.01791857373082961,Log(inv(T_bar_pose_height) @ T_bar_pose_height_run)
E2,ihawk1,marker_3,5.0,20260808_131913,5,2.3485970511479253,5.075585779717419,-4.767326200522085,0.013090036704829453,-0.007337698085085193,0.018786868948550816,Log(inv(T_bar_pose_height) @ T_bar_pose_height_run)
E2,ihawk1,marker_3,5.0,20260808_141232,5,7.652094572001673,10.731644242205144,-4.586702915411534,-0.030941456706926468,-0.019364442943233775,-0.020453145371574596,Log(inv(T_bar_pose_height) @ T_bar_pose_height_run)
E2,ihawk1,marker_3,5.0,20260808_145501,5,1.459097150191571,0.5237758659012277,-2.088548285516231,0.013662652766148429,-0.005100850451335974,-0.0036102977674580977,Log(inv(T_bar_pose_height) @ T_bar_pose_height_run)
E2,ihawk1,marker_3,5.0,20260808_151001,5,-13.412149017330377,-12.43091403536682,12.468226437227475,0.0019385164625013664,0.02918293230685065,-0.00039124191016057117,Log(inv(T_bar_pose_height) @ T_bar_pose_height_run)
E2,ihawk1,marker_3,5.0,20260808_162715,5,1.952360243989197,-3.900091852456934,-1.025649035777369,0.0022502507734379383,0.0026200591727959933,0.005667816100620768,Log(inv(T_bar_pose_height) @ T_bar_pose_height_run)
E2,ihawk1,marker_4,5.0,20260808_131913,5,-3.641350862871799,-0.9283034701411368,0.21857284624870366,-0.001995333841951228,0.005822364178257412,0.01336766459593088,Log(inv(T_bar_pose_height) @ T_bar_pose_height_run)
E2,ihawk1,marker_4,5.0,20260808_141232,5,2.226284758783738,5.5156419941126105,-0.7464046329163803,0.010795366075867023,0.00505574784447722,0.019703298050279934,Log(inv(T_bar_pose_height) @ T_bar_pose_height_run)
E2,ihawk1,marker_4,5.0,20260808_145501,5,0.4353155393967317,-0.0002239385700101791,-0.5721141734318469,0.002338458045209975,-0.003870160396380056,-0.008505355994995344,Log(inv(T_bar_pose_height) @ T_bar_pose_height_run)
E2,ihawk1,marker_4,5.0,20260808_151001,5,-0.5545304163113268,0.36332493609347233,-0.2935976885483578,0.00523099615396242,-0.002840379520061021,0.00031359732846543404,Log(inv(T_bar_pose_height) @ T_bar_pose_height_run)
E2,ihawk1,marker_4,5.0,20260808_162715,5,1.5342809810026297,-4.950439521495327,1.3935436486479504,-0.016369486433057325,-0.004167572106308868,-0.02487920397967548,Log(inv(T_bar_pose_height) @ T_bar_pose_height_run)
E2,ihawk1,marker_0,10.0,20260808_131913,5,-1.1766926523911914,-1.3750937694389893,0.5542441111337097,0.0030632723140499056,8.798287416936275e-05,0.01635215563632912,Log(inv(T_bar_pose_height) @ T_bar_pose_height_run)
E2,ihawk1,marker_0,10.0,20260808_141232,5,-0.8537355243213371,5.79753574843209,-0.3307255753255975,-0.000849636980921392,0.001791863337812005,-0.0006390104420684246,Log(inv(T_bar_pose_height) @ T_bar_pose_height_run)
E2,ihawk1,marker_0,10.0,20260808_145501,5,-2.315258289878311,-1.7186173305725922,0.012861526238735535,0.0025439136447214152,0.0005747623441159556,0.005310151657464213,Log(inv(T_bar_pose_height) @ T_bar_pose_height_run)
E2,ihawk1,marker_0,10.0,20260808_151001,5,-0.8035715276929966,0.5790441237151941,-0.48823718650872155,0.0039188626468319694,0.0012957256129260773,0.004111843223285713,Log(inv(T_bar_pose_height) @ T_bar_pose_height_run)
E2,ihawk1,marker_0,10.0,20260808_162715,5,5.149257994283656,-3.2828687721358594,0.251857124461731,-0.00867641162467144,-0.003750334169030802,-0.02513514007501382,Log(inv(T_bar_pose_height) @ T_bar_pose_height_run)
E2,ihawk1,marker_1,10.0,20260808_131913,5,0.7985538402587463,3.137545926280139,-1.7168208952479573,0.006204190356883974,-0.0012647808866323746,0.008994535813409277,Log(inv(T_bar_pose_height) @ T_bar_pose_height_run)
E2,ihawk1,marker_1,10.0,20260808_141232,5,-0.734054305093032,5.624618163118623,0.08981799534734054,0.01662801692963354,0.007406175273669112,0.014256274363596689,Log(inv(T_bar_pose_height) @ T_bar_pose_height_run)
E2,ihawk1,marker_1,10.0,20260808_145501,5,-6.840762588029961,-8.539768049352638,4.3739998344032776,-0.03466725035284885,0.0057159807636723665,-0.018902176544769445,Log(inv(T_bar_pose_height) @ T_bar_pose_height_run)
E2,ihawk1,marker_1,10.0,20260808_151001,5,0.8382446692164787,3.762675397338428,-1.9040710337014346,0.017442787743122197,-0.00864877895415589,0.014962056707223236,Log(inv(T_bar_pose_height) @ T_bar_pose_height_run)
E2,ihawk1,marker_1,10.0,20260808_162715,5,5.938018383647744,-3.9850714373844163,-0.8429259008015291,-0.005607744676796263,-0.0032085961965510426,-0.019310690339459043,Log(inv(T_bar_pose_height) @ T_bar_pose_height_run)
E2,ihawk1,marker_2,10.0,20260808_131913,5,0.4215931758973007,-1.2384637342745781,0.6527920741025908,-0.00010067826366521786,-0.0065689189727335595,0.006249920831771141,Log(inv(T_bar_pose_height) @ T_bar_pose_height_run)
E2,ihawk1,marker_2,10.0,20260808_141232,5,-2.154757903694416,4.129992269841495,1.2073346128518578,-0.00022341828847617033,0.0025264695945741308,-0.003403190583448866,Log(inv(T_bar_pose_height) @ T_bar_pose_height_run)
E2,ihawk1,marker_2,10.0,20260808_145501,5,0.04073529975273044,-1.488199734569738,-0.18661401316701898,-0.0015564794766008525,-0.004635157913904792,0.012524203357535556,Log(inv(T_bar_pose_height) @ T_bar_pose_height_run)
E2,ihawk1,marker_2,10.0,20260808_151001,5,-0.6706904283268776,0.15216324748394786,-0.3261619588743022,0.00210382705669056,-0.0010882178994971248,0.0033035824476388967,Log(inv(T_bar_pose_height) @ T_bar_pose_height_run)
E2,ihawk1,marker_2,10.0,20260808_162715,5,2.3631198563713145,-1.5554920484810222,-1.3473507149131263,-0.00022325102799537693,0.00976582519156798,-0.018674516053534974,Log(inv(T_bar_pose_height) @ T_bar_pose_height_run)
E2,ihawk1,marker_3,10.0,20260808_131913,5,-0.8404638356199271,-0.92235936901672,1.5391847429413286,-0.012328520272345168,-0.0005995213490150733,-0.008438110393100157,Log(inv(T_bar_pose_height) @ T_bar_pose_height_run)
E2,ihawk1,marker_3,10.0,20260808_141232,5,-1.6490640672688708,4.596090435609691,0.06914446399451611,0.010055185130738074,0.001721623597046833,0.004140391682746231,Log(inv(T_bar_pose_height) @ T_bar_pose_height_run)
E2,ihawk1,marker_3,10.0,20260808_145501,5,-1.015886249225148,-1.2361843074690722,1.387721032300739,0.0002862667984539655,0.0031418677927766464,0.014376067007019431,Log(inv(T_bar_pose_height) @ T_bar_pose_height_run)
E2,ihawk1,marker_3,10.0,20260808_151001,5,-0.1651867815261071,0.590561044934067,-0.36427803380555235,-7.102229450766168e-05,0.0010412614637791181,-0.001588606925954468,Log(inv(T_bar_pose_height) @ T_bar_pose_height_run)
E2,ihawk1,marker_3,10.0,20260808_162715,5,3.6706009336401673,-3.028107804057749,-2.6317722054308375,0.0020580906376708153,-0.0053052315045928,-0.00848974137070128,Log(inv(T_bar_pose_height) @ T_bar_pose_height_run)
E2,ihawk1,marker_4,10.0,20260808_131913,5,0.32766148972034814,0.45661644263005274,-0.33702189627141593,0.007288400676989221,-0.001487527634711623,0.01589225789623236,Log(inv(T_bar_pose_height) @ T_bar_pose_height_run)
E2,ihawk1,marker_4,10.0,20260808_141232,5,-1.9709798767752775,4.092822359923449,0.9971854056524143,-0.0049334739422073086,0.005104570351555954,-0.0045383423814467395,Log(inv(T_bar_pose_height) @ T_bar_pose_height_run)
E2,ihawk1,marker_4,10.0,20260808_145501,5,-1.5045364850421596,-1.4441651823617119,0.36153365944799776,-0.0017726695961308174,-0.0016332361802106868,0.009177955809180573,Log(inv(T_bar_pose_height) @ T_bar_pose_height_run)
E2,ihawk1,marker_4,10.0,20260808_151001,5,-0.7457737133325446,-0.003399980083115415,-0.08176622921843403,0.0008934559639608974,-0.0024387792216337967,0.0020122708266658417,Log(inv(T_bar_pose_height) @ T_bar_pose_height_run)
E2,ihawk1,marker_4,10.0,20260808_162715,5,3.893628585429727,-3.1018736401084994,-0.9399309396107828,-0.0014757131026323623,0.0004549726850572284,-0.02254414215068809,Log(inv(T_bar_pose_height) @ T_bar_pose_height_run)
E2,ihawk1,marker_0,15.0,20260808_131913,5,-3.550156383316465,-2.5245845926331407,1.927219487942821,-0.009123050369121248,-0.0035196359818688155,0.005920965034364283,Log(inv(T_bar_pose_height) @ T_bar_pose_height_run)
E2,ihawk1,marker_0,15.0,20260808_141232,5,0.1269067654364846,4.774737686658296,-0.14743025703140777,0.002932948135505946,0.005627917208258639,-0.0010257983800157583,Log(inv(T_bar_pose_height) @ T_bar_pose_height_run)
E2,ihawk1,marker_0,15.0,20260808_145501,5,-0.8085619281035717,2.562157211570714,-2.2310794749049796,0.0056389128116191645,0.0016348571163998192,0.004050511745705031,Log(inv(T_bar_pose_height) @ T_bar_pose_height_run)
E2,ihawk1,marker_0,15.0,20260808_151001,5,-0.7764146700529952,-3.131941904549033,1.2068908158399545,-0.0006272735657300901,0.0013800914591593884,-0.0024618911359009306,Log(inv(T_bar_pose_height) @ T_bar_pose_height_run)
E2,ihawk1,marker_0,15.0,20260808_162715,5,5.008226216036387,-1.6803684010464082,-0.7556005718460183,0.0011784629877075392,-0.00512322980193815,-0.0064837872642245125,Log(inv(T_bar_pose_height) @ T_bar_pose_height_run)
E2,ihawk1,marker_1,15.0,20260808_131913,5,-1.9305003233962612,2.0473349183516603,-0.6602502150115429,0.005388470524507313,-0.01603660560516463,-0.0014021544494596204,Log(inv(T_bar_pose_height) @ T_bar_pose_height_run)
E2,ihawk1,marker_1,15.0,20260808_141232,5,1.2387489129818048,5.602916632572721,-1.7180137922492331,-0.0011520107089368846,0.016608929523985627,0.0028386420551915616,Log(inv(T_bar_pose_height) @ T_bar_pose_height_run)
E2,ihawk1,marker_1,15.0,20260808_145501,5,-0.8786984817931809,2.063974455363098,-1.5900642204853475,0.00015033065006604318,0.010371683086844963,0.013567282548287523,Log(inv(T_bar_pose_height) @ T_bar_pose_height_run)
E2,ihawk1,marker_1,15.0,20260808_151001,5,-2.19507174410532,-4.6346055409256355,3.20800926765224,0.0012773458544916385,-0.024857781754722672,-0.0017013300893493817,Log(inv(T_bar_pose_height) @ T_bar_pose_height_run)
E2,ihawk1,marker_1,15.0,20260808_162715,5,3.7655216363130997,-5.079620465361887,0.7603189600938137,-0.005664136320126903,0.013913774749055466,-0.013302440064670318,Log(inv(T_bar_pose_height) @ T_bar_pose_height_run)
E2,ihawk1,marker_2,15.0,20260808_131913,5,-0.9869300275122957,0.6496559531504889,-0.6326320546698898,0.0003611416051028,-0.0051313601197295125,0.0039045081394761738,Log(inv(T_bar_pose_height) @ T_bar_pose_height_run)
E2,ihawk1,marker_2,15.0,20260808_141232,5,-3.443605510563233,0.6892195467027723,4.382285039134548,-0.007475428855558404,0.014922327591060299,0.00013786453840725237,Log(inv(T_bar_pose_height) @ T_bar_pose_height_run)
E2,ihawk1,marker_2,15.0,20260808_145501,5,-0.17171606144806545,0.6354962440124291,-1.2022475153364638,-0.0009586684772293763,-0.004769648452786467,0.0034664066923113957,Log(inv(T_bar_pose_height) @ T_bar_pose_height_run)
E2,ihawk1,marker_2,15.0,20260808_151001,5,0.09773226424254441,-0.29249421927990693,-0.7957815696946268,-0.0004947698111301046,-0.006079318815607807,-0.005621660655756208,Log(inv(T_bar_pose_height) @ T_bar_pose_height_run)
E2,ihawk1,marker_2,15.0,20260808_162715,5,4.504519335281088,-1.6818775245858262,-1.7516238994336624,0.008567725538817355,0.0010579997970620787,-0.0018871187144084483,Log(inv(T_bar_pose_height) @ T_bar_pose_height_run)
E2,ihawk1,marker_3,15.0,20260808_131913,5,0.5212794725633694,2.688505539795422,-1.9740113849235617,-0.008773525590098474,-0.0020000449629840444,-0.003831134011103765,Log(inv(T_bar_pose_height) @ T_bar_pose_height_run)
E2,ihawk1,marker_3,15.0,20260808_141232,5,-0.23242829097852255,4.890126826429148,-0.565252931694224,-0.008291591163621175,-0.009903166797461593,-0.00709025827375691,Log(inv(T_bar_pose_height) @ T_bar_pose_height_run)
E2,ihawk1,marker_3,15.0,20260808_145501,5,-0.5937326702862146,0.6373664285686306,-0.16007643144154843,-0.00042196605689626143,0.00015505598536108236,0.010680771281501758,Log(inv(T_bar_pose_height) @ T_bar_pose_height_run)
E2,ihawk1,marker_3,15.0,20260808_151001,5,-0.1378271882958165,-1.1922408465679857,-0.2427912102718699,0.007619396569843788,0.002126155523354347,0.0009812812059420205,Log(inv(T_bar_pose_height) @ T_bar_pose_height_run)
E2,ihawk1,marker_3,15.0,20260808_162715,5,0.4427086769972868,-7.023757948225103,2.942131958330996,0.009867686240793165,0.00962200025173515,-0.0007406602025819724,Log(inv(T_bar_pose_height) @ T_bar_pose_height_run)
E2,ihawk1,marker_4,15.0,20260808_131913,5,-2.1439314946246633,0.41194024428207887,0.06185184922875951,0.0035078770692221926,0.0017164651400226258,0.0035270783952160763,Log(inv(T_bar_pose_height) @ T_bar_pose_height_run)
E2,ihawk1,marker_4,15.0,20260808_141232,5,-0.33926840103210243,4.343005203701959,0.07176321518457528,-0.001047090176646603,0.0003433325748221146,-0.001288438138544901,Log(inv(T_bar_pose_height) @ T_bar_pose_height_run)
E2,ihawk1,marker_4,15.0,20260808_145501,5,-1.7247692409058886,-0.6318812410420279,0.14583636939114492,-0.005383770690055742,-0.0006794488079784387,-0.00019737694460892027,Log(inv(T_bar_pose_height) @ T_bar_pose_height_run)
E2,ihawk1,marker_4,15.0,20260808_151001,5,0.04759302889448745,-0.7537694047184281,-0.23516195906775,0.0034968312783892927,-0.0029368582762234483,-4.0906734718689376e-05,Log(inv(T_bar_pose_height) @ T_bar_pose_height_run)
E2,ihawk1,marker_4,15.0,20260808_162715,5,4.160376107668236,-3.369294802223356,-0.04428947473679123,-0.0005738474809660062,0.0015565093693600174,-0.0020003565773555406,Log(inv(T_bar_pose_height) @ T_bar_pose_height_run)
E2,ihawk1,marker_0,20.0,20260808_131913,5,-0.650267575017321,0.19696330014886637,-0.046158014545368706,-0.002348411150762859,0.0014921589485427259,0.0030914513648381626,Log(inv(T_bar_pose_height) @ T_bar_pose_height_run)
E2,ihawk1,marker_0,20.0,20260808_141232,5,1.9542132328960748,5.150432234749395,-1.676612828845272,-0.016964401936145058,0.0006609665518892748,-0.012638118361996827,Log(inv(T_bar_pose_height) @ T_bar_pose_height_run)
E2,ihawk1,marker_0,20.0,20260808_145501,5,-1.6374181692826342,-0.23745765198344534,-0.09771790706276737,0.01195123788343508,0.0005126624737468951,0.01397430679035055,Log(inv(T_bar_pose_height) @ T_bar_pose_height_run)
E2,ihawk1,marker_0,20.0,20260808_151001,5,-2.4131284514194093,-2.4594162621268767,0.48693664766247496,-0.00011233084522476056,0.0038373709899447296,0.00036281129520753907,Log(inv(T_bar_pose_height) @ T_bar_pose_height_run)
E2,ihawk1,marker_0,20.0,20260808_162715,5,2.7466009628232917,-2.650521620788411,1.3335521027910646,0.00747390604869728,-0.006503158964120144,-0.0047904510883971,Log(inv(T_bar_pose_height) @ T_bar_pose_height_run)
E2,ihawk1,marker_1,20.0,20260808_131913,5,-2.5313194384315976,-2.202710710080558,1.0072849393453118,-0.010405218826617003,-0.017640100615175996,-0.018315675082030185,Log(inv(T_bar_pose_height) @ T_bar_pose_height_run)
E2,ihawk1,marker_1,20.0,20260808_141232,5,-0.6871124474381529,1.4276422394421788,2.37889375914895,0.03142146290739585,0.04584997352674828,0.011449995447584248,Log(inv(T_bar_pose_height) @ T_bar_pose_height_run)
E2,ihawk1,marker_1,20.0,20260808_145501,5,-1.2458246856398665,1.322538310848242,-0.8708537478357218,-0.009006715730009256,-0.017941759744054837,0.0001864144138269967,Log(inv(T_bar_pose_height) @ T_bar_pose_height_run)
E2,ihawk1,marker_1,20.0,20260808_151001,5,0.14381035321028487,1.9962293105190028,-2.3412121426011527,-0.017152555662348426,-0.016270237172312737,0.00670452872921236,Log(inv(T_bar_pose_height) @ T_bar_pose_height_run)
E2,ihawk1,marker_1,20.0,20260808_162715,5,4.320446218299343,-2.5436991507292825,-0.1741128080572951,0.005143027311582432,0.006002124004804233,-2.526350859857268e-05,Log(inv(T_bar_pose_height) @ T_bar_pose_height_run)
E2,ihawk1,marker_2,20.0,20260808_131913,5,-0.3709441441773706,-0.15028094870490327,-0.16239813843237363,-0.002756436408972836,-0.005188143302226504,0.0015803077503625397,Log(inv(T_bar_pose_height) @ T_bar_pose_height_run)
E2,ihawk1,marker_2,20.0,20260808_141232,5,1.7069309983646492,2.434596704727808,0.6859542669771717,-0.0029573300942509367,0.006060668426510095,0.0038138223359223495,Log(inv(T_bar_pose_height) @ T_bar_pose_height_run)
E2,ihawk1,marker_2,20.0,20260808_145501,5,-0.12572363987945628,0.07567002170635767,-0.3440554370382433,0.0005747058905621032,-0.005536881987833795,0.005242500180949606,Log(inv(T_bar_pose_height) @ T_bar_pose_height_run)
E2,ihawk1,marker_2,20.0,20260808_151001,5,-1.8295072672504418,-0.2964907952876987,-0.8080608929615366,-8.957133011126692e-05,-0.006575460703219333,-6.30779316327955e-05,Log(inv(T_bar_pose_height) @ T_bar_pose_height_run)
E2,ihawk1,marker_2,20.0,20260808_162715,5,0.6192440529426283,-2.0634949824415973,0.6285602014551626,0.005228631942785609,0.011239817566778079,-0.010573552335623676,Log(inv(T_bar_pose_height) @ T_bar_pose_height_run)
E2,ihawk1,marker_3,20.0,20260808_131913,5,-2.6933175191682532,-2.2996814819027205,4.16965162643104,0.32923216149436624,-0.3702100038354805,-0.0187793847630512,Log(inv(T_bar_pose_height) @ T_bar_pose_height_run)
E2,ihawk1,marker_3,20.0,20260808_141232,5,1.644169234981922,3.0051482769974327,-0.30678281335838187,-0.07480962328315033,0.10247429094539934,0.010503114153148575,Log(inv(T_bar_pose_height) @ T_bar_pose_height_run)
E2,ihawk1,marker_3,20.0,20260808_145501,5,0.9101668787784646,2.0348628266829527,-1.6503938757766659,-0.08579105670073092,0.09015203322263647,0.007701209289045066,Log(inv(T_bar_pose_height) @ T_bar_pose_height_run)
E2,ihawk1,marker_3,20.0,20260808_151001,5,-1.3584414266490914,0.3761133339441562,-1.2903894427960787,-0.09673488272010111,0.08561336358015821,-0.0032146767365759956,Log(inv(T_bar_pose_height) @ T_bar_pose_height_run)
E2,ihawk1,marker_3,20.0,20260808_162715,5,1.4974228320567402,-3.116442955721621,-0.9220854944997918,-0.07189659879038071,0.09197031608728243,0.0037897380574330743,Log(inv(T_bar_pose_height) @ T_bar_pose_height_run)
E2,ihawk1,marker_4,20.0,20260808_131913,5,0.14734649213588638,1.1200964649341731,-0.8728287448619362,0.004241683518232528,-0.0002924205097313514,0.005417943844640788,Log(inv(T_bar_pose_height) @ T_bar_pose_height_run)
E2,ihawk1,marker_4,20.0,20260808_141232,5,0.9385835771079922,2.4783496467312895,0.6408788905055587,-0.005741228729167536,-0.00850559498080753,0.0003379051190929913,Log(inv(T_bar_pose_height) @ T_bar_pose_height_run)
E2,ihawk1,marker_4,20.0,20260808_145501,5,-1.0661606328821727,-0.0004692344372952615,0.23815855991274187,-0.0025467854300959703,0.0060743755371516885,0.003756106767108752,Log(inv(T_bar_pose_height) @ T_bar_pose_height_run)
E2,ihawk1,marker_4,20.0,20260808_151001,5,-1.310373722165471,0.1505968778349378,-1.144770255969083,0.00012637810778214165,-0.004208075443379174,-0.002608948870843929,Log(inv(T_bar_pose_height) @ T_bar_pose_height_run)
E2,ihawk1,marker_4,20.0,20260808_162715,5,1.2906042858037263,-3.748573755063012,1.138561550412709,0.003919952533263742,0.006931715396755289,-0.006903006860036736,Log(inv(T_bar_pose_height) @ T_bar_pose_height_run)
E2,ihawk1,marker_0,25.0,20260808_131913,5,-3.0983252953315406,-4.637597483484558,2.5627713452036813,-0.00808346457120276,-0.005065471234027737,0.010656844205795834,Log(inv(T_bar_pose_height) @ T_bar_pose_height_run)
E2,ihawk1,marker_0,25.0,20260808_141232,5,2.4509480596997357,8.65892106035451,-3.383659604478588,0.0008838549911624354,-0.0014683270912662068,-0.004059795364027317,Log(inv(T_bar_pose_height) @ T_bar_pose_height_run)
E2,ihawk1,marker_0,25.0,20260808_145501,5,0.9758120615211076,-0.31956576275867166,0.16082110003465133,0.007480110467973841,0.013035039449137541,0.00447926226691474,Log(inv(T_bar_pose_height) @ T_bar_pose_height_run)
E2,ihawk1,marker_0,25.0,20260808_151001,5,-2.2786118660715475,-0.27680191247144437,-1.1740909941239401,-0.0007121604069051816,-0.0032903708146779257,-0.005457823074287296,Log(inv(T_bar_pose_height) @ T_bar_pose_height_run)
E2,ihawk1,marker_0,25.0,20260808_162715,5,1.9501770401822676,-3.424955901639427,1.8341581533642792,0.0004316595189854196,-0.0032108703091524114,-0.005618488034393191,Log(inv(T_bar_pose_height) @ T_bar_pose_height_run)
E2,ihawk1,marker_1,25.0,20260808_131913,5,-10.293914405755022,-14.054138914635573,15.506845301191445,-0.518914452141078,0.3275540036048697,0.01566626445158043,Log(inv(T_bar_pose_height) @ T_bar_pose_height_run)
E2,ihawk1,marker_1,25.0,20260808_141232,5,3.656769382844763,7.189179249533607,10.040834768632102,0.8204715843482885,-0.4677602970174103,-0.04083852471721838,Log(inv(T_bar_pose_height) @ T_bar_pose_height_run)
E2,ihawk1,marker_1,25.0,20260808_145501,5,0.8299992555372179,-0.12582671631193812,-14.329449123108816,0.7134783135707389,-0.49339849255115914,0.02801140533106921,Log(inv(T_bar_pose_height) @ T_bar_pose_height_run)
E2,ihawk1,marker_1,25.0,20260808_151001,5,0.46610692250819813,4.47966458064157,-6.750729506551472,-0.5103825320843708,0.31646586242396496,0.0016214434494983988,Log(inv(T_bar_pose_height) @ T_bar_pose_height_run)
E2,ihawk1,marker_1,25.0,20260808_162715,5,5.341038844865013,2.511121800772475,-4.467501440163642,-0.5046529136935783,0.3171389235397346,-0.004460588514929915,Log(inv(T_bar_pose_height) @ T_bar_pose_height_run)
E2,ihawk1,marker_2,25.0,20260808_131913,5,-0.7756900390917275,-2.0429051730176027,0.8746876971473487,-0.007446606197649207,-0.007243824141837827,0.005853100251328331,Log(inv(T_bar_pose_height) @ T_bar_pose_height_run)
E2,ihawk1,marker_2,25.0,20260808_141232,5,0.3451043157463282,4.346215450941636,-0.2294309642780264,-0.0026226034645852694,0.005965393463077866,-0.00349274754323577,Log(inv(T_bar_pose_height) @ T_bar_pose_height_run)
E2,ihawk1,marker_2,25.0,20260808_145501,5,0.895285765869763,-0.1555174074961279,-0.12000388650451806,0.004406097227769246,-0.009803176051456829,0.00010784235041983959,Log(inv(T_bar_pose_height) @ T_bar_pose_height_run)
E2,ihawk1,marker_2,25.0,20260808_151001,5,-1.6488210101187617,1.0911138708179513,-2.0325910222563013,-0.0028239364282075354,0.012069774634790378,-0.001125556655159307,Log(inv(T_bar_pose_height) @ T_bar_pose_height_run)
E2,ihawk1,marker_2,25.0,20260808_162715,5,1.1841209675944135,-3.2389067412458807,1.5073381758913729,0.008487048862660699,-0.0009881679046021634,-0.0013426384033450903,Log(inv(T_bar_pose_height) @ T_bar_pose_height_run)
E2,ihawk1,marker_3,25.0,20260808_131913,5,-3.177438959475695,-3.4386970612111027,2.529795648400111,-0.16799912072365902,0.21162252767540454,0.028587841172255705,Log(inv(T_bar_pose_height) @ T_bar_pose_height_run)
E2,ihawk1,marker_3,25.0,20260808_141232,5,-2.7126994819350285,0.03848757578466996,8.792098047068254,0.6668800160018812,-0.7769915505801436,-0.046781130083880164,Log(inv(T_bar_pose_height) @ T_bar_pose_height_run)
E2,ihawk1,marker_3,25.0,20260808_145501,5,2.515839518257421,1.2173093167374458,-3.343226818932465,-0.14096413221817025,0.20543076810732544,0.024781124514805346,Log(inv(T_bar_pose_height) @ T_bar_pose_height_run)
E2,ihawk1,marker_3,25.0,20260808_151001,5,-2.664177635162594,-0.37189536201362605,-1.8665878488546284,-0.16948965612559527,0.18213086581839122,0.021192009830971935,Log(inv(T_bar_pose_height) @ T_bar_pose_height_run)
E2,ihawk1,marker_3,25.0,20260808_162715,5,6.038476558315836,2.5547955307028234,-6.112079027681312,-0.18842710693445777,0.17780738897902318,-0.027779845434152958,Log(inv(T_bar_pose_height) @ T_bar_pose_height_run)
E2,ihawk1,marker_4,25.0,20260808_131913,5,-0.4651169386732959,-0.24247208046074736,-0.38380989516909997,0.005057510896478626,0.0019275876838256909,0.004412488315257497,Log(inv(T_bar_pose_height) @ T_bar_pose_height_run)
E2,ihawk1,marker_4,25.0,20260808_141232,5,-0.1847204139165305,3.3692515088952093,0.4150908821097459,0.0021871080102878666,-0.0010765502025245949,0.0014447487007422028,Log(inv(T_bar_pose_height) @ T_bar_pose_height_run)
E2,ihawk1,marker_4,25.0,20260808_145501,5,1.6603460628081619,0.6931283841336271,-0.6685911680336271,-0.006642926794849613,-0.0037680946393345324,-0.005273986219157348,Log(inv(T_bar_pose_height) @ T_bar_pose_height_run)
E2,ihawk1,marker_4,25.0,20260808_151001,5,-3.127914715360614,-1.2936897527676263,-0.31586789433100504,0.0007470500348949426,0.002286461333934321,-0.00032748071704658357,Log(inv(T_bar_pose_height) @ T_bar_pose_height_run)
E2,ihawk1,marker_4,25.0,20260808_162715,5,2.1174060051420573,-2.5262180598004838,0.953178075424088,-0.0013487421468331346,0.0006305958240887224,-0.0002557700798147818,Log(inv(T_bar_pose_height) @ T_bar_pose_height_run)
E2,ihawk1,marker_0,30.0,20260808_131913,5,-5.552336296806231,-9.32907579818518,5.485260316291696,-0.03994159358064315,-0.020490087156799543,0.012410416636275269,Log(inv(T_bar_pose_height) @ T_bar_pose_height_run)
E2,ihawk1,marker_0,30.0,20260808_141232,5,-0.8654533840657935,-1.9719504432953132,2.0019466405103405,-0.02422702945717175,0.009791675044347716,-0.027465491825133494,Log(inv(T_bar_pose_height) @ T_bar_pose_height_run)
E2,ihawk1,marker_0,30.0,20260808_145501,5,2.732597130688779,9.568995614820775,-4.6749557068717005,0.04162566113425666,0.0066637108995598465,0.0184616287811035,Log(inv(T_bar_pose_height) @ T_bar_pose_height_run)
E2,ihawk1,marker_0,30.0,20260808_151001,5,-1.8669369575506372,0.33025445814625903,-0.9473894575740534,0.006445019372569979,0.0036805679698177387,-0.00034219941637541517,Log(inv(T_bar_pose_height) @ T_bar_pose_height_run)
E2,ihawk1,marker_0,30.0,20260808_162715,5,5.5521295077340405,1.4017761685134151,-1.8648617923562718,0.016097942530942374,0.000354133243048338,-0.0030643541758723324,Log(inv(T_bar_pose_height) @ T_bar_pose_height_run)
E2,ihawk1,marker_1,30.0,20260808_131913,5,-1.2894203140048133,0.6077159811830145,-1.767230172007658,0.9772255420042212,-0.6668119079388329,-0.0030893599582738013,Log(inv(T_bar_pose_height) @ T_bar_pose_height_run)
E2,ihawk1,marker_1,30.0,20260808_141232,5,-0.2430135604219907,2.27959558726949,1.1931386302773184,-0.8521539355161998,0.5850980832413483,-0.010186081752411213,Log(inv(T_bar_pose_height) @ T_bar_pose_height_run)
E2,ihawk1,marker_1,30.0,20260808_145501,5,-1.0280477779437205,-1.4860874259191772,-3.850944973999855,0.9744671473591755,-0.6691124388430543,0.002033859306759404,Log(inv(T_bar_pose_height) @ T_bar_pose_height_run)
E2,ihawk1,marker_1,30.0,20260808_151001,5,-2.1230089888908994,0.17416904605414243,2.357441324151229,-0.8567542480050331,0.5794720986249092,0.003709104910153379,Log(inv(T_bar_pose_height) @ T_bar_pose_height_run)
E2,ihawk1,marker_1,30.0,20260808_162715,5,4.683490641261382,-1.5753931885874806,2.0675951915792066,-0.24278450584216463,0.1713541649156301,0.007532477493772684,Log(inv(T_bar_pose_height) @ T_bar_pose_height_run)
E2,ihawk1,marker_2,30.0,20260808_131913,5,-0.24528761915591646,-0.03216343969010612,0.16313724094627652,-0.001150508981658268,-0.0022136372114186223,0.005937642933470544,Log(inv(T_bar_pose_height) @ T_bar_pose_height_run)
E2,ihawk1,marker_2,30.0,20260808_141232,5,0.3109725410554998,4.6861427748962425,-1.534206039578949,0.001947496095646852,0.0028444254411627524,0.0016266946596113418,Log(inv(T_bar_pose_height) @ T_bar_pose_height_run)
E2,ihawk1,marker_2,30.0,20260808_145501,5,-0.9525562761240002,0.7782730111164501,-0.3730844003986937,0.004720476278379555,0.0021720338101448985,-0.0025470322972335033,Log(inv(T_bar_pose_height) @ T_bar_pose_height_run)
E2,ihawk1,marker_2,30.0,20260808_151001,5,-2.8369899577463955,-2.3514380966270476,1.2929045957815433,-0.004613826172263852,0.005846221424393078,-0.0014850391956681703,Log(inv(T_bar_pose_height) @ T_bar_pose_height_run)
E2,ihawk1,marker_2,30.0,20260808_162715,5,3.7238613119706714,-3.0808142496955235,0.45124860324999055,-0.0009036372200844448,-0.008649043464308823,-0.003532266100204858,Log(inv(T_bar_pose_height) @ T_bar_pose_height_run)
E2,ihawk1,marker_3,30.0,20260808_131913,5,-1.0862985124660658,-0.9556247130512486,3.0648194039300996,-0.25461984165754453,0.2946678519663006,0.01992433601353823,Log(inv(T_bar_pose_height) @ T_bar_pose_height_run)
E2,ihawk1,marker_3,30.0,20260808_141232,5,-1.5498217984780922,1.3639983974294054,2.2518148214876326,-0.2545450219099915,0.28125671633465565,0.011261771413258103,Log(inv(T_bar_pose_height) @ T_bar_pose_height_run)
E2,ihawk1,marker_3,30.0,20260808_145501,5,2.9686377555026144,4.390927203259354,-4.113405954114178,-0.2704735341630449,0.27574022424189215,-0.017414891059303574,Log(inv(T_bar_pose_height) @ T_bar_pose_height_run)
E2,ihawk1,marker_3,30.0,20260808_151001,5,-2.5925458116182183,-0.31128834631861113,-5.214886495458777,1.0449201632870535,-1.1337051188866831,-0.013394961374759153,Log(inv(T_bar_pose_height) @ T_bar_pose_height_run)
E2,ihawk1,marker_3,30.0,20260808_162715,5,2.260028367059839,-4.488012541318581,4.0116582241550915,-0.2652817655564743,0.2820403263438359,-0.0003762549927341635,Log(inv(T_bar_pose_height) @ T_bar_pose_height_run)
E2,ihawk1,marker_4,30.0,20260808_131913,5,-1.0340687011043408,-0.07258299254427786,0.48343058575229975,0.004525866211068206,0.0008186559980678961,0.0016398511421514997,Log(inv(T_bar_pose_height) @ T_bar_pose_height_run)
E2,ihawk1,marker_4,30.0,20260808_141232,5,0.5095216143298825,4.1867038024427625,-1.3418226900245271,0.00021346099621117614,0.000886743726641381,-0.0009852209099948286,Log(inv(T_bar_pose_height) @ T_bar_pose_height_run)
E2,ihawk1,marker_4,30.0,20260808_145501,5,-0.494818656744642,0.4110130054725109,-0.5103457357972764,-0.005714659415203518,0.00011084331323689075,-0.008660958207108466,Log(inv(T_bar_pose_height) @ T_bar_pose_height_run)
E2,ihawk1,marker_4,30.0,20260808_151001,5,-2.916598173928673,-2.086048713960517,0.826880886691353,-0.0022041728532245478,0.003909627966818765,0.0017056474727930534,Log(inv(T_bar_pose_height) @ T_bar_pose_height_run)
E2,ihawk1,marker_4,30.0,20260808_162715,5,3.935963917447923,-2.439085101410602,0.5418569533780692,0.003179505061128106,-0.0057258710047431,0.006300680502172501,Log(inv(T_bar_pose_height) @ T_bar_pose_height_run)
E2,ihawk1,marker_0,35.0,20260808_131913,5,-3.335721772603058,0.27683076344001867,-0.19042426871354093,-0.008580669713252323,0.004442666202069588,0.009465200687608581,Log(inv(T_bar_pose_height) @ T_bar_pose_height_run)
E2,ihawk1,marker_0,35.0,20260808_141232,5,4.312448504062224,11.005554030136889,-3.6602846087422267,0.02278919313579157,-0.006557543599700679,0.01439548080898404,Log(inv(T_bar_pose_height) @ T_bar_pose_height_run)
E2,ihawk1,marker_0,35.0,20260808_145501,5,-0.2924800744484585,-2.5766935536637083,2.042174331715192,-0.00858439249855638,0.01808249814871111,-0.017766891680936894,Log(inv(T_bar_pose_height) @ T_bar_pose_height_run)
E2,ihawk1,marker_0,35.0,20260808_151001,5,-3.6877644121688884,-2.849544966438468,0.13044060351094605,-0.0013068513477588139,-0.00260567153367916,5.665850932748062e-05,Log(inv(T_bar_pose_height) @ T_bar_pose_height_run)
E2,ihawk1,marker_0,35.0,20260808_162715,5,3.0035177551579686,-5.856146273474827,1.6780939422297694,-0.004317279576247986,-0.013361949217468782,-0.006150448324972808,Log(inv(T_bar_pose_height) @ T_bar_pose_height_run)
E2,ihawk1,marker_1,35.0,20260808_131913,5,-4.954516125384738,-1.6101850515741194,-5.4299312774479125,-0.5246077458660942,0.3263566199792753,0.010790805970588685,Log(inv(T_bar_pose_height) @ T_bar_pose_height_run)
E2,ihawk1,marker_1,35.0,20260808_141232,5,3.845451689695823,7.498602432560023,-13.913059983397513,-0.5319689777854598,0.28221158126415224,-0.013778797036072547,Log(inv(T_bar_pose_height) @ T_bar_pose_height_run)
E2,ihawk1,marker_1,35.0,20260808_145501,5,3.0473709664866053,1.0381805825436667,31.27113813689129,1.4837858426027357,-0.8806404066865723,-0.051973061056408164,Log(inv(T_bar_pose_height) @ T_bar_pose_height_run)
E2,ihawk1,marker_1,35.0,20260808_151001,5,-3.856788652242122,-1.077918276050181,-7.396630530725499,-0.5216739770563814,0.3432689323731782,0.0175714943531665,Log(inv(T_bar_pose_height) @ T_bar_pose_height_run)
E2,ihawk1,marker_1,35.0,20260808_162715,5,1.9184821214443961,-5.848679687479535,-4.531516345320029,0.09446485810519852,-0.07119672693003251,0.03738955776872504,Log(inv(T_bar_pose_height) @ T_bar_pose_height_run)
E2,ihawk1,marker_2,35.0,20260808_131913,5,-2.692456802890649,-1.2152852311263964,0.40061712000238264,-0.007878826935214748,-0.0037902114842797135,0.003077234915129564,Log(inv(T_bar_pose_height) @ T_bar_pose_height_run)
E2,ihawk1,marker_2,35.0,20260808_141232,5,0.09173659747379578,4.973161405347921,0.24486140646608331,0.0015991999179291597,0.0072168127752742575,-0.0010681930996389564,Log(inv(T_bar_pose_height) @ T_bar_pose_height_run)
E2,ihawk1,marker_2,35.0,20260808_145501,5,-0.8345330947661976,2.258627594680935,-0.5929725392818741,-0.00020600317394004988,-0.002841194999445711,-0.018399879490243996,Log(inv(T_bar_pose_height) @ T_bar_pose_height_run)
E2,ihawk1,marker_2,35.0,20260808_151001,5,-1.1964191168453306,-1.8612410856410941,-0.6038065004648074,0.00020381918428595555,0.006544938831939725,0.009432206403418337,Log(inv(T_bar_pose_height) @ T_bar_pose_height_run)
E2,ihawk1,marker_2,35.0,20260808_162715,5,4.63167241702832,-4.155262683261514,0.5513005132784901,0.006281811006953192,-0.007130345123485549,0.006958631271329847,Log(inv(T_bar_pose_height) @ T_bar_pose_height_run)
E2,ihawk1,marker_3,35.0,20260808_131913,5,-6.339020531128014,-4.907360505688885,1.613590630128714,-0.13400903053157273,0.1320129130720244,-0.03707213206181223,Log(inv(T_bar_pose_height) @ T_bar_pose_height_run)
E2,ihawk1,marker_3,35.0,20260808_141232,5,0.8573530271209568,5.340640696571419,-2.7650274865426105,-0.08659923616851407,0.0773807940341583,-0.0019577266807758215,Log(inv(T_bar_pose_height) @ T_bar_pose_height_run)
E2,ihawk1,marker_3,35.0,20260808_145501,5,-1.621932566648641,0.03656600702445237,-1.5648037475013417,-0.06794563073506768,0.1033280576194449,0.016771038903467695,Log(inv(T_bar_pose_height) @ T_bar_pose_height_run)
E2,ihawk1,marker_3,35.0,20260808_151001,5,2.231673416375075,2.98144881971176,-6.439713095214584,-0.05827607726193814,0.09809891281969989,0.033906736757429286,Log(inv(T_bar_pose_height) @ T_bar_pose_height_run)
E2,ihawk1,marker_3,35.0,20260808_162715,5,4.871926654280394,-3.45129501761876,9.155953699130094,0.34682997469709265,-0.41082067754532736,-0.011647916918308812,Log(inv(T_bar_pose_height) @ T_bar_pose_height_run)
E2,ihawk1,marker_4,35.0,20260808_131913,5,-3.4947626520983164,-0.8821429999457654,0.5225081106300429,4.2372397974838374e-05,-0.003462134189352205,0.002493297883453192,Log(inv(T_bar_pose_height) @ T_bar_pose_height_run)
E2,ihawk1,marker_4,35.0,20260808_141232,5,1.428512983160966,4.900340989974547,-0.5356196509758404,0.0009131603717616528,0.004814901142656077,-0.004887189303448274,Log(inv(T_bar_pose_height) @ T_bar_pose_height_run)
E2,ihawk1,marker_4,35.0,20260808_145501,5,0.39436409088513125,1.6318222625197991,-0.6873378945407151,0.003897846679671982,-0.0010193420861565054,-0.010869053485544131,Log(inv(T_bar_pose_height) @ T_bar_pose_height_run)
E2,ihawk1,marker_4,35.0,20260808_151001,5,-2.8831323472202235,-2.5072231086629095,0.23654112390515356,-0.003496483981383271,-0.0017871477348788255,0.011006629363203279,Log(inv(T_bar_pose_height) @ T_bar_pose_height_run)
E2,ihawk1,marker_4,35.0,20260808_162715,5,4.555017925272552,-3.1427971438855766,0.46390831098157453,-0.001356895468024503,0.001453722867778587,0.0022563155423018263,Log(inv(T_bar_pose_height) @ T_bar_pose_height_run)
E2,ihawk1,marker_0,40.0,20260808_131913,5,-6.2262177973871715,-1.7133951860266532,1.5928080087040362,-0.006044595122833407,-0.0004895677828991578,0.0026890041535591997,Log(inv(T_bar_pose_height) @ T_bar_pose_height_run)
E2,ihawk1,marker_0,40.0,20260808_141232,5,2.651498956538288,4.443293027622455,-0.05578805157514218,-0.003856859779149907,-0.002930856507997159,0.004674527732578919,Log(inv(T_bar_pose_height) @ T_bar_pose_height_run)
E2,ihawk1,marker_0,40.0,20260808_145501,5,4.463536876016693,6.772858337775866,-4.24994336928135,0.01918272940499186,0.004265226689008,-0.0016443700777050495,Log(inv(T_bar_pose_height) @ T_bar_pose_height_run)
E2,ihawk1,marker_0,40.0,20260808_151001,5,-4.260965950797984,-1.7792416243061038,-0.07221897280237417,0.010215670948235287,-0.006616542919857876,0.016281121174722846,Log(inv(T_bar_pose_height) @ T_bar_pose_height_run)
E2,ihawk1,marker_0,40.0,20260808_162715,5,3.372147915630014,-7.723514555065659,2.7851423849549337,-0.01949694545126145,0.005771740521742133,-0.02200028298313573,Log(inv(T_bar_pose_height) @ T_bar_pose_height_run)
E2,ihawk1,marker_1,40.0,20260808_131913,5,-4.455594428167295,1.6783753260541205,-3.5365905803046096,0.9807519636149133,-0.6702208717587774,0.0008258736204001417,Log(inv(T_bar_pose_height) @ T_bar_pose_height_run)
E2,ihawk1,marker_1,40.0,20260808_141232,5,-0.04284678103791617,-0.3983231928174994,3.4568115846346177,-0.24524435847848725,0.17007757360904138,-0.009494523293157765,Log(inv(T_bar_pose_height) @ T_bar_pose_height_run)
E2,ihawk1,marker_1,40.0,20260808_145501,5,1.7885427916075523,-1.022054522838017,0.17036015778187333,-0.2514884768229794,0.1705084286391473,-0.011135677928830872,Log(inv(T_bar_pose_height) @ T_bar_pose_height_run)
E2,ihawk1,marker_1,40.0,20260808_151001,5,-2.151497348629946,3.669671051903345,-1.4943276035131374,-0.25190244429063485,0.16654926018703248,0.017584467419735045,Log(inv(T_bar_pose_height) @ T_bar_pose_height_run)
E2,ihawk1,marker_1,40.0,20260808_162715,5,4.861395766227702,-3.927668662302071,1.403746441401061,-0.2321166840228106,0.1630856093235557,0.0022198601818534873,Log(inv(T_bar_pose_height) @ T_bar_pose_height_run)
E2,ihawk1,marker_2,40.0,20260808_131913,5,-5.186467576111934,-0.8617807419412976,1.0472229704501872,-0.005439514736630368,0.008697908495090187,0.005136287937554765,Log(inv(T_bar_pose_height) @ T_bar_pose_height_run)
E2,ihawk1,marker_2,40.0,20260808_141232,5,0.5845952600022309,5.718559185719394,-0.44329225069884065,-6.145017685272934e-05,0.0014281090279060068,-0.012158071736540784,Log(inv(T_bar_pose_height) @ T_bar_pose_height_run)
E2,ihawk1,marker_2,40.0,20260808_145501,5,0.9122622914371027,-0.712202654800427,0.09511449846783414,0.0014449900423081916,-0.000623653571451945,-0.002882776205940984,Log(inv(T_bar_pose_height) @ T_bar_pose_height_run)
E2,ihawk1,marker_2,40.0,20260808_151001,5,0.061549967228138935,-1.3373185439328448,-0.31183609024714143,-0.008130923041117644,0.0024106200107498355,0.012840364934446551,Log(inv(T_bar_pose_height) @ T_bar_pose_height_run)
E2,ihawk1,marker_2,40.0,20260808_162715,5,3.6280600574445967,-2.807257245044866,-0.38720912797192647,0.012186897912326557,-0.011912983962311979,-0.002935804929579522,Log(inv(T_bar_pose_height) @ T_bar_pose_height_run)
E2,ihawk1,marker_3,40.0,20260808_131913,5,-18.72843105631261,-12.19370446985119,12.469349450610576,-0.024924868868093863,0.0298114100006976,0.009803172729996767,Log(inv(T_bar_pose_height) @ T_bar_pose_height_run)
E2,ihawk1,marker_3,40.0,20260808_141232,5,1.865073370903461,4.492131620670937,-0.8941933227691753,0.005348396779920963,0.0021369679629221804,0.010603282269694843,Log(inv(T_bar_pose_height) @ T_bar_pose_height_run)
E2,ihawk1,marker_3,40.0,20260808_145501,5,6.314772170892642,3.6634202228468293,-4.473414353497705,0.003824546780373736,-0.007344662521690876,0.0008420075022920418,Log(inv(T_bar_pose_height) @ T_bar_pose_height_run)
E2,ihawk1,marker_3,40.0,20260808_151001,5,7.731506736419199,8.392849504776532,-7.706262222241859,0.011407324515120193,-0.012079237376733514,0.002431635862176377,Log(inv(T_bar_pose_height) @ T_bar_pose_height_run)
E2,ihawk1,marker_3,40.0,20260808_162715,5,2.8170787780971254,-4.354696878443004,0.6045204478981814,0.004344600792670858,-0.012524478065176564,-0.023680098364161812,Log(inv(T_bar_pose_height) @ T_bar_pose_height_run)
E2,ihawk1,marker_4,40.0,20260808_131913,5,-4.768948726974228,0.6633026625911491,-0.216675742391472,0.007889138254180512,0.00027273957437224885,0.005233328704490038,Log(inv(T_bar_pose_height) @ T_bar_pose_height_run)
E2,ihawk1,marker_4,40.0,20260808_141232,5,2.529571323722327,5.678188404624819,-1.092221762488312,0.001187794562716009,-0.001788066696938245,-0.0052282717245899085,Log(inv(T_bar_pose_height) @ T_bar_pose_height_run)
E2,ihawk1,marker_4,40.0,20260808_145501,5,1.3122526460046084,-1.074596048211426,-0.11258820963705042,-0.006568024106093348,-0.0015326423107576588,-0.012703876939133697,Log(inv(T_bar_pose_height) @ T_bar_pose_height_run)
E2,ihawk1,marker_4,40.0,20260808_151001,5,-1.5480156603733684,0.5491806633904681,-0.929330117206641,3.118853549586715e-05,-0.005945991593058455,0.015114245215506812,Log(inv(T_bar_pose_height) @ T_bar_pose_height_run)
E2,ihawk1,marker_4,40.0,20260808_162715,5,2.475140417620416,-5.816075682395326,2.3508158317233177,-0.0025400972462847095,0.00899396102639014,-0.0024154252562353486,Log(inv(T_bar_pose_height) @ T_bar_pose_height_run)
E2,ihawk1,marker_0,45.0,20260808_131913,5,-5.358388758362327,-2.0667139473225977,1.4350967889123971,0.013038045848290693,0.018559393945595356,-0.0043339194215720874,Log(inv(T_bar_pose_height) @ T_bar_pose_height_run)
E2,ihawk1,marker_0,45.0,20260808_141232,5,2.227721237832678,5.481109954914006,0.17375555629691236,-0.01127111749589563,-0.017603674940209573,-0.010822029472787998,Log(inv(T_bar_pose_height) @ T_bar_pose_height_run)
E2,ihawk1,marker_0,45.0,20260808_145501,5,1.6952179687327567,1.3142905894068697,-0.951868673866202,-0.020511787817379366,0.002115558739943884,-0.006544643547500746,Log(inv(T_bar_pose_height) @ T_bar_pose_height_run)
E2,ihawk1,marker_0,45.0,20260808_151001,5,-0.688801691430554,3.9170841369053386,-4.06780418146721,0.029755505927931473,0.021515931219672702,0.027881604897528636,Log(inv(T_bar_pose_height) @ T_bar_pose_height_run)
E2,ihawk1,marker_0,45.0,20260808_162715,5,2.1242512432275302,-8.645770733903515,3.4108205101241182,-0.011010646462933494,-0.024587208964994372,-0.006181012455664746,Log(inv(T_bar_pose_height) @ T_bar_pose_height_run)
E2,ihawk1,marker_1,45.0,20260808_131913,5,-3.449554825370732,-0.010139699274365416,-5.574299757354316,0.990836979647146,-0.669248645064122,0.00892309524288139,Log(inv(T_bar_pose_height) @ T_bar_pose_height_run)
E2,ihawk1,marker_1,45.0,20260808_141232,5,4.621703281075777,7.371948619703264,-1.7857297122927573,-0.2581644457687286,0.1564452011767875,-0.009643942337568379,Log(inv(T_bar_pose_height) @ T_bar_pose_height_run)
E2,ihawk1,marker_1,45.0,20260808_145501,5,3.9370971542916697,2.790984589404408,-2.65036404116827,-0.2509373080313115,0.15794638472418174,0.009302986669351464,Log(inv(T_bar_pose_height) @ T_bar_pose_height_run)
E2,ihawk1,marker_1,45.0,20260808_151001,5,-8.736961322579168,-4.513238177337202,6.88728680556089,-0.23095458490183218,0.20525851175383567,-0.015230266201073947,Log(inv(T_bar_pose_height) @ T_bar_pose_height_run)
E2,ihawk1,marker_1,45.0,20260808_162715,5,3.6277157125821202,-5.639555332496385,3.12310670525472,-0.2507806409452755,0.14959854740931816,0.006648126626409522,Log(inv(T_bar_pose_height) @ T_bar_pose_height_run)
E2,ihawk1,marker_2,45.0,20260808_131913,5,-5.128881052253887,-0.7031872725434443,0.0009710249754961749,0.000560459306233538,0.005667769664306115,0.0017950856362488102,Log(inv(T_bar_pose_height) @ T_bar_pose_height_run)
E2,ihawk1,marker_2,45.0,20260808_141232,5,-0.3984585552996001,7.092852789881619,-0.07836664716925998,-0.004425613257788625,-0.010209712564691692,-0.017951946229496803,Log(inv(T_bar_pose_height) @ T_bar_pose_height_run)
E2,ihawk1,marker_2,45.0,20260808_145501,5,-0.6925989468172167,1.3487446257454303,-0.2842882877842277,-0.0004580643110258764,0.005837822995857736,-0.010007584897681748,Log(inv(T_bar_pose_height) @ T_bar_pose_height_run)
E2,ihawk1,marker_2,45.0,20260808_151001,5,2.13327895983034,-3.527739568285142,0.19623145289407856,-0.0031581370025723916,0.011533213126097551,0.02373043603433033,Log(inv(T_bar_pose_height) @ T_bar_pose_height_run)
E2,ihawk1,marker_2,45.0,20260808_162715,5,4.086659594540375,-4.210670574798775,0.16545245708401424,0.007481355265148157,-0.012829093221567788,0.0024340094565976473,Log(inv(T_bar_pose_height) @ T_bar_pose_height_run)
E2,ihawk1,marker_3,45.0,20260808_131913,5,-4.639095241799474,-0.38295463906146987,-0.9653821592390707,-0.004120306427112219,0.010691963518770015,-0.004736072510342897,Log(inv(T_bar_pose_height) @ T_bar_pose_height_run)
E2,ihawk1,marker_3,45.0,20260808_141232,5,0.872469352909648,6.719330854477352,-1.1994865141642392,-0.0024338549756312013,-0.004648038210027927,-0.01818733498454916,Log(inv(T_bar_pose_height) @ T_bar_pose_height_run)
E2,ihawk1,marker_3,45.0,20260808_145501,5,-3.48829948865129,-3.2780624170297354,2.660512037426563,-0.004366714107773997,0.005138520073879775,0.0026822014075291905,Log(inv(T_bar_pose_height) @ T_bar_pose_height_run)
E2,ihawk1,marker_3,45.0,20260808_151001,5,2.975063768011471,1.2114482576641241,-0.8747836410414186,0.0003588244670232322,-0.003522708820682953,0.016774673670694056,Log(inv(T_bar_pose_height) @ T_bar_pose_height_run)
E2,ihawk1,marker_3,45.0,20260808_162715,5,4.279861609529338,-4.2697620560504985,0.37914027701818503,0.010562051043483137,-0.007659736561925315,0.003466532416659285,Log(inv(T_bar_pose_height) @ T_bar_pose_height_run)
E2,ihawk1,marker_4,45.0,20260808_131913,5,-4.177079639669143,0.1626357453590295,-1.030979239080148,0.007742654818221167,0.004195539115841413,0.0015590516793219532,Log(inv(T_bar_pose_height) @ T_bar_pose_height_run)
E2,ihawk1,marker_4,45.0,20260808_141232,5,0.7392444368426946,5.489923542324606,0.35661449024503544,-0.002756507663676501,0.0011933232214393252,-0.01740731396936402,Log(inv(T_bar_pose_height) @ T_bar_pose_height_run)
E2,ihawk1,marker_4,45.0,20260808_145501,5,0.7362805629103615,0.8765770171935889,-0.8140252015908018,0.0005815284498885256,0.006970977298946437,-0.007554820903147334,Log(inv(T_bar_pose_height) @ T_bar_pose_height_run)
E2,ihawk1,marker_4,45.0,20260808_151001,5,-0.3665148448097768,-0.7005372778044023,-0.630740467189458,-0.004124987761342559,-0.003516491015280334,0.02446188746876396,Log(inv(T_bar_pose_height) @ T_bar_pose_height_run)
E2,ihawk1,marker_4,45.0,20260808_162715,5,3.068069484725759,-5.828599027072866,2.11913041761519,-0.001442687843092084,-0.008843348620949222,-0.0010588042755697424,Log(inv(T_bar_pose_height) @ T_bar_pose_height_run)
E2,ihawk1,marker_0,50.0,20260808_131913,5,-1.7323948283123392,-0.6197066687051438,0.07101784056022897,-0.004894967836404991,-0.009806028122286875,-0.0019462245860299532,Log(inv(T_bar_pose_height) @ T_bar_pose_height_run)
E2,ihawk1,marker_0,50.0,20260808_141232,5,4.434633036243903,7.391979763523429,-1.4449300208248859,-0.0028777005085679377,-0.011134252788715104,-0.010352469517683508,Log(inv(T_bar_pose_height) @ T_bar_pose_height_run)
E2,ihawk1,marker_0,50.0,20260808_145501,5,3.0107470889033414,2.5644736621924644,-2.36169995038239,-0.007063905833033822,0.00667114185632536,-0.0048771990014157265,Log(inv(T_bar_pose_height) @ T_bar_pose_height_run)
E2,ihawk1,marker_0,50.0,20260808_151001,5,-10.585525420150427,-6.0308330744067495,2.8151601621585742,0.017396729450892077,0.028615296241968367,0.03246486294097934,Log(inv(T_bar_pose_height) @ T_bar_pose_height_run)
E2,ihawk1,marker_0,50.0,20260808_162715,5,4.872540123315713,-3.3059136826037108,0.9204519684883251,-0.0025601552728746093,-0.014346157187275665,-0.015288969835841713,Log(inv(T_bar_pose_height) @ T_bar_pose_height_run)
E2,ihawk1,marker_1,50.0,20260808_131913,5,-2.0061539650291365,-1.909821716436935,0.15007185397787653,-0.11641302405139567,0.07418591876614855,-0.004597891466151351,Log(inv(T_bar_pose_height) @ T_bar_pose_height_run)
E2,ihawk1,marker_1,50.0,20260808_141232,5,6.406645378071174,7.91452829300302,-3.3765932812515667,-0.12783666096906346,0.08214050686648305,0.0014719560180048784,Log(inv(T_bar_pose_height) @ T_bar_pose_height_run)
E2,ihawk1,marker_1,50.0,20260808_145501,5,-0.2769934090623108,-3.7867292872470393,0.27588003068292277,-0.14284013392078485,0.09472645340344361,-0.017801030163292427,Log(inv(T_bar_pose_height) @ T_bar_pose_height_run)
E2,ihawk1,marker_1,50.0,20260808_151001,5,-10.716261698877814,1.459809028349517,0.5393032476477335,-0.12273525892930214,0.07679722857419981,0.023289418246808673,Log(inv(T_bar_pose_height) @ T_bar_pose_height_run)
E2,ihawk1,marker_1,50.0,20260808_162715,5,6.592763694897867,-3.6777863176687,2.4113381489432664,0.5098250778705469,-0.3278501076102754,-0.002362452635369402,Log(inv(T_bar_pose_height) @ T_bar_pose_height_run)
E2,ihawk1,marker_2,50.0,20260808_131913,5,-3.7840054765696407,-1.38776175222612,-3.847654605805119,-0.21226319825906728,0.13970342989300147,-0.01121384501271056,Log(inv(T_bar_pose_height) @ T_bar_pose_height_run)
E2,ihawk1,marker_2,50.0,20260808_141232,5,1.9070826831340857,5.4957159132309785,-5.431814777473083,-0.202914819412793,0.13503921533761892,-0.007725052564550231,Log(inv(T_bar_pose_height) @ T_bar_pose_height_run)
E2,ihawk1,marker_2,50.0,20260808_145501,5,0.34089554447231796,0.08588962593852649,18.51736975655685,0.8182989960733659,-0.5684836184364399,0.000708928663759473,Log(inv(T_bar_pose_height) @ T_bar_pose_height_run)
E2,ihawk1,marker_2,50.0,20260808_151001,5,-0.20037436815015847,-1.6009405918582917,-4.886762457630682,-0.20504089569012784,0.15818642300172256,0.032125693705131055,Log(inv(T_bar_pose_height) @ T_bar_pose_height_run)
E2,ihawk1,marker_2,50.0,20260808_162715,5,1.7364016171133823,-2.592903195085084,-4.35113791564791,-0.19808008271137806,0.13555455020409732,-0.013895724791629609,Log(inv(T_bar_pose_height) @ T_bar_pose_height_run)
E2,ihawk1,marker_3,50.0,20260808_131913,5,-3.5703416091325284,-1.6605819381276365,-0.011342464667396619,-0.02099889501210416,-0.00628826754228035,-0.02215098977565704,Log(inv(T_bar_pose_height) @ T_bar_pose_height_run)
E2,ihawk1,marker_3,50.0,20260808_141232,5,2.9745333438723414,5.019385724189183,-0.5908823632227947,0.006658918311619787,-0.011769752135474959,-0.008638034935730562,Log(inv(T_bar_pose_height) @ T_bar_pose_height_run)
E2,ihawk1,marker_3,50.0,20260808_145501,5,1.4850170390713338,-0.0853501472655794,-1.0230717601545427,0.004060008193457347,0.012992372117635164,0.0075571077752574255,Log(inv(T_bar_pose_height) @ T_bar_pose_height_run)
E2,ihawk1,marker_3,50.0,20260808_151001,5,-2.6952013591848583,1.3419913885798072,1.4833167284504825,0.002739784662959657,0.007803411246068454,0.035020282866569684,Log(inv(T_bar_pose_height) @ T_bar_pose_height_run)
E2,ihawk1,marker_3,50.0,20260808_162715,5,1.8059925853735779,-4.615445027375602,0.14197985959449969,0.007540183844070143,-0.0027377636859529236,-0.011788365930442912,Log(inv(T_bar_pose_height) @ T_bar_pose_height_run)
E2,ihawk1,marker_4,50.0,20260808_131913,5,-2.86362874439676,-1.2308760372895158,-0.025033344998474833,0.009531846879239953,0.0007886640378841299,-0.0005019819217080571,Log(inv(T_bar_pose_height) @ T_bar_pose_height_run)
E2,ihawk1,marker_4,50.0,20260808_141232,5,2.4346309723658695,4.29059166231919,0.6631375689599701,0.0014276431415695425,0.0015534246079950827,-0.00845538083339292,Log(inv(T_bar_pose_height) @ T_bar_pose_height_run)
E2,ihawk1,marker_4,50.0,20260808_145501,5,1.1671739204575757,-0.5877548422184693,-0.3826048581368594,-0.007825862063033533,0.007120503187706643,-0.006819728592977299,Log(inv(T_bar_pose_height) @ T_bar_pose_height_run)
E2,ihawk1,marker_4,50.0,20260808_151001,5,-2.9487126391335794,3.3282644054303416,-2.267918253866525,0.006329330233612162,-0.005823566356333005,0.039249195118902944,Log(inv(T_bar_pose_height) @ T_bar_pose_height_run)
E2,ihawk1,marker_4,50.0,20260808_162715,5,2.21053649070687,-5.800225188241561,2.0124188880421756,-0.009462958191368618,-0.0036390254772526933,-0.02347210377083147,Log(inv(T_bar_pose_height) @ T_bar_pose_height_run)
E2,ihawk2,marker_0,0.0,20260808_131913,5,-3.97603006671041,0.5194663387925653,0.9331217302454218,-0.008285007114724944,-0.002545838216815157,0.01640850302692066,Log(inv(T_bar_pose_height) @ T_bar_pose_height_run)
E2,ihawk2,marker_0,0.0,20260808_141232,5,2.1145511323786756,0.4546158413717547,0.18294445799738104,-0.00035748268114020696,-0.0016574242733443257,-0.01075682706980883,Log(inv(T_bar_pose_height) @ T_bar_pose_height_run)
E2,ihawk2,marker_0,0.0,20260808_145501,5,2.016290450189509,0.22032516116260523,-0.9923504805955395,-0.0006833204975990977,-0.0006562371477342107,-0.00467271588121201,Log(inv(T_bar_pose_height) @ T_bar_pose_height_run)
E2,ihawk2,marker_0,0.0,20260808_151001,5,0.8221302593155957,-0.11545424640777847,-0.8141033880101264,0.005872200729701303,0.0033222124732794813,-0.002280947733625763,Log(inv(T_bar_pose_height) @ T_bar_pose_height_run)
E2,ihawk2,marker_0,0.0,20260808_162715,5,-0.9769417751733761,-1.0789530949192772,0.6903876803627775,0.003453609563760493,0.0015372871646109792,0.0013019876577036516,Log(inv(T_bar_pose_height) @ T_bar_pose_height_run)
E2,ihawk2,marker_1,0.0,20260808_131913,5,-3.293876670592541,3.0295495646955803,0.07080245772312774,-0.002014807725201638,-0.007211112029542617,0.01739067198033309,Log(inv(T_bar_pose_height) @ T_bar_pose_height_run)
E2,ihawk2,marker_1,0.0,20260808_141232,5,2.537292045916617,-0.526653275568506,-0.462254662745621,-0.004467707921136727,-0.0004095361469648333,-0.002952096378449952,Log(inv(T_bar_pose_height) @ T_bar_pose_height_run)
E2,ihawk2,marker_1,0.0,20260808_145501,5,1.243687357215803,-1.0158620877151934,0.036233112516971956,-0.0013683469315026531,0.000761198603612402,-0.009322881674707597,Log(inv(T_bar_pose_height) @ T_bar_pose_height_run)
E2,ihawk2,marker_1,0.0,20260808_151001,5,0.8418016382026733,-0.583808672835314,-0.4351400769275012,0.003301120233868659,0.0011516468526568664,-0.005611250794648018,Log(inv(T_bar_pose_height) @ T_bar_pose_height_run)
E2,ihawk2,marker_1,0.0,20260808_162715,5,-1.3289043707426103,-0.9032255285764995,0.7903591694329217,0.004549742343964824,0.005707802720234682,0.0004955568674672181,Log(inv(T_bar_pose_height) @ T_bar_pose_height_run)
E2,ihawk2,marker_2,0.0,20260808_131913,5,0.7447816718550057,0.280051504327849,-0.7361387064078511,-0.006608796332673245,-0.008446353732623034,0.018098629209605494,Log(inv(T_bar_pose_height) @ T_bar_pose_height_run)
E2,ihawk2,marker_2,0.0,20260808_141232,5,0.043367912186656754,0.5731909873298505,0.6076917113312307,-4.255382623151317e-05,-0.0005429072440454537,-0.00720794347018209,Log(inv(T_bar_pose_height) @ T_bar_pose_height_run)
E2,ihawk2,marker_2,0.0,20260808_145501,5,-1.0857637269081188,0.23543518544658237,0.8667827781844993,0.004819207176250658,0.006579735563345058,-0.005778922185177712,Log(inv(T_bar_pose_height) @ T_bar_pose_height_run)
E2,ihawk2,marker_2,0.0,20260808_151001,5,-0.2425776331970738,-0.2177791272473538,0.06120775416421402,0.004836942370164024,0.0030849878547353324,-0.004362854647694459,Log(inv(T_bar_pose_height) @ T_bar_pose_height_run)
E2,ihawk2,marker_2,0.0,20260808_162715,5,0.5401917760635078,-0.8708985498569635,-0.7995435372721966,-0.003004799387507858,-0.0006754624414069851,-0.000748908906568341,Log(inv(T_bar_pose_height) @ T_bar_pose_height_run)
E2,ihawk2,marker_3,0.0,20260808_131913,5,-1.2498373423448128,3.0607872638537676,0.6948868098064335,-0.004486571006235479,0.005462230832072216,0.016379037887195556,Log(inv(T_bar_pose_height) @ T_bar_pose_height_run)
E2,ihawk2,marker_3,0.0,20260808_141232,5,0.637963760889745,-0.6040256826101746,0.09122214993774362,-0.004936969206257196,-0.011191936275103473,-0.0066024833379964626,Log(inv(T_bar_pose_height) @ T_bar_pose_height_run)
E2,ihawk2,marker_3,0.0,20260808_145501,5,1.2404708887152593,-1.3151182450601955,-1.1118986774964983,0.0071181368139686865,0.0018725628595859475,-0.007717599691868794,Log(inv(T_bar_pose_height) @ T_bar_pose_height_run)
E2,ihawk2,marker_3,0.0,20260808_151001,5,-0.5179342096435702,-0.5425348024704573,0.2863086045060087,0.006399475180422605,0.007241232597754278,-0.003284021690128899,Log(inv(T_bar_pose_height) @ T_bar_pose_height_run)
E2,ihawk2,marker_3,0.0,20260808_162715,5,-0.1106630976168326,-0.5991085337130031,0.039481113246510754,-0.004094071781899676,-0.003384090014305194,0.001225066832806542,Log(inv(T_bar_pose_height) @ T_bar_pose_height_run)
E2,ihawk2,marker_4,0.0,20260808_131913,5,-2.50161227279856,1.7454241608605459,0.5537001321007816,0.0080377392757063,0.0057077641716173225,0.013955863855428604,Log(inv(T_bar_pose_height) @ T_bar_pose_height_run)
E2,ihawk2,marker_4,0.0,20260808_141232,5,1.582343370744987,-0.17057496297165256,-0.036678616379563794,0.00019746626524052023,0.00043249169212032136,-0.007284566175800388,Log(inv(T_bar_pose_height) @ T_bar_pose_height_run)
E2,ihawk2,marker_4,0.0,20260808_145501,5,0.06408395545400156,-0.4861557358995357,0.2874806367858591,-0.0038030879420340364,-0.0018585367965619072,-0.005052904258357534,Log(inv(T_bar_pose_height) @ T_bar_pose_height_run)
E2,ihawk2,marker_4,0.0,20260808_151001,5,0.668027065153811,-0.45411464546563873,-0.5608880813101151,-0.0017846350475913557,-0.0032378528365244593,-0.002688133101391272,Log(inv(T_bar_pose_height) @ T_bar_pose_height_run)
E2,ihawk2,marker_4,0.0,20260808_162715,5,0.18715788144581244,-0.634578816523746,-0.24361407119694034,-0.002647482551288904,-0.0010438662306163165,0.0010697396801755017,Log(inv(T_bar_pose_height) @ T_bar_pose_height_run)
E2,ihawk2,marker_0,5.0,20260808_131913,5,-3.4821429389299343,-1.21444230219405,-0.6946392103417239,-0.00208048318030542,-0.00801445999550868,0.014133961594604626,Log(inv(T_bar_pose_height) @ T_bar_pose_height_run)
E2,ihawk2,marker_0,5.0,20260808_141232,5,1.5597694796905825,2.89488619750244,-0.7888211562673468,0.004100254933127391,-0.0030705361577168205,0.009465309414459243,Log(inv(T_bar_pose_height) @ T_bar_pose_height_run)
E2,ihawk2,marker_0,5.0,20260808_145501,5,1.2371443305014804,-0.3589524102629832,-0.14606326754221857,-0.00018804585008036395,-0.0017385215123791164,-0.004686775453416197,Log(inv(T_bar_pose_height) @ T_bar_pose_height_run)
E2,ihawk2,marker_0,5.0,20260808_151001,5,-0.7108540661424982,-0.35168491446387656,0.903361033483201,0.0008162047457349214,0.004407846867082096,-0.004829850182913631,Log(inv(T_bar_pose_height) @ T_bar_pose_height_run)
E2,ihawk2,marker_0,5.0,20260808_162715,5,1.3960831948806154,-0.9698065705816308,0.7261626006682675,-0.002647930648478145,0.008415670798550339,-0.014082645372766987,Log(inv(T_bar_pose_height) @ T_bar_pose_height_run)
E2,ihawk2,marker_1,5.0,20260808_131913,5,-2.9717427625189723,0.7748132371014154,-1.1353498328976508,0.003530700439024475,-0.007861955102606514,0.015339386187599042,Log(inv(T_bar_pose_height) @ T_bar_pose_height_run)
E2,ihawk2,marker_1,5.0,20260808_141232,5,0.15853753252557345,3.9232367566772735,0.5794302797907993,-0.004097084635407335,0.002235404221245884,0.009990909376242528,Log(inv(T_bar_pose_height) @ T_bar_pose_height_run)
E2,ihawk2,marker_1,5.0,20260808_145501,5,1.2171644000264081,-1.3315576861453235,-0.10694376855713486,-0.00753559797332674,0.0006945295732305415,-0.009148877179352118,Log(inv(T_bar_pose_height) @ T_bar_pose_height_run)
E2,ihawk2,marker_1,5.0,20260808_151001,5,-0.36200989789458043,-0.9090759693877559,0.667802461248425,0.00529553242397113,0.0017150849609103998,-0.005895323151283818,Log(inv(T_bar_pose_height) @ T_bar_pose_height_run)
E2,ihawk2,marker_1,5.0,20260808_162715,5,1.9580507278616268,-2.457416338245637,-0.00493913958429926,0.0028064497457270317,0.0032169363472122317,-0.010286095233229655,Log(inv(T_bar_pose_height) @ T_bar_pose_height_run)
E2,ihawk2,marker_2,5.0,20260808_131913,5,-0.40604340008330897,-1.3664702312183794,-1.377936619202653,-0.000843076566047162,-0.012113952114064885,0.01582514427073555,Log(inv(T_bar_pose_height) @ T_bar_pose_height_run)
E2,ihawk2,marker_2,5.0,20260808_141232,5,3.1596614404160346,2.306333532740658,0.5960806933051644,0.0005095392173848228,0.0021199409202214783,0.01404139286860527,Log(inv(T_bar_pose_height) @ T_bar_pose_height_run)
E2,ihawk2,marker_2,5.0,20260808_145501,5,-0.31431315127444387,-0.32208849183737764,0.22536098232264204,-0.0010838608125907372,0.0022075565722620956,-0.010573021757998652,Log(inv(T_bar_pose_height) @ T_bar_pose_height_run)
E2,ihawk2,marker_2,5.0,20260808_151001,5,-1.122416691992569,0.03296902269100214,0.07550313813168956,0.00029690488493691413,-0.003955369858817325,-0.004340522113188167,Log(inv(T_bar_pose_height) @ T_bar_pose_height_run)
E2,ihawk2,marker_2,5.0,20260808_162715,5,-1.316888197065481,-0.6507438323758726,0.4809918054428225,0.0011204932763162105,0.011741824480398325,-0.014952993268145172,Log(inv(T_bar_pose_height) @ T_bar_pose_height_run)
E2,ihawk2,marker_3,5.0,20260808_131913,5,-0.7319086057149784,0.4631296675031868,-1.0558602305195233,-0.0023004663773602426,0.0038011350470221095,0.009316341458032692,Log(inv(T_bar_pose_height) @ T_bar_pose_height_run)
E2,ihawk2,marker_3,5.0,20260808_141232,5,2.2664306546363098,4.255419742121245,1.4396414783282825,-0.003380727030418604,-0.002064533915759736,0.009976226591575852,Log(inv(T_bar_pose_height) @ T_bar_pose_height_run)
E2,ihawk2,marker_3,5.0,20260808_145501,5,1.0192508999002774,-1.6312896800012264,-0.8335195083946426,0.0022613958928017065,-0.011502917973493194,-0.00513142017849104,Log(inv(T_bar_pose_height) @ T_bar_pose_height_run)
E2,ihawk2,marker_3,5.0,20260808_151001,5,-1.4224462919329555,-0.708398029370435,0.5215200759046359,0.003789300487159166,0.003281164029328523,-0.003940803613382583,Log(inv(T_bar_pose_height) @ T_bar_pose_height_run)
E2,ihawk2,marker_3,5.0,20260808_162715,5,-1.1313266568886995,-2.378861700252763,-0.07178181531875792,-0.0003695029722096174,0.006485152812892064,-0.010220344257686836,Log(inv(T_bar_pose_height) @ T_bar_pose_height_run)
E2,ihawk2,marker_4,5.0,20260808_131913,5,1.3827248178208151,-0.13835724880392478,-3.862414492706324,0.008777835009453039,-0.007660362280377041,0.021655883879449077,Log(inv(T_bar_pose_height) @ T_bar_pose_height_run)
E2,ihawk2,marker_4,5.0,20260808_141232,5,6.128625961331931,3.3423710432548686,-3.0832723580556216,0.004036012546212879,-0.005535409943755397,0.0158311538627796,Log(inv(T_bar_pose_height) @ T_bar_pose_height_run)
E2,ihawk2,marker_4,5.0,20260808_145501,5,3.339218265885346,-0.7368109541503038,-2.353725376793791,0.003357462909772393,-0.010446752718555032,-0.0005141241677395614,Log(inv(T_bar_pose_height) @ T_bar_pose_height_run)
E2,ihawk2,marker_4,5.0,20260808_151001,5,2.331115241562941,-0.3630297246656178,-2.1870175800233365,0.003605394562751973,-0.009657173266533732,0.000304798371367093,Log(inv(T_bar_pose_height) @ T_bar_pose_height_run)
E2,ihawk2,marker_4,5.0,20260808_162715,5,-13.181684286601168,-2.104173115634977,11.48642980757922,-0.019776705028194917,0.033299698209235826,-0.03727771194585271,Log(inv(T_bar_pose_height) @ T_bar_pose_height_run)
E2,ihawk2,marker_0,10.0,20260808_131913,5,-0.2990513873527424,-1.5324783218890183,0.28930780178489124,-0.003194462527570126,-0.005381874972626125,0.007210017793913075,Log(inv(T_bar_pose_height) @ T_bar_pose_height_run)
E2,ihawk2,marker_0,10.0,20260808_141232,5,-1.1203174474976807,3.933520045625682,0.9540249808425193,-0.0003823790559792682,0.0007707109200192582,-0.004090489150150192,Log(inv(T_bar_pose_height) @ T_bar_pose_height_run)
E2,ihawk2,marker_0,10.0,20260808_145501,5,-2.3559061651927076,-1.9304351719181574,0.683467975049904,0.006924148662536038,0.0046929797505126285,0.010735782145242777,Log(inv(T_bar_pose_height) @ T_bar_pose_height_run)
E2,ihawk2,marker_0,10.0,20260808_151001,5,-0.6057637493063053,-0.41695073100199553,0.049666880660978206,-0.0019173966281359445,0.0018982856247015726,-0.0013143713701439888,Log(inv(T_bar_pose_height) @ T_bar_pose_height_run)
E2,ihawk2,marker_0,10.0,20260808_162715,5,4.381038749349535,-0.05365582081664018,-1.9764676383383508,-0.0014299104508575932,-0.001980101322623785,-0.012540939418898868,Log(inv(T_bar_pose_height) @ T_bar_pose_height_run)
E2,ihawk2,marker_1,10.0,20260808_131913,5,-0.831516073043596,-0.8310683580348139,0.6757133880558698,-0.0014952569301147928,0.010377474678318862,0.007462194069034583,Log(inv(T_bar_pose_height) @ T_bar_pose_height_run)
E2,ihawk2,marker_1,10.0,20260808_141232,5,-1.0650967151225297,3.436370868532052,0.8989672398131424,-0.0019867398350628205,0.001970277371496348,-0.0017071189651280058,Log(inv(T_bar_pose_height) @ T_bar_pose_height_run)
E2,ihawk2,marker_1,10.0,20260808_145501,5,-2.5507598207164666,-0.6835976185887719,0.8276033304655589,-0.0005072164986472296,-0.005205927887705603,0.01406825499553339,Log(inv(T_bar_pose_height) @ T_bar_pose_height_run)
E2,ihawk2,marker_1,10.0,20260808_151001,5,-0.2284372426894072,-0.2605633209342779,-0.1367383778611591,0.0035705197970457266,-0.004100193833430553,-0.003014573583495593,Log(inv(T_bar_pose_height) @ T_bar_pose_height_run)
E2,ihawk2,marker_1,10.0,20260808_162715,5,4.6758098515715805,-1.6611415709741058,-2.2655455804731535,0.00041869346676045644,-0.003041630328641526,-0.016808756515924634,Log(inv(T_bar_pose_height) @ T_bar_pose_height_run)
E2,ihawk2,marker_2,10.0,20260808_131913,5,1.396918119138115,-1.7823780443107937,0.1373190474364717,-0.004451992620966854,-0.010246035536499666,0.0081368237972539,Log(inv(T_bar_pose_height) @ T_bar_pose_height_run)
E2,ihawk2,marker_2,10.0,20260808_141232,5,-1.6234226573012598,4.191719699057676,1.0471661622276722,0.007577495898719475,0.002472054086900839,-0.002154134116023848,Log(inv(T_bar_pose_height) @ T_bar_pose_height_run)
E2,ihawk2,marker_2,10.0,20260808_145501,5,-0.15439530095800463,-1.7124083516673507,0.3704941207929347,-0.004831700405564905,0.00013757754178219251,0.007173400452763638,Log(inv(T_bar_pose_height) @ T_bar_pose_height_run)
E2,ihawk2,marker_2,10.0,20260808_151001,5,-1.0658786105058493,-0.2506176390013844,0.2913315372577942,0.0047025616702382565,0.0007466282728864028,-0.0011269090633548972,Log(inv(T_bar_pose_height) @ T_bar_pose_height_run)
E2,ihawk2,marker_2,10.0,20260808_162715,5,1.44677844962696,-0.4463156640782163,-1.8463108677149682,-0.0029963645424476736,0.006889775634913361,-0.01202918107062757,Log(inv(T_bar_pose_height) @ T_bar_pose_height_run)
E2,ihawk2,marker_3,10.0,20260808_131913,5,2.3772557963084835,-0.909434492683595,-0.5969524501362178,-0.0064094325578935496,0.00406266768599647,0.007418673480407933,Log(inv(T_bar_pose_height) @ T_bar_pose_height_run)
E2,ihawk2,marker_3,10.0,20260808_141232,5,-2.0562060666134965,3.8551908075407466,1.2509076428062398,0.005616093929747018,-0.008011087527433477,-0.004460689983877732,Log(inv(T_bar_pose_height) @ T_bar_pose_height_run)
E2,ihawk2,marker_3,10.0,20260808_145501,5,0.5343260275235291,-0.7039453218645072,0.10162046660270571,-5.3915836387090196e-05,-0.005464232629780247,0.009156457228851552,Log(inv(T_bar_pose_height) @ T_bar_pose_height_run)
E2,ihawk2,marker_3,10.0,20260808_151001,5,-1.1928370430904838,-0.2594640508613652,0.6194917635077037,-0.0015799360262861615,0.003369504632108305,5.7832023245142564e-05,Log(inv(T_bar_pose_height) @ T_bar_pose_height_run)
E2,ihawk2,marker_3,10.0,20260808_162715,5,0.33746128587191265,-1.9823469421313156,-1.3750674227801247,0.0024271904908141867,0.006043147839116555,-0.012172272748623302,Log(inv(T_bar_pose_height) @ T_bar_pose_height_run)
E2,ihawk2,marker_4,10.0,20260808_131913,5,-0.5490559148324501,-1.1543223119249972,1.219419722146522,-0.004920702974616375,-0.002393568688654885,0.008771346783508953,Log(inv(T_bar_pose_height) @ T_bar_pose_height_run)
E2,ihawk2,marker_4,10.0,20260808_141232,5,-0.7451311920713987,3.8698911238052367,0.4253793458306073,-0.0005964399336843516,0.0032646917313937777,-0.0037516835930033617,Log(inv(T_bar_pose_height) @ T_bar_pose_height_run)
E2,ihawk2,marker_4,10.0,20260808_145501,5,-0.8905353488598042,-1.1586245666126775,0.18872451986922228,0.0019247663546791902,-0.0044386732392327505,0.011173191425266576,Log(inv(T_bar_pose_height) @ T_bar_pose_height_run)
E2,ihawk2,marker_4,10.0,20260808_151001,5,-0.26203039065258393,-0.4277979810029723,-0.19848243185669276,0.003197366094777222,-0.0033070894725313526,0.00046794562742906703,Log(inv(T_bar_pose_height) @ T_bar_pose_height_run)
E2,ihawk2,marker_4,10.0,20260808_162715,5,2.44675284641627,-1.129146264264563,-1.635041155989647,0.000395010458847288,0.006874639669012982,-0.016660800243174453,Log(inv(T_bar_pose_height) @ T_bar_pose_height_run)
E2,ihawk2,marker_0,15.0,20260808_131913,5,-1.661054276263756,-0.8740269129175819,0.06745448436998794,-0.0015790989763840011,-0.006437847370353748,0.004263652007300222,Log(inv(T_bar_pose_height) @ T_bar_pose_height_run)
E2,ihawk2,marker_0,15.0,20260808_141232,5,2.2457583906341774,4.9249268415341,-1.4945579992069697,-0.001676276451339662,-0.005717755913842923,-0.00737714515710333,Log(inv(T_bar_pose_height) @ T_bar_pose_height_run)
E2,ihawk2,marker_0,15.0,20260808_145501,5,-1.3243785946925954,-0.372300153108965,-0.2808867125245809,-0.0004919544316075871,0.0009294624915687167,0.001249897702902913,Log(inv(T_bar_pose_height) @ T_bar_pose_height_run)
E2,ihawk2,marker_0,15.0,20260808_151001,5,-0.5876382321313058,-1.4849873506024045,0.9894287870529306,-0.0006359570108451174,0.012358535369481356,-0.00015934262425332048,Log(inv(T_bar_pose_height) @ T_bar_pose_height_run)
E2,ihawk2,marker_0,15.0,20260808_162715,5,1.3273127124534285,-2.1936124249050133,0.7185614403084314,0.004383286870204212,-0.0011323945768868223,0.0020229380711741254,Log(inv(T_bar_pose_height) @ T_bar_pose_height_run)
E2,ihawk2,marker_1,15.0,20260808_131913,5,-2.4886063670612693,-0.3892892697170711,0.7729782292324983,0.00665330578576888,0.0008644832266506149,0.007088088354809238,Log(inv(T_bar_pose_height) @ T_bar_pose_height_run)
E2,ihawk2,marker_1,15.0,20260808_141232,5,1.487397316454728,3.7335275579204437,-0.9104384041675637,-0.0061783887135250445,0.013904715515611269,-0.0049231455511691904,Log(inv(T_bar_pose_height) @ T_bar_pose_height_run)
E2,ihawk2,marker_1,15.0,20260808_145501,5,-0.12573593045001638,0.5521001293982467,-1.3583040138139248,0.0011244825072393074,0.003367120355737404,0.0027353271453780964,Log(inv(T_bar_pose_height) @ T_bar_pose_height_run)
E2,ihawk2,marker_1,15.0,20260808_151001,5,1.1390492305441602,-1.372030105741558,0.32193366076100316,-0.00449000133755993,-0.03344623313248795,-0.006192242932594539,Log(inv(T_bar_pose_height) @ T_bar_pose_height_run)
E2,ihawk2,marker_1,15.0,20260808_162715,5,-0.012104249487608937,-2.524308311860014,1.1738305279880432,0.0028906017580763122,0.015309914034503954,0.0012919729835784194,Log(inv(T_bar_pose_height) @ T_bar_pose_height_run)
E2,ihawk2,marker_2,15.0,20260808_131913,5,-0.28869222383669857,-1.3941522762508711,-0.4727174362578373,-0.0015266843984469375,-0.008225883529068952,0.007116797500204946,Log(inv(T_bar_pose_height) @ T_bar_pose_height_run)
E2,ihawk2,marker_2,15.0,20260808_141232,5,-1.635266942035477,4.59900357804305,1.5199501320135207,-0.005858718157043749,0.01283028447689239,-0.007078800552147894,Log(inv(T_bar_pose_height) @ T_bar_pose_height_run)
E2,ihawk2,marker_2,15.0,20260808_145501,5,0.1541749751164029,-0.3905091573373552,-0.8707073465680488,0.002034737231136196,-0.004684473818527535,0.003922823194160971,Log(inv(T_bar_pose_height) @ T_bar_pose_height_run)
E2,ihawk2,marker_2,15.0,20260808_151001,5,0.06631804037191422,-0.971220303955612,-0.4885076085897553,-7.397225045774293e-05,-0.002414203504202928,-0.003930164670573551,Log(inv(T_bar_pose_height) @ T_bar_pose_height_run)
E2,ihawk2,marker_2,15.0,20260808_162715,5,1.703466150383829,-1.8431218404991014,0.3119822594019978,0.005424637574806458,0.0024942763749249757,-3.065547166158679e-05,Log(inv(T_bar_pose_height) @ T_bar_pose_height_run)
E2,ihawk2,marker_3,15.0,20260808_131913,5,-0.30768087224187946,-0.6290067724050401,-0.3158697591860967,-0.003189310814833752,0.009049475002589583,0.0066155821336895074,Log(inv(T_bar_pose_height) @ T_bar_pose_height_run)
E2,ihawk2,marker_3,15.0,20260808_141232,5,-1.6664752281909452,3.7209062829192097,1.2811312211764063,0.00033796017895516774,0.0029878447193756137,-0.012947521030247816,Log(inv(T_bar_pose_height) @ T_bar_pose_height_run)
E2,ihawk2,marker_3,15.0,20260808_145501,5,0.621978466633648,0.060394545183329075,-0.7879530630219131,0.0016407872173353501,-0.009828372493885202,0.007672065667155652,Log(inv(T_bar_pose_height) @ T_bar_pose_height_run)
E2,ihawk2,marker_3,15.0,20260808_151001,5,-0.13701817156284482,-1.4387002355468215,-0.23652906749945446,0.00027281432156138626,-0.0022865269098021617,-0.0032865607833561,Log(inv(T_bar_pose_height) @ T_bar_pose_height_run)
E2,ihawk2,marker_3,15.0,20260808_162715,5,1.4891958053618894,-1.7135938201507457,0.059220668531164124,0.0009377490969887133,7.7579681695137e-05,0.0019464340127249855,Log(inv(T_bar_pose_height) @ T_bar_pose_height_run)
E2,ihawk2,marker_4,15.0,20260808_131913,5,-0.10613433269428392,-0.7129596380084882,-1.0076885981048598,0.0030467576981200177,-0.004891836694465504,0.005784034753318092,Log(inv(T_bar_pose_height) @ T_bar_pose_height_run)
E2,ihawk2,marker_4,15.0,20260808_141232,5,-0.08263213259518908,3.897075833585359,0.4083263434923346,-0.0009586683596215091,-0.002665874982627938,-0.006691838620616062,Log(inv(T_bar_pose_height) @ T_bar_pose_height_run)
E2,ihawk2,marker_4,15.0,20260808_145501,5,-2.289616733361754,-0.0898061110258909,0.8275467378526636,0.001933697242285081,0.005715026342700706,0.004321406786142162,Log(inv(T_bar_pose_height) @ T_bar_pose_height_run)
E2,ihawk2,marker_4,15.0,20260808_151001,5,-0.041376478341876945,-1.253026175387778,0.2847804022181092,0.0010090843895794257,0.0013981357183585408,-0.0021939375480676034,Log(inv(T_bar_pose_height) @ T_bar_pose_height_run)
E2,ihawk2,marker_4,15.0,20260808_162715,5,2.519759676993373,-1.8412839091631807,-0.5129648854582287,-0.005030870970380268,0.0004445496159937415,-0.0012196653707229567,Log(inv(T_bar_pose_height) @ T_bar_pose_height_run)
E2,ihawk2,marker_0,20.0,20260808_131913,5,-0.2642304697191548,-1.0507419038773889,0.4756102413251253,-0.00394189879725633,-0.004851032722686415,-0.0005060404584043361,Log(inv(T_bar_pose_height) @ T_bar_pose_height_run)
E2,ihawk2,marker_0,20.0,20260808_141232,5,1.9498028401708039,2.2224002885027847,-0.4475685209618879,-0.0028559972103735036,-0.0025260796865349123,0.004615076582598775,Log(inv(T_bar_pose_height) @ T_bar_pose_height_run)
E2,ihawk2,marker_0,20.0,20260808_145501,5,-1.7837347899867608,-0.4684432865823935,0.7159142255426378,0.00011878247909175176,0.003833664496182273,0.004470886596384293,Log(inv(T_bar_pose_height) @ T_bar_pose_height_run)
E2,ihawk2,marker_0,20.0,20260808_151001,5,-1.2332361390594961,-0.42907421582355987,-0.661863707195123,0.004379694681369213,0.005576326265220787,0.00011161962323893563,Log(inv(T_bar_pose_height) @ T_bar_pose_height_run)
E2,ihawk2,marker_0,20.0,20260808_162715,5,1.3313985585946924,-0.2741408822194729,-0.08209223871106813,0.0022994188471945056,-0.002032878352162495,-0.008691542343826002,Log(inv(T_bar_pose_height) @ T_bar_pose_height_run)
E2,ihawk2,marker_1,20.0,20260808_131913,5,-1.2534266369262703,-1.1032143994707115,0.7886254605268038,0.005596871322266189,0.012610875263450099,0.0029376394003470716,Log(inv(T_bar_pose_height) @ T_bar_pose_height_run)
E2,ihawk2,marker_1,20.0,20260808_141232,5,2.670239021298762,3.1324581497094464,-0.744805952161341,-0.0033000743592536794,-0.006912760185025138,0.0016409296372221689,Log(inv(T_bar_pose_height) @ T_bar_pose_height_run)
E2,ihawk2,marker_1,20.0,20260808_145501,5,-1.4092244277361043,0.29647258698159334,0.3869406332467582,-0.0017674373325142852,0.0010702967891955378,0.004694766449223371,Log(inv(T_bar_pose_height) @ T_bar_pose_height_run)
E2,ihawk2,marker_1,20.0,20260808_151001,5,-0.8460108638059823,-0.7317456243187807,-0.60642445083778,-0.0015899281388495137,-0.010277258632764208,-0.002304358136024971,Log(inv(T_bar_pose_height) @ T_bar_pose_height_run)
E2,ihawk2,marker_1,20.0,20260808_162715,5,0.8384229071698179,-1.5939707129017193,0.1756643092251494,0.0010605685083740625,0.0035088467651570245,-0.0069689773508264845,Log(inv(T_bar_pose_height) @ T_bar_pose_height_run)
E2,ihawk2,marker_2,20.0,20260808_131913,5,-0.015415757605775491,-0.8500195769835187,0.10130348549503695,-0.005869020330766021,-0.0039353303086764576,-0.0005062298426090749,Log(inv(T_bar_pose_height) @ T_bar_pose_height_run)
E2,ihawk2,marker_2,20.0,20260808_141232,5,2.167917005695778,1.8095707995373456,0.8663712829951074,0.0003299078629505967,0.006625211028924322,0.0008304131624615504,Log(inv(T_bar_pose_height) @ T_bar_pose_height_run)
E2,ihawk2,marker_2,20.0,20260808_145501,5,-0.14055058173853102,-0.0783497755736145,0.1499252527723119,-0.0019065567359819132,-0.005584400734517303,0.006312533534847875,Log(inv(T_bar_pose_height) @ T_bar_pose_height_run)
E2,ihawk2,marker_2,20.0,20260808_151001,5,-0.803551202419898,-0.47338934653681947,-1.785768424910461,0.0019904913437185185,-0.009688850894965323,-0.001330102142118556,Log(inv(T_bar_pose_height) @ T_bar_pose_height_run)
E2,ihawk2,marker_2,20.0,20260808_162715,5,-1.20839946393173,-0.40781210044340027,0.6681684036479895,0.005455177860070739,0.012583370909235147,-0.005306614712572892,Log(inv(T_bar_pose_height) @ T_bar_pose_height_run)
E2,ihawk2,marker_3,20.0,20260808_131913,5,-0.11029636309837738,-0.6615363374592758,0.11383097050711825,-0.0008179334790773565,0.000490121116190624,-0.0011627356278574943,Log(inv(T_bar_pose_height) @ T_bar_pose_height_run)
E2,ihawk2,marker_3,20.0,20260808_141232,5,0.633531122622635,2.800471257084558,1.555738131272864,0.008697951645691327,0.0050728314944820515,0.007872970496206794,Log(inv(T_bar_pose_height) @ T_bar_pose_height_run)
E2,ihawk2,marker_3,20.0,20260808_145501,5,0.16175937099599255,0.37489895300099757,0.1222890507674342,-3.917974558943878e-06,0.004049192851839408,0.005467380878750897,Log(inv(T_bar_pose_height) @ T_bar_pose_height_run)
E2,ihawk2,marker_3,20.0,20260808_151001,5,-2.123786388594979,-0.5531148036938988,-0.10320992518569794,-0.0005052935848793747,-0.002264658956496196,-0.0036175540045178117,Log(inv(T_bar_pose_height) @ T_bar_pose_height_run)
E2,ihawk2,marker_3,20.0,20260808_162715,5,1.438792258074857,-1.9607190689324498,-1.6886482273617565,-0.007370806607160466,-0.0073474865060461775,-0.008560061742627243,Log(inv(T_bar_pose_height) @ T_bar_pose_height_run)
E2,ihawk2,marker_4,20.0,20260808_131913,5,-0.5595285658084981,-0.9778023354239802,0.5067965493462117,-0.0018295428185759138,-0.0005316461128021474,-0.0022526462815762685,Log(inv(T_bar_pose_height) @ T_bar_pose_height_run)
E2,ihawk2,marker_4,20.0,20260808_141232,5,2.236850969728008,2.2342523348357917,0.07004050880197023,0.000858152457585854,-0.0081029885795055,0.006946223393973439,Log(inv(T_bar_pose_height) @ T_bar_pose_height_run)
E2,ihawk2,marker_4,20.0,20260808_145501,5,-0.8332083965447564,0.253044617521816,0.4163853252606786,0.00019340483326417296,0.006090823094703551,0.005008552792164953,Log(inv(T_bar_pose_height) @ T_bar_pose_height_run)
E2,ihawk2,marker_4,20.0,20260808_151001,5,-0.6836113273517441,-0.4685590335357243,-1.1330906089528745,0.0004331309617474499,-0.0008633033052366321,-0.0040127268364489365,Log(inv(T_bar_pose_height) @ T_bar_pose_height_run)
E2,ihawk2,marker_4,20.0,20260808_162715,5,-0.16050268002300958,-1.0409355833979217,0.1398682255440018,0.00034485456598276387,0.003407114902829452,-0.005689403068158434,Log(inv(T_bar_pose_height) @ T_bar_pose_height_run)
E2,ihawk2,marker_0,25.0,20260808_131913,5,-1.3356005755960039,-1.9857121352393068,1.2011968553193046,0.00017716088093596495,-0.004140980392809137,0.007141976957724914,Log(inv(T_bar_pose_height) @ T_bar_pose_height_run)
E2,ihawk2,marker_0,25.0,20260808_141232,5,1.5385524577511727,3.468791626812839,-0.6523151088393997,-0.004091935351223553,-0.003883408938498048,-0.0010093749942894764,Log(inv(T_bar_pose_height) @ T_bar_pose_height_run)
E2,ihawk2,marker_0,25.0,20260808_145501,5,1.7898372269019671,0.11977055013492834,-0.2797099394122464,0.0003366780731296057,0.010774346102847342,-0.0019613090140111716,Log(inv(T_bar_pose_height) @ T_bar_pose_height_run)
E2,ihawk2,marker_0,25.0,20260808_151001,5,-2.204005908315011,-0.6678122522318307,-0.9386176230944491,0.0015697591350728587,0.001906988576430181,-0.004251015827636678,Log(inv(T_bar_pose_height) @ T_bar_pose_height_run)
E2,ihawk2,marker_0,25.0,20260808_162715,5,0.2112167992577699,-0.9350377894765514,0.6694458160265072,0.0020083372621111048,-0.004656945347941845,7.97228782236798e-05,Log(inv(T_bar_pose_height) @ T_bar_pose_height_run)
E2,ihawk2,marker_1,25.0,20260808_131913,5,-0.6111857186404439,-1.1794665211647637,0.36725202536806756,0.0028650160606302905,-0.003477423541360042,0.004274855136632391,Log(inv(T_bar_pose_height) @ T_bar_pose_height_run)
E2,ihawk2,marker_1,25.0,20260808_141232,5,0.9601312005575261,2.912290126103848,0.10258541807003183,0.0004172692230244953,0.003881198865180124,-0.0005311152122015456,Log(inv(T_bar_pose_height) @ T_bar_pose_height_run)
E2,ihawk2,marker_1,25.0,20260808_145501,5,1.6009691051198212,-0.12879649392774808,-0.2591107953607692,-6.2231964138054474e-06,0.003658734678838687,3.58832992158073e-05,Log(inv(T_bar_pose_height) @ T_bar_pose_height_run)
E2,ihawk2,marker_1,25.0,20260808_151001,5,-1.3181127691440935,-0.5165530371011262,-1.5060447292534427,-0.002532270495424164,-0.004787267134124791,-0.004316305137872708,Log(inv(T_bar_pose_height) @ T_bar_pose_height_run)
E2,ihawk2,marker_1,25.0,20260808_162715,5,-0.6318018178927557,-1.08747407391022,1.295318081176042,-0.0007437915918091411,0.0007247571315170673,0.0005366819141810761,Log(inv(T_bar_pose_height) @ T_bar_pose_height_run)
E2,ihawk2,marker_2,25.0,20260808_131913,5,0.3134157624726979,-1.7380339178106723,0.11741652768345268,-0.010233563866327285,-0.007384712078433202,0.0029300035743374813,Log(inv(T_bar_pose_height) @ T_bar_pose_height_run)
E2,ihawk2,marker_2,25.0,20260808_141232,5,-0.3793486671893864,3.1980515577238293,1.3176834877731602,0.00552538670574045,0.010107355761356566,-0.001994514775260796,Log(inv(T_bar_pose_height) @ T_bar_pose_height_run)
E2,ihawk2,marker_2,25.0,20260808_145501,5,2.2278099429865015,-0.023381985355739696,-1.3041863753347138,0.005318582114649521,-0.013363666532265039,-0.0011640145616013241,Log(inv(T_bar_pose_height) @ T_bar_pose_height_run)
E2,ihawk2,marker_2,25.0,20260808_151001,5,-2.395307172319543,-0.23490300339044207,-0.8765462402556681,-0.010218905277395433,0.013447827000539429,-0.004347150833555278,Log(inv(T_bar_pose_height) @ T_bar_pose_height_run)
E2,ihawk2,marker_2,25.0,20260808_162715,5,0.23343013404985036,-1.2017326511669761,0.7456326001336395,0.009608500323334188,-0.002806804151194018,0.004575676596079531,Log(inv(T_bar_pose_height) @ T_bar_pose_height_run)
E2,ihawk2,marker_3,25.0,20260808_131913,5,0.8214946537685414,-1.1812637757171782,-0.28251073703279117,-0.004485139747507757,0.004094216609007301,0.005047995936433791,Log(inv(T_bar_pose_height) @ T_bar_pose_height_run)
E2,ihawk2,marker_3,25.0,20260808_141232,5,-0.07182616431522135,2.9287842796927777,0.6269740251819594,0.002738677841273987,-0.001759484781361492,-0.0006691565002004408,Log(inv(T_bar_pose_height) @ T_bar_pose_height_run)
E2,ihawk2,marker_3,25.0,20260808_145501,5,1.482014535495211,-0.1762235352969189,-0.2358350995878535,-0.001772261523920798,0.0005662095304359996,-0.003710226545379342,Log(inv(T_bar_pose_height) @ T_bar_pose_height_run)
E2,ihawk2,marker_3,25.0,20260808_151001,5,-3.4941997185663984,-0.47320482305327183,-0.20943235344490901,0.0009640347231361945,0.004878263125069824,-0.004240561500177819,Log(inv(T_bar_pose_height) @ T_bar_pose_height_run)
E2,ihawk2,marker_3,25.0,20260808_162715,5,1.2625166936180094,-1.0980921456253367,0.10080416488348036,0.0025546887070155263,-0.007779204483183167,0.0035719486093769666,Log(inv(T_bar_pose_height) @ T_bar_pose_height_run)
E2,ihawk2,marker_4,25.0,20260808_131913,5,0.31272046648474017,-1.3662262222355648,-0.1496535428581677,0.00175368648976675,-0.0037608572844243875,0.0034128738662923147,Log(inv(T_bar_pose_height) @ T_bar_pose_height_run)
E2,ihawk2,marker_4,25.0,20260808_141232,5,-0.30076604972725934,2.9286159058139765,1.2477625944552586,0.002090559885099269,0.005397912342476055,0.0034472972911995625,Log(inv(T_bar_pose_height) @ T_bar_pose_height_run)
E2,ihawk2,marker_4,25.0,20260808_145501,5,1.2693912856048655,0.04299461885867281,-0.022230805995424614,9.33842764121235e-06,0.0048329174806929056,-0.0029782721027795376,Log(inv(T_bar_pose_height) @ T_bar_pose_height_run)
E2,ihawk2,marker_4,25.0,20260808_151001,5,-1.5016169022692971,-0.560031675799857,-1.670337416326075,0.0007670314685262207,-0.007454589188215678,-0.004614656184915694,Log(inv(T_bar_pose_height) @ T_bar_pose_height_run)
E2,ihawk2,marker_4,25.0,20260808_162715,5,0.22027119990690566,-1.045352626637229,0.5944591707243381,-0.0046206162710301394,0.0009846166495219469,0.0007327571302062867,Log(inv(T_bar_pose_height) @ T_bar_pose_height_run)
E2,ihawk2,marker_0,30.0,20260808_131913,5,-0.2846682444392896,-0.7498455487210439,0.36661509686621585,-0.005750291589450057,-0.005898490103431145,0.0023147012331884483,Log(inv(T_bar_pose_height) @ T_bar_pose_height_run)
E2,ihawk2,marker_0,30.0,20260808_141232,5,0.5386346407684968,2.531909135214842,-0.17149284806029036,-0.005444843016222188,-0.005681985734654077,-0.004554917982053034,Log(inv(T_bar_pose_height) @ T_bar_pose_height_run)
E2,ihawk2,marker_0,30.0,20260808_145501,5,0.6559246174516825,0.5546114122914677,-0.28643538298306737,0.006890109241665542,0.01064012198270763,-0.00614636508357312,Log(inv(T_bar_pose_height) @ T_bar_pose_height_run)
E2,ihawk2,marker_0,30.0,20260808_151001,5,-2.8989826033999635,-1.3654758693824272,0.5099238165443445,0.0005714544285472969,0.008352083201515566,0.005216473880561832,Log(inv(T_bar_pose_height) @ T_bar_pose_height_run)
E2,ihawk2,marker_0,30.0,20260808_162715,5,1.989091589619197,-0.9711991294026856,-0.4186106823669651,0.0037335709354648487,-0.007411729346136558,0.003170107951872299,Log(inv(T_bar_pose_height) @ T_bar_pose_height_run)
E2,ihawk2,marker_1,30.0,20260808_131913,5,-0.15050973297665493,-0.10344275998654211,-0.19913445763712,-0.004884150254109269,0.00482944100025684,0.003908033153793714,Log(inv(T_bar_pose_height) @ T_bar_pose_height_run)
E2,ihawk2,marker_1,30.0,20260808_141232,5,0.9602712860485514,2.1552035796117703,-0.28662353633916965,0.003005239886890525,-0.0010867219894322001,-0.004236139396610141,Log(inv(T_bar_pose_height) @ T_bar_pose_height_run)
E2,ihawk2,marker_1,30.0,20260808_145501,5,1.171018331071422,-0.18951036133434446,-0.9314095853854958,-0.003132403669589597,-0.0011393723219932496,-0.006983060173053665,Log(inv(T_bar_pose_height) @ T_bar_pose_height_run)
E2,ihawk2,marker_1,30.0,20260808_151001,5,-1.7189292730025185,-0.9356010330074729,-0.3280363908456452,-0.0006720501758559382,-0.005073288616426372,-0.00035554424811680315,Log(inv(T_bar_pose_height) @ T_bar_pose_height_run)
E2,ihawk2,marker_1,30.0,20260808_162715,5,-0.2618506111410241,-0.9266494252835199,1.7452039702074764,0.00568336421270538,0.002469941927614284,0.007666710663954545,Log(inv(T_bar_pose_height) @ T_bar_pose_height_run)
E2,ihawk2,marker_2,30.0,20260808_131913,5,0.5984725240692403,-1.1732418946003276,0.020513524059368734,-0.002836881275558147,-0.0038196165190378436,0.006654399061308763,Log(inv(T_bar_pose_height) @ T_bar_pose_height_run)
E2,ihawk2,marker_2,30.0,20260808_141232,5,-0.20524851182721812,2.8703299352799503,0.11308118416665962,0.0006591186797277971,0.002076217351577067,-0.004278960180228756,Log(inv(T_bar_pose_height) @ T_bar_pose_height_run)
E2,ihawk2,marker_2,30.0,20260808_145501,5,-0.5039574776361154,0.30474823463477085,-0.6054300136563997,-9.949554885099637e-05,-0.003469838383479386,-0.007204240771039742,Log(inv(T_bar_pose_height) @ T_bar_pose_height_run)
E2,ihawk2,marker_2,30.0,20260808_151001,5,-1.8213276744995577,-0.9992416815722833,-0.11707663879854753,0.00014449118558790177,0.004474377741595517,0.00040838053443012935,Log(inv(T_bar_pose_height) @ T_bar_pose_height_run)
E2,ihawk2,marker_2,30.0,20260808_162715,5,1.9320611398937997,-1.002594593742179,0.5889119442286339,0.002132766959096998,0.0007388598094334632,0.0044204213555163,Log(inv(T_bar_pose_height) @ T_bar_pose_height_run)
E2,ihawk2,marker_3,30.0,20260808_131913,5,2.4490108806890136,-0.6862014828123351,-1.3495753125856316,-0.01000664516452546,0.005177608670721872,-0.004478201648430799,Log(inv(T_bar_pose_height) @ T_bar_pose_height_run)
E2,ihawk2,marker_3,30.0,20260808_141232,5,-12.45386669756885,4.124787813839072,8.528947334227349,0.010532216568383627,0.010387446046289684,0.01575305843140755,Log(inv(T_bar_pose_height) @ T_bar_pose_height_run)
E2,ihawk2,marker_3,30.0,20260808_145501,5,1.2558288685796677,-0.7249867127944483,-1.6740901781507398,0.0007416711708018937,-0.005169264142122238,-0.009358324353069651,Log(inv(T_bar_pose_height) @ T_bar_pose_height_run)
E2,ihawk2,marker_3,30.0,20260808_151001,5,2.2995785686071124,-1.6394857117246613,-2.8524073977908526,0.0018525914022077484,-0.0028671613820001993,-0.0034875075709891756,Log(inv(T_bar_pose_height) @ T_bar_pose_height_run)
E2,ihawk2,marker_3,30.0,20260808_162715,5,6.44944837969325,-1.0741139065076162,-2.652874445700342,-0.0031198339768763314,-0.007528629192878423,0.0015709751410842951,Log(inv(T_bar_pose_height) @ T_bar_pose_height_run)
E2,ihawk2,marker_4,30.0,20260808_131913,5,0.4025038129007722,-0.5932366443573585,-0.2357082222499078,0.0036597496551266724,0.00036839381815225824,0.004736322116337499,Log(inv(T_bar_pose_height) @ T_bar_pose_height_run)
E2,ihawk2,marker_4,30.0,20260808_141232,5,0.00218446342755124,2.4380450843409687,0.06269563133578752,0.0007377668667393531,0.0021241543247545753,-0.0026214022642889584,Log(inv(T_bar_pose_height) @ T_bar_pose_height_run)
E2,ihawk2,marker_4,30.0,20260808_145501,5,-1.2452208048683993,-0.028837369775524407,0.5648145888465242,-0.001546809083132969,0.0017745215802151247,-0.004153397524696925,Log(inv(T_bar_pose_height) @ T_bar_pose_height_run)
E2,ihawk2,marker_4,30.0,20260808_151001,5,-1.6282646735012964,-1.0546503851667413,-0.4178036315490689,-0.003386304310646497,0.0027084802031079377,-0.0018865702368637439,Log(inv(T_bar_pose_height) @ T_bar_pose_height_run)
E2,ihawk2,marker_4,30.0,20260808_162715,5,2.4687972020413995,-0.761320685041285,0.02600163361653922,0.0005355968719126767,-0.0069755499262830695,0.003925047909588539,Log(inv(T_bar_pose_height) @ T_bar_pose_height_run)
E2,ihawk2,marker_0,35.0,20260808_131913,5,-4.097873728838081,-1.9790891030246653,1.57724360128979,-0.006919130631559358,0.003141019621679803,0.00589514568246057,Log(inv(T_bar_pose_height) @ T_bar_pose_height_run)
E2,ihawk2,marker_0,35.0,20260808_141232,5,2.651053448640123,4.3885520542795415,-0.018930877126880415,0.005443446378116669,0.0023515738980995054,-0.006330183555061184,Log(inv(T_bar_pose_height) @ T_bar_pose_height_run)
E2,ihawk2,marker_0,35.0,20260808_145501,5,2.4929326851351923,1.8467041168923426,-0.8859181468308798,0.0009625529965167216,0.004126729743237483,-0.01607859772380685,Log(inv(T_bar_pose_height) @ T_bar_pose_height_run)
E2,ihawk2,marker_0,35.0,20260808_151001,5,-2.3251730488586926,-2.150711966617085,-0.9201758503377133,0.0021287013473497898,-0.002152337062211438,0.008167513964351766,Log(inv(T_bar_pose_height) @ T_bar_pose_height_run)
E2,ihawk2,marker_0,35.0,20260808_162715,5,1.2790606439213665,-2.1054551015303313,0.24778127300577676,-0.0016155700904536016,-0.007466986200825021,0.008346121632086942,Log(inv(T_bar_pose_height) @ T_bar_pose_height_run)
E2,ihawk2,marker_1,35.0,20260808_131913,5,-2.855386835685843,-0.8389438568397953,0.016489961372128596,-0.003086502900162877,0.005993737309166902,0.005715757078748624,Log(inv(T_bar_pose_height) @ T_bar_pose_height_run)
E2,ihawk2,marker_1,35.0,20260808_141232,5,3.551752003250636,3.267396663303018,-0.3836094277175306,0.0015150399561077055,-0.01696537106706628,-0.01021538385575982,Log(inv(T_bar_pose_height) @ T_bar_pose_height_run)
E2,ihawk2,marker_1,35.0,20260808_145501,5,1.0075228933611629,-0.40354646931497345,0.1754291879883714,-0.00025120958162088786,0.0058331199295457116,-0.011532245380693792,Log(inv(T_bar_pose_height) @ T_bar_pose_height_run)
E2,ihawk2,marker_1,35.0,20260808_151001,5,-2.639168273800253,-1.2288598905280512,-0.48932617648491267,0.0007163318681183685,0.0027546896622437423,0.005420472825518447,Log(inv(T_bar_pose_height) @ T_bar_pose_height_run)
E2,ihawk2,marker_1,35.0,20260808_162715,5,0.9352802128743544,-0.7960464466204025,0.6810164548417651,0.0011063406575645446,0.0023838241661099007,0.010611399332187937,Log(inv(T_bar_pose_height) @ T_bar_pose_height_run)
E2,ihawk2,marker_2,35.0,20260808_131913,5,-1.8588281850768036,-1.6313552738245551,-0.16685664858426183,-0.009660105347562396,-0.008698822160737099,0.003217701516373813,Log(inv(T_bar_pose_height) @ T_bar_pose_height_run)
E2,ihawk2,marker_2,35.0,20260808_141232,5,0.8315900511957544,4.241924554588599,0.11736143225681843,0.0003129362345626423,0.004315086853731964,-0.010242062281036985,Log(inv(T_bar_pose_height) @ T_bar_pose_height_run)
E2,ihawk2,marker_2,35.0,20260808_145501,5,-1.5400935514725502,1.6573724187065406,0.5118788731624021,0.008090525427901663,0.0051277262709713434,-0.014502125255549633,Log(inv(T_bar_pose_height) @ T_bar_pose_height_run)
E2,ihawk2,marker_2,35.0,20260808_151001,5,-1.9209496336358585,-2.1264548755816333,0.3449799740565696,-0.002514149340796597,0.01167280445968132,0.008290465863778986,Log(inv(T_bar_pose_height) @ T_bar_pose_height_run)
E2,ihawk2,marker_2,35.0,20260808_162715,5,4.4882813189892055,-2.141486823888961,-0.8073636308915327,0.0037707930258969874,-0.012416795423623497,0.013236020156455908,Log(inv(T_bar_pose_height) @ T_bar_pose_height_run)
E2,ihawk2,marker_3,35.0,20260808_131913,5,-2.3438266086916015,-0.9317909339819568,0.33711441686143734,-0.006032309292903966,0.009501187088952444,0.006311914655753103,Log(inv(T_bar_pose_height) @ T_bar_pose_height_run)
E2,ihawk2,marker_3,35.0,20260808_141232,5,1.3934932091882097,2.9525529818381333,-0.2120559113635865,-0.0019781510714314185,-0.01055649092448648,-0.008935278902027508,Log(inv(T_bar_pose_height) @ T_bar_pose_height_run)
E2,ihawk2,marker_3,35.0,20260808_145501,5,-1.3420465162025152,-0.2082035715373606,0.30582040418010153,0.0008676744332800917,0.0002186550658674796,-0.015075990509481026,Log(inv(T_bar_pose_height) @ T_bar_pose_height_run)
E2,ihawk2,marker_3,35.0,20260808_151001,5,0.04611669094129129,-1.6339328134907294,-1.3995135695144265,0.0020295119308395416,-0.001490191739376492,0.00935195379426396,Log(inv(T_bar_pose_height) @ T_bar_pose_height_run)
E2,ihawk2,marker_3,35.0,20260808_162715,5,2.246263224764489,-0.1786256628279992,0.9686346598364024,0.005113274000203786,0.0023268405090631876,0.00834740096148524,Log(inv(T_bar_pose_height) @ T_bar_pose_height_run)
E2,ihawk2,marker_4,35.0,20260808_131913,5,-2.6286613886811336,-1.193670171008341,0.2834462867216902,0.004898864842218286,-0.0013169085774077415,0.005157096999102239,Log(inv(T_bar_pose_height) @ T_bar_pose_height_run)
E2,ihawk2,marker_4,35.0,20260808_141232,5,1.7952779004114698,3.7460371887570125,-0.015649505007166085,-0.002971533702499483,-0.0030136359191039546,-0.013901046713956821,Log(inv(T_bar_pose_height) @ T_bar_pose_height_run)
E2,ihawk2,marker_4,35.0,20260808_145501,5,0.12039475620007438,0.6091118099384669,0.08083050947243725,-0.00020706860827231818,0.004503516070750766,-0.01237426770072217,Log(inv(T_bar_pose_height) @ T_bar_pose_height_run)
E2,ihawk2,marker_4,35.0,20260808_151001,5,-2.3126692154970936,-1.9318345928809313,-0.22700887865919483,0.002849239786038919,0.0022132666737643266,0.009445795858525072,Log(inv(T_bar_pose_height) @ T_bar_pose_height_run)
E2,ihawk2,marker_4,35.0,20260808_162715,5,3.025657947566717,-1.229644234806248,-0.12161841252791553,-0.0045695023174856094,-0.002386238248003376,0.011672421557035422,Log(inv(T_bar_pose_height) @ T_bar_pose_height_run)
E2,ihawk2,marker_0,40.0,20260808_131913,5,-4.71833782830405,-0.8551884251318299,0.7070440593408526,-0.0010776524338188228,-0.00020825730725338666,0.0013267179128801459,Log(inv(T_bar_pose_height) @ T_bar_pose_height_run)
E2,ihawk2,marker_0,40.0,20260808_141232,5,3.136759657697384,4.882783099461297,0.17065378218194452,0.004284034097002229,-0.0012573740338473294,-0.008458944998366151,Log(inv(T_bar_pose_height) @ T_bar_pose_height_run)
E2,ihawk2,marker_0,40.0,20260808_145501,5,1.515358566817965,-0.7994278793733133,0.35937574361172675,-0.008855078945539633,0.012116839138783912,-0.003225961793062462,Log(inv(T_bar_pose_height) @ T_bar_pose_height_run)
E2,ihawk2,marker_0,40.0,20260808_151001,5,-3.7661839059898234,-1.879969720130364,-0.24236091923947356,0.006120627068082848,-0.004093742745540989,0.015985821883781552,Log(inv(T_bar_pose_height) @ T_bar_pose_height_run)
E2,ihawk2,marker_0,40.0,20260808_162715,5,3.8324035097788927,-1.3481970748259944,-0.9947126658951339,-0.0004719297856601121,-0.006557465052114105,-0.005627633005327448,Log(inv(T_bar_pose_height) @ T_bar_pose_height_run)
E2,ihawk2,marker_1,40.0,20260808_131913,5,-4.71984879813644,-0.4084785278572788,0.19120459597323433,-0.0044226089439554075,0.009690923663368576,0.002655301528189563,Log(inv(T_bar_pose_height) @ T_bar_pose_height_run)
E2,ihawk2,marker_1,40.0,20260808_141232,5,3.629973026226654,3.320130930290188,0.0031771200155250976,-0.0012085605400507995,-0.012719301494805492,-0.01137254493529845,Log(inv(T_bar_pose_height) @ T_bar_pose_height_run)
E2,ihawk2,marker_1,40.0,20260808_145501,5,3.923082282823283,-0.6536371400873331,-1.6456005190421752,-0.00147130430440547,-0.0009149343113371814,-0.005931435042715898,Log(inv(T_bar_pose_height) @ T_bar_pose_height_run)
E2,ihawk2,marker_1,40.0,20260808_151001,5,-4.271320130409432,0.2927164498557027,0.2533197522108897,0.006246010905719208,0.004834745801657672,0.020748538285906653,Log(inv(T_bar_pose_height) @ T_bar_pose_height_run)
E2,ihawk2,marker_1,40.0,20260808_162715,5,1.4381136194958017,-2.5507317122011677,1.1978990508426244,0.0008564628826930251,-0.0008914336588836928,-0.006099859836089795,Log(inv(T_bar_pose_height) @ T_bar_pose_height_run)
E2,ihawk2,marker_2,40.0,20260808_131913,5,-1.7806502976559468,-1.5397079957582476,-1.845456970725488,-0.00999005729351696,-0.0006057254369479825,-0.003086619928307148,Log(inv(T_bar_pose_height) @ T_bar_pose_height_run)
E2,ihawk2,marker_2,40.0,20260808_141232,5,4.677565349615228,4.291362050578837,-3.396623833801794,-0.009658438662397333,-0.00949751622301614,-0.018182775062303324,Log(inv(T_bar_pose_height) @ T_bar_pose_height_run)
E2,ihawk2,marker_2,40.0,20260808_145501,5,4.4175979721308565,-1.2661478792623495,-3.0544131714071887,-0.0012213709260318652,-0.008428683168249752,-0.009606244585801671,Log(inv(T_bar_pose_height) @ T_bar_pose_height_run)
E2,ihawk2,marker_2,40.0,20260808_151001,5,3.4746748432665626,-2.682675857048377,-3.3463395256528283,-0.0062153293901439505,-2.216520123028603e-05,0.00939742945397331,Log(inv(T_bar_pose_height) @ T_bar_pose_height_run)
E2,ihawk2,marker_2,40.0,20260808_162715,5,-10.78918786735678,1.197169681490121,11.6428335015873,0.02708519627209007,0.01855409002944918,0.021478210122450887,Log(inv(T_bar_pose_height) @ T_bar_pose_height_run)
E2,ihawk2,marker_3,40.0,20260808_131913,5,-4.26228126435231,-0.45837675547611406,0.033314008487083824,-0.0023612586978616753,0.008172555056636343,0.0005217837294472844,Log(inv(T_bar_pose_height) @ T_bar_pose_height_run)
E2,ihawk2,marker_3,40.0,20260808_141232,5,1.9785928265901596,3.262406072589264,-0.5820698912609478,-0.0019211885369758309,-0.0076808685071638365,-0.007438329747149142,Log(inv(T_bar_pose_height) @ T_bar_pose_height_run)
E2,ihawk2,marker_3,40.0,20260808_145501,5,0.17472714628818115,-1.0347046231623525,0.6324679219229535,0.0006016760666331396,0.0052602680677922556,-0.0074523290930485,Log(inv(T_bar_pose_height) @ T_bar_pose_height_run)
E2,ihawk2,marker_3,40.0,20260808_151001,5,-0.7590506997464234,0.6056390081292591,0.3345393992486078,0.002092611968253697,0.003914872743401928,0.0171256217482265,Log(inv(T_bar_pose_height) @ T_bar_pose_height_run)
E2,ihawk2,marker_3,40.0,20260808_162715,5,2.86801199122021,-2.3749637020801653,-0.41825143839726453,0.0015881591999588386,-0.009666827360676485,-0.002756746637466141,Log(inv(T_bar_pose_height) @ T_bar_pose_height_run)
E2,ihawk2,marker_4,40.0,20260808_131913,5,-5.136530925760505,-0.7462944044488135,0.5486245762878936,0.005790857212281086,-0.001024895968499868,0.002169446232553352,Log(inv(T_bar_pose_height) @ T_bar_pose_height_run)
E2,ihawk2,marker_4,40.0,20260808_141232,5,3.616302942729054,4.396061097420824,-1.0338998775929664,0.0027231149470562134,-0.007131657929293325,-0.010800915220574879,Log(inv(T_bar_pose_height) @ T_bar_pose_height_run)
E2,ihawk2,marker_4,40.0,20260808_145501,5,2.3182955836524974,-0.8096347362737075,-0.7380871938619235,-0.004275673943673346,0.002271052047466425,-0.0053118592805009345,Log(inv(T_bar_pose_height) @ T_bar_pose_height_run)
E2,ihawk2,marker_4,40.0,20260808_151001,5,-3.1771471020058524,-0.7450633743844787,0.6575157129833159,0.0008575615140973747,0.004006440381059695,0.01682828210581872,Log(inv(T_bar_pose_height) @ T_bar_pose_height_run)
E2,ihawk2,marker_4,40.0,20260808_162715,5,2.379079501384898,-2.095068582313891,0.5658467821834725,-0.005095859729728752,0.0018790614692515313,-0.002884953837267229,Log(inv(T_bar_pose_height) @ T_bar_pose_height_run)
E2,ihawk2,marker_0,45.0,20260808_131913,5,-4.583101329611955,-1.5984613415878706,0.8318287912139846,-0.004461336619310669,0.0011705997537457375,-0.0028291484236006637,Log(inv(T_bar_pose_height) @ T_bar_pose_height_run)
E2,ihawk2,marker_0,45.0,20260808_141232,5,4.036849558262686,6.840391068952974,-0.8292811994006946,0.003934387942143227,-0.006803146371830012,-0.014774450731269397,Log(inv(T_bar_pose_height) @ T_bar_pose_height_run)
E2,ihawk2,marker_0,45.0,20260808_145501,5,1.9506633366659536,0.990700231406658,-0.15543608287720864,-0.004655738842121722,0.015192482607931027,-0.011385512541713369,Log(inv(T_bar_pose_height) @ T_bar_pose_height_run)
E2,ihawk2,marker_0,45.0,20260808_151001,5,-2.7805951536942133,-3.380158767700386,-0.9124991405841413,0.0033242397456706278,-0.0021885467953142723,0.024548733185414236,Log(inv(T_bar_pose_height) @ T_bar_pose_height_run)
E2,ihawk2,marker_0,45.0,20260808_162715,5,1.3761835883774571,-2.852471191071403,1.0653876316481388,0.0018584477736175301,-0.00737138919453322,0.004440378511167758,Log(inv(T_bar_pose_height) @ T_bar_pose_height_run)
E2,ihawk2,marker_1,45.0,20260808_131913,5,2.2659672463231786,-0.16759610573636197,-4.205822934045547,0.0005317454956377192,-0.003054519677161848,0.003067389583616769,Log(inv(T_bar_pose_height) @ T_bar_pose_height_run)
E2,ihawk2,marker_1,45.0,20260808_141232,5,-19.57914462694151,-1.6359286723600361,15.432953663684772,-0.014594895306729654,0.028243628553770196,-0.03677912233944806,Log(inv(T_bar_pose_height) @ T_bar_pose_height_run)
E2,ihawk2,marker_1,45.0,20260808_145501,5,7.195099302761913,0.80610766886797,-4.004875765595473,-0.000679247458681777,-0.005713363778353347,-0.0036324950126369565,Log(inv(T_bar_pose_height) @ T_bar_pose_height_run)
E2,ihawk2,marker_1,45.0,20260808_151001,5,3.423659487280759,1.7662598218166345,-4.7773510141985485,0.0028304503398181636,-0.010109617631977092,0.028190713435745324,Log(inv(T_bar_pose_height) @ T_bar_pose_height_run)
E2,ihawk2,marker_1,45.0,20260808_162715,5,6.694418590575993,-0.7688427125881675,-2.4449039498452856,0.011911946929947195,-0.00936612746623523,0.009153514332688423,Log(inv(T_bar_pose_height) @ T_bar_pose_height_run)
E2,ihawk2,marker_2,45.0,20260808_131913,5,-4.883394589364849,-1.3378763916536105,0.3484606924176688,-0.008569151440910146,0.006678959766518937,-0.004347401323916368,Log(inv(T_bar_pose_height) @ T_bar_pose_height_run)
E2,ihawk2,marker_2,45.0,20260808_141232,5,0.520530248783024,6.5469872630624915,-0.4086807938649167,0.0014650483741117032,-0.0129362438885328,-0.012379558246933077,Log(inv(T_bar_pose_height) @ T_bar_pose_height_run)
E2,ihawk2,marker_2,45.0,20260808_145501,5,-0.655426664526008,1.087727679693683,-0.11079935262427086,0.0028598069094531472,0.0040250850380687195,-0.011250778584781344,Log(inv(T_bar_pose_height) @ T_bar_pose_height_run)
E2,ihawk2,marker_2,45.0,20260808_151001,5,1.458261136152113,-3.522649109272416,0.790799608747256,-0.0006563619291110978,0.014233570490230354,0.023248548975468533,Log(inv(T_bar_pose_height) @ T_bar_pose_height_run)
E2,ihawk2,marker_2,45.0,20260808_162715,5,3.5600298689556826,-2.7741894418301793,-0.619780154675628,0.004900658086457138,-0.012001371406276242,0.004729189180144953,Log(inv(T_bar_pose_height) @ T_bar_pose_height_run)
E2,ihawk2,marker_3,45.0,20260808_131913,5,-2.029895697005697,-2.539016677585592,-2.178942692587391,-0.008516538457669809,0.005889023913788185,-0.004754937648035902,Log(inv(T_bar_pose_height) @ T_bar_pose_height_run)
E2,ihawk2,marker_3,45.0,20260808_141232,5,0.12720748499769616,4.730879397597862,0.43145795886792515,-0.00334049042540206,-0.006473279323321708,-0.014027664539761397,Log(inv(T_bar_pose_height) @ T_bar_pose_height_run)
E2,ihawk2,marker_3,45.0,20260808_145501,5,-2.3559013566694933,-0.16834982111253902,0.9564333676419507,0.0033578226948764197,0.010164586249871665,-0.01186106751794372,Log(inv(T_bar_pose_height) @ T_bar_pose_height_run)
E2,ihawk2,marker_3,45.0,20260808_151001,5,2.019808829421381,-0.04093573326787292,0.06790507440594423,0.0015588664651323561,-0.0005768427550860094,0.0262014788825161,Log(inv(T_bar_pose_height) @ T_bar_pose_height_run)
E2,ihawk2,marker_3,45.0,20260808_162715,5,2.238780739256378,-1.982577165631893,0.7231462916717036,0.0069403397230759604,-0.009003488085258943,0.00444219082323981,Log(inv(T_bar_pose_height) @ T_bar_pose_height_run)
E2,ihawk2,marker_4,45.0,20260808_131913,5,-3.912896782768352,-1.5680855027318479,-0.6426453876284335,0.002038952494861698,0.0003269956405901968,-0.004286166683790486,Log(inv(T_bar_pose_height) @ T_bar_pose_height_run)
E2,ihawk2,marker_4,45.0,20260808_141232,5,1.672920593343942,5.680994868182236,0.19398484154663256,-0.002281440801462346,0.00023805906933403785,-0.01262539886862146,Log(inv(T_bar_pose_height) @ T_bar_pose_height_run)
E2,ihawk2,marker_4,45.0,20260808_145501,5,0.5403091709076242,0.1918787315519622,-0.19749252704453807,0.0026081516417084815,0.003462229551423502,-0.01064179970341397,Log(inv(T_bar_pose_height) @ T_bar_pose_height_run)
E2,ihawk2,marker_4,45.0,20260808_151001,5,-0.7289282623035332,-1.9403065799995622,-0.009039379571087781,0.0010487945756659917,-0.0001926248118218821,0.023545035260696935,Log(inv(T_bar_pose_height) @ T_bar_pose_height_run)
E2,ihawk2,marker_4,45.0,20260808_162715,5,2.4285952808202103,-2.364481517002793,0.655192452697744,-0.003414457910771503,-0.003834659449525277,0.0040083299951185185,Log(inv(T_bar_pose_height) @ T_bar_pose_height_run)
E2,ihawk2,marker_0,50.0,20260808_131913,5,-1.3959998282651336,-1.5982680558985474,0.16175610715994537,-0.004960313993777352,-0.010472492330700842,-0.010764057033957714,Log(inv(T_bar_pose_height) @ T_bar_pose_height_run)
E2,ihawk2,marker_0,50.0,20260808_141232,5,3.52737908302961,4.81754609339596,0.34375308453334663,0.0021597673904344724,-0.005443515687117924,-0.005952254012036935,Log(inv(T_bar_pose_height) @ T_bar_pose_height_run)
E2,ihawk2,marker_0,50.0,20260808_145501,5,1.6562035109070397,0.13011073607773282,-0.439016478818172,-0.0029789797954482846,0.015190769745592957,-0.005344778915552258,Log(inv(T_bar_pose_height) @ T_bar_pose_height_run)
E2,ihawk2,marker_0,50.0,20260808_151001,5,-6.180502850309167,-2.8723066968476823,-0.3827263867781419,0.001340977013133377,0.008654142352546813,0.03249238241553699,Log(inv(T_bar_pose_height) @ T_bar_pose_height_run)
E2,ihawk2,marker_0,50.0,20260808_162715,5,2.392920084637425,-0.4770820767275496,0.31623367390302387,0.004438549385652319,-0.007928904080320822,-0.010431292453985407,Log(inv(T_bar_pose_height) @ T_bar_pose_height_run)
E2,ihawk2,marker_1,50.0,20260808_131913,5,-2.4079965329720605,-3.086355088000753,1.205395628626412,0.00029707233478897633,-0.009638420404595963,-0.00741647377632796,Log(inv(T_bar_pose_height) @ T_bar_pose_height_run)
E2,ihawk2,marker_1,50.0,20260808_141232,5,2.8931370326169783,3.544098613592011,1.1422113942268115,-0.0021506068239935364,-0.007271664653370955,-0.010665938795091477,Log(inv(T_bar_pose_height) @ T_bar_pose_height_run)
E2,ihawk2,marker_1,50.0,20260808_145501,5,3.320805149673496,0.024219429193030103,-1.8370984615189045,6.012403236069858e-06,0.005980692379806275,-0.006487894601348867,Log(inv(T_bar_pose_height) @ T_bar_pose_height_run)
E2,ihawk2,marker_1,50.0,20260808_151001,5,-6.898809017195403,1.2307797187644374,-0.17734752444378377,-0.0012315929826270068,0.005948499220326588,0.03792588323952276,Log(inv(T_bar_pose_height) @ T_bar_pose_height_run)
E2,ihawk2,marker_1,50.0,20260808_162715,5,3.09286336787706,-1.7127426735486493,-0.33316103689041743,0.003079115068596738,0.004980893457867183,-0.013355576066714484,Log(inv(T_bar_pose_height) @ T_bar_pose_height_run)
E2,ihawk2,marker_2,50.0,20260808_131913,5,-3.0477545008990568,-2.0090018491063173,-0.23713942393295603,-0.004965126010768458,-0.0036745047759826725,-0.009141760262758493,Log(inv(T_bar_pose_height) @ T_bar_pose_height_run)
E2,ihawk2,marker_2,50.0,20260808_141232,5,1.2502074243946322,4.975078844267397,0.9946222515955521,0.004667359364783055,-0.009030254279338313,-0.0073236234092785525,Log(inv(T_bar_pose_height) @ T_bar_pose_height_run)
E2,ihawk2,marker_2,50.0,20260808_145501,5,0.6557447030359409,0.3104785325299208,-0.12966912046504742,-0.004018874110163645,0.01042525917404244,-0.005552775041342711,Log(inv(T_bar_pose_height) @ T_bar_pose_height_run)
E2,ihawk2,marker_2,50.0,20260808_151001,5,0.9552860224019691,-2.832294481721626,-0.38887220048178833,0.0004471426163077357,0.011380204434597158,0.03256021476933092,Log(inv(T_bar_pose_height) @ T_bar_pose_height_run)
E2,ihawk2,marker_2,50.0,20260808_162715,5,0.18651635106667164,-0.4442610459694113,-0.2389415067159647,0.0038694981398460252,-0.009100704553334742,-0.010542056055952502,Log(inv(T_bar_pose_height) @ T_bar_pose_height_run)
E2,ihawk2,marker_3,50.0,20260808_131913,5,-3.9898211521984637,-2.9645581966496337,0.825678592015662,-0.016421851263958606,0.00410516550930971,-0.013691132600420505,Log(inv(T_bar_pose_height) @ T_bar_pose_height_run)
E2,ihawk2,marker_3,50.0,20260808_141232,5,0.7326344290386644,3.795759899931292,1.5180273946044878,0.005854698518520756,-0.006237944074519158,-0.006450111427575347,Log(inv(T_bar_pose_height) @ T_bar_pose_height_run)
E2,ihawk2,marker_3,50.0,20260808_145501,5,1.561658319330169,-0.4907783822849391,-1.190076480782317,0.003286024420786127,0.005932333965178461,-0.0032096459326028622,Log(inv(T_bar_pose_height) @ T_bar_pose_height_run)
E2,ihawk2,marker_3,50.0,20260808_151001,5,1.0086705351984357,1.567529911420741,-0.736453992070003,0.006775644028305823,-0.0015934804237684379,0.03161666255240806,Log(inv(T_bar_pose_height) @ T_bar_pose_height_run)
E2,ihawk2,marker_3,50.0,20260808_162715,5,0.6868578686313694,-1.9079532324174944,-0.4171755137678744,0.0005054842963448358,-0.002206074976202319,-0.008265772591817749,Log(inv(T_bar_pose_height) @ T_bar_pose_height_run)
E2,ihawk2,marker_4,50.0,20260808_131913,5,-3.0582642546301044,-2.4799443501001637,0.6211378160564729,0.0029260399967338587,-0.00047202041918174663,-0.006713145372523388,Log(inv(T_bar_pose_height) @ T_bar_pose_height_run)
E2,ihawk2,marker_4,50.0,20260808_141232,5,3.813886375450906,4.426388977641175,-0.11553819596262004,-0.0006374213418312725,-0.005037673924533006,-0.010472744262971448,Log(inv(T_bar_pose_height) @ T_bar_pose_height_run)
E2,ihawk2,marker_4,50.0,20260808_145501,5,0.5872104649741172,-0.1487602918800301,0.0260711629456605,0.001883907393420444,0.006625168713605367,-0.005552591032336428,Log(inv(T_bar_pose_height) @ T_bar_pose_height_run)
E2,ihawk2,marker_4,50.0,20260808_151001,5,-2.067222186345826,-0.6367542599293446,-1.135508632495671,0.0010468422364762603,-0.0017421350653977845,0.03131084984916526,Log(inv(T_bar_pose_height) @ T_bar_pose_height_run)
E2,ihawk2,marker_4,50.0,20260808_162715,5,0.7243896005508718,-1.1609300757316299,0.6038378494560461,-0.005219368284803117,0.0006266606954935149,-0.008572369181346594,Log(inv(T_bar_pose_height) @ T_bar_pose_height_run)
